AccusedMasterID,CaseMasterID,AccusedName,AgeYear,GenderID,PersonID,_RepeatOffenderTag_forValidationOnly
1,1,Radha Naidu,53,F,A1,
2,2,Harish Naidu,21,M,A1,
3,3,Yogesh Kumar,45,M,A1,REPEAT-050
4,4,Rekha Bhat,43,F,A1,REPEAT-047
5,5,Anil Patil,33,M,A1,
6,6,Naveen Setty,33,M,A1,REPEAT-036
7,6,Ramesh Poojary,18,M,A2,
8,7,Manjunath Bhat,33,M,A1,REPEAT-030
9,7,Chaya Naik,41,F,A2,
10,7,Manjunath Poojary,46,M,A3,
11,8,Kumar Hegde,35,M,A1,
12,9,Basavaraj Reddy,42,M,A1,REPEAT-031
13,10,Mahesh Shetty,37,M,A1,REPEAT-022
14,11,Basavaraj Kumar,47,M,A1,
15,11,Girish Naik,53,M,A2,
16,12,Naveen Reddy,21,M,A1,
17,13,Basavaraj Iyer,55,M,A1,
18,14,Mahesh Patil,30,M,A1,
19,15,Kumar Shetty,42,M,A1,
20,15,Lakshmi Rao,52,F,A2,
21,16,Shwetha Naik,34,F,A1,
22,16,Suresh Poojary,30,M,A2,
23,17,Deepa Naidu,44,F,A1,
24,18,Anita Shetty,28,F,A1,REPEAT-019
25,18,Raghu Setty,30,M,A2,
26,19,Prakash Iyer,25,M,A1,
27,20,Kumar Iyer,20,M,A1,REPEAT-038
28,20,Kumar Reddy,33,M,A2,
29,21,Vidya Kumar,46,F,A1,
30,22,Basavaraj Shetty,40,M,A1,REPEAT-023
31,22,Harish Bhat,30,M,A2,
32,23,Suresh Achar,48,M,A1,
33,24,Anita Shetty,28,F,A1,REPEAT-019
34,25,Prakash Bhat,20,M,A1,
35,26,Harish Hegde,51,M,A1,
36,27,Mahesh Shetty,37,M,A1,REPEAT-022
37,27,Harish Bhat,40,M,A2,
38,28,Manjunath Setty,19,M,A1,
39,29,Ravi Achar,21,M,A1,
40,30,Ravi Naik,26,M,A1,
41,30,Basavaraj Bhat,46,M,A2,
42,30,Basavaraj Shetty,30,M,A3,
43,31,Manjunath Achar,19,M,A1,
44,32,Santosh Kumar,41,M,A1,
45,33,Vijay Kumar,52,M,A1,
46,33,Srinivas Reddy,37,M,A2,
47,33,Radha Patil,30,F,A3,
48,34,Vidya Naik,36,F,A1,
49,35,Raghu Naik,33,M,A1,
50,36,Manjunath Bhat,32,M,A1,REPEAT-030
51,36,Naveen Achar,20,M,A2,
52,37,Raghu Bhat,24,M,A1,
53,37,Shwetha Achar,23,F,A2,
54,38,Bhagya Achar,49,F,A1,
55,39,Kumar Iyer,36,M,A1,
56,40,Harish Poojary,33,M,A1,
57,41,Priya Naidu,40,F,A1,
58,41,Ganesh Setty,26,M,A2,
59,41,Naveen Bhat,41,M,A3,
60,42,Roopa Hegde,55,F,A1,
61,42,Girish Shetty,29,M,A2,
62,43,Raghu Murthy,34,M,A1,
63,43,Vijay Shetty,22,M,A2,
64,44,Santosh Achar,23,M,A1,
65,44,Basavaraj Naik,55,M,A2,
66,45,Sunita Reddy,44,F,A1,
67,46,Shwetha Bhat,45,F,A1,
68,47,Santosh Gowda,38,M,A1,
69,48,Savitha Murthy,47,F,A1,
70,49,Shivaraj Gowda,48,M,A1,
71,49,Srinivas Naidu,43,M,A2,
72,50,Raghu Hegde,41,M,A1,REPEAT-045
73,50,Ganesh Patil,24,M,A2,
74,51,Lakshmi Bhat,36,F,A1,
75,52,Shivaraj Patil,18,M,A1,
76,52,Deepa Achar,47,F,A2,
77,52,Mahesh Reddy,51,M,A3,
78,53,Mahesh Hegde,42,M,A1,
79,54,Suresh Setty,18,M,A1,
80,54,Girish Setty,31,M,A2,
81,54,Santosh Iyer,39,M,A3,
82,55,Srinivas Iyer,20,M,A1,
83,56,Naveen Reddy,55,M,A1,
84,57,Yogesh Naidu,37,M,A1,
85,57,Srinivas Poojary,24,M,A2,
86,58,Girish Gowda,49,M,A1,
87,59,Ramesh Gowda,37,M,A1,
88,59,Nandini Hegde,28,F,A2,
89,60,Basavaraj Hegde,41,M,A1,
90,61,Ravi Kumar,37,M,A1,
91,62,Ravi Naik,28,M,A1,
92,63,Suresh Bhat,30,M,A1,
93,64,Harish Poojary,50,M,A1,
94,65,Ramesh Iyer,18,M,A1,
95,66,Suresh Bhat,46,M,A1,
96,66,Priya Gowda,41,F,A2,
97,67,Shwetha Kumar,46,F,A1,
98,68,Radha Reddy,45,F,A1,REPEAT-055
99,69,Priya Naik,19,F,A1,
100,69,Kavya Hegde,34,F,A2,
101,70,Manjunath Shetty,32,M,A1,
102,70,Suresh Achar,19,M,A2,
103,71,Santosh Reddy,27,M,A1,
104,71,Ramesh Poojary,18,M,A2,
105,71,Deepa Shetty,45,F,A3,
106,72,Srinivas Murthy,21,M,A1,
107,73,Naveen Shetty,37,M,A1,
108,73,Chaya Reddy,20,F,A2,
109,74,Pooja Setty,21,F,A1,
110,75,Chaya Setty,32,F,A1,
111,76,Yogesh Naidu,24,M,A1,REPEAT-001
112,77,Raghu Setty,34,M,A1,
113,77,Manjunath Murthy,24,M,A2,
114,78,Naveen Murthy,43,M,A1,REPEAT-002
115,78,Yogesh Kumar,43,M,A2,
116,79,Anita Shetty,29,F,A1,REPEAT-019
117,80,Manjunath Setty,44,M,A1,REPEAT-016
118,81,Kavya Naidu,18,F,A1,
119,82,Bhagya Bhat,27,F,A1,
120,82,Srinivas Shetty,29,M,A2,
121,83,Vidya Rao,34,F,A1,
122,84,Harish Achar,55,M,A1,
123,84,Manjula Rao,21,F,A2,
124,85,Kavya Murthy,22,F,A1,
125,85,Basavaraj Achar,24,M,A2,
126,86,Naveen Naik,25,M,A1,
127,87,Nagaraj Setty,46,M,A1,REPEAT-003
128,88,Harish Bhat,55,M,A1,
129,89,Srinivas Naidu,37,M,A1,REPEAT-049
130,90,Srinivas Naidu,37,M,A1,REPEAT-049
131,90,Priya Setty,40,F,A2,
132,91,Naveen Murthy,44,M,A1,REPEAT-002
133,91,Nandini Poojary,25,F,A2,
134,92,Santosh Achar,19,M,A1,
135,93,Sunita Kumar,20,F,A1,
136,94,Srinivas Shetty,26,M,A1,
137,94,Anil Patil,44,M,A2,
138,95,Suresh Kumar,32,M,A1,
139,96,Harish Setty,20,M,A1,
140,97,Kavya Kumar,54,F,A1,
141,97,Vidya Patil,41,F,A2,
142,98,Santosh Patil,35,M,A1,
143,99,Radha Reddy,44,F,A1,REPEAT-055
144,100,Harish Bhat,19,M,A1,
145,100,Deepa Hegde,32,F,A2,
146,101,Shivaraj Murthy,26,M,A1,
147,102,Naveen Poojary,50,M,A1,
148,102,Harish Naik,31,M,A2,
149,102,Ramesh Bhat,25,M,A3,
150,103,Vijay Shetty,21,M,A1,REPEAT-007
151,103,Shivaraj Gowda,31,M,A2,
152,104,Girish Naidu,31,M,A1,
153,105,Suresh Naik,38,M,A1,REPEAT-042
154,105,Nagaraj Iyer,30,M,A2,
155,106,Naveen Murthy,44,M,A1,REPEAT-002
156,106,Nagaraj Patil,33,M,A2,
157,107,Bhagya Bhat,19,F,A1,
158,108,Priya Reddy,23,F,A1,
159,109,Raghu Achar,33,M,A1,
160,109,Anil Achar,50,M,A2,
161,110,Suresh Poojary,40,M,A1,
162,111,Ravi Rao,32,M,A1,
163,112,Ravi Setty,53,M,A1,
164,112,Srinivas Poojary,29,M,A2,
165,113,Vijay Naik,46,M,A1,
166,113,Anita Reddy,42,F,A2,
167,114,Harish Gowda,48,M,A1,
168,115,Mahesh Shetty,37,M,A1,REPEAT-022
169,116,Girish Naik,36,M,A1,
170,117,Nagaraj Iyer,55,M,A1,
171,118,Geeta Shetty,28,F,A1,
172,118,Basavaraj Kumar,51,M,A2,
173,119,Nagaraj Naidu,37,M,A1,REPEAT-035
174,119,Yogesh Bhat,42,M,A2,
175,119,Ganesh Patil,49,M,A3,
176,120,Chaya Gowda,53,F,A1,
177,121,Priya Bhat,33,F,A1,
178,122,Santosh Gowda,45,M,A1,
179,122,Manjula Rao,42,F,A2,
180,122,Roopa Poojary,31,F,A3,
181,123,Naveen Achar,22,M,A1,
182,124,Harish Reddy,29,M,A1,
183,125,Basavaraj Naidu,39,M,A1,
184,126,Mahesh Shetty,37,M,A1,REPEAT-022
185,126,Prakash Murthy,33,M,A2,
186,127,Kumar Poojary,41,M,A1,
187,127,Manjunath Bhat,36,M,A2,
188,127,Pooja Bhat,42,F,A3,
189,128,Anil Naidu,28,M,A1,
190,129,Srinivas Naik,22,M,A1,
191,129,Girish Bhat,25,M,A2,
192,130,Sowmya Poojary,33,F,A1,
193,130,Harish Setty,28,M,A2,
194,130,Anil Shetty,51,M,A3,
195,131,Deepa Poojary,35,F,A1,
196,132,Kumar Murthy,45,M,A1,
197,133,Manjunath Bhat,33,M,A1,REPEAT-030
198,134,Girish Setty,30,M,A1,
199,135,Ganesh Hegde,31,M,A1,
200,136,Shobha Iyer,51,F,A1,
201,137,Vijay Poojary,20,M,A1,
202,138,Mahesh Patil,49,M,A1,
203,139,Priya Setty,28,F,A1,
204,139,Naveen Iyer,35,M,A2,
205,139,Shivaraj Poojary,29,M,A3,
206,140,Yogesh Hegde,30,M,A1,
207,141,Harish Achar,45,M,A1,REPEAT-057
208,141,Harish Rao,35,M,A2,
209,142,Mahesh Hegde,35,M,A1,
210,143,Manjunath Murthy,31,M,A1,
211,143,Shobha Shetty,40,F,A2,
212,144,Anita Poojary,31,F,A1,
213,145,Raghu Naidu,30,M,A1,
214,146,Santosh Achar,55,M,A1,
215,147,Ravi Naik,41,M,A1,REPEAT-008
216,148,Srinivas Hegde,32,M,A1,REPEAT-046
217,148,Manjula Reddy,24,F,A2,
218,148,Srinivas Rao,30,M,A3,
219,149,Manjula Gowda,40,F,A1,
220,149,Kumar Iyer,20,M,A2,
221,149,Sowmya Poojary,45,F,A3,
222,150,Savitha Kumar,48,F,A1,
223,150,Harish Patil,30,M,A2,
224,151,Sunita Murthy,44,F,A1,
225,151,Nagaraj Reddy,46,M,A2,
226,152,Yogesh Poojary,41,M,A1,
227,152,Yogesh Gowda,47,M,A2,
228,152,Suresh Gowda,24,M,A3,
229,153,Prakash Murthy,39,M,A1,
230,153,Mahesh Iyer,40,M,A2,
231,154,Shivaraj Kumar,35,M,A1,
232,154,Ganesh Reddy,29,M,A2,
233,155,Harish Achar,45,M,A1,REPEAT-057
234,156,Nandini Kumar,42,F,A1,REPEAT-012
235,156,Priya Murthy,35,F,A2,
236,157,Shivaraj Kumar,29,M,A1,REPEAT-024
237,157,Kavya Poojary,55,F,A2,
238,158,Anita Shetty,28,F,A1,REPEAT-019
239,158,Radha Shetty,23,F,A2,
240,159,Naveen Murthy,44,M,A1,REPEAT-002
241,160,Basavaraj Kumar,52,M,A1,
242,160,Naveen Naidu,28,M,A2,
243,161,Prakash Poojary,33,M,A1,
244,161,Ravi Gowda,48,M,A2,
245,161,Bhagya Shetty,31,F,A3,
246,162,Shwetha Iyer,38,F,A1,
247,162,Harish Naidu,49,M,A2,
248,162,Raghu Murthy,48,M,A3,
249,163,Srinivas Iyer,42,M,A1,
250,163,Ganesh Poojary,48,M,A2,
251,164,Prakash Reddy,42,M,A1,
252,165,Ramesh Achar,46,M,A1,
253,165,Manjunath Gowda,52,M,A2,
254,166,Rekha Hegde,45,F,A1,
255,167,Manjunath Achar,52,M,A1,
256,167,Priya Murthy,32,F,A2,
257,167,Pooja Achar,38,F,A3,
258,168,Mahesh Reddy,33,M,A1,
259,169,Kavya Setty,35,F,A1,
260,170,Harish Setty,28,M,A1,
261,170,Bhagya Setty,26,F,A2,
262,171,Yogesh Naidu,24,M,A1,REPEAT-001
263,172,Kumar Iyer,20,M,A1,REPEAT-038
264,172,Ravi Naik,29,M,A2,
265,173,Pooja Kumar,29,F,A1,
266,173,Ganesh Iyer,37,M,A2,
267,174,Santosh Bhat,27,M,A1,
268,174,Vijay Naidu,24,M,A2,
269,174,Rekha Rao,31,F,A3,
270,175,Ravi Reddy,55,M,A1,
271,175,Basavaraj Naidu,53,M,A2,
272,176,Geeta Iyer,34,F,A1,
273,176,Girish Kumar,49,M,A2,
274,177,Roopa Patil,50,F,A1,
275,178,Sunita Achar,34,F,A1,
276,178,Vijay Poojary,47,M,A2,
277,178,Nandini Naik,26,F,A3,
278,179,Suresh Naik,38,M,A1,REPEAT-042
279,180,Srinivas Reddy,31,M,A1,
280,180,Geeta Gowda,32,F,A2,
281,181,Yogesh Bhat,42,M,A1,
282,182,Suresh Naik,40,M,A1,
283,182,Priya Achar,26,F,A2,
284,182,Naveen Naik,47,M,A3,
285,183,Anil Naidu,20,M,A1,
286,184,Radha Reddy,44,F,A1,
287,184,Vijay Setty,47,M,A2,
288,185,Shobha Achar,53,F,A1,
289,185,Geeta Naidu,54,F,A2,
290,186,Mahesh Murthy,51,M,A1,
291,187,Santosh Gowda,18,M,A1,
292,188,Ravi Gowda,49,M,A1,
293,189,Prakash Setty,43,M,A1,
294,189,Suresh Poojary,23,M,A2,
295,190,Anil Naidu,19,M,A1,
296,191,Vijay Setty,39,M,A1,
297,192,Harish Naik,31,M,A1,
298,193,Manjunath Reddy,27,M,A1,
299,193,Deepa Kumar,54,F,A2,
300,194,Priya Patil,27,F,A1,
301,194,Naveen Rao,33,M,A2,
302,194,Nagaraj Naidu,33,M,A3,
303,195,Savitha Gowda,36,F,A1,
304,196,Basavaraj Kumar,42,M,A1,
305,197,Kumar Setty,37,M,A1,REPEAT-043
306,198,Ramesh Murthy,51,M,A1,
307,199,Harish Rao,42,M,A1,
308,200,Harish Reddy,50,M,A1,
309,201,Bhagya Hegde,41,F,A1,
310,202,Basavaraj Naidu,22,M,A1,
311,203,Sowmya Rao,33,F,A1,
312,204,Ravi Rao,51,M,A1,
313,204,Kumar Reddy,36,M,A2,
314,204,Suresh Naidu,46,M,A3,
315,205,Srinivas Gowda,37,M,A1,
316,206,Naveen Kumar,39,M,A1,
317,207,Harish Achar,45,M,A1,REPEAT-057
318,207,Ramesh Achar,28,M,A2,
319,208,Shobha Achar,48,F,A1,
320,209,Manjunath Naidu,26,M,A1,
321,210,Kavya Iyer,38,F,A1,
322,211,Radha Shetty,21,F,A1,
323,211,Suresh Achar,20,M,A2,
324,211,Srinivas Achar,28,M,A3,
325,212,Sowmya Bhat,23,F,A1,
326,212,Priya Bhat,43,F,A2,
327,213,Vidya Naik,42,F,A1,
328,213,Girish Iyer,45,M,A2,
329,214,Naveen Setty,21,M,A1,
330,214,Lakshmi Naidu,36,F,A2,
331,214,Girish Rao,20,M,A3,
332,215,Suresh Reddy,36,M,A1,
333,216,Manjula Iyer,43,F,A1,
334,217,Lakshmi Murthy,44,F,A1,REPEAT-044
335,218,Raghu Naik,34,M,A1,
336,219,Anita Shetty,29,F,A1,REPEAT-019
337,219,Ramesh Poojary,46,M,A2,
338,220,Kavya Naidu,45,F,A1,
339,220,Manjula Setty,48,F,A2,
340,221,Chaya Shetty,19,F,A1,
341,222,Roopa Poojary,20,F,A1,
342,222,Geeta Rao,18,F,A2,
343,223,Nagaraj Setty,45,M,A1,REPEAT-003
344,224,Sowmya Naidu,45,F,A1,
345,225,Santosh Iyer,25,M,A1,
346,226,Manjunath Achar,22,M,A1,
347,226,Savitha Patil,49,F,A2,
348,227,Kavya Iyer,37,F,A1,
349,228,Naveen Hegde,45,M,A1,
350,228,Raghu Naidu,53,M,A2,
351,229,Santosh Rao,23,M,A1,
352,230,Anil Bhat,42,M,A1,REPEAT-054
353,230,Prakash Naidu,26,M,A2,
354,231,Manjunath Bhat,32,M,A1,REPEAT-030
355,232,Chaya Kumar,45,F,A1,
356,233,Geeta Rao,25,F,A1,
357,234,Mahesh Gowda,42,M,A1,
358,235,Shobha Hegde,45,F,A1,
359,236,Vijay Achar,29,M,A1,
360,237,Kumar Murthy,35,M,A1,
361,238,Shwetha Iyer,54,F,A1,
362,238,Kumar Gowda,21,M,A2,
363,238,Ganesh Gowda,40,M,A3,
364,239,Anita Achar,24,F,A1,
365,240,Mahesh Shetty,20,M,A1,
366,240,Mahesh Naik,32,M,A2,
367,240,Raghu Poojary,48,M,A3,
368,241,Ramesh Naik,45,M,A1,
369,242,Roopa Poojary,47,F,A1,
370,243,Santosh Reddy,32,M,A1,
371,244,Prakash Gowda,45,M,A1,
372,245,Naveen Shetty,34,M,A1,
373,245,Sowmya Murthy,54,F,A2,
374,246,Srinivas Setty,43,M,A1,
375,247,Anil Hegde,42,M,A1,
376,247,Nagaraj Shetty,42,M,A2,
377,247,Yogesh Patil,55,M,A3,
378,248,Ganesh Murthy,47,M,A1,
379,249,Manjula Shetty,46,F,A1,
380,250,Raghu Iyer,23,M,A1,
381,250,Girish Poojary,54,M,A2,
382,251,Kavya Hegde,51,F,A1,
383,252,Manjunath Naidu,36,M,A1,
384,253,Ramesh Naidu,25,M,A1,
385,254,Suresh Hegde,46,M,A1,
386,255,Raghu Reddy,37,M,A1,
387,255,Lakshmi Achar,39,F,A2,
388,256,Nagaraj Setty,45,M,A1,REPEAT-003
389,256,Girish Reddy,19,M,A2,
390,257,Sowmya Setty,55,F,A1,
391,258,Kumar Shetty,55,M,A1,
392,259,Anita Rao,54,F,A1,
393,259,Naveen Shetty,55,M,A2,
394,260,Roopa Kumar,23,F,A1,
395,261,Geeta Gowda,50,F,A1,
396,261,Sowmya Poojary,21,F,A2,
397,261,Lakshmi Reddy,24,F,A3,
398,262,Anita Naidu,47,F,A1,
399,262,Mahesh Kumar,41,M,A2,
400,263,Ramesh Poojary,49,M,A1,
401,264,Mahesh Shetty,38,M,A1,REPEAT-022
402,265,Anil Shetty,44,M,A1,
403,266,Girish Iyer,41,M,A1,
404,267,Suresh Bhat,27,M,A1,
405,267,Nagaraj Gowda,24,M,A2,
406,267,Girish Hegde,46,M,A3,
407,268,Mahesh Naidu,51,M,A1,
408,269,Kumar Patil,34,M,A1,
409,270,Ramesh Kumar,43,M,A1,
410,271,Basavaraj Poojary,55,M,A1,
411,271,Ravi Naidu,35,M,A2,
412,271,Bhagya Murthy,32,F,A3,
413,272,Nandini Kumar,42,F,A1,REPEAT-012
414,272,Girish Naidu,46,M,A2,
415,273,Anita Shetty,28,F,A1,REPEAT-019
416,273,Geeta Murthy,45,F,A2,
417,274,Nagaraj Setty,46,M,A1,REPEAT-003
418,275,Santosh Kumar,53,M,A1,
419,275,Lakshmi Poojary,29,F,A2,
420,276,Anil Gowda,20,M,A1,REPEAT-052
421,277,Harish Achar,24,M,A1,
422,277,Anita Iyer,46,F,A2,
423,278,Ramesh Naik,24,M,A1,
424,279,Chaya Murthy,22,F,A1,
425,279,Prakash Shetty,33,M,A2,
426,280,Harish Achar,45,M,A1,REPEAT-057
427,280,Suresh Rao,55,M,A2,
428,281,Geeta Murthy,44,F,A1,
429,282,Harish Achar,45,M,A1,REPEAT-057
430,283,Basavaraj Gowda,44,M,A1,
431,283,Girish Gowda,24,M,A2,
432,284,Yogesh Kumar,45,M,A1,REPEAT-050
433,284,Lakshmi Bhat,46,F,A2,
434,285,Srinivas Naidu,37,M,A1,REPEAT-049
435,286,Anita Patil,25,F,A1,REPEAT-014
436,287,Mahesh Kumar,54,M,A1,
437,288,Deepa Rao,29,F,A1,
438,288,Kumar Naidu,33,M,A2,
439,289,Kumar Naik,51,M,A1,
440,290,Nandini Iyer,36,F,A1,
441,291,Raghu Murthy,43,M,A1,
442,291,Shivaraj Poojary,37,M,A2,
443,292,Deepa Murthy,37,F,A1,
444,292,Chaya Naik,23,F,A2,
445,293,Srinivas Naidu,37,M,A1,REPEAT-049
446,294,Yogesh Naidu,24,M,A1,REPEAT-001
447,294,Pooja Poojary,49,F,A2,
448,295,Harish Naidu,37,M,A1,REPEAT-015
449,295,Shwetha Hegde,49,F,A2,
450,295,Manjunath Naik,43,M,A3,
451,296,Harish Bhat,35,M,A1,
452,297,Mahesh Murthy,23,M,A1,REPEAT-033
453,297,Nandini Bhat,53,F,A2,
454,298,Shivaraj Kumar,30,M,A1,REPEAT-024
455,299,Anil Hegde,28,M,A1,
456,300,Savitha Achar,43,F,A1,
457,300,Radha Setty,45,F,A2,
458,301,Santosh Poojary,25,M,A1,
459,302,Radha Reddy,44,F,A1,REPEAT-055
460,302,Anil Hegde,18,M,A2,
461,303,Girish Naidu,20,M,A1,
462,304,Prakash Naidu,29,M,A1,
463,304,Sowmya Poojary,26,F,A2,
464,305,Shobha Shetty,31,F,A1,REPEAT-017
465,306,Manjunath Kumar,51,M,A1,
466,307,Nagaraj Iyer,54,M,A1,
467,307,Ravi Hegde,42,M,A2,
468,308,Mahesh Kumar,36,M,A1,
469,309,Anita Poojary,30,F,A1,
470,310,Basavaraj Setty,37,M,A1,
471,311,Shivaraj Kumar,49,M,A1,
472,312,Savitha Murthy,27,F,A1,
473,313,Mahesh Patil,27,M,A1,
474,314,Kumar Gowda,36,M,A1,
475,315,Basavaraj Naidu,27,M,A1,
476,316,Mahesh Hegde,39,M,A1,
477,317,Santosh Setty,23,M,A1,
478,317,Manjunath Setty,23,M,A2,
479,317,Geeta Rao,30,F,A3,
480,318,Shwetha Gowda,34,F,A1,
481,319,Naveen Rao,43,M,A1,
482,320,Shivaraj Setty,47,M,A1,
483,321,Shivaraj Kumar,44,M,A1,
484,322,Kumar Poojary,49,M,A1,
485,323,Shivaraj Reddy,32,M,A1,
486,324,Manjunath Murthy,26,M,A1,REPEAT-025
487,324,Shivaraj Gowda,36,M,A2,
488,324,Prakash Hegde,20,M,A3,
489,325,Anil Bhat,34,M,A1,REPEAT-005
490,326,Nagaraj Setty,46,M,A1,REPEAT-003
491,327,Naveen Murthy,46,M,A1,
492,328,Anita Naik,23,F,A1,
493,329,Srinivas Patil,46,M,A1,
494,329,Nagaraj Murthy,51,M,A2,
495,330,Sowmya Naidu,31,F,A1,
496,331,Anil Murthy,52,M,A1,
497,331,Sowmya Shetty,30,F,A2,
498,332,Nagaraj Patil,30,M,A1,
499,333,Srinivas Naik,50,M,A1,
500,334,Ravi Murthy,29,M,A1,
501,334,Sowmya Murthy,21,F,A2,
502,335,Nagaraj Reddy,28,M,A1,
503,336,Chaya Patil,40,F,A1,
504,337,Nagaraj Murthy,22,M,A1,
505,337,Girish Gowda,41,M,A2,
506,338,Kumar Reddy,43,M,A1,
507,339,Mahesh Bhat,34,M,A1,
508,340,Priya Naik,47,F,A1,
509,340,Mahesh Murthy,53,M,A2,
510,341,Ramesh Reddy,30,M,A1,
511,341,Yogesh Kumar,32,M,A2,
512,342,Kumar Patil,35,M,A1,
513,342,Sunita Poojary,37,F,A2,
514,343,Chaya Gowda,33,F,A1,
515,344,Srinivas Poojary,46,M,A1,
516,345,Mahesh Naik,52,M,A1,
517,346,Prakash Rao,22,M,A1,
518,347,Suresh Naidu,26,M,A1,
519,347,Basavaraj Poojary,23,M,A2,
520,347,Priya Kumar,47,F,A3,
521,348,Raghu Kumar,39,M,A1,
522,349,Priya Murthy,24,F,A1,REPEAT-010
523,350,Suresh Bhat,49,M,A1,
524,351,Santosh Naik,50,M,A1,
525,352,Roopa Hegde,27,F,A1,
526,353,Ganesh Hegde,48,M,A1,
527,354,Kumar Gowda,51,M,A1,
528,354,Prakash Setty,48,M,A2,
529,354,Shobha Hegde,21,F,A3,
530,355,Santosh Patil,50,M,A1,
531,356,Ravi Shetty,30,M,A1,
532,357,Ramesh Gowda,33,M,A1,
533,358,Mahesh Kumar,36,M,A1,
534,359,Nagaraj Gowda,37,M,A1,
535,360,Kavya Patil,40,F,A1,
536,361,Raghu Kumar,31,M,A1,
537,361,Shivaraj Shetty,30,M,A2,
538,362,Radha Poojary,36,F,A1,
539,362,Harish Iyer,43,M,A2,
540,363,Savitha Reddy,47,F,A1,
541,363,Srinivas Gowda,40,M,A2,
542,364,Shivaraj Setty,31,M,A1,
543,365,Mahesh Kumar,39,M,A1,
544,366,Nandini Kumar,42,F,A1,REPEAT-012
545,367,Harish Shetty,41,M,A1,
546,367,Naveen Bhat,54,M,A2,
547,368,Yogesh Bhat,46,M,A1,
548,369,Rekha Reddy,19,F,A1,
549,370,Srinivas Achar,34,M,A1,
550,370,Anil Bhat,33,M,A2,
551,370,Prakash Bhat,18,M,A3,
552,371,Mahesh Gowda,49,M,A1,
553,372,Shwetha Setty,43,F,A1,
554,373,Roopa Reddy,49,F,A1,
555,373,Prakash Patil,23,M,A2,
556,374,Lakshmi Murthy,44,F,A1,REPEAT-044
557,374,Manjunath Shetty,33,M,A2,
558,375,Lakshmi Murthy,44,F,A1,REPEAT-044
559,375,Ravi Naik,46,M,A2,
560,376,Nagaraj Patil,27,M,A1,
561,377,Yogesh Patil,55,M,A1,
562,377,Harish Shetty,50,M,A2,
563,378,Yogesh Achar,21,M,A1,
564,379,Kavya Shetty,23,F,A1,
565,380,Mahesh Achar,23,M,A1,
566,381,Shivaraj Kumar,30,M,A1,REPEAT-024
567,382,Shivaraj Patil,40,M,A1,
568,382,Suresh Rao,19,M,A2,
569,382,Ravi Reddy,27,M,A3,
570,383,Basavaraj Naidu,25,M,A1,
571,383,Ganesh Gowda,37,M,A2,
572,384,Ganesh Gowda,21,M,A1,REPEAT-020
573,385,Manjunath Poojary,34,M,A1,REPEAT-004
574,385,Manjunath Reddy,39,M,A2,
575,386,Naveen Patil,46,M,A1,
576,387,Nagaraj Achar,20,M,A1,
577,388,Srinivas Naik,23,M,A1,
578,388,Vijay Naidu,37,M,A2,
579,389,Kumar Setty,54,M,A1,
580,390,Mahesh Naidu,52,M,A1,
581,391,Harish Patil,39,M,A1,REPEAT-053
582,392,Basavaraj Reddy,42,M,A1,REPEAT-031
583,392,Roopa Iyer,33,F,A2,
584,393,Shivaraj Bhat,28,M,A1,
585,394,Naveen Murthy,43,M,A1,REPEAT-002
586,394,Ravi Murthy,39,M,A2,
587,394,Vidya Murthy,19,F,A3,
588,395,Anita Achar,53,F,A1,
589,396,Basavaraj Naik,20,M,A1,
590,397,Nagaraj Achar,44,M,A1,
591,397,Anita Kumar,28,F,A2,
592,397,Manjula Kumar,32,F,A3,
593,398,Manjula Setty,40,F,A1,
594,399,Naveen Murthy,43,M,A1,REPEAT-002
595,400,Kumar Kumar,52,M,A1,
596,401,Lakshmi Murthy,45,F,A1,REPEAT-044
597,401,Pooja Patil,26,F,A2,
598,401,Girish Hegde,24,M,A3,
599,402,Ramesh Reddy,32,M,A1,
600,403,Santosh Iyer,37,M,A1,
601,404,Anita Patil,53,F,A1,
602,405,Mahesh Murthy,23,M,A1,REPEAT-033
603,406,Harish Patil,29,M,A1,
604,407,Nagaraj Setty,45,M,A1,REPEAT-003
605,408,Sowmya Hegde,23,F,A1,
606,409,Shwetha Poojary,34,F,A1,
607,410,Yogesh Bhat,18,M,A1,
608,411,Vijay Shetty,21,M,A1,REPEAT-007
609,412,Manjula Gowda,26,F,A1,
610,413,Ganesh Patil,42,M,A1,
611,414,Radha Naik,33,F,A1,
612,414,Kumar Rao,36,M,A2,
613,415,Priya Achar,40,F,A1,
614,415,Vidya Kumar,48,F,A2,
615,416,Priya Bhat,45,F,A1,
616,417,Nagaraj Murthy,18,M,A1,
617,418,Harish Rao,23,M,A1,
618,418,Mahesh Bhat,22,M,A2,
619,418,Basavaraj Bhat,18,M,A3,
620,419,Chaya Reddy,22,F,A1,
621,420,Savitha Kumar,49,F,A1,
622,421,Harish Rao,26,M,A1,
623,422,Raghu Setty,52,M,A1,
624,422,Vidya Reddy,29,F,A2,
625,422,Prakash Murthy,44,M,A3,
626,423,Bhagya Iyer,32,F,A1,
627,423,Ganesh Rao,38,M,A2,
628,424,Anita Setty,50,F,A1,
629,424,Geeta Gowda,53,F,A2,
630,425,Mahesh Rao,20,M,A1,
631,425,Kavya Naidu,24,F,A2,
632,426,Anil Bhat,36,M,A1,
633,426,Manjunath Poojary,45,M,A2,
634,427,Mahesh Patil,30,M,A1,
635,427,Suresh Naik,42,M,A2,
636,428,Naveen Hegde,31,M,A1,
637,428,Radha Poojary,21,F,A2,
638,429,Anil Hegde,33,M,A1,
639,430,Mahesh Murthy,23,M,A1,REPEAT-033
640,431,Mahesh Shetty,38,M,A1,REPEAT-022
641,431,Pooja Patil,21,F,A2,
642,432,Vijay Gowda,45,M,A1,
643,433,Manjunath Poojary,21,M,A1,
644,433,Rekha Patil,36,F,A2,
645,434,Roopa Iyer,34,F,A1,
646,434,Kavya Gowda,26,F,A2,
647,435,Manjunath Murthy,19,M,A1,
648,436,Raghu Hegde,37,M,A1,
649,436,Anil Bhat,54,M,A2,
650,437,Vijay Rao,47,M,A1,
651,438,Naveen Bhat,18,M,A1,
652,438,Basavaraj Setty,55,M,A2,
653,439,Shivaraj Kumar,42,M,A1,
654,440,Lakshmi Hegde,30,F,A1,
655,441,Mahesh Shetty,37,M,A1,REPEAT-022
656,442,Yogesh Murthy,27,M,A1,
657,442,Bhagya Bhat,33,F,A2,
658,442,Basavaraj Reddy,36,M,A3,
659,443,Priya Murthy,24,F,A1,REPEAT-010
660,443,Vidya Kumar,22,F,A2,
661,444,Chaya Murthy,19,F,A1,
662,444,Shivaraj Naik,42,M,A2,
663,445,Manjunath Murthy,25,M,A1,REPEAT-025
664,446,Nagaraj Achar,42,M,A1,
665,447,Sowmya Shetty,33,F,A1,
666,448,Vijay Shetty,21,M,A1,REPEAT-007
667,449,Geeta Bhat,45,F,A1,
668,449,Srinivas Iyer,48,M,A2,
669,449,Pooja Naidu,23,F,A3,
670,450,Manjula Shetty,45,F,A1,
671,451,Ravi Naidu,49,M,A1,
672,451,Deepa Kumar,44,F,A2,
673,451,Vijay Iyer,37,M,A3,
674,452,Lakshmi Achar,53,F,A1,
675,452,Shivaraj Hegde,51,M,A2,
676,453,Raghu Gowda,25,M,A1,
677,454,Vijay Hegde,52,M,A1,
678,454,Ganesh Rao,54,M,A2,
679,455,Mahesh Patil,46,M,A1,
680,455,Girish Rao,29,M,A2,
681,455,Pooja Hegde,37,F,A3,
682,456,Kumar Setty,24,M,A1,
683,456,Nagaraj Murthy,39,M,A2,
684,456,Shwetha Kumar,27,F,A3,
685,457,Sunita Poojary,23,F,A1,
686,458,Sunita Achar,26,F,A1,
687,459,Savitha Gowda,22,F,A1,
688,460,Lakshmi Hegde,22,F,A1,
689,460,Savitha Naidu,20,F,A2,
690,461,Ravi Gowda,48,M,A1,
691,462,Kumar Naidu,34,M,A1,
692,462,Shivaraj Reddy,40,M,A2,
693,463,Shivaraj Bhat,55,M,A1,
694,464,Ramesh Murthy,37,M,A1,
695,465,Kavya Rao,21,F,A1,
696,466,Ravi Bhat,28,M,A1,
697,466,Shwetha Murthy,26,F,A2,
698,467,Kumar Reddy,43,M,A1,
699,468,Mahesh Iyer,19,M,A1,
700,469,Manjunath Murthy,25,M,A1,REPEAT-025
701,470,Savitha Murthy,45,F,A1,
702,471,Kumar Hegde,35,M,A1,
703,472,Vijay Reddy,39,M,A1,
704,473,Radha Patil,51,F,A1,
705,474,Harish Reddy,41,M,A1,
706,475,Ramesh Bhat,21,M,A1,
707,476,Anil Naidu,49,M,A1,
708,476,Nagaraj Bhat,19,M,A2,
709,477,Anil Setty,41,M,A1,
710,478,Bhagya Iyer,47,F,A1,
711,479,Naveen Murthy,43,M,A1,REPEAT-002
712,480,Anita Rao,19,F,A1,
713,481,Manjula Hegde,32,F,A1,
714,482,Mahesh Shetty,38,M,A1,REPEAT-022
715,483,Mahesh Reddy,52,M,A1,
716,484,Ravi Naidu,43,M,A1,
717,484,Pooja Naidu,24,F,A2,
718,485,Ravi Gowda,55,M,A1,
719,486,Ramesh Gowda,44,M,A1,
720,486,Manjunath Gowda,27,M,A2,
721,487,Mahesh Gowda,52,M,A1,
722,488,Manjunath Bhat,32,M,A1,REPEAT-030
723,489,Nandini Achar,30,F,A1,
724,490,Kavya Reddy,27,F,A1,
725,491,Mahesh Murthy,23,M,A1,REPEAT-033
726,492,Sowmya Setty,45,F,A1,
727,493,Srinivas Poojary,34,M,A1,
728,493,Prakash Poojary,54,M,A2,
729,494,Roopa Iyer,31,F,A1,
730,495,Shobha Shetty,31,F,A1,REPEAT-017
731,496,Lakshmi Murthy,44,F,A1,REPEAT-044
732,497,Kavya Gowda,22,F,A1,
733,497,Manjunath Naik,29,M,A2,
734,498,Shobha Reddy,40,F,A1,
735,499,Naveen Bhat,50,M,A1,
736,500,Geeta Achar,26,F,A1,
737,500,Manjunath Gowda,24,M,A2,
738,501,Shivaraj Murthy,22,M,A1,
739,502,Harish Iyer,29,M,A1,
740,503,Naveen Setty,32,M,A1,REPEAT-036
741,503,Raghu Gowda,18,M,A2,
742,504,Yogesh Achar,19,M,A1,
743,505,Yogesh Naidu,24,M,A1,REPEAT-001
744,505,Suresh Reddy,48,M,A2,
745,506,Girish Murthy,46,M,A1,
746,507,Srinivas Hegde,31,M,A1,REPEAT-046
747,507,Geeta Kumar,36,F,A2,
748,508,Santosh Hegde,38,M,A1,
749,509,Santosh Kumar,19,M,A1,
750,510,Ramesh Rao,46,M,A1,
751,510,Bhagya Shetty,20,F,A2,
752,510,Girish Murthy,40,M,A3,
753,511,Girish Murthy,40,M,A1,
754,512,Ramesh Patil,28,M,A1,
755,512,Yogesh Shetty,35,M,A2,
756,513,Geeta Bhat,41,F,A1,
757,514,Harish Patil,51,M,A1,
758,515,Mahesh Shetty,38,M,A1,REPEAT-022
759,516,Srinivas Naik,40,M,A1,
760,517,Harish Reddy,44,M,A1,REPEAT-056
761,517,Anita Setty,44,F,A2,
762,517,Lakshmi Gowda,21,F,A3,
763,518,Kumar Patil,39,M,A1,
764,518,Mahesh Naidu,48,M,A2,
765,519,Mahesh Shetty,22,M,A1,
766,520,Lakshmi Setty,20,F,A1,
767,520,Naveen Hegde,33,M,A2,
768,520,Vijay Murthy,18,M,A3,
769,521,Anil Achar,21,M,A1,
770,521,Raghu Hegde,31,M,A2,
771,522,Girish Naidu,53,M,A1,
772,522,Manjunath Naik,41,M,A2,
773,522,Ganesh Setty,25,M,A3,
774,523,Yogesh Bhat,48,M,A1,
775,524,Sowmya Rao,32,F,A1,
776,525,Naveen Kumar,21,M,A1,
777,526,Vidya Setty,53,F,A1,
778,527,Girish Reddy,35,M,A1,
779,528,Pooja Shetty,46,F,A1,
780,529,Prakash Gowda,40,M,A1,
781,529,Vijay Setty,33,M,A2,
782,530,Anita Hegde,32,F,A1,
783,530,Santosh Patil,20,M,A2,
784,530,Naveen Poojary,25,M,A3,
785,531,Raghu Poojary,53,M,A1,
786,532,Naveen Murthy,43,M,A1,REPEAT-002
787,532,Shivaraj Iyer,49,M,A2,
788,533,Lakshmi Reddy,49,F,A1,
789,534,Shivaraj Kumar,29,M,A1,REPEAT-024
790,535,Girish Naidu,33,M,A1,
791,536,Rekha Iyer,51,F,A1,
792,537,Prakash Naik,41,M,A1,REPEAT-032
793,537,Suresh Setty,29,M,A2,
794,538,Mahesh Reddy,33,M,A1,
795,539,Santosh Rao,41,M,A1,REPEAT-027
796,540,Mahesh Poojary,28,M,A1,
797,541,Naveen Setty,32,M,A1,REPEAT-036
798,541,Ganesh Rao,46,M,A2,
799,542,Yogesh Naidu,24,M,A1,REPEAT-001
800,542,Ramesh Gowda,43,M,A2,
801,543,Priya Naik,21,F,A1,
802,543,Santosh Poojary,18,M,A2,
803,544,Sowmya Iyer,38,F,A1,
804,545,Lakshmi Shetty,52,F,A1,
805,546,Deepa Reddy,53,F,A1,
806,546,Suresh Kumar,47,M,A2,
807,547,Mahesh Murthy,23,M,A1,REPEAT-033
808,548,Rekha Bhat,47,F,A1,
809,549,Yogesh Naik,44,M,A1,
810,549,Manjula Iyer,20,F,A2,
811,550,Kumar Setty,31,M,A1,
812,551,Priya Murthy,23,F,A1,REPEAT-010
813,552,Basavaraj Reddy,22,M,A1,
814,552,Priya Gowda,33,F,A2,
815,552,Shwetha Murthy,54,F,A3,
816,553,Prakash Setty,42,M,A1,
817,554,Vijay Poojary,23,M,A1,
818,555,Radha Reddy,44,F,A1,REPEAT-055
819,556,Lakshmi Gowda,50,F,A1,
820,557,Savitha Reddy,41,F,A1,
821,558,Basavaraj Rao,45,M,A1,
822,558,Kumar Bhat,32,M,A2,
823,558,Anil Bhat,26,M,A3,
824,559,Kumar Iyer,21,M,A1,REPEAT-038
825,560,Vijay Rao,27,M,A1,
826,561,Ramesh Achar,32,M,A1,
827,561,Yogesh Gowda,53,M,A2,
828,561,Girish Reddy,43,M,A3,
829,562,Mahesh Shetty,38,M,A1,REPEAT-022
830,563,Prakash Poojary,37,M,A1,REPEAT-028
831,564,Shwetha Gowda,18,F,A1,
832,565,Anil Reddy,32,M,A1,
833,566,Radha Reddy,44,F,A1,REPEAT-055
834,566,Roopa Patil,29,F,A2,
835,567,Santosh Rao,32,M,A1,
836,568,Srinivas Naidu,37,M,A1,REPEAT-049
837,569,Radha Setty,22,F,A1,
838,569,Harish Poojary,40,M,A2,
839,570,Anil Achar,38,M,A1,
840,570,Nagaraj Kumar,29,M,A2,
841,571,Sowmya Naidu,27,F,A1,
842,571,Basavaraj Rao,19,M,A2,
843,572,Anil Gowda,21,M,A1,REPEAT-052
844,572,Naveen Murthy,50,M,A2,
845,573,Priya Murthy,23,F,A1,REPEAT-010
846,574,Mahesh Shetty,38,M,A1,REPEAT-022
847,574,Vijay Patil,20,M,A2,
848,574,Manjunath Naik,34,M,A3,
849,575,Lakshmi Naidu,55,F,A1,
850,576,Shivaraj Murthy,21,M,A1,
851,577,Naveen Hegde,31,M,A1,
852,578,Manjunath Rao,45,M,A1,
853,578,Girish Naidu,20,M,A2,
854,579,Suresh Naik,38,M,A1,REPEAT-042
855,579,Ravi Rao,52,M,A2,
856,580,Srinivas Naidu,40,M,A1,REPEAT-037
857,581,Lakshmi Hegde,20,F,A1,
858,581,Pooja Patil,54,F,A2,
859,581,Basavaraj Naidu,27,M,A3,
860,582,Prakash Naik,49,M,A1,
861,582,Manjunath Iyer,30,M,A2,
862,583,Ganesh Naik,52,M,A1,
863,584,Kavya Kumar,22,F,A1,
864,584,Shivaraj Iyer,33,M,A2,
865,585,Shivaraj Patil,25,M,A1,
866,586,Roopa Kumar,27,F,A1,
867,587,Lakshmi Setty,47,F,A1,
868,587,Ganesh Rao,23,M,A2,
869,588,Manjunath Poojary,52,M,A1,
870,589,Kumar Patil,22,M,A1,
871,590,Mahesh Murthy,23,M,A1,REPEAT-033
872,591,Nagaraj Iyer,39,M,A1,
873,592,Rekha Rao,39,F,A1,
874,593,Girish Naik,49,M,A1,
875,593,Kumar Naik,31,M,A2,
876,594,Basavaraj Rao,45,M,A1,
877,595,Girish Poojary,44,M,A1,
878,596,Ravi Kumar,25,M,A1,
879,596,Yogesh Naidu,23,M,A2,
880,597,Ganesh Setty,42,M,A1,
881,598,Ganesh Setty,25,M,A1,
882,599,Bhagya Gowda,44,F,A1,
883,600,Suresh Kumar,42,M,A1,
884,601,Manjunath Naidu,47,M,A1,
885,601,Kumar Bhat,45,M,A2,
886,602,Naveen Setty,33,M,A1,REPEAT-036
887,603,Ganesh Gowda,20,M,A1,REPEAT-020
888,604,Geeta Hegde,53,F,A1,
889,604,Lakshmi Hegde,55,F,A2,
890,604,Shwetha Iyer,44,F,A3,
891,605,Pooja Shetty,43,F,A1,
892,606,Radha Reddy,45,F,A1,REPEAT-055
893,607,Basavaraj Naidu,55,M,A1,
894,608,Manjunath Iyer,34,M,A1,
895,609,Kumar Reddy,45,M,A1,
896,610,Ravi Shetty,18,M,A1,
897,611,Mahesh Shetty,38,M,A1,REPEAT-022
898,612,Shivaraj Shetty,22,M,A1,
899,613,Harish Patil,40,M,A1,REPEAT-053
900,614,Anil Bhat,41,M,A1,REPEAT-054
901,615,Santosh Naik,22,M,A1,
902,615,Manjunath Achar,18,M,A2,
903,616,Ganesh Shetty,36,M,A1,
904,616,Raghu Rao,53,M,A2,
905,617,Manjunath Shetty,42,M,A1,
906,618,Ganesh Gowda,21,M,A1,REPEAT-020
907,618,Yogesh Kumar,27,M,A2,
908,619,Naveen Murthy,43,M,A1,REPEAT-002
909,620,Mahesh Hegde,46,M,A1,
910,621,Vijay Shetty,21,M,A1,REPEAT-007
911,622,Anita Hegde,38,F,A1,
912,623,Pooja Naidu,33,F,A1,
913,623,Santosh Naik,34,M,A2,
914,623,Harish Reddy,28,M,A3,
915,624,Basavaraj Rao,28,M,A1,
916,625,Shobha Shetty,50,F,A1,
917,625,Vijay Naidu,24,M,A2,
918,626,Yogesh Naidu,24,M,A1,REPEAT-001
919,626,Mahesh Shetty,39,M,A2,
920,627,Shwetha Hegde,49,F,A1,
921,628,Ramesh Naik,39,M,A1,
922,628,Srinivas Gowda,33,M,A2,
923,628,Yogesh Kumar,32,M,A3,
924,629,Ravi Setty,52,M,A1,
925,630,Nagaraj Hegde,34,M,A1,
926,631,Deepa Rao,42,F,A1,
927,632,Vijay Shetty,21,M,A1,REPEAT-007
928,633,Harish Naidu,37,M,A1,REPEAT-015
929,633,Mahesh Bhat,26,M,A2,
930,633,Santosh Poojary,20,M,A3,
931,634,Vidya Hegde,52,F,A1,
932,634,Radha Setty,49,F,A2,
933,635,Suresh Kumar,23,M,A1,
934,636,Radha Rao,40,F,A1,
935,637,Shobha Rao,46,F,A1,
936,637,Radha Bhat,53,F,A2,
937,638,Kumar Kumar,19,M,A1,
938,639,Shivaraj Kumar,29,M,A1,REPEAT-024
939,639,Anil Kumar,44,M,A2,
940,640,Chaya Shetty,45,F,A1,
941,641,Ramesh Poojary,22,M,A1,
942,641,Nagaraj Hegde,29,M,A2,
943,642,Santosh Iyer,40,M,A1,
944,643,Geeta Poojary,45,F,A1,
945,643,Shwetha Rao,29,F,A2,
946,643,Pooja Rao,19,F,A3,
947,644,Kumar Naidu,23,M,A1,
948,644,Manjula Murthy,42,F,A2,
949,645,Priya Murthy,54,F,A1,
950,646,Savitha Reddy,35,F,A1,
951,647,Yogesh Murthy,23,M,A1,
952,648,Raghu Naik,48,M,A1,
953,649,Ramesh Reddy,34,M,A1,
954,650,Mahesh Kumar,33,M,A1,
955,650,Yogesh Iyer,47,M,A2,
956,650,Santosh Naidu,28,M,A3,
957,651,Srinivas Naidu,38,M,A1,REPEAT-049
958,651,Deepa Kumar,42,F,A2,
959,651,Suresh Rao,51,M,A3,
960,652,Ravi Patil,50,M,A1,
961,653,Harish Bhat,31,M,A1,
962,653,Ganesh Bhat,49,M,A2,
963,654,Girish Iyer,41,M,A1,
964,655,Anil Patil,34,M,A1,
965,656,Ramesh Naidu,46,M,A1,
966,656,Santosh Poojary,54,M,A2,
967,657,Harish Reddy,37,M,A1,
968,657,Shivaraj Kumar,46,M,A2,
969,658,Mahesh Setty,33,M,A1,
970,658,Basavaraj Gowda,44,M,A2,
971,658,Shivaraj Rao,23,M,A3,
972,659,Shivaraj Gowda,48,M,A1,
973,660,Priya Murthy,24,F,A1,REPEAT-010
974,661,Roopa Hegde,27,F,A1,
975,661,Kavya Gowda,34,F,A2,
976,662,Pooja Bhat,47,F,A1,
977,663,Sowmya Shetty,51,F,A1,
978,664,Sowmya Reddy,35,F,A1,
979,664,Santosh Gowda,19,M,A2,
980,665,Priya Setty,39,F,A1,
981,665,Kumar Shetty,28,M,A2,
982,666,Harish Reddy,44,M,A1,REPEAT-056
983,666,Priya Hegde,23,F,A2,
984,667,Naveen Setty,36,M,A1,
985,667,Ramesh Setty,18,M,A2,
986,667,Santosh Achar,24,M,A3,
987,668,Anil Rao,34,M,A1,
988,668,Santosh Murthy,35,M,A2,
989,669,Ravi Rao,20,M,A1,
990,670,Anil Bhat,41,M,A1,REPEAT-054
991,671,Harish Achar,45,M,A1,REPEAT-057
992,672,Vijay Achar,26,M,A1,
993,673,Basavaraj Reddy,51,M,A1,
994,673,Sunita Shetty,53,F,A2,
995,674,Yogesh Setty,43,M,A1,
996,674,Santosh Reddy,40,M,A2,
997,675,Geeta Achar,33,F,A1,
998,675,Sunita Gowda,41,F,A2,
999,676,Harish Patil,40,M,A1,REPEAT-053
1000,676,Sunita Setty,31,F,A2,
1001,677,Manjunath Murthy,47,M,A1,
1002,678,Srinivas Poojary,20,M,A1,
1003,679,Sowmya Achar,22,F,A1,
1004,680,Srinivas Naidu,38,M,A1,REPEAT-049
1005,681,Shivaraj Setty,41,M,A1,
1006,681,Shwetha Achar,25,F,A2,
1007,682,Shwetha Murthy,23,F,A1,
1008,683,Manjunath Patil,51,M,A1,
1009,683,Shivaraj Rao,46,M,A2,
1010,683,Srinivas Shetty,21,M,A3,
1011,684,Savitha Setty,52,F,A1,
1012,685,Ramesh Naik,23,M,A1,
1013,686,Priya Shetty,41,F,A1,
1014,687,Priya Murthy,44,F,A1,
1015,688,Manjula Kumar,44,F,A1,
1016,688,Raghu Reddy,27,M,A2,
1017,689,Raghu Achar,29,M,A1,
1018,690,Lakshmi Murthy,44,F,A1,REPEAT-044
1019,691,Mahesh Shetty,37,M,A1,REPEAT-022
1020,692,Sowmya Patil,50,F,A1,
1021,693,Radha Patil,51,F,A1,
1022,694,Radha Reddy,45,F,A1,REPEAT-055
1023,694,Bhagya Poojary,36,F,A2,
1024,695,Anita Patil,51,F,A1,
1025,695,Nandini Setty,48,F,A2,
1026,695,Ramesh Hegde,49,M,A3,
1027,696,Ganesh Gowda,37,M,A1,
1028,697,Vidya Hegde,22,F,A1,
1029,698,Girish Kumar,40,M,A1,
1030,699,Ganesh Reddy,52,M,A1,
1031,699,Ramesh Murthy,22,M,A2,
1032,700,Pooja Achar,29,F,A1,
1033,701,Manjunath Gowda,39,M,A1,
1034,701,Manjunath Bhat,19,M,A2,
1035,702,Ganesh Shetty,32,M,A1,
1036,702,Yogesh Murthy,18,M,A2,
1037,702,Sowmya Rao,27,F,A3,
1038,703,Manjunath Gowda,41,M,A1,
1039,703,Basavaraj Shetty,34,M,A2,
1040,704,Prakash Shetty,51,M,A1,
1041,704,Anil Hegde,50,M,A2,
1042,705,Manjunath Setty,27,M,A1,
1043,706,Kumar Poojary,22,M,A1,
1044,707,Srinivas Naidu,36,M,A1,
1045,708,Sowmya Naik,27,F,A1,
1046,708,Kumar Reddy,22,M,A2,
1047,709,Deepa Rao,39,F,A1,
1048,710,Savitha Shetty,33,F,A1,
1049,711,Anita Setty,24,F,A1,
1050,712,Lakshmi Murthy,44,F,A1,REPEAT-044
1051,713,Anita Achar,33,F,A1,
1052,714,Basavaraj Achar,39,M,A1,
1053,715,Raghu Setty,40,M,A1,
1054,716,Ramesh Setty,41,M,A1,
1055,717,Naveen Iyer,19,M,A1,
1056,718,Yogesh Iyer,33,M,A1,
1057,718,Harish Naidu,20,M,A2,
1058,719,Anil Shetty,31,M,A1,
1059,720,Sunita Reddy,43,F,A1,
1060,721,Nandini Shetty,22,F,A1,REPEAT-011
1061,721,Sunita Kumar,33,F,A2,
1062,722,Srinivas Kumar,21,M,A1,
1063,723,Ganesh Reddy,31,M,A1,
1064,723,Raghu Naidu,29,M,A2,
1065,724,Sowmya Reddy,21,F,A1,
1066,725,Rekha Bhat,42,F,A1,REPEAT-047
1067,725,Girish Rao,55,M,A2,
1068,725,Santosh Poojary,34,M,A3,
1069,726,Santosh Hegde,43,M,A1,
1070,727,Nandini Gowda,18,F,A1,
1071,728,Ganesh Rao,51,M,A1,
1072,729,Harish Patil,39,M,A1,REPEAT-053
1073,730,Santosh Iyer,44,M,A1,
1074,730,Manjunath Iyer,55,M,A2,
1075,731,Savitha Hegde,44,F,A1,
1076,731,Ganesh Reddy,29,M,A2,
1077,732,Nagaraj Achar,33,M,A1,
1078,733,Nagaraj Hegde,53,M,A1,
1079,733,Kavya Hegde,31,F,A2,
1080,734,Yogesh Bhat,54,M,A1,
1081,735,Lakshmi Setty,49,F,A1,
1082,736,Santosh Naik,24,M,A1,
1083,737,Harish Hegde,43,M,A1,
1084,737,Mahesh Rao,46,M,A2,
1085,738,Santosh Achar,35,M,A1,
1086,739,Manjula Naik,34,F,A1,
1087,740,Lakshmi Murthy,44,F,A1,REPEAT-044
1088,740,Nagaraj Patil,23,M,A2,
1089,741,Anil Patil,33,M,A1,
1090,742,Deepa Naik,19,F,A1,
1091,743,Nandini Bhat,40,F,A1,
1092,743,Raghu Iyer,51,M,A2,
1093,744,Ravi Achar,45,M,A1,
1094,745,Roopa Poojary,38,F,A1,
1095,746,Ravi Shetty,35,M,A1,
1096,746,Harish Naidu,42,M,A2,
1097,746,Vijay Iyer,43,M,A3,
1098,747,Manjunath Kumar,54,M,A1,
1099,748,Prakash Hegde,23,M,A1,
1100,749,Shivaraj Shetty,18,M,A1,
1101,749,Santosh Achar,46,M,A2,
1102,750,Pooja Achar,32,F,A1,
1103,751,Anil Gowda,51,M,A1,
1104,752,Kumar Murthy,36,M,A1,
1105,753,Kumar Rao,44,M,A1,REPEAT-018
1106,753,Geeta Setty,50,F,A2,
1107,754,Sowmya Poojary,42,F,A1,
1108,755,Suresh Naidu,30,M,A1,
1109,756,Savitha Kumar,18,F,A1,
1110,757,Nagaraj Naidu,37,M,A1,REPEAT-035
1111,757,Ganesh Hegde,39,M,A2,
1112,757,Manjunath Shetty,44,M,A3,
1113,758,Naveen Murthy,43,M,A1,REPEAT-002
1114,759,Suresh Murthy,21,M,A1,
1115,760,Yogesh Iyer,48,M,A1,
1116,761,Suresh Rao,43,M,A1,
1117,762,Yogesh Kumar,45,M,A1,
1118,762,Ramesh Patil,41,M,A2,
1119,763,Nagaraj Murthy,47,M,A1,
1120,763,Mahesh Rao,50,M,A2,
1121,763,Deepa Gowda,19,F,A3,
1122,764,Yogesh Naidu,24,M,A1,REPEAT-001
1123,764,Kumar Achar,25,M,A2,
1124,765,Raghu Reddy,31,M,A1,
1125,765,Harish Reddy,21,M,A2,
1126,766,Ravi Iyer,32,M,A1,
1127,766,Raghu Naidu,31,M,A2,
1128,766,Shivaraj Patil,52,M,A3,
1129,767,Radha Naik,55,F,A1,
1130,768,Geeta Kumar,31,F,A1,
1131,769,Ganesh Iyer,36,M,A1,
1132,770,Santosh Bhat,42,M,A1,
1133,770,Prakash Setty,46,M,A2,
1134,771,Harish Naidu,36,M,A1,REPEAT-015
1135,771,Vijay Kumar,42,M,A2,
1136,772,Nandini Reddy,46,F,A1,
1137,773,Naveen Murthy,44,M,A1,REPEAT-002
1138,773,Santosh Murthy,30,M,A2,
1139,774,Anil Naidu,26,M,A1,
1140,775,Manjunath Bhat,32,M,A1,REPEAT-030
1141,776,Kumar Setty,45,M,A1,
1142,777,Raghu Iyer,39,M,A1,
1143,777,Shobha Poojary,38,F,A2,
1144,777,Lakshmi Reddy,39,F,A3,
1145,778,Harish Kumar,28,M,A1,
1146,779,Suresh Naik,38,M,A1,REPEAT-042
1147,780,Mahesh Shetty,37,M,A1,REPEAT-022
1148,781,Manjunath Bhat,45,M,A1,
1149,782,Kumar Shetty,36,M,A1,
1150,783,Manjunath Murthy,26,M,A1,REPEAT-025
1151,783,Harish Rao,26,M,A2,
1152,784,Shivaraj Kumar,34,M,A1,
1153,785,Ganesh Kumar,23,M,A1,
1154,786,Nagaraj Setty,45,M,A1,REPEAT-003
1155,787,Savitha Setty,23,F,A1,
1156,787,Vidya Shetty,22,F,A2,
1157,787,Harish Poojary,41,M,A3,
1158,788,Geeta Hegde,51,F,A1,
1159,789,Ramesh Poojary,53,M,A1,
1160,789,Santosh Setty,40,M,A2,
1161,790,Vijay Rao,20,M,A1,
1162,791,Vidya Shetty,30,F,A1,
1163,791,Deepa Bhat,51,F,A2,
1164,791,Kumar Poojary,32,M,A3,
1165,792,Basavaraj Bhat,27,M,A1,
1166,793,Ganesh Kumar,47,M,A1,
1167,794,Anita Shetty,27,F,A1,
1168,795,Suresh Patil,37,M,A1,
1169,795,Suresh Gowda,50,M,A2,
1170,796,Vidya Reddy,46,F,A1,
1171,797,Sunita Poojary,28,F,A1,
1172,798,Roopa Gowda,24,F,A1,
1173,798,Sowmya Shetty,55,F,A2,
1174,799,Raghu Gowda,36,M,A1,
1175,800,Suresh Naik,38,M,A1,REPEAT-042
1176,800,Anil Poojary,37,M,A2,
1177,801,Yogesh Iyer,27,M,A1,
1178,801,Manjunath Hegde,40,M,A2,
1179,801,Shivaraj Achar,26,M,A3,
1180,802,Nagaraj Shetty,37,M,A1,
1181,802,Ramesh Hegde,28,M,A2,
1182,803,Anil Bhat,35,M,A1,REPEAT-005
1183,804,Mahesh Shetty,38,M,A1,REPEAT-022
1184,804,Roopa Naik,33,F,A2,
1185,805,Shobha Murthy,41,F,A1,
1186,806,Sunita Hegde,45,F,A1,
1187,807,Basavaraj Gowda,42,M,A1,
1188,808,Yogesh Iyer,21,M,A1,
1189,808,Priya Shetty,43,F,A2,
1190,809,Prakash Patil,39,M,A1,
1191,810,Manjunath Murthy,26,M,A1,REPEAT-025
1192,810,Vijay Patil,38,M,A2,
1193,811,Shwetha Setty,21,F,A1,
1194,812,Mahesh Shetty,37,M,A1,REPEAT-022
1195,813,Nandini Naidu,36,F,A1,
1196,813,Savitha Hegde,21,F,A2,
1197,813,Kumar Iyer,49,M,A3,
1198,814,Deepa Shetty,43,F,A1,
1199,814,Ganesh Kumar,46,M,A2,
1200,815,Girish Hegde,28,M,A1,
1201,815,Deepa Murthy,30,F,A2,
1202,815,Raghu Poojary,27,M,A3,
1203,816,Yogesh Iyer,33,M,A1,
1204,817,Savitha Patil,46,F,A1,
1205,817,Manjunath Kumar,18,M,A2,
1206,817,Raghu Naidu,18,M,A3,
1207,818,Ramesh Gowda,53,M,A1,
1208,819,Manjunath Shetty,21,M,A1,
1209,819,Anil Kumar,19,M,A2,
1210,820,Nagaraj Naidu,37,M,A1,REPEAT-035
1211,821,Basavaraj Kumar,27,M,A1,
1212,822,Sunita Hegde,31,F,A1,
1213,822,Nagaraj Iyer,39,M,A2,
1214,823,Ganesh Reddy,55,M,A1,
1215,823,Shivaraj Shetty,39,M,A2,
1216,823,Anil Naidu,48,M,A3,
1217,824,Kumar Setty,47,M,A1,
1218,824,Nagaraj Iyer,49,M,A2,
1219,825,Kumar Reddy,19,M,A1,
1220,826,Shwetha Hegde,24,F,A1,
1221,827,Manjunath Murthy,25,M,A1,REPEAT-025
1222,827,Vidya Hegde,43,F,A2,
1223,827,Ganesh Poojary,47,M,A3,
1224,828,Nagaraj Naidu,37,M,A1,REPEAT-035
1225,829,Radha Reddy,44,F,A1,REPEAT-055
1226,829,Sunita Setty,42,F,A2,
1227,830,Ramesh Shetty,31,M,A1,
1228,831,Manjunath Murthy,25,M,A1,REPEAT-025
1229,832,Mahesh Hegde,32,M,A1,
1230,833,Naveen Rao,45,M,A1,
1231,833,Priya Naik,53,F,A2,
1232,834,Naveen Murthy,43,M,A1,REPEAT-002
1233,834,Yogesh Kumar,24,M,A2,
1234,835,Nagaraj Kumar,30,M,A1,
1235,836,Naveen Murthy,43,M,A1,REPEAT-002
1236,836,Prakash Setty,18,M,A2,
1237,837,Basavaraj Iyer,18,M,A1,
1238,838,Manjunath Murthy,25,M,A1,REPEAT-025
1239,838,Radha Kumar,35,F,A2,
1240,839,Vijay Poojary,48,M,A1,
1241,839,Harish Murthy,40,M,A2,
1242,839,Anil Setty,25,M,A3,
1243,840,Basavaraj Naidu,28,M,A1,
1244,841,Nagaraj Poojary,24,M,A1,
1245,841,Lakshmi Hegde,31,F,A2,
1246,842,Mahesh Murthy,23,M,A1,REPEAT-033
1247,842,Rekha Poojary,43,F,A2,
1248,843,Srinivas Murthy,54,M,A1,
1249,844,Bhagya Rao,51,F,A1,
1250,845,Naveen Naik,39,M,A1,REPEAT-021
1251,845,Manjula Patil,18,F,A2,
1252,846,Raghu Bhat,53,M,A1,
1253,846,Basavaraj Patil,30,M,A2,
1254,847,Chaya Iyer,38,F,A1,
1255,848,Chaya Iyer,32,F,A1,
1256,848,Priya Achar,35,F,A2,
1257,849,Sunita Rao,26,F,A1,
1258,850,Srinivas Bhat,32,M,A1,
1259,851,Yogesh Kumar,44,M,A1,REPEAT-050
1260,852,Santosh Poojary,25,M,A1,
1261,852,Girish Bhat,19,M,A2,
1262,853,Basavaraj Iyer,35,M,A1,
1263,854,Vijay Shetty,52,M,A1,
1264,855,Mahesh Shetty,37,M,A1,REPEAT-022
1265,856,Priya Setty,24,F,A1,
1266,856,Kavya Poojary,32,F,A2,
1267,857,Lakshmi Poojary,27,F,A1,
1268,858,Manjula Hegde,45,F,A1,
1269,859,Nagaraj Patil,49,M,A1,
1270,860,Shivaraj Bhat,40,M,A1,
1271,861,Manjunath Iyer,44,M,A1,REPEAT-051
1272,861,Anil Setty,27,M,A2,
1273,862,Nandini Shetty,22,F,A1,REPEAT-011
1274,863,Bhagya Iyer,19,F,A1,
1275,864,Girish Murthy,54,M,A1,
1276,864,Kumar Iyer,29,M,A2,
1277,864,Priya Shetty,41,F,A3,
1278,865,Suresh Patil,19,M,A1,
1279,865,Naveen Setty,21,M,A2,
1280,866,Prakash Naik,42,M,A1,REPEAT-032
1281,867,Srinivas Hegde,31,M,A1,REPEAT-046
1282,867,Ramesh Iyer,43,M,A2,
1283,868,Santosh Gowda,25,M,A1,
1284,868,Santosh Shetty,34,M,A2,
1285,869,Srinivas Iyer,48,M,A1,
1286,869,Ganesh Poojary,33,M,A2,
1287,870,Shivaraj Kumar,48,M,A1,
1288,871,Chaya Rao,55,F,A1,
1289,871,Srinivas Naidu,22,M,A2,
1290,872,Ramesh Setty,35,M,A1,
1291,872,Anil Bhat,36,M,A2,
1292,872,Shobha Naik,19,F,A3,
1293,873,Nagaraj Achar,47,M,A1,
1294,874,Naveen Reddy,49,M,A1,
1295,874,Prakash Hegde,48,M,A2,
1296,875,Savitha Patil,44,F,A1,
1297,875,Ravi Bhat,54,M,A2,
1298,875,Naveen Naidu,39,M,A3,
1299,876,Lakshmi Murthy,44,F,A1,REPEAT-044
1300,876,Vijay Gowda,36,M,A2,
1301,877,Naveen Murthy,43,M,A1,REPEAT-002
1302,877,Bhagya Shetty,51,F,A2,
1303,878,Naveen Murthy,43,M,A1,REPEAT-002
1304,879,Prakash Naik,23,M,A1,
1305,879,Basavaraj Naidu,52,M,A2,
1306,879,Ganesh Kumar,24,M,A3,
1307,880,Basavaraj Shetty,44,M,A1,
1308,881,Shivaraj Patil,35,M,A1,
1309,881,Santosh Achar,52,M,A2,
1310,882,Shwetha Bhat,20,F,A1,
1311,883,Ramesh Gowda,52,M,A1,
1312,884,Girish Iyer,31,M,A1,
1313,885,Naveen Murthy,44,M,A1,REPEAT-002
1314,885,Kumar Naik,36,M,A2,
1315,886,Suresh Iyer,51,M,A1,
1316,887,Shivaraj Kumar,36,M,A1,
1317,888,Nandini Poojary,27,F,A1,
1318,889,Naveen Bhat,28,M,A1,
1319,889,Bhagya Murthy,25,F,A2,
1320,890,Ravi Naik,25,M,A1,
1321,890,Raghu Setty,20,M,A2,
1322,891,Mahesh Shetty,37,M,A1,REPEAT-022
1323,892,Ganesh Kumar,22,M,A1,
1324,892,Suresh Naidu,32,M,A2,
1325,892,Sunita Shetty,44,F,A3,
1326,893,Ravi Naidu,52,M,A1,
1327,893,Rekha Rao,23,F,A2,
1328,894,Manjunath Murthy,45,M,A1,
1329,895,Mahesh Shetty,37,M,A1,REPEAT-022
1330,896,Srinivas Naik,19,M,A1,
1331,896,Raghu Rao,34,M,A2,
1332,897,Mahesh Shetty,37,M,A1,REPEAT-022
1333,898,Srinivas Naidu,38,M,A1,REPEAT-049
1334,899,Yogesh Hegde,52,M,A1,
1335,900,Prakash Rao,23,M,A1,
1336,901,Srinivas Reddy,52,M,A1,
1337,901,Mahesh Achar,20,M,A2,
1338,902,Harish Reddy,45,M,A1,
1339,902,Ravi Hegde,24,M,A2,
1340,902,Naveen Naidu,36,M,A3,
1341,903,Ramesh Achar,55,M,A1,
1342,904,Suresh Setty,30,M,A1,REPEAT-034
1343,904,Deepa Poojary,35,F,A2,
1344,905,Santosh Gowda,43,M,A1,
1345,906,Vidya Murthy,39,F,A1,
1346,907,Yogesh Naik,45,M,A1,
1347,908,Nagaraj Setty,45,M,A1,REPEAT-003
1348,908,Ravi Naik,54,M,A2,
1349,908,Anil Shetty,26,M,A3,
1350,909,Srinivas Naidu,37,M,A1,REPEAT-049
1351,909,Manjula Achar,33,F,A2,
1352,909,Nandini Poojary,46,F,A3,
1353,910,Ramesh Bhat,22,M,A1,
1354,910,Nagaraj Iyer,19,M,A2,
1355,911,Shivaraj Shetty,52,M,A1,
1356,911,Ravi Murthy,41,M,A2,
1357,912,Vijay Poojary,41,M,A1,
1358,913,Nagaraj Setty,45,M,A1,REPEAT-003
1359,914,Basavaraj Naik,36,M,A1,
1360,914,Srinivas Kumar,38,M,A2,
1361,915,Priya Naik,54,F,A1,
1362,915,Santosh Kumar,26,M,A2,
1363,916,Shwetha Murthy,45,F,A1,
1364,917,Anil Bhat,34,M,A1,REPEAT-005
1365,918,Radha Setty,35,F,A1,
1366,919,Ramesh Patil,48,M,A1,
1367,920,Ganesh Hegde,36,M,A1,REPEAT-060
1368,921,Ravi Reddy,19,M,A1,
1369,922,Nagaraj Shetty,21,M,A1,
1370,922,Santosh Murthy,19,M,A2,
1371,923,Nagaraj Setty,45,M,A1,REPEAT-003
1372,924,Harish Achar,33,M,A1,
1373,925,Manjunath Setty,26,M,A1,
1374,925,Lakshmi Naidu,19,F,A2,
1375,926,Harish Achar,46,M,A1,REPEAT-057
1376,927,Pooja Patil,39,F,A1,
1377,928,Deepa Gowda,30,F,A1,
1378,929,Lakshmi Murthy,50,F,A1,
1379,930,Prakash Patil,25,M,A1,
1380,931,Anil Bhat,34,M,A1,REPEAT-005
1381,932,Manjunath Murthy,25,M,A1,REPEAT-025
1382,932,Ravi Iyer,44,M,A2,
1383,933,Basavaraj Setty,19,M,A1,
1384,934,Chaya Bhat,20,F,A1,
1385,935,Ganesh Bhat,36,M,A1,
1386,936,Chaya Bhat,53,F,A1,
1387,937,Anil Reddy,35,M,A1,
1388,938,Santosh Bhat,32,M,A1,
1389,938,Shwetha Kumar,50,F,A2,
1390,939,Chaya Naik,18,F,A1,
1391,939,Bhagya Naik,53,F,A2,
1392,940,Deepa Naidu,21,F,A1,
1393,940,Sowmya Achar,36,F,A2,
1394,941,Anil Hegde,39,M,A1,
1395,942,Anil Hegde,25,M,A1,
1396,942,Naveen Reddy,54,M,A2,
1397,942,Basavaraj Kumar,35,M,A3,
1398,943,Basavaraj Kumar,41,M,A1,
1399,944,Ganesh Gowda,21,M,A1,REPEAT-020
1400,945,Manjunath Patil,22,M,A1,
1401,946,Yogesh Patil,40,M,A1,
1402,947,Vidya Setty,25,F,A1,
1403,947,Ramesh Naik,50,M,A2,
1404,948,Mahesh Setty,40,M,A1,
1405,948,Basavaraj Kumar,25,M,A2,
1406,949,Shivaraj Bhat,20,M,A1,
1407,950,Suresh Setty,54,M,A1,
1408,950,Manjunath Setty,52,M,A2,
1409,951,Ganesh Murthy,18,M,A1,
1410,951,Rekha Patil,53,F,A2,
1411,952,Chaya Kumar,51,F,A1,
1412,953,Bhagya Achar,55,F,A1,
1413,953,Savitha Setty,51,F,A2,
1414,954,Shivaraj Bhat,38,M,A1,
1415,954,Chaya Shetty,22,F,A2,
1416,955,Mahesh Shetty,40,M,A1,
1417,956,Srinivas Hegde,31,M,A1,REPEAT-046
1418,957,Savitha Patil,22,F,A1,
1419,958,Chaya Rao,30,F,A1,
1420,959,Mahesh Rao,51,M,A1,
1421,960,Srinivas Hegde,32,M,A1,REPEAT-046
1422,961,Yogesh Poojary,33,M,A1,
1423,961,Priya Reddy,46,F,A2,
1424,962,Manjunath Naik,54,M,A1,
1425,963,Chaya Kumar,40,F,A1,
1426,963,Suresh Setty,36,M,A2,
1427,964,Nandini Kumar,43,F,A1,REPEAT-012
1428,965,Naveen Naik,38,M,A1,
1429,965,Srinivas Naidu,54,M,A2,
1430,966,Vijay Naik,26,M,A1,
1431,967,Harish Naidu,36,M,A1,REPEAT-015
1432,968,Anita Gowda,23,F,A1,
1433,968,Shivaraj Gowda,40,M,A2,
1434,968,Savitha Achar,36,F,A3,
1435,969,Shivaraj Kumar,29,M,A1,REPEAT-024
1436,969,Mahesh Poojary,39,M,A2,
1437,970,Shobha Shetty,24,F,A1,
1438,971,Yogesh Kumar,44,M,A1,REPEAT-050
1439,972,Santosh Murthy,41,M,A1,
1440,973,Suresh Murthy,27,M,A1,
1441,973,Girish Gowda,49,M,A2,
1442,973,Srinivas Naik,55,M,A3,
1443,974,Basavaraj Poojary,28,M,A1,
1444,975,Nagaraj Setty,45,M,A1,REPEAT-003
1445,976,Yogesh Naidu,24,M,A1,REPEAT-001
1446,977,Yogesh Gowda,47,M,A1,
1447,977,Roopa Kumar,54,F,A2,
1448,977,Priya Murthy,20,F,A3,
1449,978,Shivaraj Kumar,29,M,A1,REPEAT-024
1450,978,Kavya Shetty,24,F,A2,
1451,979,Ramesh Reddy,24,M,A1,
1452,980,Anil Gowda,46,M,A1,
1453,981,Deepa Reddy,28,F,A1,
1454,981,Ramesh Poojary,52,M,A2,
1455,982,Santosh Gowda,45,M,A1,
1456,982,Raghu Achar,42,M,A2,
1457,983,Yogesh Reddy,18,M,A1,
1458,983,Yogesh Gowda,39,M,A2,
1459,984,Anil Bhat,34,M,A1,REPEAT-005
1460,984,Manjunath Shetty,33,M,A2,
1461,985,Nagaraj Gowda,22,M,A1,
1462,986,Roopa Gowda,31,F,A1,
1463,986,Raghu Gowda,30,M,A2,
1464,987,Harish Gowda,40,M,A1,
1465,988,Naveen Murthy,43,M,A1,REPEAT-002
1466,988,Nandini Murthy,46,F,A2,
1467,988,Nagaraj Iyer,51,M,A3,
1468,989,Santosh Naidu,41,M,A1,
1469,989,Nagaraj Gowda,28,M,A2,
1470,990,Basavaraj Reddy,35,M,A1,
1471,991,Ramesh Iyer,37,M,A1,
1472,992,Manjunath Setty,53,M,A1,
1473,993,Chaya Naik,46,F,A1,
1474,993,Santosh Achar,35,M,A2,
1475,994,Vijay Kumar,40,M,A1,
1476,994,Srinivas Rao,48,M,A2,
1477,995,Harish Iyer,49,M,A1,
1478,995,Shobha Achar,20,F,A2,
1479,995,Girish Achar,46,M,A3,
1480,996,Ravi Naik,33,M,A1,
1481,997,Manjunath Gowda,53,M,A1,
1482,998,Manjunath Murthy,26,M,A1,REPEAT-025
1483,999,Sunita Iyer,42,F,A1,
1484,1000,Nandini Kumar,42,F,A1,REPEAT-012
1485,1001,Shivaraj Patil,55,M,A1,
1486,1002,Suresh Murthy,39,M,A1,
1487,1003,Girish Shetty,24,M,A1,
1488,1003,Bhagya Hegde,23,F,A2,
1489,1003,Ravi Kumar,43,M,A3,
1490,1004,Mahesh Bhat,44,M,A1,
1491,1005,Manjunath Murthy,26,M,A1,REPEAT-025
1492,1006,Anita Shetty,46,F,A1,
1493,1006,Manjunath Kumar,47,M,A2,
1494,1007,Shivaraj Poojary,31,M,A1,
1495,1007,Srinivas Naidu,42,M,A2,
1496,1008,Shivaraj Patil,33,M,A1,
1497,1009,Nagaraj Murthy,18,M,A1,
1498,1010,Ganesh Shetty,33,M,A1,
1499,1011,Harish Bhat,19,M,A1,
1500,1011,Santosh Naidu,44,M,A2,
1501,1012,Kavya Naidu,46,F,A1,
1502,1013,Bhagya Naik,38,F,A1,
1503,1014,Sowmya Shetty,25,F,A1,
1504,1015,Yogesh Setty,25,M,A1,
1505,1015,Raghu Bhat,26,M,A2,
1506,1016,Ganesh Hegde,36,M,A1,REPEAT-060
1507,1016,Manjunath Gowda,55,M,A2,
1508,1017,Nagaraj Rao,48,M,A1,
1509,1017,Sunita Reddy,49,F,A2,
1510,1017,Nandini Bhat,47,F,A3,
1511,1018,Mahesh Shetty,37,M,A1,REPEAT-022
1512,1018,Vijay Gowda,34,M,A2,
1513,1019,Mahesh Shetty,37,M,A1,REPEAT-022
1514,1020,Shwetha Shetty,29,F,A1,
1515,1021,Harish Rao,53,M,A1,
1516,1021,Bhagya Poojary,44,F,A2,
1517,1022,Roopa Hegde,45,F,A1,
1518,1023,Naveen Kumar,47,M,A1,
1519,1024,Vijay Reddy,43,M,A1,
1520,1025,Ganesh Shetty,40,M,A1,REPEAT-029
1521,1026,Prakash Poojary,21,M,A1,
1522,1026,Roopa Iyer,40,F,A2,
1523,1027,Vijay Kumar,20,M,A1,
1524,1028,Santosh Patil,45,M,A1,
1525,1028,Suresh Iyer,45,M,A2,
1526,1028,Kumar Shetty,19,M,A3,
1527,1029,Ramesh Bhat,42,M,A1,
1528,1030,Deepa Patil,28,F,A1,
1529,1031,Shwetha Poojary,38,F,A1,
1530,1032,Ramesh Patil,23,M,A1,
1531,1033,Nandini Shetty,23,F,A1,REPEAT-011
1532,1034,Yogesh Patil,40,M,A1,
1533,1035,Rekha Naik,36,F,A1,
1534,1036,Pooja Bhat,25,F,A1,
1535,1037,Suresh Naik,39,M,A1,REPEAT-042
1536,1037,Vijay Bhat,37,M,A2,
1537,1038,Basavaraj Bhat,48,M,A1,
1538,1039,Mahesh Reddy,35,M,A1,
1539,1040,Ravi Gowda,53,M,A1,
1540,1041,Kumar Patil,38,M,A1,
1541,1042,Manjula Naidu,24,F,A1,
1542,1043,Ramesh Kumar,25,M,A1,
1543,1044,Mahesh Murthy,24,M,A1,REPEAT-033
1544,1045,Mahesh Shetty,38,M,A1,REPEAT-022
1545,1046,Harish Iyer,21,M,A1,
1546,1047,Shobha Shetty,34,F,A1,
1547,1048,Nagaraj Rao,22,M,A1,
1548,1048,Ramesh Naidu,19,M,A2,
1549,1049,Suresh Achar,47,M,A1,
1550,1049,Anita Murthy,21,F,A2,
1551,1049,Sunita Iyer,47,F,A3,
1552,1050,Sowmya Gowda,35,F,A1,
1553,1051,Shobha Bhat,22,F,A1,
1554,1051,Shivaraj Gowda,49,M,A2,
1555,1052,Naveen Murthy,43,M,A1,REPEAT-002
1556,1052,Prakash Setty,47,M,A2,
1557,1052,Chaya Reddy,45,F,A3,
1558,1053,Anil Reddy,24,M,A1,
1559,1054,Ganesh Shetty,21,M,A1,
1560,1054,Savitha Kumar,53,F,A2,
1561,1055,Manjunath Bhat,32,M,A1,REPEAT-030
1562,1056,Naveen Setty,33,M,A1,REPEAT-036
1563,1057,Manjunath Murthy,28,M,A1,
1564,1057,Kumar Reddy,24,M,A2,
1565,1058,Basavaraj Hegde,55,M,A1,
1566,1058,Manjunath Gowda,46,M,A2,
1567,1058,Ramesh Shetty,30,M,A3,
1568,1059,Vijay Setty,21,M,A1,
1569,1059,Raghu Setty,43,M,A2,
1570,1060,Santosh Naik,18,M,A1,
1571,1061,Kavya Setty,28,F,A1,
1572,1061,Srinivas Bhat,40,M,A2,
1573,1062,Manjunath Iyer,44,M,A1,REPEAT-051
1574,1062,Manjula Reddy,40,F,A2,
1575,1063,Chaya Setty,53,F,A1,
1576,1064,Basavaraj Naik,49,M,A1,
1577,1065,Shivaraj Shetty,18,M,A1,
1578,1066,Nandini Kumar,42,F,A1,REPEAT-012
1579,1067,Priya Bhat,18,F,A1,
1580,1067,Basavaraj Poojary,19,M,A2,
1581,1068,Ganesh Reddy,33,M,A1,
1582,1068,Radha Bhat,55,F,A2,
1583,1068,Raghu Gowda,26,M,A3,
1584,1069,Yogesh Gowda,49,M,A1,
1585,1070,Suresh Achar,28,M,A1,
1586,1071,Priya Shetty,40,F,A1,
1587,1072,Kumar Rao,44,M,A1,REPEAT-018
1588,1072,Prakash Hegde,42,M,A2,
1589,1073,Naveen Poojary,29,M,A1,
1590,1074,Priya Bhat,31,F,A1,
1591,1074,Nandini Bhat,51,F,A2,
1592,1075,Nagaraj Achar,50,M,A1,
1593,1076,Naveen Setty,37,M,A1,
1594,1077,Manjunath Bhat,33,M,A1,REPEAT-030
1595,1078,Manjunath Murthy,28,M,A1,
1596,1079,Vijay Naik,34,M,A1,
1597,1080,Shivaraj Setty,55,M,A1,
1598,1081,Shobha Hegde,46,F,A1,
1599,1081,Shivaraj Patil,52,M,A2,
1600,1081,Girish Reddy,18,M,A3,
1601,1082,Manjula Reddy,24,F,A1,
1602,1083,Shivaraj Rao,51,M,A1,
1603,1084,Deepa Achar,29,F,A1,
1604,1084,Kavya Kumar,46,F,A2,
1605,1085,Girish Achar,35,M,A1,
1606,1085,Raghu Rao,18,M,A2,
1607,1085,Kumar Kumar,29,M,A3,
1608,1086,Shwetha Shetty,50,F,A1,
1609,1086,Manjunath Patil,26,M,A2,
1610,1087,Anita Rao,21,F,A1,
1611,1088,Bhagya Hegde,46,F,A1,
1612,1088,Santosh Murthy,39,M,A2,
1613,1089,Basavaraj Patil,44,M,A1,
1614,1090,Ravi Murthy,40,M,A1,
1615,1091,Naveen Murthy,53,M,A1,
1616,1091,Pooja Setty,21,F,A2,
1617,1092,Deepa Reddy,30,F,A1,
1618,1093,Anita Patil,20,F,A1,
1619,1093,Ganesh Gowda,19,M,A2,
1620,1094,Savitha Setty,28,F,A1,
1621,1094,Raghu Gowda,43,M,A2,
1622,1095,Naveen Murthy,43,M,A1,REPEAT-002
1623,1096,Manjunath Bhat,55,M,A1,
1624,1096,Suresh Hegde,23,M,A2,
1625,1097,Roopa Shetty,24,F,A1,
1626,1097,Vidya Bhat,42,F,A2,
1627,1097,Ganesh Rao,29,M,A3,
1628,1098,Ravi Patil,45,M,A1,
1629,1099,Sunita Kumar,28,F,A1,
1630,1099,Shwetha Shetty,28,F,A2,
1631,1100,Chaya Rao,50,F,A1,
1632,1101,Vijay Shetty,21,M,A1,REPEAT-007
1633,1102,Ganesh Patil,33,M,A1,
1634,1102,Lakshmi Naik,38,F,A2,
1635,1103,Kumar Kumar,32,M,A1,
1636,1103,Deepa Patil,51,F,A2,
1637,1104,Basavaraj Reddy,43,M,A1,REPEAT-031
1638,1105,Yogesh Naik,51,M,A1,
1639,1105,Raghu Achar,42,M,A2,
1640,1106,Bhagya Poojary,26,F,A1,
1641,1107,Manjunath Murthy,25,M,A1,REPEAT-025
1642,1108,Prakash Gowda,36,M,A1,
1643,1109,Raghu Bhat,38,M,A1,
1644,1110,Shobha Patil,39,F,A1,
1645,1110,Nagaraj Poojary,33,M,A2,
1646,1111,Basavaraj Rao,54,M,A1,
1647,1112,Prakash Patil,34,M,A1,
1648,1113,Mahesh Murthy,23,M,A1,REPEAT-033
1649,1113,Suresh Rao,22,M,A2,
1650,1114,Savitha Gowda,21,F,A1,
1651,1114,Sowmya Shetty,23,F,A2,
1652,1114,Kumar Murthy,35,M,A3,
1653,1115,Harish Rao,34,M,A1,
1654,1116,Raghu Reddy,41,M,A1,
1655,1117,Santosh Iyer,53,M,A1,
1656,1118,Sunita Hegde,34,F,A1,
1657,1119,Naveen Patil,37,M,A1,
1658,1120,Basavaraj Reddy,43,M,A1,REPEAT-031
1659,1120,Nagaraj Iyer,32,M,A2,
1660,1121,Manjunath Achar,20,M,A1,
1661,1122,Rekha Iyer,40,F,A1,
1662,1123,Vidya Kumar,54,F,A1,
1663,1123,Deepa Reddy,28,F,A2,
1664,1124,Santosh Rao,40,M,A1,
1665,1124,Chaya Iyer,31,F,A2,
1666,1125,Ramesh Naidu,31,M,A1,
1667,1125,Suresh Patil,40,M,A2,
1668,1125,Shivaraj Setty,37,M,A3,
1669,1126,Santosh Kumar,35,M,A1,
1670,1126,Suresh Naidu,44,M,A2,
1671,1127,Naveen Naik,19,M,A1,
1672,1127,Sunita Shetty,45,F,A2,
1673,1127,Basavaraj Hegde,50,M,A3,
1674,1128,Nagaraj Hegde,49,M,A1,
1675,1129,Priya Naik,22,F,A1,
1676,1129,Ravi Naidu,36,M,A2,
1677,1130,Ganesh Reddy,47,M,A1,
1678,1131,Sunita Murthy,42,F,A1,
1679,1131,Raghu Setty,20,M,A2,
1680,1132,Vidya Setty,29,F,A1,
1681,1133,Suresh Naik,38,M,A1,REPEAT-042
1682,1134,Manjula Patil,32,F,A1,
1683,1135,Lakshmi Bhat,53,F,A1,
1684,1136,Harish Rao,50,M,A1,
1685,1137,Naveen Patil,46,M,A1,
1686,1137,Ramesh Rao,51,M,A2,
1687,1137,Vijay Hegde,32,M,A3,
1688,1138,Kumar Kumar,18,M,A1,
1689,1139,Deepa Shetty,21,F,A1,
1690,1140,Manjunath Setty,43,M,A1,REPEAT-016
1691,1141,Nandini Shetty,22,F,A1,REPEAT-011
1692,1142,Mahesh Shetty,37,M,A1,REPEAT-022
1693,1143,Radha Reddy,44,F,A1,REPEAT-055
1694,1144,Sowmya Patil,53,F,A1,
1695,1145,Suresh Patil,54,M,A1,
1696,1146,Anil Bhat,34,M,A1,REPEAT-005
1697,1146,Anil Reddy,41,M,A2,
1698,1146,Santosh Rao,35,M,A3,
1699,1147,Naveen Rao,55,M,A1,
1700,1148,Vijay Murthy,37,M,A1,
1701,1148,Ganesh Shetty,48,M,A2,
1702,1149,Pooja Naidu,39,F,A1,
1703,1150,Naveen Achar,49,M,A1,
1704,1150,Suresh Iyer,48,M,A2,
1705,1151,Nandini Hegde,20,F,A1,
1706,1152,Lakshmi Murthy,44,F,A1,REPEAT-044
1707,1152,Ganesh Rao,55,M,A2,
1708,1153,Mahesh Bhat,19,M,A1,
1709,1153,Nagaraj Bhat,37,M,A2,
1710,1154,Lakshmi Murthy,44,F,A1,REPEAT-044
1711,1154,Santosh Reddy,36,M,A2,
1712,1155,Anil Bhat,42,M,A1,REPEAT-054
1713,1155,Vidya Poojary,52,F,A2,
1714,1156,Savitha Patil,21,F,A1,
1715,1157,Srinivas Hegde,32,M,A1,REPEAT-046
1716,1158,Naveen Murthy,43,M,A1,REPEAT-002
1717,1159,Vijay Shetty,21,M,A1,REPEAT-007
1718,1160,Manjunath Patil,33,M,A1,
1719,1161,Anita Patil,31,F,A1,
1720,1162,Harish Setty,37,M,A1,
1721,1163,Ravi Patil,43,M,A1,
1722,1163,Ramesh Murthy,54,M,A2,
1723,1164,Harish Reddy,44,M,A1,REPEAT-056
1724,1165,Harish Achar,46,M,A1,REPEAT-057
1725,1166,Santosh Iyer,38,M,A1,
1726,1166,Kumar Murthy,34,M,A2,
1727,1167,Anita Shetty,28,F,A1,REPEAT-019
1728,1167,Vijay Murthy,40,M,A2,
1729,1168,Rekha Murthy,31,F,A1,
1730,1169,Mahesh Murthy,23,M,A1,REPEAT-033
1731,1169,Srinivas Bhat,23,M,A2,
1732,1170,Suresh Setty,46,M,A1,
1733,1170,Suresh Shetty,40,M,A2,
1734,1171,Kumar Shetty,34,M,A1,
1735,1172,Nandini Kumar,42,F,A1,REPEAT-012
1736,1173,Manjunath Bhat,32,M,A1,REPEAT-030
1737,1173,Basavaraj Hegde,42,M,A2,
1738,1174,Basavaraj Naidu,36,M,A1,
1739,1175,Nagaraj Poojary,44,M,A1,
1740,1176,Vijay Shetty,21,M,A1,REPEAT-007
1741,1176,Savitha Reddy,22,F,A2,
1742,1176,Naveen Poojary,19,M,A3,
1743,1177,Nandini Gowda,36,F,A1,
1744,1178,Naveen Rao,40,M,A1,
1745,1179,Kavya Kumar,36,F,A1,
1746,1180,Girish Setty,37,M,A1,
1747,1180,Ramesh Murthy,29,M,A2,
1748,1181,Vidya Murthy,42,F,A1,
1749,1182,Manjula Setty,27,F,A1,
1750,1183,Srinivas Iyer,51,M,A1,
1751,1183,Geeta Iyer,41,F,A2,
1752,1184,Raghu Achar,47,M,A1,
1753,1184,Prakash Gowda,40,M,A2,
1754,1185,Mahesh Shetty,37,M,A1,REPEAT-022
1755,1186,Sowmya Reddy,52,F,A1,
1756,1186,Deepa Iyer,45,F,A2,
1757,1187,Vijay Patil,42,M,A1,
1758,1188,Anil Hegde,39,M,A1,
1759,1189,Yogesh Naidu,24,M,A1,REPEAT-001
1760,1189,Anil Setty,28,M,A2,
1761,1190,Anita Rao,50,F,A1,
1762,1191,Kumar Iyer,30,M,A1,
1763,1191,Ganesh Setty,54,M,A2,
1764,1192,Mahesh Kumar,24,M,A1,
1765,1192,Rekha Achar,53,F,A2,
1766,1192,Ganesh Gowda,47,M,A3,
1767,1193,Mahesh Murthy,23,M,A1,REPEAT-033
1768,1194,Nagaraj Bhat,36,M,A1,
1769,1195,Kavya Patil,36,F,A1,
1770,1196,Naveen Iyer,28,M,A1,
1771,1197,Naveen Hegde,35,M,A1,
1772,1198,Shobha Achar,53,F,A1,
1773,1199,Harish Setty,52,M,A1,
1774,1200,Kavya Murthy,39,F,A1,
1775,1201,Ramesh Poojary,55,M,A1,
1776,1201,Mahesh Kumar,44,M,A2,
1777,1202,Girish Gowda,44,M,A1,
1778,1203,Shwetha Hegde,27,F,A1,
1779,1204,Rekha Kumar,21,F,A1,
1780,1204,Geeta Achar,36,F,A2,
1781,1204,Santosh Setty,53,M,A3,
1782,1205,Kumar Rao,22,M,A1,
1783,1206,Anil Gowda,30,M,A1,
1784,1206,Lakshmi Bhat,48,F,A2,
1785,1207,Srinivas Naidu,40,M,A1,REPEAT-037
1786,1207,Lakshmi Reddy,54,F,A2,
1787,1208,Shivaraj Kumar,30,M,A1,REPEAT-024
1788,1209,Kumar Rao,44,M,A1,REPEAT-018
1789,1209,Sowmya Shetty,29,F,A2,
1790,1210,Geeta Rao,39,F,A1,
1791,1210,Santosh Kumar,21,M,A2,
1792,1211,Santosh Naik,44,M,A1,
1793,1211,Manjunath Hegde,45,M,A2,
1794,1212,Kumar Setty,32,M,A1,
1795,1213,Mahesh Shetty,37,M,A1,REPEAT-022
1796,1213,Kumar Setty,47,M,A2,
1797,1213,Rekha Murthy,27,F,A3,
1798,1214,Anil Murthy,43,M,A1,
1799,1214,Chaya Iyer,41,F,A2,
1800,1215,Vidya Bhat,40,F,A1,
1801,1216,Nagaraj Setty,45,M,A1,REPEAT-003
1802,1217,Manjunath Setty,43,M,A1,REPEAT-016
1803,1217,Anil Bhat,18,M,A2,
1804,1217,Nandini Bhat,35,F,A3,
1805,1218,Pooja Naidu,22,F,A1,
1806,1219,Nagaraj Setty,45,M,A1,REPEAT-003
1807,1219,Naveen Reddy,18,M,A2,
1808,1220,Mahesh Murthy,23,M,A1,REPEAT-033
1809,1221,Pooja Iyer,52,F,A1,
1810,1222,Harish Naik,29,M,A1,
1811,1222,Sowmya Murthy,45,F,A2,
1812,1223,Manjunath Poojary,37,M,A1,
1813,1224,Naveen Rao,55,M,A1,
1814,1225,Raghu Murthy,45,M,A1,
1815,1226,Harish Achar,19,M,A1,
1816,1226,Kumar Kumar,52,M,A2,
1817,1227,Girish Reddy,18,M,A1,
1818,1228,Anil Bhat,41,M,A1,REPEAT-054
1819,1228,Pooja Patil,33,F,A2,
1820,1229,Suresh Rao,50,M,A1,
1821,1229,Suresh Naik,47,M,A2,
1822,1230,Mahesh Shetty,37,M,A1,REPEAT-022
1823,1231,Srinivas Poojary,27,M,A1,
1824,1232,Vidya Naidu,25,F,A1,
1825,1233,Ganesh Gowda,20,M,A1,REPEAT-020
1826,1234,Rekha Gowda,29,F,A1,
1827,1235,Roopa Gowda,39,F,A1,
1828,1236,Lakshmi Hegde,28,F,A1,
1829,1237,Roopa Hegde,28,F,A1,
1830,1238,Roopa Bhat,46,F,A1,
1831,1238,Geeta Achar,19,F,A2,
1832,1238,Kumar Achar,27,M,A3,
1833,1239,Shivaraj Shetty,19,M,A1,
1834,1240,Shivaraj Gowda,42,M,A1,
1835,1241,Mahesh Murthy,44,M,A1,
1836,1242,Yogesh Bhat,19,M,A1,
1837,1243,Nagaraj Setty,45,M,A1,REPEAT-003
1838,1244,Naveen Naik,38,M,A1,REPEAT-021
1839,1245,Suresh Naik,48,M,A1,
1840,1246,Manjula Iyer,27,F,A1,
1841,1247,Naveen Hegde,18,M,A1,
1842,1248,Vijay Iyer,38,M,A1,
1843,1249,Shwetha Shetty,46,F,A1,
1844,1249,Kavya Reddy,18,F,A2,
1845,1249,Shivaraj Naidu,28,M,A3,
1846,1250,Kumar Shetty,50,M,A1,
1847,1251,Santosh Reddy,25,M,A1,
1848,1251,Vijay Gowda,31,M,A2,
1849,1251,Nandini Rao,55,F,A3,
1850,1252,Nagaraj Gowda,33,M,A1,
1851,1253,Ravi Gowda,33,M,A1,
1852,1253,Shivaraj Bhat,36,M,A2,
1853,1254,Nagaraj Iyer,45,M,A1,
1854,1255,Roopa Rao,35,F,A1,
1855,1255,Geeta Naik,53,F,A2,
1856,1256,Harish Achar,46,M,A1,REPEAT-057
1857,1257,Basavaraj Gowda,38,M,A1,
1858,1258,Anil Naik,52,M,A1,
1859,1259,Geeta Kumar,20,F,A1,
1860,1260,Naveen Murthy,43,M,A1,REPEAT-002
1861,1260,Santosh Patil,28,M,A2,
1862,1261,Anil Bhat,35,M,A1,REPEAT-005
1863,1261,Nagaraj Murthy,25,M,A2,
1864,1262,Ganesh Achar,44,M,A1,
1865,1262,Sunita Setty,49,F,A2,
1866,1263,Vijay Shetty,21,M,A1,REPEAT-007
1867,1264,Raghu Setty,45,M,A1,
1868,1264,Raghu Hegde,28,M,A2,
1869,1265,Kavya Bhat,19,F,A1,
1870,1266,Shobha Reddy,52,F,A1,
1871,1266,Roopa Achar,32,F,A2,
1872,1267,Vijay Murthy,40,M,A1,
1873,1267,Shobha Achar,34,F,A2,
1874,1268,Savitha Setty,41,F,A1,
1875,1269,Lakshmi Murthy,44,F,A1,REPEAT-044
1876,1270,Girish Gowda,42,M,A1,
1877,1271,Nandini Hegde,27,F,A1,
1878,1272,Raghu Setty,27,M,A1,
1879,1272,Manjula Gowda,53,F,A2,
1880,1273,Santosh Gowda,38,M,A1,
1881,1273,Basavaraj Setty,18,M,A2,
1882,1274,Roopa Murthy,45,F,A1,
1883,1274,Yogesh Iyer,22,M,A2,
1884,1274,Prakash Murthy,35,M,A3,
1885,1275,Anita Rao,44,F,A1,
1886,1276,Shwetha Gowda,24,F,A1,
1887,1276,Shobha Iyer,49,F,A2,
1888,1277,Vijay Shetty,40,M,A1,
1889,1278,Ravi Poojary,50,M,A1,
1890,1279,Vijay Rao,54,M,A1,
1891,1280,Srinivas Naidu,37,M,A1,REPEAT-049
1892,1281,Yogesh Achar,21,M,A1,
1893,1282,Naveen Poojary,50,M,A1,
1894,1283,Geeta Reddy,31,F,A1,
1895,1283,Nandini Naidu,29,F,A2,
1896,1284,Srinivas Achar,49,M,A1,
1897,1285,Kumar Iyer,53,M,A1,
1898,1285,Suresh Naik,47,M,A2,
1899,1286,Shivaraj Patil,40,M,A1,REPEAT-006
1900,1287,Mahesh Rao,51,M,A1,
1901,1288,Girish Kumar,30,M,A1,
1902,1289,Srinivas Gowda,52,M,A1,
1903,1289,Deepa Rao,34,F,A2,
1904,1290,Kavya Achar,55,F,A1,
1905,1290,Deepa Patil,39,F,A2,
1906,1291,Anita Setty,18,F,A1,
1907,1292,Mahesh Shetty,37,M,A1,REPEAT-022
1908,1293,Anita Setty,24,F,A1,
1909,1293,Kavya Iyer,23,F,A2,
1910,1294,Savitha Rao,32,F,A1,
1911,1295,Harish Achar,55,M,A1,
1912,1296,Ganesh Achar,44,M,A1,
1913,1296,Prakash Reddy,22,M,A2,
1914,1297,Kumar Reddy,20,M,A1,
1915,1297,Roopa Setty,45,F,A2,
1916,1298,Sunita Iyer,21,F,A1,
1917,1298,Bhagya Reddy,19,F,A2,
1918,1299,Vijay Gowda,44,M,A1,
1919,1300,Vijay Shetty,21,M,A1,REPEAT-007
1920,1300,Anil Shetty,36,M,A2,
1921,1301,Vijay Shetty,21,M,A1,REPEAT-007
1922,1302,Anil Achar,23,M,A1,
1923,1302,Ganesh Murthy,48,M,A2,
1924,1303,Shivaraj Naidu,33,M,A1,
1925,1304,Raghu Gowda,54,M,A1,
1926,1305,Chaya Naik,50,F,A1,
1927,1306,Lakshmi Setty,19,F,A1,
1928,1307,Nandini Shetty,23,F,A1,REPEAT-011
1929,1308,Priya Iyer,41,F,A1,
1930,1308,Suresh Poojary,39,M,A2,
1931,1309,Ravi Patil,29,M,A1,
1932,1309,Prakash Naidu,20,M,A2,
1933,1310,Savitha Naidu,23,F,A1,REPEAT-013
1934,1311,Anil Rao,48,M,A1,
1935,1312,Girish Rao,35,M,A1,
1936,1313,Sunita Achar,26,F,A1,
1937,1314,Manjunath Murthy,25,M,A1,REPEAT-025
1938,1314,Prakash Rao,29,M,A2,
1939,1315,Suresh Naik,38,M,A1,REPEAT-042
1940,1315,Mahesh Achar,34,M,A2,
1941,1316,Santosh Gowda,45,M,A1,
1942,1317,Vijay Shetty,22,M,A1,REPEAT-007
1943,1317,Vijay Iyer,49,M,A2,
1944,1318,Nagaraj Setty,45,M,A1,REPEAT-003
1945,1318,Geeta Hegde,30,F,A2,
1946,1319,Harish Hegde,33,M,A1,
1947,1320,Mahesh Reddy,55,M,A1,
1948,1321,Ganesh Naik,50,M,A1,
1949,1321,Kumar Shetty,36,M,A2,
1950,1322,Srinivas Patil,21,M,A1,
1951,1322,Prakash Achar,35,M,A2,
1952,1323,Basavaraj Setty,19,M,A1,
1953,1324,Suresh Kumar,54,M,A1,
1954,1325,Ravi Patil,24,M,A1,
1955,1326,Lakshmi Rao,48,F,A1,
1956,1327,Anil Bhat,41,M,A1,REPEAT-054
1957,1327,Manjunath Murthy,42,M,A2,
1958,1328,Raghu Patil,31,M,A1,
1959,1329,Kumar Poojary,42,M,A1,
1960,1330,Ganesh Hegde,23,M,A1,
1961,1330,Shwetha Naidu,25,F,A2,
1962,1331,Manjunath Gowda,20,M,A1,
1963,1332,Suresh Hegde,24,M,A1,
1964,1333,Santosh Naidu,54,M,A1,
1965,1333,Santosh Rao,39,M,A2,
1966,1334,Girish Murthy,24,M,A1,
1967,1335,Vijay Reddy,35,M,A1,
1968,1336,Chaya Murthy,49,F,A1,
1969,1336,Shivaraj Setty,46,M,A2,
1970,1337,Kumar Shetty,23,M,A1,
1971,1337,Radha Naik,39,F,A2,
1972,1338,Radha Iyer,35,F,A1,
1973,1339,Anil Naidu,34,M,A1,
1974,1340,Geeta Shetty,50,F,A1,
1975,1340,Srinivas Hegde,21,M,A2,
1976,1341,Rekha Rao,38,F,A1,
1977,1342,Rekha Setty,43,F,A1,
1978,1343,Naveen Murthy,44,M,A1,REPEAT-002
1979,1344,Sowmya Poojary,47,F,A1,
1980,1344,Chaya Shetty,40,F,A2,
1981,1345,Bhagya Gowda,21,F,A1,
1982,1346,Ganesh Shetty,32,M,A1,
1983,1347,Harish Naidu,37,M,A1,REPEAT-015
1984,1347,Kumar Poojary,20,M,A2,
1985,1347,Ravi Setty,52,M,A3,
1986,1348,Mahesh Hegde,18,M,A1,
1987,1349,Harish Kumar,50,M,A1,
1988,1350,Roopa Hegde,21,F,A1,
1989,1351,Mahesh Murthy,23,M,A1,REPEAT-033
1990,1352,Vidya Shetty,50,F,A1,
1991,1353,Yogesh Iyer,21,M,A1,
1992,1353,Girish Murthy,20,M,A2,
1993,1354,Anil Gowda,20,M,A1,REPEAT-052
1994,1355,Naveen Murthy,43,M,A1,
1995,1355,Prakash Hegde,26,M,A2,
1996,1355,Anil Reddy,26,M,A3,
1997,1356,Harish Naidu,36,M,A1,REPEAT-015
1998,1356,Naveen Setty,36,M,A2,
1999,1357,Prakash Rao,37,M,A1,
2000,1358,Nandini Kumar,42,F,A1,REPEAT-012
2001,1359,Anil Reddy,39,M,A1,
2002,1360,Savitha Naidu,39,F,A1,
2003,1360,Ramesh Gowda,54,M,A2,
2004,1361,Ganesh Naik,22,M,A1,
2005,1362,Ravi Murthy,43,M,A1,
2006,1363,Lakshmi Reddy,33,F,A1,
2007,1363,Santosh Patil,45,M,A2,
2008,1364,Srinivas Murthy,23,M,A1,
2009,1364,Sowmya Murthy,31,F,A2,
2010,1365,Manjunath Setty,29,M,A1,
2011,1365,Sowmya Patil,52,F,A2,
2012,1366,Ramesh Poojary,48,M,A1,
2013,1367,Naveen Poojary,39,M,A1,
2014,1368,Vidya Bhat,27,F,A1,
2015,1369,Suresh Kumar,43,M,A1,
2016,1370,Basavaraj Reddy,42,M,A1,REPEAT-031
2017,1370,Srinivas Setty,33,M,A2,
2018,1370,Ravi Rao,18,M,A3,
2019,1371,Ramesh Achar,36,M,A1,
2020,1372,Yogesh Kumar,45,M,A1,REPEAT-050
2021,1373,Vijay Murthy,43,M,A1,
2022,1373,Girish Achar,39,M,A2,
2023,1374,Nagaraj Kumar,30,M,A1,
2024,1374,Rekha Iyer,27,F,A2,
2025,1374,Ramesh Patil,47,M,A3,
2026,1375,Nagaraj Poojary,18,M,A1,
2027,1376,Basavaraj Bhat,52,M,A1,
2028,1377,Manjunath Bhat,32,M,A1,REPEAT-030
2029,1378,Pooja Hegde,51,F,A1,
2030,1378,Mahesh Murthy,34,M,A2,
2031,1379,Vidya Kumar,22,F,A1,
2032,1379,Vijay Patil,48,M,A2,
2033,1380,Ganesh Iyer,24,M,A1,
2034,1380,Deepa Murthy,23,F,A2,
2035,1381,Girish Achar,36,M,A1,
2036,1381,Ramesh Setty,18,M,A2,
2037,1382,Harish Reddy,49,M,A1,
2038,1383,Priya Kumar,47,F,A1,
2039,1383,Naveen Gowda,27,M,A2,
2040,1384,Kavya Patil,39,F,A1,
2041,1385,Harish Naidu,36,M,A1,REPEAT-015
2042,1386,Ganesh Achar,40,M,A1,
2043,1386,Prakash Bhat,40,M,A2,
2044,1387,Ganesh Achar,22,M,A1,
2045,1387,Prakash Iyer,24,M,A2,
2046,1388,Suresh Naik,39,M,A1,REPEAT-042
2047,1389,Bhagya Patil,39,F,A1,
2048,1389,Savitha Setty,41,F,A2,
2049,1390,Kavya Iyer,28,F,A1,
2050,1390,Girish Naidu,18,M,A2,
2051,1391,Radha Reddy,44,F,A1,REPEAT-055
2052,1391,Shobha Poojary,23,F,A2,
2053,1392,Sowmya Bhat,23,F,A1,
2054,1393,Ganesh Reddy,45,M,A1,
2055,1393,Yogesh Shetty,32,M,A2,
2056,1394,Anil Hegde,33,M,A1,
2057,1394,Lakshmi Patil,23,F,A2,
2058,1394,Ravi Gowda,26,M,A3,
2059,1395,Ravi Kumar,55,M,A1,
2060,1396,Ganesh Hegde,36,M,A1,REPEAT-060
2061,1397,Yogesh Bhat,52,M,A1,
2062,1398,Vijay Naidu,47,M,A1,
2063,1399,Anil Hegde,55,M,A1,
2064,1400,Manjunath Patil,38,M,A1,
2065,1400,Sowmya Gowda,43,F,A2,
2066,1401,Suresh Naik,38,M,A1,REPEAT-042
2067,1402,Nagaraj Setty,54,M,A1,
2068,1403,Ramesh Iyer,18,M,A1,
2069,1404,Lakshmi Poojary,53,F,A1,
2070,1405,Anita Shetty,24,F,A1,
2071,1405,Manjunath Hegde,38,M,A2,
2072,1405,Prakash Rao,51,M,A3,
2073,1406,Vijay Achar,47,M,A1,
2074,1407,Srinivas Naidu,40,M,A1,REPEAT-037
2075,1407,Nagaraj Rao,25,M,A2,
2076,1407,Yogesh Gowda,45,M,A3,
2077,1408,Bhagya Kumar,33,F,A1,
2078,1408,Santosh Kumar,51,M,A2,
2079,1408,Nagaraj Poojary,25,M,A3,
2080,1409,Santosh Naik,22,M,A1,
2081,1410,Mahesh Reddy,51,M,A1,
2082,1411,Santosh Shetty,34,M,A1,
2083,1412,Shivaraj Patil,31,M,A1,
2084,1412,Mahesh Naidu,43,M,A2,
2085,1413,Ravi Naik,41,M,A1,REPEAT-008
2086,1414,Rekha Hegde,29,F,A1,
2087,1415,Harish Naik,46,M,A1,
2088,1415,Anil Murthy,37,M,A2,
2089,1415,Yogesh Naik,38,M,A3,
2090,1416,Srinivas Setty,50,M,A1,
2091,1417,Srinivas Naidu,37,M,A1,REPEAT-049
2092,1418,Ganesh Gowda,20,M,A1,REPEAT-020
2093,1419,Srinivas Patil,49,M,A1,
2094,1420,Suresh Setty,40,M,A1,
2095,1421,Radha Reddy,44,F,A1,REPEAT-055
2096,1422,Deepa Shetty,35,F,A1,
2097,1423,Bhagya Murthy,54,F,A1,
2098,1423,Ganesh Poojary,33,M,A2,
2099,1423,Yogesh Naik,52,M,A3,
2100,1424,Manjula Bhat,45,F,A1,
2101,1425,Santosh Achar,51,M,A1,
2102,1426,Chaya Iyer,55,F,A1,
2103,1426,Mahesh Poojary,18,M,A2,
2104,1426,Mahesh Bhat,47,M,A3,
2105,1427,Kumar Poojary,23,M,A1,
2106,1427,Anil Gowda,23,M,A2,
2107,1427,Kumar Setty,27,M,A3,
2108,1428,Shivaraj Kumar,30,M,A1,REPEAT-024
2109,1429,Anil Bhat,35,M,A1,REPEAT-005
2110,1430,Nandini Naik,29,F,A1,
2111,1431,Basavaraj Naidu,18,M,A1,
2112,1431,Rekha Kumar,48,F,A2,
2113,1432,Yogesh Naidu,24,M,A1,REPEAT-001
2114,1433,Shivaraj Achar,21,M,A1,
2115,1434,Suresh Naik,39,M,A1,REPEAT-042
2116,1435,Mahesh Reddy,19,M,A1,
2117,1436,Kavya Naidu,54,F,A1,
2118,1437,Harish Rao,38,M,A1,
2119,1438,Roopa Bhat,36,F,A1,
2120,1439,Girish Achar,33,M,A1,
2121,1440,Sowmya Iyer,43,F,A1,
2122,1440,Harish Naidu,37,M,A2,
2123,1441,Yogesh Setty,54,M,A1,
2124,1442,Ravi Setty,45,M,A1,
2125,1443,Basavaraj Kumar,36,M,A1,
2126,1444,Yogesh Naidu,22,M,A1,
2127,1444,Suresh Naik,30,M,A2,
2128,1445,Nagaraj Rao,25,M,A1,REPEAT-026
2129,1445,Vijay Naik,39,M,A2,
2130,1445,Anita Reddy,45,F,A3,
2131,1446,Harish Reddy,44,M,A1,REPEAT-056
2132,1446,Harish Reddy,52,M,A2,
2133,1446,Kumar Patil,33,M,A3,
2134,1447,Naveen Setty,54,M,A1,
2135,1448,Raghu Poojary,24,M,A1,
2136,1448,Yogesh Achar,45,M,A2,
2137,1449,Sowmya Iyer,27,F,A1,
2138,1449,Suresh Rao,30,M,A2,
2139,1450,Harish Naidu,37,M,A1,REPEAT-015
2140,1451,Srinivas Naidu,31,M,A1,
2141,1451,Roopa Naik,34,F,A2,
2142,1452,Lakshmi Rao,39,F,A1,
2143,1453,Naveen Iyer,25,M,A1,
2144,1453,Pooja Shetty,51,F,A2,
2145,1454,Shivaraj Murthy,54,M,A1,
2146,1455,Anita Shetty,29,F,A1,REPEAT-019
2147,1456,Shivaraj Kumar,29,M,A1,REPEAT-024
2148,1456,Manjunath Iyer,26,M,A2,
2149,1457,Harish Achar,46,M,A1,REPEAT-057
2150,1458,Anil Murthy,40,M,A1,
2151,1458,Basavaraj Achar,29,M,A2,
2152,1459,Harish Naidu,36,M,A1,REPEAT-015
2153,1459,Vidya Achar,40,F,A2,
2154,1460,Anita Shetty,28,F,A1,REPEAT-019
2155,1461,Ravi Bhat,20,M,A1,
2156,1461,Shivaraj Iyer,55,M,A2,
2157,1462,Srinivas Naidu,38,M,A1,REPEAT-049
2158,1463,Nagaraj Naidu,37,M,A1,REPEAT-035
2159,1464,Ganesh Patil,29,M,A1,
2160,1465,Anil Iyer,19,M,A1,
2161,1466,Kumar Hegde,31,M,A1,
2162,1466,Mahesh Setty,40,M,A2,
2163,1467,Nagaraj Shetty,18,M,A1,
2164,1467,Kumar Murthy,42,M,A2,
2165,1468,Raghu Hegde,31,M,A1,
2166,1469,Rekha Achar,50,F,A1,
2167,1470,Shivaraj Kumar,29,M,A1,REPEAT-024
2168,1470,Kumar Achar,27,M,A2,
2169,1471,Kavya Reddy,20,F,A1,
2170,1472,Lakshmi Murthy,44,F,A1,REPEAT-044
2171,1472,Ganesh Naik,37,M,A2,
2172,1472,Suresh Bhat,28,M,A3,
2173,1473,Harish Reddy,44,M,A1,REPEAT-056
2174,1473,Suresh Iyer,45,M,A2,
2175,1474,Manjunath Setty,21,M,A1,
2176,1475,Basavaraj Naidu,35,M,A1,
2177,1476,Shobha Rao,22,F,A1,
2178,1477,Vijay Shetty,21,M,A1,REPEAT-007
2179,1478,Ramesh Iyer,34,M,A1,
2180,1479,Santosh Setty,51,M,A1,
2181,1479,Basavaraj Hegde,47,M,A2,
2182,1480,Prakash Naik,25,M,A1,
2183,1480,Naveen Poojary,39,M,A2,
2184,1481,Roopa Gowda,49,F,A1,
2185,1482,Shobha Murthy,44,F,A1,
2186,1482,Ravi Patil,43,M,A2,
2187,1483,Ravi Rao,34,M,A1,
2188,1483,Suresh Patil,21,M,A2,
2189,1483,Prakash Hegde,42,M,A3,
2190,1484,Naveen Patil,53,M,A1,
2191,1485,Manjunath Setty,51,M,A1,
2192,1486,Nagaraj Setty,46,M,A1,REPEAT-003
2193,1487,Srinivas Naidu,38,M,A1,REPEAT-049
2194,1487,Mahesh Setty,24,M,A2,
2195,1487,Prakash Poojary,44,M,A3,
2196,1488,Bhagya Setty,41,F,A1,
2197,1489,Priya Iyer,21,F,A1,
2198,1489,Geeta Setty,30,F,A2,
2199,1490,Lakshmi Poojary,40,F,A1,
2200,1491,Manjunath Murthy,26,M,A1,REPEAT-025
2201,1491,Kumar Shetty,39,M,A2,
2202,1492,Geeta Reddy,49,F,A1,
2203,1492,Deepa Patil,53,F,A2,
2204,1492,Manjunath Shetty,22,M,A3,
2205,1493,Nandini Naik,55,F,A1,
2206,1494,Manjunath Murthy,25,M,A1,REPEAT-025
2207,1494,Manjunath Bhat,25,M,A2,
2208,1495,Harish Achar,45,M,A1,REPEAT-057
2209,1495,Girish Shetty,31,M,A2,
2210,1496,Suresh Naik,38,M,A1,REPEAT-042
2211,1496,Srinivas Patil,29,M,A2,
2212,1497,Ravi Achar,40,M,A1,
2213,1498,Anil Gowda,52,M,A1,
2214,1499,Manjunath Bhat,33,M,A1,REPEAT-030
2215,1500,Manjula Gowda,19,F,A1,
2216,1500,Suresh Shetty,49,M,A2,
2217,1500,Kavya Shetty,44,F,A3,
2218,1501,Suresh Naidu,25,M,A1,
2219,1501,Radha Poojary,25,F,A2,
2220,1502,Kumar Gowda,37,M,A1,
2221,1502,Ramesh Patil,22,M,A2,
2222,1502,Raghu Reddy,49,M,A3,
2223,1503,Raghu Hegde,41,M,A1,REPEAT-045
2224,1503,Rekha Rao,35,F,A2,
2225,1504,Suresh Murthy,37,M,A1,
2226,1504,Yogesh Shetty,36,M,A2,
2227,1505,Basavaraj Shetty,41,M,A1,REPEAT-023
2228,1505,Raghu Bhat,21,M,A2,
2229,1506,Manjunath Murthy,25,M,A1,REPEAT-025
2230,1507,Naveen Murthy,32,M,A1,
2231,1507,Ganesh Naik,34,M,A2,
2232,1508,Shivaraj Patil,36,M,A1,
2233,1508,Prakash Iyer,51,M,A2,
2234,1509,Sowmya Kumar,27,F,A1,
2235,1510,Sowmya Shetty,49,F,A1,
2236,1511,Savitha Shetty,35,F,A1,
2237,1511,Ramesh Poojary,44,M,A2,
2238,1512,Vijay Shetty,22,M,A1,REPEAT-007
2239,1512,Santosh Reddy,27,M,A2,
2240,1513,Nagaraj Reddy,36,M,A1,
2241,1514,Srinivas Poojary,37,M,A1,
2242,1515,Kumar Achar,38,M,A1,
2243,1516,Manjunath Iyer,46,M,A1,
2244,1517,Kumar Naidu,19,M,A1,
2245,1518,Suresh Kumar,19,M,A1,
2246,1518,Yogesh Gowda,29,M,A2,
2247,1518,Shivaraj Gowda,41,M,A3,
2248,1519,Vijay Shetty,21,M,A1,REPEAT-007
2249,1519,Savitha Murthy,46,F,A2,
2250,1519,Ravi Reddy,22,M,A3,
2251,1520,Nagaraj Naik,55,M,A1,
2252,1521,Santosh Shetty,37,M,A1,
2253,1521,Radha Iyer,47,F,A2,
2254,1522,Raghu Gowda,45,M,A1,
2255,1522,Anita Naidu,36,F,A2,
2256,1523,Harish Naidu,37,M,A1,REPEAT-015
2257,1524,Ganesh Iyer,30,M,A1,
2258,1525,Lakshmi Gowda,35,F,A1,
2259,1526,Ganesh Hegde,37,M,A1,REPEAT-060
2260,1527,Naveen Murthy,43,M,A1,REPEAT-002
2261,1528,Manjula Naidu,43,F,A1,
2262,1528,Savitha Achar,49,F,A2,
2263,1529,Deepa Naik,18,F,A1,
2264,1530,Pooja Patil,52,F,A1,
2265,1531,Lakshmi Gowda,32,F,A1,
2266,1532,Ganesh Hegde,36,M,A1,REPEAT-060
2267,1532,Ganesh Murthy,27,M,A2,
2268,1533,Kumar Murthy,47,M,A1,
2269,1534,Roopa Rao,54,F,A1,
2270,1535,Kumar Iyer,31,M,A1,
2271,1536,Basavaraj Naidu,50,M,A1,
2272,1537,Roopa Naidu,32,F,A1,
2273,1538,Raghu Patil,30,M,A1,
2274,1539,Basavaraj Poojary,29,M,A1,
2275,1540,Mahesh Murthy,37,M,A1,
2276,1541,Srinivas Shetty,35,M,A1,
2277,1542,Mahesh Murthy,23,M,A1,REPEAT-033
2278,1543,Kumar Kumar,31,M,A1,
2279,1543,Sunita Setty,44,F,A2,
2280,1544,Anil Bhat,41,M,A1,REPEAT-054
2281,1545,Suresh Rao,35,M,A1,
2282,1546,Manjunath Murthy,25,M,A1,REPEAT-025
2283,1546,Bhagya Bhat,18,F,A2,
2284,1547,Lakshmi Naik,44,F,A1,
2285,1548,Nagaraj Hegde,31,M,A1,
2286,1549,Srinivas Naidu,38,M,A1,REPEAT-049
2287,1549,Vijay Murthy,19,M,A2,
2288,1550,Yogesh Kumar,44,M,A1,REPEAT-050
2289,1551,Prakash Achar,33,M,A1,
2290,1552,Ganesh Patil,55,M,A1,
2291,1553,Priya Achar,40,F,A1,
2292,1553,Manjula Murthy,31,F,A2,
2293,1553,Ravi Rao,19,M,A3,
2294,1554,Ganesh Hegde,37,M,A1,REPEAT-060
2295,1555,Deepa Murthy,41,F,A1,
2296,1556,Nagaraj Naidu,36,M,A1,REPEAT-035
2297,1556,Vijay Rao,45,M,A2,
2298,1556,Basavaraj Reddy,48,M,A3,
2299,1557,Anita Reddy,49,F,A1,
2300,1558,Yogesh Kumar,44,M,A1,REPEAT-050
2301,1559,Kumar Rao,45,M,A1,REPEAT-018
2302,1559,Prakash Iyer,39,M,A2,
2303,1560,Srinivas Hegde,31,M,A1,REPEAT-046
2304,1561,Savitha Rao,47,F,A1,
2305,1562,Chaya Iyer,25,F,A1,
2306,1563,Shwetha Patil,23,F,A1,
2307,1564,Harish Patil,39,M,A1,REPEAT-053
2308,1565,Sunita Gowda,28,F,A1,
2309,1566,Santosh Setty,25,M,A1,
2310,1567,Ramesh Murthy,26,M,A1,
2311,1567,Srinivas Setty,21,M,A2,
2312,1568,Vidya Bhat,31,F,A1,
2313,1569,Manjula Setty,39,F,A1,
2314,1569,Manjunath Naidu,52,M,A2,
2315,1569,Deepa Achar,47,F,A3,
2316,1570,Vijay Shetty,43,M,A1,
2317,1571,Ganesh Patil,27,M,A1,
2318,1571,Vijay Gowda,36,M,A2,
2319,1572,Suresh Rao,35,M,A1,
2320,1573,Basavaraj Setty,30,M,A1,
2321,1573,Deepa Reddy,22,F,A2,
2322,1574,Radha Patil,54,F,A1,
2323,1575,Shivaraj Kumar,29,M,A1,REPEAT-024
2324,1576,Anita Bhat,46,F,A1,
2325,1577,Santosh Naidu,33,M,A1,
2326,1578,Ganesh Reddy,35,M,A1,
2327,1579,Shobha Hegde,53,F,A1,
2328,1579,Ramesh Setty,37,M,A2,
2329,1580,Chaya Murthy,49,F,A1,
2330,1581,Nandini Iyer,45,F,A1,
2331,1581,Shwetha Shetty,33,F,A2,
2332,1582,Ganesh Poojary,55,M,A1,
2333,1583,Yogesh Reddy,24,M,A1,
2334,1584,Basavaraj Achar,20,M,A1,
2335,1584,Savitha Achar,42,F,A2,
2336,1585,Nandini Poojary,48,F,A1,
2337,1586,Anil Bhat,34,M,A1,REPEAT-005
2338,1586,Girish Hegde,18,M,A2,
2339,1587,Vijay Shetty,22,M,A1,REPEAT-007
2340,1587,Basavaraj Kumar,39,M,A2,
2341,1588,Sowmya Hegde,28,F,A1,
2342,1588,Bhagya Rao,44,F,A2,
2343,1589,Basavaraj Reddy,42,M,A1,REPEAT-031
2344,1590,Manjunath Rao,29,M,A1,
2345,1590,Bhagya Bhat,47,F,A2,
2346,1591,Basavaraj Setty,24,M,A1,
2347,1591,Ganesh Naidu,44,M,A2,
2348,1592,Santosh Hegde,23,M,A1,
2349,1593,Harish Naik,41,M,A1,
2350,1594,Mahesh Murthy,24,M,A1,REPEAT-033
2351,1595,Santosh Patil,52,M,A1,
2352,1595,Ramesh Achar,34,M,A2,
2353,1596,Vidya Bhat,53,F,A1,
2354,1596,Raghu Naik,36,M,A2,
2355,1596,Raghu Rao,51,M,A3,
2356,1597,Shobha Setty,41,F,A1,
2357,1597,Chaya Kumar,28,F,A2,
2358,1597,Ravi Poojary,30,M,A3,
2359,1598,Ganesh Naidu,30,M,A1,
2360,1599,Yogesh Naidu,24,M,A1,REPEAT-001
2361,1600,Prakash Bhat,20,M,A1,
2362,1601,Bhagya Rao,25,F,A1,
2363,1601,Shivaraj Iyer,36,M,A2,
2364,1602,Kumar Murthy,38,M,A1,
2365,1602,Ravi Reddy,25,M,A2,
2366,1602,Santosh Naidu,27,M,A3,
2367,1603,Harish Bhat,43,M,A1,
2368,1603,Naveen Shetty,38,M,A2,
2369,1604,Raghu Shetty,45,M,A1,
2370,1605,Shivaraj Reddy,28,M,A1,
2371,1606,Nagaraj Iyer,26,M,A1,
2372,1607,Rekha Gowda,40,F,A1,
2373,1608,Raghu Naik,43,M,A1,
2374,1609,Srinivas Achar,28,M,A1,
2375,1610,Rekha Murthy,47,F,A1,
2376,1611,Santosh Rao,53,M,A1,
2377,1612,Mahesh Poojary,29,M,A1,
2378,1613,Shwetha Rao,28,F,A1,
2379,1613,Ravi Patil,23,M,A2,
2380,1614,Shivaraj Hegde,47,M,A1,
2381,1614,Shobha Murthy,42,F,A2,
2382,1615,Suresh Naik,39,M,A1,REPEAT-042
2383,1615,Rekha Hegde,42,F,A2,
2384,1615,Lakshmi Murthy,44,F,A3,
2385,1616,Manjunath Murthy,26,M,A1,REPEAT-025
2386,1616,Ramesh Patil,24,M,A2,
2387,1617,Naveen Patil,46,M,A1,
2388,1617,Vijay Kumar,52,M,A2,
2389,1618,Santosh Naidu,21,M,A1,
2390,1619,Ramesh Kumar,25,M,A1,
2391,1620,Savitha Reddy,54,F,A1,
2392,1621,Yogesh Shetty,23,M,A1,
2393,1622,Lakshmi Kumar,39,F,A1,
2394,1623,Anita Shetty,28,F,A1,REPEAT-019
2395,1623,Mahesh Patil,24,M,A2,
2396,1624,Raghu Kumar,39,M,A1,
2397,1625,Ravi Gowda,21,M,A1,
2398,1626,Anil Shetty,29,M,A1,
2399,1627,Prakash Rao,44,M,A1,
2400,1628,Basavaraj Reddy,42,M,A1,REPEAT-031
2401,1629,Ravi Murthy,19,M,A1,
2402,1629,Vijay Achar,47,M,A2,
2403,1630,Girish Kumar,42,M,A1,
2404,1631,Suresh Shetty,19,M,A1,
2405,1632,Nagaraj Patil,51,M,A1,
2406,1632,Ravi Iyer,31,M,A2,
2407,1633,Shwetha Naik,30,F,A1,
2408,1634,Mahesh Murthy,24,M,A1,REPEAT-033
2409,1635,Basavaraj Setty,44,M,A1,
2410,1636,Manjunath Murthy,25,M,A1,REPEAT-025
2411,1637,Suresh Naik,38,M,A1,REPEAT-042
2412,1638,Suresh Rao,38,M,A1,
2413,1638,Kumar Hegde,18,M,A2,
2414,1639,Yogesh Setty,52,M,A1,
2415,1640,Harish Naik,49,M,A1,
2416,1640,Vijay Shetty,43,M,A2,
2417,1641,Raghu Iyer,53,M,A1,
2418,1642,Harish Murthy,39,M,A1,
2419,1642,Yogesh Poojary,40,M,A2,
2420,1643,Santosh Rao,40,M,A1,REPEAT-027
2421,1643,Manjula Setty,18,F,A2,
2422,1643,Mahesh Patil,21,M,A3,
2423,1644,Nagaraj Naidu,35,M,A1,
2424,1645,Ramesh Hegde,48,M,A1,
2425,1645,Rekha Achar,54,F,A2,
2426,1645,Mahesh Shetty,52,M,A3,
2427,1646,Raghu Gowda,35,M,A1,
2428,1647,Manjunath Iyer,32,M,A1,
2429,1648,Harish Achar,46,M,A1,REPEAT-057
2430,1649,Santosh Poojary,50,M,A1,
2431,1650,Yogesh Murthy,52,M,A1,
2432,1650,Chaya Poojary,51,F,A2,
2433,1651,Srinivas Rao,45,M,A1,
2434,1652,Vijay Naik,49,M,A1,
2435,1652,Girish Rao,43,M,A2,
2436,1653,Naveen Poojary,23,M,A1,
2437,1654,Roopa Murthy,41,F,A1,
2438,1655,Girish Gowda,20,M,A1,
2439,1655,Roopa Iyer,40,F,A2,
2440,1656,Suresh Rao,33,M,A1,
2441,1656,Ravi Gowda,21,M,A2,
2442,1656,Anil Reddy,41,M,A3,
2443,1657,Chaya Rao,37,F,A1,
2444,1657,Manjunath Setty,21,M,A2,
2445,1658,Lakshmi Murthy,45,F,A1,REPEAT-044
2446,1658,Kumar Poojary,31,M,A2,
2447,1659,Manjunath Hegde,19,M,A1,
2448,1660,Shwetha Patil,53,F,A1,
2449,1660,Basavaraj Naidu,20,M,A2,
2450,1661,Ganesh Poojary,50,M,A1,
2451,1662,Anil Naidu,50,M,A1,
2452,1662,Kumar Hegde,18,M,A2,
2453,1663,Prakash Shetty,20,M,A1,
2454,1664,Radha Shetty,33,F,A1,
2455,1665,Deepa Setty,52,F,A1,
2456,1666,Mahesh Setty,30,M,A1,
2457,1667,Yogesh Naik,45,M,A1,
2458,1667,Srinivas Reddy,45,M,A2,
2459,1667,Savitha Bhat,35,F,A3,
2460,1668,Roopa Achar,49,F,A1,
2461,1669,Naveen Patil,55,M,A1,
2462,1669,Vijay Murthy,30,M,A2,
2463,1670,Radha Reddy,45,F,A1,REPEAT-055
2464,1670,Vidya Patil,42,F,A2,
2465,1670,Sunita Hegde,44,F,A3,
2466,1671,Ganesh Gowda,39,M,A1,
2467,1671,Manjunath Rao,23,M,A2,
2468,1672,Shwetha Kumar,44,F,A1,
2469,1672,Savitha Naidu,30,F,A2,
2470,1673,Anil Patil,41,M,A1,
2471,1674,Mahesh Kumar,52,M,A1,
2472,1674,Sunita Shetty,53,F,A2,
2473,1675,Manjunath Shetty,26,M,A1,
2474,1676,Mahesh Murthy,35,M,A1,
2475,1676,Ganesh Shetty,52,M,A2,
2476,1677,Ramesh Shetty,34,M,A1,
2477,1677,Kumar Gowda,28,M,A2,
2478,1678,Mahesh Murthy,23,M,A1,REPEAT-033
2479,1679,Manjunath Murthy,25,M,A1,REPEAT-025
2480,1680,Vijay Shetty,21,M,A1,REPEAT-007
2481,1680,Yogesh Iyer,44,M,A2,
2482,1681,Nandini Rao,47,F,A1,
2483,1682,Santosh Achar,29,M,A1,
2484,1682,Geeta Murthy,46,F,A2,
2485,1682,Nagaraj Hegde,24,M,A3,
2486,1683,Naveen Naidu,33,M,A1,
2487,1684,Naveen Bhat,22,M,A1,
2488,1684,Harish Kumar,26,M,A2,
2489,1685,Ravi Poojary,39,M,A1,
2490,1685,Kavya Rao,37,F,A2,
2491,1685,Ravi Iyer,29,M,A3,
2492,1686,Naveen Setty,31,M,A1,
2493,1687,Srinivas Naidu,38,M,A1,REPEAT-049
2494,1688,Prakash Poojary,36,M,A1,REPEAT-028
2495,1688,Manjunath Shetty,29,M,A2,
2496,1689,Naveen Gowda,51,M,A1,
2497,1690,Kavya Poojary,42,F,A1,
2498,1690,Vijay Poojary,32,M,A2,
2499,1691,Harish Naidu,39,M,A1,
2500,1692,Harish Naidu,49,M,A1,
2501,1693,Naveen Gowda,24,M,A1,
2502,1694,Sowmya Iyer,48,F,A1,
2503,1695,Mahesh Naik,46,M,A1,
2504,1695,Naveen Iyer,39,M,A2,
2505,1695,Vijay Reddy,20,M,A3,
2506,1696,Srinivas Setty,48,M,A1,
2507,1697,Prakash Naik,42,M,A1,REPEAT-032
2508,1698,Mahesh Murthy,23,M,A1,REPEAT-033
2509,1699,Deepa Naik,24,F,A1,
2510,1700,Ganesh Poojary,22,M,A1,
2511,1701,Shivaraj Shetty,51,M,A1,
2512,1701,Manjunath Bhat,27,M,A2,
2513,1702,Manjunath Murthy,55,M,A1,
2514,1702,Prakash Kumar,25,M,A2,
2515,1703,Priya Murthy,23,F,A1,REPEAT-010
2516,1704,Vidya Hegde,41,F,A1,
2517,1705,Raghu Patil,41,M,A1,
2518,1705,Srinivas Reddy,31,M,A2,
2519,1705,Shwetha Rao,21,F,A3,
2520,1706,Basavaraj Shetty,32,M,A1,
2521,1707,Basavaraj Shetty,25,M,A1,
2522,1708,Ravi Reddy,31,M,A1,
2523,1709,Vidya Achar,27,F,A1,
2524,1710,Ravi Shetty,45,M,A1,
2525,1711,Sowmya Patil,46,F,A1,
2526,1712,Ramesh Patil,23,M,A1,
2527,1713,Raghu Gowda,44,M,A1,
2528,1713,Ramesh Murthy,49,M,A2,
2529,1714,Geeta Naik,40,F,A1,
2530,1714,Harish Murthy,37,M,A2,
2531,1715,Priya Hegde,52,F,A1,
2532,1716,Ramesh Kumar,49,M,A1,
2533,1717,Shivaraj Rao,29,M,A1,
2534,1717,Ramesh Naik,50,M,A2,
2535,1718,Shivaraj Patil,40,M,A1,REPEAT-006
2536,1719,Vidya Hegde,32,F,A1,
2537,1719,Kumar Rao,30,M,A2,
2538,1720,Sunita Hegde,46,F,A1,
2539,1721,Santosh Hegde,42,M,A1,
2540,1722,Santosh Kumar,51,M,A1,
2541,1723,Kumar Achar,43,M,A1,
2542,1724,Pooja Kumar,21,F,A1,
2543,1725,Mahesh Shetty,37,M,A1,REPEAT-022
2544,1725,Priya Patil,52,F,A2,
2545,1725,Nagaraj Reddy,46,M,A3,
2546,1726,Shobha Rao,34,F,A1,
2547,1727,Deepa Hegde,27,F,A1,
2548,1728,Deepa Hegde,55,F,A1,
2549,1729,Manjunath Bhat,33,M,A1,REPEAT-030
2550,1729,Suresh Patil,34,M,A2,
2551,1729,Ravi Poojary,45,M,A3,
2552,1730,Yogesh Patil,47,M,A1,
2553,1731,Yogesh Kumar,45,M,A1,REPEAT-050
2554,1732,Srinivas Naidu,38,M,A1,REPEAT-049
2555,1733,Srinivas Reddy,40,M,A1,
2556,1733,Lakshmi Bhat,39,F,A2,
2557,1734,Suresh Reddy,54,M,A1,
2558,1734,Anil Achar,54,M,A2,
2559,1734,Shobha Shetty,55,F,A3,
2560,1735,Raghu Hegde,44,M,A1,
2561,1735,Suresh Murthy,45,M,A2,
2562,1735,Prakash Bhat,37,M,A3,
2563,1736,Geeta Bhat,50,F,A1,
2564,1737,Roopa Naik,25,F,A1,
2565,1738,Anita Gowda,26,F,A1,
2566,1738,Basavaraj Setty,20,M,A2,
2567,1738,Kumar Poojary,49,M,A3,
2568,1739,Naveen Bhat,47,M,A1,
2569,1740,Mahesh Setty,35,M,A1,
2570,1741,Geeta Gowda,26,F,A1,
2571,1742,Suresh Reddy,39,M,A1,
2572,1743,Anita Shetty,29,F,A1,REPEAT-019
2573,1744,Radha Reddy,45,F,A1,REPEAT-055
2574,1744,Naveen Gowda,27,M,A2,
2575,1745,Ramesh Naidu,47,M,A1,
2576,1745,Santosh Naidu,53,M,A2,
2577,1746,Srinivas Hegde,31,M,A1,REPEAT-046
2578,1747,Nagaraj Poojary,23,M,A1,
2579,1748,Srinivas Patil,49,M,A1,
2580,1749,Raghu Reddy,30,M,A1,
2581,1749,Kavya Poojary,23,F,A2,
2582,1750,Nagaraj Naik,25,M,A1,
2583,1751,Mahesh Achar,23,M,A1,
2584,1751,Girish Setty,42,M,A2,
2585,1752,Vijay Shetty,55,M,A1,
2586,1753,Prakash Hegde,48,M,A1,
2587,1754,Deepa Shetty,55,F,A1,
2588,1755,Basavaraj Murthy,25,M,A1,
2589,1755,Geeta Iyer,36,F,A2,
2590,1756,Prakash Reddy,21,M,A1,
2591,1757,Radha Reddy,45,F,A1,REPEAT-055
2592,1757,Shivaraj Naik,27,M,A2,
2593,1758,Srinivas Poojary,33,M,A1,
2594,1758,Ganesh Patil,18,M,A2,
2595,1758,Anita Kumar,26,F,A3,
2596,1759,Kavya Naik,25,F,A1,
2597,1760,Ganesh Shetty,19,M,A1,
2598,1760,Prakash Shetty,41,M,A2,
2599,1760,Savitha Naidu,50,F,A3,
2600,1761,Yogesh Gowda,35,M,A1,
2601,1762,Deepa Poojary,46,F,A1,
2602,1763,Shwetha Shetty,24,F,A1,
2603,1763,Geeta Achar,40,F,A2,
2604,1764,Harish Poojary,34,M,A1,
2605,1764,Ravi Poojary,26,M,A2,
2606,1765,Ravi Naidu,36,M,A1,
2607,1765,Suresh Iyer,26,M,A2,
2608,1766,Nandini Gowda,22,F,A1,
2609,1766,Kavya Poojary,43,F,A2,
2610,1767,Savitha Patil,53,F,A1,
2611,1767,Anita Iyer,54,F,A2,
2612,1767,Anil Achar,49,M,A3,
2613,1768,Ganesh Kumar,42,M,A1,
2614,1769,Anita Shetty,28,F,A1,REPEAT-019
2615,1770,Manjula Shetty,29,F,A1,
2616,1771,Ravi Naik,29,M,A1,
2617,1772,Mahesh Shetty,37,M,A1,REPEAT-022
2618,1773,Anita Reddy,52,F,A1,
2619,1774,Kavya Poojary,23,F,A1,
2620,1774,Manjunath Setty,49,M,A2,
2621,1775,Santosh Naik,51,M,A1,
2622,1775,Basavaraj Bhat,33,M,A2,
2623,1776,Kumar Setty,32,M,A1,
2624,1776,Suresh Naik,24,M,A2,
2625,1777,Ramesh Setty,23,M,A1,
2626,1778,Nandini Poojary,48,F,A1,
2627,1779,Shivaraj Kumar,48,M,A1,
2628,1779,Ramesh Shetty,20,M,A2,
2629,1779,Manjula Poojary,46,F,A3,
2630,1780,Prakash Shetty,31,M,A1,
2631,1780,Lakshmi Patil,49,F,A2,
2632,1781,Shwetha Kumar,18,F,A1,
2633,1782,Yogesh Naik,48,M,A1,
2634,1783,Radha Iyer,27,F,A1,
2635,1784,Mahesh Shetty,37,M,A1,REPEAT-022
2636,1784,Lakshmi Reddy,39,F,A2,
2637,1785,Shivaraj Kumar,30,M,A1,REPEAT-024
2638,1785,Vijay Achar,32,M,A2,
2639,1786,Ravi Kumar,45,M,A1,
2640,1787,Mahesh Shetty,37,M,A1,REPEAT-022
2641,1788,Prakash Patil,52,M,A1,
2642,1789,Anil Bhat,45,M,A1,
2643,1789,Naveen Naidu,27,M,A2,
2644,1790,Radha Patil,32,F,A1,
2645,1791,Santosh Hegde,44,M,A1,
2646,1791,Yogesh Murthy,19,M,A2,
2647,1792,Manjunath Murthy,26,M,A1,REPEAT-025
2648,1792,Nagaraj Reddy,45,M,A2,
2649,1793,Srinivas Naik,49,M,A1,
2650,1794,Shwetha Shetty,29,F,A1,
2651,1794,Harish Naik,46,M,A2,
2652,1795,Nagaraj Setty,54,M,A1,
2653,1796,Prakash Naidu,47,M,A1,
2654,1796,Srinivas Gowda,21,M,A2,
2655,1797,Prakash Kumar,27,M,A1,
2656,1797,Prakash Hegde,28,M,A2,
2657,1798,Harish Kumar,52,M,A1,
2658,1799,Nandini Naik,24,F,A1,
2659,1800,Ravi Murthy,32,M,A1,
2660,1801,Harish Achar,45,M,A1,REPEAT-057
2661,1802,Manjula Setty,44,F,A1,
2662,1802,Ravi Hegde,18,M,A2,
2663,1802,Prakash Shetty,32,M,A3,
2664,1803,Nagaraj Setty,41,M,A1,
2665,1803,Chaya Hegde,52,F,A2,
2666,1803,Raghu Iyer,40,M,A3,
2667,1804,Mahesh Shetty,37,M,A1,REPEAT-022
2668,1805,Raghu Reddy,23,M,A1,
2669,1806,Vijay Bhat,35,M,A1,
2670,1806,Kumar Patil,20,M,A2,
2671,1807,Ravi Patil,22,M,A1,
2672,1808,Mahesh Murthy,23,M,A1,REPEAT-033
2673,1809,Harish Reddy,37,M,A1,
2674,1810,Shivaraj Bhat,54,M,A1,
2675,1811,Ganesh Gowda,49,M,A1,
2676,1811,Naveen Gowda,48,M,A2,
2677,1812,Yogesh Reddy,24,M,A1,
2678,1813,Vijay Shetty,21,M,A1,REPEAT-007
2679,1813,Yogesh Naidu,30,M,A2,
2680,1814,Harish Patil,39,M,A1,REPEAT-053
2681,1814,Naveen Naidu,54,M,A2,
2682,1815,Srinivas Achar,55,M,A1,
2683,1815,Savitha Rao,27,F,A2,
2684,1816,Deepa Bhat,31,F,A1,
2685,1817,Savitha Naidu,23,F,A1,REPEAT-013
2686,1818,Deepa Naidu,26,F,A1,
2687,1818,Basavaraj Rao,40,M,A2,
2688,1819,Ramesh Achar,52,M,A1,
2689,1820,Deepa Hegde,20,F,A1,
2690,1821,Bhagya Gowda,27,F,A1,
2691,1821,Ramesh Naik,37,M,A2,
2692,1821,Srinivas Iyer,55,M,A3,
2693,1822,Prakash Poojary,36,M,A1,REPEAT-028
2694,1823,Suresh Hegde,50,M,A1,
2695,1823,Manjunath Gowda,39,M,A2,
2696,1824,Vijay Naidu,27,M,A1,
2697,1825,Mahesh Kumar,34,M,A1,
2698,1826,Vidya Kumar,31,F,A1,
2699,1827,Suresh Reddy,37,M,A1,
2700,1828,Anil Achar,47,M,A1,
2701,1829,Basavaraj Hegde,49,M,A1,
2702,1829,Manjunath Bhat,48,M,A2,
2703,1830,Nagaraj Murthy,32,M,A1,
2704,1831,Naveen Murthy,43,M,A1,REPEAT-002
2705,1832,Rekha Reddy,33,F,A1,
2706,1833,Naveen Gowda,40,M,A1,
2707,1834,Ganesh Shetty,40,M,A1,REPEAT-029
2708,1834,Basavaraj Poojary,40,M,A2,
2709,1835,Shwetha Shetty,19,F,A1,
2710,1835,Ravi Murthy,21,M,A2,
2711,1836,Nagaraj Shetty,45,M,A1,
2712,1836,Manjula Achar,33,F,A2,
2713,1837,Vijay Patil,50,M,A1,
2714,1838,Manjunath Murthy,25,M,A1,REPEAT-025
2715,1839,Mahesh Setty,36,M,A1,
2716,1840,Santosh Reddy,35,M,A1,
2717,1840,Ganesh Naik,55,M,A2,
2718,1841,Chaya Achar,43,F,A1,
2719,1842,Ganesh Gowda,20,M,A1,REPEAT-020
2720,1843,Naveen Iyer,29,M,A1,
2721,1844,Anil Rao,31,M,A1,
2722,1845,Ravi Gowda,39,M,A1,
2723,1845,Naveen Kumar,23,M,A2,
2724,1846,Kumar Shetty,51,M,A1,
2725,1847,Harish Reddy,44,M,A1,REPEAT-056
2726,1847,Suresh Naidu,40,M,A2,
2727,1847,Harish Setty,53,M,A3,
2728,1848,Suresh Hegde,37,M,A1,
2729,1848,Ganesh Rao,26,M,A2,
2730,1849,Girish Patil,28,M,A1,
2731,1849,Nandini Poojary,52,F,A2,
2732,1850,Mahesh Reddy,50,M,A1,
2733,1850,Rekha Naik,37,F,A2,
2734,1851,Sunita Gowda,45,F,A1,
2735,1851,Ramesh Setty,50,M,A2,
2736,1852,Srinivas Poojary,37,M,A1,
2737,1852,Vijay Naik,35,M,A2,
2738,1853,Naveen Rao,50,M,A1,
2739,1854,Vijay Shetty,55,M,A1,
2740,1854,Ramesh Poojary,18,M,A2,
2741,1855,Kumar Murthy,45,M,A1,REPEAT-048
2742,1856,Nagaraj Patil,38,M,A1,
2743,1857,Nandini Kumar,43,F,A1,REPEAT-012
2744,1857,Srinivas Hegde,30,M,A2,
2745,1858,Radha Reddy,45,F,A1,REPEAT-055
2746,1858,Vijay Hegde,26,M,A2,
2747,1859,Mahesh Reddy,21,M,A1,
2748,1859,Srinivas Shetty,24,M,A2,
2749,1860,Ganesh Reddy,46,M,A1,
2750,1861,Anil Naik,51,M,A1,
2751,1861,Ganesh Gowda,32,M,A2,
2752,1861,Prakash Gowda,53,M,A3,
2753,1862,Shivaraj Gowda,36,M,A1,
2754,1862,Vijay Naidu,32,M,A2,
2755,1863,Harish Patil,39,M,A1,REPEAT-053
2756,1864,Vijay Patil,41,M,A1,
2757,1865,Manjunath Setty,29,M,A1,
2758,1866,Roopa Shetty,18,F,A1,
2759,1867,Mahesh Iyer,30,M,A1,
2760,1868,Mahesh Shetty,38,M,A1,REPEAT-022
2761,1868,Shwetha Poojary,48,F,A2,
2762,1869,Suresh Naidu,51,M,A1,
2763,1869,Mahesh Kumar,54,M,A2,
2764,1870,Shivaraj Rao,39,M,A1,
2765,1871,Raghu Patil,45,M,A1,
2766,1872,Radha Hegde,21,F,A1,
2767,1872,Anil Hegde,53,M,A2,
2768,1873,Chaya Achar,55,F,A1,
2769,1874,Sunita Naidu,46,F,A1,
2770,1875,Raghu Rao,34,M,A1,
2771,1875,Ravi Hegde,38,M,A2,
2772,1876,Nagaraj Setty,46,M,A1,REPEAT-003
2773,1877,Kumar Rao,44,M,A1,REPEAT-018
2774,1878,Suresh Achar,39,M,A1,
2775,1879,Suresh Naik,39,M,A1,REPEAT-042
2776,1879,Kavya Setty,28,F,A2,
2777,1880,Sowmya Kumar,51,F,A1,
2778,1881,Vijay Reddy,19,M,A1,
2779,1881,Chaya Hegde,25,F,A2,
2780,1882,Chaya Naidu,35,F,A1,
2781,1883,Shivaraj Kumar,35,M,A1,
2782,1883,Nandini Reddy,50,F,A2,
2783,1884,Mahesh Achar,28,M,A1,
2784,1885,Naveen Setty,33,M,A1,
2785,1885,Chaya Rao,27,F,A2,
2786,1886,Chaya Shetty,43,F,A1,
2787,1886,Manjunath Iyer,53,M,A2,
2788,1886,Anita Shetty,48,F,A3,
2789,1887,Nagaraj Shetty,26,M,A1,
2790,1887,Ravi Naidu,32,M,A2,
2791,1888,Manjunath Achar,42,M,A1,
2792,1889,Anil Gowda,20,M,A1,
2793,1890,Girish Reddy,45,M,A1,
2794,1890,Ravi Achar,52,M,A2,
2795,1890,Manjunath Poojary,51,M,A3,
2796,1891,Geeta Rao,45,F,A1,
2797,1892,Pooja Hegde,27,F,A1,
2798,1893,Santosh Shetty,31,M,A1,
2799,1894,Anil Kumar,53,M,A1,
2800,1895,Kumar Shetty,27,M,A1,
2801,1896,Santosh Murthy,29,M,A1,
2802,1897,Yogesh Shetty,27,M,A1,
2803,1897,Bhagya Hegde,32,F,A2,
2804,1898,Vijay Kumar,28,M,A1,
2805,1899,Harish Reddy,38,M,A1,
2806,1900,Suresh Iyer,27,M,A1,
2807,1901,Manjula Murthy,21,F,A1,
2808,1902,Shivaraj Poojary,46,M,A1,
2809,1903,Basavaraj Rao,49,M,A1,
2810,1904,Srinivas Reddy,31,M,A1,
2811,1905,Sunita Gowda,29,F,A1,
2812,1906,Ganesh Gowda,20,M,A1,REPEAT-020
2813,1906,Priya Bhat,30,F,A2,
2814,1907,Naveen Murthy,44,M,A1,REPEAT-002
2815,1908,Shivaraj Naidu,25,M,A1,
2816,1908,Rekha Bhat,21,F,A2,
2817,1909,Manjula Setty,27,F,A1,
2818,1910,Raghu Poojary,50,M,A1,
2819,1911,Nagaraj Bhat,28,M,A1,
2820,1912,Raghu Iyer,42,M,A1,
2821,1913,Basavaraj Setty,33,M,A1,
2822,1913,Vijay Gowda,46,M,A2,
2823,1914,Santosh Reddy,29,M,A1,
2824,1915,Prakash Achar,41,M,A1,
2825,1916,Raghu Gowda,18,M,A1,
2826,1916,Harish Naidu,23,M,A2,
2827,1917,Ramesh Reddy,28,M,A1,
2828,1917,Suresh Gowda,32,M,A2,
2829,1918,Bhagya Hegde,55,F,A1,
2830,1919,Manjunath Murthy,25,M,A1,REPEAT-025
2831,1920,Kavya Iyer,29,F,A1,
2832,1921,Priya Kumar,32,F,A1,
2833,1922,Anita Bhat,38,F,A1,
2834,1923,Ramesh Rao,35,M,A1,
2835,1923,Suresh Kumar,42,M,A2,
2836,1923,Anita Patil,40,F,A3,
2837,1924,Ramesh Poojary,28,M,A1,
2838,1925,Anil Setty,26,M,A1,
2839,1926,Ramesh Reddy,53,M,A1,
2840,1927,Pooja Achar,19,F,A1,
2841,1927,Mahesh Patil,18,M,A2,
2842,1928,Harish Gowda,27,M,A1,
2843,1929,Santosh Naidu,22,M,A1,
2844,1929,Anil Hegde,49,M,A2,
2845,1929,Roopa Bhat,34,F,A3,
2846,1930,Naveen Setty,32,M,A1,REPEAT-036
2847,1930,Shwetha Rao,38,F,A2,
2848,1931,Chaya Achar,20,F,A1,
2849,1932,Harish Naidu,36,M,A1,REPEAT-015
2850,1933,Basavaraj Patil,18,M,A1,
2851,1934,Anil Naik,40,M,A1,
2852,1934,Kavya Naidu,27,F,A2,
2853,1935,Lakshmi Achar,42,F,A1,
2854,1935,Anil Naidu,26,M,A2,
2855,1935,Naveen Poojary,23,M,A3,
2856,1936,Harish Achar,46,M,A1,REPEAT-057
2857,1937,Manjunath Rao,21,M,A1,
2858,1937,Deepa Iyer,24,F,A2,
2859,1938,Naveen Murthy,44,M,A1,
2860,1939,Harish Reddy,44,M,A1,REPEAT-056
2861,1939,Girish Naidu,20,M,A2,
2862,1939,Srinivas Bhat,22,M,A3,
2863,1940,Srinivas Naidu,19,M,A1,
2864,1941,Rekha Bhat,25,F,A1,
2865,1942,Girish Achar,48,M,A1,
2866,1942,Pooja Hegde,42,F,A2,
2867,1943,Manjula Hegde,25,F,A1,
2868,1943,Nandini Patil,31,F,A2,
2869,1944,Anita Shetty,29,F,A1,REPEAT-019
2870,1945,Ganesh Iyer,42,M,A1,
2871,1946,Kumar Achar,49,M,A1,
2872,1946,Manjula Achar,42,F,A2,
2873,1947,Srinivas Gowda,31,M,A1,
2874,1947,Manjunath Rao,49,M,A2,
2875,1948,Radha Iyer,37,F,A1,
2876,1948,Geeta Hegde,54,F,A2,
2877,1948,Santosh Hegde,28,M,A3,
2878,1949,Nandini Shetty,23,F,A1,REPEAT-011
2879,1950,Yogesh Setty,36,M,A1,
2880,1951,Bhagya Patil,22,F,A1,
2881,1952,Rekha Naik,38,F,A1,
2882,1952,Manjunath Achar,35,M,A2,
2883,1952,Nagaraj Poojary,24,M,A3,
2884,1953,Harish Gowda,50,M,A1,
2885,1954,Suresh Rao,48,M,A1,
2886,1954,Radha Achar,22,F,A2,
2887,1955,Ramesh Rao,30,M,A1,
2888,1956,Nagaraj Setty,45,M,A1,REPEAT-003
2889,1957,Nagaraj Naik,43,M,A1,
2890,1957,Ramesh Patil,32,M,A2,
2891,1958,Suresh Iyer,35,M,A1,
2892,1959,Basavaraj Reddy,42,M,A1,REPEAT-031
2893,1959,Ganesh Patil,37,M,A2,
2894,1959,Manjula Naidu,38,F,A3,
2895,1960,Ramesh Kumar,49,M,A1,
2896,1961,Yogesh Setty,42,M,A1,
2897,1961,Priya Naik,44,F,A2,
2898,1962,Prakash Achar,24,M,A1,
2899,1963,Basavaraj Shetty,40,M,A1,REPEAT-023
2900,1964,Lakshmi Murthy,44,F,A1,REPEAT-044
2901,1965,Shivaraj Reddy,22,M,A1,
2902,1966,Roopa Kumar,32,F,A1,
2903,1966,Prakash Murthy,40,M,A2,
2904,1967,Harish Patil,40,M,A1,REPEAT-053
2905,1967,Vidya Poojary,53,F,A2,
2906,1968,Basavaraj Naidu,38,M,A1,
2907,1969,Bhagya Murthy,42,F,A1,
2908,1970,Priya Iyer,41,F,A1,
2909,1970,Mahesh Kumar,45,M,A2,
2910,1971,Anita Shetty,28,F,A1,REPEAT-019
2911,1971,Naveen Naidu,42,M,A2,
2912,1971,Deepa Iyer,19,F,A3,
2913,1972,Anil Naidu,23,M,A1,
2914,1972,Santosh Reddy,54,M,A2,
2915,1972,Ganesh Hegde,19,M,A3,
2916,1973,Sunita Setty,45,F,A1,
2917,1974,Anita Shetty,28,F,A1,REPEAT-019
2918,1975,Manjula Achar,50,F,A1,
2919,1975,Prakash Naik,55,M,A2,
2920,1976,Suresh Setty,28,M,A1,
2921,1977,Chaya Naidu,55,F,A1,
2922,1977,Mahesh Murthy,41,M,A2,
2923,1978,Manjunath Patil,28,M,A1,
2924,1979,Naveen Rao,54,M,A1,
2925,1979,Kumar Bhat,53,M,A2,
2926,1980,Kumar Patil,27,M,A1,
2927,1980,Anil Gowda,40,M,A2,
2928,1980,Anil Reddy,46,M,A3,
2929,1981,Harish Patil,40,M,A1,REPEAT-053
2930,1982,Kumar Reddy,44,M,A1,
2931,1982,Suresh Naik,21,M,A2,
2932,1983,Nagaraj Setty,46,M,A1,REPEAT-003
2933,1984,Anil Bhat,34,M,A1,REPEAT-005
2934,1985,Naveen Setty,32,M,A1,REPEAT-036
2935,1986,Srinivas Hegde,30,M,A1,
2936,1986,Kumar Kumar,28,M,A2,
2937,1987,Savitha Murthy,23,F,A1,
2938,1988,Bhagya Naidu,26,F,A1,
2939,1988,Girish Naidu,27,M,A2,
2940,1989,Raghu Hegde,40,M,A1,REPEAT-045
2941,1989,Girish Iyer,26,M,A2,
2942,1990,Pooja Kumar,33,F,A1,
2943,1991,Vijay Shetty,21,M,A1,REPEAT-007
2944,1992,Vijay Shetty,21,M,A1,REPEAT-007
2945,1992,Harish Shetty,26,M,A2,
2946,1993,Vijay Poojary,51,M,A1,
2947,1994,Yogesh Naik,45,M,A1,
2948,1995,Raghu Achar,33,M,A1,
2949,1996,Prakash Rao,50,M,A1,
2950,1996,Anil Hegde,25,M,A2,
2951,1997,Ganesh Naik,29,M,A1,
2952,1998,Mahesh Achar,54,M,A1,
2953,1998,Yogesh Shetty,49,M,A2,
2954,1998,Ganesh Naidu,28,M,A3,
2955,1999,Harish Naik,43,M,A1,
2956,2000,Basavaraj Shetty,41,M,A1,REPEAT-023
2957,2001,Anita Shetty,28,F,A1,REPEAT-019
2958,2002,Harish Achar,45,M,A1,REPEAT-057
2959,2003,Naveen Poojary,44,M,A1,
2960,2004,Ravi Iyer,32,M,A1,
2961,2005,Ganesh Hegde,37,M,A1,REPEAT-060
2962,2005,Ramesh Bhat,19,M,A2,
2963,2006,Kumar Naidu,54,M,A1,
2964,2007,Srinivas Achar,31,M,A1,
2965,2007,Shivaraj Achar,27,M,A2,
2966,2008,Yogesh Naidu,24,M,A1,REPEAT-001
2967,2008,Girish Setty,45,M,A2,
2968,2009,Sunita Hegde,45,F,A1,
2969,2010,Basavaraj Murthy,30,M,A1,
2970,2011,Ganesh Murthy,36,M,A1,
2971,2012,Vijay Shetty,21,M,A1,REPEAT-007
2972,2012,Sunita Iyer,29,F,A2,
2973,2013,Nagaraj Bhat,52,M,A1,
2974,2013,Girish Hegde,26,M,A2,
2975,2014,Mahesh Gowda,55,M,A1,
2976,2015,Naveen Reddy,23,M,A1,
2977,2016,Raghu Reddy,24,M,A1,
2978,2017,Harish Iyer,22,M,A1,
2979,2018,Nagaraj Naidu,18,M,A1,
2980,2018,Kumar Gowda,47,M,A2,
2981,2019,Prakash Murthy,49,M,A1,
2982,2020,Shobha Kumar,24,F,A1,
2983,2020,Raghu Hegde,54,M,A2,
2984,2021,Deepa Patil,35,F,A1,
2985,2021,Santosh Iyer,45,M,A2,
2986,2022,Ravi Iyer,54,M,A1,
2987,2022,Ganesh Achar,53,M,A2,
2988,2023,Naveen Murthy,43,M,A1,REPEAT-002
2989,2024,Rekha Murthy,51,F,A1,
2990,2025,Ganesh Setty,27,M,A1,
2991,2025,Ramesh Bhat,24,M,A2,
2992,2026,Lakshmi Achar,22,F,A1,
2993,2027,Srinivas Iyer,23,M,A1,
2994,2028,Prakash Patil,38,M,A1,
2995,2029,Anita Rao,32,F,A1,
2996,2030,Deepa Naidu,43,F,A1,
2997,2030,Anil Poojary,32,M,A2,
2998,2031,Mahesh Shetty,38,M,A1,REPEAT-022
2999,2031,Santosh Bhat,24,M,A2,
3000,2032,Mahesh Shetty,37,M,A1,REPEAT-022
3001,2032,Anita Poojary,37,F,A2,
3002,2033,Mahesh Naidu,46,M,A1,
3003,2033,Suresh Reddy,33,M,A2,
3004,2033,Santosh Rao,46,M,A3,
3005,2034,Priya Shetty,41,F,A1,
3006,2035,Manjunath Shetty,41,M,A1,
3007,2035,Suresh Hegde,22,M,A2,
3008,2035,Yogesh Gowda,44,M,A3,
3009,2036,Ravi Murthy,38,M,A1,
3010,2036,Prakash Naik,30,M,A2,
3011,2037,Mahesh Shetty,37,M,A1,REPEAT-022
3012,2038,Naveen Gowda,40,M,A1,
3013,2039,Naveen Murthy,43,M,A1,REPEAT-002
3014,2040,Basavaraj Naik,36,M,A1,
3015,2040,Anita Bhat,19,F,A2,
3016,2041,Kumar Kumar,39,M,A1,
3017,2041,Chaya Gowda,43,F,A2,
3018,2042,Shivaraj Iyer,21,M,A1,
3019,2043,Mahesh Setty,36,M,A1,
3020,2044,Yogesh Naidu,24,M,A1,REPEAT-001
3021,2044,Lakshmi Bhat,27,F,A2,
3022,2045,Nagaraj Patil,39,M,A1,
3023,2045,Ganesh Reddy,25,M,A2,
3024,2046,Shobha Iyer,26,F,A1,
3025,2047,Roopa Gowda,31,F,A1,
3026,2048,Kumar Murthy,46,M,A1,REPEAT-048
3027,2049,Srinivas Achar,20,M,A1,
3028,2050,Sunita Poojary,21,F,A1,
3029,2050,Sunita Naik,30,F,A2,
3030,2050,Savitha Kumar,34,F,A3,
3031,2051,Yogesh Kumar,44,M,A1,REPEAT-050
3032,2052,Naveen Naik,44,M,A1,
3033,2052,Manjunath Kumar,49,M,A2,
3034,2053,Nagaraj Poojary,29,M,A1,
3035,2053,Lakshmi Reddy,44,F,A2,
3036,2053,Radha Kumar,33,F,A3,
3037,2054,Srinivas Reddy,23,M,A1,
3038,2054,Suresh Rao,47,M,A2,
3039,2055,Kavya Kumar,31,F,A1,
3040,2056,Vijay Hegde,35,M,A1,
3041,2057,Prakash Reddy,20,M,A1,
3042,2057,Manjunath Patil,51,M,A2,
3043,2057,Basavaraj Naik,37,M,A3,
3044,2058,Nagaraj Iyer,48,M,A1,
3045,2059,Suresh Naik,38,M,A1,REPEAT-042
3046,2060,Bhagya Poojary,33,F,A1,
3047,2061,Srinivas Reddy,52,M,A1,
3048,2062,Santosh Reddy,44,M,A1,
3049,2062,Girish Kumar,39,M,A2,
3050,2063,Santosh Kumar,22,M,A1,
3051,2064,Prakash Murthy,50,M,A1,
3052,2064,Ganesh Reddy,36,M,A2,
3053,2064,Shobha Naik,39,F,A3,
3054,2065,Anita Shetty,28,F,A1,REPEAT-019
3055,2065,Radha Kumar,37,F,A2,
3056,2066,Manjunath Reddy,45,M,A1,
3057,2067,Harish Iyer,45,M,A1,
3058,2067,Nagaraj Reddy,26,M,A2,
3059,2067,Prakash Shetty,55,M,A3,
3060,2068,Kavya Iyer,42,F,A1,
3061,2068,Raghu Bhat,54,M,A2,
3062,2069,Suresh Achar,38,M,A1,
3063,2069,Roopa Reddy,21,F,A2,
3064,2070,Nagaraj Setty,45,M,A1,REPEAT-003
3065,2070,Ravi Shetty,23,M,A2,
3066,2071,Radha Setty,49,F,A1,
3067,2072,Shwetha Rao,22,F,A1,
3068,2072,Nandini Bhat,22,F,A2,
3069,2073,Shwetha Setty,37,F,A1,
3070,2074,Naveen Murthy,44,M,A1,REPEAT-002
3071,2075,Basavaraj Murthy,31,M,A1,
3072,2075,Priya Kumar,52,F,A2,
3073,2076,Kavya Reddy,29,F,A1,
3074,2076,Basavaraj Naidu,26,M,A2,
3075,2077,Priya Rao,43,F,A1,
3076,2077,Basavaraj Iyer,55,M,A2,
3077,2077,Kavya Poojary,44,F,A3,
3078,2078,Prakash Poojary,36,M,A1,REPEAT-028
3079,2079,Yogesh Setty,55,M,A1,
3080,2080,Deepa Reddy,37,F,A1,
3081,2080,Geeta Shetty,48,F,A2,
3082,2081,Nagaraj Setty,46,M,A1,REPEAT-003
3083,2082,Ramesh Rao,35,M,A1,
3084,2082,Srinivas Naik,45,M,A2,
3085,2083,Shivaraj Patil,43,M,A1,
3086,2083,Girish Gowda,39,M,A2,
3087,2084,Kumar Murthy,37,M,A1,
3088,2084,Roopa Patil,50,F,A2,
3089,2085,Priya Murthy,23,F,A1,
3090,2086,Nagaraj Murthy,50,M,A1,
3091,2086,Shobha Naik,30,F,A2,
3092,2086,Santosh Reddy,29,M,A3,
3093,2087,Harish Naidu,37,M,A1,REPEAT-015
3094,2087,Raghu Patil,32,M,A2,
3095,2088,Naveen Setty,42,M,A1,
3096,2089,Prakash Rao,44,M,A1,
3097,2089,Savitha Bhat,51,F,A2,
3098,2090,Shivaraj Kumar,29,M,A1,REPEAT-024
3099,2091,Basavaraj Naidu,25,M,A1,
3100,2091,Ramesh Poojary,24,M,A2,
3101,2092,Lakshmi Achar,22,F,A1,
3102,2092,Mahesh Patil,32,M,A2,
3103,2093,Raghu Bhat,20,M,A1,
3104,2094,Suresh Iyer,43,M,A1,
3105,2094,Shivaraj Iyer,18,M,A2,
3106,2095,Ramesh Patil,55,M,A1,
3107,2096,Manjunath Achar,32,M,A1,
3108,2097,Radha Kumar,43,F,A1,
3109,2098,Anita Rao,20,F,A1,
3110,2098,Mahesh Shetty,45,M,A2,
3111,2099,Nagaraj Kumar,51,M,A1,
3112,2099,Radha Poojary,45,F,A2,
3113,2099,Shivaraj Bhat,18,M,A3,
3114,2100,Vijay Poojary,24,M,A1,
3115,2100,Rekha Naidu,21,F,A2,
3116,2101,Priya Gowda,51,F,A1,
3117,2101,Manjunath Murthy,28,M,A2,
3118,2101,Yogesh Naik,21,M,A3,
3119,2102,Vijay Achar,48,M,A1,
3120,2103,Ganesh Reddy,46,M,A1,
3121,2104,Prakash Poojary,37,M,A1,REPEAT-028
3122,2105,Harish Naidu,44,M,A1,
3123,2105,Anil Gowda,36,M,A2,
3124,2105,Suresh Naidu,31,M,A3,
3125,2106,Radha Reddy,44,F,A1,REPEAT-055
3126,2106,Prakash Naik,38,M,A2,
3127,2107,Yogesh Naidu,41,M,A1,
3128,2108,Yogesh Hegde,52,M,A1,
3129,2109,Suresh Kumar,19,M,A1,
3130,2109,Vidya Kumar,28,F,A2,
3131,2110,Sowmya Patil,18,F,A1,
3132,2111,Sowmya Shetty,49,F,A1,
3133,2112,Manjula Achar,18,F,A1,
3134,2112,Ravi Gowda,19,M,A2,
3135,2113,Geeta Gowda,38,F,A1,
3136,2114,Deepa Kumar,28,F,A1,
3137,2114,Santosh Patil,21,M,A2,
3138,2115,Sunita Kumar,38,F,A1,
3139,2116,Sunita Gowda,25,F,A1,
3140,2117,Chaya Iyer,27,F,A1,
3141,2118,Nagaraj Rao,24,M,A1,REPEAT-026
3142,2119,Naveen Murthy,43,M,A1,REPEAT-002
3143,2120,Anil Rao,30,M,A1,
3144,2121,Pooja Poojary,26,F,A1,
3145,2122,Manjunath Achar,29,M,A1,
3146,2122,Anil Shetty,29,M,A2,
3147,2123,Anil Kumar,30,M,A1,
3148,2124,Ganesh Rao,23,M,A1,
3149,2125,Kumar Rao,44,M,A1,REPEAT-018
3150,2126,Bhagya Setty,43,F,A1,
3151,2127,Manjunath Poojary,35,M,A1,REPEAT-004
3152,2128,Anita Gowda,33,F,A1,
3153,2128,Prakash Iyer,54,M,A2,
3154,2128,Nagaraj Hegde,54,M,A3,
3155,2129,Vijay Shetty,27,M,A1,
3156,2130,Vijay Hegde,20,M,A1,
3157,2130,Vidya Gowda,34,F,A2,
3158,2131,Anil Hegde,34,M,A1,
3159,2132,Ganesh Naik,28,M,A1,
3160,2133,Girish Naik,28,M,A1,
3161,2133,Ravi Iyer,48,M,A2,
3162,2134,Sowmya Iyer,20,F,A1,
3163,2134,Anil Gowda,20,M,A2,
3164,2135,Anita Shetty,29,F,A1,REPEAT-019
3165,2135,Nandini Rao,46,F,A2,
3166,2135,Ganesh Setty,55,M,A3,
3167,2136,Harish Achar,45,M,A1,REPEAT-057
3168,2137,Raghu Bhat,52,M,A1,
3169,2138,Prakash Naik,53,M,A1,
3170,2138,Nagaraj Poojary,37,M,A2,
3171,2139,Lakshmi Rao,37,F,A1,
3172,2140,Suresh Iyer,39,M,A1,
3173,2140,Nagaraj Naidu,27,M,A2,
3174,2141,Chaya Hegde,54,F,A1,
3175,2142,Vidya Iyer,18,F,A1,
3176,2142,Ramesh Achar,24,M,A2,
3177,2143,Yogesh Naidu,24,M,A1,REPEAT-001
3178,2144,Nagaraj Setty,46,M,A1,REPEAT-003
3179,2145,Shivaraj Patil,41,M,A1,
3180,2146,Shwetha Setty,21,F,A1,
3181,2147,Vijay Shetty,21,M,A1,REPEAT-007
3182,2148,Girish Reddy,27,M,A1,
3183,2149,Bhagya Reddy,40,F,A1,
3184,2150,Ramesh Setty,28,M,A1,
3185,2151,Mahesh Kumar,54,M,A1,
3186,2151,Nagaraj Bhat,52,M,A2,
3187,2151,Deepa Reddy,36,F,A3,
3188,2152,Mahesh Shetty,38,M,A1,REPEAT-022
3189,2152,Manjunath Iyer,30,M,A2,
3190,2153,Lakshmi Murthy,44,F,A1,REPEAT-044
3191,2153,Vidya Shetty,46,F,A2,
3192,2154,Bhagya Reddy,44,F,A1,
3193,2154,Nandini Bhat,25,F,A2,
3194,2155,Ramesh Hegde,40,M,A1,
3195,2155,Anil Poojary,30,M,A2,
3196,2156,Mahesh Poojary,55,M,A1,
3197,2156,Chaya Murthy,34,F,A2,
3198,2157,Ramesh Kumar,39,M,A1,
3199,2158,Naveen Gowda,39,M,A1,
3200,2158,Vijay Setty,51,M,A2,
3201,2159,Mahesh Hegde,28,M,A1,
3202,2159,Srinivas Murthy,37,M,A2,
3203,2159,Srinivas Naik,38,M,A3,
3204,2160,Yogesh Naidu,34,M,A1,
3205,2160,Shivaraj Achar,37,M,A2,
3206,2161,Rekha Setty,26,F,A1,
3207,2161,Ravi Gowda,18,M,A2,
3208,2161,Rekha Gowda,39,F,A3,
3209,2162,Sowmya Naik,41,F,A1,
3210,2163,Mahesh Shetty,39,M,A1,
3211,2163,Vijay Bhat,24,M,A2,
3212,2164,Manjula Patil,26,F,A1,
3213,2164,Lakshmi Setty,26,F,A2,
3214,2165,Roopa Rao,24,F,A1,
3215,2166,Priya Bhat,22,F,A1,
3216,2166,Rekha Shetty,46,F,A2,
3217,2167,Sowmya Naik,25,F,A1,
3218,2168,Yogesh Iyer,42,M,A1,
3219,2169,Raghu Kumar,48,M,A1,
3220,2169,Naveen Shetty,51,M,A2,
3221,2169,Raghu Naik,32,M,A3,
3222,2170,Manjunath Poojary,27,M,A1,
3223,2171,Nagaraj Gowda,40,M,A1,
3224,2172,Girish Murthy,51,M,A1,
3225,2173,Yogesh Poojary,36,M,A1,
3226,2174,Srinivas Setty,30,M,A1,
3227,2174,Manjunath Bhat,36,M,A2,
3228,2175,Ganesh Gowda,27,M,A1,
3229,2176,Srinivas Hegde,25,M,A1,
3230,2177,Sunita Reddy,22,F,A1,
3231,2177,Savitha Murthy,43,F,A2,
3232,2178,Nagaraj Achar,18,M,A1,
3233,2178,Raghu Gowda,54,M,A2,
3234,2179,Priya Kumar,18,F,A1,
3235,2179,Prakash Reddy,35,M,A2,
3236,2180,Radha Murthy,50,F,A1,
3237,2181,Harish Rao,39,M,A1,
3238,2182,Harish Kumar,34,M,A1,
3239,2183,Manjunath Achar,45,M,A1,
3240,2184,Ganesh Naidu,48,M,A1,
3241,2185,Chaya Kumar,30,F,A1,
3242,2186,Bhagya Rao,43,F,A1,REPEAT-058
3243,2187,Girish Patil,33,M,A1,
3244,2187,Manjula Rao,36,F,A2,
3245,2188,Ramesh Naidu,43,M,A1,
3246,2188,Shivaraj Shetty,25,M,A2,
3247,2189,Raghu Achar,48,M,A1,
3248,2190,Priya Setty,32,F,A1,
3249,2191,Geeta Rao,41,F,A1,
3250,2191,Girish Hegde,20,M,A2,
3251,2191,Ramesh Achar,40,M,A3,
3252,2192,Basavaraj Achar,45,M,A1,
3253,2193,Pooja Iyer,37,F,A1,
3254,2194,Ganesh Gowda,20,M,A1,REPEAT-020
3255,2195,Shivaraj Achar,34,M,A1,
3256,2195,Geeta Patil,45,F,A2,
3257,2196,Ramesh Patil,30,M,A1,
3258,2197,Ravi Hegde,35,M,A1,
3259,2198,Raghu Rao,53,M,A1,
3260,2198,Shobha Hegde,50,F,A2,
3261,2199,Raghu Naik,45,M,A1,
3262,2200,Shwetha Bhat,33,F,A1,
3263,2201,Nagaraj Naidu,37,M,A1,REPEAT-035
3264,2202,Nandini Gowda,37,F,A1,
3265,2203,Sowmya Setty,24,F,A1,
3266,2203,Mahesh Naidu,31,M,A2,
3267,2204,Ravi Iyer,33,M,A1,
3268,2204,Naveen Shetty,21,M,A2,
3269,2205,Vijay Bhat,20,M,A1,
3270,2206,Vidya Achar,54,F,A1,
3271,2207,Lakshmi Reddy,22,F,A1,
3272,2207,Nagaraj Naidu,40,M,A2,
3273,2208,Radha Reddy,44,F,A1,REPEAT-055
3274,2208,Sunita Hegde,28,F,A2,
3275,2209,Ramesh Naidu,43,M,A1,
3276,2209,Geeta Bhat,45,F,A2,
3277,2210,Kumar Iyer,20,M,A1,REPEAT-038
3278,2210,Vidya Bhat,22,F,A2,
3279,2211,Suresh Bhat,52,M,A1,
3280,2212,Rekha Murthy,24,F,A1,
3281,2213,Lakshmi Murthy,44,F,A1,REPEAT-044
3282,2214,Savitha Naik,29,F,A1,
3283,2215,Srinivas Naidu,38,M,A1,REPEAT-049
3284,2216,Mahesh Achar,30,M,A1,
3285,2217,Anil Reddy,32,M,A1,
3286,2217,Shwetha Patil,50,F,A2,
3287,2218,Harish Rao,33,M,A1,
3288,2219,Santosh Naik,47,M,A1,
3289,2219,Ganesh Achar,39,M,A2,
3290,2220,Sunita Achar,55,F,A1,
3291,2220,Suresh Rao,41,M,A2,
3292,2220,Mahesh Naik,43,M,A3,
3293,2221,Vidya Iyer,27,F,A1,
3294,2221,Vidya Patil,30,F,A2,
3295,2222,Ravi Reddy,25,M,A1,
3296,2223,Nagaraj Naidu,41,M,A1,
3297,2223,Mahesh Bhat,46,M,A2,
3298,2224,Suresh Poojary,36,M,A1,
3299,2225,Vijay Naik,46,M,A1,
3300,2225,Harish Reddy,20,M,A2,
3301,2225,Shivaraj Rao,25,M,A3,
3302,2226,Yogesh Murthy,55,M,A1,
3303,2227,Ravi Naik,29,M,A1,
3304,2228,Prakash Naidu,48,M,A1,
3305,2229,Harish Poojary,37,M,A1,
3306,2230,Ganesh Gowda,20,M,A1,REPEAT-020
3307,2231,Naveen Murthy,44,M,A1,REPEAT-002
3308,2231,Shwetha Hegde,20,F,A2,
3309,2232,Suresh Gowda,34,M,A1,
3310,2233,Anil Naidu,25,M,A1,
3311,2234,Manjunath Murthy,26,M,A1,REPEAT-025
3312,2235,Nandini Kumar,42,F,A1,REPEAT-012
3313,2235,Ravi Reddy,49,M,A2,
3314,2236,Priya Murthy,23,F,A1,REPEAT-010
3315,2237,Manjunath Hegde,30,M,A1,
3316,2237,Chaya Reddy,27,F,A2,
3317,2237,Yogesh Gowda,34,M,A3,
3318,2238,Naveen Hegde,50,M,A1,
3319,2239,Suresh Gowda,54,M,A1,
3320,2240,Mahesh Murthy,23,M,A1,REPEAT-033
3321,2240,Naveen Hegde,37,M,A2,
3322,2241,Anil Iyer,40,M,A1,
3323,2242,Anil Naik,28,M,A1,
3324,2243,Manjunath Poojary,35,M,A1,REPEAT-004
3325,2244,Radha Shetty,45,F,A1,
3326,2245,Santosh Hegde,21,M,A1,
3327,2246,Ravi Iyer,34,M,A1,
3328,2247,Girish Setty,44,M,A1,
3329,2248,Yogesh Kumar,44,M,A1,REPEAT-050
3330,2248,Raghu Kumar,29,M,A2,
3331,2249,Vijay Achar,52,M,A1,
3332,2250,Naveen Achar,44,M,A1,
3333,2250,Manjunath Naidu,48,M,A2,
3334,2251,Ravi Iyer,47,M,A1,
3335,2252,Manjunath Poojary,35,M,A1,REPEAT-004
3336,2252,Prakash Setty,51,M,A2,
3337,2252,Roopa Patil,50,F,A3,
3338,2253,Vijay Shetty,22,M,A1,REPEAT-007
3339,2254,Manjunath Hegde,33,M,A1,
3340,2254,Ramesh Achar,46,M,A2,
3341,2255,Radha Reddy,44,F,A1,REPEAT-055
3342,2256,Harish Poojary,29,M,A1,
3343,2256,Yogesh Murthy,31,M,A2,
3344,2257,Mahesh Shetty,37,M,A1,REPEAT-022
3345,2258,Shivaraj Kumar,29,M,A1,REPEAT-024
3346,2259,Basavaraj Gowda,19,M,A1,
3347,2259,Shivaraj Rao,23,M,A2,
3348,2259,Yogesh Kumar,50,M,A3,
3349,2260,Santosh Murthy,20,M,A1,
3350,2261,Vijay Shetty,21,M,A1,
3351,2262,Shivaraj Murthy,30,M,A1,
3352,2263,Ramesh Achar,40,M,A1,
3353,2264,Vidya Setty,54,F,A1,
3354,2264,Shivaraj Iyer,20,M,A2,
3355,2265,Nandini Shetty,34,F,A1,
3356,2265,Manjunath Poojary,26,M,A2,
3357,2266,Anil Rao,44,M,A1,
3358,2267,Savitha Naidu,22,F,A1,REPEAT-013
3359,2267,Harish Setty,46,M,A2,
3360,2267,Naveen Shetty,34,M,A3,
3361,2268,Prakash Achar,26,M,A1,
3362,2269,Kumar Reddy,40,M,A1,
3363,2270,Shwetha Hegde,20,F,A1,
3364,2271,Manjunath Murthy,25,M,A1,REPEAT-025
3365,2272,Harish Poojary,30,M,A1,
3366,2273,Mahesh Shetty,37,M,A1,REPEAT-022
3367,2274,Shivaraj Kumar,30,M,A1,REPEAT-024
3368,2275,Deepa Patil,18,F,A1,
3369,2275,Srinivas Poojary,44,M,A2,
3370,2276,Lakshmi Murthy,34,F,A1,
3371,2277,Anil Rao,52,M,A1,
3372,2277,Suresh Naidu,24,M,A2,
3373,2277,Raghu Murthy,40,M,A3,
3374,2278,Ravi Rao,40,M,A1,
3375,2278,Girish Gowda,29,M,A2,
3376,2279,Manjunath Murthy,25,M,A1,REPEAT-025
3377,2280,Ramesh Poojary,41,M,A1,
3378,2280,Raghu Poojary,30,M,A2,
3379,2280,Deepa Hegde,50,F,A3,
3380,2281,Harish Hegde,35,M,A1,
3381,2281,Shwetha Bhat,36,F,A2,
3382,2282,Suresh Iyer,40,M,A1,
3383,2283,Manjunath Murthy,26,M,A1,REPEAT-025
3384,2284,Lakshmi Poojary,46,F,A1,
3385,2284,Prakash Iyer,36,M,A2,
3386,2285,Girish Bhat,31,M,A1,
3387,2286,Lakshmi Setty,23,F,A1,
3388,2287,Shivaraj Shetty,19,M,A1,
3389,2288,Santosh Setty,19,M,A1,
3390,2289,Harish Reddy,44,M,A1,REPEAT-056
3391,2289,Lakshmi Murthy,32,F,A2,
3392,2290,Bhagya Naik,29,F,A1,
3393,2291,Nandini Naidu,49,F,A1,
3394,2292,Shivaraj Poojary,43,M,A1,
3395,2293,Anita Kumar,46,F,A1,
3396,2294,Prakash Kumar,47,M,A1,
3397,2294,Roopa Hegde,47,F,A2,
3398,2295,Roopa Kumar,38,F,A1,
3399,2296,Vijay Bhat,26,M,A1,
3400,2297,Kavya Setty,28,F,A1,
3401,2298,Ganesh Hegde,36,M,A1,REPEAT-060
3402,2298,Nagaraj Shetty,42,M,A2,
3403,2298,Manjunath Achar,50,M,A3,
3404,2299,Sowmya Iyer,35,F,A1,
3405,2299,Srinivas Murthy,18,M,A2,
3406,2300,Sunita Hegde,20,F,A1,
3407,2301,Yogesh Bhat,51,M,A1,
3408,2301,Srinivas Poojary,21,M,A2,
3409,2302,Vijay Setty,53,M,A1,
3410,2303,Roopa Achar,20,F,A1,
3411,2304,Kumar Poojary,45,M,A1,
3412,2305,Yogesh Naidu,38,M,A1,
3413,2306,Vijay Naik,27,M,A1,
3414,2307,Priya Murthy,39,F,A1,
3415,2307,Ganesh Poojary,31,M,A2,
3416,2307,Vijay Rao,42,M,A3,
3417,2308,Anil Achar,31,M,A1,
3418,2309,Geeta Shetty,29,F,A1,
3419,2309,Roopa Setty,35,F,A2,
3420,2310,Ravi Reddy,39,M,A1,
3421,2310,Prakash Reddy,27,M,A2,
3422,2311,Radha Iyer,22,F,A1,
3423,2312,Sunita Iyer,44,F,A1,
3424,2313,Radha Reddy,45,F,A1,REPEAT-055
3425,2313,Savitha Patil,33,F,A2,
3426,2313,Sunita Murthy,32,F,A3,
3427,2314,Deepa Achar,37,F,A1,
3428,2315,Pooja Naik,42,F,A1,
3429,2315,Kavya Iyer,29,F,A2,
3430,2316,Prakash Reddy,27,M,A1,
3431,2316,Kavya Patil,50,F,A2,
3432,2317,Kumar Rao,44,M,A1,REPEAT-018
3433,2318,Kumar Murthy,46,M,A1,REPEAT-048
3434,2318,Kumar Murthy,29,M,A2,
3435,2318,Prakash Bhat,26,M,A3,
3436,2319,Suresh Patil,27,M,A1,
3437,2319,Savitha Kumar,30,F,A2,
3438,2320,Raghu Hegde,53,M,A1,
3439,2321,Harish Reddy,44,M,A1,REPEAT-056
3440,2322,Prakash Shetty,46,M,A1,
3441,2323,Srinivas Naidu,37,M,A1,REPEAT-049
3442,2323,Anil Poojary,38,M,A2,
3443,2324,Girish Setty,49,M,A1,
3444,2325,Santosh Iyer,21,M,A1,
3445,2326,Santosh Gowda,42,M,A1,
3446,2327,Nagaraj Naidu,21,M,A1,
3447,2328,Shivaraj Poojary,28,M,A1,
3448,2329,Nandini Murthy,23,F,A1,
3449,2330,Santosh Setty,36,M,A1,
3450,2331,Manjunath Hegde,31,M,A1,
3451,2332,Kumar Hegde,39,M,A1,
3452,2333,Pooja Naidu,34,F,A1,
3453,2333,Santosh Patil,33,M,A2,
3454,2334,Ganesh Hegde,51,M,A1,
3455,2335,Shivaraj Bhat,51,M,A1,
3456,2335,Vijay Rao,45,M,A2,
3457,2336,Shivaraj Naik,27,M,A1,
3458,2336,Bhagya Poojary,31,F,A2,
3459,2337,Prakash Gowda,20,M,A1,
3460,2337,Ganesh Patil,27,M,A2,
3461,2337,Anil Bhat,19,M,A3,
3462,2338,Ravi Bhat,45,M,A1,
3463,2339,Kumar Iyer,21,M,A1,REPEAT-038
3464,2340,Santosh Shetty,30,M,A1,
3465,2340,Chaya Naidu,36,F,A2,
3466,2341,Radha Naik,32,F,A1,
3467,2342,Prakash Rao,31,M,A1,
3468,2343,Rekha Naidu,26,F,A1,
3469,2343,Savitha Shetty,33,F,A2,
3470,2344,Shivaraj Kumar,29,M,A1,REPEAT-024
3471,2345,Anil Setty,50,M,A1,
3472,2346,Mahesh Kumar,36,M,A1,
3473,2347,Manjunath Achar,40,M,A1,
3474,2347,Lakshmi Patil,45,F,A2,
3475,2347,Kumar Gowda,41,M,A3,
3476,2348,Anil Naik,26,M,A1,
3477,2348,Prakash Setty,35,M,A2,
3478,2349,Basavaraj Naik,29,M,A1,
3479,2350,Suresh Reddy,32,M,A1,
3480,2350,Nagaraj Achar,30,M,A2,
3481,2351,Santosh Shetty,51,M,A1,
3482,2351,Santosh Reddy,28,M,A2,
3483,2351,Sunita Bhat,42,F,A3,
3484,2352,Pooja Hegde,49,F,A1,
3485,2353,Shivaraj Shetty,46,M,A1,
3486,2354,Sunita Shetty,23,F,A1,
3487,2355,Mahesh Murthy,23,M,A1,REPEAT-033
3488,2356,Anil Setty,26,M,A1,
3489,2356,Nandini Shetty,23,F,A2,
3490,2356,Rekha Reddy,37,F,A3,
3491,2357,Radha Reddy,44,F,A1,REPEAT-055
3492,2358,Suresh Shetty,39,M,A1,
3493,2358,Chaya Rao,37,F,A2,
3494,2359,Sowmya Bhat,25,F,A1,
3495,2360,Mahesh Iyer,26,M,A1,
3496,2361,Anita Shetty,18,F,A1,
3497,2362,Rekha Poojary,21,F,A1,
3498,2362,Radha Iyer,34,F,A2,
3499,2363,Raghu Hegde,25,M,A1,
3500,2363,Bhagya Bhat,50,F,A2,
3501,2364,Manjunath Reddy,22,M,A1,
3502,2365,Santosh Naidu,46,M,A1,
3503,2366,Savitha Kumar,28,F,A1,
3504,2367,Basavaraj Patil,20,M,A1,
3505,2368,Ramesh Naidu,32,M,A1,
3506,2369,Manjula Iyer,20,F,A1,
3507,2370,Vijay Gowda,42,M,A1,
3508,2371,Basavaraj Hegde,44,M,A1,
3509,2372,Anita Shetty,28,F,A1,REPEAT-019
3510,2372,Mahesh Naidu,33,M,A2,
3511,2373,Nandini Hegde,53,F,A1,
3512,2373,Priya Rao,25,F,A2,
3513,2374,Sunita Gowda,50,F,A1,
3514,2374,Bhagya Iyer,27,F,A2,
3515,2374,Srinivas Patil,55,M,A3,
3516,2375,Naveen Murthy,34,M,A1,
3517,2376,Priya Murthy,23,F,A1,REPEAT-010
3518,2377,Kumar Hegde,18,M,A1,
3519,2377,Nandini Rao,52,F,A2,
3520,2378,Prakash Murthy,28,M,A1,
3521,2379,Manjunath Setty,43,M,A1,REPEAT-016
3522,2379,Nagaraj Iyer,31,M,A2,
3523,2379,Ravi Shetty,19,M,A3,
3524,2380,Suresh Rao,53,M,A1,
3525,2381,Srinivas Shetty,47,M,A1,
3526,2382,Manjunath Bhat,33,M,A1,REPEAT-030
3527,2383,Rekha Gowda,24,F,A1,
3528,2383,Srinivas Hegde,47,M,A2,
3529,2384,Ravi Hegde,20,M,A1,
3530,2385,Naveen Reddy,30,M,A1,
3531,2386,Manjunath Bhat,53,M,A1,
3532,2386,Santosh Naidu,22,M,A2,
3533,2386,Anil Murthy,20,M,A3,
3534,2387,Manjula Gowda,52,F,A1,
3535,2388,Girish Reddy,27,M,A1,
3536,2388,Prakash Patil,45,M,A2,
3537,2389,Girish Naidu,24,M,A1,
3538,2389,Harish Setty,55,M,A2,
3539,2389,Kumar Naik,40,M,A3,
3540,2390,Ravi Achar,30,M,A1,
3541,2391,Nagaraj Poojary,52,M,A1,
3542,2392,Srinivas Achar,37,M,A1,
3543,2393,Deepa Iyer,18,F,A1,
3544,2393,Shobha Naik,51,F,A2,
3545,2394,Lakshmi Hegde,34,F,A1,
3546,2394,Anil Bhat,26,M,A2,
3547,2394,Prakash Rao,31,M,A3,
3548,2395,Suresh Rao,18,M,A1,
3549,2396,Harish Patil,39,M,A1,REPEAT-053
3550,2397,Santosh Setty,19,M,A1,
3551,2398,Sowmya Bhat,40,F,A1,
3552,2399,Mahesh Murthy,23,M,A1,REPEAT-033
3553,2399,Nagaraj Naidu,51,M,A2,
3554,2400,Santosh Reddy,27,M,A1,
3555,2400,Harish Kumar,20,M,A2,
3556,2401,Santosh Gowda,21,M,A1,
3557,2401,Manjunath Gowda,54,M,A2,
3558,2401,Savitha Setty,43,F,A3,
3559,2402,Anita Murthy,39,F,A1,
3560,2402,Manjunath Gowda,44,M,A2,
3561,2402,Srinivas Achar,19,M,A3,
3562,2403,Sunita Reddy,29,F,A1,
3563,2403,Shobha Achar,19,F,A2,
3564,2404,Mahesh Murthy,23,M,A1,REPEAT-033
3565,2405,Shivaraj Iyer,37,M,A1,
3566,2405,Yogesh Kumar,41,M,A2,
3567,2406,Yogesh Bhat,31,M,A1,
3568,2407,Deepa Shetty,38,F,A1,
3569,2408,Kumar Murthy,43,M,A1,
3570,2409,Mahesh Murthy,23,M,A1,REPEAT-033
3571,2409,Mahesh Setty,42,M,A2,
3572,2409,Harish Naik,28,M,A3,
3573,2410,Harish Achar,45,M,A1,REPEAT-057
3574,2411,Anil Bhat,42,M,A1,REPEAT-054
3575,2411,Roopa Naidu,31,F,A2,
3576,2412,Raghu Murthy,53,M,A1,
3577,2412,Manjunath Shetty,32,M,A2,
3578,2412,Geeta Gowda,18,F,A3,
3579,2413,Harish Naidu,36,M,A1,REPEAT-015
3580,2414,Suresh Setty,40,M,A1,
3581,2415,Chaya Setty,35,F,A1,
3582,2415,Vijay Achar,21,M,A2,
3583,2416,Prakash Shetty,40,M,A1,
3584,2417,Manjunath Hegde,55,M,A1,
3585,2417,Manjula Kumar,26,F,A2,
3586,2418,Shwetha Kumar,40,F,A1,
3587,2419,Radha Rao,40,F,A1,
3588,2419,Vijay Setty,30,M,A2,
3589,2420,Kumar Gowda,29,M,A1,
3590,2421,Geeta Patil,47,F,A1,
3591,2422,Harish Achar,45,M,A1,REPEAT-057
3592,2422,Savitha Kumar,44,F,A2,
3593,2423,Anil Bhat,41,M,A1,
3594,2424,Shobha Setty,30,F,A1,
3595,2425,Nagaraj Setty,45,M,A1,REPEAT-003
3596,2426,Shivaraj Iyer,54,M,A1,
3597,2427,Mahesh Murthy,23,M,A1,REPEAT-033
3598,2428,Radha Bhat,46,F,A1,
3599,2429,Mahesh Murthy,23,M,A1,REPEAT-033
3600,2430,Anil Shetty,40,M,A1,
3601,2431,Lakshmi Iyer,54,F,A1,
3602,2432,Raghu Setty,47,M,A1,
3603,2433,Mahesh Shetty,38,M,A1,REPEAT-022
3604,2433,Nagaraj Rao,28,M,A2,
3605,2434,Manjunath Kumar,41,M,A1,
3606,2435,Basavaraj Shetty,33,M,A1,
3607,2436,Lakshmi Rao,21,F,A1,
3608,2436,Deepa Shetty,43,F,A2,
3609,2437,Lakshmi Iyer,43,F,A1,
3610,2438,Santosh Rao,31,M,A1,
3611,2439,Harish Patil,22,M,A1,
3612,2439,Ravi Hegde,30,M,A2,
3613,2440,Ganesh Poojary,53,M,A1,
3614,2441,Anil Bhat,41,M,A1,REPEAT-054
3615,2441,Manjunath Murthy,31,M,A2,
3616,2442,Yogesh Kumar,45,M,A1,REPEAT-050
3617,2442,Anita Murthy,33,F,A2,
3618,2443,Kumar Achar,18,M,A1,
3619,2444,Ganesh Rao,34,M,A1,
3620,2445,Roopa Rao,21,F,A1,
3621,2445,Radha Hegde,21,F,A2,
3622,2445,Suresh Rao,24,M,A3,
3623,2446,Basavaraj Achar,53,M,A1,
3624,2446,Yogesh Reddy,22,M,A2,
3625,2447,Radha Reddy,45,F,A1,REPEAT-055
3626,2447,Anil Kumar,50,M,A2,
3627,2447,Girish Naik,26,M,A3,
3628,2448,Raghu Poojary,50,M,A1,
3629,2449,Anita Shetty,29,F,A1,REPEAT-019
3630,2450,Manjula Iyer,21,F,A1,
3631,2451,Prakash Rao,35,M,A1,
3632,2452,Nagaraj Achar,31,M,A1,
3633,2453,Rekha Naidu,34,F,A1,
3634,2454,Harish Naidu,37,M,A1,REPEAT-015
3635,2454,Girish Hegde,43,M,A2,
3636,2454,Srinivas Rao,26,M,A3,
3637,2455,Basavaraj Rao,44,M,A1,
3638,2456,Srinivas Reddy,24,M,A1,
3639,2457,Nandini Gowda,37,F,A1,
3640,2458,Ganesh Patil,28,M,A1,
3641,2459,Pooja Setty,43,F,A1,
3642,2459,Sunita Iyer,23,F,A2,
3643,2460,Suresh Achar,29,M,A1,
3644,2460,Basavaraj Patil,39,M,A2,
3645,2461,Shivaraj Shetty,45,M,A1,
3646,2461,Manjula Setty,35,F,A2,
3647,2462,Sowmya Reddy,35,F,A1,
3648,2463,Savitha Hegde,54,F,A1,
3649,2463,Bhagya Kumar,26,F,A2,
3650,2464,Manjunath Murthy,25,M,A1,REPEAT-025
3651,2464,Basavaraj Iyer,37,M,A2,
3652,2465,Anil Bhat,44,M,A1,
3653,2465,Pooja Setty,32,F,A2,
3654,2466,Anil Achar,43,M,A1,
3655,2466,Harish Rao,28,M,A2,
3656,2467,Nandini Shetty,23,F,A1,REPEAT-011
3657,2468,Anita Reddy,32,F,A1,
3658,2469,Shwetha Naidu,25,F,A1,
3659,2470,Suresh Hegde,31,M,A1,
3660,2471,Mahesh Murthy,24,M,A1,REPEAT-033
3661,2471,Nandini Hegde,37,F,A2,
3662,2472,Vijay Naidu,50,M,A1,
3663,2472,Ramesh Hegde,28,M,A2,
3664,2472,Vijay Kumar,27,M,A3,
3665,2473,Nagaraj Murthy,24,M,A1,
3666,2473,Rekha Naidu,45,F,A2,
3667,2473,Nagaraj Iyer,41,M,A3,
3668,2474,Shivaraj Reddy,35,M,A1,
3669,2474,Yogesh Naidu,20,M,A2,
3670,2475,Raghu Bhat,35,M,A1,
3671,2475,Ramesh Iyer,21,M,A2,
3672,2476,Kumar Reddy,35,M,A1,
3673,2477,Ganesh Gowda,52,M,A1,
3674,2477,Naveen Achar,51,M,A2,
3675,2478,Manjunath Setty,44,M,A1,REPEAT-016
3676,2479,Ravi Patil,40,M,A1,
3677,2479,Yogesh Naik,20,M,A2,
3678,2479,Vijay Patil,41,M,A3,
3679,2480,Ganesh Bhat,53,M,A1,
3680,2481,Suresh Hegde,46,M,A1,
3681,2482,Lakshmi Murthy,44,F,A1,REPEAT-044
3682,2482,Ravi Kumar,42,M,A2,
3683,2483,Nandini Shetty,32,F,A1,
3684,2484,Mahesh Murthy,20,M,A1,
3685,2485,Basavaraj Naidu,50,M,A1,
3686,2486,Suresh Iyer,21,M,A1,
3687,2486,Lakshmi Hegde,49,F,A2,
3688,2487,Santosh Murthy,51,M,A1,
3689,2488,Ganesh Bhat,51,M,A1,
3690,2488,Lakshmi Kumar,47,F,A2,
3691,2488,Suresh Setty,42,M,A3,
3692,2489,Santosh Kumar,43,M,A1,
3693,2490,Savitha Rao,18,F,A1,
3694,2490,Raghu Naik,35,M,A2,
3695,2490,Shobha Iyer,26,F,A3,
3696,2491,Prakash Naidu,24,M,A1,
3697,2492,Shwetha Iyer,40,F,A1,
3698,2493,Nagaraj Setty,46,M,A1,REPEAT-003
3699,2493,Nagaraj Iyer,35,M,A2,
3700,2494,Chaya Hegde,19,F,A1,
3701,2495,Kumar Patil,36,M,A1,
3702,2496,Yogesh Kumar,46,M,A1,
3703,2497,Nagaraj Rao,21,M,A1,
3704,2498,Kumar Achar,34,M,A1,
3705,2498,Mahesh Iyer,46,M,A2,
3706,2499,Anil Bhat,41,M,A1,REPEAT-054
3707,2500,Ravi Hegde,33,M,A1,
3708,2500,Pooja Kumar,30,F,A2,
3709,2500,Deepa Patil,50,F,A3,
3710,2501,Ganesh Gowda,20,M,A1,
3711,2502,Kumar Hegde,27,M,A1,REPEAT-040
3712,2503,Chaya Reddy,22,F,A1,
3713,2503,Santosh Reddy,20,M,A2,
3714,2503,Nagaraj Reddy,29,M,A3,
3715,2504,Savitha Achar,18,F,A1,
3716,2505,Shivaraj Patil,41,M,A1,REPEAT-006
3717,2506,Girish Iyer,34,M,A1,
3718,2507,Ganesh Hegde,51,M,A1,
3719,2508,Sowmya Rao,35,F,A1,
3720,2509,Harish Iyer,53,M,A1,
3721,2510,Priya Iyer,35,F,A1,
3722,2510,Priya Bhat,18,F,A2,
3723,2510,Basavaraj Naik,27,M,A3,
3724,2511,Ravi Naidu,30,M,A1,
3725,2512,Priya Murthy,23,F,A1,REPEAT-010
3726,2513,Nandini Reddy,23,F,A1,
3727,2513,Girish Reddy,32,M,A2,
3728,2514,Anita Achar,33,F,A1,
3729,2514,Nagaraj Shetty,44,M,A2,
3730,2515,Yogesh Bhat,49,M,A1,
3731,2516,Sunita Achar,26,F,A1,
3732,2516,Harish Poojary,24,M,A2,
3733,2516,Roopa Patil,46,F,A3,
3734,2517,Vijay Shetty,21,M,A1,REPEAT-007
3735,2517,Deepa Patil,42,F,A2,
3736,2518,Raghu Kumar,19,M,A1,
3737,2519,Shivaraj Setty,18,M,A1,
3738,2520,Girish Achar,40,M,A1,
3739,2520,Ramesh Poojary,32,M,A2,
3740,2520,Bhagya Setty,28,F,A3,
3741,2521,Girish Poojary,26,M,A1,
3742,2522,Girish Shetty,43,M,A1,
3743,2523,Ravi Patil,22,M,A1,
3744,2524,Vidya Achar,49,F,A1,
3745,2524,Ramesh Kumar,54,M,A2,
3746,2525,Ramesh Bhat,39,M,A1,
3747,2526,Deepa Shetty,27,F,A1,
3748,2526,Basavaraj Shetty,24,M,A2,
3749,2527,Ramesh Hegde,46,M,A1,
3750,2528,Rekha Shetty,29,F,A1,
3751,2529,Deepa Bhat,24,F,A1,
3752,2530,Ramesh Setty,21,M,A1,
3753,2531,Roopa Patil,37,F,A1,
3754,2531,Raghu Hegde,37,M,A2,
3755,2532,Sowmya Reddy,54,F,A1,
3756,2533,Basavaraj Setty,22,M,A1,
3757,2533,Prakash Reddy,36,M,A2,
3758,2533,Srinivas Reddy,29,M,A3,
3759,2534,Srinivas Kumar,50,M,A1,
3760,2535,Santosh Iyer,45,M,A1,
3761,2536,Kumar Iyer,21,M,A1,REPEAT-038
3762,2537,Kumar Iyer,39,M,A1,
3763,2538,Nandini Setty,40,F,A1,
3764,2538,Savitha Shetty,53,F,A2,
3765,2539,Manjula Poojary,50,F,A1,
3766,2540,Chaya Poojary,34,F,A1,
3767,2541,Srinivas Patil,42,M,A1,
3768,2541,Manjunath Achar,43,M,A2,
3769,2542,Kumar Murthy,45,M,A1,REPEAT-048
3770,2542,Rekha Kumar,33,F,A2,
3771,2542,Shivaraj Hegde,24,M,A3,
3772,2543,Radha Murthy,39,F,A1,
3773,2543,Girish Naik,50,M,A2,
3774,2543,Bhagya Hegde,23,F,A3,
3775,2544,Ganesh Bhat,41,M,A1,
3776,2544,Radha Hegde,24,F,A2,
3777,2545,Yogesh Patil,40,M,A1,
3778,2546,Manjunath Naidu,46,M,A1,
3779,2547,Manjunath Murthy,25,M,A1,REPEAT-025
3780,2547,Kumar Reddy,41,M,A2,
3781,2548,Kumar Naidu,23,M,A1,
3782,2549,Vijay Poojary,27,M,A1,
3783,2549,Lakshmi Achar,55,F,A2,
3784,2550,Rekha Shetty,37,F,A1,
3785,2551,Harish Murthy,45,M,A1,
3786,2552,Mahesh Rao,21,M,A1,
3787,2553,Geeta Rao,47,F,A1,
3788,2554,Vidya Achar,30,F,A1,
3789,2555,Naveen Patil,44,M,A1,
3790,2556,Nandini Kumar,31,F,A1,
3791,2556,Naveen Shetty,39,M,A2,
3792,2557,Ramesh Poojary,33,M,A1,
3793,2557,Radha Reddy,40,F,A2,
3794,2558,Srinivas Hegde,45,M,A1,
3795,2559,Lakshmi Naidu,19,F,A1,
3796,2559,Yogesh Setty,30,M,A2,
3797,2560,Nandini Kumar,42,F,A1,REPEAT-012
3798,2561,Kumar Murthy,23,M,A1,
3799,2561,Savitha Shetty,25,F,A2,
3800,2562,Yogesh Shetty,26,M,A1,
3801,2562,Shivaraj Naidu,40,M,A2,
3802,2563,Anil Bhat,41,M,A1,REPEAT-054
3803,2563,Basavaraj Setty,25,M,A2,
3804,2563,Prakash Setty,22,M,A3,
3805,2564,Basavaraj Hegde,46,M,A1,
3806,2564,Deepa Naik,47,F,A2,
3807,2564,Mahesh Naik,25,M,A3,
3808,2565,Anil Murthy,53,M,A1,
3809,2566,Vijay Shetty,40,M,A1,
3810,2567,Manjunath Setty,44,M,A1,REPEAT-016
3811,2568,Naveen Naik,27,M,A1,
3812,2569,Raghu Naik,55,M,A1,
3813,2569,Vijay Iyer,20,M,A2,
3814,2570,Mahesh Achar,29,M,A1,
3815,2571,Pooja Achar,35,F,A1,
3816,2572,Raghu Poojary,20,M,A1,
3817,2573,Girish Bhat,41,M,A1,
3818,2574,Shivaraj Kumar,30,M,A1,REPEAT-024
3819,2574,Girish Hegde,24,M,A2,
3820,2575,Shobha Shetty,32,F,A1,
3821,2575,Raghu Achar,18,M,A2,
3822,2575,Basavaraj Bhat,54,M,A3,
3823,2576,Vijay Gowda,32,M,A1,
3824,2577,Rekha Rao,48,F,A1,
3825,2577,Mahesh Hegde,49,M,A2,
3826,2578,Raghu Gowda,49,M,A1,
3827,2579,Savitha Bhat,50,F,A1,
3828,2580,Kavya Iyer,25,F,A1,
3829,2580,Bhagya Bhat,41,F,A2,
3830,2580,Kumar Poojary,48,M,A3,
3831,2581,Anita Achar,37,F,A1,
3832,2581,Girish Naik,43,M,A2,
3833,2581,Nagaraj Kumar,34,M,A3,
3834,2582,Suresh Hegde,39,M,A1,
3835,2582,Mahesh Achar,47,M,A2,
3836,2583,Naveen Murthy,44,M,A1,REPEAT-002
3837,2584,Naveen Murthy,43,M,A1,REPEAT-002
3838,2585,Sunita Kumar,55,F,A1,
3839,2586,Rekha Achar,48,F,A1,
3840,2587,Anil Setty,34,M,A1,
3841,2587,Yogesh Shetty,55,M,A2,
3842,2588,Vijay Poojary,25,M,A1,
3843,2589,Srinivas Rao,54,M,A1,
3844,2590,Manjunath Poojary,35,M,A1,REPEAT-004
3845,2591,Harish Shetty,24,M,A1,
3846,2592,Deepa Hegde,54,F,A1,
3847,2593,Harish Naidu,36,M,A1,REPEAT-015
3848,2594,Naveen Poojary,45,M,A1,
3849,2594,Vidya Bhat,54,F,A2,
3850,2595,Anita Shetty,28,F,A1,REPEAT-019
3851,2595,Ganesh Shetty,54,M,A2,
3852,2596,Santosh Hegde,48,M,A1,
3853,2597,Shivaraj Naik,24,M,A1,
3854,2598,Rekha Bhat,51,F,A1,
3855,2598,Nandini Murthy,31,F,A2,
3856,2598,Kavya Rao,45,F,A3,
3857,2599,Ravi Kumar,22,M,A1,
3858,2600,Shobha Patil,49,F,A1,
3859,2601,Mahesh Hegde,36,M,A1,
3860,2601,Geeta Naidu,45,F,A2,
3861,2602,Anil Iyer,36,M,A1,
3862,2603,Yogesh Iyer,27,M,A1,
3863,2603,Naveen Hegde,22,M,A2,
3864,2604,Harish Hegde,25,M,A1,
3865,2605,Vijay Patil,29,M,A1,
3866,2605,Chaya Reddy,26,F,A2,
3867,2605,Sunita Gowda,49,F,A3,
3868,2606,Girish Poojary,48,M,A1,
3869,2607,Shwetha Bhat,41,F,A1,
3870,2608,Basavaraj Patil,46,M,A1,
3871,2609,Girish Hegde,20,M,A1,
3872,2609,Santosh Iyer,43,M,A2,
3873,2610,Srinivas Naidu,38,M,A1,REPEAT-049
3874,2610,Harish Rao,18,M,A2,
3875,2611,Naveen Naik,40,M,A1,
3876,2611,Nagaraj Achar,45,M,A2,
3877,2612,Mahesh Shetty,38,M,A1,REPEAT-022
3878,2613,Suresh Naik,39,M,A1,REPEAT-042
3879,2614,Ganesh Shetty,30,M,A1,
3880,2615,Anita Shetty,28,F,A1,REPEAT-019
3881,2616,Manjula Reddy,30,F,A1,
3882,2617,Roopa Poojary,41,F,A1,
3883,2618,Harish Reddy,44,M,A1,REPEAT-056
3884,2619,Shivaraj Naik,19,M,A1,
3885,2620,Naveen Murthy,43,M,A1,REPEAT-002
3886,2620,Shwetha Kumar,33,F,A2,
3887,2621,Lakshmi Murthy,45,F,A1,REPEAT-044
3888,2622,Shobha Hegde,46,F,A1,
3889,2623,Girish Rao,44,M,A1,
3890,2624,Naveen Rao,28,M,A1,
3891,2625,Manjula Rao,41,F,A1,
3892,2625,Kavya Achar,31,F,A2,
3893,2625,Chaya Achar,39,F,A3,
3894,2626,Girish Kumar,51,M,A1,
3895,2626,Manjunath Rao,27,M,A2,
3896,2627,Shivaraj Hegde,34,M,A1,
3897,2628,Naveen Murthy,43,M,A1,REPEAT-002
3898,2629,Nandini Shetty,22,F,A1,REPEAT-011
3899,2629,Vidya Rao,39,F,A2,
3900,2629,Mahesh Iyer,26,M,A3,
3901,2630,Chaya Shetty,41,F,A1,
3902,2631,Deepa Setty,36,F,A1,
3903,2631,Naveen Bhat,34,M,A2,
3904,2632,Ravi Gowda,27,M,A1,
3905,2633,Sowmya Hegde,43,F,A1,
3906,2633,Vidya Poojary,21,F,A2,
3907,2634,Suresh Naik,38,M,A1,REPEAT-042
3908,2635,Vidya Kumar,19,F,A1,
3909,2636,Nagaraj Rao,46,M,A1,
3910,2637,Raghu Naik,31,M,A1,
3911,2638,Manjunath Murthy,25,M,A1,REPEAT-025
3912,2639,Manjunath Murthy,26,M,A1,REPEAT-025
3913,2640,Rekha Setty,40,F,A1,
3914,2641,Anil Reddy,37,M,A1,
3915,2642,Ganesh Hegde,36,M,A1,REPEAT-060
3916,2642,Suresh Setty,27,M,A2,
3917,2642,Shivaraj Patil,24,M,A3,
3918,2643,Roopa Gowda,39,F,A1,
3919,2644,Manjunath Setty,43,M,A1,REPEAT-016
3920,2645,Vidya Bhat,47,F,A1,
3921,2646,Prakash Kumar,35,M,A1,
3922,2647,Prakash Hegde,25,M,A1,
3923,2648,Basavaraj Shetty,40,M,A1,REPEAT-023
3924,2649,Vijay Shetty,21,M,A1,REPEAT-007
3925,2649,Kavya Achar,32,F,A2,
3926,2649,Suresh Kumar,38,M,A3,
3927,2650,Shobha Gowda,34,F,A1,
3928,2650,Girish Setty,51,M,A2,
3929,2650,Srinivas Gowda,18,M,A3,
3930,2651,Radha Rao,33,F,A1,REPEAT-059
3931,2652,Anil Bhat,34,M,A1,REPEAT-005
3932,2653,Ravi Poojary,41,M,A1,
3933,2653,Yogesh Kumar,37,M,A2,
3934,2653,Chaya Naidu,24,F,A3,
3935,2654,Harish Iyer,25,M,A1,
3936,2655,Anil Bhat,42,M,A1,REPEAT-054
3937,2656,Shivaraj Kumar,29,M,A1,REPEAT-024
3938,2656,Nagaraj Murthy,49,M,A2,
3939,2657,Anil Bhat,42,M,A1,
3940,2658,Ganesh Naidu,26,M,A1,
3941,2658,Lakshmi Naik,25,F,A2,
3942,2659,Yogesh Poojary,55,M,A1,
3943,2660,Anita Kumar,48,F,A1,
3944,2661,Mahesh Murthy,23,M,A1,REPEAT-033
3945,2662,Anil Bhat,35,M,A1,REPEAT-005
3946,2662,Yogesh Achar,45,M,A2,
3947,2662,Shivaraj Setty,22,M,A3,
3948,2663,Sunita Patil,55,F,A1,
3949,2664,Girish Naidu,27,M,A1,
3950,2665,Naveen Murthy,43,M,A1,REPEAT-002
3951,2666,Raghu Poojary,26,M,A1,
3952,2667,Santosh Patil,40,M,A1,
3953,2668,Manjula Setty,33,F,A1,
3954,2668,Nagaraj Naidu,42,M,A2,
3955,2668,Harish Achar,50,M,A3,
3956,2669,Shobha Shetty,38,F,A1,
3957,2669,Harish Reddy,42,M,A2,
3958,2670,Suresh Rao,19,M,A1,
3959,2671,Kumar Gowda,34,M,A1,
3960,2672,Ganesh Hegde,36,M,A1,REPEAT-060
3961,2672,Savitha Kumar,50,F,A2,
3962,2672,Ramesh Shetty,24,M,A3,
3963,2673,Shivaraj Reddy,51,M,A1,
3964,2674,Anil Achar,51,M,A1,
3965,2675,Mahesh Murthy,23,M,A1,REPEAT-033
3966,2675,Geeta Patil,53,F,A2,
3967,2676,Prakash Hegde,50,M,A1,
3968,2676,Nandini Naik,51,F,A2,
3969,2677,Ganesh Hegde,37,M,A1,REPEAT-060
3970,2678,Kumar Setty,24,M,A1,
3971,2678,Anil Kumar,21,M,A2,
3972,2679,Chaya Reddy,34,F,A1,
3973,2679,Girish Achar,52,M,A2,
3974,2680,Vidya Poojary,40,F,A1,
3975,2680,Harish Bhat,22,M,A2,
3976,2681,Srinivas Naidu,37,M,A1,REPEAT-049
3977,2682,Prakash Naidu,30,M,A1,
3978,2683,Yogesh Murthy,52,M,A1,
3979,2683,Shivaraj Setty,52,M,A2,
3980,2683,Roopa Patil,33,F,A3,
3981,2684,Nandini Kumar,43,F,A1,REPEAT-012
3982,2684,Nagaraj Patil,36,M,A2,
3983,2685,Yogesh Rao,39,M,A1,
3984,2686,Manjula Murthy,55,F,A1,
3985,2687,Manjula Hegde,39,F,A1,
3986,2688,Manjunath Setty,43,M,A1,REPEAT-016
3987,2688,Mahesh Reddy,20,M,A2,
3988,2689,Suresh Naidu,31,M,A1,
3989,2690,Kumar Iyer,22,M,A1,
3990,2690,Sowmya Naidu,42,F,A2,
3991,2690,Ravi Bhat,46,M,A3,
3992,2691,Santosh Rao,50,M,A1,
3993,2692,Harish Iyer,35,M,A1,
3994,2693,Ramesh Shetty,32,M,A1,
3995,2694,Santosh Hegde,32,M,A1,
3996,2695,Pooja Reddy,39,F,A1,
3997,2696,Sunita Shetty,44,F,A1,
3998,2697,Srinivas Hegde,36,M,A1,
3999,2697,Ganesh Iyer,35,M,A2,
4000,2697,Ramesh Rao,37,M,A3,
4001,2698,Pooja Iyer,35,F,A1,
4002,2699,Yogesh Patil,32,M,A1,
4003,2699,Pooja Iyer,34,F,A2,
4004,2700,Manjunath Murthy,30,M,A1,
4005,2701,Ravi Reddy,45,M,A1,
4006,2701,Shivaraj Iyer,34,M,A2,
4007,2702,Santosh Naidu,42,M,A1,
4008,2702,Mahesh Patil,36,M,A2,
4009,2702,Manjula Kumar,52,F,A3,
4010,2703,Roopa Reddy,27,F,A1,
4011,2704,Shobha Rao,21,F,A1,
4012,2705,Suresh Poojary,20,M,A1,
4013,2705,Kumar Patil,30,M,A2,
4014,2705,Bhagya Naidu,43,F,A3,
4015,2706,Prakash Hegde,51,M,A1,
4016,2707,Vijay Shetty,22,M,A1,REPEAT-007
4017,2708,Radha Achar,34,F,A1,
4018,2708,Nagaraj Kumar,41,M,A2,
4019,2709,Sowmya Achar,53,F,A1,
4020,2709,Basavaraj Reddy,54,M,A2,
4021,2710,Santosh Gowda,48,M,A1,
4022,2711,Shobha Achar,34,F,A1,
4023,2712,Srinivas Shetty,41,M,A1,
4024,2712,Naveen Setty,39,M,A2,
4025,2713,Basavaraj Rao,52,M,A1,
4026,2713,Prakash Gowda,49,M,A2,
4027,2713,Naveen Setty,47,M,A3,
4028,2714,Shivaraj Rao,42,M,A1,
4029,2715,Kavya Murthy,18,F,A1,
4030,2715,Ganesh Gowda,23,M,A2,
4031,2716,Suresh Kumar,27,M,A1,
4032,2717,Raghu Naidu,21,M,A1,
4033,2718,Chaya Poojary,31,F,A1,
4034,2718,Yogesh Iyer,49,M,A2,
4035,2718,Manjula Rao,38,F,A3,
4036,2719,Prakash Reddy,42,M,A1,
4037,2720,Girish Shetty,26,M,A1,
4038,2720,Raghu Reddy,22,M,A2,
4039,2721,Anil Bhat,34,M,A1,REPEAT-005
4040,2722,Vidya Hegde,48,F,A1,
4041,2723,Girish Bhat,48,M,A1,
4042,2723,Ramesh Iyer,19,M,A2,
4043,2724,Nagaraj Naidu,36,M,A1,REPEAT-035
4044,2725,Suresh Murthy,24,M,A1,
4045,2725,Manjula Hegde,43,F,A2,
4046,2725,Kumar Patil,43,M,A3,
4047,2726,Suresh Naik,25,M,A1,
4048,2726,Basavaraj Patil,48,M,A2,
4049,2727,Yogesh Kumar,44,M,A1,REPEAT-050
4050,2727,Naveen Poojary,55,M,A2,
4051,2728,Ramesh Rao,45,M,A1,
4052,2728,Srinivas Patil,34,M,A2,
4053,2729,Kumar Gowda,33,M,A1,
4054,2730,Srinivas Gowda,21,M,A1,
4055,2731,Shwetha Naidu,35,F,A1,
4056,2732,Mahesh Iyer,55,M,A1,
4057,2733,Suresh Naik,38,M,A1,REPEAT-042
4058,2733,Suresh Achar,22,M,A2,
4059,2733,Ravi Murthy,47,M,A3,
4060,2734,Raghu Hegde,35,M,A1,
4061,2734,Raghu Hegde,33,M,A2,
4062,2734,Naveen Poojary,39,M,A3,
4063,2735,Geeta Gowda,46,F,A1,
4064,2736,Chaya Naik,28,F,A1,
4065,2737,Mahesh Patil,36,M,A1,
4066,2737,Manjula Setty,45,F,A2,
4067,2738,Manjunath Reddy,26,M,A1,
4068,2738,Anil Setty,24,M,A2,
4069,2739,Anil Setty,55,M,A1,
4070,2740,Suresh Setty,39,M,A1,
4071,2740,Roopa Gowda,20,F,A2,
4072,2740,Harish Bhat,27,M,A3,
4073,2741,Kumar Patil,50,M,A1,
4074,2741,Girish Shetty,48,M,A2,
4075,2742,Anil Bhat,41,M,A1,REPEAT-054
4076,2743,Srinivas Kumar,42,M,A1,
4077,2743,Shobha Kumar,24,F,A2,
4078,2744,Naveen Murthy,43,M,A1,REPEAT-002
4079,2745,Vidya Patil,50,F,A1,
4080,2746,Nagaraj Kumar,41,M,A1,
4081,2746,Ramesh Patil,54,M,A2,
4082,2746,Shobha Kumar,21,F,A3,
4083,2747,Ganesh Gowda,21,M,A1,REPEAT-020
4084,2748,Santosh Murthy,24,M,A1,
4085,2749,Mahesh Shetty,38,M,A1,REPEAT-022
4086,2750,Yogesh Kumar,28,M,A1,
4087,2751,Ravi Rao,34,M,A1,
4088,2751,Deepa Shetty,27,F,A2,
4089,2752,Bhagya Naidu,32,F,A1,
4090,2753,Savitha Murthy,48,F,A1,
4091,2754,Mahesh Shetty,38,M,A1,REPEAT-022
4092,2755,Ramesh Poojary,34,M,A1,
4093,2755,Girish Patil,41,M,A2,
4094,2756,Ravi Achar,21,M,A1,
4095,2757,Suresh Naik,38,M,A1,REPEAT-042
4096,2757,Harish Poojary,32,M,A2,
4097,2758,Pooja Iyer,25,F,A1,
4098,2759,Shivaraj Kumar,29,M,A1,REPEAT-024
4099,2760,Chaya Gowda,20,F,A1,
4100,2761,Anil Naik,28,M,A1,
4101,2762,Kavya Setty,45,F,A1,
4102,2762,Lakshmi Poojary,44,F,A2,
4103,2763,Anil Bhat,41,M,A1,REPEAT-054
4104,2763,Sunita Naik,48,F,A2,
4105,2763,Nagaraj Achar,21,M,A3,
4106,2764,Yogesh Naidu,24,M,A1,REPEAT-001
4107,2765,Manjunath Hegde,24,M,A1,
4108,2766,Yogesh Rao,30,M,A1,
4109,2766,Ganesh Hegde,29,M,A2,
4110,2767,Kumar Shetty,40,M,A1,
4111,2768,Kumar Iyer,38,M,A1,
4112,2769,Harish Naidu,37,M,A1,REPEAT-015
4113,2769,Nandini Hegde,29,F,A2,
4114,2770,Mahesh Gowda,36,M,A1,
4115,2771,Shwetha Achar,34,F,A1,
4116,2772,Roopa Shetty,31,F,A1,
4117,2773,Nandini Shetty,22,F,A1,REPEAT-011
4118,2773,Basavaraj Achar,28,M,A2,
4119,2774,Shivaraj Naik,20,M,A1,
4120,2775,Nagaraj Poojary,45,M,A1,
4121,2776,Basavaraj Bhat,26,M,A1,
4122,2777,Raghu Kumar,45,M,A1,
4123,2778,Geeta Reddy,34,F,A1,
4124,2779,Shobha Murthy,37,F,A1,
4125,2779,Raghu Poojary,37,M,A2,
4126,2780,Girish Reddy,40,M,A1,
4127,2781,Nagaraj Shetty,18,M,A1,
4128,2782,Ganesh Setty,18,M,A1,
4129,2783,Nagaraj Naidu,37,M,A1,REPEAT-035
4130,2783,Radha Poojary,54,F,A2,
4131,2783,Basavaraj Naidu,46,M,A3,
4132,2784,Rekha Naik,21,F,A1,
4133,2784,Shivaraj Iyer,24,M,A2,
4134,2784,Manjunath Rao,45,M,A3,
4135,2785,Vijay Shetty,21,M,A1,REPEAT-007
4136,2785,Harish Shetty,37,M,A2,
4137,2786,Shobha Reddy,20,F,A1,
4138,2786,Basavaraj Bhat,34,M,A2,
4139,2786,Nandini Shetty,35,F,A3,
4140,2787,Raghu Patil,19,M,A1,
4141,2788,Naveen Murthy,44,M,A1,REPEAT-002
4142,2789,Raghu Poojary,37,M,A1,
4143,2789,Suresh Naidu,47,M,A2,
4144,2790,Girish Bhat,52,M,A1,
4145,2791,Shivaraj Kumar,33,M,A1,
4146,2791,Anil Setty,43,M,A2,
4147,2792,Manjunath Rao,24,M,A1,
4148,2793,Basavaraj Rao,35,M,A1,
4149,2794,Harish Gowda,41,M,A1,
4150,2795,Shivaraj Gowda,35,M,A1,
4151,2796,Ganesh Naik,31,M,A1,
4152,2796,Suresh Gowda,28,M,A2,
4153,2796,Ganesh Hegde,48,M,A3,
4154,2797,Raghu Naidu,41,M,A1,
4155,2798,Harish Naik,53,M,A1,
4156,2798,Radha Rao,36,F,A2,
4157,2799,Harish Naidu,36,M,A1,REPEAT-015
4158,2800,Yogesh Patil,48,M,A1,
4159,2801,Sowmya Achar,21,F,A1,
4160,2802,Vijay Patil,33,M,A1,
4161,2803,Srinivas Naidu,31,M,A1,
4162,2803,Manjula Naik,29,F,A2,
4163,2803,Manjula Reddy,20,F,A3,
4164,2804,Priya Hegde,21,F,A1,
4165,2805,Manjunath Murthy,25,M,A1,REPEAT-025
4166,2806,Ganesh Shetty,40,M,A1,REPEAT-029
4167,2806,Shobha Hegde,42,F,A2,
4168,2807,Naveen Murthy,44,M,A1,REPEAT-002
4169,2808,Sunita Achar,38,F,A1,
4170,2809,Suresh Naidu,41,M,A1,
4171,2809,Kavya Hegde,48,F,A2,
4172,2810,Kumar Hegde,28,M,A1,REPEAT-040
4173,2811,Radha Reddy,45,F,A1,REPEAT-055
4174,2812,Ganesh Iyer,39,M,A1,
4175,2813,Kumar Rao,45,M,A1,REPEAT-018
4176,2813,Suresh Patil,45,M,A2,
4177,2813,Basavaraj Iyer,22,M,A3,
4178,2814,Shivaraj Patil,40,M,A1,REPEAT-006
4179,2814,Roopa Bhat,51,F,A2,
4180,2814,Anita Patil,33,F,A3,
4181,2815,Sowmya Naidu,30,F,A1,
4182,2816,Ramesh Kumar,46,M,A1,
4183,2816,Mahesh Iyer,52,M,A2,
4184,2816,Rekha Naik,20,F,A3,
4185,2817,Priya Naidu,50,F,A1,
4186,2817,Sunita Setty,27,F,A2,
4187,2818,Manjula Iyer,23,F,A1,
4188,2819,Harish Naik,28,M,A1,
4189,2819,Naveen Bhat,39,M,A2,
4190,2819,Savitha Gowda,44,F,A3,
4191,2820,Sunita Setty,51,F,A1,
4192,2821,Vijay Rao,26,M,A1,
4193,2821,Srinivas Poojary,20,M,A2,
4194,2822,Srinivas Naidu,38,M,A1,REPEAT-049
4195,2822,Santosh Kumar,28,M,A2,
4196,2823,Kavya Rao,44,F,A1,
4197,2824,Ravi Iyer,48,M,A1,
4198,2824,Shwetha Reddy,23,F,A2,
4199,2825,Ganesh Shetty,24,M,A1,
4200,2826,Manjula Bhat,45,F,A1,
4201,2827,Mahesh Kumar,22,M,A1,
4202,2827,Shivaraj Patil,25,M,A2,
4203,2827,Basavaraj Naik,18,M,A3,
4204,2828,Naveen Murthy,18,M,A1,
4205,2828,Chaya Achar,20,F,A2,
4206,2828,Suresh Kumar,30,M,A3,
4207,2829,Nandini Kumar,43,F,A1,REPEAT-012
4208,2830,Prakash Kumar,45,M,A1,
4209,2830,Yogesh Shetty,33,M,A2,
4210,2831,Mahesh Naidu,35,M,A1,
4211,2832,Yogesh Naidu,24,M,A1,REPEAT-001
4212,2833,Roopa Setty,27,F,A1,
4213,2834,Pooja Poojary,43,F,A1,
4214,2834,Suresh Hegde,29,M,A2,
4215,2835,Sowmya Murthy,35,F,A1,
4216,2836,Manjula Gowda,44,F,A1,
4217,2837,Harish Setty,24,M,A1,
4218,2837,Manjunath Iyer,21,M,A2,
4219,2838,Priya Murthy,23,F,A1,REPEAT-010
4220,2838,Ganesh Iyer,47,M,A2,
4221,2838,Shivaraj Shetty,54,M,A3,
4222,2839,Pooja Gowda,49,F,A1,
4223,2840,Rekha Murthy,41,F,A1,
4224,2841,Raghu Iyer,39,M,A1,
4225,2842,Kumar Hegde,27,M,A1,REPEAT-040
4226,2843,Kumar Hegde,37,M,A1,
4227,2843,Vijay Patil,44,M,A2,
4228,2844,Kumar Naik,46,M,A1,
4229,2845,Nandini Kumar,43,F,A1,REPEAT-012
4230,2845,Radha Achar,34,F,A2,
4231,2845,Prakash Bhat,41,M,A3,
4232,2846,Ravi Murthy,53,M,A1,
4233,2847,Anil Gowda,21,M,A1,REPEAT-052
4234,2847,Pooja Bhat,44,F,A2,
4235,2848,Basavaraj Shetty,40,M,A1,
4236,2849,Ramesh Poojary,52,M,A1,
4237,2849,Basavaraj Setty,25,M,A2,
4238,2850,Ganesh Naidu,36,M,A1,
4239,2851,Basavaraj Bhat,27,M,A1,
4240,2852,Sunita Reddy,49,F,A1,
4241,2853,Geeta Naidu,28,F,A1,
4242,2854,Rekha Rao,21,F,A1,
4243,2854,Basavaraj Kumar,42,M,A2,
4244,2855,Nagaraj Naik,45,M,A1,
4245,2856,Srinivas Shetty,50,M,A1,
4246,2856,Raghu Shetty,53,M,A2,
4247,2857,Mahesh Rao,28,M,A1,
4248,2857,Raghu Iyer,54,M,A2,
4249,2857,Mahesh Poojary,46,M,A3,
4250,2858,Lakshmi Iyer,49,F,A1,
4251,2859,Manjunath Patil,36,M,A1,
4252,2859,Nagaraj Naik,37,M,A2,
4253,2860,Shivaraj Setty,40,M,A1,
4254,2860,Santosh Naidu,19,M,A2,
4255,2861,Sunita Naidu,34,F,A1,
4256,2862,Suresh Gowda,31,M,A1,
4257,2862,Vijay Achar,33,M,A2,
4258,2863,Mahesh Murthy,23,M,A1,REPEAT-033
4259,2864,Harish Shetty,45,M,A1,
4260,2865,Nagaraj Naidu,55,M,A1,
4261,2866,Yogesh Murthy,34,M,A1,
4262,2867,Shobha Reddy,54,F,A1,
4263,2868,Yogesh Rao,40,M,A1,
4264,2868,Yogesh Hegde,29,M,A2,
4265,2869,Geeta Murthy,23,F,A1,
4266,2870,Ganesh Iyer,22,M,A1,
4267,2870,Kumar Achar,37,M,A2,
4268,2871,Vidya Murthy,55,F,A1,
4269,2872,Shivaraj Achar,50,M,A1,
4270,2873,Shivaraj Rao,29,M,A1,
4271,2874,Radha Reddy,44,F,A1,REPEAT-055
4272,2874,Manjunath Patil,43,M,A2,
4273,2874,Mahesh Kumar,52,M,A3,
4274,2875,Vijay Bhat,24,M,A1,
4275,2876,Mahesh Reddy,36,M,A1,
4276,2877,Vidya Achar,18,F,A1,
4277,2877,Chaya Naidu,25,F,A2,
4278,2878,Anil Bhat,41,M,A1,REPEAT-054
4279,2879,Ravi Poojary,26,M,A1,
4280,2879,Santosh Hegde,46,M,A2,
4281,2880,Harish Iyer,36,M,A1,
4282,2881,Nagaraj Kumar,55,M,A1,
4283,2882,Raghu Naidu,55,M,A1,
4284,2882,Srinivas Achar,49,M,A2,
4285,2883,Suresh Gowda,37,M,A1,
4286,2884,Mahesh Shetty,37,M,A1,REPEAT-022
4287,2885,Ganesh Kumar,27,M,A1,
4288,2885,Vidya Reddy,44,F,A2,
4289,2886,Suresh Patil,41,M,A1,
4290,2886,Prakash Naik,42,M,A2,
4291,2887,Anil Reddy,22,M,A1,
4292,2887,Ganesh Iyer,38,M,A2,
4293,2888,Raghu Rao,46,M,A1,
4294,2888,Yogesh Iyer,49,M,A2,
4295,2889,Anita Patil,22,F,A1,
4296,2889,Shwetha Hegde,48,F,A2,
4297,2889,Suresh Naidu,39,M,A3,
4298,2890,Mahesh Gowda,22,M,A1,
4299,2890,Kavya Murthy,21,F,A2,
4300,2890,Prakash Setty,55,M,A3,
4301,2891,Vijay Kumar,29,M,A1,
4302,2891,Prakash Iyer,49,M,A2,
4303,2892,Prakash Naik,51,M,A1,
4304,2893,Lakshmi Murthy,45,F,A1,REPEAT-044
4305,2894,Bhagya Murthy,28,F,A1,
4306,2895,Kumar Rao,44,M,A1,REPEAT-018
4307,2895,Nagaraj Rao,36,M,A2,
4308,2896,Srinivas Shetty,20,M,A1,
4309,2896,Sowmya Achar,27,F,A2,
4310,2897,Prakash Gowda,38,M,A1,
4311,2898,Girish Poojary,40,M,A1,
4312,2898,Shobha Naik,24,F,A2,
4313,2899,Deepa Setty,42,F,A1,
4314,2900,Shwetha Setty,41,F,A1,
4315,2901,Santosh Rao,39,M,A1,
4316,2902,Manjunath Murthy,26,M,A1,REPEAT-025
4317,2902,Santosh Kumar,18,M,A2,
4318,2903,Harish Naidu,36,M,A1,REPEAT-015
4319,2904,Yogesh Murthy,54,M,A1,
4320,2904,Roopa Murthy,29,F,A2,
4321,2905,Suresh Iyer,39,M,A1,
4322,2906,Ganesh Murthy,23,M,A1,
4323,2906,Manjunath Hegde,20,M,A2,
4324,2907,Chaya Kumar,51,F,A1,
4325,2907,Yogesh Gowda,48,M,A2,
4326,2908,Shivaraj Kumar,29,M,A1,REPEAT-024
4327,2909,Ravi Gowda,39,M,A1,
4328,2909,Yogesh Shetty,35,M,A2,
4329,2910,Nagaraj Naidu,46,M,A1,
4330,2911,Girish Rao,26,M,A1,
4331,2912,Anita Kumar,46,F,A1,
4332,2913,Mahesh Shetty,38,M,A1,REPEAT-022
4333,2914,Suresh Murthy,39,M,A1,
4334,2915,Anil Murthy,28,M,A1,
4335,2916,Vijay Bhat,18,M,A1,
4336,2917,Mahesh Iyer,53,M,A1,
4337,2918,Harish Reddy,44,M,A1,REPEAT-056
4338,2918,Basavaraj Patil,27,M,A2,
4339,2919,Shivaraj Patil,46,M,A1,
4340,2920,Vijay Shetty,21,M,A1,REPEAT-007
4341,2921,Anita Naik,25,F,A1,
4342,2922,Kumar Hegde,37,M,A1,
4343,2923,Ganesh Gowda,20,M,A1,REPEAT-020
4344,2924,Rekha Gowda,23,F,A1,
4345,2924,Harish Kumar,28,M,A2,
4346,2925,Ganesh Gowda,21,M,A1,REPEAT-020
4347,2926,Radha Reddy,45,F,A1,REPEAT-055
4348,2927,Ramesh Shetty,55,M,A1,
4349,2928,Vidya Hegde,20,F,A1,REPEAT-041
4350,2929,Santosh Bhat,52,M,A1,
4351,2929,Kumar Rao,28,M,A2,
4352,2930,Srinivas Reddy,19,M,A1,
4353,2930,Radha Bhat,38,F,A2,
4354,2931,Raghu Naik,45,M,A1,
4355,2932,Chaya Gowda,37,F,A1,
4356,2933,Ravi Iyer,24,M,A1,
4357,2933,Girish Reddy,22,M,A2,
4358,2933,Roopa Patil,20,F,A3,
4359,2934,Ravi Iyer,33,M,A1,
4360,2934,Nagaraj Patil,21,M,A2,
4361,2935,Radha Rao,33,F,A1,REPEAT-059
4362,2935,Kumar Patil,36,M,A2,
4363,2935,Anil Hegde,47,M,A3,
4364,2936,Yogesh Naidu,24,M,A1,REPEAT-001
4365,2937,Basavaraj Achar,50,M,A1,
4366,2937,Vidya Bhat,52,F,A2,
4367,2938,Mahesh Shetty,38,M,A1,REPEAT-022
4368,2939,Anil Reddy,34,M,A1,
4369,2939,Prakash Murthy,48,M,A2,
4370,2939,Yogesh Setty,49,M,A3,
4371,2940,Shivaraj Naidu,26,M,A1,
4372,2940,Lakshmi Rao,46,F,A2,
4373,2941,Basavaraj Achar,30,M,A1,
4374,2941,Priya Iyer,33,F,A2,
4375,2941,Suresh Rao,20,M,A3,
4376,2942,Shobha Iyer,20,F,A1,
4377,2943,Manjunath Murthy,25,M,A1,REPEAT-025
4378,2944,Bhagya Naik,51,F,A1,
4379,2945,Santosh Poojary,24,M,A1,
4380,2946,Naveen Hegde,19,M,A1,
4381,2947,Lakshmi Patil,47,F,A1,
4382,2948,Bhagya Rao,38,F,A1,
4383,2949,Anita Shetty,28,F,A1,REPEAT-019
4384,2950,Ganesh Setty,19,M,A1,
4385,2951,Geeta Setty,51,F,A1,
4386,2952,Basavaraj Kumar,18,M,A1,
4387,2953,Naveen Naik,45,M,A1,
4388,2954,Kumar Rao,28,M,A1,
4389,2954,Yogesh Kumar,18,M,A2,
4390,2955,Deepa Kumar,50,F,A1,
4391,2955,Shwetha Rao,27,F,A2,
4392,2956,Ramesh Reddy,42,M,A1,
4393,2957,Radha Reddy,45,F,A1,REPEAT-055
4394,2958,Kumar Rao,54,M,A1,
4395,2959,Nandini Shetty,22,F,A1,REPEAT-011
4396,2959,Rekha Shetty,40,F,A2,
4397,2960,Basavaraj Iyer,27,M,A1,
4398,2961,Savitha Achar,31,F,A1,
4399,2961,Sowmya Kumar,48,F,A2,
4400,2961,Yogesh Achar,51,M,A3,
4401,2962,Nagaraj Gowda,46,M,A1,
4402,2963,Chaya Murthy,42,F,A1,
4403,2963,Ramesh Gowda,39,M,A2,
4404,2964,Mahesh Shetty,37,M,A1,REPEAT-022
4405,2965,Shobha Shetty,31,F,A1,
4406,2966,Srinivas Setty,27,M,A1,
4407,2966,Vidya Hegde,46,F,A2,
4408,2966,Prakash Shetty,49,M,A3,
4409,2967,Anil Bhat,34,M,A1,REPEAT-005
4410,2967,Pooja Rao,30,F,A2,
4411,2968,Manjunath Rao,49,M,A1,
4412,2969,Geeta Naik,21,F,A1,
4413,2969,Ganesh Naik,50,M,A2,
4414,2969,Savitha Hegde,40,F,A3,
4415,2970,Nagaraj Iyer,28,M,A1,
4416,2970,Deepa Naidu,33,F,A2,
4417,2971,Kumar Bhat,53,M,A1,
4418,2972,Nandini Hegde,30,F,A1,
4419,2972,Shivaraj Naidu,53,M,A2,
4420,2973,Santosh Murthy,27,M,A1,
4421,2974,Kumar Rao,45,M,A1,REPEAT-018
4422,2975,Nandini Kumar,42,F,A1,REPEAT-012
4423,2976,Shivaraj Bhat,19,M,A1,
4424,2977,Suresh Murthy,37,M,A1,
4425,2978,Shivaraj Gowda,53,M,A1,
4426,2978,Shwetha Gowda,27,F,A2,
4427,2979,Mahesh Shetty,37,M,A1,REPEAT-022
4428,2979,Ravi Patil,44,M,A2,
4429,2980,Ravi Naidu,53,M,A1,
4430,2981,Yogesh Rao,25,M,A1,
4431,2982,Chaya Shetty,47,F,A1,
4432,2982,Basavaraj Bhat,31,M,A2,
4433,2983,Priya Setty,19,F,A1,
4434,2983,Naveen Hegde,25,M,A2,
4435,2984,Mahesh Shetty,37,M,A1,REPEAT-022
4436,2985,Shwetha Gowda,24,F,A1,
4437,2986,Roopa Rao,53,F,A1,
4438,2987,Shobha Murthy,52,F,A1,
4439,2988,Lakshmi Murthy,44,F,A1,REPEAT-044
4440,2989,Basavaraj Kumar,54,M,A1,
4441,2990,Anil Naidu,18,M,A1,
4442,2991,Nagaraj Achar,19,M,A1,
4443,2991,Naveen Kumar,49,M,A2,
4444,2992,Harish Gowda,24,M,A1,
4445,2992,Naveen Murthy,22,M,A2,
4446,2992,Srinivas Naik,48,M,A3,
4447,2993,Yogesh Poojary,47,M,A1,
4448,2994,Manjunath Bhat,32,M,A1,REPEAT-030
4449,2995,Anita Poojary,22,F,A1,
4450,2996,Kavya Murthy,34,F,A1,
4451,2996,Girish Setty,52,M,A2,
4452,2997,Manjunath Murthy,25,M,A1,REPEAT-025
4453,2998,Mahesh Murthy,53,M,A1,
4454,2999,Shivaraj Iyer,30,M,A1,
4455,3000,Kumar Naik,32,M,A1,
4456,3000,Mahesh Murthy,44,M,A2,
4457,3000,Vijay Setty,23,M,A3,
4458,3001,Suresh Gowda,18,M,A1,
4459,3002,Nagaraj Hegde,28,M,A1,
4460,3003,Vijay Poojary,26,M,A1,
4461,3004,Ramesh Shetty,46,M,A1,
4462,3005,Radha Rao,34,F,A1,REPEAT-059
4463,3005,Shivaraj Gowda,29,M,A2,
4464,3006,Lakshmi Poojary,54,F,A1,
4465,3007,Ganesh Kumar,26,M,A1,
4466,3007,Geeta Shetty,47,F,A2,
4467,3008,Yogesh Naik,50,M,A1,
4468,3008,Basavaraj Kumar,26,M,A2,
4469,3008,Ravi Achar,33,M,A3,
4470,3009,Manjunath Patil,18,M,A1,
4471,3010,Vijay Bhat,54,M,A1,
4472,3011,Vijay Naik,44,M,A1,
4473,3012,Manjunath Murthy,26,M,A1,REPEAT-025
4474,3013,Sunita Shetty,31,F,A1,
4475,3013,Shivaraj Achar,41,M,A2,
4476,3014,Prakash Gowda,54,M,A1,
4477,3014,Ravi Naik,23,M,A2,
4478,3015,Ramesh Rao,20,M,A1,
4479,3016,Harish Kumar,46,M,A1,
4480,3017,Kumar Achar,49,M,A1,
4481,3017,Ganesh Hegde,27,M,A2,
4482,3018,Nagaraj Setty,45,M,A1,REPEAT-003
4483,3018,Manjula Gowda,51,F,A2,
4484,3019,Harish Reddy,48,M,A1,
4485,3019,Radha Poojary,40,F,A2,
4486,3020,Roopa Rao,38,F,A1,
4487,3021,Naveen Murthy,44,M,A1,REPEAT-002
4488,3022,Ganesh Shetty,30,M,A1,
4489,3022,Girish Setty,23,M,A2,
4490,3023,Anita Patil,51,F,A1,
4491,3024,Priya Naik,18,F,A1,
4492,3024,Savitha Hegde,40,F,A2,
4493,3025,Mahesh Murthy,24,M,A1,REPEAT-033
4494,3026,Mahesh Shetty,37,M,A1,REPEAT-022
4495,3027,Yogesh Poojary,47,M,A1,
4496,3027,Vidya Naik,40,F,A2,
4497,3027,Savitha Shetty,39,F,A3,
4498,3028,Rekha Iyer,31,F,A1,
4499,3029,Shobha Achar,50,F,A1,
4500,3030,Basavaraj Naik,36,M,A1,
4501,3031,Manjula Setty,26,F,A1,
4502,3032,Bhagya Poojary,41,F,A1,
4503,3033,Vijay Reddy,40,M,A1,
4504,3034,Pooja Achar,25,F,A1,
4505,3034,Santosh Gowda,23,M,A2,
4506,3035,Naveen Murthy,44,M,A1,REPEAT-002
4507,3036,Harish Bhat,39,M,A1,
4508,3037,Savitha Kumar,29,F,A1,
4509,3038,Raghu Naidu,47,M,A1,
4510,3038,Raghu Poojary,20,M,A2,
4511,3039,Mahesh Achar,30,M,A1,
4512,3040,Chaya Patil,38,F,A1,
4513,3040,Shivaraj Rao,26,M,A2,
4514,3041,Anil Patil,45,M,A1,
4515,3042,Rekha Poojary,40,F,A1,
4516,3042,Yogesh Reddy,27,M,A2,
4517,3043,Mahesh Naik,31,M,A1,
4518,3044,Radha Gowda,36,F,A1,
4519,3044,Kavya Murthy,36,F,A2,
4520,3044,Shivaraj Rao,50,M,A3,
4521,3045,Mahesh Shetty,38,M,A1,REPEAT-022
4522,3046,Naveen Murthy,44,M,A1,REPEAT-002
4523,3047,Raghu Achar,49,M,A1,
4524,3047,Anil Achar,27,M,A2,
4525,3048,Ramesh Poojary,29,M,A1,
4526,3049,Vijay Reddy,35,M,A1,
4527,3050,Anil Patil,49,M,A1,
4528,3051,Mahesh Shetty,37,M,A1,REPEAT-022
4529,3051,Bhagya Murthy,19,F,A2,
4530,3051,Kavya Kumar,35,F,A3,
4531,3052,Nagaraj Shetty,44,M,A1,
4532,3052,Chaya Kumar,41,F,A2,
4533,3053,Shivaraj Shetty,40,M,A1,
4534,3054,Naveen Murthy,19,M,A1,
4535,3055,Lakshmi Murthy,44,F,A1,REPEAT-044
4536,3055,Pooja Patil,21,F,A2,
4537,3056,Prakash Gowda,27,M,A1,
4538,3057,Yogesh Rao,41,M,A1,
4539,3058,Ganesh Gowda,55,M,A1,
4540,3058,Shivaraj Hegde,48,M,A2,
4541,3058,Nandini Achar,28,F,A3,
4542,3059,Mahesh Murthy,23,M,A1,REPEAT-033
4543,3059,Ramesh Rao,47,M,A2,
4544,3060,Kumar Rao,35,M,A1,
4545,3061,Nagaraj Poojary,37,M,A1,
4546,3062,Manjunath Rao,49,M,A1,
4547,3063,Anil Shetty,19,M,A1,
4548,3063,Kavya Iyer,35,F,A2,
4549,3064,Ravi Bhat,40,M,A1,
4550,3064,Prakash Naidu,32,M,A2,
4551,3065,Harish Patil,39,M,A1,REPEAT-053
4552,3066,Ravi Bhat,25,M,A1,
4553,3067,Anil Bhat,42,M,A1,REPEAT-054
4554,3068,Manjunath Murthy,25,M,A1,REPEAT-025
4555,3068,Suresh Naidu,40,M,A2,
4556,3069,Radha Hegde,42,F,A1,
4557,3070,Manjula Kumar,28,F,A1,
4558,3070,Chaya Poojary,26,F,A2,
4559,3071,Prakash Naik,37,M,A1,
4560,3072,Priya Shetty,21,F,A1,
4561,3073,Manjunath Kumar,33,M,A1,
4562,3073,Ganesh Naidu,45,M,A2,
4563,3073,Sowmya Naidu,41,F,A3,
4564,3074,Naveen Patil,19,M,A1,
4565,3075,Sunita Murthy,43,F,A1,
4566,3076,Girish Kumar,22,M,A1,
4567,3077,Manjunath Achar,33,M,A1,
4568,3078,Suresh Patil,30,M,A1,
4569,3078,Mahesh Gowda,37,M,A2,
4570,3079,Shivaraj Setty,28,M,A1,
4571,3079,Suresh Rao,21,M,A2,
4572,3080,Mahesh Shetty,53,M,A1,
4573,3080,Mahesh Kumar,31,M,A2,
4574,3081,Yogesh Kumar,33,M,A1,
4575,3082,Prakash Hegde,48,M,A1,
4576,3082,Raghu Rao,51,M,A2,
4577,3083,Naveen Murthy,43,M,A1,REPEAT-002
4578,3084,Anil Rao,52,M,A1,
4579,3084,Girish Iyer,19,M,A2,
4580,3085,Chaya Kumar,29,F,A1,
4581,3086,Harish Naidu,36,M,A1,REPEAT-015
4582,3086,Suresh Iyer,34,M,A2,
4583,3086,Yogesh Gowda,49,M,A3,
4584,3087,Naveen Hegde,55,M,A1,
4585,3087,Ravi Reddy,35,M,A2,
4586,3088,Mahesh Shetty,37,M,A1,REPEAT-022
4587,3088,Sunita Iyer,37,F,A2,
4588,3089,Sowmya Naik,55,F,A1,
4589,3090,Shivaraj Kumar,30,M,A1,REPEAT-024
4590,3090,Suresh Rao,52,M,A2,
4591,3091,Bhagya Achar,45,F,A1,
4592,3091,Roopa Naidu,33,F,A2,
4593,3092,Ganesh Poojary,22,M,A1,
4594,3093,Basavaraj Shetty,48,M,A1,
4595,3094,Lakshmi Murthy,44,F,A1,REPEAT-044
4596,3095,Anil Poojary,18,M,A1,
4597,3096,Shwetha Bhat,29,F,A1,
4598,3097,Shobha Bhat,21,F,A1,
4599,3098,Manjunath Setty,43,M,A1,REPEAT-016
4600,3099,Shivaraj Hegde,38,M,A1,
4601,3100,Santosh Reddy,38,M,A1,
4602,3100,Basavaraj Bhat,25,M,A2,
4603,3100,Shivaraj Reddy,26,M,A3,
4604,3101,Raghu Naidu,36,M,A1,
4605,3102,Priya Gowda,53,F,A1,
4606,3103,Roopa Hegde,49,F,A1,
4607,3103,Bhagya Hegde,49,F,A2,
4608,3104,Savitha Achar,28,F,A1,
4609,3105,Raghu Hegde,50,M,A1,
4610,3106,Raghu Rao,48,M,A1,
4611,3107,Kumar Reddy,33,M,A1,
4612,3107,Harish Rao,51,M,A2,
4613,3108,Mahesh Murthy,23,M,A1,REPEAT-033
4614,3108,Sunita Naidu,40,F,A2,
4615,3108,Manjunath Hegde,54,M,A3,
4616,3109,Manjula Reddy,33,F,A1,
4617,3110,Chaya Poojary,44,F,A1,
4618,3111,Santosh Setty,47,M,A1,
4619,3112,Anita Kumar,29,F,A1,
4620,3113,Mahesh Patil,29,M,A1,
4621,3113,Anil Setty,50,M,A2,
4622,3114,Prakash Shetty,19,M,A1,
4623,3114,Bhagya Kumar,35,F,A2,
4624,3115,Harish Naidu,36,M,A1,REPEAT-015
4625,3116,Chaya Shetty,33,F,A1,
4626,3116,Manjunath Murthy,34,M,A2,
4627,3117,Girish Murthy,39,M,A1,
4628,3118,Shivaraj Kumar,50,M,A1,
4629,3119,Pooja Rao,42,F,A1,
4630,3119,Shivaraj Murthy,28,M,A2,
4631,3120,Lakshmi Murthy,36,F,A1,
4632,3121,Ganesh Gowda,21,M,A1,REPEAT-020
4633,3122,Mahesh Murthy,37,M,A1,
4634,3123,Vijay Shetty,22,M,A1,REPEAT-007
4635,3123,Vidya Iyer,55,F,A2,
4636,3124,Girish Murthy,36,M,A1,
4637,3125,Sowmya Murthy,41,F,A1,
4638,3125,Harish Rao,20,M,A2,
4639,3126,Shivaraj Shetty,49,M,A1,
4640,3127,Vidya Bhat,20,F,A1,
4641,3128,Naveen Murthy,43,M,A1,REPEAT-002
4642,3129,Mahesh Shetty,37,M,A1,REPEAT-022
4643,3130,Kumar Reddy,25,M,A1,
4644,3130,Deepa Bhat,45,F,A2,
4645,3131,Savitha Naidu,55,F,A1,
4646,3132,Nagaraj Setty,45,M,A1,REPEAT-003
4647,3133,Kumar Rao,44,M,A1,REPEAT-018
4648,3134,Harish Patil,39,M,A1,REPEAT-053
4649,3135,Santosh Rao,40,M,A1,REPEAT-027
4650,3135,Santosh Patil,39,M,A2,
4651,3136,Girish Hegde,55,M,A1,
4652,3136,Shobha Bhat,18,F,A2,
4653,3137,Naveen Rao,48,M,A1,
4654,3138,Harish Hegde,46,M,A1,
4655,3139,Manjula Hegde,33,F,A1,
4656,3139,Ravi Hegde,40,M,A2,
4657,3140,Sunita Gowda,33,F,A1,
4658,3141,Chaya Gowda,29,F,A1,
4659,3141,Santosh Iyer,30,M,A2,
4660,3142,Vidya Murthy,40,F,A1,
4661,3143,Shivaraj Achar,36,M,A1,
4662,3144,Suresh Rao,37,M,A1,
4663,3144,Prakash Rao,24,M,A2,
4664,3144,Nagaraj Patil,44,M,A3,
4665,3145,Vijay Bhat,34,M,A1,
4666,3146,Vijay Setty,41,M,A1,
4667,3146,Suresh Rao,25,M,A2,
4668,3147,Manjunath Poojary,34,M,A1,REPEAT-004
4669,3148,Ramesh Patil,40,M,A1,
4670,3149,Kumar Rao,45,M,A1,REPEAT-018
4671,3149,Shivaraj Achar,32,M,A2,
4672,3150,Nagaraj Setty,45,M,A1,REPEAT-003
4673,3151,Ganesh Achar,33,M,A1,
4674,3152,Manjula Shetty,39,F,A1,
4675,3153,Anita Setty,41,F,A1,
4676,3153,Srinivas Shetty,24,M,A2,
4677,3154,Naveen Murthy,43,M,A1,REPEAT-002
4678,3155,Shivaraj Kumar,29,M,A1,REPEAT-024
4679,3155,Santosh Iyer,40,M,A2,
4680,3156,Manjula Achar,42,F,A1,
4681,3157,Raghu Bhat,39,M,A1,
4682,3157,Naveen Shetty,52,M,A2,
4683,3157,Savitha Gowda,39,F,A3,
4684,3158,Harish Achar,29,M,A1,
4685,3159,Kavya Reddy,53,F,A1,
4686,3159,Anil Poojary,34,M,A2,
4687,3160,Sunita Bhat,23,F,A1,
4688,3161,Ganesh Iyer,48,M,A1,
4689,3161,Ramesh Patil,23,M,A2,
4690,3161,Naveen Naik,41,M,A3,
4691,3162,Manjunath Hegde,30,M,A1,
4692,3163,Bhagya Rao,53,F,A1,
4693,3164,Ganesh Iyer,54,M,A1,
4694,3164,Nandini Reddy,51,F,A2,
4695,3164,Raghu Kumar,50,M,A3,
4696,3165,Kumar Poojary,45,M,A1,
4697,3166,Prakash Poojary,35,M,A1,
4698,3166,Ramesh Naik,43,M,A2,
4699,3167,Priya Gowda,52,F,A1,
4700,3168,Priya Murthy,23,F,A1,REPEAT-010
4701,3169,Lakshmi Setty,34,F,A1,
4702,3170,Yogesh Murthy,39,M,A1,
4703,3171,Nagaraj Bhat,32,M,A1,
4704,3171,Sunita Hegde,43,F,A2,
4705,3172,Prakash Shetty,28,M,A1,
4706,3173,Kumar Iyer,50,M,A1,
4707,3173,Anita Naik,46,F,A2,
4708,3174,Yogesh Naidu,24,M,A1,REPEAT-001
4709,3174,Vijay Gowda,44,M,A2,
4710,3175,Naveen Reddy,20,M,A1,
4711,3176,Ganesh Gowda,38,M,A1,
4712,3176,Vijay Rao,29,M,A2,
4713,3177,Pooja Achar,38,F,A1,
4714,3178,Yogesh Gowda,38,M,A1,
4715,3179,Harish Naidu,36,M,A1,REPEAT-015
4716,3180,Raghu Naidu,25,M,A1,
4717,3180,Suresh Poojary,27,M,A2,
4718,3181,Vidya Hegde,19,F,A1,REPEAT-041
4719,3182,Suresh Naidu,53,M,A1,
4720,3183,Anil Iyer,21,M,A1,
4721,3184,Manjula Iyer,35,F,A1,
4722,3185,Bhagya Hegde,26,F,A1,
4723,3186,Suresh Naidu,18,M,A1,
4724,3186,Ramesh Murthy,25,M,A2,
4725,3187,Vijay Shetty,22,M,A1,REPEAT-007
4726,3187,Ravi Rao,19,M,A2,
4727,3188,Pooja Bhat,18,F,A1,
4728,3188,Kumar Shetty,47,M,A2,
4729,3189,Nagaraj Iyer,44,M,A1,
4730,3190,Bhagya Hegde,49,F,A1,
4731,3191,Girish Achar,21,M,A1,
4732,3192,Raghu Kumar,49,M,A1,
4733,3193,Anil Kumar,53,M,A1,
4734,3193,Shivaraj Poojary,42,M,A2,
4735,3194,Suresh Shetty,26,M,A1,
4736,3194,Basavaraj Hegde,20,M,A2,
4737,3195,Savitha Rao,40,F,A1,
4738,3196,Yogesh Kumar,44,M,A1,REPEAT-050
4739,3197,Yogesh Kumar,44,M,A1,
4740,3198,Deepa Kumar,46,F,A1,
4741,3199,Pooja Murthy,36,F,A1,
4742,3199,Nandini Murthy,39,F,A2,
4743,3200,Prakash Bhat,48,M,A1,
4744,3201,Naveen Reddy,44,M,A1,
4745,3202,Basavaraj Naik,52,M,A1,
4746,3203,Suresh Achar,34,M,A1,
4747,3203,Savitha Reddy,32,F,A2,
4748,3203,Srinivas Naik,23,M,A3,
4749,3204,Vijay Setty,28,M,A1,
4750,3204,Manjunath Poojary,45,M,A2,
4751,3205,Harish Patil,39,M,A1,REPEAT-053
4752,3205,Yogesh Kumar,23,M,A2,
4753,3205,Santosh Hegde,47,M,A3,
4754,3206,Shwetha Achar,44,F,A1,
4755,3206,Suresh Bhat,54,M,A2,
4756,3207,Anita Murthy,33,F,A1,
4757,3207,Sunita Kumar,31,F,A2,
4758,3208,Yogesh Rao,49,M,A1,
4759,3208,Girish Iyer,26,M,A2,
4760,3209,Lakshmi Kumar,41,F,A1,
4761,3210,Lakshmi Murthy,45,F,A1,REPEAT-044
4762,3210,Yogesh Hegde,47,M,A2,
4763,3211,Pooja Poojary,30,F,A1,
4764,3211,Suresh Shetty,34,M,A2,
4765,3211,Priya Hegde,46,F,A3,
4766,3212,Lakshmi Poojary,18,F,A1,
4767,3212,Sunita Rao,22,F,A2,
4768,3213,Naveen Rao,41,M,A1,
4769,3213,Mahesh Iyer,52,M,A2,
4770,3214,Radha Rao,33,F,A1,REPEAT-059
4771,3214,Sowmya Patil,47,F,A2,
4772,3215,Pooja Murthy,49,F,A1,
4773,3216,Manjunath Shetty,53,M,A1,
4774,3216,Anil Reddy,20,M,A2,
4775,3217,Deepa Bhat,40,F,A1,
4776,3217,Shobha Achar,53,F,A2,
4777,3218,Yogesh Naidu,24,M,A1,REPEAT-001
4778,3219,Ganesh Bhat,50,M,A1,
4779,3220,Chaya Patil,29,F,A1,
4780,3220,Shwetha Murthy,33,F,A2,
4781,3220,Ramesh Achar,47,M,A3,
4782,3221,Naveen Kumar,24,M,A1,
4783,3221,Mahesh Naik,38,M,A2,
4784,3222,Nagaraj Poojary,42,M,A1,
4785,3223,Suresh Achar,39,M,A1,
4786,3223,Girish Rao,41,M,A2,
4787,3224,Naveen Murthy,37,M,A1,
4788,3225,Naveen Murthy,44,M,A1,REPEAT-002
4789,3226,Shobha Bhat,40,F,A1,
4790,3226,Chaya Murthy,26,F,A2,
4791,3227,Harish Hegde,39,M,A1,
4792,3228,Naveen Setty,32,M,A1,REPEAT-036
4793,3229,Prakash Murthy,29,M,A1,
4794,3230,Santosh Rao,36,M,A1,
4795,3231,Priya Murthy,51,F,A1,
4796,3231,Priya Gowda,47,F,A2,
4797,3232,Kavya Bhat,24,F,A1,
4798,3233,Sunita Patil,21,F,A1,
4799,3234,Srinivas Hegde,20,M,A1,
4800,3235,Naveen Murthy,44,M,A1,REPEAT-002
4801,3236,Nagaraj Murthy,49,M,A1,
4802,3237,Shivaraj Kumar,50,M,A1,
4803,3238,Ganesh Naidu,40,M,A1,
4804,3239,Santosh Naik,44,M,A1,
4805,3240,Ravi Poojary,47,M,A1,
4806,3241,Savitha Patil,28,F,A1,
4807,3242,Deepa Patil,20,F,A1,
4808,3243,Suresh Bhat,49,M,A1,
4809,3243,Girish Reddy,43,M,A2,
4810,3244,Girish Poojary,31,M,A1,
4811,3244,Savitha Reddy,42,F,A2,
4812,3245,Harish Achar,48,M,A1,
4813,3246,Vijay Achar,40,M,A1,
4814,3247,Suresh Iyer,19,M,A1,
4815,3248,Vidya Kumar,36,F,A1,
4816,3248,Savitha Murthy,48,F,A2,
4817,3249,Bhagya Reddy,20,F,A1,
4818,3250,Anita Shetty,28,F,A1,REPEAT-019
4819,3251,Mahesh Murthy,23,M,A1,REPEAT-033
4820,3252,Manjula Patil,54,F,A1,
4821,3253,Kumar Hegde,29,M,A1,
4822,3254,Ganesh Naidu,39,M,A1,
4823,3255,Deepa Poojary,47,F,A1,
4824,3256,Mahesh Kumar,45,M,A1,
4825,3257,Yogesh Kumar,44,M,A1,REPEAT-050
4826,3257,Kumar Murthy,22,M,A2,
4827,3258,Basavaraj Reddy,42,M,A1,REPEAT-031
4828,3258,Harish Iyer,30,M,A2,
4829,3259,Shivaraj Gowda,36,M,A1,
4830,3259,Shobha Patil,32,F,A2,
4831,3260,Kumar Reddy,49,M,A1,
4832,3260,Lakshmi Setty,37,F,A2,
4833,3261,Chaya Murthy,18,F,A1,
4834,3262,Ravi Patil,50,M,A1,
4835,3262,Naveen Hegde,18,M,A2,
4836,3263,Bhagya Poojary,19,F,A1,
4837,3264,Suresh Naik,39,M,A1,REPEAT-042
4838,3264,Vidya Rao,28,F,A2,
4839,3265,Ganesh Patil,52,M,A1,
4840,3265,Nagaraj Murthy,41,M,A2,
4841,3266,Vijay Achar,30,M,A1,
4842,3267,Basavaraj Murthy,23,M,A1,
4843,3267,Vidya Murthy,47,F,A2,
4844,3268,Deepa Hegde,54,F,A1,
4845,3269,Savitha Reddy,40,F,A1,
4846,3269,Suresh Kumar,40,M,A2,
4847,3270,Kumar Iyer,30,M,A1,
4848,3271,Manjunath Murthy,25,M,A1,REPEAT-025
4849,3271,Raghu Patil,49,M,A2,
4850,3271,Shivaraj Achar,19,M,A3,
4851,3272,Suresh Murthy,53,M,A1,
4852,3272,Girish Rao,43,M,A2,
4853,3272,Kavya Shetty,52,F,A3,
4854,3273,Roopa Reddy,30,F,A1,
4855,3274,Sowmya Patil,51,F,A1,
4856,3275,Suresh Setty,20,M,A1,
4857,3276,Sunita Poojary,43,F,A1,
4858,3276,Ravi Gowda,18,M,A2,
4859,3277,Nandini Hegde,33,F,A1,
4860,3277,Shwetha Hegde,54,F,A2,
4861,3278,Manjunath Murthy,25,M,A1,REPEAT-025
4862,3279,Nagaraj Naidu,36,M,A1,REPEAT-035
4863,3280,Mahesh Poojary,27,M,A1,
4864,3281,Prakash Shetty,24,M,A1,
4865,3281,Ganesh Hegde,37,M,A2,
4866,3282,Srinivas Hegde,31,M,A1,REPEAT-046
4867,3283,Ravi Achar,25,M,A1,
4868,3284,Basavaraj Reddy,42,M,A1,REPEAT-031
4869,3285,Harish Rao,39,M,A1,
4870,3286,Roopa Shetty,31,F,A1,
4871,3287,Naveen Achar,54,M,A1,
4872,3288,Rekha Naik,18,F,A1,
4873,3289,Suresh Achar,19,M,A1,
4874,3289,Rekha Gowda,21,F,A2,
4875,3290,Pooja Patil,47,F,A1,
4876,3291,Shobha Bhat,50,F,A1,
4877,3292,Manjula Gowda,38,F,A1,
4878,3292,Suresh Poojary,34,M,A2,
4879,3292,Shivaraj Hegde,29,M,A3,
4880,3293,Manjunath Rao,47,M,A1,
4881,3294,Srinivas Poojary,35,M,A1,
4882,3294,Girish Patil,29,M,A2,
4883,3295,Yogesh Naidu,25,M,A1,REPEAT-001
4884,3295,Pooja Naidu,45,F,A2,
4885,3296,Nagaraj Gowda,19,M,A1,
4886,3297,Raghu Achar,25,M,A1,
4887,3298,Basavaraj Reddy,42,M,A1,REPEAT-031
4888,3299,Anil Shetty,27,M,A1,
4889,3300,Srinivas Hegde,32,M,A1,REPEAT-046
4890,3300,Lakshmi Gowda,26,F,A2,
4891,3301,Nagaraj Hegde,41,M,A1,
4892,3301,Priya Kumar,22,F,A2,
4893,3302,Anil Naik,42,M,A1,
4894,3302,Vidya Kumar,28,F,A2,
4895,3303,Naveen Murthy,43,M,A1,REPEAT-002
4896,3303,Vijay Naidu,48,M,A2,
4897,3303,Vidya Setty,24,F,A3,
4898,3304,Sowmya Patil,46,F,A1,
4899,3304,Vijay Hegde,36,M,A2,
4900,3305,Ravi Gowda,49,M,A1,
4901,3306,Raghu Reddy,20,M,A1,
4902,3307,Sowmya Bhat,26,F,A1,
4903,3308,Manjunath Achar,18,M,A1,
4904,3309,Basavaraj Poojary,28,M,A1,
4905,3310,Shivaraj Setty,26,M,A1,
4906,3311,Vijay Shetty,22,M,A1,REPEAT-007
4907,3311,Naveen Naidu,45,M,A2,
4908,3311,Prakash Shetty,55,M,A3,
4909,3312,Vidya Naidu,40,F,A1,
4910,3313,Yogesh Naidu,24,M,A1,REPEAT-001
4911,3313,Chaya Gowda,20,F,A2,
4912,3313,Girish Iyer,50,M,A3,
4913,3314,Yogesh Patil,27,M,A1,
4914,3314,Naveen Gowda,30,M,A2,
4915,3315,Manjunath Murthy,26,M,A1,REPEAT-025
4916,3316,Kavya Gowda,52,F,A1,
4917,3317,Geeta Bhat,50,F,A1,
4918,3317,Lakshmi Naik,34,F,A2,
4919,3318,Yogesh Bhat,33,M,A1,
4920,3318,Basavaraj Bhat,50,M,A2,
4921,3319,Nagaraj Naidu,36,M,A1,REPEAT-035
4922,3320,Naveen Shetty,20,M,A1,
4923,3321,Savitha Murthy,47,F,A1,
4924,3322,Mahesh Murthy,23,M,A1,
4925,3323,Yogesh Murthy,21,M,A1,
4926,3324,Raghu Setty,31,M,A1,
4927,3325,Naveen Kumar,25,M,A1,
4928,3325,Shobha Gowda,47,F,A2,
4929,3326,Kavya Iyer,39,F,A1,
4930,3326,Srinivas Hegde,28,M,A2,
4931,3327,Pooja Setty,28,F,A1,
4932,3327,Mahesh Achar,33,M,A2,
4933,3328,Shivaraj Rao,43,M,A1,
4934,3328,Prakash Murthy,23,M,A2,
4935,3329,Ganesh Naik,54,M,A1,
4936,3329,Santosh Kumar,40,M,A2,
4937,3329,Anil Shetty,33,M,A3,
4938,3330,Basavaraj Reddy,29,M,A1,
4939,3331,Ganesh Rao,35,M,A1,
4940,3331,Vidya Shetty,27,F,A2,
4941,3331,Vijay Murthy,21,M,A3,
4942,3332,Raghu Kumar,20,M,A1,
4943,3333,Kumar Rao,44,M,A1,REPEAT-018
4944,3333,Ravi Rao,41,M,A2,
4945,3334,Anita Shetty,28,F,A1,REPEAT-019
4946,3334,Chaya Bhat,42,F,A2,
4947,3334,Savitha Setty,40,F,A3,
4948,3335,Geeta Patil,19,F,A1,
4949,3336,Mahesh Reddy,21,M,A1,
4950,3336,Lakshmi Achar,42,F,A2,
4951,3337,Prakash Iyer,50,M,A1,
4952,3337,Ganesh Reddy,36,M,A2,
4953,3337,Manjula Naidu,18,F,A3,
4954,3338,Rekha Bhat,42,F,A1,REPEAT-047
4955,3339,Mahesh Murthy,23,M,A1,REPEAT-033
4956,3339,Vidya Iyer,47,F,A2,
4957,3340,Harish Achar,45,M,A1,REPEAT-057
4958,3340,Deepa Bhat,24,F,A2,
4959,3341,Bhagya Kumar,21,F,A1,
4960,3341,Ganesh Iyer,18,M,A2,
4961,3341,Shivaraj Naik,50,M,A3,
4962,3342,Ramesh Gowda,45,M,A1,
4963,3343,Sunita Kumar,48,F,A1,
4964,3343,Sowmya Shetty,29,F,A2,
4965,3344,Suresh Achar,39,M,A1,
4966,3344,Mahesh Shetty,19,M,A2,
4967,3345,Radha Reddy,44,F,A1,REPEAT-055
4968,3346,Ganesh Shetty,41,M,A1,REPEAT-029
4969,3346,Anil Hegde,38,M,A2,
4970,3347,Manjunath Hegde,43,M,A1,
4971,3348,Mahesh Patil,34,M,A1,
4972,3349,Lakshmi Murthy,44,F,A1,REPEAT-044
4973,3350,Prakash Iyer,40,M,A1,
4974,3350,Ramesh Setty,29,M,A2,
4975,3351,Shivaraj Kumar,25,M,A1,
4976,3352,Vidya Naidu,54,F,A1,
4977,3353,Nagaraj Naidu,36,M,A1,REPEAT-035
4978,3354,Naveen Murthy,44,M,A1,REPEAT-002
4979,3354,Raghu Naidu,48,M,A2,
4980,3355,Manjunath Reddy,18,M,A1,
4981,3355,Lakshmi Kumar,21,F,A2,
4982,3356,Basavaraj Reddy,42,M,A1,REPEAT-031
4983,3357,Suresh Setty,21,M,A1,
4984,3358,Raghu Bhat,46,M,A1,
4985,3358,Geeta Shetty,40,F,A2,
4986,3359,Suresh Naidu,38,M,A1,
4987,3360,Santosh Rao,40,M,A1,REPEAT-027
4988,3361,Raghu Iyer,26,M,A1,
4989,3362,Deepa Achar,48,F,A1,
4990,3363,Mahesh Achar,37,M,A1,
4991,3364,Manjunath Setty,31,M,A1,
4992,3365,Radha Bhat,35,F,A1,
4993,3366,Ganesh Hegde,34,M,A1,
4994,3367,Shivaraj Bhat,23,M,A1,
4995,3367,Shivaraj Poojary,36,M,A2,
4996,3368,Kumar Setty,44,M,A1,
4997,3368,Mahesh Naik,36,M,A2,
4998,3368,Shobha Murthy,47,F,A3,
4999,3369,Roopa Bhat,31,F,A1,
5000,3370,Girish Naik,51,M,A1,
5001,3371,Radha Reddy,45,F,A1,REPEAT-055
5002,3372,Ganesh Achar,21,M,A1,
5003,3373,Harish Kumar,35,M,A1,
5004,3374,Radha Bhat,40,F,A1,
5005,3375,Prakash Naik,46,M,A1,
5006,3376,Manjunath Murthy,26,M,A1,REPEAT-025
5007,3377,Ganesh Naik,35,M,A1,REPEAT-009
5008,3378,Naveen Murthy,43,M,A1,REPEAT-002
5009,3379,Ramesh Patil,25,M,A1,
5010,3380,Ravi Shetty,50,M,A1,
5011,3381,Raghu Kumar,28,M,A1,
5012,3382,Sunita Rao,27,F,A1,
5013,3383,Deepa Reddy,23,F,A1,
5014,3384,Prakash Poojary,34,M,A1,
5015,3385,Shivaraj Kumar,29,M,A1,REPEAT-024
5016,3386,Ravi Achar,35,M,A1,
5017,3387,Sowmya Achar,39,F,A1,
5018,3387,Nagaraj Gowda,51,M,A2,
5019,3388,Anita Reddy,20,F,A1,
5020,3389,Manjunath Bhat,32,M,A1,REPEAT-030
5021,3389,Harish Poojary,45,M,A2,
5022,3389,Naveen Shetty,25,M,A3,
5023,3390,Mahesh Naidu,20,M,A1,
5024,3390,Manjunath Patil,43,M,A2,
5025,3390,Srinivas Reddy,52,M,A3,
5026,3391,Naveen Iyer,35,M,A1,
5027,3391,Sowmya Murthy,41,F,A2,
5028,3392,Srinivas Bhat,46,M,A1,
5029,3392,Ravi Achar,47,M,A2,
5030,3393,Anil Rao,48,M,A1,
5031,3394,Prakash Bhat,18,M,A1,
5032,3395,Chaya Achar,21,F,A1,
5033,3396,Bhagya Kumar,38,F,A1,
5034,3397,Naveen Murthy,44,M,A1,REPEAT-002
5035,3397,Prakash Hegde,44,M,A2,
5036,3398,Ramesh Poojary,21,M,A1,
5037,3399,Savitha Murthy,22,F,A1,
5038,3400,Shivaraj Setty,21,M,A1,
5039,3400,Nagaraj Achar,30,M,A2,
5040,3401,Manjunath Poojary,35,M,A1,REPEAT-004
5041,3401,Geeta Gowda,39,F,A2,
5042,3402,Sunita Naik,48,F,A1,
5043,3403,Radha Achar,33,F,A1,
5044,3404,Kumar Patil,54,M,A1,
5045,3405,Nandini Gowda,38,F,A1,
5046,3406,Lakshmi Kumar,18,F,A1,
5047,3406,Manjunath Kumar,25,M,A2,
5048,3407,Yogesh Kumar,44,M,A1,REPEAT-050
5049,3407,Vidya Achar,26,F,A2,
5050,3408,Santosh Naik,48,M,A1,
5051,3409,Lakshmi Kumar,23,F,A1,
5052,3410,Pooja Bhat,47,F,A1,
5053,3411,Naveen Murthy,43,M,A1,REPEAT-002
5054,3411,Anita Rao,53,F,A2,
5055,3412,Yogesh Reddy,29,M,A1,
5056,3413,Prakash Naik,33,M,A1,
5057,3414,Naveen Murthy,43,M,A1,REPEAT-002
5058,3415,Harish Rao,50,M,A1,
5059,3415,Ganesh Setty,51,M,A2,
5060,3416,Naveen Naidu,22,M,A1,
5061,3417,Chaya Naik,37,F,A1,
5062,3417,Suresh Bhat,25,M,A2,
5063,3418,Naveen Achar,30,M,A1,
5064,3419,Anita Bhat,33,F,A1,
5065,3419,Bhagya Gowda,29,F,A2,
5066,3420,Srinivas Naidu,37,M,A1,REPEAT-049
5067,3420,Roopa Achar,29,F,A2,
5068,3421,Ramesh Poojary,32,M,A1,
5069,3422,Prakash Gowda,45,M,A1,
5070,3423,Prakash Gowda,18,M,A1,
5071,3424,Girish Shetty,35,M,A1,
5072,3425,Nagaraj Hegde,34,M,A1,
5073,3426,Vijay Iyer,35,M,A1,
5074,3427,Yogesh Poojary,51,M,A1,
5075,3428,Naveen Naik,45,M,A1,
5076,3429,Manjula Gowda,36,F,A1,
5077,3430,Kavya Gowda,43,F,A1,
5078,3430,Anil Murthy,37,M,A2,
5079,3431,Shivaraj Achar,32,M,A1,
5080,3432,Raghu Murthy,52,M,A1,
5081,3433,Savitha Iyer,55,F,A1,
5082,3433,Nagaraj Poojary,46,M,A2,
5083,3434,Anil Murthy,33,M,A1,
5084,3434,Prakash Reddy,18,M,A2,
5085,3435,Roopa Setty,19,F,A1,
5086,3435,Srinivas Naik,21,M,A2,
5087,3436,Harish Patil,39,M,A1,REPEAT-053
5088,3436,Ramesh Murthy,47,M,A2,
5089,3437,Pooja Murthy,40,F,A1,
5090,3438,Nandini Kumar,43,F,A1,REPEAT-012
5091,3439,Prakash Murthy,49,M,A1,
5092,3439,Vijay Bhat,37,M,A2,
5093,3440,Manjunath Setty,43,M,A1,REPEAT-016
5094,3441,Nagaraj Naidu,51,M,A1,
5095,3442,Shivaraj Gowda,47,M,A1,
5096,3443,Raghu Patil,42,M,A1,
5097,3444,Yogesh Kumar,44,M,A1,REPEAT-050
5098,3444,Manjunath Gowda,22,M,A2,
5099,3445,Kumar Shetty,54,M,A1,
5100,3445,Kumar Kumar,45,M,A2,
5101,3446,Manjunath Iyer,40,M,A1,
5102,3446,Ramesh Setty,30,M,A2,
5103,3447,Yogesh Reddy,50,M,A1,
5104,3448,Harish Patil,39,M,A1,REPEAT-053
5105,3448,Naveen Shetty,50,M,A2,
5106,3448,Shivaraj Kumar,40,M,A3,
5107,3449,Yogesh Achar,55,M,A1,
5108,3450,Manjunath Gowda,36,M,A1,
5109,3451,Anil Bhat,32,M,A1,
5110,3451,Pooja Iyer,32,F,A2,
5111,3451,Anil Achar,46,M,A3,
5112,3452,Basavaraj Poojary,46,M,A1,
5113,3453,Savitha Patil,21,F,A1,
5114,3453,Manjunath Setty,44,M,A2,
5115,3454,Kumar Poojary,23,M,A1,
5116,3454,Ganesh Patil,18,M,A2,
5117,3455,Manjula Reddy,18,F,A1,
5118,3455,Deepa Patil,28,F,A2,
5119,3456,Deepa Naik,37,F,A1,
5120,3456,Yogesh Bhat,49,M,A2,
5121,3456,Priya Iyer,51,F,A3,
5122,3457,Manjula Shetty,45,F,A1,
5123,3458,Suresh Gowda,20,M,A1,
5124,3458,Ganesh Kumar,20,M,A2,
5125,3458,Suresh Kumar,27,M,A3,
5126,3459,Vijay Shetty,39,M,A1,
5127,3460,Anita Shetty,28,F,A1,REPEAT-019
5128,3461,Vidya Gowda,44,F,A1,
5129,3462,Lakshmi Bhat,40,F,A1,
5130,3463,Nagaraj Naidu,36,M,A1,REPEAT-035
5131,3464,Suresh Naik,39,M,A1,REPEAT-042
5132,3465,Nandini Setty,48,F,A1,
5133,3466,Nandini Shetty,19,F,A1,
5134,3467,Nandini Patil,22,F,A1,
5135,3467,Geeta Kumar,52,F,A2,
5136,3468,Srinivas Achar,35,M,A1,
5137,3469,Harish Reddy,55,M,A1,
5138,3470,Harish Patil,40,M,A1,REPEAT-053
5139,3471,Girish Achar,26,M,A1,
5140,3472,Ganesh Kumar,38,M,A1,
5141,3473,Nagaraj Setty,45,M,A1,REPEAT-003
5142,3473,Kavya Rao,43,F,A2,
5143,3473,Prakash Naik,29,M,A3,
5144,3474,Radha Bhat,37,F,A1,
5145,3475,Manjula Murthy,18,F,A1,
5146,3476,Geeta Setty,38,F,A1,
5147,3477,Pooja Gowda,52,F,A1,
5148,3478,Mahesh Setty,36,M,A1,
5149,3479,Ravi Achar,27,M,A1,
5150,3480,Ganesh Achar,21,M,A1,
5151,3480,Savitha Shetty,41,F,A2,
5152,3481,Anil Murthy,23,M,A1,
5153,3482,Rekha Gowda,40,F,A1,
5154,3482,Ramesh Setty,32,M,A2,
5155,3483,Raghu Kumar,53,M,A1,
5156,3484,Mahesh Gowda,50,M,A1,
5157,3484,Roopa Naidu,32,F,A2,
5158,3485,Ganesh Naik,27,M,A1,
5159,3486,Priya Iyer,44,F,A1,
5160,3487,Suresh Iyer,37,M,A1,
5161,3487,Sowmya Naidu,28,F,A2,
5162,3487,Naveen Poojary,33,M,A3,
5163,3488,Lakshmi Bhat,20,F,A1,
5164,3489,Suresh Patil,20,M,A1,
5165,3490,Shivaraj Shetty,51,M,A1,
5166,3491,Raghu Setty,38,M,A1,
5167,3492,Yogesh Achar,41,M,A1,
5168,3493,Anil Poojary,18,M,A1,
5169,3494,Manjunath Murthy,25,M,A1,REPEAT-025
5170,3495,Ravi Naik,41,M,A1,REPEAT-008
5171,3495,Suresh Patil,42,M,A2,
5172,3496,Shivaraj Gowda,52,M,A1,
5173,3497,Anita Shetty,37,F,A1,
5174,3497,Deepa Setty,35,F,A2,
5175,3498,Savitha Murthy,37,F,A1,
5176,3499,Manjula Setty,44,F,A1,
5177,3500,Ganesh Kumar,39,M,A1,
5178,3500,Pooja Naik,49,F,A2,
5179,3501,Mahesh Shetty,38,M,A1,REPEAT-022
5180,3501,Srinivas Gowda,33,M,A2,
5181,3501,Ganesh Achar,53,M,A3,
5182,3502,Rekha Kumar,24,F,A1,
5183,3502,Harish Naidu,37,M,A2,
5184,3502,Manjunath Kumar,53,M,A3,
5185,3503,Priya Poojary,25,F,A1,
5186,3504,Harish Achar,45,M,A1,REPEAT-057
5187,3505,Mahesh Iyer,18,M,A1,
5188,3505,Yogesh Naidu,22,M,A2,
5189,3506,Manjunath Bhat,33,M,A1,REPEAT-030
5190,3506,Naveen Setty,47,M,A2,
5191,3507,Ramesh Achar,34,M,A1,
5192,3508,Mahesh Shetty,43,M,A1,
5193,3509,Mahesh Shetty,38,M,A1,REPEAT-022
5194,3509,Harish Patil,30,M,A2,
5195,3510,Girish Murthy,30,M,A1,
5196,3510,Manjunath Naidu,49,M,A2,
5197,3510,Shivaraj Iyer,33,M,A3,
5198,3511,Mahesh Kumar,25,M,A1,
5199,3511,Shwetha Patil,47,F,A2,
5200,3512,Ramesh Murthy,48,M,A1,
5201,3512,Lakshmi Murthy,44,F,A2,
5202,3512,Prakash Hegde,53,M,A3,
5203,3513,Anil Bhat,41,M,A1,REPEAT-054
5204,3514,Nagaraj Achar,31,M,A1,
5205,3515,Anil Bhat,42,M,A1,REPEAT-054
5206,3516,Yogesh Kumar,45,M,A1,REPEAT-050
5207,3517,Girish Murthy,35,M,A1,
5208,3518,Prakash Rao,36,M,A1,
5209,3518,Vijay Naik,46,M,A2,
5210,3519,Naveen Patil,44,M,A1,
5211,3520,Basavaraj Iyer,43,M,A1,
5212,3521,Girish Bhat,52,M,A1,
5213,3522,Anita Bhat,29,F,A1,
5214,3523,Naveen Kumar,35,M,A1,
5215,3524,Chaya Patil,47,F,A1,
5216,3525,Kumar Shetty,45,M,A1,
5217,3526,Nagaraj Achar,54,M,A1,
5218,3526,Anil Patil,49,M,A2,
5219,3527,Sowmya Achar,44,F,A1,
5220,3528,Prakash Naidu,50,M,A1,
5221,3528,Mahesh Naidu,46,M,A2,
5222,3528,Chaya Reddy,45,F,A3,
5223,3529,Ravi Iyer,52,M,A1,
5224,3529,Ravi Achar,30,M,A2,
5225,3530,Srinivas Hegde,35,M,A1,
5226,3531,Manjunath Iyer,30,M,A1,
5227,3531,Girish Setty,35,M,A2,
5228,3532,Roopa Kumar,32,F,A1,
5229,3533,Basavaraj Shetty,30,M,A1,
5230,3534,Yogesh Murthy,23,M,A1,
5231,3534,Sunita Hegde,28,F,A2,
5232,3535,Suresh Murthy,21,M,A1,
5233,3536,Yogesh Rao,30,M,A1,
5234,3537,Ravi Naik,33,M,A1,
5235,3537,Roopa Gowda,50,F,A2,
5236,3538,Ravi Bhat,44,M,A1,
5237,3538,Ramesh Patil,41,M,A2,
5238,3539,Shwetha Gowda,44,F,A1,
5239,3540,Deepa Kumar,35,F,A1,
5240,3540,Vidya Hegde,26,F,A2,
5241,3540,Manjula Gowda,23,F,A3,
5242,3541,Prakash Naidu,41,M,A1,
5243,3541,Girish Murthy,46,M,A2,
5244,3542,Harish Reddy,42,M,A1,
5245,3542,Anil Iyer,25,M,A2,
5246,3543,Ganesh Poojary,42,M,A1,
5247,3543,Shwetha Shetty,49,F,A2,
5248,3544,Priya Achar,37,F,A1,
5249,3544,Srinivas Poojary,22,M,A2,
5250,3545,Srinivas Hegde,31,M,A1,REPEAT-046
5251,3545,Chaya Rao,55,F,A2,
5252,3546,Yogesh Naidu,24,M,A1,REPEAT-001
5253,3547,Ganesh Setty,43,M,A1,
5254,3548,Sowmya Iyer,26,F,A1,
5255,3549,Vijay Poojary,50,M,A1,
5256,3549,Kavya Shetty,54,F,A2,
5257,3550,Ravi Hegde,35,M,A1,
5258,3551,Roopa Setty,20,F,A1,
5259,3552,Vijay Hegde,31,M,A1,
5260,3552,Shivaraj Naidu,30,M,A2,
5261,3553,Radha Iyer,42,F,A1,
5262,3553,Lakshmi Setty,36,F,A2,
5263,3554,Lakshmi Poojary,39,F,A1,
5264,3555,Chaya Naik,21,F,A1,
5265,3556,Savitha Bhat,53,F,A1,
5266,3556,Manjunath Murthy,53,M,A2,
5267,3557,Vijay Poojary,39,M,A1,
5268,3558,Raghu Bhat,49,M,A1,
5269,3559,Nagaraj Setty,45,M,A1,REPEAT-003
5270,3560,Yogesh Kumar,44,M,A1,REPEAT-050
5271,3560,Shivaraj Iyer,48,M,A2,
5272,3561,Nagaraj Gowda,42,M,A1,
5273,3562,Vijay Hegde,47,M,A1,
5274,3563,Santosh Reddy,22,M,A1,
5275,3564,Ramesh Patil,20,M,A1,
5276,3565,Suresh Setty,53,M,A1,
5277,3565,Vidya Reddy,44,F,A2,
5278,3566,Priya Patil,54,F,A1,
5279,3567,Manjunath Murthy,25,M,A1,REPEAT-025
5280,3568,Shwetha Iyer,47,F,A1,
5281,3568,Girish Kumar,41,M,A2,
5282,3569,Manjunath Naidu,34,M,A1,
5283,3569,Prakash Iyer,45,M,A2,
5284,3570,Nagaraj Reddy,30,M,A1,
5285,3571,Nandini Naik,50,F,A1,
5286,3572,Harish Achar,46,M,A1,REPEAT-057
5287,3573,Nandini Naidu,52,F,A1,
5288,3574,Nagaraj Rao,24,M,A1,REPEAT-026
5289,3574,Bhagya Kumar,24,F,A2,
5290,3574,Suresh Iyer,21,M,A3,
5291,3575,Basavaraj Achar,38,M,A1,
5292,3576,Shivaraj Naidu,45,M,A1,
5293,3577,Nandini Murthy,25,F,A1,
5294,3578,Nagaraj Setty,45,M,A1,REPEAT-003
5295,3578,Harish Patil,35,M,A2,
5296,3579,Naveen Poojary,33,M,A1,
5297,3580,Sunita Gowda,27,F,A1,
5298,3581,Harish Shetty,27,M,A1,
5299,3582,Suresh Setty,19,M,A1,
5300,3582,Nagaraj Kumar,23,M,A2,
5301,3583,Srinivas Achar,46,M,A1,
5302,3584,Prakash Iyer,46,M,A1,
5303,3585,Bhagya Rao,43,F,A1,REPEAT-058
5304,3586,Yogesh Achar,28,M,A1,
5305,3586,Naveen Reddy,21,M,A2,
5306,3586,Yogesh Rao,45,M,A3,
5307,3587,Naveen Setty,32,M,A1,REPEAT-036
5308,3588,Harish Gowda,55,M,A1,
5309,3589,Yogesh Shetty,38,M,A1,
5310,3589,Deepa Reddy,47,F,A2,
5311,3590,Anil Iyer,45,M,A1,
5312,3591,Vijay Shetty,21,M,A1,REPEAT-007
5313,3591,Geeta Naidu,25,F,A2,
5314,3592,Naveen Iyer,27,M,A1,
5315,3592,Lakshmi Gowda,55,F,A2,
5316,3593,Prakash Bhat,51,M,A1,
5317,3594,Harish Patil,27,M,A1,
5318,3594,Prakash Hegde,35,M,A2,
5319,3595,Geeta Kumar,49,F,A1,
5320,3596,Sowmya Reddy,44,F,A1,
5321,3596,Raghu Achar,20,M,A2,
5322,3597,Nagaraj Gowda,31,M,A1,
5323,3598,Rekha Patil,25,F,A1,
5324,3599,Rekha Naidu,21,F,A1,
5325,3599,Naveen Bhat,46,M,A2,
5326,3600,Mahesh Shetty,37,M,A1,REPEAT-022
5327,3600,Srinivas Achar,29,M,A2,
5328,3601,Harish Poojary,46,M,A1,
5329,3602,Shivaraj Shetty,41,M,A1,
5330,3602,Raghu Rao,55,M,A2,
5331,3603,Suresh Bhat,27,M,A1,
5332,3603,Savitha Reddy,47,F,A2,
5333,3604,Lakshmi Reddy,32,F,A1,
5334,3604,Yogesh Iyer,49,M,A2,
5335,3605,Vidya Naik,36,F,A1,
5336,3606,Radha Reddy,44,F,A1,REPEAT-055
5337,3607,Pooja Rao,23,F,A1,
5338,3608,Kumar Poojary,50,M,A1,
5339,3609,Basavaraj Naidu,55,M,A1,
5340,3609,Anil Hegde,51,M,A2,
5341,3610,Raghu Reddy,32,M,A1,
5342,3611,Naveen Murthy,43,M,A1,REPEAT-002
5343,3612,Raghu Naidu,25,M,A1,
5344,3612,Shwetha Gowda,52,F,A2,
5345,3613,Harish Achar,32,M,A1,
5346,3614,Nandini Hegde,55,F,A1,
5347,3615,Santosh Bhat,44,M,A1,
5348,3616,Yogesh Reddy,26,M,A1,
5349,3616,Manjunath Rao,30,M,A2,
5350,3617,Suresh Naik,38,M,A1,REPEAT-042
5351,3618,Harish Patil,39,M,A1,REPEAT-053
5352,3619,Kumar Reddy,32,M,A1,
5353,3619,Chaya Gowda,21,F,A2,
5354,3619,Roopa Reddy,45,F,A3,
5355,3620,Santosh Murthy,45,M,A1,
5356,3621,Savitha Naidu,23,F,A1,REPEAT-013
5357,3621,Anil Patil,26,M,A2,
5358,3622,Shobha Naidu,53,F,A1,
5359,3623,Shivaraj Kumar,26,M,A1,
5360,3623,Radha Kumar,52,F,A2,
5361,3624,Anita Shetty,29,F,A1,REPEAT-019
5362,3625,Geeta Achar,33,F,A1,
5363,3625,Nagaraj Kumar,42,M,A2,
5364,3626,Nagaraj Naidu,37,M,A1,REPEAT-035
5365,3627,Manjunath Murthy,26,M,A1,REPEAT-025
5366,3628,Kumar Shetty,37,M,A1,
5367,3629,Kavya Shetty,26,F,A1,
5368,3629,Manjunath Setty,37,M,A2,
5369,3630,Naveen Kumar,39,M,A1,
5370,3631,Nagaraj Bhat,18,M,A1,
5371,3632,Kavya Reddy,20,F,A1,
5372,3633,Yogesh Kumar,54,M,A1,
5373,3634,Anita Shetty,51,F,A1,
5374,3634,Mahesh Gowda,25,M,A2,
5375,3635,Naveen Murthy,43,M,A1,REPEAT-002
5376,3636,Shivaraj Patil,23,M,A1,
5377,3636,Prakash Achar,52,M,A2,
5378,3637,Manjunath Hegde,45,M,A1,
5379,3638,Manjunath Murthy,50,M,A1,
5380,3639,Raghu Hegde,41,M,A1,
5381,3640,Vijay Hegde,23,M,A1,
5382,3641,Kavya Bhat,41,F,A1,
5383,3641,Prakash Kumar,36,M,A2,
5384,3642,Harish Achar,45,M,A1,REPEAT-057
5385,3642,Anita Murthy,28,F,A2,
5386,3643,Anil Rao,42,M,A1,
5387,3644,Geeta Achar,31,F,A1,
5388,3645,Girish Hegde,39,M,A1,
5389,3646,Naveen Setty,20,M,A1,
5390,3647,Mahesh Kumar,30,M,A1,
5391,3647,Priya Poojary,53,F,A2,
5392,3648,Harish Patil,36,M,A1,
5393,3648,Ramesh Iyer,44,M,A2,
5394,3648,Kavya Poojary,49,F,A3,
5395,3649,Ramesh Rao,41,M,A1,
5396,3650,Geeta Patil,39,F,A1,
5397,3651,Srinivas Naidu,33,M,A1,
5398,3651,Ramesh Shetty,47,M,A2,
5399,3652,Radha Poojary,32,F,A1,
5400,3653,Kumar Reddy,24,M,A1,
5401,3653,Raghu Naik,21,M,A2,
5402,3653,Manjunath Gowda,45,M,A3,
5403,3654,Shivaraj Kumar,46,M,A1,
5404,3654,Nagaraj Murthy,29,M,A2,
5405,3654,Srinivas Patil,51,M,A3,
5406,3655,Radha Reddy,44,F,A1,REPEAT-055
5407,3655,Prakash Patil,39,M,A2,
5408,3656,Vijay Shetty,21,M,A1,REPEAT-007
5409,3657,Pooja Achar,39,F,A1,
5410,3658,Girish Setty,47,M,A1,
5411,3658,Kumar Poojary,23,M,A2,
5412,3659,Manjunath Shetty,44,M,A1,
5413,3659,Rekha Shetty,50,F,A2,
5414,3660,Nandini Hegde,51,F,A1,
5415,3661,Anita Naidu,55,F,A1,
5416,3661,Ganesh Iyer,27,M,A2,
5417,3662,Shivaraj Kumar,29,M,A1,REPEAT-024
5418,3662,Manjunath Setty,31,M,A2,
5419,3663,Basavaraj Shetty,34,M,A1,
5420,3664,Srinivas Hegde,31,M,A1,REPEAT-046
5421,3665,Suresh Achar,36,M,A1,
5422,3666,Manjula Achar,52,F,A1,
5423,3667,Raghu Shetty,24,M,A1,
5424,3667,Raghu Kumar,32,M,A2,
5425,3668,Nandini Shetty,22,F,A1,REPEAT-011
5426,3668,Kumar Kumar,45,M,A2,
5427,3669,Kumar Iyer,20,M,A1,REPEAT-038
5428,3669,Santosh Setty,43,M,A2,
5429,3670,Naveen Achar,27,M,A1,
5430,3671,Srinivas Iyer,30,M,A1,
5431,3672,Savitha Iyer,33,F,A1,
5432,3673,Basavaraj Murthy,35,M,A1,
5433,3674,Prakash Poojary,37,M,A1,REPEAT-028
5434,3674,Priya Kumar,19,F,A2,
5435,3675,Kumar Gowda,27,M,A1,
5436,3675,Mahesh Achar,40,M,A2,
5437,3675,Kumar Poojary,34,M,A3,
5438,3676,Naveen Iyer,45,M,A1,
5439,3677,Ramesh Kumar,29,M,A1,
5440,3678,Vijay Shetty,21,M,A1,REPEAT-007
5441,3679,Suresh Naik,38,M,A1,REPEAT-042
5442,3680,Deepa Kumar,53,F,A1,
5443,3680,Anita Bhat,40,F,A2,
5444,3681,Harish Poojary,47,M,A1,
5445,3682,Shwetha Murthy,42,F,A1,
5446,3683,Ganesh Reddy,40,M,A1,
5447,3684,Mahesh Kumar,28,M,A1,
5448,3685,Santosh Poojary,54,M,A1,
5449,3686,Anita Achar,37,F,A1,
5450,3687,Mahesh Naik,47,M,A1,
5451,3688,Vijay Shetty,22,M,A1,REPEAT-007
5452,3688,Nagaraj Setty,45,M,A2,
5453,3689,Kumar Hegde,35,M,A1,
5454,3689,Chaya Patil,40,F,A2,
5455,3690,Naveen Patil,44,M,A1,
5456,3691,Harish Murthy,26,M,A1,
5457,3692,Naveen Bhat,28,M,A1,
5458,3693,Kumar Rao,45,M,A1,REPEAT-018
5459,3694,Ravi Hegde,39,M,A1,
5460,3695,Harish Naidu,37,M,A1,REPEAT-015
5461,3695,Lakshmi Achar,35,F,A2,
5462,3696,Raghu Iyer,43,M,A1,
5463,3697,Srinivas Hegde,32,M,A1,REPEAT-046
5464,3697,Roopa Bhat,35,F,A2,
5465,3697,Girish Setty,48,M,A3,
5466,3698,Nagaraj Rao,38,M,A1,
5467,3698,Naveen Kumar,51,M,A2,
5468,3698,Ramesh Patil,37,M,A3,
5469,3699,Ramesh Murthy,19,M,A1,
5470,3699,Suresh Shetty,37,M,A2,
5471,3700,Lakshmi Murthy,44,F,A1,REPEAT-044
5472,3701,Nagaraj Naidu,36,M,A1,REPEAT-035
5473,3702,Nagaraj Shetty,41,M,A1,
5474,3702,Manjunath Hegde,41,M,A2,
5475,3703,Anita Poojary,49,F,A1,
5476,3704,Basavaraj Kumar,53,M,A1,
5477,3704,Shivaraj Setty,40,M,A2,
5478,3705,Ganesh Poojary,30,M,A1,
5479,3706,Harish Shetty,51,M,A1,
5480,3707,Ramesh Bhat,35,M,A1,
5481,3708,Naveen Patil,55,M,A1,
5482,3708,Anil Hegde,32,M,A2,
5483,3709,Srinivas Naidu,37,M,A1,REPEAT-049
5484,3710,Manjula Iyer,43,F,A1,
5485,3710,Ganesh Patil,20,M,A2,
5486,3711,Naveen Poojary,32,M,A1,
5487,3712,Mahesh Gowda,24,M,A1,
5488,3712,Deepa Rao,44,F,A2,
5489,3712,Chaya Naidu,54,F,A3,
5490,3713,Mahesh Naidu,38,M,A1,
5491,3713,Nagaraj Iyer,34,M,A2,
5492,3713,Ramesh Reddy,46,M,A3,
5493,3714,Mahesh Murthy,23,M,A1,REPEAT-033
5494,3715,Suresh Naidu,38,M,A1,
5495,3716,Manjula Patil,47,F,A1,
5496,3716,Mahesh Bhat,51,M,A2,
5497,3717,Radha Reddy,44,F,A1,REPEAT-055
5498,3718,Vijay Iyer,35,M,A1,
5499,3719,Sunita Naik,20,F,A1,
5500,3719,Prakash Iyer,48,M,A2,
5501,3720,Manjunath Bhat,32,M,A1,REPEAT-030
5502,3721,Kumar Naik,22,M,A1,
5503,3722,Mahesh Reddy,18,M,A1,
5504,3723,Mahesh Kumar,33,M,A1,
5505,3723,Girish Gowda,24,M,A2,
5506,3724,Yogesh Reddy,40,M,A1,
5507,3725,Shivaraj Gowda,20,M,A1,
5508,3725,Kavya Hegde,30,F,A2,
5509,3726,Yogesh Bhat,39,M,A1,
5510,3727,Ganesh Iyer,20,M,A1,
5511,3727,Santosh Naik,49,M,A2,
5512,3727,Nandini Naidu,24,F,A3,
5513,3728,Anil Gowda,50,M,A1,
5514,3729,Rekha Iyer,19,F,A1,
5515,3729,Yogesh Hegde,49,M,A2,
5516,3730,Srinivas Achar,30,M,A1,
5517,3731,Vidya Patil,55,F,A1,
5518,3732,Ganesh Gowda,20,M,A1,REPEAT-020
5519,3732,Basavaraj Naik,31,M,A2,
5520,3732,Vijay Hegde,45,M,A3,
5521,3733,Vijay Shetty,21,M,A1,REPEAT-007
5522,3734,Vijay Gowda,40,M,A1,
5523,3734,Bhagya Poojary,38,F,A2,
5524,3735,Yogesh Kumar,31,M,A1,
5525,3736,Deepa Achar,22,F,A1,
5526,3737,Basavaraj Iyer,39,M,A1,
5527,3738,Girish Kumar,30,M,A1,
5528,3738,Ravi Reddy,38,M,A2,
5529,3739,Shivaraj Kumar,29,M,A1,REPEAT-024
5530,3740,Kumar Rao,45,M,A1,REPEAT-018
5531,3741,Basavaraj Naik,45,M,A1,
5532,3742,Anil Gowda,20,M,A1,REPEAT-052
5533,3742,Lakshmi Kumar,45,F,A2,
5534,3743,Suresh Naik,55,M,A1,
5535,3743,Ganesh Bhat,37,M,A2,
5536,3743,Girish Reddy,54,M,A3,
5537,3744,Kavya Reddy,43,F,A1,
5538,3745,Srinivas Poojary,49,M,A1,
5539,3746,Anita Achar,30,F,A1,
5540,3747,Shivaraj Kumar,30,M,A1,REPEAT-024
5541,3747,Srinivas Poojary,29,M,A2,
5542,3747,Shobha Achar,49,F,A3,
5543,3748,Harish Naidu,36,M,A1,REPEAT-015
5544,3748,Manjula Achar,31,F,A2,
5545,3749,Suresh Setty,33,M,A1,
5546,3750,Deepa Shetty,44,F,A1,
5547,3751,Ramesh Patil,30,M,A1,
5548,3751,Nagaraj Hegde,21,M,A2,
5549,3752,Sowmya Achar,37,F,A1,
5550,3753,Srinivas Naidu,40,M,A1,
5551,3754,Anil Achar,46,M,A1,
5552,3754,Ravi Gowda,48,M,A2,
5553,3755,Anita Poojary,39,F,A1,
5554,3756,Anita Murthy,52,F,A1,
5555,3757,Nagaraj Setty,45,M,A1,REPEAT-003
5556,3757,Anita Reddy,25,F,A2,
5557,3758,Yogesh Reddy,47,M,A1,
5558,3758,Basavaraj Rao,51,M,A2,
5559,3758,Ganesh Naidu,48,M,A3,
5560,3759,Nandini Kumar,43,F,A1,REPEAT-012
5561,3759,Geeta Setty,46,F,A2,
5562,3760,Nandini Rao,26,F,A1,
5563,3761,Nagaraj Rao,24,M,A1,
5564,3762,Shwetha Naidu,50,F,A1,
5565,3763,Prakash Kumar,48,M,A1,
5566,3764,Sunita Hegde,46,F,A1,
5567,3765,Mahesh Naik,53,M,A1,
5568,3765,Shivaraj Rao,51,M,A2,
5569,3765,Anita Kumar,40,F,A3,
5570,3766,Nandini Rao,25,F,A1,
5571,3767,Ramesh Rao,45,M,A1,
5572,3768,Radha Reddy,53,F,A1,
5573,3769,Roopa Shetty,31,F,A1,
5574,3769,Savitha Iyer,51,F,A2,
5575,3770,Kavya Achar,33,F,A1,
5576,3771,Rekha Shetty,35,F,A1,
5577,3772,Suresh Shetty,35,M,A1,
5578,3772,Naveen Patil,20,M,A2,
5579,3773,Ravi Rao,43,M,A1,
5580,3773,Naveen Naik,48,M,A2,
5581,3773,Basavaraj Kumar,23,M,A3,
5582,3774,Shobha Naik,22,F,A1,
5583,3775,Suresh Gowda,39,M,A1,
5584,3775,Naveen Poojary,46,M,A2,
5585,3776,Sowmya Rao,28,F,A1,
5586,3776,Ravi Shetty,55,M,A2,
5587,3777,Anil Hegde,36,M,A1,
5588,3777,Vijay Reddy,39,M,A2,
5589,3778,Radha Kumar,50,F,A1,
5590,3779,Prakash Gowda,51,M,A1,
5591,3779,Bhagya Rao,37,F,A2,
5592,3780,Mahesh Shetty,37,M,A1,REPEAT-022
5593,3781,Shobha Poojary,46,F,A1,
5594,3781,Radha Patil,37,F,A2,
5595,3781,Pooja Hegde,18,F,A3,
5596,3782,Basavaraj Naidu,45,M,A1,
5597,3782,Mahesh Setty,55,M,A2,
5598,3783,Basavaraj Iyer,44,M,A1,
5599,3783,Srinivas Murthy,45,M,A2,
5600,3784,Ganesh Kumar,20,M,A1,
5601,3785,Manjunath Kumar,31,M,A1,
5602,3785,Ramesh Naik,28,M,A2,
5603,3786,Naveen Murthy,43,M,A1,REPEAT-002
5604,3786,Girish Reddy,23,M,A2,
5605,3787,Anil Naik,23,M,A1,
5606,3787,Kavya Poojary,49,F,A2,
5607,3788,Rekha Patil,43,F,A1,
5608,3788,Yogesh Naidu,35,M,A2,
5609,3789,Kumar Kumar,31,M,A1,
5610,3789,Naveen Achar,49,M,A2,
5611,3790,Lakshmi Murthy,44,F,A1,REPEAT-044
5612,3790,Deepa Shetty,26,F,A2,
5613,3791,Manjunath Murthy,26,M,A1,REPEAT-025
5614,3791,Manjunath Reddy,36,M,A2,
5615,3791,Srinivas Iyer,26,M,A3,
5616,3792,Manjunath Rao,29,M,A1,
5617,3793,Anil Hegde,27,M,A1,
5618,3793,Roopa Setty,22,F,A2,
5619,3794,Lakshmi Murthy,44,F,A1,REPEAT-044
5620,3794,Rekha Bhat,43,F,A2,
5621,3795,Santosh Rao,49,M,A1,
5622,3796,Naveen Poojary,18,M,A1,
5623,3796,Ganesh Rao,42,M,A2,
5624,3796,Ravi Iyer,26,M,A3,
5625,3797,Basavaraj Reddy,43,M,A1,REPEAT-031
5626,3798,Girish Reddy,37,M,A1,
5627,3799,Nagaraj Setty,28,M,A1,
5628,3799,Vidya Murthy,49,F,A2,
5629,3799,Srinivas Achar,27,M,A3,
5630,3800,Suresh Rao,45,M,A1,
5631,3800,Ganesh Achar,52,M,A2,
5632,3800,Santosh Bhat,55,M,A3,
5633,3801,Yogesh Kumar,33,M,A1,
5634,3802,Sunita Murthy,29,F,A1,
5635,3802,Nagaraj Murthy,33,M,A2,
5636,3803,Raghu Naidu,40,M,A1,
5637,3804,Kumar Shetty,20,M,A1,
5638,3804,Prakash Murthy,35,M,A2,
5639,3805,Raghu Gowda,19,M,A1,
5640,3806,Ramesh Patil,52,M,A1,
5641,3806,Ravi Naidu,43,M,A2,
5642,3807,Mahesh Poojary,49,M,A1,
5643,3808,Pooja Setty,50,F,A1,
5644,3809,Srinivas Naidu,41,M,A1,REPEAT-037
5645,3809,Ramesh Kumar,55,M,A2,
5646,3810,Lakshmi Murthy,45,F,A1,REPEAT-044
5647,3811,Ramesh Gowda,40,M,A1,
5648,3812,Ravi Hegde,29,M,A1,
5649,3813,Girish Setty,36,M,A1,
5650,3814,Shivaraj Patil,51,M,A1,
5651,3815,Naveen Kumar,40,M,A1,
5652,3815,Shwetha Kumar,45,F,A2,
5653,3815,Anil Naik,37,M,A3,
5654,3816,Ravi Poojary,18,M,A1,
5655,3817,Ravi Naik,24,M,A1,
5656,3818,Manjula Bhat,48,F,A1,
5657,3818,Suresh Kumar,31,M,A2,
5658,3819,Ravi Patil,32,M,A1,
5659,3820,Vijay Bhat,35,M,A1,
5660,3821,Vidya Shetty,27,F,A1,
5661,3821,Mahesh Rao,22,M,A2,
5662,3822,Basavaraj Reddy,50,M,A1,
5663,3822,Naveen Hegde,46,M,A2,
5664,3823,Ravi Reddy,30,M,A1,
5665,3824,Chaya Murthy,51,F,A1,
5666,3825,Rekha Naidu,29,F,A1,
5667,3825,Radha Reddy,39,F,A2,
5668,3826,Nandini Shetty,22,F,A1,REPEAT-011
5669,3826,Santosh Reddy,47,M,A2,
5670,3827,Sunita Rao,47,F,A1,
5671,3828,Suresh Achar,26,M,A1,
5672,3828,Srinivas Hegde,34,M,A2,
5673,3829,Harish Naidu,37,M,A1,REPEAT-015
5674,3829,Girish Setty,50,M,A2,
5675,3829,Ramesh Naidu,46,M,A3,
5676,3830,Naveen Setty,36,M,A1,
5677,3830,Ganesh Naik,46,M,A2,
5678,3831,Anita Shetty,28,F,A1,REPEAT-019
5679,3832,Geeta Rao,19,F,A1,
5680,3832,Santosh Naidu,36,M,A2,
5681,3833,Priya Iyer,48,F,A1,
5682,3834,Naveen Shetty,28,M,A1,
5683,3835,Lakshmi Shetty,48,F,A1,
5684,3836,Girish Murthy,43,M,A1,
5685,3836,Roopa Bhat,35,F,A2,
5686,3837,Savitha Iyer,43,F,A1,
5687,3838,Vijay Rao,40,M,A1,
5688,3839,Radha Reddy,44,F,A1,REPEAT-055
5689,3840,Sunita Kumar,43,F,A1,
5690,3841,Nandini Shetty,35,F,A1,
5691,3841,Yogesh Patil,47,M,A2,
5692,3842,Raghu Bhat,20,M,A1,
5693,3843,Nagaraj Iyer,28,M,A1,
5694,3843,Harish Iyer,54,M,A2,
5695,3844,Harish Achar,45,M,A1,REPEAT-057
5696,3844,Geeta Naik,23,F,A2,
5697,3845,Lakshmi Murthy,44,F,A1,REPEAT-044
5698,3846,Srinivas Bhat,24,M,A1,
5699,3847,Prakash Reddy,39,M,A1,
5700,3848,Manjula Poojary,49,F,A1,
5701,3849,Santosh Murthy,39,M,A1,
5702,3849,Ramesh Shetty,37,M,A2,
5703,3850,Mahesh Murthy,24,M,A1,REPEAT-033
5704,3851,Ramesh Kumar,30,M,A1,
5705,3852,Manjunath Bhat,32,M,A1,REPEAT-030
5706,3852,Basavaraj Naidu,28,M,A2,
5707,3853,Harish Hegde,53,M,A1,
5708,3853,Bhagya Murthy,36,F,A2,
5709,3854,Ganesh Naik,38,M,A1,
5710,3854,Girish Poojary,37,M,A2,
5711,3854,Kumar Naik,21,M,A3,
5712,3855,Harish Bhat,37,M,A1,
5713,3856,Santosh Rao,26,M,A1,
5714,3857,Roopa Hegde,35,F,A1,
5715,3858,Harish Kumar,18,M,A1,
5716,3858,Basavaraj Patil,20,M,A2,
5717,3858,Sunita Achar,29,F,A3,
5718,3859,Manjunath Shetty,47,M,A1,
5719,3859,Naveen Naidu,50,M,A2,
5720,3859,Ramesh Naidu,28,M,A3,
5721,3860,Harish Patil,39,M,A1,REPEAT-053
5722,3861,Shivaraj Gowda,41,M,A1,
5723,3862,Roopa Naik,48,F,A1,
5724,3862,Basavaraj Reddy,39,M,A2,
5725,3862,Basavaraj Achar,28,M,A3,
5726,3863,Manjula Murthy,53,F,A1,
5727,3863,Raghu Shetty,52,M,A2,
5728,3863,Roopa Naidu,20,F,A3,
5729,3864,Basavaraj Naidu,42,M,A1,
5730,3865,Yogesh Naidu,24,M,A1,REPEAT-001
5731,3865,Santosh Achar,27,M,A2,
5732,3866,Roopa Iyer,49,F,A1,
5733,3867,Priya Murthy,23,F,A1,REPEAT-010
5734,3868,Savitha Gowda,24,F,A1,
5735,3868,Anil Poojary,47,M,A2,
5736,3869,Sunita Naik,54,F,A1,
5737,3870,Ganesh Rao,49,M,A1,
5738,3870,Basavaraj Naidu,20,M,A2,
5739,3871,Chaya Hegde,52,F,A1,
5740,3871,Shivaraj Naik,39,M,A2,
5741,3872,Prakash Gowda,18,M,A1,
5742,3873,Ganesh Naidu,39,M,A1,
5743,3874,Prakash Setty,47,M,A1,
5744,3875,Santosh Rao,40,M,A1,REPEAT-027
5745,3875,Anil Bhat,28,M,A2,
5746,3875,Savitha Naik,29,F,A3,
5747,3876,Mahesh Murthy,23,M,A1,REPEAT-033
5748,3877,Kumar Poojary,29,M,A1,
5749,3877,Ravi Poojary,48,M,A2,
5750,3878,Srinivas Patil,39,M,A1,
5751,3879,Srinivas Naidu,37,M,A1,REPEAT-049
5752,3879,Basavaraj Gowda,26,M,A2,
5753,3880,Pooja Iyer,48,F,A1,
5754,3880,Ramesh Kumar,36,M,A2,
5755,3881,Prakash Iyer,19,M,A1,
5756,3882,Manjula Rao,40,F,A1,
5757,3883,Basavaraj Achar,37,M,A1,
5758,3883,Rekha Naidu,33,F,A2,
5759,3883,Pooja Naik,47,F,A3,
5760,3884,Ganesh Gowda,33,M,A1,
5761,3885,Yogesh Hegde,18,M,A1,
5762,3886,Lakshmi Murthy,44,F,A1,REPEAT-044
5763,3886,Nagaraj Naidu,28,M,A2,
5764,3886,Geeta Naik,23,F,A3,
5765,3887,Yogesh Poojary,22,M,A1,
5766,3888,Harish Kumar,25,M,A1,
5767,3888,Harish Gowda,43,M,A2,
5768,3889,Suresh Naik,28,M,A1,
5769,3890,Anil Gowda,25,M,A1,
5770,3891,Kumar Shetty,23,M,A1,
5771,3892,Shobha Setty,28,F,A1,
5772,3892,Sunita Setty,42,F,A2,
5773,3893,Ramesh Kumar,49,M,A1,
5774,3894,Priya Murthy,24,F,A1,REPEAT-010
5775,3894,Shobha Achar,37,F,A2,
5776,3895,Nagaraj Naidu,37,M,A1,REPEAT-035
5777,3895,Vijay Naik,18,M,A2,
5778,3895,Nagaraj Bhat,51,M,A3,
5779,3896,Radha Reddy,45,F,A1,REPEAT-055
5780,3896,Ravi Shetty,34,M,A2,
5781,3897,Ganesh Patil,19,M,A1,
5782,3898,Mahesh Naik,54,M,A1,
5783,3899,Suresh Naik,38,M,A1,REPEAT-042
5784,3899,Priya Patil,20,F,A2,
5785,3900,Ravi Murthy,25,M,A1,
5786,3901,Ravi Iyer,39,M,A1,
5787,3902,Prakash Naik,42,M,A1,REPEAT-032
5788,3902,Srinivas Naik,38,M,A2,
5789,3902,Srinivas Naidu,54,M,A3,
5790,3903,Ganesh Gowda,21,M,A1,REPEAT-020
5791,3903,Ravi Iyer,47,M,A2,
5792,3903,Raghu Hegde,18,M,A3,
5793,3904,Ganesh Kumar,52,M,A1,
5794,3905,Savitha Patil,18,F,A1,
5795,3905,Anita Setty,50,F,A2,
5796,3905,Pooja Bhat,30,F,A3,
5797,3906,Roopa Naidu,41,F,A1,
5798,3906,Kavya Setty,38,F,A2,
5799,3906,Shobha Iyer,21,F,A3,
5800,3907,Prakash Achar,21,M,A1,
5801,3908,Prakash Reddy,42,M,A1,
5802,3909,Srinivas Gowda,18,M,A1,
5803,3910,Suresh Poojary,25,M,A1,
5804,3910,Geeta Setty,38,F,A2,
5805,3910,Santosh Iyer,22,M,A3,
5806,3911,Kavya Achar,30,F,A1,
5807,3912,Nandini Kumar,43,F,A1,REPEAT-012
5808,3912,Pooja Gowda,31,F,A2,
5809,3912,Basavaraj Reddy,41,M,A3,
5810,3913,Santosh Gowda,37,M,A1,
5811,3914,Manjunath Murthy,25,M,A1,REPEAT-025
5812,3914,Mahesh Naik,27,M,A2,
5813,3915,Suresh Rao,33,M,A1,
5814,3916,Shivaraj Iyer,45,M,A1,
5815,3917,Radha Murthy,21,F,A1,
5816,3917,Chaya Kumar,22,F,A2,
5817,3917,Roopa Shetty,36,F,A3,
5818,3918,Mahesh Murthy,44,M,A1,
5819,3919,Deepa Iyer,19,F,A1,
5820,3920,Yogesh Poojary,38,M,A1,
5821,3921,Anita Patil,25,F,A1,REPEAT-014
5822,3921,Prakash Gowda,21,M,A2,
5823,3922,Yogesh Shetty,48,M,A1,
5824,3922,Bhagya Reddy,54,F,A2,
5825,3923,Raghu Reddy,31,M,A1,
5826,3924,Manjunath Murthy,25,M,A1,REPEAT-025
5827,3924,Yogesh Hegde,31,M,A2,
5828,3925,Prakash Kumar,53,M,A1,
5829,3926,Harish Naidu,36,M,A1,REPEAT-015
5830,3927,Srinivas Naidu,38,M,A1,REPEAT-049
5831,3927,Ganesh Gowda,34,M,A2,
5832,3927,Prakash Bhat,40,M,A3,
5833,3928,Ramesh Murthy,34,M,A1,
5834,3929,Basavaraj Shetty,40,M,A1,
5835,3929,Bhagya Shetty,24,F,A2,
5836,3930,Ramesh Hegde,33,M,A1,
5837,3931,Bhagya Patil,36,F,A1,
5838,3932,Yogesh Reddy,51,M,A1,
5839,3932,Sunita Poojary,31,F,A2,
5840,3933,Bhagya Patil,52,F,A1,
5841,3933,Bhagya Iyer,51,F,A2,
5842,3934,Shobha Iyer,40,F,A1,
5843,3934,Vijay Iyer,18,M,A2,
5844,3934,Shwetha Bhat,27,F,A3,
5845,3935,Priya Achar,25,F,A1,
5846,3936,Suresh Murthy,33,M,A1,
5847,3936,Srinivas Reddy,27,M,A2,
5848,3937,Manjunath Murthy,25,M,A1,REPEAT-025
5849,3937,Mahesh Achar,48,M,A2,
5850,3938,Shwetha Achar,40,F,A1,
5851,3938,Ganesh Hegde,21,M,A2,
5852,3938,Mahesh Kumar,49,M,A3,
5853,3939,Rekha Achar,44,F,A1,
5854,3939,Vidya Naik,22,F,A2,
5855,3939,Sunita Setty,28,F,A3,
5856,3940,Nandini Shetty,22,F,A1,REPEAT-011
5857,3940,Santosh Achar,19,M,A2,
5858,3941,Suresh Reddy,45,M,A1,
5859,3942,Manjunath Kumar,22,M,A1,
5860,3942,Suresh Reddy,21,M,A2,
5861,3943,Yogesh Rao,43,M,A1,
5862,3944,Vijay Shetty,21,M,A1,REPEAT-007
5863,3945,Vijay Reddy,42,M,A1,
5864,3946,Vidya Hegde,49,F,A1,
5865,3947,Anita Naidu,19,F,A1,
5866,3948,Santosh Setty,25,M,A1,
5867,3949,Yogesh Hegde,42,M,A1,
5868,3949,Nagaraj Bhat,31,M,A2,
5869,3950,Mahesh Shetty,37,M,A1,REPEAT-022
5870,3950,Roopa Murthy,44,F,A2,
5871,3950,Manjula Achar,22,F,A3,
5872,3951,Mahesh Shetty,37,M,A1,REPEAT-022
5873,3952,Basavaraj Naidu,42,M,A1,
5874,3952,Anil Bhat,31,M,A2,
5875,3952,Ganesh Rao,27,M,A3,
5876,3953,Manjula Naik,43,F,A1,
5877,3953,Pooja Kumar,20,F,A2,
5878,3954,Basavaraj Hegde,39,M,A1,
5879,3954,Kumar Kumar,35,M,A2,
5880,3954,Chaya Setty,52,F,A3,
5881,3955,Kavya Naidu,32,F,A1,
5882,3956,Roopa Iyer,21,F,A1,
5883,3957,Nagaraj Setty,45,M,A1,REPEAT-003
5884,3958,Priya Setty,40,F,A1,
5885,3958,Sowmya Achar,42,F,A2,
5886,3959,Mahesh Rao,28,M,A1,
5887,3960,Harish Reddy,45,M,A1,REPEAT-056
5888,3961,Harish Naidu,35,M,A1,
5889,3962,Pooja Kumar,28,F,A1,
5890,3963,Pooja Naidu,29,F,A1,
5891,3964,Raghu Achar,46,M,A1,
5892,3965,Anil Bhat,41,M,A1,REPEAT-054
5893,3966,Mahesh Shetty,38,M,A1,REPEAT-022
5894,3966,Anil Gowda,35,M,A2,
5895,3966,Anil Murthy,50,M,A3,
5896,3967,Mahesh Shetty,38,M,A1,REPEAT-022
5897,3968,Anil Patil,45,M,A1,
5898,3969,Yogesh Naidu,24,M,A1,REPEAT-001
5899,3970,Vijay Shetty,22,M,A1,REPEAT-007
5900,3970,Yogesh Reddy,51,M,A2,
5901,3970,Anil Patil,20,M,A3,
5902,3971,Vijay Achar,30,M,A1,
5903,3972,Vidya Poojary,32,F,A1,
5904,3973,Manjunath Setty,44,M,A1,REPEAT-016
5905,3973,Deepa Gowda,31,F,A2,
5906,3974,Manjunath Murthy,26,M,A1,REPEAT-025
5907,3975,Basavaraj Kumar,23,M,A1,
5908,3976,Ganesh Achar,55,M,A1,
5909,3977,Shivaraj Patil,41,M,A1,REPEAT-006
5910,3977,Srinivas Murthy,40,M,A2,
5911,3977,Kumar Gowda,36,M,A3,
5912,3978,Srinivas Naidu,37,M,A1,REPEAT-049
5913,3979,Srinivas Iyer,51,M,A1,
5914,3980,Lakshmi Murthy,44,F,A1,REPEAT-044
5915,3980,Ramesh Poojary,47,M,A2,
5916,3980,Manjunath Murthy,18,M,A3,
5917,3981,Manjunath Murthy,25,M,A1,REPEAT-025
5918,3981,Girish Naidu,27,M,A2,
5919,3982,Anil Patil,20,M,A1,
5920,3983,Basavaraj Bhat,52,M,A1,
5921,3984,Santosh Kumar,37,M,A1,
5922,3984,Mahesh Gowda,30,M,A2,
5923,3985,Anil Setty,44,M,A1,
5924,3985,Kumar Gowda,23,M,A2,
5925,3986,Srinivas Naidu,37,M,A1,REPEAT-049
5926,3987,Prakash Iyer,27,M,A1,
5927,3988,Priya Rao,30,F,A1,
5928,3989,Chaya Kumar,18,F,A1,
5929,3990,Ganesh Gowda,20,M,A1,REPEAT-020
5930,3991,Ganesh Naik,51,M,A1,
5931,3992,Lakshmi Murthy,44,F,A1,REPEAT-044
5932,3993,Girish Patil,26,M,A1,
5933,3993,Naveen Hegde,23,M,A2,
5934,3993,Raghu Bhat,28,M,A3,
5935,3994,Chaya Rao,18,F,A1,
5936,3995,Ravi Murthy,43,M,A1,
5937,3996,Shivaraj Patil,39,M,A1,
5938,3996,Naveen Naik,41,M,A2,
5939,3997,Manjunath Bhat,32,M,A1,REPEAT-030
5940,3998,Suresh Naik,38,M,A1,REPEAT-042
5941,3999,Kavya Shetty,49,F,A1,
5942,4000,Shivaraj Patil,45,M,A1,
5943,4001,Sowmya Setty,43,F,A1,
5944,4001,Vidya Reddy,28,F,A2,
5945,4001,Ravi Gowda,25,M,A3,
5946,4002,Geeta Iyer,39,F,A1,
5947,4003,Shivaraj Naik,23,M,A1,
5948,4003,Basavaraj Naidu,46,M,A2,
5949,4003,Vijay Reddy,54,M,A3,
5950,4004,Anil Bhat,34,M,A1,REPEAT-005
5951,4004,Shwetha Bhat,48,F,A2,
5952,4005,Ravi Shetty,51,M,A1,
5953,4006,Mahesh Poojary,18,M,A1,
5954,4007,Shivaraj Rao,39,M,A1,
5955,4007,Santosh Reddy,21,M,A2,
5956,4007,Shivaraj Achar,26,M,A3,
5957,4008,Shwetha Rao,18,F,A1,
5958,4008,Ganesh Achar,25,M,A2,
5959,4009,Geeta Setty,20,F,A1,
5960,4009,Anil Kumar,42,M,A2,
5961,4010,Nagaraj Murthy,50,M,A1,
5962,4011,Geeta Achar,25,F,A1,
5963,4012,Ramesh Naidu,19,M,A1,
5964,4013,Kumar Setty,38,M,A1,
5965,4013,Naveen Naik,46,M,A2,
5966,4014,Priya Murthy,23,F,A1,REPEAT-010
5967,4014,Prakash Poojary,23,M,A2,
5968,4015,Girish Murthy,55,M,A1,
5969,4016,Lakshmi Murthy,44,F,A1,REPEAT-044
5970,4017,Girish Gowda,46,M,A1,
5971,4018,Naveen Naik,26,M,A1,
5972,4018,Anil Setty,34,M,A2,
5973,4018,Naveen Poojary,54,M,A3,
5974,4019,Shwetha Bhat,25,F,A1,
5975,4020,Deepa Reddy,54,F,A1,
5976,4021,Yogesh Naidu,24,M,A1,REPEAT-001
5977,4022,Yogesh Achar,50,M,A1,
5978,4023,Vidya Murthy,23,F,A1,
5979,4023,Santosh Naik,43,M,A2,
5980,4024,Basavaraj Kumar,41,M,A1,
5981,4025,Nagaraj Rao,24,M,A1,REPEAT-026
5982,4026,Mahesh Shetty,37,M,A1,REPEAT-022
5983,4026,Harish Murthy,44,M,A2,
5984,4026,Lakshmi Rao,36,F,A3,
5985,4027,Naveen Achar,35,M,A1,
5986,4028,Raghu Naidu,25,M,A1,
5987,4029,Anil Iyer,40,M,A1,
5988,4029,Kumar Rao,36,M,A2,
5989,4030,Vidya Rao,30,F,A1,
5990,4031,Anita Naik,34,F,A1,
5991,4032,Pooja Naidu,55,F,A1,
5992,4032,Ravi Patil,41,M,A2,
5993,4033,Lakshmi Murthy,44,F,A1,REPEAT-044
5994,4034,Deepa Gowda,29,F,A1,
5995,4035,Vijay Naidu,55,M,A1,
5996,4036,Radha Reddy,45,F,A1,REPEAT-055
5997,4037,Santosh Rao,40,M,A1,REPEAT-027
5998,4037,Ramesh Naidu,30,M,A2,
5999,4038,Kavya Naik,29,F,A1,
6000,4039,Shivaraj Poojary,49,M,A1,
6001,4040,Nandini Reddy,40,F,A1,
6002,4041,Kavya Gowda,25,F,A1,
6003,4041,Prakash Iyer,53,M,A2,
6004,4042,Geeta Kumar,37,F,A1,
6005,4043,Radha Reddy,44,F,A1,REPEAT-055
6006,4044,Shobha Patil,32,F,A1,
6007,4044,Raghu Kumar,35,M,A2,
6008,4044,Ravi Poojary,40,M,A3,
6009,4045,Naveen Murthy,43,M,A1,REPEAT-002
6010,4046,Anita Shetty,28,F,A1,REPEAT-019
6011,4046,Santosh Patil,19,M,A2,
6012,4046,Naveen Rao,40,M,A3,
6013,4047,Kavya Kumar,28,F,A1,
6014,4048,Kumar Poojary,21,M,A1,
6015,4049,Suresh Murthy,44,M,A1,
6016,4049,Vijay Reddy,30,M,A2,
6017,4050,Harish Murthy,51,M,A1,
6018,4050,Vijay Gowda,19,M,A2,
6019,4051,Manjunath Bhat,42,M,A1,
6020,4051,Kumar Achar,39,M,A2,
6021,4052,Kavya Hegde,20,F,A1,
6022,4053,Santosh Gowda,23,M,A1,
6023,4054,Ravi Patil,18,M,A1,
6024,4054,Kumar Shetty,45,M,A2,
6025,4054,Ganesh Patil,44,M,A3,
6026,4055,Lakshmi Murthy,44,F,A1,REPEAT-044
6027,4055,Ramesh Bhat,25,M,A2,
6028,4056,Geeta Iyer,31,F,A1,
6029,4056,Rekha Bhat,33,F,A2,
6030,4057,Shivaraj Murthy,24,M,A1,
6031,4057,Harish Setty,51,M,A2,
6032,4058,Geeta Iyer,34,F,A1,
6033,4059,Vijay Patil,19,M,A1,
6034,4060,Srinivas Patil,42,M,A1,
6035,4060,Basavaraj Naidu,46,M,A2,
6036,4061,Manjunath Poojary,48,M,A1,
6037,4062,Vijay Shetty,21,M,A1,REPEAT-007
6038,4063,Shivaraj Hegde,34,M,A1,
6039,4064,Shivaraj Kumar,30,M,A1,REPEAT-024
6040,4064,Vijay Gowda,42,M,A2,
6041,4064,Radha Iyer,37,F,A3,
6042,4065,Raghu Murthy,34,M,A1,
6043,4066,Ramesh Hegde,18,M,A1,
6044,4066,Naveen Poojary,28,M,A2,
6045,4067,Harish Iyer,33,M,A1,
6046,4068,Naveen Gowda,33,M,A1,
6047,4069,Ravi Setty,47,M,A1,
6048,4069,Kumar Gowda,38,M,A2,
6049,4070,Anil Gowda,48,M,A1,
6050,4071,Harish Hegde,53,M,A1,
6051,4071,Suresh Reddy,37,M,A2,
6052,4072,Mahesh Shetty,37,M,A1,REPEAT-022
6053,4072,Vidya Bhat,44,F,A2,
6054,4073,Manjunath Bhat,32,M,A1,REPEAT-030
6055,4074,Kavya Iyer,37,F,A1,
6056,4075,Raghu Patil,23,M,A1,
6057,4075,Prakash Hegde,29,M,A2,
6058,4076,Manjula Naik,26,F,A1,
6059,4077,Raghu Iyer,54,M,A1,
6060,4077,Nagaraj Kumar,26,M,A2,
6061,4077,Girish Hegde,40,M,A3,
6062,4078,Vijay Shetty,55,M,A1,
6063,4079,Rekha Hegde,43,F,A1,
6064,4079,Yogesh Hegde,41,M,A2,
6065,4080,Yogesh Reddy,26,M,A1,
6066,4081,Raghu Hegde,40,M,A1,REPEAT-045
6067,4082,Radha Setty,41,F,A1,
6068,4083,Harish Iyer,33,M,A1,
6069,4084,Vijay Kumar,30,M,A1,
6070,4084,Ravi Reddy,47,M,A2,
6071,4085,Anil Bhat,34,M,A1,REPEAT-005
6072,4086,Kumar Rao,44,M,A1,REPEAT-018
6073,4087,Ramesh Bhat,23,M,A1,
6074,4088,Shivaraj Kumar,29,M,A1,REPEAT-024
6075,4089,Vijay Shetty,22,M,A1,REPEAT-007
6076,4089,Mahesh Iyer,23,M,A2,
6077,4090,Manjunath Murthy,25,M,A1,REPEAT-025
6078,4091,Lakshmi Naik,54,F,A1,
6079,4091,Ganesh Shetty,30,M,A2,
6080,4092,Chaya Hegde,23,F,A1,
6081,4092,Chaya Iyer,32,F,A2,
6082,4092,Nagaraj Patil,40,M,A3,
6083,4093,Prakash Rao,48,M,A1,
6084,4093,Naveen Shetty,46,M,A2,
6085,4094,Shivaraj Setty,51,M,A1,
6086,4095,Ramesh Naidu,41,M,A1,
6087,4095,Ramesh Poojary,53,M,A2,
6088,4096,Anil Shetty,40,M,A1,
6089,4097,Vijay Gowda,27,M,A1,
6090,4098,Yogesh Reddy,32,M,A1,
6091,4098,Prakash Rao,39,M,A2,
6092,4099,Shwetha Naidu,52,F,A1,
6093,4100,Kavya Shetty,46,F,A1,
6094,4101,Harish Achar,45,M,A1,REPEAT-057
6095,4101,Yogesh Poojary,27,M,A2,
6096,4102,Ramesh Patil,30,M,A1,
6097,4103,Nagaraj Bhat,49,M,A1,
6098,4104,Raghu Naidu,20,M,A1,
6099,4104,Kumar Kumar,53,M,A2,
6100,4105,Basavaraj Reddy,42,M,A1,REPEAT-031
6101,4106,Kavya Rao,43,F,A1,
6102,4106,Vijay Setty,43,M,A2,
6103,4107,Raghu Rao,48,M,A1,
6104,4107,Raghu Gowda,49,M,A2,
6105,4108,Nagaraj Bhat,18,M,A1,
6106,4109,Vidya Hegde,20,F,A1,
6107,4109,Raghu Rao,53,M,A2,
6108,4109,Sowmya Kumar,26,F,A3,
6109,4110,Prakash Iyer,32,M,A1,
6110,4111,Manjunath Poojary,34,M,A1,REPEAT-004
6111,4112,Rekha Setty,42,F,A1,
6112,4113,Srinivas Naik,37,M,A1,
6113,4114,Ganesh Setty,34,M,A1,
6114,4114,Rekha Setty,41,F,A2,
6115,4114,Kumar Poojary,37,M,A3,
6116,4115,Priya Patil,42,F,A1,
6117,4116,Radha Kumar,25,F,A1,
6118,4116,Ramesh Rao,44,M,A2,
6119,4117,Anil Achar,50,M,A1,
6120,4118,Santosh Rao,27,M,A1,
6121,4118,Vijay Achar,22,M,A2,
6122,4119,Naveen Murthy,43,M,A1,REPEAT-002
6123,4119,Ganesh Achar,18,M,A2,
6124,4120,Yogesh Kumar,44,M,A1,REPEAT-050
6125,4121,Girish Shetty,54,M,A1,
6126,4121,Pooja Shetty,43,F,A2,
6127,4121,Srinivas Gowda,34,M,A3,
6128,4122,Lakshmi Murthy,44,F,A1,REPEAT-044
6129,4123,Anita Kumar,20,F,A1,
6130,4123,Sunita Patil,44,F,A2,
6131,4124,Priya Murthy,33,F,A1,
6132,4125,Raghu Poojary,52,M,A1,
6133,4125,Bhagya Hegde,42,F,A2,
6134,4126,Raghu Murthy,19,M,A1,
6135,4126,Roopa Gowda,46,F,A2,
6136,4127,Mahesh Iyer,46,M,A1,
6137,4128,Vijay Achar,48,M,A1,
6138,4129,Prakash Naidu,50,M,A1,
6139,4129,Naveen Achar,40,M,A2,
6140,4130,Manjula Bhat,21,F,A1,
6141,4131,Shobha Gowda,31,F,A1,
6142,4132,Manjunath Bhat,32,M,A1,REPEAT-030
6143,4132,Savitha Setty,47,F,A2,
6144,4133,Shivaraj Bhat,42,M,A1,
6145,4134,Srinivas Naik,29,M,A1,
6146,4134,Savitha Gowda,52,F,A2,
6147,4135,Manjunath Patil,49,M,A1,
6148,4136,Harish Naik,37,M,A1,
6149,4137,Srinivas Shetty,33,M,A1,
6150,4138,Harish Gowda,32,M,A1,
6151,4139,Vijay Shetty,29,M,A1,
6152,4139,Deepa Naik,55,F,A2,
6153,4140,Basavaraj Hegde,47,M,A1,
6154,4141,Nagaraj Iyer,37,M,A1,
6155,4141,Kumar Naidu,19,M,A2,
6156,4142,Savitha Rao,32,F,A1,
6157,4142,Kumar Achar,29,M,A2,
6158,4143,Yogesh Bhat,35,M,A1,
6159,4143,Anil Naik,24,M,A2,
6160,4144,Pooja Naidu,28,F,A1,
6161,4145,Ganesh Setty,24,M,A1,
6162,4145,Rekha Kumar,25,F,A2,
6163,4145,Manjunath Rao,39,M,A3,
6164,4146,Harish Reddy,36,M,A1,
6165,4147,Harish Rao,34,M,A1,
6166,4147,Girish Naik,45,M,A2,
6167,4148,Anita Shetty,28,F,A1,REPEAT-019
6168,4148,Santosh Naidu,33,M,A2,
6169,4148,Shobha Kumar,35,F,A3,
6170,4149,Vijay Shetty,22,M,A1,REPEAT-007
6171,4150,Rekha Naik,51,F,A1,
6172,4151,Suresh Naik,38,M,A1,REPEAT-042
6173,4152,Pooja Achar,53,F,A1,
6174,4152,Ramesh Rao,49,M,A2,
6175,4153,Nagaraj Iyer,22,M,A1,
6176,4153,Naveen Murthy,54,M,A2,
6177,4154,Pooja Setty,43,F,A1,
6178,4155,Mahesh Naik,24,M,A1,
6179,4156,Kumar Bhat,18,M,A1,
6180,4157,Radha Reddy,45,F,A1,REPEAT-055
6181,4158,Yogesh Kumar,44,M,A1,REPEAT-050
6182,4159,Anita Shetty,28,F,A1,REPEAT-019
6183,4160,Chaya Patil,43,F,A1,
6184,4161,Nagaraj Shetty,50,M,A1,
6185,4162,Suresh Rao,52,M,A1,
6186,4162,Deepa Gowda,46,F,A2,
6187,4163,Manjunath Bhat,32,M,A1,REPEAT-030
6188,4163,Mahesh Setty,37,M,A2,
6189,4164,Basavaraj Iyer,26,M,A1,
6190,4165,Bhagya Naidu,37,F,A1,
6191,4165,Naveen Hegde,29,M,A2,
6192,4166,Basavaraj Setty,38,M,A1,
6193,4167,Anil Shetty,39,M,A1,
6194,4167,Anil Rao,35,M,A2,
6195,4168,Shivaraj Gowda,36,M,A1,
6196,4169,Sowmya Patil,23,F,A1,
6197,4169,Harish Hegde,22,M,A2,
6198,4169,Sunita Iyer,32,F,A3,
6199,4170,Lakshmi Gowda,25,F,A1,
6200,4170,Kumar Achar,44,M,A2,
6201,4171,Kavya Patil,23,F,A1,
6202,4172,Manjula Patil,27,F,A1,
6203,4173,Shivaraj Patil,51,M,A1,
6204,4173,Basavaraj Achar,47,M,A2,
6205,4174,Prakash Setty,25,M,A1,
6206,4175,Girish Poojary,48,M,A1,
6207,4176,Harish Achar,46,M,A1,REPEAT-057
6208,4177,Savitha Hegde,23,F,A1,
6209,4178,Manjula Naik,37,F,A1,
6210,4178,Santosh Murthy,28,M,A2,
6211,4179,Bhagya Rao,41,F,A1,
6212,4180,Vijay Reddy,25,M,A1,
6213,4180,Ravi Iyer,50,M,A2,
6214,4181,Girish Patil,18,M,A1,
6215,4181,Kumar Shetty,32,M,A2,
6216,4181,Pooja Gowda,55,F,A3,
6217,4182,Kumar Patil,28,M,A1,
6218,4183,Raghu Gowda,53,M,A1,
6219,4184,Raghu Patil,24,M,A1,
6220,4185,Suresh Naik,38,M,A1,REPEAT-042
6221,4186,Nagaraj Patil,29,M,A1,
6222,4187,Srinivas Kumar,52,M,A1,
6223,4188,Yogesh Shetty,46,M,A1,
6224,4188,Anil Reddy,20,M,A2,
6225,4189,Srinivas Patil,20,M,A1,
6226,4190,Suresh Murthy,21,M,A1,
6227,4191,Shivaraj Achar,33,M,A1,
6228,4192,Kumar Reddy,52,M,A1,
6229,4193,Ramesh Naik,42,M,A1,
6230,4193,Sunita Kumar,36,F,A2,
6231,4194,Santosh Naidu,37,M,A1,
6232,4195,Savitha Rao,36,F,A1,
6233,4196,Naveen Iyer,28,M,A1,
6234,4197,Srinivas Achar,28,M,A1,
6235,4197,Kumar Setty,19,M,A2,
6236,4198,Manjunath Naidu,43,M,A1,
6237,4198,Harish Gowda,31,M,A2,
6238,4199,Nandini Reddy,43,F,A1,
6239,4200,Basavaraj Poojary,39,M,A1,
6240,4201,Yogesh Bhat,46,M,A1,
6241,4201,Shobha Shetty,25,F,A2,
6242,4202,Nagaraj Gowda,22,M,A1,
6243,4203,Girish Gowda,37,M,A1,
6244,4203,Anil Iyer,43,M,A2,
6245,4204,Ravi Gowda,37,M,A1,
6246,4205,Ramesh Hegde,35,M,A1,
6247,4205,Lakshmi Reddy,37,F,A2,
6248,4206,Mahesh Gowda,39,M,A1,
6249,4207,Vijay Patil,20,M,A1,
6250,4207,Lakshmi Iyer,27,F,A2,
6251,4207,Mahesh Kumar,32,M,A3,
6252,4208,Anil Hegde,18,M,A1,
6253,4209,Kumar Shetty,26,M,A1,
6254,4210,Girish Achar,55,M,A1,
6255,4211,Anita Rao,32,F,A1,
6256,4212,Sowmya Shetty,49,F,A1,
6257,4212,Shivaraj Naik,37,M,A2,
6258,4213,Rekha Murthy,47,F,A1,
6259,4213,Raghu Shetty,32,M,A2,
6260,4214,Nagaraj Poojary,53,M,A1,
6261,4215,Yogesh Kumar,44,M,A1,REPEAT-050
6262,4216,Shwetha Bhat,31,F,A1,
6263,4216,Anita Naik,26,F,A2,
6264,4217,Raghu Patil,46,M,A1,
6265,4218,Manjunath Naik,20,M,A1,
6266,4219,Suresh Bhat,25,M,A1,
6267,4219,Ramesh Naik,39,M,A2,
6268,4220,Shivaraj Iyer,23,M,A1,
6269,4220,Sunita Murthy,48,F,A2,
6270,4220,Anita Naidu,28,F,A3,
6271,4221,Anil Bhat,41,M,A1,REPEAT-054
6272,4222,Nandini Kumar,43,F,A1,REPEAT-012
6273,4223,Basavaraj Setty,52,M,A1,
6274,4223,Ravi Shetty,41,M,A2,
6275,4224,Santosh Rao,41,M,A1,REPEAT-027
6276,4224,Mahesh Murthy,46,M,A2,
6277,4225,Bhagya Achar,49,F,A1,
6278,4226,Srinivas Kumar,22,M,A1,
6279,4226,Radha Gowda,55,F,A2,
6280,4227,Ganesh Murthy,32,M,A1,
6281,4227,Vijay Setty,20,M,A2,
6282,4228,Shwetha Rao,30,F,A1,
6283,4229,Kumar Naik,50,M,A1,
6284,4229,Radha Naik,44,F,A2,
6285,4230,Ravi Kumar,42,M,A1,
6286,4230,Rekha Bhat,49,F,A2,
6287,4230,Kumar Shetty,22,M,A3,
6288,4231,Manjunath Iyer,27,M,A1,
6289,4232,Naveen Patil,23,M,A1,
6290,4233,Ganesh Bhat,29,M,A1,
6291,4234,Radha Reddy,44,F,A1,REPEAT-055
6292,4235,Nagaraj Rao,24,M,A1,REPEAT-026
6293,4235,Naveen Naidu,49,M,A2,
6294,4235,Ganesh Patil,32,M,A3,
6295,4236,Sunita Patil,48,F,A1,
6296,4236,Girish Poojary,54,M,A2,
6297,4237,Ganesh Gowda,44,M,A1,
6298,4238,Harish Naidu,37,M,A1,REPEAT-015
6299,4238,Rekha Patil,29,F,A2,
6300,4238,Ravi Poojary,49,M,A3,
6301,4239,Yogesh Murthy,44,M,A1,
6302,4239,Ganesh Iyer,43,M,A2,
6303,4240,Manjunath Setty,44,M,A1,REPEAT-016
6304,4241,Nagaraj Kumar,54,M,A1,
6305,4242,Deepa Naik,18,F,A1,
6306,4242,Suresh Bhat,29,M,A2,
6307,4242,Girish Achar,35,M,A3,
6308,4243,Prakash Gowda,33,M,A1,
6309,4243,Ganesh Bhat,54,M,A2,
6310,4243,Yogesh Murthy,22,M,A3,
6311,4244,Santosh Naik,25,M,A1,
6312,4244,Anil Murthy,53,M,A2,
6313,4245,Geeta Shetty,51,F,A1,
6314,4246,Shivaraj Kumar,30,M,A1,REPEAT-024
6315,4247,Lakshmi Murthy,45,F,A1,REPEAT-044
6316,4248,Srinivas Achar,55,M,A1,
6317,4248,Mahesh Reddy,20,M,A2,
6318,4249,Vijay Shetty,21,M,A1,REPEAT-007
6319,4250,Prakash Bhat,25,M,A1,
6320,4250,Kumar Setty,24,M,A2,
6321,4251,Priya Poojary,53,F,A1,
6322,4251,Yogesh Kumar,25,M,A2,
6323,4252,Manjunath Murthy,25,M,A1,REPEAT-025
6324,4252,Harish Patil,50,M,A2,
6325,4252,Prakash Hegde,41,M,A3,
6326,4253,Radha Naidu,45,F,A1,
6327,4254,Basavaraj Iyer,35,M,A1,
6328,4254,Radha Naidu,20,F,A2,
6329,4255,Nagaraj Bhat,37,M,A1,
6330,4256,Pooja Naik,31,F,A1,
6331,4256,Ravi Shetty,29,M,A2,
6332,4257,Yogesh Naidu,24,M,A1,REPEAT-001
6333,4258,Srinivas Reddy,47,M,A1,
6334,4259,Raghu Reddy,50,M,A1,
6335,4260,Sowmya Gowda,34,F,A1,
6336,4261,Kavya Murthy,32,F,A1,
6337,4261,Ganesh Kumar,54,M,A2,
6338,4262,Nandini Kumar,42,F,A1,REPEAT-012
6339,4263,Geeta Naidu,23,F,A1,
6340,4264,Ravi Patil,23,M,A1,
6341,4264,Nandini Shetty,21,F,A2,
6342,4265,Pooja Hegde,33,F,A1,
6343,4266,Vijay Shetty,21,M,A1,REPEAT-007
6344,4267,Harish Naidu,36,M,A1,REPEAT-015
6345,4267,Prakash Shetty,27,M,A2,
6346,4268,Ravi Shetty,43,M,A1,
6347,4269,Sowmya Poojary,27,F,A1,
6348,4270,Shobha Rao,25,F,A1,
6349,4270,Anita Shetty,21,F,A2,
6350,4271,Santosh Naik,23,M,A1,
6351,4272,Nandini Kumar,43,F,A1,REPEAT-012
6352,4273,Manjunath Kumar,23,M,A1,
6353,4274,Naveen Shetty,22,M,A1,
6354,4275,Nagaraj Bhat,36,M,A1,
6355,4275,Kumar Naidu,22,M,A2,
6356,4276,Harish Kumar,31,M,A1,
6357,4276,Prakash Setty,40,M,A2,
6358,4277,Sunita Naik,40,F,A1,
6359,4278,Radha Reddy,44,F,A1,REPEAT-055
6360,4278,Anil Poojary,35,M,A2,
6361,4279,Sunita Patil,47,F,A1,
6362,4279,Anil Naik,47,M,A2,
6363,4280,Harish Naidu,36,M,A1,REPEAT-015
6364,4280,Roopa Reddy,48,F,A2,
6365,4281,Raghu Gowda,22,M,A1,
6366,4282,Naveen Kumar,51,M,A1,
6367,4283,Naveen Murthy,43,M,A1,REPEAT-002
6368,4284,Pooja Naik,25,F,A1,
6369,4285,Kavya Murthy,33,F,A1,
6370,4286,Mahesh Iyer,35,M,A1,
6371,4286,Prakash Murthy,24,M,A2,
6372,4286,Mahesh Hegde,32,M,A3,
6373,4287,Mahesh Kumar,19,M,A1,
6374,4287,Geeta Achar,24,F,A2,
6375,4288,Rekha Murthy,46,F,A1,
6376,4288,Yogesh Naik,40,M,A2,
6377,4289,Suresh Reddy,43,M,A1,
6378,4289,Santosh Achar,19,M,A2,
6379,4290,Lakshmi Naik,22,F,A1,
6380,4291,Prakash Rao,30,M,A1,
6381,4291,Yogesh Kumar,23,M,A2,
6382,4292,Rekha Iyer,48,F,A1,
6383,4293,Santosh Shetty,48,M,A1,
6384,4293,Savitha Murthy,39,F,A2,
6385,4293,Bhagya Naidu,36,F,A3,
6386,4294,Mahesh Shetty,37,M,A1,REPEAT-022
6387,4295,Lakshmi Bhat,46,F,A1,
6388,4296,Santosh Poojary,31,M,A1,
6389,4297,Mahesh Shetty,30,M,A1,
6390,4297,Sunita Achar,21,F,A2,
6391,4297,Kavya Setty,34,F,A3,
6392,4298,Harish Naidu,36,M,A1,REPEAT-015
6393,4299,Radha Poojary,47,F,A1,
6394,4300,Girish Hegde,31,M,A1,
6395,4301,Kumar Setty,38,M,A1,REPEAT-043
6396,4302,Manjunath Poojary,18,M,A1,
6397,4302,Radha Poojary,27,F,A2,
6398,4302,Lakshmi Kumar,34,F,A3,
6399,4303,Girish Patil,37,M,A1,
6400,4303,Shivaraj Shetty,27,M,A2,
6401,4303,Kumar Achar,40,M,A3,
6402,4304,Vijay Patil,40,M,A1,
6403,4305,Manjunath Reddy,29,M,A1,
6404,4305,Girish Naik,47,M,A2,
6405,4306,Chaya Reddy,40,F,A1,
6406,4307,Nagaraj Gowda,53,M,A1,
6407,4307,Yogesh Naik,47,M,A2,
6408,4307,Ramesh Naidu,29,M,A3,
6409,4308,Kumar Hegde,55,M,A1,
6410,4309,Girish Setty,55,M,A1,
6411,4310,Suresh Achar,42,M,A1,
6412,4311,Mahesh Achar,33,M,A1,
6413,4312,Ravi Gowda,28,M,A1,
6414,4312,Mahesh Achar,40,M,A2,
6415,4312,Ganesh Hegde,20,M,A3,
6416,4313,Ravi Gowda,38,M,A1,
6417,4314,Roopa Setty,50,F,A1,
6418,4315,Nagaraj Poojary,41,M,A1,
6419,4316,Vijay Reddy,55,M,A1,
6420,4317,Radha Rao,33,F,A1,REPEAT-059
6421,4317,Prakash Murthy,55,M,A2,
6422,4318,Anil Bhat,41,M,A1,REPEAT-054
6423,4319,Srinivas Rao,46,M,A1,
6424,4319,Raghu Reddy,32,M,A2,
6425,4320,Shwetha Kumar,24,F,A1,
6426,4321,Girish Murthy,35,M,A1,
6427,4322,Girish Iyer,30,M,A1,
6428,4322,Radha Naik,36,F,A2,
6429,4322,Yogesh Iyer,42,M,A3,
6430,4323,Nagaraj Iyer,45,M,A1,
6431,4324,Ramesh Rao,32,M,A1,
6432,4325,Nandini Shetty,33,F,A1,
6433,4326,Vijay Shetty,21,M,A1,REPEAT-007
6434,4327,Sowmya Shetty,42,F,A1,
6435,4327,Nagaraj Hegde,48,M,A2,
6436,4328,Nandini Setty,20,F,A1,
6437,4328,Basavaraj Naik,46,M,A2,
6438,4329,Lakshmi Poojary,31,F,A1,
6439,4330,Anil Murthy,33,M,A1,
6440,4330,Chaya Bhat,32,F,A2,
6441,4331,Srinivas Shetty,26,M,A1,
6442,4332,Srinivas Iyer,21,M,A1,
6443,4333,Santosh Gowda,33,M,A1,
6444,4334,Raghu Kumar,27,M,A1,
6445,4334,Nagaraj Patil,51,M,A2,
6446,4334,Lakshmi Bhat,55,F,A3,
6447,4335,Yogesh Kumar,54,M,A1,
6448,4336,Harish Reddy,44,M,A1,REPEAT-056
6449,4337,Kumar Rao,20,M,A1,
6450,4338,Harish Patil,40,M,A1,REPEAT-053
6451,4339,Basavaraj Patil,30,M,A1,
6452,4340,Lakshmi Bhat,30,F,A1,
6453,4341,Mahesh Shetty,37,M,A1,REPEAT-022
6454,4342,Sunita Hegde,39,F,A1,
6455,4343,Lakshmi Shetty,47,F,A1,
6456,4344,Roopa Rao,35,F,A1,
6457,4344,Santosh Naidu,40,M,A2,
6458,4345,Kumar Rao,25,M,A1,
6459,4345,Ravi Iyer,33,M,A2,
6460,4345,Shobha Naidu,53,F,A3,
6461,4346,Mahesh Murthy,32,M,A1,
6462,4347,Bhagya Reddy,18,F,A1,
6463,4348,Srinivas Rao,35,M,A1,
6464,4349,Anita Murthy,39,F,A1,
6465,4350,Mahesh Kumar,42,M,A1,
6466,4351,Vidya Naidu,20,F,A1,
6467,4352,Lakshmi Murthy,45,F,A1,REPEAT-044
6468,4353,Anita Shetty,28,F,A1,REPEAT-019
6469,4354,Anita Shetty,28,F,A1,REPEAT-019
6470,4355,Yogesh Poojary,44,M,A1,
6471,4356,Anita Patil,24,F,A1,REPEAT-014
6472,4357,Basavaraj Patil,34,M,A1,
6473,4358,Vijay Bhat,41,M,A1,
6474,4359,Radha Setty,36,F,A1,
6475,4359,Girish Murthy,53,M,A2,
6476,4359,Santosh Achar,39,M,A3,
6477,4360,Prakash Naik,41,M,A1,REPEAT-032
6478,4361,Vijay Kumar,43,M,A1,
6479,4361,Harish Naik,55,M,A2,
6480,4362,Santosh Kumar,25,M,A1,
6481,4363,Ravi Bhat,35,M,A1,
6482,4364,Bhagya Patil,44,F,A1,
6483,4364,Ganesh Iyer,51,M,A2,
6484,4365,Girish Rao,44,M,A1,
6485,4366,Shobha Shetty,51,F,A1,
6486,4367,Vijay Shetty,21,M,A1,REPEAT-007
6487,4367,Savitha Patil,50,F,A2,
6488,4367,Mahesh Hegde,38,M,A3,
6489,4368,Savitha Gowda,52,F,A1,
6490,4369,Nagaraj Hegde,43,M,A1,
6491,4370,Mahesh Murthy,24,M,A1,
6492,4370,Santosh Shetty,39,M,A2,
6493,4370,Nagaraj Rao,25,M,A3,
6494,4371,Basavaraj Reddy,43,M,A1,REPEAT-031
6495,4372,Srinivas Setty,21,M,A1,
6496,4372,Vijay Achar,47,M,A2,
6497,4373,Santosh Gowda,22,M,A1,
6498,4373,Suresh Hegde,27,M,A2,
6499,4374,Shwetha Murthy,37,F,A1,
6500,4375,Mahesh Shetty,37,M,A1,REPEAT-022
6501,4375,Raghu Shetty,46,M,A2,
6502,4375,Ganesh Rao,26,M,A3,
6503,4376,Yogesh Murthy,49,M,A1,
6504,4377,Santosh Gowda,43,M,A1,
6505,4378,Radha Reddy,45,F,A1,REPEAT-055
6506,4378,Kavya Naidu,55,F,A2,
6507,4379,Mahesh Murthy,23,M,A1,REPEAT-033
6508,4379,Manjula Rao,30,F,A2,
6509,4380,Manjula Patil,45,F,A1,
6510,4381,Santosh Bhat,24,M,A1,
6511,4382,Harish Achar,34,M,A1,
6512,4383,Manjunath Setty,43,M,A1,REPEAT-016
6513,4384,Naveen Naik,35,M,A1,
6514,4385,Girish Gowda,28,M,A1,
6515,4386,Savitha Iyer,39,F,A1,
6516,4386,Rekha Naik,46,F,A2,
6517,4387,Manjula Bhat,37,F,A1,
6518,4387,Naveen Murthy,21,M,A2,
6519,4388,Harish Naidu,36,M,A1,REPEAT-015
6520,4389,Nagaraj Setty,45,M,A1,REPEAT-003
6521,4389,Yogesh Iyer,46,M,A2,
6522,4390,Nagaraj Naik,48,M,A1,
6523,4390,Prakash Setty,29,M,A2,
6524,4391,Ravi Reddy,29,M,A1,
6525,4392,Suresh Naik,38,M,A1,REPEAT-042
6526,4393,Yogesh Achar,34,M,A1,
6527,4394,Ravi Achar,44,M,A1,
6528,4394,Nandini Kumar,47,F,A2,
6529,4394,Shivaraj Naidu,51,M,A3,
6530,4395,Girish Naidu,19,M,A1,
6531,4395,Nandini Achar,40,F,A2,
6532,4396,Mahesh Poojary,26,M,A1,
6533,4396,Naveen Setty,26,M,A2,
6534,4396,Santosh Patil,36,M,A3,
6535,4397,Naveen Gowda,48,M,A1,
6536,4398,Shivaraj Naik,31,M,A1,
6537,4399,Lakshmi Murthy,44,F,A1,REPEAT-044
6538,4400,Sowmya Reddy,40,F,A1,
6539,4401,Shivaraj Naidu,50,M,A1,
6540,4402,Naveen Murthy,18,M,A1,
6541,4403,Suresh Hegde,18,M,A1,
6542,4404,Kumar Murthy,45,M,A1,REPEAT-048
6543,4405,Shobha Poojary,27,F,A1,
6544,4405,Ganesh Murthy,53,M,A2,
6545,4406,Kumar Reddy,35,M,A1,
6546,4407,Harish Patil,40,M,A1,REPEAT-053
6547,4407,Kavya Murthy,45,F,A2,
6548,4408,Ravi Hegde,39,M,A1,
6549,4408,Manjula Kumar,35,F,A2,
6550,4409,Prakash Shetty,35,M,A1,
6551,4410,Kumar Naidu,30,M,A1,
6552,4410,Savitha Rao,34,F,A2,
6553,4411,Ramesh Naidu,20,M,A1,
6554,4411,Ravi Murthy,47,M,A2,
6555,4412,Shivaraj Naidu,42,M,A1,
6556,4413,Mahesh Shetty,37,M,A1,REPEAT-022
6557,4413,Raghu Reddy,32,M,A2,
6558,4413,Nagaraj Bhat,49,M,A3,
6559,4414,Harish Achar,45,M,A1,REPEAT-057
6560,4415,Vidya Gowda,31,F,A1,
6561,4415,Ganesh Rao,43,M,A2,
6562,4415,Manjula Iyer,22,F,A3,
6563,4416,Manjunath Gowda,24,M,A1,
6564,4417,Shwetha Bhat,27,F,A1,
6565,4418,Manjula Patil,37,F,A1,
6566,4418,Girish Kumar,24,M,A2,
6567,4419,Vidya Poojary,20,F,A1,
6568,4420,Radha Iyer,39,F,A1,
6569,4421,Kumar Kumar,44,M,A1,
6570,4421,Shobha Naidu,47,F,A2,
6571,4422,Shivaraj Setty,53,M,A1,
6572,4422,Nandini Reddy,52,F,A2,
6573,4423,Harish Achar,40,M,A1,
6574,4423,Roopa Hegde,29,F,A2,
6575,4424,Vijay Shetty,30,M,A1,
6576,4425,Ganesh Shetty,21,M,A1,
6577,4425,Girish Rao,54,M,A2,
6578,4426,Manjunath Hegde,21,M,A1,
6579,4427,Srinivas Setty,47,M,A1,
6580,4427,Naveen Iyer,43,M,A2,
6581,4428,Shobha Shetty,31,F,A1,REPEAT-017
6582,4429,Shivaraj Kumar,29,M,A1,REPEAT-024
6583,4429,Vijay Naidu,52,M,A2,
6584,4430,Anita Shetty,38,F,A1,
6585,4431,Vijay Hegde,39,M,A1,
6586,4432,Naveen Patil,54,M,A1,
6587,4433,Ganesh Setty,27,M,A1,
6588,4433,Vijay Poojary,22,M,A2,
6589,4434,Sunita Murthy,48,F,A1,
6590,4434,Mahesh Hegde,18,M,A2,
6591,4434,Srinivas Setty,44,M,A3,
6592,4435,Ravi Patil,36,M,A1,
6593,4436,Kumar Naik,54,M,A1,
6594,4436,Pooja Iyer,45,F,A2,
6595,4437,Nagaraj Gowda,24,M,A1,
6596,4438,Vidya Naik,32,F,A1,
6597,4438,Nandini Reddy,54,F,A2,
6598,4438,Shivaraj Achar,50,M,A3,
6599,4439,Basavaraj Gowda,30,M,A1,
6600,4440,Sowmya Kumar,45,F,A1,
6601,4441,Sowmya Reddy,28,F,A1,
6602,4441,Yogesh Bhat,47,M,A2,
6603,4441,Shivaraj Shetty,37,M,A3,
6604,4442,Yogesh Naidu,24,M,A1,REPEAT-001
6605,4442,Anita Reddy,54,F,A2,
6606,4443,Manjunath Murthy,26,M,A1,REPEAT-025
6607,4443,Prakash Iyer,49,M,A2,
6608,4444,Basavaraj Gowda,18,M,A1,
6609,4444,Raghu Shetty,25,M,A2,
6610,4445,Mahesh Naik,19,M,A1,
6611,4446,Roopa Hegde,22,F,A1,
6612,4447,Srinivas Naidu,23,M,A1,
6613,4448,Naveen Murthy,44,M,A1,REPEAT-002
6614,4448,Srinivas Gowda,41,M,A2,
6615,4448,Manjunath Naidu,54,M,A3,
6616,4449,Basavaraj Naidu,26,M,A1,
6617,4450,Harish Naidu,37,M,A1,REPEAT-015
6618,4451,Srinivas Naidu,38,M,A1,REPEAT-049
6619,4452,Nagaraj Shetty,54,M,A1,
6620,4452,Ganesh Bhat,38,M,A2,
6621,4453,Naveen Setty,33,M,A1,REPEAT-036
6622,4454,Prakash Rao,51,M,A1,
6623,4454,Suresh Murthy,42,M,A2,
6624,4454,Bhagya Naik,34,F,A3,
6625,4455,Kumar Naik,24,M,A1,
6626,4456,Suresh Setty,31,M,A1,
6627,4457,Nandini Kumar,18,F,A1,
6628,4458,Rekha Gowda,24,F,A1,
6629,4458,Raghu Kumar,28,M,A2,
6630,4459,Vidya Murthy,40,F,A1,
6631,4459,Harish Shetty,41,M,A2,
6632,4460,Ganesh Bhat,22,M,A1,
6633,4460,Shivaraj Kumar,21,M,A2,
6634,4460,Girish Setty,27,M,A3,
6635,4461,Mahesh Shetty,38,M,A1,REPEAT-022
6636,4461,Santosh Reddy,43,M,A2,
6637,4462,Mahesh Setty,27,M,A1,
6638,4462,Chaya Kumar,29,F,A2,
6639,4462,Santosh Murthy,33,M,A3,
6640,4463,Basavaraj Rao,50,M,A1,
6641,4464,Yogesh Naidu,24,M,A1,REPEAT-001
6642,4465,Nagaraj Setty,46,M,A1,REPEAT-003
6643,4465,Vidya Reddy,19,F,A2,
6644,4465,Suresh Hegde,49,M,A3,
6645,4466,Anil Naidu,25,M,A1,
6646,4467,Harish Achar,46,M,A1,REPEAT-057
6647,4467,Lakshmi Hegde,36,F,A2,
6648,4468,Nandini Kumar,46,F,A1,
6649,4468,Kumar Gowda,41,M,A2,
6650,4469,Basavaraj Iyer,36,M,A1,
6651,4470,Mahesh Gowda,38,M,A1,
6652,4471,Raghu Murthy,53,M,A1,
6653,4472,Harish Kumar,18,M,A1,
6654,4473,Anil Gowda,20,M,A1,REPEAT-052
6655,4474,Anil Achar,36,M,A1,
6656,4474,Kumar Murthy,40,M,A2,
6657,4474,Chaya Rao,51,F,A3,
6658,4475,Chaya Gowda,23,F,A1,
6659,4476,Mahesh Rao,39,M,A1,
6660,4477,Harish Bhat,29,M,A1,
6661,4478,Santosh Gowda,35,M,A1,
6662,4478,Ravi Gowda,23,M,A2,
6663,4479,Mahesh Patil,40,M,A1,
6664,4480,Chaya Naidu,55,F,A1,
6665,4481,Anita Setty,38,F,A1,
6666,4482,Radha Reddy,45,F,A1,REPEAT-055
6667,4483,Radha Rao,38,F,A1,
6668,4484,Anil Achar,28,M,A1,
6669,4484,Lakshmi Setty,45,F,A2,
6670,4485,Ramesh Poojary,18,M,A1,
6671,4485,Priya Gowda,26,F,A2,
6672,4486,Manjula Shetty,27,F,A1,
6673,4486,Girish Achar,20,M,A2,
6674,4487,Yogesh Murthy,55,M,A1,
6675,4488,Ramesh Patil,42,M,A1,
6676,4489,Manjunath Gowda,26,M,A1,
6677,4489,Ganesh Murthy,18,M,A2,
6678,4490,Vijay Bhat,51,M,A1,
6679,4490,Mahesh Naik,37,M,A2,
6680,4491,Basavaraj Kumar,55,M,A1,
6681,4491,Harish Naik,32,M,A2,
6682,4491,Anil Naik,31,M,A3,
6683,4492,Manjunath Bhat,33,M,A1,REPEAT-030
6684,4492,Ravi Iyer,31,M,A2,
6685,4493,Shivaraj Naik,51,M,A1,
6686,4494,Naveen Iyer,47,M,A1,
6687,4495,Nagaraj Naidu,36,M,A1,REPEAT-035
6688,4496,Chaya Setty,26,F,A1,
6689,4496,Basavaraj Naidu,53,M,A2,
6690,4497,Suresh Hegde,44,M,A1,
6691,4498,Ravi Gowda,35,M,A1,
6692,4498,Radha Kumar,22,F,A2,
6693,4499,Radha Naik,53,F,A1,
6694,4500,Pooja Murthy,54,F,A1,
6695,4501,Sunita Rao,45,F,A1,
6696,4501,Rekha Naidu,25,F,A2,
6697,4501,Manjunath Achar,18,M,A3,
6698,4502,Mahesh Shetty,37,M,A1,REPEAT-022
6699,4502,Manjunath Bhat,53,M,A2,
6700,4502,Kumar Kumar,53,M,A3,
6701,4503,Bhagya Poojary,34,F,A1,
6702,4503,Yogesh Achar,37,M,A2,
6703,4503,Prakash Achar,31,M,A3,
6704,4504,Shwetha Naidu,25,F,A1,
6705,4504,Santosh Murthy,27,M,A2,
6706,4505,Bhagya Hegde,40,F,A1,
6707,4505,Raghu Patil,24,M,A2,
6708,4505,Bhagya Poojary,39,F,A3,
6709,4506,Shwetha Murthy,54,F,A1,
6710,4507,Mahesh Naik,54,M,A1,
6711,4507,Vidya Iyer,25,F,A2,
6712,4507,Basavaraj Achar,45,M,A3,
6713,4508,Mahesh Setty,45,M,A1,
6714,4509,Yogesh Naidu,24,M,A1,REPEAT-001
6715,4510,Suresh Reddy,18,M,A1,
6716,4511,Basavaraj Shetty,40,M,A1,REPEAT-023
6717,4511,Srinivas Patil,41,M,A2,
6718,4511,Girish Kumar,54,M,A3,
6719,4512,Santosh Reddy,43,M,A1,
6720,4513,Chaya Murthy,35,F,A1,
6721,4514,Suresh Naik,38,M,A1,REPEAT-042
6722,4514,Nagaraj Poojary,20,M,A2,
6723,4514,Rekha Rao,53,F,A3,
6724,4515,Basavaraj Poojary,36,M,A1,
6725,4516,Mahesh Rao,20,M,A1,
6726,4516,Yogesh Naidu,51,M,A2,
6727,4517,Mahesh Kumar,25,M,A1,
6728,4518,Vidya Reddy,37,F,A1,
6729,4518,Nagaraj Murthy,21,M,A2,
6730,4519,Vijay Iyer,52,M,A1,
6731,4520,Shobha Shetty,32,F,A1,REPEAT-017
6732,4520,Pooja Murthy,46,F,A2,
6733,4520,Shivaraj Naik,19,M,A3,
6734,4521,Vijay Setty,22,M,A1,
6735,4522,Prakash Iyer,52,M,A1,
6736,4523,Geeta Iyer,24,F,A1,
6737,4524,Girish Murthy,26,M,A1,
6738,4525,Shivaraj Kumar,35,M,A1,
6739,4525,Ravi Gowda,53,M,A2,
6740,4526,Ravi Bhat,55,M,A1,
6741,4526,Shivaraj Gowda,44,M,A2,
6742,4527,Lakshmi Iyer,19,F,A1,
6743,4528,Santosh Iyer,33,M,A1,
6744,4528,Vijay Rao,24,M,A2,
6745,4529,Prakash Naidu,37,M,A1,
6746,4529,Shivaraj Patil,36,M,A2,
6747,4530,Ravi Kumar,23,M,A1,
6748,4530,Ramesh Hegde,52,M,A2,
6749,4530,Harish Patil,52,M,A3,
6750,4531,Harish Setty,27,M,A1,
6751,4532,Basavaraj Bhat,35,M,A1,
6752,4533,Ramesh Achar,36,M,A1,
6753,4534,Ramesh Iyer,26,M,A1,
6754,4534,Geeta Gowda,22,F,A2,
6755,4534,Manjula Gowda,55,F,A3,
6756,4535,Prakash Shetty,35,M,A1,
6757,4535,Ravi Bhat,29,M,A2,
6758,4536,Anil Bhat,41,M,A1,REPEAT-054
6759,4536,Geeta Setty,42,F,A2,
6760,4537,Ramesh Hegde,33,M,A1,
6761,4538,Sowmya Shetty,26,F,A1,
6762,4538,Kumar Murthy,55,M,A2,
6763,4539,Anita Shetty,28,F,A1,REPEAT-019
6764,4539,Srinivas Naik,49,M,A2,
6765,4540,Anita Shetty,28,F,A1,REPEAT-019
6766,4540,Harish Iyer,46,M,A2,
6767,4541,Naveen Naik,23,M,A1,
6768,4541,Vidya Shetty,31,F,A2,
6769,4542,Shivaraj Patil,50,M,A1,
6770,4543,Harish Patil,21,M,A1,
6771,4544,Harish Achar,45,M,A1,REPEAT-057
6772,4545,Basavaraj Iyer,50,M,A1,
6773,4546,Mahesh Shetty,38,M,A1,REPEAT-022
6774,4547,Raghu Reddy,52,M,A1,
6775,4548,Srinivas Naidu,47,M,A1,
6776,4548,Anil Shetty,36,M,A2,
6777,4549,Basavaraj Reddy,42,M,A1,REPEAT-031
6778,4549,Vidya Iyer,44,F,A2,
6779,4550,Manjunath Bhat,32,M,A1,REPEAT-030
6780,4550,Raghu Kumar,25,M,A2,
6781,4551,Lakshmi Murthy,45,F,A1,REPEAT-044
6782,4552,Anil Iyer,34,M,A1,
6783,4553,Shwetha Naik,27,F,A1,
6784,4553,Yogesh Patil,22,M,A2,
6785,4554,Harish Naik,52,M,A1,
6786,4555,Ganesh Gowda,20,M,A1,REPEAT-020
6787,4555,Raghu Naik,54,M,A2,
6788,4556,Lakshmi Murthy,45,F,A1,REPEAT-044
6789,4556,Basavaraj Shetty,35,M,A2,
6790,4557,Naveen Murthy,54,M,A1,
6791,4557,Vidya Naik,19,F,A2,
6792,4558,Manjunath Patil,33,M,A1,
6793,4559,Rekha Bhat,42,F,A1,REPEAT-047
6794,4559,Suresh Patil,52,M,A2,
6795,4560,Santosh Achar,20,M,A1,
6796,4560,Yogesh Hegde,26,M,A2,
6797,4561,Chaya Rao,37,F,A1,
6798,4561,Shobha Gowda,25,F,A2,
6799,4562,Vidya Hegde,19,F,A1,REPEAT-041
6800,4563,Sowmya Naik,24,F,A1,
6801,4563,Nandini Patil,34,F,A2,
6802,4564,Shivaraj Kumar,20,M,A1,
6803,4564,Vijay Iyer,47,M,A2,
6804,4565,Pooja Hegde,26,F,A1,
6805,4565,Naveen Achar,50,M,A2,
6806,4565,Yogesh Shetty,33,M,A3,
6807,4566,Ravi Kumar,43,M,A1,
6808,4566,Raghu Bhat,55,M,A2,
6809,4566,Radha Poojary,26,F,A3,
6810,4567,Anil Hegde,23,M,A1,
6811,4568,Ravi Hegde,31,M,A1,
6812,4569,Mahesh Kumar,48,M,A1,
6813,4569,Roopa Patil,43,F,A2,
6814,4570,Shivaraj Achar,54,M,A1,
6815,4570,Bhagya Bhat,31,F,A2,
6816,4571,Girish Setty,29,M,A1,
6817,4572,Kumar Rao,44,M,A1,REPEAT-018
6818,4573,Prakash Gowda,28,M,A1,
6819,4574,Shobha Reddy,48,F,A1,
6820,4574,Radha Bhat,39,F,A2,
6821,4575,Yogesh Kumar,45,M,A1,REPEAT-050
6822,4576,Suresh Bhat,24,M,A1,
6823,4577,Ravi Naidu,20,M,A1,
6824,4577,Srinivas Shetty,20,M,A2,
6825,4578,Santosh Hegde,36,M,A1,
6826,4579,Basavaraj Shetty,40,M,A1,REPEAT-023
6827,4580,Harish Naidu,36,M,A1,REPEAT-015
6828,4581,Ramesh Kumar,22,M,A1,
6829,4582,Ravi Reddy,20,M,A1,
6830,4583,Ramesh Iyer,18,M,A1,
6831,4584,Raghu Gowda,34,M,A1,
6832,4585,Deepa Iyer,54,F,A1,
6833,4585,Mahesh Kumar,54,M,A2,
6834,4586,Santosh Gowda,25,M,A1,
6835,4587,Shivaraj Rao,33,M,A1,
6836,4588,Ganesh Gowda,20,M,A1,REPEAT-020
6837,4589,Sunita Kumar,41,F,A1,
6838,4590,Santosh Iyer,48,M,A1,
6839,4591,Kumar Shetty,48,M,A1,
6840,4591,Lakshmi Shetty,37,F,A2,
6841,4592,Raghu Shetty,23,M,A1,
6842,4593,Nagaraj Setty,45,M,A1,REPEAT-003
6843,4594,Lakshmi Murthy,45,F,A1,REPEAT-044
6844,4594,Manjunath Poojary,47,M,A2,
6845,4595,Raghu Murthy,19,M,A1,
6846,4595,Lakshmi Kumar,33,F,A2,
6847,4596,Savitha Achar,52,F,A1,
6848,4597,Suresh Hegde,26,M,A1,
6849,4597,Prakash Murthy,20,M,A2,
6850,4598,Shivaraj Naik,23,M,A1,
6851,4599,Sunita Murthy,53,F,A1,
6852,4599,Basavaraj Poojary,51,M,A2,
6853,4600,Sowmya Naik,37,F,A1,
6854,4601,Geeta Rao,48,F,A1,
6855,4602,Raghu Poojary,41,M,A1,
6856,4603,Yogesh Kumar,55,M,A1,
6857,4604,Naveen Poojary,55,M,A1,
6858,4604,Ganesh Reddy,40,M,A2,
6859,4604,Shobha Iyer,36,F,A3,
6860,4605,Shobha Iyer,46,F,A1,
6861,4606,Shivaraj Iyer,45,M,A1,
6862,4606,Lakshmi Setty,30,F,A2,
6863,4607,Radha Shetty,26,F,A1,
6864,4608,Santosh Achar,40,M,A1,
6865,4608,Ramesh Gowda,33,M,A2,
6866,4609,Santosh Bhat,41,M,A1,
6867,4610,Shobha Kumar,55,F,A1,
6868,4611,Yogesh Patil,21,M,A1,
6869,4612,Nagaraj Reddy,44,M,A1,
6870,4612,Pooja Shetty,36,F,A2,
6871,4613,Lakshmi Murthy,44,F,A1,REPEAT-044
6872,4613,Shivaraj Poojary,34,M,A2,
6873,4614,Manjunath Iyer,47,M,A1,
6874,4614,Nagaraj Poojary,21,M,A2,
6875,4615,Sunita Naik,49,F,A1,
6876,4615,Naveen Kumar,44,M,A2,
6877,4616,Geeta Kumar,47,F,A1,
6878,4617,Shwetha Iyer,33,F,A1,
6879,4618,Suresh Bhat,18,M,A1,
6880,4619,Ramesh Naidu,46,M,A1,
6881,4620,Shobha Gowda,46,F,A1,
6882,4621,Manjunath Reddy,25,M,A1,
6883,4622,Suresh Setty,31,M,A1,REPEAT-034
6884,4622,Pooja Hegde,37,F,A2,
6885,4623,Srinivas Naidu,38,M,A1,REPEAT-049
6886,4624,Bhagya Kumar,23,F,A1,
6887,4625,Naveen Kumar,22,M,A1,
6888,4625,Kavya Rao,22,F,A2,
6889,4626,Ganesh Gowda,20,M,A1,REPEAT-020
6890,4626,Lakshmi Rao,54,F,A2,
6891,4627,Anita Naidu,22,F,A1,
6892,4628,Nagaraj Iyer,33,M,A1,
6893,4629,Radha Patil,21,F,A1,
6894,4630,Raghu Reddy,19,M,A1,
6895,4630,Sunita Rao,45,F,A2,
6896,4630,Srinivas Achar,18,M,A3,
6897,4631,Anil Patil,32,M,A1,
6898,4632,Chaya Poojary,31,F,A1,
6899,4633,Suresh Naik,39,M,A1,REPEAT-042
6900,4633,Santosh Hegde,50,M,A2,
6901,4634,Ganesh Poojary,44,M,A1,
6902,4635,Naveen Murthy,44,M,A1,REPEAT-002
6903,4636,Manjunath Poojary,35,M,A1,REPEAT-004
6904,4636,Roopa Naik,18,F,A2,
6905,4637,Santosh Rao,40,M,A1,REPEAT-027
6906,4638,Yogesh Setty,53,M,A1,
6907,4639,Raghu Bhat,50,M,A1,
6908,4640,Vijay Shetty,21,M,A1,REPEAT-007
6909,4641,Naveen Murthy,43,M,A1,REPEAT-002
6910,4642,Srinivas Naidu,37,M,A1,REPEAT-049
6911,4643,Girish Naidu,33,M,A1,
6912,4643,Santosh Reddy,18,M,A2,
6913,4644,Naveen Murthy,27,M,A1,
6914,4644,Kumar Setty,28,M,A2,
6915,4645,Srinivas Hegde,31,M,A1,REPEAT-046
6916,4645,Shwetha Hegde,41,F,A2,
6917,4646,Manjunath Setty,43,M,A1,REPEAT-016
6918,4646,Rekha Setty,32,F,A2,
6919,4646,Suresh Reddy,40,M,A3,
6920,4647,Girish Kumar,40,M,A1,
6921,4648,Nagaraj Patil,21,M,A1,
6922,4648,Suresh Murthy,54,M,A2,
6923,4648,Shivaraj Bhat,53,M,A3,
6924,4649,Ganesh Murthy,22,M,A1,
6925,4650,Rekha Achar,38,F,A1,
6926,4651,Vijay Rao,27,M,A1,
6927,4652,Yogesh Hegde,30,M,A1,
6928,4653,Naveen Setty,33,M,A1,REPEAT-036
6929,4654,Savitha Patil,21,F,A1,
6930,4655,Ravi Shetty,50,M,A1,
6931,4656,Harish Achar,46,M,A1,REPEAT-057
6932,4656,Harish Iyer,44,M,A2,
6933,4657,Suresh Shetty,23,M,A1,
6934,4657,Pooja Naik,33,F,A2,
6935,4658,Nandini Shetty,22,F,A1,REPEAT-011
6936,4659,Kumar Naidu,29,M,A1,
6937,4659,Yogesh Poojary,42,M,A2,
6938,4660,Prakash Iyer,46,M,A1,
6939,4660,Santosh Murthy,46,M,A2,
6940,4661,Chaya Shetty,24,F,A1,
6941,4662,Savitha Patil,23,F,A1,
6942,4663,Suresh Bhat,55,M,A1,
6943,4664,Manjunath Murthy,25,M,A1,REPEAT-025
6944,4665,Kavya Patil,37,F,A1,
6945,4665,Shivaraj Patil,35,M,A2,
6946,4665,Srinivas Bhat,39,M,A3,
6947,4666,Santosh Reddy,38,M,A1,
6948,4667,Raghu Naidu,39,M,A1,
6949,4668,Naveen Murthy,43,M,A1,REPEAT-002
6950,4669,Girish Setty,42,M,A1,
6951,4669,Shwetha Kumar,36,F,A2,
6952,4670,Shwetha Shetty,52,F,A1,
6953,4671,Girish Achar,52,M,A1,
6954,4672,Nandini Hegde,31,F,A1,
6955,4672,Naveen Poojary,47,M,A2,
6956,4672,Suresh Poojary,55,M,A3,
6957,4673,Sunita Hegde,44,F,A1,
6958,4673,Prakash Patil,55,M,A2,
6959,4674,Nandini Poojary,27,F,A1,
6960,4675,Vidya Bhat,29,F,A1,
6961,4675,Naveen Achar,29,M,A2,
6962,4676,Vijay Poojary,34,M,A1,
6963,4677,Manjula Patil,50,F,A1,
6964,4677,Naveen Kumar,24,M,A2,
6965,4677,Shobha Gowda,46,F,A3,
6966,4678,Mahesh Shetty,37,M,A1,REPEAT-022
6967,4679,Prakash Setty,49,M,A1,
6968,4680,Kumar Naik,35,M,A1,
6969,4681,Anil Setty,31,M,A1,
6970,4682,Srinivas Patil,51,M,A1,
6971,4682,Naveen Gowda,18,M,A2,
6972,4683,Nagaraj Achar,31,M,A1,
6973,4683,Ravi Patil,30,M,A2,
6974,4684,Manjunath Bhat,33,M,A1,REPEAT-030
6975,4684,Kavya Murthy,24,F,A2,
6976,4685,Yogesh Setty,29,M,A1,
6977,4686,Mahesh Murthy,24,M,A1,REPEAT-033
6978,4686,Manjunath Poojary,51,M,A2,
6979,4687,Santosh Naidu,27,M,A1,
6980,4687,Santosh Achar,49,M,A2,
6981,4687,Vijay Achar,46,M,A3,
6982,4688,Santosh Kumar,46,M,A1,
6983,4689,Ganesh Gowda,20,M,A1,REPEAT-020
6984,4690,Vijay Shetty,21,M,A1,REPEAT-007
6985,4691,Basavaraj Murthy,51,M,A1,
6986,4692,Basavaraj Setty,38,M,A1,
6987,4692,Suresh Kumar,22,M,A2,
6988,4693,Raghu Naik,39,M,A1,
6989,4694,Ganesh Naidu,48,M,A1,
6990,4694,Pooja Kumar,35,F,A2,
6991,4695,Vijay Naik,54,M,A1,
6992,4696,Anil Bhat,43,M,A1,
6993,4697,Bhagya Hegde,49,F,A1,
6994,4697,Geeta Naik,24,F,A2,
6995,4698,Basavaraj Achar,23,M,A1,
6996,4698,Anil Poojary,35,M,A2,
6997,4698,Lakshmi Achar,41,F,A3,
6998,4699,Sowmya Poojary,54,F,A1,
6999,4699,Sunita Hegde,19,F,A2,
7000,4699,Pooja Poojary,26,F,A3,
7001,4700,Basavaraj Reddy,43,M,A1,REPEAT-031
7002,4701,Rekha Poojary,41,F,A1,
7003,4701,Yogesh Achar,41,M,A2,
7004,4701,Harish Achar,22,M,A3,
7005,4702,Kumar Shetty,43,M,A1,
7006,4702,Nagaraj Bhat,43,M,A2,
7007,4703,Kumar Setty,31,M,A1,
7008,4704,Yogesh Naidu,24,M,A1,REPEAT-001
7009,4704,Girish Rao,27,M,A2,
7010,4705,Naveen Naidu,23,M,A1,
7011,4706,Harish Achar,46,M,A1,REPEAT-057
7012,4707,Anita Bhat,53,F,A1,
7013,4708,Roopa Murthy,52,F,A1,
7014,4709,Shobha Shetty,31,F,A1,REPEAT-017
7015,4709,Ravi Setty,20,M,A2,
7016,4710,Srinivas Naidu,40,M,A1,REPEAT-037
7017,4711,Mahesh Shetty,37,M,A1,REPEAT-022
7018,4711,Vijay Setty,37,M,A2,
7019,4712,Pooja Achar,18,F,A1,
7020,4712,Srinivas Poojary,23,M,A2,
7021,4713,Kumar Achar,42,M,A1,
7022,4714,Yogesh Rao,20,M,A1,
7023,4715,Kumar Kumar,47,M,A1,
7024,4715,Shivaraj Patil,52,M,A2,
7025,4716,Shivaraj Kumar,30,M,A1,REPEAT-024
7026,4717,Anil Achar,25,M,A1,
7027,4718,Manjula Rao,38,F,A1,
7028,4718,Harish Patil,48,M,A2,
7029,4719,Suresh Setty,21,M,A1,
7030,4720,Harish Reddy,28,M,A1,
7031,4720,Lakshmi Naik,51,F,A2,
7032,4721,Deepa Patil,19,F,A1,
7033,4722,Ravi Naidu,37,M,A1,
7034,4722,Mahesh Shetty,52,M,A2,
7035,4723,Harish Patil,40,M,A1,REPEAT-053
7036,4724,Srinivas Hegde,31,M,A1,REPEAT-046
7037,4724,Srinivas Hegde,41,M,A2,
7038,4725,Shobha Naidu,47,F,A1,
7039,4726,Nagaraj Naidu,36,M,A1,REPEAT-035
7040,4726,Deepa Hegde,41,F,A2,
7041,4727,Naveen Setty,32,M,A1,REPEAT-036
7042,4728,Anil Shetty,43,M,A1,
7043,4729,Nagaraj Kumar,46,M,A1,
7044,4729,Kumar Gowda,51,M,A2,
7045,4729,Manjunath Reddy,19,M,A3,
7046,4730,Anil Shetty,27,M,A1,
7047,4730,Yogesh Setty,52,M,A2,
7048,4731,Harish Naik,47,M,A1,
7049,4731,Shobha Achar,24,F,A2,
7050,4732,Raghu Hegde,37,M,A1,
7051,4733,Radha Reddy,44,F,A1,REPEAT-055
7052,4733,Santosh Iyer,53,M,A2,
7053,4734,Lakshmi Achar,29,F,A1,
7054,4735,Vidya Naik,43,F,A1,
7055,4735,Raghu Bhat,49,M,A2,
7056,4736,Srinivas Naidu,37,M,A1,REPEAT-049
7057,4736,Prakash Poojary,49,M,A2,
7058,4736,Sunita Poojary,37,F,A3,
7059,4737,Manjunath Rao,20,M,A1,
7060,4737,Anil Achar,29,M,A2,
7061,4737,Santosh Poojary,27,M,A3,
7062,4738,Srinivas Rao,29,M,A1,
7063,4739,Prakash Naidu,25,M,A1,
7064,4739,Bhagya Gowda,52,F,A2,
7065,4739,Harish Naik,50,M,A3,
7066,4740,Anil Achar,49,M,A1,
7067,4741,Priya Naidu,41,F,A1,
7068,4741,Anita Bhat,29,F,A2,
7069,4742,Ramesh Kumar,27,M,A1,
7070,4742,Geeta Poojary,42,F,A2,
7071,4743,Suresh Murthy,27,M,A1,
7072,4744,Anil Naidu,48,M,A1,
7073,4745,Naveen Murthy,44,M,A1,REPEAT-002
7074,4746,Deepa Poojary,24,F,A1,
7075,4746,Ganesh Rao,36,M,A2,
7076,4747,Basavaraj Patil,27,M,A1,
7077,4747,Kavya Gowda,37,F,A2,
7078,4748,Ganesh Hegde,36,M,A1,REPEAT-060
7079,4748,Yogesh Iyer,34,M,A2,
7080,4749,Girish Patil,26,M,A1,
7081,4750,Sowmya Shetty,28,F,A1,
7082,4750,Raghu Achar,48,M,A2,
7083,4751,Radha Poojary,34,F,A1,
7084,4752,Raghu Bhat,38,M,A1,
7085,4753,Roopa Rao,23,F,A1,
7086,4754,Radha Reddy,44,F,A1,REPEAT-055
7087,4755,Girish Naik,49,M,A1,
7088,4755,Rekha Shetty,21,F,A2,
7089,4756,Harish Gowda,27,M,A1,
7090,4756,Vijay Setty,34,M,A2,
7091,4757,Naveen Murthy,43,M,A1,REPEAT-002
7092,4757,Bhagya Setty,40,F,A2,
7093,4758,Bhagya Rao,43,F,A1,REPEAT-058
7094,4759,Rekha Naidu,24,F,A1,
7095,4759,Shivaraj Gowda,32,M,A2,
7096,4759,Kavya Shetty,19,F,A3,
7097,4760,Yogesh Setty,19,M,A1,
7098,4761,Santosh Poojary,47,M,A1,
7099,4762,Kavya Kumar,21,F,A1,
7100,4762,Srinivas Naidu,31,M,A2,
7101,4762,Ramesh Patil,38,M,A3,
7102,4763,Basavaraj Achar,18,M,A1,
7103,4763,Lakshmi Murthy,19,F,A2,
7104,4764,Nandini Naik,31,F,A1,
7105,4764,Ganesh Rao,22,M,A2,
7106,4764,Srinivas Setty,32,M,A3,
7107,4765,Bhagya Achar,49,F,A1,
7108,4766,Shivaraj Kumar,29,M,A1,REPEAT-024
7109,4767,Yogesh Naidu,25,M,A1,REPEAT-001
7110,4768,Yogesh Hegde,52,M,A1,
7111,4768,Savitha Bhat,37,F,A2,
7112,4769,Shobha Iyer,25,F,A1,
7113,4769,Ganesh Reddy,20,M,A2,
7114,4770,Mahesh Shetty,37,M,A1,REPEAT-022
7115,4771,Shivaraj Setty,26,M,A1,
7116,4772,Ravi Iyer,23,M,A1,
7117,4772,Manjunath Bhat,19,M,A2,
7118,4773,Raghu Naidu,39,M,A1,
7119,4774,Mahesh Gowda,36,M,A1,
7120,4774,Radha Naidu,22,F,A2,
7121,4774,Ganesh Achar,36,M,A3,
7122,4775,Shobha Shetty,32,F,A1,REPEAT-017
7123,4775,Ramesh Shetty,21,M,A2,
7124,4776,Mahesh Setty,40,M,A1,
7125,4777,Priya Murthy,23,F,A1,REPEAT-010
7126,4778,Srinivas Naidu,37,M,A1,REPEAT-049
7127,4779,Nandini Kumar,42,F,A1,REPEAT-012
7128,4779,Naveen Naidu,27,M,A2,
7129,4780,Kumar Rao,45,M,A1,REPEAT-018
7130,4781,Girish Reddy,55,M,A1,
7131,4782,Santosh Rao,41,M,A1,REPEAT-027
7132,4783,Harish Patil,39,M,A1,REPEAT-053
7133,4783,Lakshmi Gowda,39,F,A2,
7134,4784,Ravi Achar,45,M,A1,
7135,4785,Mahesh Murthy,23,M,A1,REPEAT-033
7136,4786,Raghu Achar,44,M,A1,
7137,4787,Prakash Murthy,55,M,A1,
7138,4787,Deepa Murthy,40,F,A2,
7139,4788,Suresh Naik,39,M,A1,REPEAT-042
7140,4789,Mahesh Shetty,38,M,A1,REPEAT-022
7141,4790,Vijay Gowda,46,M,A1,
7142,4790,Anil Hegde,27,M,A2,
7143,4791,Anil Hegde,37,M,A1,
7144,4791,Prakash Setty,45,M,A2,
7145,4792,Santosh Iyer,44,M,A1,
7146,4792,Srinivas Naik,32,M,A2,
7147,4793,Prakash Reddy,44,M,A1,
7148,4793,Girish Patil,40,M,A2,
7149,4794,Sunita Poojary,21,F,A1,
7150,4794,Sowmya Murthy,41,F,A2,
7151,4795,Pooja Poojary,18,F,A1,
7152,4796,Priya Bhat,46,F,A1,
7153,4797,Naveen Setty,32,M,A1,REPEAT-036
7154,4798,Anita Achar,55,F,A1,
7155,4799,Suresh Naik,38,M,A1,REPEAT-042
7156,4800,Nagaraj Patil,31,M,A1,
7157,4801,Vidya Reddy,25,F,A1,
7158,4802,Mahesh Achar,23,M,A1,
7159,4803,Kavya Rao,22,F,A1,
7160,4804,Nandini Rao,35,F,A1,
7161,4804,Kavya Iyer,26,F,A2,
7162,4805,Harish Murthy,26,M,A1,
7163,4806,Harish Naidu,36,M,A1,REPEAT-015
7164,4807,Priya Reddy,49,F,A1,
7165,4807,Manjunath Gowda,37,M,A2,
7166,4808,Nagaraj Gowda,51,M,A1,
7167,4809,Shobha Shetty,43,F,A1,
7168,4810,Shivaraj Kumar,29,M,A1,REPEAT-024
7169,4811,Shobha Naidu,40,F,A1,
7170,4811,Bhagya Murthy,52,F,A2,
7171,4812,Prakash Shetty,19,M,A1,
7172,4813,Suresh Bhat,45,M,A1,
7173,4814,Savitha Rao,48,F,A1,
7174,4815,Anita Patil,24,F,A1,REPEAT-014
7175,4816,Bhagya Iyer,48,F,A1,
7176,4816,Manjula Gowda,27,F,A2,
7177,4816,Anil Achar,32,M,A3,
7178,4817,Ramesh Gowda,30,M,A1,
7179,4817,Shivaraj Bhat,52,M,A2,
7180,4817,Harish Shetty,20,M,A3,
7181,4818,Naveen Setty,55,M,A1,
7182,4818,Vijay Achar,25,M,A2,
7183,4818,Yogesh Murthy,33,M,A3,
7184,4819,Bhagya Murthy,39,F,A1,
7185,4819,Prakash Murthy,43,M,A2,
7186,4820,Naveen Bhat,22,M,A1,
7187,4820,Lakshmi Reddy,48,F,A2,
7188,4821,Ganesh Hegde,20,M,A1,
7189,4821,Nagaraj Poojary,19,M,A2,
7190,4822,Ravi Gowda,50,M,A1,
7191,4823,Naveen Naidu,51,M,A1,
7192,4823,Savitha Kumar,40,F,A2,
7193,4823,Manjula Iyer,33,F,A3,
7194,4824,Mahesh Bhat,49,M,A1,
7195,4825,Chaya Bhat,41,F,A1,
7196,4825,Santosh Murthy,41,M,A2,
7197,4826,Chaya Patil,49,F,A1,
7198,4827,Pooja Naidu,35,F,A1,
7199,4828,Srinivas Hegde,32,M,A1,REPEAT-046
7200,4829,Rekha Poojary,26,F,A1,
7201,4830,Suresh Achar,42,M,A1,
7202,4831,Priya Setty,34,F,A1,
7203,4832,Radha Rao,38,F,A1,
7204,4832,Prakash Hegde,41,M,A2,
7205,4832,Ramesh Kumar,47,M,A3,
7206,4833,Lakshmi Rao,40,F,A1,
7207,4834,Chaya Reddy,39,F,A1,
7208,4835,Lakshmi Kumar,27,F,A1,
7209,4836,Roopa Gowda,30,F,A1,
7210,4836,Savitha Gowda,22,F,A2,
7211,4837,Anita Setty,47,F,A1,
7212,4837,Manjunath Shetty,21,M,A2,
7213,4838,Shivaraj Reddy,23,M,A1,
7214,4838,Yogesh Naik,24,M,A2,
7215,4839,Vidya Naidu,25,F,A1,
7216,4839,Ravi Poojary,22,M,A2,
7217,4839,Lakshmi Murthy,44,F,A3,
7218,4840,Deepa Naidu,45,F,A1,
7219,4840,Srinivas Naik,42,M,A2,
7220,4841,Nandini Shetty,22,F,A1,REPEAT-011
7221,4842,Shivaraj Kumar,53,M,A1,
7222,4843,Rekha Shetty,51,F,A1,
7223,4844,Kumar Kumar,41,M,A1,
7224,4845,Lakshmi Murthy,45,F,A1,REPEAT-044
7225,4846,Nagaraj Murthy,38,M,A1,
7226,4847,Ganesh Shetty,40,M,A1,REPEAT-029
7227,4848,Naveen Murthy,43,M,A1,REPEAT-002
7228,4849,Manjula Kumar,48,F,A1,
7229,4850,Naveen Kumar,49,M,A1,
7230,4851,Kumar Murthy,53,M,A1,
7231,4851,Pooja Patil,35,F,A2,
7232,4852,Shobha Gowda,22,F,A1,
7233,4853,Pooja Iyer,44,F,A1,
7234,4854,Prakash Rao,18,M,A1,
7235,4854,Anita Hegde,41,F,A2,
7236,4855,Srinivas Naidu,32,M,A1,
7237,4855,Kumar Achar,25,M,A2,
7238,4855,Sunita Shetty,49,F,A3,
7239,4856,Ravi Rao,48,M,A1,
7240,4857,Basavaraj Reddy,42,M,A1,REPEAT-031
7241,4857,Santosh Naik,28,M,A2,
7242,4858,Kavya Setty,23,F,A1,
7243,4859,Naveen Murthy,43,M,A1,REPEAT-002
7244,4860,Mahesh Naidu,21,M,A1,
7245,4860,Nagaraj Naik,46,M,A2,
7246,4861,Basavaraj Achar,43,M,A1,
7247,4862,Shwetha Naidu,48,F,A1,
7248,4863,Harish Bhat,34,M,A1,
7249,4863,Radha Setty,22,F,A2,
7250,4864,Sunita Naidu,28,F,A1,
7251,4864,Vidya Poojary,24,F,A2,
7252,4865,Vidya Hegde,29,F,A1,
7253,4865,Santosh Achar,39,M,A2,
7254,4866,Mahesh Shetty,37,M,A1,REPEAT-022
7255,4867,Nagaraj Hegde,22,M,A1,
7256,4867,Manjunath Poojary,51,M,A2,
7257,4868,Harish Patil,26,M,A1,
7258,4869,Srinivas Murthy,28,M,A1,
7259,4870,Mahesh Patil,44,M,A1,
7260,4871,Deepa Poojary,29,F,A1,
7261,4871,Lakshmi Naidu,31,F,A2,
7262,4871,Prakash Bhat,50,M,A3,
7263,4872,Vijay Shetty,22,M,A1,REPEAT-007
7264,4872,Santosh Gowda,53,M,A2,
7265,4873,Naveen Naik,34,M,A1,
7266,4874,Vijay Hegde,44,M,A1,
7267,4874,Suresh Murthy,26,M,A2,
7268,4875,Anil Bhat,34,M,A1,REPEAT-005
7269,4876,Raghu Patil,27,M,A1,
7270,4877,Harish Patil,39,M,A1,REPEAT-053
7271,4878,Basavaraj Shetty,40,M,A1,REPEAT-023
7272,4879,Manjunath Gowda,44,M,A1,
7273,4880,Ramesh Patil,24,M,A1,
7274,4880,Manjunath Shetty,29,M,A2,
7275,4880,Anita Bhat,47,F,A3,
7276,4881,Manjula Murthy,49,F,A1,
7277,4882,Chaya Shetty,23,F,A1,
7278,4883,Vidya Gowda,28,F,A1,
7279,4884,Ganesh Gowda,21,M,A1,REPEAT-020
7280,4884,Geeta Naik,55,F,A2,
7281,4885,Suresh Bhat,33,M,A1,
7282,4886,Radha Bhat,28,F,A1,
7283,4887,Ramesh Achar,36,M,A1,
7284,4887,Bhagya Gowda,23,F,A2,
7285,4888,Yogesh Reddy,28,M,A1,
7286,4888,Geeta Naidu,50,F,A2,
7287,4888,Kavya Iyer,42,F,A3,
7288,4889,Mahesh Bhat,23,M,A1,
7289,4889,Basavaraj Shetty,39,M,A2,
7290,4890,Santosh Iyer,31,M,A1,
7291,4891,Suresh Naik,38,M,A1,REPEAT-042
7292,4892,Vijay Setty,19,M,A1,
7293,4893,Ganesh Bhat,40,M,A1,
7294,4893,Harish Patil,42,M,A2,
7295,4894,Harish Achar,45,M,A1,REPEAT-057
7296,4895,Kumar Patil,55,M,A1,
7297,4896,Ramesh Reddy,31,M,A1,
7298,4897,Ravi Rao,43,M,A1,
7299,4898,Shwetha Shetty,23,F,A1,
7300,4899,Pooja Rao,36,F,A1,
7301,4899,Yogesh Poojary,45,M,A2,
7302,4900,Ganesh Naidu,51,M,A1,
7303,4901,Vidya Achar,42,F,A1,
7304,4901,Vijay Gowda,31,M,A2,
7305,4902,Santosh Murthy,47,M,A1,
7306,4903,Shwetha Naidu,41,F,A1,
7307,4904,Rekha Setty,54,F,A1,
7308,4905,Harish Naidu,36,M,A1,REPEAT-015
7309,4906,Roopa Poojary,41,F,A1,
7310,4906,Shivaraj Bhat,19,M,A2,
7311,4907,Sowmya Shetty,38,F,A1,
7312,4908,Anil Shetty,42,M,A1,
7313,4909,Ganesh Setty,51,M,A1,
7314,4910,Vidya Setty,43,F,A1,
7315,4910,Deepa Reddy,36,F,A2,
7316,4910,Shobha Kumar,45,F,A3,
7317,4911,Nandini Naik,18,F,A1,
7318,4912,Nagaraj Shetty,27,M,A1,
7319,4912,Harish Gowda,18,M,A2,
7320,4913,Geeta Kumar,30,F,A1,
7321,4914,Mahesh Shetty,37,M,A1,REPEAT-022
7322,4915,Roopa Naik,52,F,A1,
7323,4916,Kumar Shetty,47,M,A1,
7324,4917,Bhagya Reddy,51,F,A1,
7325,4917,Prakash Naidu,34,M,A2,
7326,4918,Rekha Murthy,48,F,A1,
7327,4919,Shobha Naidu,22,F,A1,
7328,4920,Shivaraj Achar,44,M,A1,
7329,4921,Lakshmi Murthy,45,F,A1,REPEAT-044
7330,4922,Kumar Rao,44,M,A1,REPEAT-018
7331,4922,Shwetha Reddy,50,F,A2,
7332,4923,Anil Hegde,49,M,A1,
7333,4924,Roopa Rao,23,F,A1,
7334,4924,Ravi Iyer,50,M,A2,
7335,4925,Harish Rao,29,M,A1,
7336,4926,Naveen Murthy,43,M,A1,REPEAT-002
7337,4926,Basavaraj Poojary,50,M,A2,
7338,4927,Santosh Patil,30,M,A1,
7339,4927,Srinivas Murthy,52,M,A2,
7340,4928,Deepa Achar,30,F,A1,
7341,4928,Manjunath Bhat,38,M,A2,
7342,4929,Kumar Iyer,42,M,A1,
7343,4930,Anil Gowda,49,M,A1,
7344,4931,Lakshmi Rao,22,F,A1,
7345,4932,Geeta Naidu,44,F,A1,
7346,4932,Deepa Setty,19,F,A2,
7347,4933,Yogesh Patil,37,M,A1,
7348,4933,Basavaraj Setty,19,M,A2,
7349,4934,Naveen Murthy,44,M,A1,REPEAT-002
7350,4935,Mahesh Shetty,37,M,A1,REPEAT-022
7351,4935,Shivaraj Kumar,55,M,A2,
7352,4936,Raghu Setty,37,M,A1,
7353,4937,Ramesh Naidu,43,M,A1,
7354,4938,Lakshmi Murthy,45,F,A1,REPEAT-044
7355,4938,Santosh Murthy,35,M,A2,
7356,4938,Savitha Kumar,47,F,A3,
7357,4939,Raghu Murthy,41,M,A1,
7358,4940,Radha Reddy,45,F,A1,REPEAT-055
7359,4941,Kumar Setty,37,M,A1,REPEAT-043
7360,4942,Mahesh Murthy,24,M,A1,REPEAT-033
7361,4943,Chaya Rao,51,F,A1,
7362,4943,Radha Naik,51,F,A2,
7363,4944,Kumar Iyer,19,M,A1,
7364,4945,Shobha Naidu,42,F,A1,
7365,4945,Pooja Reddy,49,F,A2,
7366,4945,Basavaraj Kumar,28,M,A3,
7367,4946,Nagaraj Setty,41,M,A1,
7368,4947,Lakshmi Setty,43,F,A1,
7369,4948,Sunita Rao,37,F,A1,
7370,4949,Srinivas Naidu,37,M,A1,REPEAT-049
7371,4949,Nagaraj Iyer,53,M,A2,
7372,4950,Naveen Naidu,44,M,A1,
7373,4950,Anita Gowda,31,F,A2,
7374,4951,Vijay Shetty,48,M,A1,
7375,4952,Harish Naidu,30,M,A1,
7376,4953,Naveen Murthy,44,M,A1,REPEAT-002
7377,4954,Chaya Setty,24,F,A1,
7378,4955,Anil Shetty,39,M,A1,
7379,4955,Harish Iyer,42,M,A2,
7380,4955,Vijay Bhat,48,M,A3,
7381,4956,Yogesh Iyer,36,M,A1,
7382,4957,Santosh Shetty,18,M,A1,
7383,4958,Sowmya Gowda,36,F,A1,
7384,4959,Prakash Gowda,55,M,A1,
7385,4959,Naveen Setty,24,M,A2,
7386,4960,Santosh Gowda,45,M,A1,
7387,4960,Raghu Naik,54,M,A2,
7388,4961,Mahesh Shetty,37,M,A1,REPEAT-022
7389,4961,Pooja Kumar,51,F,A2,
7390,4961,Vidya Bhat,33,F,A3,
7391,4962,Raghu Naik,28,M,A1,
7392,4963,Lakshmi Shetty,49,F,A1,
7393,4964,Nagaraj Bhat,31,M,A1,
7394,4965,Shivaraj Kumar,30,M,A1,REPEAT-024
7395,4965,Ganesh Setty,21,M,A2,
7396,4966,Srinivas Naidu,37,M,A1,REPEAT-049
7397,4966,Ganesh Naik,18,M,A2,
7398,4967,Lakshmi Shetty,29,F,A1,
7399,4968,Nandini Setty,41,F,A1,
7400,4969,Shwetha Reddy,47,F,A1,
7401,4970,Suresh Murthy,53,M,A1,
7402,4970,Rekha Shetty,49,F,A2,
7403,4971,Bhagya Murthy,41,F,A1,
7404,4971,Lakshmi Kumar,50,F,A2,
7405,4972,Savitha Shetty,36,F,A1,
7406,4972,Mahesh Setty,40,M,A2,
7407,4973,Kumar Hegde,28,M,A1,REPEAT-040
7408,4973,Yogesh Kumar,24,M,A2,
7409,4973,Savitha Naidu,36,F,A3,
7410,4974,Shwetha Naidu,53,F,A1,
7411,4975,Ramesh Murthy,52,M,A1,
7412,4975,Sowmya Setty,29,F,A2,
7413,4976,Sunita Murthy,27,F,A1,
7414,4976,Ganesh Poojary,53,M,A2,
7415,4977,Shivaraj Rao,18,M,A1,
7416,4978,Ramesh Murthy,50,M,A1,
7417,4979,Santosh Bhat,25,M,A1,
7418,4979,Pooja Naik,22,F,A2,
7419,4980,Manjunath Bhat,32,M,A1,REPEAT-030
7420,4981,Lakshmi Shetty,30,F,A1,
7421,4981,Basavaraj Murthy,36,M,A2,
7422,4982,Mahesh Hegde,53,M,A1,
7423,4982,Vidya Achar,31,F,A2,
7424,4983,Srinivas Poojary,24,M,A1,
7425,4983,Roopa Hegde,37,F,A2,
7426,4983,Vijay Naik,52,M,A3,
7427,4984,Vijay Naik,29,M,A1,
7428,4985,Mahesh Murthy,23,M,A1,REPEAT-033
7429,4985,Yogesh Murthy,31,M,A2,
7430,4986,Mahesh Kumar,20,M,A1,
7431,4987,Suresh Shetty,21,M,A1,
7432,4987,Srinivas Setty,19,M,A2,
7433,4988,Kumar Rao,44,M,A1,REPEAT-018
7434,4988,Naveen Naidu,20,M,A2,
7435,4989,Bhagya Patil,20,F,A1,
7436,4989,Radha Gowda,51,F,A2,
7437,4989,Roopa Iyer,19,F,A3,
7438,4990,Srinivas Poojary,46,M,A1,
7439,4991,Ramesh Reddy,25,M,A1,
7440,4992,Vijay Reddy,55,M,A1,
7441,4993,Vidya Rao,46,F,A1,
7442,4994,Santosh Patil,55,M,A1,
7443,4995,Nandini Gowda,51,F,A1,
7444,4995,Vidya Murthy,30,F,A2,
7445,4996,Deepa Naik,38,F,A1,
7446,4997,Harish Reddy,43,M,A1,
7447,4997,Harish Rao,47,M,A2,
7448,4998,Kavya Setty,46,F,A1,
7449,4999,Girish Iyer,55,M,A1,
7450,5000,Raghu Shetty,19,M,A1,
7451,5001,Anil Reddy,44,M,A1,
7452,5001,Srinivas Shetty,46,M,A2,
7453,5001,Kumar Naidu,40,M,A3,
7454,5002,Suresh Reddy,35,M,A1,
7455,5003,Ramesh Poojary,44,M,A1,
7456,5004,Ravi Bhat,49,M,A1,
7457,5005,Radha Reddy,44,F,A1,REPEAT-055
7458,5006,Mahesh Shetty,38,M,A1,REPEAT-022
7459,5006,Rekha Patil,36,F,A2,
7460,5006,Anita Rao,49,F,A3,
7461,5007,Rekha Naidu,51,F,A1,
7462,5007,Rekha Hegde,33,F,A2,
7463,5008,Suresh Naik,38,M,A1,REPEAT-042
7464,5008,Sunita Setty,50,F,A2,
7465,5009,Manjula Naik,55,F,A1,
7466,5010,Harish Setty,18,M,A1,
7467,5011,Anil Setty,36,M,A1,
7468,5012,Ramesh Poojary,53,M,A1,
7469,5012,Lakshmi Reddy,45,F,A2,
7470,5013,Yogesh Achar,35,M,A1,
7471,5013,Srinivas Reddy,36,M,A2,
7472,5013,Ravi Patil,46,M,A3,
7473,5014,Anita Shetty,28,F,A1,REPEAT-019
7474,5014,Sunita Bhat,35,F,A2,
7475,5014,Bhagya Murthy,40,F,A3,
7476,5015,Anita Shetty,29,F,A1,REPEAT-019
7477,5016,Manjunath Patil,20,M,A1,
7478,5016,Vijay Setty,24,M,A2,
7479,5017,Basavaraj Gowda,28,M,A1,
7480,5018,Shivaraj Hegde,31,M,A1,
7481,5018,Nagaraj Hegde,35,M,A2,
7482,5019,Mahesh Shetty,37,M,A1,REPEAT-022
7483,5020,Savitha Setty,46,F,A1,
7484,5020,Raghu Gowda,50,M,A2,
7485,5021,Vijay Achar,47,M,A1,
7486,5022,Shivaraj Poojary,36,M,A1,
7487,5023,Basavaraj Kumar,52,M,A1,
7488,5024,Pooja Reddy,50,F,A1,
7489,5024,Ganesh Setty,37,M,A2,
7490,5025,Nagaraj Naidu,38,M,A1,
7491,5026,Nandini Gowda,30,F,A1,
7492,5027,Shobha Hegde,28,F,A1,
7493,5028,Nagaraj Rao,24,M,A1,REPEAT-026
7494,5028,Ganesh Naidu,21,M,A2,
7495,5029,Manjula Gowda,37,F,A1,
7496,5029,Mahesh Bhat,36,M,A2,
7497,5029,Raghu Patil,35,M,A3,
7498,5030,Sowmya Shetty,32,F,A1,
7499,5031,Savitha Kumar,50,F,A1,
7500,5032,Yogesh Bhat,39,M,A1,
7501,5033,Ravi Murthy,46,M,A1,
7502,5033,Manjunath Iyer,54,M,A2,
7503,5033,Geeta Bhat,28,F,A3,
7504,5034,Shwetha Murthy,40,F,A1,
7505,5035,Santosh Setty,51,M,A1,
7506,5036,Vijay Rao,40,M,A1,
7507,5037,Nagaraj Murthy,22,M,A1,
7508,5038,Chaya Bhat,50,F,A1,
7509,5038,Prakash Naidu,49,M,A2,
7510,5038,Prakash Hegde,44,M,A3,
7511,5039,Nagaraj Naidu,33,M,A1,
7512,5040,Anil Achar,25,M,A1,
7513,5041,Santosh Patil,53,M,A1,
7514,5042,Shivaraj Rao,55,M,A1,
7515,5042,Ganesh Poojary,46,M,A2,
7516,5043,Nagaraj Murthy,29,M,A1,
7517,5043,Anita Reddy,34,F,A2,
7518,5044,Ravi Hegde,25,M,A1,
7519,5044,Sunita Murthy,50,F,A2,
7520,5044,Yogesh Naidu,43,M,A3,
7521,5045,Mahesh Shetty,37,M,A1,REPEAT-022
7522,5046,Rekha Naidu,42,F,A1,
7523,5046,Girish Shetty,39,M,A2,
7524,5047,Chaya Hegde,39,F,A1,
7525,5048,Anil Rao,26,M,A1,
7526,5048,Ganesh Naik,25,M,A2,
7527,5049,Yogesh Naidu,24,M,A1,REPEAT-001
7528,5049,Ganesh Naidu,48,M,A2,
7529,5050,Priya Murthy,24,F,A1,REPEAT-010
7530,5051,Rekha Murthy,30,F,A1,
7531,5051,Shivaraj Patil,46,M,A2,
7532,5052,Raghu Bhat,24,M,A1,
7533,5053,Shobha Hegde,48,F,A1,
7534,5054,Savitha Murthy,53,F,A1,
7535,5055,Nandini Patil,27,F,A1,
7536,5056,Vidya Achar,19,F,A1,
7537,5057,Vijay Rao,27,M,A1,
7538,5058,Naveen Poojary,25,M,A1,
7539,5058,Girish Setty,30,M,A2,
7540,5059,Harish Naidu,36,M,A1,REPEAT-015
7541,5060,Yogesh Naidu,52,M,A1,
7542,5061,Bhagya Iyer,28,F,A1,
7543,5061,Prakash Rao,39,M,A2,
7544,5062,Mahesh Shetty,51,M,A1,
7545,5063,Vijay Iyer,24,M,A1,
7546,5064,Manjula Shetty,18,F,A1,
7547,5065,Vidya Rao,26,F,A1,
7548,5066,Nagaraj Reddy,47,M,A1,
7549,5067,Shivaraj Setty,30,M,A1,
7550,5068,Santosh Murthy,54,M,A1,
7551,5069,Girish Patil,44,M,A1,
7552,5069,Rekha Poojary,47,F,A2,
7553,5070,Kavya Iyer,29,F,A1,
7554,5071,Girish Naidu,19,M,A1,
7555,5071,Suresh Iyer,19,M,A2,
7556,5071,Suresh Reddy,38,M,A3,
7557,5072,Srinivas Naidu,38,M,A1,REPEAT-049
7558,5073,Harish Naidu,36,M,A1,REPEAT-015
7559,5073,Anita Kumar,30,F,A2,
7560,5073,Sowmya Bhat,32,F,A3,
7561,5074,Basavaraj Reddy,48,M,A1,
7562,5075,Ganesh Gowda,20,M,A1,REPEAT-020
7563,5076,Roopa Iyer,24,F,A1,
7564,5077,Mahesh Murthy,23,M,A1,REPEAT-033
7565,5078,Radha Kumar,34,F,A1,
7566,5079,Nagaraj Poojary,31,M,A1,
7567,5080,Vijay Shetty,21,M,A1,REPEAT-007
7568,5080,Roopa Hegde,21,F,A2,
7569,5081,Prakash Iyer,30,M,A1,
7570,5082,Naveen Rao,40,M,A1,
7571,5083,Kavya Naik,39,F,A1,
7572,5084,Basavaraj Naik,20,M,A1,
7573,5084,Ganesh Rao,33,M,A2,
7574,5084,Santosh Bhat,33,M,A3,
7575,5085,Harish Iyer,24,M,A1,
7576,5086,Anita Gowda,52,F,A1,
7577,5086,Raghu Naidu,25,M,A2,
7578,5086,Lakshmi Poojary,45,F,A3,
7579,5087,Yogesh Poojary,19,M,A1,
7580,5088,Ramesh Achar,49,M,A1,
7581,5089,Ganesh Poojary,30,M,A1,
7582,5090,Ravi Rao,36,M,A1,
7583,5091,Ganesh Gowda,20,M,A1,
7584,5092,Manjunath Bhat,33,M,A1,REPEAT-030
7585,5092,Harish Setty,29,M,A2,
7586,5092,Shwetha Rao,51,F,A3,
7587,5093,Naveen Murthy,44,M,A1,REPEAT-002
7588,5093,Manjula Murthy,46,F,A2,
7589,5093,Manjunath Achar,46,M,A3,
7590,5094,Srinivas Hegde,40,M,A1,
7591,5095,Vijay Patil,41,M,A1,
7592,5095,Geeta Iyer,23,F,A2,
7593,5096,Basavaraj Setty,50,M,A1,
7594,5096,Savitha Naik,25,F,A2,
7595,5097,Shivaraj Rao,51,M,A1,
7596,5097,Ravi Setty,47,M,A2,
7597,5097,Shwetha Murthy,37,F,A3,
7598,5098,Manjula Gowda,23,F,A1,
7599,5099,Shivaraj Setty,45,M,A1,
7600,5099,Anil Rao,19,M,A2,
7601,5100,Anita Kumar,48,F,A1,
7602,5100,Roopa Bhat,46,F,A2,
7603,5101,Harish Setty,35,M,A1,
7604,5101,Srinivas Achar,18,M,A2,
7605,5101,Manjunath Reddy,47,M,A3,
7606,5102,Shivaraj Naidu,36,M,A1,
7607,5102,Sunita Achar,34,F,A2,
7608,5103,Ravi Bhat,50,M,A1,
7609,5104,Naveen Iyer,32,M,A1,
7610,5104,Santosh Kumar,27,M,A2,
7611,5105,Sowmya Bhat,32,F,A1,
7612,5106,Pooja Naidu,39,F,A1,
7613,5106,Shobha Setty,41,F,A2,
7614,5107,Shobha Patil,34,F,A1,
7615,5108,Roopa Setty,55,F,A1,
7616,5109,Kumar Murthy,46,M,A1,REPEAT-048
7617,5109,Manjunath Naik,28,M,A2,
7618,5110,Vijay Achar,55,M,A1,
7619,5111,Kavya Rao,54,F,A1,
7620,5112,Anil Rao,50,M,A1,
7621,5113,Ganesh Rao,20,M,A1,
7622,5114,Girish Hegde,44,M,A1,
7623,5115,Lakshmi Kumar,30,F,A1,
7624,5116,Priya Murthy,23,F,A1,REPEAT-010
7625,5117,Priya Setty,46,F,A1,
7626,5117,Mahesh Achar,30,M,A2,
7627,5118,Chaya Hegde,43,F,A1,
7628,5119,Prakash Naik,41,M,A1,REPEAT-032
7629,5120,Sowmya Hegde,30,F,A1,
7630,5121,Harish Setty,28,M,A1,
7631,5122,Shobha Naik,32,F,A1,
7632,5122,Nagaraj Setty,32,M,A2,
7633,5123,Shivaraj Kumar,29,M,A1,REPEAT-024
7634,5123,Suresh Rao,48,M,A2,
7635,5124,Kumar Gowda,40,M,A1,
7636,5125,Mahesh Shetty,38,M,A1,REPEAT-022
7637,5126,Manjunath Shetty,35,M,A1,
7638,5127,Ganesh Hegde,28,M,A1,
7639,5127,Harish Poojary,26,M,A2,
7640,5128,Mahesh Murthy,43,M,A1,
7641,5128,Vidya Kumar,52,F,A2,
7642,5129,Ganesh Kumar,20,M,A1,
7643,5130,Manjula Iyer,31,F,A1,
7644,5130,Anita Naidu,43,F,A2,
7645,5131,Yogesh Poojary,38,M,A1,
7646,5132,Manjunath Murthy,25,M,A1,REPEAT-025
7647,5133,Priya Poojary,50,F,A1,
7648,5134,Ravi Kumar,24,M,A1,
7649,5135,Yogesh Achar,28,M,A1,
7650,5135,Basavaraj Naik,42,M,A2,
7651,5136,Lakshmi Murthy,44,F,A1,
7652,5136,Shwetha Reddy,39,F,A2,
7653,5136,Ravi Setty,25,M,A3,
7654,5137,Kumar Patil,21,M,A1,
7655,5138,Basavaraj Patil,29,M,A1,
7656,5139,Nagaraj Rao,24,M,A1,REPEAT-026
7657,5140,Harish Achar,46,M,A1,
7658,5141,Prakash Setty,52,M,A1,
7659,5141,Raghu Murthy,21,M,A2,
7660,5141,Yogesh Bhat,45,M,A3,
7661,5142,Suresh Setty,31,M,A1,REPEAT-034
7662,5142,Ravi Murthy,50,M,A2,
7663,5143,Srinivas Rao,33,M,A1,
7664,5143,Prakash Rao,53,M,A2,
7665,5143,Rekha Gowda,52,F,A3,
7666,5144,Nandini Shetty,37,F,A1,
7667,5145,Nagaraj Naidu,37,M,A1,REPEAT-035
7668,5146,Nandini Kumar,43,F,A1,REPEAT-012
7669,5147,Yogesh Naidu,54,M,A1,
7670,5148,Manjunath Bhat,32,M,A1,REPEAT-030
7671,5149,Shivaraj Gowda,34,M,A1,
7672,5150,Lakshmi Murthy,44,F,A1,REPEAT-044
7673,5151,Radha Iyer,22,F,A1,
7674,5152,Kumar Shetty,34,M,A1,
7675,5153,Ramesh Naidu,37,M,A1,
7676,5154,Geeta Rao,29,F,A1,
7677,5155,Sowmya Naik,47,F,A1,
7678,5155,Shivaraj Gowda,28,M,A2,
7679,5156,Yogesh Naik,42,M,A1,
7680,5156,Manjunath Rao,27,M,A2,
7681,5156,Mahesh Patil,18,M,A3,
7682,5157,Sunita Iyer,23,F,A1,
7683,5158,Anil Bhat,42,M,A1,REPEAT-054
7684,5158,Suresh Bhat,30,M,A2,
7685,5158,Prakash Hegde,19,M,A3,
7686,5159,Kavya Murthy,35,F,A1,
7687,5159,Suresh Hegde,26,M,A2,
7688,5160,Radha Rao,39,F,A1,
7689,5161,Shivaraj Setty,24,M,A1,
7690,5162,Naveen Poojary,28,M,A1,
7691,5162,Naveen Poojary,45,M,A2,
7692,5163,Sowmya Rao,34,F,A1,
7693,5163,Pooja Patil,52,F,A2,
7694,5164,Lakshmi Murthy,44,F,A1,REPEAT-044
7695,5164,Roopa Naidu,38,F,A2,
7696,5165,Naveen Murthy,43,M,A1,REPEAT-002
7697,5166,Sunita Bhat,24,F,A1,
7698,5167,Naveen Achar,41,M,A1,
7699,5168,Vijay Setty,28,M,A1,
7700,5169,Shobha Rao,26,F,A1,
7701,5169,Pooja Rao,54,F,A2,
7702,5170,Suresh Setty,20,M,A1,
7703,5171,Anil Bhat,41,M,A1,REPEAT-054
7704,5171,Santosh Naik,21,M,A2,
7705,5171,Bhagya Gowda,55,F,A3,
7706,5172,Suresh Gowda,50,M,A1,
7707,5173,Savitha Naik,54,F,A1,
7708,5173,Mahesh Poojary,24,M,A2,
7709,5174,Santosh Achar,30,M,A1,
7710,5175,Yogesh Naidu,24,M,A1,REPEAT-001
7711,5175,Raghu Patil,26,M,A2,
7712,5176,Naveen Murthy,44,M,A1,REPEAT-002
7713,5177,Harish Patil,47,M,A1,
7714,5178,Naveen Murthy,43,M,A1,REPEAT-002
7715,5179,Naveen Rao,43,M,A1,
7716,5180,Savitha Setty,47,F,A1,
7717,5180,Shwetha Achar,35,F,A2,
7718,5181,Shivaraj Naidu,48,M,A1,
7719,5181,Shivaraj Shetty,46,M,A2,
7720,5182,Kavya Kumar,22,F,A1,
7721,5182,Santosh Shetty,20,M,A2,
7722,5183,Anita Poojary,26,F,A1,
7723,5184,Kumar Poojary,42,M,A1,
7724,5185,Ramesh Naidu,31,M,A1,
7725,5186,Anita Shetty,28,F,A1,REPEAT-019
7726,5187,Naveen Reddy,41,M,A1,
7727,5187,Lakshmi Achar,28,F,A2,
7728,5188,Sunita Reddy,48,F,A1,
7729,5189,Nandini Shetty,23,F,A1,REPEAT-011
7730,5189,Priya Patil,43,F,A2,
7731,5190,Anita Naidu,30,F,A1,
7732,5190,Anita Patil,31,F,A2,
7733,5190,Lakshmi Achar,31,F,A3,
7734,5191,Ganesh Kumar,44,M,A1,
7735,5191,Kumar Reddy,49,M,A2,
7736,5192,Mahesh Setty,50,M,A1,
7737,5192,Ravi Kumar,23,M,A2,
7738,5193,Ramesh Gowda,35,M,A1,
7739,5194,Ganesh Hegde,44,M,A1,
7740,5194,Girish Patil,36,M,A2,
7741,5194,Geeta Iyer,55,F,A3,
7742,5195,Manjula Kumar,25,F,A1,
7743,5195,Nagaraj Hegde,29,M,A2,
7744,5196,Geeta Kumar,47,F,A1,
7745,5197,Ganesh Shetty,34,M,A1,
7746,5198,Basavaraj Bhat,38,M,A1,
7747,5198,Sowmya Setty,18,F,A2,
7748,5198,Naveen Setty,38,M,A3,
7749,5199,Anita Patil,23,F,A1,
7750,5200,Shivaraj Kumar,29,M,A1,REPEAT-024
7751,5201,Shwetha Naidu,32,F,A1,
7752,5201,Priya Setty,43,F,A2,
7753,5201,Prakash Bhat,18,M,A3,
7754,5202,Anil Bhat,42,M,A1,REPEAT-054
7755,5202,Vijay Shetty,21,M,A2,
7756,5202,Vijay Naik,47,M,A3,
7757,5203,Mahesh Rao,24,M,A1,
7758,5203,Savitha Shetty,42,F,A2,
7759,5203,Prakash Reddy,27,M,A3,
7760,5204,Suresh Shetty,27,M,A1,
7761,5205,Yogesh Patil,28,M,A1,
7762,5205,Nagaraj Bhat,38,M,A2,
7763,5206,Rekha Naik,42,F,A1,
7764,5207,Srinivas Naidu,37,M,A1,
7765,5208,Naveen Setty,28,M,A1,
7766,5209,Basavaraj Poojary,37,M,A1,
7767,5209,Ganesh Gowda,42,M,A2,
7768,5210,Deepa Patil,49,F,A1,
7769,5211,Raghu Hegde,33,M,A1,
7770,5211,Prakash Setty,37,M,A2,
7771,5211,Kumar Naidu,20,M,A3,
7772,5212,Nagaraj Hegde,42,M,A1,
7773,5212,Roopa Bhat,31,F,A2,
7774,5212,Nandini Patil,22,F,A3,
7775,5213,Suresh Achar,19,M,A1,
7776,5214,Ganesh Hegde,37,M,A1,REPEAT-060
7777,5215,Manjula Naik,42,F,A1,
7778,5216,Harish Achar,45,M,A1,REPEAT-057
7779,5217,Mahesh Murthy,24,M,A1,REPEAT-033
7780,5217,Anita Iyer,35,F,A2,
7781,5218,Roopa Patil,21,F,A1,
7782,5218,Santosh Murthy,28,M,A2,
7783,5219,Geeta Naik,24,F,A1,
7784,5220,Anil Naidu,40,M,A1,
7785,5221,Harish Patil,40,M,A1,REPEAT-053
7786,5221,Santosh Patil,50,M,A2,
7787,5222,Naveen Murthy,43,M,A1,REPEAT-002
7788,5223,Santosh Poojary,51,M,A1,
7789,5224,Pooja Patil,51,F,A1,
7790,5225,Raghu Bhat,46,M,A1,
7791,5226,Mahesh Setty,44,M,A1,
7792,5226,Anil Gowda,34,M,A2,
7793,5227,Manjunath Naik,19,M,A1,
7794,5228,Prakash Poojary,48,M,A1,
7795,5229,Basavaraj Murthy,28,M,A1,
7796,5229,Anil Poojary,43,M,A2,
7797,5230,Yogesh Gowda,40,M,A1,
7798,5230,Nagaraj Hegde,49,M,A2,
7799,5230,Srinivas Gowda,26,M,A3,
7800,5231,Girish Rao,41,M,A1,
7801,5231,Vijay Iyer,21,M,A2,
7802,5232,Santosh Reddy,49,M,A1,
7803,5233,Ramesh Bhat,21,M,A1,
7804,5234,Basavaraj Shetty,41,M,A1,REPEAT-023
7805,5235,Sunita Naik,29,F,A1,
7806,5235,Nagaraj Murthy,46,M,A2,
7807,5235,Radha Iyer,24,F,A3,
7808,5236,Savitha Reddy,22,F,A1,
7809,5237,Girish Patil,26,M,A1,
7810,5237,Kavya Patil,26,F,A2,
7811,5237,Vijay Reddy,52,M,A3,
7812,5238,Harish Naidu,36,M,A1,REPEAT-015
7813,5238,Manjunath Kumar,37,M,A2,
7814,5239,Anita Shetty,29,F,A1,REPEAT-019
7815,5239,Girish Bhat,19,M,A2,
7816,5239,Vijay Naidu,35,M,A3,
7817,5240,Nandini Shetty,23,F,A1,REPEAT-011
7818,5241,Radha Naidu,34,F,A1,
7819,5242,Radha Reddy,30,F,A1,
7820,5243,Suresh Naik,39,M,A1,REPEAT-042
7821,5244,Srinivas Naik,41,M,A1,
7822,5245,Shwetha Patil,39,F,A1,
7823,5245,Girish Setty,54,M,A2,
7824,5246,Naveen Murthy,55,M,A1,
7825,5246,Bhagya Reddy,27,F,A2,
7826,5246,Mahesh Reddy,54,M,A3,
7827,5247,Anil Achar,53,M,A1,
7828,5247,Kumar Hegde,25,M,A2,
7829,5248,Nagaraj Iyer,21,M,A1,
7830,5248,Ganesh Achar,33,M,A2,
7831,5249,Santosh Naidu,49,M,A1,
7832,5250,Nandini Shetty,22,F,A1,REPEAT-011
7833,5251,Deepa Poojary,34,F,A1,
7834,5252,Naveen Naidu,31,M,A1,
7835,5252,Nandini Kumar,26,F,A2,
7836,5253,Kumar Poojary,24,M,A1,
7837,5254,Shivaraj Bhat,39,M,A1,
7838,5255,Anil Reddy,27,M,A1,
7839,5256,Ganesh Poojary,50,M,A1,
7840,5257,Naveen Setty,32,M,A1,
7841,5257,Priya Setty,18,F,A2,
7842,5258,Nagaraj Setty,44,M,A1,
7843,5258,Savitha Kumar,33,F,A2,
7844,5259,Girish Setty,24,M,A1,
7845,5260,Sowmya Setty,45,F,A1,
7846,5261,Kumar Rao,35,M,A1,
7847,5262,Manjunath Bhat,32,M,A1,REPEAT-030
7848,5262,Kumar Patil,52,M,A2,
7849,5263,Manjunath Setty,43,M,A1,REPEAT-016
7850,5264,Harish Bhat,47,M,A1,
7851,5265,Raghu Gowda,50,M,A1,
7852,5265,Kumar Bhat,33,M,A2,
7853,5265,Pooja Naidu,31,F,A3,
7854,5266,Mahesh Shetty,37,M,A1,REPEAT-022
7855,5266,Shobha Rao,32,F,A2,
7856,5267,Ravi Poojary,49,M,A1,
7857,5267,Basavaraj Iyer,47,M,A2,
7858,5268,Vijay Rao,49,M,A1,
7859,5269,Naveen Murthy,43,M,A1,REPEAT-002
7860,5269,Ravi Murthy,52,M,A2,
7861,5269,Basavaraj Naik,54,M,A3,
7862,5270,Shwetha Iyer,48,F,A1,
7863,5271,Nandini Poojary,42,F,A1,
7864,5271,Deepa Naik,22,F,A2,
7865,5272,Mahesh Murthy,24,M,A1,REPEAT-033
7866,5273,Suresh Naik,38,M,A1,REPEAT-042
7867,5273,Raghu Iyer,26,M,A2,
7868,5273,Ravi Rao,34,M,A3,
7869,5274,Raghu Achar,45,M,A1,
7870,5274,Kavya Naidu,51,F,A2,
7871,5275,Anil Poojary,31,M,A1,
7872,5275,Sowmya Shetty,35,F,A2,
7873,5276,Mahesh Murthy,34,M,A1,
7874,5277,Harish Achar,45,M,A1,REPEAT-057
7875,5278,Anil Poojary,44,M,A1,
7876,5279,Ramesh Shetty,48,M,A1,
7877,5279,Priya Gowda,23,F,A2,
7878,5279,Mahesh Poojary,18,M,A3,
7879,5280,Yogesh Bhat,26,M,A1,
7880,5281,Suresh Achar,26,M,A1,
7881,5281,Sunita Naik,29,F,A2,
7882,5281,Yogesh Bhat,55,M,A3,
7883,5282,Kumar Gowda,51,M,A1,
7884,5282,Harish Rao,21,M,A2,
7885,5283,Shivaraj Shetty,24,M,A1,
7886,5283,Deepa Reddy,40,F,A2,
7887,5284,Vijay Poojary,23,M,A1,
7888,5285,Bhagya Patil,32,F,A1,
7889,5286,Vijay Reddy,36,M,A1,
7890,5286,Girish Achar,52,M,A2,
7891,5287,Basavaraj Rao,41,M,A1,
7892,5288,Yogesh Rao,31,M,A1,
7893,5289,Mahesh Poojary,28,M,A1,
7894,5290,Anita Shetty,28,F,A1,REPEAT-019
7895,5291,Nagaraj Gowda,19,M,A1,
7896,5292,Manjunath Bhat,32,M,A1,REPEAT-030
7897,5292,Nagaraj Hegde,50,M,A2,
7898,5293,Chaya Patil,27,F,A1,
7899,5294,Yogesh Naidu,24,M,A1,REPEAT-001
7900,5295,Shivaraj Kumar,36,M,A1,
7901,5296,Srinivas Naik,21,M,A1,
7902,5296,Shivaraj Kumar,52,M,A2,
7903,5297,Nagaraj Bhat,31,M,A1,
7904,5298,Harish Achar,45,M,A1,REPEAT-057
7905,5299,Ganesh Achar,43,M,A1,
7906,5299,Priya Gowda,40,F,A2,
7907,5300,Mahesh Shetty,37,M,A1,REPEAT-022
7908,5301,Naveen Setty,33,M,A1,REPEAT-036
7909,5301,Sowmya Iyer,49,F,A2,
7910,5301,Ramesh Gowda,32,M,A3,
7911,5302,Shivaraj Achar,50,M,A1,
7912,5302,Savitha Poojary,35,F,A2,
7913,5303,Mahesh Shetty,37,M,A1,REPEAT-022
7914,5303,Yogesh Kumar,27,M,A2,
7915,5304,Yogesh Naidu,24,M,A1,REPEAT-001
7916,5305,Mahesh Shetty,41,M,A1,
7917,5305,Nagaraj Murthy,36,M,A2,
7918,5306,Mahesh Murthy,24,M,A1,REPEAT-033
7919,5306,Vijay Kumar,50,M,A2,
7920,5307,Vijay Hegde,44,M,A1,
7921,5307,Raghu Patil,37,M,A2,
7922,5308,Anil Iyer,53,M,A1,
7923,5308,Ganesh Naik,21,M,A2,
7924,5309,Ravi Rao,31,M,A1,
7925,5310,Kavya Reddy,37,F,A1,
7926,5311,Naveen Naik,31,M,A1,
7927,5311,Ravi Rao,25,M,A2,
7928,5312,Lakshmi Naidu,24,F,A1,
7929,5312,Mahesh Patil,42,M,A2,
7930,5312,Savitha Hegde,21,F,A3,
7931,5313,Manjula Reddy,35,F,A1,
7932,5313,Bhagya Hegde,40,F,A2,
7933,5314,Radha Murthy,51,F,A1,
7934,5315,Santosh Rao,42,M,A1,
7935,5316,Ganesh Poojary,45,M,A1,
7936,5316,Santosh Poojary,35,M,A2,
7937,5317,Ganesh Hegde,50,M,A1,
7938,5318,Naveen Gowda,26,M,A1,
7939,5318,Suresh Hegde,53,M,A2,
7940,5319,Harish Patil,39,M,A1,REPEAT-053
7941,5320,Suresh Naidu,36,M,A1,
7942,5321,Sunita Iyer,19,F,A1,
7943,5321,Sowmya Murthy,49,F,A2,
7944,5322,Ganesh Gowda,20,M,A1,REPEAT-020
7945,5322,Girish Iyer,38,M,A2,
7946,5323,Anita Iyer,43,F,A1,
7947,5323,Girish Iyer,36,M,A2,
7948,5323,Priya Naidu,43,F,A3,
7949,5324,Radha Iyer,36,F,A1,
7950,5325,Shivaraj Reddy,20,M,A1,
7951,5326,Anita Patil,24,F,A1,REPEAT-014
7952,5327,Harish Hegde,27,M,A1,
7953,5327,Raghu Naik,23,M,A2,
7954,5328,Suresh Achar,40,M,A1,
7955,5329,Mahesh Poojary,24,M,A1,
7956,5329,Deepa Kumar,42,F,A2,
7957,5330,Shivaraj Murthy,47,M,A1,
7958,5330,Prakash Gowda,26,M,A2,
7959,5331,Ravi Poojary,51,M,A1,
7960,5332,Anita Kumar,41,F,A1,
7961,5333,Geeta Hegde,27,F,A1,
7962,5333,Ravi Setty,44,M,A2,
7963,5333,Roopa Naik,38,F,A3,
7964,5334,Ganesh Hegde,31,M,A1,
7965,5335,Raghu Setty,44,M,A1,
7966,5335,Prakash Kumar,41,M,A2,
7967,5336,Suresh Hegde,24,M,A1,
7968,5336,Girish Naidu,45,M,A2,
7969,5337,Radha Iyer,31,F,A1,
7970,5337,Manjunath Iyer,51,M,A2,
7971,5338,Ramesh Setty,29,M,A1,
7972,5339,Mahesh Shetty,37,M,A1,REPEAT-022
7973,5340,Harish Shetty,38,M,A1,
7974,5340,Manjunath Kumar,24,M,A2,
7975,5341,Basavaraj Hegde,35,M,A1,
7976,5341,Mahesh Poojary,28,M,A2,
7977,5342,Anil Murthy,35,M,A1,
7978,5343,Bhagya Gowda,20,F,A1,
7979,5344,Anil Bhat,35,M,A1,REPEAT-005
7980,5345,Naveen Murthy,39,M,A1,
7981,5346,Ramesh Kumar,44,M,A1,
7982,5347,Shwetha Setty,50,F,A1,
7983,5347,Yogesh Reddy,37,M,A2,
7984,5348,Ravi Bhat,33,M,A1,
7985,5348,Ganesh Patil,43,M,A2,
7986,5348,Nandini Naik,34,F,A3,
7987,5349,Shivaraj Shetty,20,M,A1,
7988,5349,Girish Bhat,35,M,A2,
7989,5350,Nagaraj Gowda,20,M,A1,
7990,5350,Santosh Patil,50,M,A2,
7991,5351,Nagaraj Poojary,34,M,A1,
7992,5351,Manjunath Shetty,50,M,A2,
7993,5352,Yogesh Naidu,24,M,A1,REPEAT-001
7994,5353,Pooja Kumar,36,F,A1,
7995,5354,Srinivas Reddy,53,M,A1,
7996,5355,Vidya Poojary,48,F,A1,
7997,5355,Basavaraj Patil,55,M,A2,
7998,5355,Nagaraj Iyer,35,M,A3,
7999,5356,Basavaraj Rao,30,M,A1,
8000,5357,Manjula Gowda,49,F,A1,
8001,5358,Shobha Shetty,32,F,A1,REPEAT-017
8002,5359,Nagaraj Hegde,20,M,A1,
8003,5360,Ravi Patil,46,M,A1,
8004,5360,Rekha Achar,51,F,A2,
8005,5360,Santosh Murthy,44,M,A3,
8006,5361,Lakshmi Hegde,26,F,A1,
8007,5362,Nandini Kumar,43,F,A1,
8008,5363,Srinivas Naidu,31,M,A1,
8009,5364,Ganesh Gowda,29,M,A1,
8010,5364,Naveen Shetty,22,M,A2,
8011,5365,Radha Rao,41,F,A1,
8012,5365,Basavaraj Murthy,35,M,A2,
8013,5365,Anil Achar,27,M,A3,
8014,5366,Anil Rao,44,M,A1,
8015,5367,Kumar Poojary,27,M,A1,
8016,5367,Roopa Shetty,49,F,A2,
8017,5368,Srinivas Murthy,34,M,A1,
8018,5368,Santosh Hegde,32,M,A2,
8019,5369,Nagaraj Setty,46,M,A1,REPEAT-003
8020,5369,Girish Kumar,27,M,A2,
8021,5369,Vijay Naidu,29,M,A3,
8022,5370,Srinivas Naik,30,M,A1,
8023,5370,Sowmya Bhat,41,F,A2,
8024,5370,Manjula Setty,38,F,A3,
8025,5371,Manjunath Hegde,23,M,A1,
8026,5372,Geeta Iyer,19,F,A1,
8027,5373,Sowmya Hegde,34,F,A1,
8028,5373,Chaya Bhat,48,F,A2,
8029,5373,Vijay Naik,23,M,A3,
8030,5374,Santosh Patil,25,M,A1,
8031,5374,Srinivas Kumar,50,M,A2,
8032,5374,Prakash Shetty,39,M,A3,
8033,5375,Basavaraj Bhat,34,M,A1,
8034,5375,Radha Hegde,43,F,A2,
8035,5376,Shivaraj Hegde,26,M,A1,
8036,5377,Santosh Shetty,27,M,A1,
8037,5378,Sunita Bhat,22,F,A1,
8038,5379,Girish Setty,25,M,A1,
8039,5380,Srinivas Kumar,36,M,A1,
8040,5381,Manjula Bhat,32,F,A1,
8041,5381,Manjunath Naidu,18,M,A2,
8042,5382,Rekha Shetty,35,F,A1,
8043,5382,Nagaraj Naidu,30,M,A2,
8044,5383,Vijay Naik,38,M,A1,
8045,5383,Geeta Poojary,50,F,A2,
8046,5384,Srinivas Bhat,30,M,A1,
8047,5385,Suresh Naik,39,M,A1,REPEAT-042
8048,5386,Manjunath Hegde,51,M,A1,
8049,5386,Vijay Iyer,44,M,A2,
8050,5387,Manjunath Shetty,43,M,A1,
8051,5387,Naveen Setty,53,M,A2,
8052,5388,Radha Reddy,44,F,A1,REPEAT-055
8053,5388,Kumar Poojary,42,M,A2,
8054,5389,Mahesh Reddy,30,M,A1,
8055,5390,Harish Naidu,37,M,A1,REPEAT-015
8056,5391,Savitha Gowda,51,F,A1,
8057,5392,Srinivas Shetty,29,M,A1,
8058,5393,Yogesh Achar,55,M,A1,
8059,5394,Sowmya Shetty,51,F,A1,
8060,5394,Manjunath Naidu,49,M,A2,
8061,5395,Savitha Gowda,47,F,A1,
8062,5396,Basavaraj Kumar,54,M,A1,
8063,5397,Prakash Poojary,37,M,A1,REPEAT-028
8064,5397,Shivaraj Patil,48,M,A2,
8065,5398,Radha Reddy,45,F,A1,REPEAT-055
8066,5399,Srinivas Naidu,38,M,A1,REPEAT-049
8067,5400,Rekha Hegde,45,F,A1,
8068,5401,Anita Shetty,28,F,A1,REPEAT-019
8069,5402,Ramesh Patil,39,M,A1,
8070,5403,Shwetha Poojary,20,F,A1,
8071,5404,Suresh Kumar,32,M,A1,
8072,5405,Ganesh Achar,24,M,A1,
8073,5406,Lakshmi Murthy,44,F,A1,REPEAT-044
8074,5407,Ravi Kumar,20,M,A1,
8075,5407,Sunita Reddy,37,F,A2,
8076,5408,Manjunath Naik,52,M,A1,
8077,5409,Basavaraj Naik,27,M,A1,
8078,5410,Raghu Bhat,35,M,A1,
8079,5411,Radha Achar,45,F,A1,
8080,5412,Kumar Setty,25,M,A1,
8081,5412,Suresh Naidu,46,M,A2,
8082,5413,Anil Bhat,34,M,A1,REPEAT-005
8083,5413,Mahesh Setty,24,M,A2,
8084,5414,Naveen Hegde,55,M,A1,
8085,5414,Anil Murthy,27,M,A2,
8086,5415,Shivaraj Kumar,29,M,A1,REPEAT-024
8087,5415,Raghu Gowda,23,M,A2,
8088,5416,Radha Bhat,31,F,A1,
8089,5416,Suresh Naik,42,M,A2,
8090,5416,Ravi Kumar,28,M,A3,
8091,5417,Anil Gowda,22,M,A1,
8092,5418,Manjula Achar,28,F,A1,
8093,5418,Nandini Bhat,37,F,A2,
8094,5419,Ramesh Bhat,24,M,A1,
8095,5419,Vijay Hegde,24,M,A2,
8096,5420,Lakshmi Murthy,44,F,A1,REPEAT-044
8097,5421,Mahesh Setty,49,M,A1,
8098,5422,Savitha Bhat,45,F,A1,
8099,5422,Shwetha Bhat,23,F,A2,
8100,5423,Chaya Shetty,24,F,A1,
8101,5423,Sunita Murthy,43,F,A2,
8102,5424,Mahesh Naik,50,M,A1,
8103,5424,Mahesh Kumar,22,M,A2,
8104,5425,Anil Bhat,34,M,A1,REPEAT-005
8105,5425,Harish Gowda,49,M,A2,
8106,5425,Suresh Iyer,41,M,A3,
8107,5426,Harish Patil,39,M,A1,REPEAT-053
8108,5426,Kumar Naik,24,M,A2,
8109,5427,Manjunath Murthy,47,M,A1,
8110,5428,Nagaraj Setty,46,M,A1,REPEAT-003
8111,5428,Sunita Gowda,29,F,A2,
8112,5429,Bhagya Bhat,47,F,A1,
8113,5429,Savitha Bhat,20,F,A2,
8114,5430,Raghu Hegde,40,M,A1,REPEAT-045
8115,5431,Basavaraj Hegde,44,M,A1,
8116,5432,Yogesh Kumar,35,M,A1,
8117,5432,Kumar Rao,34,M,A2,
8118,5433,Kavya Reddy,49,F,A1,
8119,5433,Raghu Naidu,48,M,A2,
8120,5433,Deepa Iyer,42,F,A3,
8121,5434,Manjula Poojary,55,F,A1,
8122,5435,Yogesh Achar,24,M,A1,
8123,5435,Naveen Achar,36,M,A2,
8124,5435,Sowmya Achar,28,F,A3,
8125,5436,Vijay Shetty,21,M,A1,REPEAT-007
8126,5436,Yogesh Shetty,21,M,A2,
8127,5437,Anil Bhat,35,M,A1,REPEAT-005
8128,5438,Chaya Achar,47,F,A1,
8129,5439,Manjunath Naik,36,M,A1,
8130,5440,Kavya Naidu,44,F,A1,
8131,5441,Srinivas Naidu,38,M,A1,
8132,5442,Savitha Achar,47,F,A1,
8133,5443,Kumar Naik,39,M,A1,
8134,5443,Kumar Naidu,46,M,A2,
8135,5443,Raghu Achar,29,M,A3,
8136,5444,Manjunath Iyer,27,M,A1,
8137,5445,Lakshmi Reddy,20,F,A1,
8138,5446,Shivaraj Gowda,39,M,A1,
8139,5447,Mahesh Shetty,38,M,A1,REPEAT-022
8140,5447,Ramesh Achar,27,M,A2,
8141,5447,Pooja Kumar,47,F,A3,
8142,5448,Roopa Gowda,37,F,A1,
8143,5449,Nandini Gowda,28,F,A1,
8144,5449,Nagaraj Shetty,44,M,A2,
8145,5450,Kumar Naik,36,M,A1,
8146,5451,Ramesh Hegde,18,M,A1,
8147,5451,Santosh Rao,44,M,A2,
8148,5452,Mahesh Iyer,43,M,A1,
8149,5452,Vijay Murthy,32,M,A2,
8150,5453,Nandini Setty,50,F,A1,
8151,5453,Suresh Rao,22,M,A2,
8152,5454,Ganesh Bhat,36,M,A1,
8153,5455,Manjunath Patil,43,M,A1,
8154,5456,Harish Reddy,45,M,A1,REPEAT-056
8155,5457,Raghu Shetty,22,M,A1,
8156,5458,Geeta Naidu,41,F,A1,
8157,5459,Vijay Naidu,31,M,A1,
8158,5460,Basavaraj Achar,28,M,A1,
8159,5461,Manjunath Kumar,40,M,A1,
8160,5462,Bhagya Iyer,50,F,A1,
8161,5463,Basavaraj Poojary,27,M,A1,
8162,5464,Radha Bhat,49,F,A1,
8163,5464,Ramesh Murthy,54,M,A2,
8164,5465,Harish Achar,46,M,A1,REPEAT-057
8165,5466,Manjunath Murthy,25,M,A1,REPEAT-025
8166,5467,Prakash Poojary,50,M,A1,
8167,5468,Ravi Poojary,41,M,A1,
8168,5469,Mahesh Achar,39,M,A1,
8169,5470,Kavya Murthy,23,F,A1,
8170,5470,Vidya Iyer,26,F,A2,
8171,5470,Manjula Achar,25,F,A3,
8172,5471,Sowmya Achar,41,F,A1,
8173,5472,Deepa Reddy,23,F,A1,
8174,5473,Lakshmi Gowda,44,F,A1,
8175,5474,Anil Shetty,43,M,A1,
8176,5475,Yogesh Naik,42,M,A1,
8177,5476,Vijay Rao,42,M,A1,
8178,5477,Nandini Shetty,22,F,A1,REPEAT-011
8179,5478,Radha Patil,30,F,A1,
8180,5479,Basavaraj Naik,34,M,A1,
8181,5480,Manjula Poojary,51,F,A1,
8182,5481,Vijay Kumar,37,M,A1,
8183,5482,Suresh Shetty,51,M,A1,
8184,5483,Ganesh Hegde,42,M,A1,
8185,5484,Nagaraj Setty,46,M,A1,REPEAT-003
8186,5485,Basavaraj Gowda,35,M,A1,
8187,5486,Pooja Shetty,29,F,A1,
8188,5487,Geeta Shetty,52,F,A1,
8189,5488,Anil Bhat,41,M,A1,REPEAT-054
8190,5489,Naveen Rao,25,M,A1,
8191,5490,Pooja Rao,45,F,A1,
8192,5490,Lakshmi Kumar,23,F,A2,
8193,5491,Srinivas Hegde,25,M,A1,
8194,5491,Lakshmi Poojary,53,F,A2,
8195,5492,Basavaraj Reddy,43,M,A1,REPEAT-031
8196,5492,Anil Bhat,26,M,A2,
8197,5492,Santosh Achar,30,M,A3,
8198,5493,Sowmya Shetty,52,F,A1,
8199,5493,Manjula Rao,48,F,A2,
8200,5493,Vijay Shetty,32,M,A3,
8201,5494,Naveen Patil,26,M,A1,
8202,5494,Ganesh Rao,47,M,A2,
8203,5495,Sunita Setty,52,F,A1,
8204,5496,Deepa Murthy,27,F,A1,
8205,5497,Yogesh Gowda,44,M,A1,
8206,5497,Nagaraj Hegde,46,M,A2,
8207,5498,Rekha Poojary,28,F,A1,
8208,5498,Deepa Setty,37,F,A2,
8209,5499,Raghu Hegde,18,M,A1,
8210,5500,Anil Kumar,26,M,A1,
8211,5500,Prakash Naik,40,M,A2,
8212,5500,Nagaraj Shetty,45,M,A3,
8213,5501,Ramesh Naik,33,M,A1,
8214,5501,Prakash Shetty,30,M,A2,
8215,5502,Shwetha Reddy,39,F,A1,
8216,5503,Kumar Achar,27,M,A1,
8217,5504,Yogesh Gowda,39,M,A1,
8218,5505,Sowmya Poojary,50,F,A1,
8219,5505,Shwetha Gowda,54,F,A2,
8220,5506,Pooja Murthy,38,F,A1,
8221,5507,Lakshmi Murthy,44,F,A1,REPEAT-044
8222,5508,Ganesh Poojary,19,M,A1,
8223,5508,Ganesh Hegde,38,M,A2,
8224,5508,Kavya Shetty,45,F,A3,
8225,5509,Ganesh Gowda,20,M,A1,REPEAT-020
8226,5509,Ramesh Hegde,35,M,A2,
8227,5510,Mahesh Iyer,55,M,A1,
8228,5511,Basavaraj Shetty,20,M,A1,
8229,5511,Bhagya Patil,40,F,A2,
8230,5512,Ramesh Poojary,19,M,A1,
8231,5512,Yogesh Shetty,43,M,A2,
8232,5513,Prakash Poojary,36,M,A1,REPEAT-028
8233,5513,Deepa Achar,38,F,A2,
8234,5514,Naveen Poojary,24,M,A1,
8235,5515,Srinivas Poojary,51,M,A1,
8236,5516,Naveen Gowda,40,M,A1,
8237,5516,Srinivas Murthy,36,M,A2,
8238,5517,Mahesh Reddy,26,M,A1,
8239,5517,Suresh Setty,21,M,A2,
8240,5517,Ravi Kumar,34,M,A3,
8241,5518,Shivaraj Patil,40,M,A1,REPEAT-006
8242,5519,Ravi Hegde,31,M,A1,
8243,5520,Mahesh Shetty,38,M,A1,REPEAT-022
8244,5520,Radha Shetty,29,F,A2,
8245,5520,Kumar Gowda,19,M,A3,
8246,5521,Mahesh Shetty,38,M,A1,REPEAT-022
8247,5522,Kumar Rao,44,M,A1,REPEAT-018
8248,5523,Harish Kumar,31,M,A1,
8249,5524,Raghu Hegde,40,M,A1,
8250,5525,Basavaraj Reddy,42,M,A1,REPEAT-031
8251,5526,Nagaraj Rao,25,M,A1,REPEAT-026
8252,5526,Nandini Iyer,36,F,A2,
8253,5527,Kumar Hegde,28,M,A1,REPEAT-040
8254,5528,Shivaraj Poojary,43,M,A1,
8255,5528,Raghu Hegde,46,M,A2,
8256,5528,Raghu Patil,55,M,A3,
8257,5529,Ganesh Achar,50,M,A1,
8258,5530,Ravi Bhat,25,M,A1,
8259,5530,Nagaraj Hegde,41,M,A2,
8260,5531,Manjunath Murthy,26,M,A1,REPEAT-025
8261,5531,Shivaraj Poojary,28,M,A2,
8262,5532,Ganesh Naidu,33,M,A1,
8263,5533,Manjunath Murthy,47,M,A1,
8264,5534,Nagaraj Shetty,36,M,A1,
8265,5534,Mahesh Poojary,22,M,A2,
8266,5535,Yogesh Naidu,53,M,A1,
8267,5535,Manjunath Bhat,26,M,A2,
8268,5536,Naveen Bhat,37,M,A1,
8269,5537,Yogesh Naidu,41,M,A1,
8270,5537,Kumar Poojary,50,M,A2,
8271,5538,Anita Iyer,37,F,A1,
8272,5539,Srinivas Naik,44,M,A1,
8273,5540,Bhagya Hegde,34,F,A1,
8274,5540,Harish Shetty,31,M,A2,
8275,5541,Manjula Murthy,24,F,A1,
8276,5542,Anita Shetty,28,F,A1,REPEAT-019
8277,5543,Srinivas Iyer,18,M,A1,
8278,5544,Lakshmi Achar,50,F,A1,
8279,5544,Yogesh Patil,38,M,A2,
8280,5544,Manjunath Iyer,24,M,A3,
8281,5545,Rekha Naidu,22,F,A1,
8282,5545,Srinivas Murthy,48,M,A2,
8283,5546,Ramesh Patil,53,M,A1,
8284,5547,Rekha Hegde,40,F,A1,
8285,5547,Savitha Naik,47,F,A2,
8286,5547,Vijay Setty,41,M,A3,
8287,5548,Basavaraj Naidu,28,M,A1,
8288,5548,Vijay Reddy,28,M,A2,
8289,5549,Vijay Hegde,41,M,A1,
8290,5550,Shivaraj Iyer,18,M,A1,
8291,5551,Nagaraj Naidu,37,M,A1,REPEAT-035
8292,5552,Lakshmi Murthy,44,F,A1,REPEAT-044
8293,5553,Pooja Rao,23,F,A1,
8294,5553,Rekha Poojary,36,F,A2,
8295,5554,Yogesh Kumar,44,M,A1,REPEAT-050
8296,5555,Ramesh Achar,33,M,A1,
8297,5555,Suresh Naik,51,M,A2,
8298,5556,Mahesh Murthy,24,M,A1,REPEAT-033
8299,5557,Srinivas Murthy,34,M,A1,
8300,5557,Savitha Iyer,21,F,A2,
8301,5558,Manjunath Hegde,27,M,A1,
8302,5559,Manjula Reddy,18,F,A1,
8303,5559,Naveen Naidu,49,M,A2,
8304,5560,Manjunath Iyer,44,M,A1,REPEAT-051
8305,5561,Ravi Gowda,40,M,A1,
8306,5561,Ganesh Poojary,26,M,A2,
8307,5562,Priya Gowda,45,F,A1,
8308,5563,Raghu Murthy,32,M,A1,
8309,5563,Ganesh Rao,42,M,A2,
8310,5564,Lakshmi Murthy,44,F,A1,REPEAT-044
8311,5565,Chaya Setty,24,F,A1,
8312,5566,Girish Iyer,39,M,A1,
8313,5566,Nandini Poojary,53,F,A2,
8314,5567,Harish Naidu,36,M,A1,REPEAT-015
8315,5567,Lakshmi Rao,29,F,A2,
8316,5568,Nagaraj Setty,45,M,A1,REPEAT-003
8317,5568,Ravi Murthy,37,M,A2,
8318,5569,Anita Kumar,28,F,A1,
8319,5570,Naveen Reddy,51,M,A1,
8320,5571,Bhagya Rao,38,F,A1,
8321,5572,Kumar Bhat,20,M,A1,
8322,5573,Srinivas Naik,48,M,A1,
8323,5573,Suresh Achar,20,M,A2,
8324,5574,Ganesh Patil,29,M,A1,
8325,5575,Ravi Shetty,22,M,A1,
8326,5576,Girish Naik,28,M,A1,
8327,5576,Ravi Gowda,23,M,A2,
8328,5577,Radha Hegde,54,F,A1,
8329,5578,Kumar Setty,27,M,A1,
8330,5578,Ramesh Murthy,43,M,A2,
8331,5579,Deepa Patil,24,F,A1,
8332,5579,Basavaraj Patil,20,M,A2,
8333,5580,Manjunath Kumar,41,M,A1,
8334,5581,Shivaraj Poojary,21,M,A1,
8335,5581,Harish Achar,41,M,A2,
8336,5582,Shobha Rao,52,F,A1,
8337,5583,Vijay Patil,38,M,A1,
8338,5584,Santosh Achar,27,M,A1,
8339,5585,Raghu Reddy,27,M,A1,
8340,5585,Rekha Rao,46,F,A2,
8341,5586,Radha Reddy,44,F,A1,REPEAT-055
8342,5587,Mahesh Setty,50,M,A1,
8343,5588,Deepa Reddy,50,F,A1,
8344,5589,Shwetha Reddy,39,F,A1,
8345,5589,Mahesh Achar,28,M,A2,
8346,5590,Vidya Iyer,39,F,A1,
8347,5591,Naveen Gowda,25,M,A1,
8348,5591,Ravi Bhat,35,M,A2,
8349,5592,Santosh Naidu,37,M,A1,
8350,5592,Shobha Iyer,48,F,A2,
8351,5592,Roopa Gowda,27,F,A3,
8352,5593,Harish Naik,18,M,A1,
8353,5594,Ganesh Iyer,32,M,A1,
8354,5595,Priya Achar,43,F,A1,
8355,5595,Ganesh Murthy,40,M,A2,
8356,5596,Raghu Patil,30,M,A1,
8357,5596,Shivaraj Gowda,43,M,A2,
8358,5597,Kumar Shetty,44,M,A1,
8359,5598,Pooja Naidu,36,F,A1,
8360,5598,Anita Naidu,40,F,A2,
8361,5599,Vijay Poojary,50,M,A1,
8362,5600,Harish Achar,24,M,A1,
8363,5600,Prakash Reddy,18,M,A2,
8364,5601,Harish Murthy,42,M,A1,
8365,5601,Girish Rao,44,M,A2,
8366,5602,Harish Reddy,44,M,A1,REPEAT-056
8367,5603,Chaya Rao,36,F,A1,
8368,5603,Sunita Gowda,42,F,A2,
8369,5604,Srinivas Bhat,32,M,A1,
8370,5604,Radha Poojary,32,F,A2,
8371,5604,Shobha Gowda,34,F,A3,
8372,5605,Vijay Murthy,49,M,A1,
8373,5606,Manjunath Bhat,33,M,A1,REPEAT-030
8374,5607,Nandini Reddy,54,F,A1,
8375,5607,Shwetha Patil,54,F,A2,
8376,5608,Srinivas Hegde,32,M,A1,REPEAT-046
8377,5608,Basavaraj Shetty,33,M,A2,
8378,5609,Manjunath Naidu,52,M,A1,
8379,5609,Mahesh Hegde,25,M,A2,
8380,5609,Pooja Setty,27,F,A3,
8381,5610,Basavaraj Kumar,36,M,A1,
8382,5611,Ravi Kumar,35,M,A1,
8383,5611,Lakshmi Hegde,44,F,A2,
8384,5612,Nagaraj Reddy,53,M,A1,
8385,5612,Anil Achar,19,M,A2,
8386,5613,Ramesh Murthy,47,M,A1,
8387,5614,Vijay Gowda,53,M,A1,
8388,5614,Anita Achar,21,F,A2,
8389,5615,Nagaraj Reddy,46,M,A1,
8390,5616,Harish Hegde,20,M,A1,
8391,5617,Anil Kumar,22,M,A1,
8392,5618,Kavya Reddy,24,F,A1,
8393,5618,Kumar Achar,48,M,A2,
8394,5619,Shivaraj Kumar,29,M,A1,REPEAT-024
8395,5620,Basavaraj Setty,32,M,A1,
8396,5621,Geeta Bhat,19,F,A1,
8397,5622,Harish Hegde,55,M,A1,
8398,5623,Sowmya Poojary,27,F,A1,
8399,5624,Sowmya Naidu,18,F,A1,
8400,5625,Deepa Poojary,21,F,A1,
8401,5625,Mahesh Patil,19,M,A2,
8402,5625,Shwetha Gowda,41,F,A3,
8403,5626,Pooja Gowda,39,F,A1,
8404,5627,Santosh Iyer,51,M,A1,
8405,5628,Anita Murthy,44,F,A1,
8406,5628,Rekha Hegde,51,F,A2,
8407,5628,Girish Setty,54,M,A3,
8408,5629,Anil Setty,36,M,A1,
8409,5629,Yogesh Naidu,30,M,A2,
8410,5630,Santosh Rao,44,M,A1,
8411,5631,Roopa Gowda,48,F,A1,
8412,5632,Vijay Bhat,43,M,A1,
8413,5632,Harish Setty,42,M,A2,
8414,5632,Nagaraj Gowda,30,M,A3,
8415,5633,Mahesh Shetty,37,M,A1,REPEAT-022
8416,5634,Shivaraj Kumar,30,M,A1,REPEAT-024
8417,5635,Raghu Achar,49,M,A1,
8418,5635,Ganesh Kumar,19,M,A2,
8419,5636,Manjunath Rao,32,M,A1,
8420,5637,Bhagya Rao,28,F,A1,
8421,5638,Mahesh Shetty,38,M,A1,REPEAT-022
8422,5638,Srinivas Iyer,45,M,A2,
8423,5639,Rekha Naik,33,F,A1,
8424,5639,Geeta Gowda,44,F,A2,
8425,5640,Vijay Bhat,37,M,A1,
8426,5641,Shivaraj Hegde,32,M,A1,
8427,5641,Raghu Murthy,19,M,A2,
8428,5642,Geeta Poojary,32,F,A1,
8429,5643,Nagaraj Reddy,26,M,A1,
8430,5644,Harish Naidu,37,M,A1,REPEAT-015
8431,5645,Mahesh Murthy,23,M,A1,REPEAT-033
8432,5646,Santosh Naik,41,M,A1,
8433,5646,Mahesh Iyer,24,M,A2,
8434,5646,Ramesh Patil,53,M,A3,
8435,5647,Shivaraj Bhat,38,M,A1,
8436,5647,Kavya Bhat,49,F,A2,
8437,5648,Shivaraj Murthy,37,M,A1,
8438,5649,Anil Naidu,21,M,A1,
8439,5650,Mahesh Murthy,24,M,A1,REPEAT-033
8440,5650,Deepa Reddy,53,F,A2,
8441,5651,Girish Poojary,39,M,A1,
8442,5651,Anil Setty,21,M,A2,
8443,5652,Kumar Murthy,45,M,A1,REPEAT-048
8444,5653,Vijay Poojary,23,M,A1,
8445,5654,Vidya Iyer,23,F,A1,
8446,5654,Yogesh Setty,39,M,A2,
8447,5655,Harish Naik,47,M,A1,
8448,5656,Nagaraj Rao,18,M,A1,
8449,5657,Sunita Setty,31,F,A1,
8450,5658,Naveen Murthy,44,M,A1,REPEAT-002
8451,5658,Yogesh Iyer,25,M,A2,
8452,5659,Nandini Patil,33,F,A1,
8453,5659,Chaya Achar,52,F,A2,
8454,5660,Prakash Achar,18,M,A1,
8455,5660,Srinivas Naidu,40,M,A2,
8456,5660,Shobha Achar,33,F,A3,
8457,5661,Srinivas Naidu,37,M,A1,REPEAT-049
8458,5662,Girish Bhat,18,M,A1,
8459,5663,Prakash Patil,55,M,A1,
8460,5663,Raghu Shetty,43,M,A2,
8461,5664,Nandini Shetty,25,F,A1,
8462,5664,Ramesh Naik,26,M,A2,
8463,5665,Vijay Bhat,44,M,A1,
8464,5666,Ramesh Achar,45,M,A1,
8465,5667,Deepa Naik,39,F,A1,
8466,5668,Manjula Kumar,33,F,A1,
8467,5669,Suresh Iyer,49,M,A1,
8468,5670,Mahesh Setty,18,M,A1,
8469,5671,Harish Hegde,18,M,A1,
8470,5671,Anita Poojary,35,F,A2,
8471,5672,Yogesh Naidu,24,M,A1,REPEAT-001
8472,5673,Kumar Setty,38,M,A1,REPEAT-043
8473,5674,Santosh Bhat,48,M,A1,
8474,5674,Ravi Naidu,43,M,A2,
8475,5675,Raghu Shetty,37,M,A1,
8476,5676,Vidya Poojary,33,F,A1,
8477,5676,Deepa Bhat,27,F,A2,
8478,5676,Nandini Patil,54,F,A3,
8479,5677,Harish Patil,40,M,A1,REPEAT-053
8480,5678,Manjula Bhat,45,F,A1,
8481,5678,Basavaraj Poojary,50,M,A2,
8482,5679,Pooja Reddy,41,F,A1,
8483,5680,Vijay Iyer,42,M,A1,
8484,5681,Ravi Bhat,23,M,A1,
8485,5682,Prakash Murthy,54,M,A1,
8486,5682,Shwetha Reddy,21,F,A2,
8487,5683,Savitha Naidu,22,F,A1,REPEAT-013
8488,5684,Nagaraj Hegde,31,M,A1,
8489,5685,Mahesh Naidu,27,M,A1,
8490,5685,Kumar Iyer,51,M,A2,
8491,5686,Deepa Hegde,46,F,A1,
8492,5686,Naveen Murthy,19,M,A2,
8493,5687,Srinivas Shetty,45,M,A1,
8494,5688,Sunita Patil,46,F,A1,
8495,5689,Manjunath Kumar,51,M,A1,
8496,5689,Ravi Setty,23,M,A2,
8497,5690,Nagaraj Naidu,37,M,A1,REPEAT-035
8498,5690,Yogesh Setty,45,M,A2,
8499,5691,Sowmya Shetty,34,F,A1,
8500,5692,Anil Reddy,22,M,A1,
8501,5692,Rekha Shetty,53,F,A2,
8502,5693,Anil Hegde,52,M,A1,
8503,5693,Anil Shetty,54,M,A2,
8504,5694,Kumar Bhat,47,M,A1,
8505,5695,Santosh Poojary,21,M,A1,
8506,5696,Harish Naidu,36,M,A1,REPEAT-015
8507,5696,Srinivas Bhat,38,M,A2,
8508,5697,Kavya Iyer,40,F,A1,
8509,5698,Naveen Shetty,25,M,A1,
8510,5698,Radha Bhat,41,F,A2,
8511,5698,Girish Naidu,21,M,A3,
8512,5699,Srinivas Iyer,24,M,A1,
8513,5700,Naveen Achar,18,M,A1,
8514,5701,Prakash Reddy,41,M,A1,
8515,5702,Radha Gowda,25,F,A1,
8516,5702,Sunita Naidu,25,F,A2,
8517,5703,Manjunath Murthy,25,M,A1,REPEAT-025
8518,5704,Yogesh Kumar,45,M,A1,REPEAT-050
8519,5705,Savitha Naidu,20,F,A1,
8520,5705,Geeta Naik,53,F,A2,
8521,5706,Anita Shetty,29,F,A1,REPEAT-019
8522,5706,Anil Setty,44,M,A2,
8523,5707,Yogesh Naidu,24,M,A1,REPEAT-001
8524,5708,Ganesh Gowda,20,M,A1,REPEAT-020
8525,5708,Girish Poojary,18,M,A2,
8526,5708,Harish Achar,26,M,A3,
8527,5709,Raghu Naidu,40,M,A1,
8528,5709,Nagaraj Rao,37,M,A2,
8529,5709,Manjunath Bhat,22,M,A3,
8530,5710,Harish Patil,39,M,A1,REPEAT-053
8531,5711,Ganesh Gowda,53,M,A1,
8532,5712,Savitha Naik,38,F,A1,
8533,5713,Ravi Kumar,34,M,A1,
8534,5714,Santosh Bhat,37,M,A1,
8535,5715,Vidya Hegde,20,F,A1,REPEAT-041
8536,5715,Kavya Rao,55,F,A2,
8537,5716,Kumar Patil,55,M,A1,
8538,5717,Santosh Murthy,38,M,A1,
8539,5718,Mahesh Shetty,28,M,A1,
8540,5718,Prakash Naik,45,M,A2,
8541,5719,Harish Shetty,26,M,A1,
8542,5719,Santosh Murthy,26,M,A2,
8543,5720,Santosh Hegde,46,M,A1,
8544,5720,Yogesh Shetty,24,M,A2,
8545,5721,Anil Naidu,34,M,A1,
8546,5722,Manjula Achar,38,F,A1,
8547,5722,Vijay Setty,27,M,A2,
8548,5723,Mahesh Setty,51,M,A1,
8549,5723,Sunita Bhat,40,F,A2,
8550,5723,Sunita Shetty,40,F,A3,
8551,5724,Sowmya Rao,44,F,A1,
8552,5725,Ramesh Naik,36,M,A1,
8553,5726,Ravi Naidu,35,M,A1,
8554,5726,Geeta Reddy,55,F,A2,
8555,5726,Yogesh Bhat,53,M,A3,
8556,5727,Vidya Reddy,30,F,A1,
8557,5727,Vidya Bhat,37,F,A2,
8558,5728,Yogesh Kumar,42,M,A1,
8559,5729,Manjunath Poojary,43,M,A1,
8560,5729,Yogesh Naik,39,M,A2,
8561,5730,Suresh Kumar,48,M,A1,
8562,5731,Raghu Murthy,25,M,A1,
8563,5732,Prakash Naik,51,M,A1,
8564,5733,Vijay Poojary,36,M,A1,
8565,5733,Anil Achar,20,M,A2,
8566,5734,Raghu Gowda,26,M,A1,
8567,5735,Shivaraj Murthy,21,M,A1,
8568,5735,Basavaraj Poojary,26,M,A2,
8569,5736,Yogesh Naidu,24,M,A1,REPEAT-001
8570,5736,Priya Murthy,35,F,A2,
8571,5737,Nandini Setty,51,F,A1,
8572,5738,Shwetha Naik,26,F,A1,
8573,5739,Ramesh Iyer,52,M,A1,
8574,5740,Naveen Setty,32,M,A1,REPEAT-036
8575,5741,Nagaraj Bhat,22,M,A1,
8576,5742,Manjunath Patil,40,M,A1,
8577,5742,Ganesh Patil,46,M,A2,
8578,5743,Geeta Reddy,50,F,A1,
8579,5744,Srinivas Achar,19,M,A1,
8580,5744,Manjula Achar,29,F,A2,
8581,5745,Chaya Kumar,33,F,A1,
8582,5745,Anil Naidu,25,M,A2,
8583,5746,Suresh Naidu,29,M,A1,
8584,5747,Nagaraj Patil,29,M,A1,
8585,5748,Yogesh Naidu,25,M,A1,REPEAT-001
8586,5749,Mahesh Shetty,37,M,A1,REPEAT-022
8587,5750,Yogesh Shetty,44,M,A1,
8588,5750,Shwetha Naidu,45,F,A2,
8589,5751,Kumar Poojary,49,M,A1,
8590,5751,Savitha Bhat,48,F,A2,
8591,5752,Mahesh Hegde,41,M,A1,
8592,5752,Anil Hegde,47,M,A2,
8593,5752,Shivaraj Rao,22,M,A3,
8594,5753,Chaya Bhat,48,F,A1,
8595,5754,Naveen Hegde,46,M,A1,
8596,5754,Lakshmi Achar,44,F,A2,
8597,5755,Basavaraj Gowda,30,M,A1,
8598,5756,Santosh Naidu,48,M,A1,
8599,5757,Santosh Setty,30,M,A1,
8600,5758,Manjunath Naidu,47,M,A1,
8601,5759,Nandini Kumar,39,F,A1,
8602,5760,Vijay Hegde,23,M,A1,
8603,5761,Basavaraj Poojary,47,M,A1,
8604,5761,Mahesh Murthy,54,M,A2,
8605,5762,Suresh Naik,38,M,A1,REPEAT-042
8606,5762,Prakash Bhat,27,M,A2,
8607,5762,Prakash Shetty,23,M,A3,
8608,5763,Ravi Naik,29,M,A1,
8609,5763,Kavya Achar,18,F,A2,
8610,5763,Vijay Hegde,35,M,A3,
8611,5764,Bhagya Patil,33,F,A1,
8612,5765,Shivaraj Bhat,18,M,A1,
8613,5766,Srinivas Naidu,37,M,A1,REPEAT-049
8614,5766,Girish Achar,45,M,A2,
8615,5767,Harish Patil,39,M,A1,REPEAT-053
8616,5767,Prakash Gowda,52,M,A2,
8617,5768,Raghu Patil,31,M,A1,
8618,5768,Prakash Murthy,27,M,A2,
8619,5768,Ramesh Naidu,37,M,A3,
8620,5769,Chaya Kumar,23,F,A1,
8621,5770,Ramesh Naik,34,M,A1,
8622,5771,Priya Hegde,51,F,A1,
8623,5771,Nandini Murthy,35,F,A2,
8624,5772,Naveen Hegde,49,M,A1,
8625,5773,Naveen Reddy,46,M,A1,
8626,5774,Nagaraj Setty,20,M,A1,
8627,5774,Ravi Hegde,29,M,A2,
8628,5775,Raghu Rao,50,M,A1,
8629,5776,Kavya Bhat,28,F,A1,
8630,5777,Shobha Naik,20,F,A1,
8631,5778,Nandini Kumar,42,F,A1,REPEAT-012
8632,5778,Shivaraj Hegde,39,M,A2,
8633,5778,Nagaraj Bhat,27,M,A3,
8634,5779,Naveen Murthy,43,M,A1,REPEAT-002
8635,5779,Roopa Rao,52,F,A2,
8636,5780,Vijay Achar,49,M,A1,
8637,5781,Manjunath Murthy,54,M,A1,
8638,5782,Mahesh Bhat,47,M,A1,
8639,5783,Basavaraj Hegde,18,M,A1,
8640,5784,Suresh Naik,38,M,A1,REPEAT-042
8641,5784,Geeta Naik,22,F,A2,
8642,5785,Naveen Reddy,45,M,A1,
8643,5785,Shivaraj Hegde,28,M,A2,
8644,5786,Pooja Patil,46,F,A1,
8645,5787,Prakash Bhat,44,M,A1,
8646,5787,Geeta Iyer,45,F,A2,
8647,5788,Shivaraj Kumar,30,M,A1,REPEAT-024
8648,5789,Deepa Naik,46,F,A1,
8649,5790,Manjunath Achar,41,M,A1,
8650,5791,Nandini Gowda,21,F,A1,
8651,5792,Sunita Achar,22,F,A1,
8652,5792,Vijay Iyer,30,M,A2,
8653,5793,Anil Rao,28,M,A1,
8654,5793,Shobha Rao,19,F,A2,
8655,5794,Kavya Murthy,47,F,A1,
8656,5794,Shobha Patil,42,F,A2,
8657,5795,Manjunath Patil,52,M,A1,
8658,5795,Ganesh Achar,38,M,A2,
8659,5796,Nandini Achar,31,F,A1,
8660,5796,Basavaraj Bhat,22,M,A2,
8661,5797,Mahesh Shetty,37,M,A1,REPEAT-022
8662,5798,Vijay Shetty,54,M,A1,
8663,5799,Ganesh Shetty,41,M,A1,REPEAT-029
8664,5799,Vijay Iyer,27,M,A2,
8665,5800,Harish Kumar,30,M,A1,
8666,5801,Kumar Naidu,19,M,A1,
8667,5801,Sunita Reddy,52,F,A2,
8668,5802,Harish Achar,45,M,A1,REPEAT-057
8669,5802,Ramesh Iyer,21,M,A2,
8670,5803,Srinivas Naidu,37,M,A1,REPEAT-049
8671,5804,Anil Gowda,21,M,A1,REPEAT-052
8672,5804,Mahesh Iyer,32,M,A2,
8673,5805,Basavaraj Achar,34,M,A1,
8674,5806,Ramesh Naidu,23,M,A1,
8675,5806,Prakash Murthy,54,M,A2,
8676,5807,Radha Murthy,50,F,A1,
8677,5807,Vijay Kumar,34,M,A2,
8678,5807,Nagaraj Murthy,20,M,A3,
8679,5808,Mahesh Bhat,26,M,A1,
8680,5808,Pooja Gowda,32,F,A2,
8681,5808,Mahesh Naik,41,M,A3,
8682,5809,Vidya Naik,20,F,A1,
8683,5809,Geeta Hegde,49,F,A2,
8684,5810,Roopa Rao,49,F,A1,
8685,5810,Prakash Naidu,22,M,A2,
8686,5811,Lakshmi Poojary,37,F,A1,
8687,5812,Harish Achar,46,M,A1,REPEAT-057
8688,5813,Mahesh Shetty,37,M,A1,REPEAT-022
8689,5814,Suresh Naik,50,M,A1,
8690,5815,Shivaraj Kumar,29,M,A1,REPEAT-024
8691,5815,Pooja Naik,38,F,A2,
8692,5816,Ganesh Naidu,26,M,A1,
8693,5817,Yogesh Naidu,25,M,A1,REPEAT-001
8694,5818,Manjunath Patil,46,M,A1,
8695,5819,Kumar Iyer,21,M,A1,REPEAT-038
8696,5820,Mahesh Reddy,19,M,A1,
8697,5821,Naveen Patil,47,M,A1,
8698,5822,Anil Bhat,35,M,A1,REPEAT-005
8699,5823,Yogesh Shetty,39,M,A1,
8700,5823,Rekha Murthy,43,F,A2,
8701,5823,Radha Bhat,39,F,A3,
8702,5824,Vijay Murthy,32,M,A1,
8703,5824,Basavaraj Shetty,28,M,A2,
8704,5825,Shobha Achar,32,F,A1,
8705,5825,Santosh Setty,40,M,A2,
8706,5826,Roopa Iyer,41,F,A1,
8707,5826,Ramesh Iyer,53,M,A2,
8708,5826,Geeta Setty,27,F,A3,
8709,5827,Ganesh Rao,40,M,A1,
8710,5828,Mahesh Shetty,37,M,A1,REPEAT-022
8711,5829,Basavaraj Naik,40,M,A1,
8712,5830,Harish Patil,39,M,A1,REPEAT-053
8713,5830,Shivaraj Hegde,23,M,A2,
8714,5831,Bhagya Murthy,38,F,A1,
8715,5831,Yogesh Hegde,52,M,A2,
8716,5832,Kumar Murthy,45,M,A1,
8717,5833,Lakshmi Rao,48,F,A1,
8718,5833,Nandini Patil,28,F,A2,
8719,5833,Geeta Hegde,38,F,A3,
8720,5834,Geeta Gowda,44,F,A1,
8721,5834,Basavaraj Naik,36,M,A2,
8722,5835,Naveen Gowda,48,M,A1,
8723,5835,Srinivas Reddy,33,M,A2,
8724,5836,Vijay Gowda,23,M,A1,
8725,5836,Prakash Hegde,48,M,A2,
8726,5837,Radha Shetty,26,F,A1,
8727,5838,Yogesh Reddy,51,M,A1,
8728,5838,Prakash Setty,19,M,A2,
8729,5839,Sunita Shetty,23,F,A1,
8730,5840,Suresh Setty,31,M,A1,REPEAT-034
8731,5840,Anil Achar,19,M,A2,
8732,5841,Basavaraj Kumar,40,M,A1,
8733,5842,Basavaraj Reddy,29,M,A1,
8734,5842,Basavaraj Naidu,32,M,A2,
8735,5843,Ganesh Gowda,36,M,A1,
8736,5844,Rekha Shetty,25,F,A1,
8737,5845,Mahesh Murthy,24,M,A1,REPEAT-033
8738,5846,Nandini Setty,50,F,A1,
8739,5846,Geeta Rao,32,F,A2,
8740,5847,Vidya Iyer,51,F,A1,
8741,5848,Shivaraj Naidu,30,M,A1,
8742,5849,Anil Naidu,44,M,A1,
8743,5850,Srinivas Reddy,48,M,A1,
8744,5851,Manjunath Poojary,35,M,A1,REPEAT-004
8745,5852,Naveen Setty,33,M,A1,REPEAT-036
8746,5853,Naveen Murthy,42,M,A1,
8747,5854,Ravi Gowda,30,M,A1,
8748,5855,Mahesh Murthy,24,M,A1,REPEAT-033
8749,5856,Nagaraj Setty,46,M,A1,REPEAT-003
8750,5857,Shwetha Patil,29,F,A1,
8751,5857,Santosh Shetty,42,M,A2,
8752,5857,Vijay Reddy,34,M,A3,
8753,5858,Santosh Poojary,34,M,A1,
8754,5858,Ravi Murthy,27,M,A2,
8755,5859,Vidya Iyer,25,F,A1,
8756,5860,Rekha Iyer,51,F,A1,
8757,5861,Basavaraj Iyer,49,M,A1,
8758,5862,Kumar Gowda,27,M,A1,
8759,5862,Raghu Naidu,35,M,A2,
8760,5863,Srinivas Naidu,37,M,A1,REPEAT-049
8761,5863,Pooja Naidu,41,F,A2,
8762,5864,Yogesh Naik,20,M,A1,
8763,5864,Girish Achar,38,M,A2,
8764,5865,Nagaraj Murthy,37,M,A1,
8765,5866,Shwetha Bhat,32,F,A1,
8766,5867,Mahesh Shetty,18,M,A1,
8767,5868,Harish Naik,53,M,A1,
8768,5869,Kumar Naidu,42,M,A1,
8769,5870,Mahesh Shetty,37,M,A1,REPEAT-022
8770,5870,Roopa Rao,38,F,A2,
8771,5871,Rekha Iyer,24,F,A1,
8772,5871,Basavaraj Patil,33,M,A2,
8773,5872,Ramesh Naik,25,M,A1,
8774,5873,Naveen Patil,39,M,A1,
8775,5874,Nagaraj Rao,49,M,A1,
8776,5874,Bhagya Hegde,47,F,A2,
8777,5875,Manjula Achar,20,F,A1,
8778,5876,Manjunath Kumar,53,M,A1,
8779,5876,Raghu Poojary,28,M,A2,
8780,5877,Kumar Achar,35,M,A1,
8781,5878,Ramesh Reddy,30,M,A1,
8782,5879,Vijay Shetty,22,M,A1,REPEAT-007
8783,5879,Manjula Achar,19,F,A2,
8784,5879,Prakash Poojary,46,M,A3,
8785,5880,Mahesh Reddy,28,M,A1,
8786,5880,Vijay Iyer,26,M,A2,
8787,5881,Nagaraj Setty,45,M,A1,REPEAT-003
8788,5882,Prakash Achar,52,M,A1,
8789,5882,Yogesh Naidu,35,M,A2,
8790,5883,Shwetha Shetty,26,F,A1,
8791,5884,Shwetha Iyer,27,F,A1,
8792,5885,Raghu Naidu,49,M,A1,
8793,5885,Pooja Poojary,20,F,A2,
8794,5885,Mahesh Kumar,38,M,A3,
8795,5886,Girish Reddy,42,M,A1,
8796,5886,Vijay Bhat,18,M,A2,
8797,5887,Santosh Iyer,50,M,A1,
8798,5888,Girish Murthy,52,M,A1,
8799,5888,Vidya Reddy,40,F,A2,
8800,5889,Roopa Achar,35,F,A1,
8801,5889,Suresh Naik,47,M,A2,
8802,5890,Manjunath Setty,43,M,A1,REPEAT-016
8803,5891,Rekha Poojary,28,F,A1,
8804,5892,Kavya Bhat,21,F,A1,
8805,5892,Roopa Naik,19,F,A2,
8806,5893,Naveen Iyer,28,M,A1,
8807,5894,Srinivas Achar,43,M,A1,
8808,5895,Shobha Patil,23,F,A1,
8809,5895,Kumar Reddy,35,M,A2,
8810,5896,Basavaraj Shetty,41,M,A1,REPEAT-023
8811,5897,Vijay Hegde,37,M,A1,
8812,5898,Deepa Kumar,31,F,A1,
8813,5898,Nagaraj Murthy,27,M,A2,
8814,5899,Ramesh Hegde,42,M,A1,
8815,5900,Girish Poojary,32,M,A1,
8816,5901,Naveen Naidu,51,M,A1,
8817,5901,Anil Patil,36,M,A2,
8818,5901,Raghu Hegde,25,M,A3,
8819,5902,Raghu Gowda,26,M,A1,
8820,5903,Mahesh Hegde,48,M,A1,
8821,5904,Manjunath Murthy,26,M,A1,REPEAT-025
8822,5905,Yogesh Naidu,25,M,A1,REPEAT-001
8823,5906,Harish Bhat,42,M,A1,
8824,5907,Vijay Shetty,21,M,A1,REPEAT-007
8825,5908,Manjula Gowda,27,F,A1,
8826,5908,Naveen Achar,30,M,A2,
8827,5908,Srinivas Hegde,30,M,A3,
8828,5909,Yogesh Shetty,31,M,A1,
8829,5910,Naveen Gowda,29,M,A1,
8830,5911,Ramesh Iyer,32,M,A1,
8831,5911,Ramesh Poojary,25,M,A2,
8832,5911,Suresh Poojary,34,M,A3,
8833,5912,Girish Naik,55,M,A1,
8834,5913,Nandini Rao,33,F,A1,
8835,5913,Srinivas Setty,49,M,A2,
8836,5913,Nagaraj Achar,40,M,A3,
8837,5914,Sunita Naik,28,F,A1,
8838,5915,Harish Poojary,23,M,A1,
8839,5916,Deepa Naidu,36,F,A1,
8840,5916,Basavaraj Gowda,18,M,A2,
8841,5917,Yogesh Kumar,44,M,A1,REPEAT-050
8842,5918,Mahesh Shetty,37,M,A1,REPEAT-022
8843,5918,Priya Hegde,36,F,A2,
8844,5919,Srinivas Hegde,32,M,A1,REPEAT-046
8845,5920,Raghu Bhat,26,M,A1,
8846,5920,Basavaraj Poojary,49,M,A2,
8847,5920,Manjula Kumar,43,F,A3,
8848,5921,Nagaraj Achar,32,M,A1,
8849,5922,Ravi Naidu,47,M,A1,
8850,5923,Anil Kumar,34,M,A1,
8851,5923,Manjula Rao,28,F,A2,
8852,5923,Nandini Naik,25,F,A3,
8853,5924,Srinivas Bhat,49,M,A1,
8854,5924,Shivaraj Poojary,49,M,A2,
8855,5924,Priya Setty,41,F,A3,
8856,5925,Priya Murthy,23,F,A1,REPEAT-010
8857,5926,Chaya Reddy,35,F,A1,
8858,5927,Prakash Naidu,27,M,A1,
8859,5928,Nagaraj Setty,45,M,A1,REPEAT-003
8860,5929,Srinivas Iyer,29,M,A1,
8861,5930,Manjula Hegde,42,F,A1,
8862,5931,Santosh Setty,20,M,A1,
8863,5932,Prakash Naidu,50,M,A1,
8864,5933,Ganesh Hegde,37,M,A1,REPEAT-060
8865,5934,Girish Hegde,21,M,A1,
8866,5935,Nagaraj Shetty,43,M,A1,
8867,5936,Sunita Shetty,32,F,A1,
8868,5936,Radha Bhat,21,F,A2,
8869,5937,Anita Patil,25,F,A1,REPEAT-014
8870,5938,Srinivas Rao,54,M,A1,
8871,5938,Kumar Naidu,21,M,A2,
8872,5939,Naveen Naik,38,M,A1,REPEAT-021
8873,5939,Anil Gowda,48,M,A2,
8874,5940,Santosh Shetty,22,M,A1,
8875,5940,Prakash Kumar,44,M,A2,
8876,5941,Nagaraj Naidu,37,M,A1,REPEAT-035
8877,5941,Anil Reddy,27,M,A2,
8878,5942,Vidya Hegde,55,F,A1,
8879,5943,Naveen Murthy,43,M,A1,REPEAT-002
8880,5943,Roopa Setty,27,F,A2,
8881,5944,Naveen Bhat,55,M,A1,
8882,5945,Bhagya Achar,22,F,A1,
8883,5946,Nandini Patil,52,F,A1,
8884,5946,Deepa Hegde,55,F,A2,
8885,5946,Suresh Patil,24,M,A3,
8886,5947,Suresh Naik,38,M,A1,REPEAT-042
8887,5947,Shivaraj Naidu,34,M,A2,
8888,5947,Ravi Kumar,23,M,A3,
8889,5948,Vijay Bhat,33,M,A1,
8890,5948,Ramesh Bhat,44,M,A2,
8891,5948,Ganesh Setty,44,M,A3,
8892,5949,Anita Naik,26,F,A1,
8893,5950,Shivaraj Iyer,36,M,A1,
8894,5951,Vijay Bhat,52,M,A1,
8895,5952,Mahesh Hegde,25,M,A1,
8896,5953,Manjunath Bhat,32,M,A1,REPEAT-030
8897,5953,Anil Setty,25,M,A2,
8898,5954,Basavaraj Reddy,42,M,A1,REPEAT-031
8899,5955,Ravi Naidu,49,M,A1,
8900,5955,Lakshmi Murthy,25,F,A2,
8901,5956,Harish Patil,40,M,A1,REPEAT-053
8902,5956,Yogesh Hegde,42,M,A2,
8903,5957,Raghu Iyer,20,M,A1,
8904,5958,Rekha Poojary,50,F,A1,
8905,5958,Santosh Hegde,31,M,A2,
8906,5958,Naveen Kumar,37,M,A3,
8907,5959,Radha Reddy,44,F,A1,REPEAT-055
8908,5959,Geeta Patil,46,F,A2,
8909,5959,Prakash Poojary,51,M,A3,
8910,5960,Basavaraj Setty,27,M,A1,
8911,5961,Naveen Murthy,27,M,A1,
8912,5962,Ganesh Gowda,26,M,A1,
8913,5963,Kumar Naidu,28,M,A1,
8914,5963,Roopa Bhat,39,F,A2,
8915,5963,Santosh Patil,45,M,A3,
8916,5964,Manjula Shetty,40,F,A1,
8917,5965,Suresh Iyer,34,M,A1,
8918,5965,Naveen Naidu,31,M,A2,
8919,5966,Naveen Murthy,43,M,A1,REPEAT-002
8920,5966,Chaya Hegde,42,F,A2,
8921,5966,Shivaraj Achar,34,M,A3,
8922,5967,Savitha Shetty,25,F,A1,
8923,5968,Ravi Poojary,22,M,A1,
8924,5969,Suresh Shetty,29,M,A1,
8925,5969,Santosh Achar,22,M,A2,
8926,5970,Basavaraj Reddy,40,M,A1,
8927,5971,Geeta Patil,31,F,A1,
8928,5971,Priya Patil,41,F,A2,
8929,5972,Nagaraj Setty,46,M,A1,REPEAT-003
8930,5973,Ravi Naidu,19,M,A1,
8931,5974,Shwetha Naidu,38,F,A1,
8932,5974,Naveen Achar,27,M,A2,
8933,5974,Srinivas Rao,32,M,A3,
8934,5975,Sowmya Bhat,21,F,A1,
8935,5976,Vijay Achar,42,M,A1,
8936,5977,Ganesh Rao,29,M,A1,
8937,5977,Deepa Iyer,30,F,A2,
8938,5977,Naveen Kumar,29,M,A3,
8939,5978,Kumar Iyer,44,M,A1,
8940,5978,Prakash Poojary,32,M,A2,
8941,5978,Srinivas Achar,44,M,A3,
8942,5979,Ramesh Shetty,28,M,A1,
8943,5980,Roopa Reddy,37,F,A1,
8944,5981,Deepa Naidu,48,F,A1,
8945,5981,Chaya Achar,40,F,A2,
8946,5981,Mahesh Setty,23,M,A3,
8947,5982,Priya Naik,51,F,A1,
8948,5982,Vijay Hegde,35,M,A2,
8949,5982,Anil Gowda,31,M,A3,
8950,5983,Radha Shetty,53,F,A1,
8951,5983,Srinivas Rao,51,M,A2,
8952,5984,Ravi Gowda,54,M,A1,
8953,5985,Shobha Hegde,23,F,A1,
8954,5986,Santosh Murthy,38,M,A1,
8955,5986,Kavya Gowda,29,F,A2,
8956,5987,Raghu Gowda,28,M,A1,
8957,5988,Suresh Naik,39,M,A1,REPEAT-042
8958,5989,Srinivas Patil,38,M,A1,
8959,5989,Raghu Reddy,25,M,A2,
8960,5990,Santosh Kumar,22,M,A1,
8961,5991,Chaya Naik,45,F,A1,
8962,5992,Suresh Iyer,19,M,A1,
8963,5993,Ganesh Iyer,24,M,A1,
8964,5993,Nagaraj Kumar,39,M,A2,
8965,5994,Ravi Setty,47,M,A1,
8966,5995,Prakash Kumar,25,M,A1,
8967,5996,Bhagya Naik,26,F,A1,
8968,5997,Suresh Naik,38,M,A1,REPEAT-042
8969,5998,Radha Naik,19,F,A1,
8970,5998,Anil Naik,45,M,A2,
8971,5999,Kavya Bhat,26,F,A1,
8972,6000,Ravi Gowda,49,M,A1,
8973,6001,Mahesh Murthy,23,M,A1,REPEAT-033
8974,6001,Girish Naik,22,M,A2,
8975,6001,Bhagya Patil,25,F,A3,
8976,6002,Vidya Setty,36,F,A1,
8977,6003,Vijay Shetty,22,M,A1,REPEAT-007
8978,6004,Manjunath Rao,28,M,A1,
8979,6005,Harish Hegde,35,M,A1,
8980,6005,Deepa Naidu,31,F,A2,
8981,6006,Kavya Reddy,38,F,A1,
8982,6006,Chaya Murthy,43,F,A2,
8983,6006,Santosh Rao,26,M,A3,
8984,6007,Kavya Bhat,37,F,A1,
8985,6007,Kumar Gowda,42,M,A2,
8986,6008,Girish Bhat,47,M,A1,
8987,6008,Sowmya Gowda,34,F,A2,
8988,6009,Harish Patil,51,M,A1,
8989,6010,Anil Bhat,34,M,A1,REPEAT-005
8990,6011,Anil Hegde,30,M,A1,
8991,6011,Ganesh Naidu,22,M,A2,
8992,6012,Anil Bhat,41,M,A1,REPEAT-054
8993,6013,Ramesh Iyer,24,M,A1,
8994,6014,Harish Bhat,21,M,A1,
8995,6014,Ramesh Achar,18,M,A2,
8996,6015,Kavya Naidu,25,F,A1,
8997,6016,Sunita Setty,38,F,A1,
8998,6016,Kavya Naik,44,F,A2,
8999,6017,Sowmya Naik,40,F,A1,
9000,6018,Kumar Setty,32,M,A1,
9001,6018,Yogesh Poojary,46,M,A2,
9002,6019,Sunita Murthy,45,F,A1,
9003,6020,Manjunath Bhat,32,M,A1,REPEAT-030
9004,6021,Roopa Poojary,36,F,A1,
9005,6022,Pooja Rao,20,F,A1,
9006,6023,Shivaraj Patil,49,M,A1,
9007,6024,Shivaraj Kumar,29,M,A1,REPEAT-024
9008,6025,Harish Naidu,36,M,A1,REPEAT-015
9009,6026,Ravi Kumar,55,M,A1,
9010,6027,Nagaraj Setty,45,M,A1,REPEAT-003
9011,6028,Santosh Rao,43,M,A1,
9012,6028,Lakshmi Gowda,37,F,A2,
9013,6029,Manjunath Patil,33,M,A1,
9014,6030,Suresh Naidu,55,M,A1,
9015,6031,Lakshmi Naik,18,F,A1,
9016,6031,Manjula Naik,49,F,A2,
9017,6032,Santosh Setty,27,M,A1,
9018,6033,Basavaraj Hegde,25,M,A1,
9019,6034,Kumar Naik,28,M,A1,
9020,6035,Roopa Naidu,23,F,A1,
9021,6036,Harish Naidu,37,M,A1,REPEAT-015
9022,6036,Kumar Gowda,46,M,A2,
9023,6036,Harish Shetty,20,M,A3,
9024,6037,Manjunath Naik,37,M,A1,
9025,6038,Harish Hegde,46,M,A1,
9026,6039,Manjunath Hegde,22,M,A1,
9027,6040,Mahesh Iyer,33,M,A1,
9028,6040,Harish Achar,34,M,A2,
9029,6041,Yogesh Shetty,53,M,A1,
9030,6042,Manjunath Bhat,33,M,A1,REPEAT-030
9031,6043,Roopa Poojary,47,F,A1,
9032,6044,Nagaraj Shetty,25,M,A1,
9033,6044,Ravi Setty,35,M,A2,
9034,6045,Yogesh Kumar,45,M,A1,REPEAT-050
9035,6045,Sowmya Rao,32,F,A2,
9036,6046,Nagaraj Reddy,18,M,A1,
9037,6046,Suresh Patil,35,M,A2,
9038,6046,Mahesh Achar,54,M,A3,
9039,6047,Sowmya Poojary,51,F,A1,
9040,6048,Yogesh Patil,18,M,A1,
9041,6048,Geeta Hegde,39,F,A2,
9042,6049,Anita Murthy,45,F,A1,
9043,6050,Ravi Achar,39,M,A1,
9044,6051,Mahesh Kumar,45,M,A1,
9045,6052,Manjunath Bhat,33,M,A1,REPEAT-030
9046,6053,Nagaraj Setty,45,M,A1,REPEAT-003
9047,6053,Ravi Hegde,43,M,A2,
9048,6054,Kavya Poojary,32,F,A1,
9049,6054,Harish Murthy,53,M,A2,
9050,6055,Basavaraj Bhat,50,M,A1,
9051,6055,Santosh Achar,18,M,A2,
9052,6055,Prakash Patil,31,M,A3,
9053,6056,Kumar Rao,44,M,A1,REPEAT-018
9054,6057,Geeta Naidu,52,F,A1,
9055,6057,Mahesh Naik,39,M,A2,
9056,6058,Basavaraj Murthy,36,M,A1,
9057,6059,Naveen Murthy,43,M,A1,REPEAT-002
9058,6060,Savitha Murthy,36,F,A1,
9059,6060,Suresh Iyer,45,M,A2,
9060,6061,Anita Iyer,24,F,A1,
9061,6062,Santosh Patil,44,M,A1,
9062,6062,Prakash Rao,50,M,A2,
9063,6062,Priya Iyer,50,F,A3,
9064,6063,Anil Iyer,26,M,A1,
9065,6063,Kumar Shetty,44,M,A2,
9066,6064,Suresh Patil,48,M,A1,
9067,6065,Manjunath Bhat,33,M,A1,REPEAT-030
9068,6065,Kumar Naidu,20,M,A2,
9069,6066,Ramesh Reddy,55,M,A1,
9070,6067,Sowmya Iyer,41,F,A1,
9071,6068,Naveen Murthy,43,M,A1,REPEAT-002
9072,6068,Deepa Poojary,18,F,A2,
9073,6068,Kumar Patil,43,M,A3,
9074,6069,Geeta Naidu,28,F,A1,
9075,6069,Santosh Naidu,37,M,A2,
9076,6070,Srinivas Naik,40,M,A1,
9077,6071,Yogesh Iyer,51,M,A1,
9078,6072,Harish Hegde,23,M,A1,
9079,6072,Kavya Naik,22,F,A2,
9080,6072,Anil Gowda,19,M,A3,
9081,6073,Raghu Setty,46,M,A1,
9082,6074,Priya Shetty,50,F,A1,
9083,6075,Raghu Murthy,30,M,A1,
9084,6076,Yogesh Patil,44,M,A1,
9085,6076,Suresh Achar,51,M,A2,
9086,6077,Yogesh Rao,45,M,A1,
9087,6078,Ganesh Bhat,26,M,A1,
9088,6078,Anita Kumar,53,F,A2,
9089,6079,Manjunath Bhat,32,M,A1,REPEAT-030
9090,6079,Vijay Naidu,41,M,A2,
9091,6079,Geeta Poojary,51,F,A3,
9092,6080,Prakash Iyer,24,M,A1,
9093,6080,Savitha Kumar,46,F,A2,
9094,6081,Priya Poojary,44,F,A1,
9095,6082,Manjula Naidu,46,F,A1,
9096,6083,Lakshmi Murthy,44,F,A1,REPEAT-044
9097,6084,Ganesh Gowda,44,M,A1,
9098,6084,Srinivas Achar,42,M,A2,
9099,6085,Kumar Patil,20,M,A1,
9100,6085,Savitha Achar,50,F,A2,
9101,6086,Raghu Kumar,34,M,A1,
9102,6087,Naveen Iyer,26,M,A1,
9103,6087,Anil Setty,55,M,A2,
9104,6088,Basavaraj Reddy,42,M,A1,REPEAT-031
9105,6089,Raghu Setty,51,M,A1,
9106,6090,Anita Shetty,28,F,A1,REPEAT-019
9107,6091,Sowmya Kumar,48,F,A1,
9108,6092,Kumar Reddy,42,M,A1,
9109,6092,Priya Reddy,54,F,A2,
9110,6093,Ganesh Gowda,20,M,A1,REPEAT-020
9111,6093,Manjula Rao,44,F,A2,
9112,6093,Anil Murthy,54,M,A3,
9113,6094,Shivaraj Patil,40,M,A1,REPEAT-006
9114,6095,Raghu Kumar,22,M,A1,
9115,6096,Kumar Iyer,47,M,A1,
9116,6096,Nagaraj Naik,32,M,A2,
9117,6097,Basavaraj Shetty,41,M,A1,REPEAT-023
9118,6097,Girish Rao,47,M,A2,
9119,6098,Girish Patil,30,M,A1,
9120,6099,Nagaraj Reddy,31,M,A1,
9121,6099,Chaya Reddy,31,F,A2,
9122,6100,Bhagya Naidu,27,F,A1,
9123,6101,Ramesh Kumar,20,M,A1,
9124,6101,Roopa Reddy,18,F,A2,
9125,6102,Basavaraj Achar,32,M,A1,
9126,6103,Geeta Gowda,45,F,A1,
9127,6103,Santosh Murthy,50,M,A2,
9128,6104,Nandini Kumar,43,F,A1,REPEAT-012
9129,6105,Vidya Kumar,41,F,A1,
9130,6106,Mahesh Shetty,37,M,A1,REPEAT-022
9131,6107,Shivaraj Bhat,27,M,A1,
9132,6107,Mahesh Achar,35,M,A2,
9133,6108,Mahesh Poojary,21,M,A1,
9134,6109,Rekha Murthy,41,F,A1,
9135,6110,Santosh Bhat,38,M,A1,
9136,6111,Raghu Naidu,40,M,A1,
9137,6111,Geeta Shetty,21,F,A2,
9138,6112,Anil Naidu,33,M,A1,
9139,6113,Anita Shetty,29,F,A1,REPEAT-019
9140,6113,Girish Rao,41,M,A2,
9141,6114,Ganesh Poojary,22,M,A1,
9142,6114,Vijay Shetty,44,M,A2,
9143,6114,Vijay Setty,48,M,A3,
9144,6115,Santosh Patil,23,M,A1,
9145,6115,Shwetha Bhat,47,F,A2,
9146,6115,Sunita Kumar,25,F,A3,
9147,6116,Anita Shetty,29,F,A1,REPEAT-019
9148,6117,Yogesh Naik,36,M,A1,
9149,6118,Roopa Hegde,32,F,A1,
9150,6118,Deepa Rao,54,F,A2,
9151,6119,Harish Patil,51,M,A1,
9152,6120,Anil Rao,39,M,A1,
9153,6121,Ganesh Hegde,20,M,A1,
9154,6121,Ramesh Murthy,34,M,A2,
9155,6122,Vijay Hegde,45,M,A1,
9156,6122,Savitha Naidu,39,F,A2,
9157,6123,Shobha Naik,47,F,A1,
9158,6124,Radha Patil,51,F,A1,
9159,6125,Kavya Achar,55,F,A1,
9160,6126,Bhagya Naidu,55,F,A1,
9161,6127,Girish Murthy,48,M,A1,
9162,6128,Shwetha Patil,41,F,A1,
9163,6129,Shivaraj Murthy,27,M,A1,
9164,6130,Naveen Murthy,43,M,A1,REPEAT-002
9165,6130,Chaya Gowda,30,F,A2,
9166,6131,Kumar Rao,44,M,A1,REPEAT-018
9167,6132,Shivaraj Patil,20,M,A1,
9168,6133,Ganesh Gowda,20,M,A1,REPEAT-020
9169,6133,Raghu Gowda,50,M,A2,
9170,6134,Anita Shetty,28,F,A1,REPEAT-019
9171,6135,Shivaraj Bhat,35,M,A1,
9172,6136,Pooja Reddy,53,F,A1,
9173,6136,Pooja Patil,35,F,A2,
9174,6137,Prakash Achar,54,M,A1,
9175,6138,Priya Rao,33,F,A1,
9176,6138,Prakash Naik,40,M,A2,
9177,6139,Vidya Hegde,37,F,A1,
9178,6140,Suresh Gowda,38,M,A1,
9179,6141,Anil Kumar,38,M,A1,
9180,6142,Anil Bhat,36,M,A1,
9181,6143,Srinivas Murthy,54,M,A1,
9182,6144,Deepa Naik,33,F,A1,
9183,6145,Girish Iyer,53,M,A1,
9184,6146,Basavaraj Naidu,35,M,A1,
9185,6147,Srinivas Naidu,37,M,A1,REPEAT-049
9186,6147,Rekha Setty,21,F,A2,
9187,6147,Chaya Bhat,36,F,A3,
9188,6148,Ramesh Setty,21,M,A1,
9189,6148,Bhagya Rao,30,F,A2,
9190,6149,Harish Naidu,37,M,A1,REPEAT-015
9191,6149,Vijay Bhat,42,M,A2,
9192,6150,Ganesh Kumar,52,M,A1,
9193,6151,Ganesh Shetty,30,M,A1,
9194,6152,Manjula Iyer,49,F,A1,
9195,6152,Srinivas Bhat,36,M,A2,
9196,6153,Roopa Hegde,19,F,A1,
9197,6153,Kumar Kumar,50,M,A2,
9198,6153,Srinivas Hegde,27,M,A3,
9199,6154,Girish Naidu,34,M,A1,
9200,6155,Shwetha Naik,21,F,A1,
9201,6155,Girish Rao,52,M,A2,
9202,6156,Manjunath Shetty,32,M,A1,
9203,6156,Geeta Setty,43,F,A2,
9204,6157,Radha Rao,44,F,A1,
9205,6158,Nandini Kumar,42,F,A1,REPEAT-012
9206,6158,Ramesh Rao,25,M,A2,
9207,6159,Ravi Achar,52,M,A1,
9208,6160,Basavaraj Reddy,40,M,A1,
9209,6161,Deepa Setty,52,F,A1,
9210,6161,Vidya Hegde,44,F,A2,
9211,6161,Roopa Shetty,40,F,A3,
9212,6162,Mahesh Shetty,36,M,A1,
9213,6163,Srinivas Poojary,48,M,A1,
9214,6163,Raghu Patil,42,M,A2,
9215,6163,Suresh Kumar,54,M,A3,
9216,6164,Ravi Patil,44,M,A1,
9217,6164,Nandini Hegde,31,F,A2,
9218,6164,Vijay Murthy,26,M,A3,
9219,6165,Harish Patil,39,M,A1,REPEAT-053
9220,6166,Yogesh Achar,24,M,A1,
9221,6167,Mahesh Shetty,45,M,A1,
9222,6168,Priya Rao,28,F,A1,
9223,6168,Geeta Naik,19,F,A2,
9224,6168,Sowmya Reddy,54,F,A3,
9225,6169,Nagaraj Setty,45,M,A1,REPEAT-003
9226,6170,Suresh Naik,38,M,A1,REPEAT-042
9227,6171,Geeta Poojary,48,F,A1,
9228,6172,Chaya Naik,38,F,A1,
9229,6172,Kumar Shetty,32,M,A2,
9230,6173,Deepa Kumar,51,F,A1,
9231,6174,Kumar Rao,45,M,A1,REPEAT-018
9232,6174,Rekha Shetty,29,F,A2,
9233,6175,Yogesh Rao,38,M,A1,
9234,6175,Priya Achar,48,F,A2,
9235,6176,Girish Rao,45,M,A1,
9236,6177,Harish Poojary,36,M,A1,
9237,6177,Radha Gowda,54,F,A2,
9238,6178,Raghu Patil,39,M,A1,
9239,6179,Nagaraj Murthy,31,M,A1,
9240,6180,Savitha Patil,40,F,A1,
9241,6181,Anita Reddy,27,F,A1,
9242,6181,Sowmya Kumar,27,F,A2,
9243,6182,Shivaraj Patil,40,M,A1,REPEAT-006
9244,6183,Sunita Murthy,43,F,A1,
9245,6183,Roopa Patil,25,F,A2,
9246,6183,Anil Hegde,19,M,A3,
9247,6184,Anita Shetty,29,F,A1,REPEAT-019
9248,6185,Srinivas Murthy,46,M,A1,
9249,6186,Shivaraj Kumar,29,M,A1,REPEAT-024
9250,6187,Suresh Naidu,55,M,A1,
9251,6188,Kumar Gowda,18,M,A1,
9252,6189,Shwetha Rao,44,F,A1,
9253,6190,Rekha Murthy,20,F,A1,
9254,6191,Anil Patil,46,M,A1,
9255,6191,Manjula Naik,46,F,A2,
9256,6192,Vijay Poojary,41,M,A1,
9257,6193,Kumar Naik,46,M,A1,
9258,6194,Ganesh Hegde,22,M,A1,
9259,6194,Raghu Achar,22,M,A2,
9260,6194,Vidya Poojary,30,F,A3,
9261,6195,Lakshmi Bhat,21,F,A1,
9262,6195,Ganesh Setty,53,M,A2,
9263,6196,Mahesh Reddy,53,M,A1,
9264,6196,Nagaraj Rao,39,M,A2,
9265,6197,Santosh Murthy,36,M,A1,
9266,6198,Ramesh Hegde,52,M,A1,
9267,6198,Savitha Poojary,18,F,A2,
9268,6199,Ravi Naidu,50,M,A1,
9269,6199,Girish Bhat,46,M,A2,
9270,6200,Yogesh Iyer,42,M,A1,
9271,6200,Suresh Hegde,27,M,A2,
9272,6201,Santosh Reddy,32,M,A1,
9273,6201,Mahesh Setty,27,M,A2,
9274,6202,Anil Bhat,41,M,A1,REPEAT-054
9275,6202,Nagaraj Iyer,53,M,A2,
9276,6203,Ravi Naidu,25,M,A1,
9277,6204,Girish Murthy,20,M,A1,
9278,6205,Srinivas Rao,34,M,A1,
9279,6205,Ganesh Achar,28,M,A2,
9280,6206,Yogesh Murthy,38,M,A1,
9281,6207,Basavaraj Naidu,19,M,A1,
9282,6207,Suresh Shetty,42,M,A2,
9283,6208,Girish Poojary,53,M,A1,
9284,6209,Ganesh Hegde,36,M,A1,REPEAT-060
9285,6210,Srinivas Setty,32,M,A1,
9286,6211,Srinivas Patil,28,M,A1,
9287,6212,Santosh Shetty,28,M,A1,
9288,6213,Prakash Achar,30,M,A1,
9289,6214,Girish Patil,42,M,A1,
9290,6215,Basavaraj Patil,48,M,A1,
9291,6215,Deepa Patil,54,F,A2,
9292,6216,Suresh Setty,30,M,A1,REPEAT-034
9293,6216,Manjula Gowda,45,F,A2,
9294,6216,Anil Poojary,28,M,A3,
9295,6217,Kumar Naidu,27,M,A1,
9296,6217,Pooja Gowda,42,F,A2,
9297,6218,Deepa Achar,36,F,A1,
9298,6218,Girish Iyer,53,M,A2,
9299,6219,Mahesh Murthy,23,M,A1,REPEAT-033
9300,6219,Mahesh Shetty,50,M,A2,
9301,6220,Pooja Rao,45,F,A1,REPEAT-039
9302,6220,Suresh Poojary,40,M,A2,
9303,6220,Anita Poojary,40,F,A3,
9304,6221,Raghu Rao,42,M,A1,
9305,6221,Chaya Poojary,24,F,A2,
9306,6222,Ravi Poojary,50,M,A1,
9307,6223,Basavaraj Shetty,19,M,A1,
9308,6223,Santosh Shetty,50,M,A2,
9309,6224,Anita Gowda,37,F,A1,
9310,6224,Geeta Reddy,45,F,A2,
9311,6224,Santosh Murthy,47,M,A3,
9312,6225,Santosh Rao,40,M,A1,REPEAT-027
9313,6226,Shivaraj Patil,52,M,A1,
9314,6227,Naveen Murthy,43,M,A1,REPEAT-002
9315,6228,Roopa Shetty,27,F,A1,
9316,6229,Manjunath Naik,47,M,A1,
9317,6229,Girish Hegde,34,M,A2,
9318,6229,Anil Gowda,50,M,A3,
9319,6230,Ravi Reddy,24,M,A1,
9320,6231,Shwetha Shetty,55,F,A1,
9321,6232,Manjunath Murthy,26,M,A1,REPEAT-025
9322,6233,Anita Murthy,18,F,A1,
9323,6234,Manjula Bhat,20,F,A1,
9324,6235,Ramesh Hegde,50,M,A1,
9325,6236,Naveen Bhat,51,M,A1,
9326,6237,Shivaraj Patil,50,M,A1,
9327,6238,Sunita Murthy,21,F,A1,
9328,6239,Priya Hegde,20,F,A1,
9329,6240,Ramesh Gowda,54,M,A1,
9330,6240,Girish Shetty,34,M,A2,
9331,6241,Anil Murthy,23,M,A1,
9332,6242,Harish Reddy,44,M,A1,REPEAT-056
9333,6242,Chaya Murthy,50,F,A2,
9334,6243,Geeta Hegde,53,F,A1,
9335,6244,Harish Naidu,42,M,A1,
9336,6245,Santosh Reddy,25,M,A1,
9337,6245,Radha Iyer,40,F,A2,
9338,6246,Raghu Hegde,40,M,A1,REPEAT-045
9339,6246,Roopa Poojary,25,F,A2,
9340,6247,Anil Bhat,42,M,A1,REPEAT-054
9341,6247,Naveen Gowda,25,M,A2,
9342,6248,Manjula Shetty,52,F,A1,
9343,6248,Ramesh Shetty,29,M,A2,
9344,6248,Anil Hegde,22,M,A3,
9345,6249,Lakshmi Achar,28,F,A1,
9346,6250,Ramesh Gowda,50,M,A1,
9347,6250,Manjula Iyer,46,F,A2,
9348,6251,Manjula Shetty,34,F,A1,
9349,6252,Suresh Bhat,48,M,A1,
9350,6253,Naveen Murthy,43,M,A1,REPEAT-002
9351,6253,Shivaraj Achar,39,M,A2,
9352,6254,Nandini Iyer,50,F,A1,
9353,6255,Girish Shetty,39,M,A1,
9354,6256,Yogesh Naidu,24,M,A1,REPEAT-001
9355,6257,Suresh Naik,38,M,A1,REPEAT-042
9356,6258,Anil Shetty,34,M,A1,
9357,6258,Prakash Achar,46,M,A2,
9358,6259,Ramesh Setty,32,M,A1,
9359,6259,Nagaraj Naidu,33,M,A2,
9360,6260,Kumar Rao,44,M,A1,REPEAT-018
9361,6260,Ganesh Patil,49,M,A2,
9362,6261,Vijay Shetty,21,M,A1,REPEAT-007
9363,6262,Vijay Poojary,51,M,A1,
9364,6263,Sunita Iyer,51,F,A1,
9365,6264,Nagaraj Setty,45,M,A1,REPEAT-003
9366,6265,Manjula Shetty,21,F,A1,
9367,6265,Prakash Hegde,47,M,A2,
9368,6266,Manjunath Murthy,26,M,A1,REPEAT-025
9369,6267,Kumar Rao,45,M,A1,REPEAT-018
9370,6267,Yogesh Achar,41,M,A2,
9371,6268,Kumar Kumar,55,M,A1,
9372,6269,Chaya Naidu,36,F,A1,
9373,6270,Bhagya Shetty,30,F,A1,
9374,6270,Nagaraj Setty,40,M,A2,
9375,6271,Manjunath Rao,54,M,A1,
9376,6271,Basavaraj Murthy,31,M,A2,
9377,6272,Santosh Gowda,48,M,A1,
9378,6273,Priya Murthy,23,F,A1,REPEAT-010
9379,6273,Srinivas Murthy,48,M,A2,
9380,6274,Santosh Setty,38,M,A1,
9381,6275,Basavaraj Rao,20,M,A1,
9382,6276,Vijay Reddy,49,M,A1,
9383,6276,Suresh Reddy,19,M,A2,
9384,6276,Manjunath Gowda,36,M,A3,
9385,6277,Basavaraj Hegde,45,M,A1,
9386,6278,Prakash Bhat,24,M,A1,
9387,6279,Suresh Hegde,37,M,A1,
9388,6280,Suresh Naik,38,M,A1,REPEAT-042
9389,6281,Ganesh Rao,52,M,A1,
9390,6282,Anita Rao,44,F,A1,
9391,6282,Prakash Poojary,31,M,A2,
9392,6282,Vidya Hegde,48,F,A3,
9393,6283,Lakshmi Murthy,44,F,A1,REPEAT-044
9394,6284,Girish Patil,37,M,A1,
9395,6285,Harish Achar,45,M,A1,REPEAT-057
9396,6286,Ramesh Hegde,34,M,A1,
9397,6287,Harish Naidu,36,M,A1,REPEAT-015
9398,6288,Ramesh Setty,33,M,A1,
9399,6288,Priya Reddy,44,F,A2,
9400,6289,Ravi Murthy,54,M,A1,
9401,6290,Harish Reddy,44,M,A1,REPEAT-056
9402,6291,Savitha Kumar,26,F,A1,
9403,6292,Manjunath Murthy,26,M,A1,REPEAT-025
9404,6293,Srinivas Rao,35,M,A1,
9405,6293,Mahesh Bhat,51,M,A2,
9406,6293,Raghu Naidu,32,M,A3,
9407,6294,Vijay Setty,39,M,A1,
9408,6295,Anita Rao,38,F,A1,
9409,6296,Nandini Poojary,42,F,A1,
9410,6297,Pooja Reddy,30,F,A1,
9411,6298,Basavaraj Patil,24,M,A1,
9412,6298,Ravi Bhat,54,M,A2,
9413,6298,Yogesh Rao,54,M,A3,
9414,6299,Srinivas Rao,32,M,A1,
9415,6299,Ravi Setty,34,M,A2,
9416,6300,Deepa Setty,49,F,A1,
9417,6301,Roopa Hegde,29,F,A1,
9418,6302,Basavaraj Rao,42,M,A1,
9419,6303,Harish Reddy,34,M,A1,
9420,6304,Mahesh Murthy,24,M,A1,REPEAT-033
9421,6304,Kumar Naidu,45,M,A2,
9422,6305,Priya Murthy,23,F,A1,REPEAT-010
9423,6306,Harish Hegde,34,M,A1,
9424,6307,Harish Naidu,36,M,A1,REPEAT-015
9425,6308,Mahesh Murthy,23,M,A1,REPEAT-033
9426,6309,Suresh Hegde,55,M,A1,
9427,6310,Mahesh Reddy,21,M,A1,
9428,6310,Santosh Naik,41,M,A2,
9429,6311,Harish Reddy,55,M,A1,
9430,6312,Santosh Patil,26,M,A1,
9431,6313,Anil Bhat,41,M,A1,REPEAT-054
9432,6313,Srinivas Achar,52,M,A2,
9433,6314,Shobha Shetty,32,F,A1,
9434,6314,Manjula Reddy,48,F,A2,
9435,6315,Prakash Shetty,33,M,A1,
9436,6315,Vidya Rao,35,F,A2,
9437,6316,Srinivas Naidu,37,M,A1,REPEAT-049
9438,6316,Kumar Naik,23,M,A2,
9439,6317,Harish Gowda,25,M,A1,
9440,6317,Girish Kumar,37,M,A2,
9441,6318,Pooja Kumar,55,F,A1,
9442,6318,Ravi Naidu,46,M,A2,
9443,6318,Anita Achar,49,F,A3,
9444,6319,Raghu Naidu,29,M,A1,
9445,6320,Mahesh Setty,49,M,A1,
9446,6321,Priya Rao,36,F,A1,
9447,6321,Bhagya Iyer,44,F,A2,
9448,6322,Deepa Setty,48,F,A1,
9449,6323,Vijay Naik,50,M,A1,
9450,6324,Suresh Naik,38,M,A1,REPEAT-042
9451,6325,Nandini Hegde,25,F,A1,
9452,6326,Priya Reddy,35,F,A1,
9453,6327,Girish Naidu,30,M,A1,
9454,6327,Naveen Achar,38,M,A2,
9455,6328,Lakshmi Kumar,50,F,A1,
9456,6329,Lakshmi Gowda,46,F,A1,
9457,6330,Srinivas Naidu,37,M,A1,REPEAT-049
9458,6331,Priya Naidu,42,F,A1,
9459,6331,Manjunath Naidu,21,M,A2,
9460,6332,Vijay Shetty,21,M,A1,REPEAT-007
9461,6332,Anil Patil,33,M,A2,
9462,6333,Harish Patil,49,M,A1,
9463,6334,Vidya Shetty,50,F,A1,
9464,6334,Santosh Iyer,49,M,A2,
9465,6334,Srinivas Naidu,49,M,A3,
9466,6335,Anita Hegde,44,F,A1,
9467,6335,Manjunath Bhat,47,M,A2,
9468,6336,Nagaraj Rao,24,M,A1,REPEAT-026
9469,6336,Ramesh Poojary,30,M,A2,
9470,6336,Ramesh Achar,49,M,A3,
9471,6337,Harish Murthy,48,M,A1,
9472,6338,Chaya Poojary,20,F,A1,
9473,6338,Anita Reddy,39,F,A2,
9474,6338,Girish Kumar,47,M,A3,
9475,6339,Mahesh Shetty,43,M,A1,
9476,6340,Basavaraj Gowda,54,M,A1,
9477,6340,Shobha Poojary,39,F,A2,
9478,6341,Radha Reddy,44,F,A1,REPEAT-055
9479,6341,Lakshmi Murthy,18,F,A2,
9480,6341,Kumar Kumar,45,M,A3,
9481,6342,Raghu Poojary,38,M,A1,
9482,6342,Manjunath Iyer,53,M,A2,
9483,6343,Santosh Hegde,40,M,A1,
9484,6343,Kumar Naidu,28,M,A2,
9485,6344,Harish Rao,41,M,A1,
9486,6345,Sowmya Patil,49,F,A1,
9487,6345,Harish Patil,47,M,A2,
9488,6346,Shivaraj Iyer,53,M,A1,
9489,6346,Anil Achar,51,M,A2,
9490,6347,Manjula Gowda,18,F,A1,
9491,6348,Shivaraj Poojary,24,M,A1,
9492,6348,Nandini Setty,33,F,A2,
9493,6349,Manjunath Murthy,25,M,A1,REPEAT-025
9494,6350,Roopa Poojary,51,F,A1,
9495,6351,Sowmya Rao,54,F,A1,
9496,6351,Girish Naik,50,M,A2,
9497,6352,Ravi Hegde,43,M,A1,
9498,6352,Santosh Poojary,49,M,A2,
9499,6352,Girish Patil,26,M,A3,
9500,6353,Vidya Gowda,55,F,A1,
9501,6354,Pooja Setty,35,F,A1,
9502,6355,Ramesh Rao,23,M,A1,
9503,6355,Yogesh Achar,22,M,A2,
9504,6356,Deepa Iyer,21,F,A1,
9505,6357,Raghu Iyer,25,M,A1,
9506,6358,Suresh Naik,39,M,A1,REPEAT-042
9507,6358,Srinivas Iyer,34,M,A2,
9508,6359,Lakshmi Shetty,54,F,A1,
9509,6360,Suresh Shetty,30,M,A1,
9510,6361,Ravi Reddy,42,M,A1,
9511,6362,Mahesh Naik,34,M,A1,
9512,6362,Geeta Shetty,51,F,A2,
9513,6363,Anil Rao,32,M,A1,
9514,6364,Anita Poojary,53,F,A1,
9515,6365,Kumar Setty,22,M,A1,
9516,6366,Vidya Rao,42,F,A1,
9517,6366,Raghu Shetty,27,M,A2,
9518,6367,Vijay Shetty,22,M,A1,REPEAT-007
9519,6367,Ravi Iyer,28,M,A2,
9520,6368,Radha Reddy,44,F,A1,REPEAT-055
9521,6369,Prakash Gowda,25,M,A1,
9522,6369,Girish Kumar,33,M,A2,
9523,6370,Naveen Murthy,28,M,A1,
9524,6371,Harish Iyer,53,M,A1,
9525,6371,Nagaraj Bhat,44,M,A2,
9526,6372,Naveen Murthy,43,M,A1,REPEAT-002
9527,6373,Vijay Murthy,30,M,A1,
9528,6374,Naveen Murthy,44,M,A1,REPEAT-002
9529,6375,Harish Achar,45,M,A1,REPEAT-057
9530,6376,Deepa Naidu,47,F,A1,
9531,6377,Radha Poojary,54,F,A1,
9532,6377,Anil Setty,29,M,A2,
9533,6378,Srinivas Kumar,50,M,A1,
9534,6379,Vijay Murthy,36,M,A1,
9535,6380,Santosh Patil,44,M,A1,
9536,6381,Shwetha Naik,21,F,A1,
9537,6382,Harish Poojary,44,M,A1,
9538,6382,Nandini Hegde,30,F,A2,
9539,6383,Ramesh Setty,20,M,A1,
9540,6384,Raghu Iyer,40,M,A1,
9541,6385,Nandini Setty,27,F,A1,
9542,6386,Anita Achar,41,F,A1,
9543,6386,Bhagya Achar,49,F,A2,
9544,6386,Raghu Patil,20,M,A3,
9545,6387,Naveen Gowda,40,M,A1,
9546,6388,Naveen Poojary,27,M,A1,
9547,6388,Girish Poojary,18,M,A2,
9548,6389,Yogesh Hegde,38,M,A1,
9549,6390,Srinivas Shetty,28,M,A1,
9550,6390,Kumar Murthy,18,M,A2,
9551,6391,Vijay Shetty,29,M,A1,
9552,6391,Naveen Achar,52,M,A2,
9553,6392,Naveen Poojary,47,M,A1,
9554,6392,Deepa Shetty,44,F,A2,
9555,6393,Ravi Poojary,22,M,A1,
9556,6394,Naveen Gowda,46,M,A1,
9557,6395,Naveen Murthy,43,M,A1,REPEAT-002
9558,6396,Srinivas Hegde,40,M,A1,
9559,6397,Naveen Patil,37,M,A1,
9560,6397,Ravi Gowda,52,M,A2,
9561,6397,Girish Murthy,20,M,A3,
9562,6398,Vijay Naidu,47,M,A1,
9563,6398,Nandini Patil,23,F,A2,
9564,6398,Chaya Achar,48,F,A3,
9565,6399,Sunita Hegde,38,F,A1,
9566,6399,Srinivas Kumar,23,M,A2,
9567,6400,Suresh Naik,38,M,A1,REPEAT-042
9568,6401,Ganesh Bhat,51,M,A1,
9569,6402,Srinivas Hegde,32,M,A1,REPEAT-046
9570,6403,Priya Bhat,21,F,A1,
9571,6404,Sowmya Naik,43,F,A1,
9572,6404,Naveen Kumar,40,M,A2,
9573,6405,Yogesh Rao,53,M,A1,
9574,6405,Nandini Kumar,39,F,A2,
9575,6406,Basavaraj Reddy,42,M,A1,REPEAT-031
9576,6406,Ramesh Murthy,21,M,A2,
9577,6407,Mahesh Kumar,32,M,A1,
9578,6408,Basavaraj Hegde,50,M,A1,
9579,6409,Girish Naidu,18,M,A1,
9580,6409,Basavaraj Naidu,51,M,A2,
9581,6410,Ganesh Poojary,52,M,A1,
9582,6410,Prakash Setty,39,M,A2,
9583,6411,Radha Reddy,44,F,A1,REPEAT-055
9584,6412,Basavaraj Shetty,49,M,A1,
9585,6412,Girish Kumar,47,M,A2,
9586,6413,Yogesh Reddy,25,M,A1,
9587,6413,Prakash Rao,54,M,A2,
9588,6413,Ramesh Kumar,19,M,A3,
9589,6414,Savitha Gowda,39,F,A1,
9590,6415,Shwetha Setty,45,F,A1,
9591,6416,Ganesh Rao,18,M,A1,
9592,6417,Pooja Kumar,47,F,A1,
9593,6418,Mahesh Hegde,19,M,A1,
9594,6419,Manjunath Hegde,44,M,A1,
9595,6419,Manjula Patil,54,F,A2,
9596,6420,Radha Setty,29,F,A1,
9597,6420,Ravi Murthy,39,M,A2,
9598,6421,Harish Achar,46,M,A1,REPEAT-057
9599,6422,Harish Reddy,44,M,A1,REPEAT-056
9600,6422,Yogesh Setty,23,M,A2,
9601,6423,Savitha Iyer,47,F,A1,
9602,6424,Sowmya Hegde,34,F,A1,
9603,6425,Harish Naidu,36,M,A1,REPEAT-015
9604,6426,Suresh Reddy,54,M,A1,
9605,6426,Savitha Kumar,39,F,A2,
9606,6427,Nagaraj Patil,30,M,A1,
9607,6428,Vijay Kumar,27,M,A1,
9608,6429,Priya Achar,26,F,A1,
9609,6429,Basavaraj Gowda,44,M,A2,
9610,6429,Ganesh Shetty,53,M,A3,
9611,6430,Nagaraj Bhat,24,M,A1,
9612,6431,Nagaraj Kumar,21,M,A1,
9613,6432,Basavaraj Shetty,38,M,A1,
9614,6433,Basavaraj Reddy,42,M,A1,REPEAT-031
9615,6434,Roopa Shetty,22,F,A1,
9616,6435,Nagaraj Setty,45,M,A1,REPEAT-003
9617,6435,Basavaraj Poojary,50,M,A2,
9618,6436,Naveen Hegde,21,M,A1,
9619,6436,Naveen Achar,27,M,A2,
9620,6436,Ramesh Setty,54,M,A3,
9621,6437,Nagaraj Rao,41,M,A1,
9622,6438,Prakash Rao,53,M,A1,
9623,6439,Raghu Hegde,50,M,A1,
9624,6439,Chaya Naik,43,F,A2,
9625,6440,Mahesh Shetty,37,M,A1,REPEAT-022
9626,6440,Suresh Reddy,45,M,A2,
9627,6440,Ramesh Reddy,28,M,A3,
9628,6441,Basavaraj Gowda,21,M,A1,
9629,6442,Kavya Rao,53,F,A1,
9630,6443,Pooja Achar,51,F,A1,
9631,6444,Yogesh Iyer,26,M,A1,
9632,6444,Pooja Hegde,25,F,A2,
9633,6445,Nandini Bhat,22,F,A1,
9634,6445,Nandini Iyer,43,F,A2,
9635,6446,Mahesh Murthy,23,M,A1,REPEAT-033
9636,6447,Vijay Naik,54,M,A1,
9637,6448,Mahesh Naik,38,M,A1,
9638,6449,Santosh Hegde,49,M,A1,
9639,6450,Girish Rao,55,M,A1,
9640,6451,Anita Shetty,28,F,A1,REPEAT-019
9641,6451,Vijay Setty,24,M,A2,
9642,6452,Srinivas Iyer,20,M,A1,
9643,6453,Yogesh Rao,54,M,A1,
9644,6454,Santosh Iyer,23,M,A1,
9645,6455,Manjula Poojary,35,F,A1,
9646,6455,Harish Naidu,51,M,A2,
9647,6455,Basavaraj Hegde,22,M,A3,
9648,6456,Vidya Naidu,25,F,A1,
9649,6457,Mahesh Murthy,23,M,A1,REPEAT-033
9650,6458,Raghu Kumar,39,M,A1,
9651,6458,Suresh Murthy,18,M,A2,
9652,6459,Ravi Poojary,37,M,A1,
9653,6459,Lakshmi Shetty,23,F,A2,
9654,6459,Deepa Hegde,24,F,A3,
9655,6460,Naveen Murthy,43,M,A1,REPEAT-002
9656,6460,Suresh Setty,21,M,A2,
9657,6461,Yogesh Iyer,54,M,A1,
9658,6462,Yogesh Patil,44,M,A1,
9659,6463,Ganesh Achar,35,M,A1,
9660,6463,Prakash Bhat,50,M,A2,
9661,6463,Santosh Gowda,30,M,A3,
9662,6464,Harish Naidu,37,M,A1,REPEAT-015
9663,6464,Nagaraj Murthy,46,M,A2,
9664,6464,Chaya Reddy,53,F,A3,
9665,6465,Manjunath Murthy,25,M,A1,REPEAT-025
9666,6466,Sunita Setty,42,F,A1,
9667,6466,Kumar Achar,55,M,A2,
9668,6467,Mahesh Murthy,24,M,A1,REPEAT-033
9669,6468,Savitha Gowda,50,F,A1,
9670,6468,Shivaraj Poojary,42,M,A2,
9671,6469,Naveen Naik,48,M,A1,
9672,6470,Suresh Rao,44,M,A1,
9673,6471,Vijay Hegde,34,M,A1,
9674,6472,Raghu Reddy,26,M,A1,
9675,6472,Girish Bhat,39,M,A2,
9676,6473,Suresh Setty,35,M,A1,
9677,6473,Manjunath Gowda,44,M,A2,
9678,6474,Anita Naidu,31,F,A1,
9679,6475,Raghu Patil,48,M,A1,
9680,6476,Ramesh Naik,21,M,A1,
9681,6477,Lakshmi Murthy,44,F,A1,REPEAT-044
9682,6478,Ravi Iyer,44,M,A1,
9683,6479,Anil Iyer,50,M,A1,
9684,6480,Priya Iyer,53,F,A1,
9685,6481,Girish Reddy,41,M,A1,
9686,6481,Ganesh Shetty,48,M,A2,
9687,6482,Pooja Kumar,26,F,A1,
9688,6482,Ramesh Gowda,33,M,A2,
9689,6483,Sowmya Achar,39,F,A1,
9690,6484,Vijay Reddy,45,M,A1,
9691,6485,Ramesh Rao,18,M,A1,
9692,6486,Nagaraj Setty,45,M,A1,REPEAT-003
9693,6487,Suresh Reddy,36,M,A1,
9694,6487,Nagaraj Iyer,51,M,A2,
9695,6488,Chaya Rao,53,F,A1,
9696,6488,Shwetha Rao,22,F,A2,
9697,6489,Shivaraj Poojary,42,M,A1,
9698,6490,Rekha Gowda,25,F,A1,
9699,6490,Vidya Gowda,24,F,A2,
9700,6491,Deepa Murthy,46,F,A1,
9701,6491,Ravi Setty,52,M,A2,
9702,6492,Harish Bhat,22,M,A1,
9703,6492,Ramesh Gowda,27,M,A2,
9704,6493,Ganesh Shetty,40,M,A1,REPEAT-029
9705,6493,Geeta Murthy,42,F,A2,
9706,6494,Shivaraj Reddy,52,M,A1,
9707,6495,Yogesh Naidu,25,M,A1,REPEAT-001
9708,6496,Vijay Naidu,30,M,A1,
9709,6497,Rekha Setty,18,F,A1,
9710,6498,Manjunath Gowda,29,M,A1,
9711,6498,Bhagya Murthy,22,F,A2,
9712,6499,Santosh Rao,30,M,A1,
9713,6500,Shivaraj Hegde,30,M,A1,
9714,6501,Basavaraj Kumar,34,M,A1,
9715,6502,Ravi Hegde,25,M,A1,
9716,6503,Kumar Hegde,27,M,A1,REPEAT-040
9717,6503,Suresh Iyer,39,M,A2,
9718,6504,Sunita Murthy,38,F,A1,
9719,6504,Harish Bhat,28,M,A2,
9720,6504,Santosh Bhat,30,M,A3,
9721,6505,Vijay Reddy,41,M,A1,
9722,6506,Anita Bhat,29,F,A1,
9723,6506,Srinivas Murthy,39,M,A2,
9724,6506,Srinivas Shetty,29,M,A3,
9725,6507,Shivaraj Naidu,31,M,A1,
9726,6508,Kavya Naidu,31,F,A1,
9727,6509,Shwetha Hegde,41,F,A1,
9728,6509,Anil Gowda,39,M,A2,
9729,6510,Mahesh Iyer,33,M,A1,
9730,6511,Srinivas Hegde,44,M,A1,
9731,6511,Shwetha Kumar,19,F,A2,
9732,6512,Santosh Kumar,28,M,A1,
9733,6513,Nagaraj Iyer,27,M,A1,
9734,6514,Harish Hegde,19,M,A1,
9735,6515,Priya Murthy,46,F,A1,
9736,6516,Harish Naidu,36,M,A1,REPEAT-015
9737,6516,Priya Shetty,50,F,A2,
9738,6516,Rekha Kumar,49,F,A3,
9739,6517,Geeta Kumar,55,F,A1,
9740,6518,Santosh Naik,25,M,A1,
9741,6518,Suresh Naidu,24,M,A2,
9742,6519,Sunita Bhat,27,F,A1,
9743,6520,Manjunath Murthy,25,M,A1,REPEAT-025
9744,6520,Manjula Gowda,23,F,A2,
9745,6521,Vidya Iyer,25,F,A1,
9746,6522,Nandini Shetty,22,F,A1,REPEAT-011
9747,6522,Mahesh Achar,41,M,A2,
9748,6523,Lakshmi Shetty,53,F,A1,
9749,6523,Ramesh Shetty,19,M,A2,
9750,6523,Vijay Bhat,36,M,A3,
9751,6524,Santosh Rao,24,M,A1,
9752,6525,Anil Hegde,24,M,A1,
9753,6526,Roopa Murthy,35,F,A1,
9754,6527,Shivaraj Kumar,29,M,A1,REPEAT-024
9755,6528,Manjunath Rao,23,M,A1,
9756,6529,Basavaraj Achar,26,M,A1,
9757,6530,Harish Naidu,36,M,A1,REPEAT-015
9758,6531,Lakshmi Murthy,44,F,A1,REPEAT-044
9759,6531,Nagaraj Poojary,27,M,A2,
9760,6532,Girish Iyer,30,M,A1,
9761,6532,Girish Iyer,54,M,A2,
9762,6533,Kumar Iyer,44,M,A1,
9763,6534,Prakash Iyer,33,M,A1,
9764,6534,Srinivas Patil,36,M,A2,
9765,6535,Ganesh Naik,32,M,A1,
9766,6535,Priya Kumar,41,F,A2,
9767,6536,Deepa Patil,45,F,A1,
9768,6537,Nagaraj Setty,46,M,A1,REPEAT-003
9769,6538,Vijay Shetty,21,M,A1,REPEAT-007
9770,6538,Anil Naik,46,M,A2,
9771,6538,Manjunath Hegde,24,M,A3,
9772,6539,Sunita Iyer,54,F,A1,
9773,6539,Ganesh Hegde,26,M,A2,
9774,6540,Anita Shetty,28,F,A1,
9775,6540,Santosh Gowda,40,M,A2,
9776,6541,Anil Naidu,44,M,A1,
9777,6542,Nandini Shetty,23,F,A1,REPEAT-011
9778,6543,Mahesh Shetty,38,M,A1,REPEAT-022
9779,6544,Vijay Shetty,33,M,A1,
9780,6544,Anil Naik,32,M,A2,
9781,6545,Deepa Patil,50,F,A1,
9782,6546,Santosh Rao,41,M,A1,REPEAT-027
9783,6547,Manjunath Shetty,19,M,A1,
9784,6547,Anil Naik,49,M,A2,
9785,6547,Deepa Bhat,43,F,A3,
9786,6548,Anil Reddy,38,M,A1,
9787,6549,Radha Reddy,45,F,A1,REPEAT-055
9788,6549,Ramesh Murthy,26,M,A2,
9789,6550,Basavaraj Naik,21,M,A1,
9790,6551,Srinivas Iyer,24,M,A1,
9791,6552,Sowmya Hegde,45,F,A1,
9792,6552,Nandini Murthy,23,F,A2,
9793,6553,Shivaraj Achar,41,M,A1,
9794,6554,Priya Naik,49,F,A1,
9795,6554,Roopa Murthy,20,F,A2,
9796,6554,Naveen Hegde,37,M,A3,
9797,6555,Raghu Rao,39,M,A1,
9798,6556,Santosh Kumar,40,M,A1,
9799,6557,Mahesh Shetty,37,M,A1,REPEAT-022
9800,6557,Yogesh Poojary,42,M,A2,
9801,6558,Anita Achar,25,F,A1,
9802,6559,Lakshmi Murthy,45,F,A1,REPEAT-044
9803,6559,Basavaraj Murthy,49,M,A2,
9804,6560,Raghu Hegde,18,M,A1,
9805,6561,Basavaraj Gowda,44,M,A1,
9806,6561,Mahesh Shetty,41,M,A2,
9807,6562,Prakash Murthy,52,M,A1,
9808,6563,Harish Iyer,18,M,A1,
9809,6564,Kavya Hegde,25,F,A1,
9810,6565,Srinivas Reddy,44,M,A1,
9811,6566,Prakash Rao,40,M,A1,
9812,6566,Manjunath Achar,43,M,A2,
9813,6567,Suresh Hegde,28,M,A1,
9814,6568,Anil Kumar,53,M,A1,
9815,6569,Ramesh Rao,23,M,A1,
9816,6569,Prakash Naik,20,M,A2,
9817,6570,Kumar Setty,38,M,A1,REPEAT-043
9818,6571,Priya Setty,35,F,A1,
9819,6572,Kavya Bhat,33,F,A1,
9820,6573,Ramesh Setty,50,M,A1,
9821,6573,Nandini Patil,26,F,A2,
9822,6574,Ramesh Iyer,54,M,A1,
9823,6575,Suresh Naidu,24,M,A1,
9824,6575,Basavaraj Murthy,48,M,A2,
9825,6576,Nandini Kumar,42,F,A1,REPEAT-012
9826,6576,Yogesh Patil,50,M,A2,
9827,6577,Yogesh Hegde,54,M,A1,
9828,6578,Naveen Achar,21,M,A1,
9829,6579,Yogesh Hegde,48,M,A1,
9830,6580,Girish Reddy,26,M,A1,
9831,6581,Prakash Shetty,18,M,A1,
9832,6582,Shivaraj Naidu,31,M,A1,
9833,6583,Ganesh Naidu,48,M,A1,
9834,6584,Lakshmi Murthy,44,F,A1,REPEAT-044
9835,6585,Lakshmi Murthy,45,F,A1,REPEAT-044
9836,6585,Raghu Reddy,27,M,A2,
9837,6586,Yogesh Rao,29,M,A1,
9838,6586,Shwetha Achar,32,F,A2,
9839,6587,Basavaraj Rao,39,M,A1,
9840,6588,Nagaraj Murthy,42,M,A1,
9841,6589,Mahesh Patil,40,M,A1,
9842,6589,Geeta Kumar,23,F,A2,
9843,6590,Manjunath Hegde,27,M,A1,
9844,6591,Raghu Naik,34,M,A1,
9845,6592,Vidya Rao,33,F,A1,
9846,6593,Suresh Naidu,24,M,A1,
9847,6594,Raghu Achar,27,M,A1,
9848,6595,Raghu Achar,47,M,A1,
9849,6596,Raghu Hegde,30,M,A1,
9850,6597,Vijay Iyer,49,M,A1,
9851,6598,Santosh Hegde,43,M,A1,
9852,6599,Radha Naik,54,F,A1,
9853,6599,Manjunath Naik,50,M,A2,
9854,6600,Anita Shetty,32,F,A1,
9855,6601,Naveen Murthy,43,M,A1,REPEAT-002
9856,6601,Girish Iyer,44,M,A2,
9857,6602,Manjula Setty,47,F,A1,
9858,6602,Geeta Naidu,47,F,A2,
9859,6603,Srinivas Kumar,24,M,A1,
9860,6603,Manjunath Shetty,54,M,A2,
9861,6604,Ramesh Kumar,52,M,A1,
9862,6604,Yogesh Shetty,52,M,A2,
9863,6605,Anil Achar,50,M,A1,
9864,6606,Srinivas Reddy,27,M,A1,
9865,6607,Yogesh Kumar,42,M,A1,
9866,6607,Roopa Poojary,42,F,A2,
9867,6608,Shivaraj Setty,23,M,A1,
9868,6608,Mahesh Rao,38,M,A2,
9869,6609,Harish Murthy,21,M,A1,
9870,6610,Kumar Kumar,23,M,A1,
9871,6610,Mahesh Poojary,19,M,A2,
9872,6611,Radha Rao,40,F,A1,
9873,6611,Ramesh Iyer,44,M,A2,
9874,6612,Sunita Shetty,20,F,A1,
9875,6613,Ravi Iyer,36,M,A1,
9876,6613,Manjunath Murthy,51,M,A2,
9877,6614,Savitha Rao,54,F,A1,
9878,6615,Vijay Murthy,50,M,A1,
9879,6616,Anita Gowda,39,F,A1,
9880,6616,Lakshmi Murthy,40,F,A2,
9881,6617,Pooja Iyer,29,F,A1,
9882,6618,Mahesh Shetty,37,M,A1,REPEAT-022
9883,6619,Sunita Kumar,30,F,A1,
9884,6619,Girish Bhat,40,M,A2,
9885,6620,Santosh Gowda,47,M,A1,
9886,6621,Pooja Rao,30,F,A1,
9887,6622,Pooja Reddy,51,F,A1,
9888,6622,Lakshmi Hegde,36,F,A2,
9889,6623,Yogesh Hegde,19,M,A1,
9890,6624,Ravi Shetty,22,M,A1,
9891,6625,Suresh Rao,48,M,A1,
9892,6625,Naveen Poojary,20,M,A2,
9893,6626,Nagaraj Kumar,34,M,A1,
9894,6626,Girish Murthy,25,M,A2,
9895,6626,Anil Iyer,26,M,A3,
9896,6627,Nagaraj Rao,27,M,A1,
9897,6627,Roopa Shetty,29,F,A2,
9898,6628,Raghu Achar,43,M,A1,
9899,6628,Naveen Murthy,30,M,A2,
9900,6629,Santosh Rao,46,M,A1,
9901,6630,Srinivas Hegde,31,M,A1,REPEAT-046
9902,6630,Suresh Bhat,54,M,A2,
9903,6631,Sowmya Bhat,47,F,A1,
9904,6631,Harish Achar,40,M,A2,
9905,6632,Basavaraj Hegde,22,M,A1,
9906,6632,Ravi Hegde,25,M,A2,
9907,6632,Anita Rao,35,F,A3,
9908,6633,Vijay Reddy,19,M,A1,
9909,6634,Ganesh Hegde,36,M,A1,REPEAT-060
9910,6634,Vijay Naik,45,M,A2,
9911,6635,Srinivas Shetty,37,M,A1,
9912,6635,Nandini Murthy,43,F,A2,
9913,6636,Ramesh Hegde,36,M,A1,
9914,6637,Naveen Naidu,50,M,A1,
9915,6638,Ramesh Naidu,39,M,A1,
9916,6638,Roopa Achar,47,F,A2,
9917,6639,Priya Shetty,26,F,A1,
9918,6639,Manjunath Rao,21,M,A2,
9919,6640,Harish Kumar,30,M,A1,
9920,6640,Rekha Naik,47,F,A2,
9921,6640,Mahesh Kumar,46,M,A3,
9922,6641,Rekha Rao,46,F,A1,
9923,6642,Ramesh Achar,38,M,A1,
9924,6643,Naveen Murthy,43,M,A1,REPEAT-002
9925,6643,Basavaraj Kumar,27,M,A2,
9926,6644,Yogesh Bhat,32,M,A1,
9927,6645,Harish Naidu,38,M,A1,
9928,6646,Raghu Kumar,31,M,A1,
9929,6647,Srinivas Gowda,44,M,A1,
9930,6648,Naveen Murthy,44,M,A1,REPEAT-002
9931,6649,Manjula Murthy,51,F,A1,
9932,6649,Nagaraj Naik,34,M,A2,
9933,6650,Anita Achar,38,F,A1,
9934,6650,Yogesh Reddy,29,M,A2,
9935,6650,Sowmya Reddy,44,F,A3,
9936,6651,Chaya Naik,22,F,A1,
9937,6651,Vidya Kumar,28,F,A2,
9938,6652,Manjunath Iyer,44,M,A1,REPEAT-051
9939,6653,Suresh Naik,38,M,A1,REPEAT-042
9940,6654,Manjula Patil,30,F,A1,
9941,6654,Radha Reddy,24,F,A2,
9942,6655,Shivaraj Kumar,30,M,A1,REPEAT-024
9943,6656,Priya Reddy,48,F,A1,
9944,6657,Manjunath Murthy,25,M,A1,REPEAT-025
9945,6658,Srinivas Achar,55,M,A1,
9946,6658,Santosh Kumar,23,M,A2,
9947,6659,Bhagya Murthy,52,F,A1,
9948,6660,Santosh Hegde,28,M,A1,
9949,6661,Mahesh Shetty,37,M,A1,REPEAT-022
9950,6662,Santosh Rao,35,M,A1,
9951,6663,Nagaraj Shetty,26,M,A1,
9952,6663,Roopa Bhat,54,F,A2,
9953,6664,Kumar Hegde,27,M,A1,REPEAT-040
9954,6665,Manjunath Reddy,41,M,A1,
9955,6665,Kumar Gowda,29,M,A2,
9956,6665,Mahesh Naidu,23,M,A3,
9957,6666,Chaya Naidu,22,F,A1,
9958,6667,Harish Reddy,45,M,A1,REPEAT-056
9959,6668,Geeta Rao,30,F,A1,
9960,6668,Chaya Kumar,50,F,A2,
9961,6668,Vijay Reddy,41,M,A3,
9962,6669,Roopa Bhat,41,F,A1,
9963,6670,Shivaraj Iyer,32,M,A1,
9964,6670,Pooja Naidu,50,F,A2,
9965,6671,Srinivas Naidu,37,M,A1,REPEAT-049
9966,6671,Anil Naik,33,M,A2,
9967,6672,Girish Iyer,22,M,A1,
9968,6673,Ramesh Naik,39,M,A1,
9969,6673,Suresh Murthy,31,M,A2,
9970,6673,Pooja Hegde,51,F,A3,
9971,6674,Basavaraj Bhat,45,M,A1,
9972,6674,Savitha Naik,44,F,A2,
9973,6675,Ramesh Murthy,30,M,A1,
9974,6676,Radha Setty,23,F,A1,
9975,6677,Roopa Rao,52,F,A1,
9976,6677,Nandini Patil,46,F,A2,
9977,6678,Naveen Murthy,43,M,A1,REPEAT-002
9978,6679,Basavaraj Poojary,47,M,A1,
9979,6680,Srinivas Iyer,32,M,A1,
9980,6681,Radha Reddy,44,F,A1,REPEAT-055
9981,6682,Lakshmi Murthy,44,F,A1,REPEAT-044
9982,6683,Chaya Poojary,48,F,A1,
9983,6683,Bhagya Murthy,51,F,A2,
9984,6684,Prakash Setty,26,M,A1,
9985,6684,Ravi Gowda,49,M,A2,
9986,6685,Nagaraj Iyer,54,M,A1,
9987,6686,Manjunath Achar,22,M,A1,
9988,6687,Ramesh Naik,40,M,A1,
9989,6688,Manjula Poojary,22,F,A1,
9990,6688,Manjula Gowda,42,F,A2,
9991,6689,Lakshmi Iyer,22,F,A1,
9992,6690,Lakshmi Bhat,28,F,A1,
9993,6690,Manjula Iyer,34,F,A2,
9994,6691,Rekha Achar,45,F,A1,
9995,6692,Basavaraj Patil,42,M,A1,
9996,6692,Yogesh Bhat,29,M,A2,
9997,6693,Vidya Achar,22,F,A1,
9998,6694,Mahesh Kumar,26,M,A1,
9999,6695,Anil Poojary,39,M,A1,
10000,6696,Yogesh Kumar,45,M,A1,REPEAT-050
10001,6696,Rekha Achar,32,F,A2,
10002,6697,Basavaraj Hegde,28,M,A1,
10003,6698,Bhagya Naidu,33,F,A1,
10004,6699,Harish Hegde,52,M,A1,
10005,6700,Bhagya Achar,48,F,A1,
10006,6701,Shivaraj Setty,19,M,A1,
10007,6702,Basavaraj Iyer,34,M,A1,
10008,6703,Vijay Rao,55,M,A1,
10009,6704,Mahesh Murthy,24,M,A1,REPEAT-033
10010,6705,Suresh Iyer,28,M,A1,
10011,6706,Naveen Murthy,44,M,A1,REPEAT-002
10012,6707,Basavaraj Reddy,23,M,A1,
10013,6707,Vidya Murthy,52,F,A2,
10014,6707,Raghu Setty,36,M,A3,
10015,6708,Anil Bhat,41,M,A1,REPEAT-054
10016,6708,Prakash Naik,39,M,A2,
10017,6709,Nagaraj Achar,23,M,A1,
10018,6710,Manjula Gowda,55,F,A1,
10019,6711,Vijay Bhat,21,M,A1,
10020,6711,Priya Setty,35,F,A2,
10021,6712,Mahesh Iyer,22,M,A1,
10022,6712,Yogesh Iyer,51,M,A2,
10023,6713,Savitha Bhat,48,F,A1,
10024,6714,Prakash Naidu,24,M,A1,
10025,6715,Priya Murthy,24,F,A1,REPEAT-010
10026,6715,Basavaraj Reddy,27,M,A2,
10027,6716,Naveen Murthy,47,M,A1,
10028,6717,Lakshmi Patil,48,F,A1,
10029,6718,Pooja Iyer,30,F,A1,
10030,6719,Shivaraj Setty,53,M,A1,
10031,6719,Geeta Murthy,21,F,A2,
10032,6720,Pooja Achar,20,F,A1,
10033,6720,Yogesh Patil,43,M,A2,
10034,6721,Roopa Hegde,40,F,A1,
10035,6721,Nandini Shetty,23,F,A2,
10036,6721,Naveen Bhat,32,M,A3,
10037,6722,Sunita Shetty,34,F,A1,
10038,6722,Harish Gowda,50,M,A2,
10039,6722,Naveen Naik,21,M,A3,
10040,6723,Radha Shetty,50,F,A1,
10041,6724,Radha Bhat,31,F,A1,
10042,6724,Shobha Rao,21,F,A2,
10043,6724,Kavya Gowda,40,F,A3,
10044,6725,Shivaraj Bhat,32,M,A1,
10045,6725,Raghu Gowda,39,M,A2,
10046,6726,Rekha Shetty,33,F,A1,
10047,6727,Kumar Reddy,41,M,A1,
10048,6728,Srinivas Hegde,28,M,A1,
10049,6729,Nandini Kumar,42,F,A1,REPEAT-012
10050,6729,Anil Poojary,41,M,A2,
10051,6730,Naveen Kumar,19,M,A1,
10052,6730,Priya Reddy,24,F,A2,
10053,6730,Ramesh Bhat,44,M,A3,
10054,6731,Ganesh Naik,30,M,A1,
10055,6732,Shobha Reddy,20,F,A1,
10056,6732,Sunita Achar,31,F,A2,
10057,6733,Manjula Poojary,50,F,A1,
10058,6733,Ganesh Shetty,52,M,A2,
10059,6734,Mahesh Murthy,23,M,A1,REPEAT-033
10060,6734,Basavaraj Hegde,40,M,A2,
10061,6734,Suresh Poojary,35,M,A3,
10062,6735,Deepa Reddy,32,F,A1,
10063,6736,Anita Shetty,28,F,A1,REPEAT-019
10064,6737,Geeta Rao,21,F,A1,
10065,6738,Roopa Reddy,34,F,A1,
10066,6739,Shivaraj Kumar,29,M,A1,REPEAT-024
10067,6739,Prakash Bhat,46,M,A2,
10068,6740,Pooja Reddy,53,F,A1,
10069,6740,Rekha Hegde,52,F,A2,
10070,6741,Naveen Murthy,43,M,A1,REPEAT-002
10071,6741,Santosh Gowda,40,M,A2,
10072,6742,Manjunath Iyer,30,M,A1,
10073,6742,Harish Murthy,50,M,A2,
10074,6743,Nandini Achar,28,F,A1,
10075,6744,Manjula Reddy,41,F,A1,
10076,6744,Raghu Naik,53,M,A2,
10077,6744,Ramesh Gowda,49,M,A3,
10078,6745,Ganesh Reddy,48,M,A1,
10079,6745,Yogesh Reddy,39,M,A2,
10080,6746,Yogesh Reddy,44,M,A1,
10081,6747,Anil Reddy,41,M,A1,
10082,6747,Ganesh Hegde,39,M,A2,
10083,6748,Yogesh Patil,19,M,A1,
10084,6748,Vijay Shetty,24,M,A2,
10085,6748,Yogesh Naidu,19,M,A3,
10086,6749,Chaya Iyer,18,F,A1,
10087,6749,Prakash Iyer,37,M,A2,
10088,6750,Ganesh Hegde,37,M,A1,REPEAT-060
10089,6750,Manjunath Reddy,37,M,A2,
10090,6751,Radha Murthy,52,F,A1,
10091,6751,Roopa Achar,18,F,A2,
10092,6752,Raghu Kumar,34,M,A1,
10093,6753,Yogesh Patil,21,M,A1,
10094,6754,Raghu Hegde,41,M,A1,REPEAT-045
10095,6755,Kumar Rao,50,M,A1,
10096,6756,Suresh Naik,38,M,A1,REPEAT-042
10097,6756,Shivaraj Bhat,35,M,A2,
10098,6756,Ravi Patil,33,M,A3,
10099,6757,Suresh Naik,38,M,A1,REPEAT-042
10100,6758,Naveen Murthy,44,M,A1,REPEAT-002
10101,6758,Santosh Naidu,31,M,A2,
10102,6759,Ganesh Iyer,43,M,A1,
10103,6759,Suresh Shetty,32,M,A2,
10104,6760,Kavya Poojary,39,F,A1,
10105,6760,Anita Rao,46,F,A2,
10106,6760,Harish Setty,37,M,A3,
10107,6761,Santosh Setty,41,M,A1,
10108,6761,Ravi Gowda,21,M,A2,
10109,6762,Basavaraj Shetty,40,M,A1,REPEAT-023
10110,6763,Manjunath Bhat,32,M,A1,REPEAT-030
10111,6763,Shivaraj Murthy,46,M,A2,
10112,6764,Pooja Murthy,21,F,A1,
10113,6764,Prakash Bhat,36,M,A2,
10114,6764,Ravi Naik,21,M,A3,
10115,6765,Ganesh Naik,22,M,A1,
10116,6766,Geeta Kumar,32,F,A1,
10117,6767,Rekha Iyer,52,F,A1,
10118,6768,Shivaraj Setty,53,M,A1,
10119,6768,Anita Iyer,43,F,A2,
10120,6769,Nandini Kumar,42,F,A1,REPEAT-012
10121,6769,Girish Patil,33,M,A2,
10122,6770,Shivaraj Hegde,27,M,A1,
10123,6771,Shobha Patil,52,F,A1,
10124,6772,Priya Setty,27,F,A1,
10125,6772,Girish Shetty,46,M,A2,
10126,6773,Kumar Bhat,53,M,A1,
10127,6774,Naveen Murthy,54,M,A1,
10128,6775,Pooja Gowda,32,F,A1,
10129,6775,Deepa Hegde,54,F,A2,
10130,6776,Kumar Rao,44,M,A1,REPEAT-018
10131,6776,Kavya Murthy,42,F,A2,
10132,6776,Bhagya Setty,41,F,A3,
10133,6777,Suresh Naik,39,M,A1,REPEAT-042
10134,6778,Kumar Shetty,51,M,A1,
10135,6778,Kavya Setty,34,F,A2,
10136,6778,Girish Reddy,43,M,A3,
10137,6779,Radha Reddy,44,F,A1,REPEAT-055
10138,6779,Raghu Hegde,29,M,A2,
10139,6780,Prakash Naidu,30,M,A1,
10140,6781,Shivaraj Kumar,28,M,A1,
10141,6782,Vijay Kumar,24,M,A1,
10142,6782,Chaya Poojary,33,F,A2,
10143,6783,Yogesh Naidu,25,M,A1,REPEAT-001
10144,6784,Mahesh Shetty,38,M,A1,REPEAT-022
10145,6784,Deepa Bhat,43,F,A2,
10146,6785,Rekha Iyer,31,F,A1,
10147,6785,Vijay Kumar,30,M,A2,
10148,6786,Yogesh Naidu,25,M,A1,REPEAT-001
10149,6787,Nagaraj Naidu,36,M,A1,REPEAT-035
10150,6787,Santosh Naidu,35,M,A2,
10151,6787,Naveen Poojary,32,M,A3,
10152,6788,Harish Reddy,44,M,A1,REPEAT-056
10153,6789,Harish Reddy,44,M,A1,REPEAT-056
10154,6790,Prakash Kumar,20,M,A1,
10155,6791,Yogesh Kumar,44,M,A1,REPEAT-050
10156,6791,Shivaraj Setty,24,M,A2,
10157,6792,Rekha Murthy,41,F,A1,
10158,6792,Nandini Rao,24,F,A2,
10159,6793,Ganesh Patil,46,M,A1,
10160,6794,Vijay Shetty,21,M,A1,REPEAT-007
10161,6795,Mahesh Murthy,26,M,A1,
10162,6796,Nandini Achar,48,F,A1,
10163,6797,Ramesh Shetty,44,M,A1,
10164,6797,Raghu Achar,33,M,A2,
10165,6798,Manjula Iyer,36,F,A1,
10166,6799,Savitha Kumar,43,F,A1,
10167,6800,Kavya Iyer,23,F,A1,
10168,6801,Vidya Bhat,39,F,A1,
10169,6801,Raghu Naik,52,M,A2,
10170,6802,Ganesh Shetty,40,M,A1,REPEAT-029
10171,6802,Sunita Hegde,26,F,A2,
10172,6803,Prakash Patil,21,M,A1,
10173,6803,Mahesh Achar,43,M,A2,
10174,6804,Rekha Poojary,32,F,A1,
10175,6805,Naveen Setty,31,M,A1,
10176,6806,Ganesh Murthy,49,M,A1,
10177,6806,Yogesh Naidu,38,M,A2,
10178,6806,Radha Kumar,23,F,A3,
10179,6807,Srinivas Patil,55,M,A1,
10180,6807,Mahesh Shetty,50,M,A2,
10181,6807,Yogesh Patil,27,M,A3,
10182,6808,Nagaraj Setty,45,M,A1,REPEAT-003
10183,6809,Sowmya Poojary,48,F,A1,
10184,6809,Kumar Rao,24,M,A2,
10185,6809,Kumar Iyer,36,M,A3,
10186,6810,Srinivas Reddy,35,M,A1,
10187,6810,Radha Naik,35,F,A2,
10188,6811,Mahesh Naidu,20,M,A1,
10189,6812,Suresh Naidu,39,M,A1,
10190,6813,Sowmya Rao,28,F,A1,
10191,6814,Kumar Rao,44,M,A1,REPEAT-018
10192,6815,Savitha Bhat,55,F,A1,
10193,6815,Vidya Achar,48,F,A2,
10194,6816,Radha Patil,35,F,A1,
10195,6817,Yogesh Setty,54,M,A1,
10196,6818,Manjunath Patil,22,M,A1,
10197,6818,Nandini Gowda,28,F,A2,
10198,6819,Manjunath Hegde,39,M,A1,
10199,6820,Prakash Shetty,41,M,A1,
10200,6821,Yogesh Shetty,32,M,A1,
10201,6821,Raghu Achar,38,M,A2,
10202,6822,Vidya Gowda,18,F,A1,
10203,6822,Sunita Naik,22,F,A2,
10204,6822,Harish Naik,29,M,A3,
10205,6823,Naveen Setty,32,M,A1,REPEAT-036
10206,6824,Ravi Gowda,38,M,A1,
10207,6825,Vijay Murthy,22,M,A1,
10208,6826,Shivaraj Gowda,51,M,A1,
10209,6826,Anil Kumar,50,M,A2,
10210,6827,Prakash Gowda,35,M,A1,
10211,6827,Manjula Bhat,33,F,A2,
10212,6828,Lakshmi Setty,44,F,A1,
10213,6829,Roopa Achar,37,F,A1,
10214,6830,Manjunath Naidu,45,M,A1,
10215,6831,Manjula Poojary,31,F,A1,
10216,6832,Ramesh Achar,22,M,A1,
10217,6833,Naveen Bhat,19,M,A1,
10218,6834,Ravi Reddy,36,M,A1,
10219,6834,Priya Bhat,55,F,A2,
10220,6835,Ramesh Poojary,40,M,A1,
10221,6836,Nandini Reddy,44,F,A1,
10222,6836,Anita Hegde,54,F,A2,
10223,6837,Vijay Iyer,52,M,A1,
10224,6837,Harish Setty,43,M,A2,
10225,6838,Girish Hegde,54,M,A1,
10226,6839,Mahesh Achar,40,M,A1,
10227,6840,Geeta Murthy,30,F,A1,
10228,6840,Basavaraj Poojary,23,M,A2,
10229,6841,Santosh Rao,23,M,A1,
10230,6841,Lakshmi Poojary,44,F,A2,
10231,6842,Srinivas Naidu,37,M,A1,REPEAT-049
10232,6842,Shivaraj Gowda,42,M,A2,
10233,6843,Nandini Gowda,45,F,A1,
10234,6844,Deepa Reddy,29,F,A1,
10235,6845,Nagaraj Rao,24,M,A1,REPEAT-026
10236,6845,Suresh Murthy,29,M,A2,
10237,6846,Anil Shetty,55,M,A1,
10238,6846,Sunita Hegde,37,F,A2,
10239,6846,Ganesh Rao,44,M,A3,
10240,6847,Srinivas Gowda,55,M,A1,
10241,6847,Ravi Gowda,21,M,A2,
10242,6847,Rekha Hegde,22,F,A3,
10243,6848,Basavaraj Shetty,40,M,A1,REPEAT-023
10244,6848,Vijay Naik,22,M,A2,
10245,6848,Bhagya Gowda,55,F,A3,
10246,6849,Priya Shetty,37,F,A1,
10247,6849,Anil Naik,36,M,A2,
10248,6850,Harish Patil,40,M,A1,REPEAT-053
10249,6851,Girish Naidu,20,M,A1,
10250,6851,Geeta Bhat,35,F,A2,
10251,6852,Lakshmi Murthy,44,F,A1,REPEAT-044
10252,6853,Radha Rao,27,F,A1,
10253,6853,Sowmya Shetty,29,F,A2,
10254,6854,Manjunath Patil,33,M,A1,
10255,6855,Suresh Naik,38,M,A1,REPEAT-042
10256,6856,Anil Naik,21,M,A1,
10257,6856,Manjunath Naik,32,M,A2,
10258,6856,Savitha Gowda,29,F,A3,
10259,6857,Mahesh Shetty,37,M,A1,REPEAT-022
10260,6858,Savitha Shetty,24,F,A1,
10261,6859,Anita Gowda,51,F,A1,
10262,6860,Pooja Achar,40,F,A1,
10263,6861,Girish Hegde,27,M,A1,
10264,6862,Santosh Murthy,35,M,A1,
10265,6862,Nagaraj Reddy,43,M,A2,
10266,6863,Pooja Hegde,38,F,A1,
10267,6864,Raghu Naik,30,M,A1,
10268,6865,Manjula Achar,53,F,A1,
10269,6865,Santosh Kumar,44,M,A2,
10270,6866,Ramesh Poojary,53,M,A1,
10271,6866,Ravi Hegde,46,M,A2,
10272,6867,Ramesh Naidu,51,M,A1,
10273,6867,Sowmya Setty,55,F,A2,
10274,6868,Ramesh Setty,33,M,A1,
10275,6869,Anita Iyer,45,F,A1,
10276,6869,Vijay Naidu,25,M,A2,
10277,6870,Pooja Patil,30,F,A1,
10278,6871,Santosh Rao,23,M,A1,
10279,6872,Vijay Kumar,40,M,A1,
10280,6873,Bhagya Kumar,40,F,A1,
10281,6874,Yogesh Naidu,25,M,A1,REPEAT-001
10282,6875,Kavya Poojary,22,F,A1,
10283,6876,Prakash Naidu,38,M,A1,
10284,6877,Santosh Iyer,18,M,A1,
10285,6878,Geeta Bhat,52,F,A1,
10286,6879,Kavya Murthy,53,F,A1,
10287,6880,Anil Naik,28,M,A1,
10288,6881,Srinivas Murthy,37,M,A1,
10289,6881,Raghu Murthy,30,M,A2,
10290,6882,Deepa Naidu,26,F,A1,
10291,6883,Shivaraj Kumar,29,M,A1,REPEAT-024
10292,6884,Ravi Patil,54,M,A1,
10293,6884,Harish Iyer,41,M,A2,
10294,6884,Anil Murthy,23,M,A3,
10295,6885,Kumar Patil,23,M,A1,
10296,6886,Mahesh Murthy,23,M,A1,REPEAT-033
10297,6887,Girish Reddy,48,M,A1,
10298,6888,Suresh Naidu,42,M,A1,
10299,6889,Manjunath Bhat,33,M,A1,REPEAT-030
10300,6890,Manjula Reddy,37,F,A1,
10301,6891,Vijay Achar,33,M,A1,
10302,6891,Raghu Shetty,48,M,A2,
10303,6892,Kumar Iyer,20,M,A1,REPEAT-038
10304,6893,Ganesh Setty,47,M,A1,
10305,6894,Srinivas Naidu,37,M,A1,REPEAT-049
10306,6894,Vijay Naik,40,M,A2,
10307,6895,Sunita Murthy,35,F,A1,
10308,6896,Anil Bhat,35,M,A1,REPEAT-005
10309,6896,Mahesh Achar,35,M,A2,
10310,6897,Prakash Iyer,43,M,A1,
10311,6897,Santosh Iyer,39,M,A2,
10312,6898,Ganesh Gowda,20,M,A1,REPEAT-020
10313,6898,Harish Hegde,34,M,A2,
10314,6899,Nandini Patil,49,F,A1,
10315,6900,Vijay Naik,55,M,A1,
10316,6901,Anita Iyer,49,F,A1,
10317,6902,Naveen Murthy,19,M,A1,
10318,6902,Yogesh Bhat,52,M,A2,
10319,6903,Deepa Hegde,24,F,A1,
10320,6903,Lakshmi Naik,22,F,A2,
10321,6904,Suresh Rao,42,M,A1,
10322,6905,Yogesh Poojary,53,M,A1,
10323,6906,Srinivas Murthy,44,M,A1,
10324,6907,Basavaraj Bhat,21,M,A1,
10325,6907,Nagaraj Rao,26,M,A2,
10326,6907,Mahesh Iyer,51,M,A3,
10327,6908,Harish Naidu,36,M,A1,REPEAT-015
10328,6909,Mahesh Murthy,23,M,A1,REPEAT-033
10329,6909,Girish Poojary,19,M,A2,
10330,6910,Anita Shetty,28,F,A1,REPEAT-019
10331,6910,Ganesh Gowda,30,M,A2,
10332,6911,Raghu Poojary,29,M,A1,
10333,6911,Shwetha Reddy,34,F,A2,
10334,6912,Shwetha Shetty,37,F,A1,
10335,6913,Shobha Hegde,46,F,A1,
10336,6914,Ganesh Poojary,54,M,A1,
10337,6914,Mahesh Kumar,34,M,A2,
10338,6915,Pooja Reddy,27,F,A1,
10339,6916,Kumar Naidu,27,M,A1,
10340,6917,Prakash Poojary,53,M,A1,
10341,6918,Mahesh Bhat,55,M,A1,
10342,6918,Srinivas Setty,28,M,A2,
10343,6919,Basavaraj Poojary,45,M,A1,
10344,6919,Vidya Achar,32,F,A2,
10345,6920,Manjunath Setty,25,M,A1,
10346,6921,Priya Poojary,26,F,A1,
10347,6921,Santosh Patil,55,M,A2,
10348,6921,Girish Kumar,43,M,A3,
10349,6922,Nagaraj Patil,54,M,A1,
10350,6922,Deepa Shetty,30,F,A2,
10351,6922,Suresh Naik,45,M,A3,
10352,6923,Lakshmi Shetty,44,F,A1,
10353,6924,Nagaraj Setty,46,M,A1,REPEAT-003
10354,6925,Manjunath Kumar,40,M,A1,
10355,6925,Manjula Patil,45,F,A2,
10356,6925,Chaya Achar,22,F,A3,
10357,6926,Rekha Naik,31,F,A1,
10358,6927,Ganesh Setty,36,M,A1,
10359,6927,Nandini Iyer,52,F,A2,
10360,6928,Naveen Murthy,43,M,A1,REPEAT-002
10361,6928,Mahesh Reddy,21,M,A2,
10362,6929,Savitha Shetty,30,F,A1,
10363,6929,Naveen Shetty,37,M,A2,
10364,6930,Srinivas Shetty,39,M,A1,
10365,6930,Ravi Rao,36,M,A2,
10366,6931,Ramesh Bhat,27,M,A1,
10367,6932,Girish Bhat,52,M,A1,
10368,6933,Kumar Iyer,20,M,A1,REPEAT-038
10369,6934,Ravi Naik,20,M,A1,
10370,6934,Lakshmi Reddy,54,F,A2,
10371,6935,Priya Naik,18,F,A1,
10372,6936,Rekha Rao,39,F,A1,
10373,6937,Vidya Naidu,47,F,A1,
10374,6937,Ravi Iyer,36,M,A2,
10375,6938,Suresh Naik,38,M,A1,REPEAT-042
10376,6939,Naveen Hegde,34,M,A1,
10377,6940,Anita Bhat,33,F,A1,
10378,6941,Shivaraj Naidu,24,M,A1,
10379,6942,Suresh Bhat,37,M,A1,
10380,6943,Harish Kumar,41,M,A1,
10381,6944,Santosh Iyer,36,M,A1,
10382,6945,Shivaraj Iyer,39,M,A1,
10383,6945,Shivaraj Naik,23,M,A2,
10384,6945,Shobha Naik,44,F,A3,
10385,6946,Kavya Hegde,24,F,A1,
10386,6946,Srinivas Bhat,54,M,A2,
10387,6947,Geeta Murthy,23,F,A1,
10388,6948,Geeta Poojary,20,F,A1,
10389,6948,Basavaraj Naidu,52,M,A2,
10390,6948,Chaya Hegde,18,F,A3,
10391,6949,Anil Bhat,35,M,A1,REPEAT-005
10392,6949,Raghu Naik,35,M,A2,
10393,6950,Anil Poojary,54,M,A1,
10394,6951,Pooja Naidu,36,F,A1,
10395,6952,Bhagya Iyer,50,F,A1,
10396,6953,Manjunath Setty,44,M,A1,REPEAT-016
10397,6954,Shivaraj Kumar,29,M,A1,REPEAT-024
10398,6955,Vijay Iyer,53,M,A1,
10399,6955,Santosh Poojary,40,M,A2,
10400,6955,Mahesh Iyer,21,M,A3,
10401,6956,Radha Hegde,52,F,A1,
10402,6956,Anil Iyer,35,M,A2,
10403,6957,Ramesh Naik,20,M,A1,
10404,6957,Srinivas Setty,53,M,A2,
10405,6957,Kumar Reddy,30,M,A3,
10406,6958,Savitha Bhat,38,F,A1,
10407,6959,Vijay Naik,53,M,A1,
10408,6959,Srinivas Bhat,25,M,A2,
10409,6959,Santosh Naik,42,M,A3,
10410,6960,Naveen Patil,54,M,A1,
10411,6961,Nagaraj Bhat,20,M,A1,
10412,6961,Santosh Setty,28,M,A2,
10413,6961,Prakash Iyer,48,M,A3,
10414,6962,Manjunath Bhat,33,M,A1,REPEAT-030
10415,6962,Suresh Gowda,38,M,A2,
10416,6963,Santosh Murthy,45,M,A1,
10417,6964,Deepa Shetty,22,F,A1,
10418,6965,Shobha Naik,54,F,A1,
10419,6965,Santosh Hegde,35,M,A2,
10420,6966,Harish Naidu,22,M,A1,
10421,6967,Pooja Rao,45,F,A1,REPEAT-039
10422,6968,Anita Naidu,41,F,A1,
10423,6968,Lakshmi Bhat,29,F,A2,
10424,6968,Girish Rao,46,M,A3,
10425,6969,Mahesh Naik,52,M,A1,
10426,6969,Chaya Rao,42,F,A2,
10427,6969,Suresh Naidu,32,M,A3,
10428,6970,Vidya Rao,39,F,A1,
10429,6970,Raghu Rao,38,M,A2,
10430,6971,Nagaraj Naidu,42,M,A1,
10431,6972,Nagaraj Naidu,37,M,A1,REPEAT-035
10432,6972,Ganesh Poojary,30,M,A2,
10433,6972,Sowmya Bhat,45,F,A3,
10434,6973,Prakash Naik,19,M,A1,
10435,6973,Vijay Rao,38,M,A2,
10436,6974,Ravi Patil,53,M,A1,
10437,6975,Savitha Hegde,44,F,A1,
10438,6976,Santosh Poojary,29,M,A1,
10439,6977,Yogesh Naik,20,M,A1,
10440,6978,Manjunath Iyer,54,M,A1,
10441,6979,Naveen Bhat,35,M,A1,
10442,6980,Anita Shetty,28,F,A1,REPEAT-019
10443,6980,Prakash Patil,38,M,A2,
10444,6981,Basavaraj Reddy,42,M,A1,REPEAT-031
10445,6982,Ramesh Reddy,29,M,A1,
10446,6983,Srinivas Naidu,38,M,A1,REPEAT-049
10447,6984,Mahesh Shetty,37,M,A1,REPEAT-022
10448,6985,Shivaraj Reddy,21,M,A1,
10449,6985,Ganesh Naik,31,M,A2,
10450,6985,Anil Iyer,44,M,A3,
10451,6986,Prakash Shetty,21,M,A1,
10452,6987,Shivaraj Poojary,34,M,A1,
10453,6988,Yogesh Naidu,25,M,A1,REPEAT-001
10454,6989,Ganesh Gowda,20,M,A1,REPEAT-020
10455,6990,Mahesh Iyer,23,M,A1,
10456,6991,Radha Shetty,45,F,A1,
10457,6991,Shivaraj Setty,46,M,A2,
10458,6992,Rekha Setty,21,F,A1,
10459,6992,Kavya Gowda,55,F,A2,
10460,6993,Girish Poojary,48,M,A1,
10461,6994,Anil Bhat,34,M,A1,REPEAT-005
10462,6995,Nandini Shetty,22,F,A1,REPEAT-011
10463,6996,Srinivas Naik,27,M,A1,
10464,6997,Anil Shetty,41,M,A1,
10465,6998,Harish Naidu,37,M,A1,REPEAT-015
10466,6998,Kumar Bhat,26,M,A2,
10467,6998,Vidya Naidu,25,F,A3,
10468,6999,Mahesh Murthy,24,M,A1,REPEAT-033
10469,7000,Yogesh Rao,39,M,A1,
10470,7000,Santosh Achar,40,M,A2,
10471,7001,Prakash Achar,45,M,A1,
10472,7001,Vijay Patil,41,M,A2,
10473,7002,Ramesh Iyer,26,M,A1,
10474,7003,Girish Rao,33,M,A1,
10475,7004,Shivaraj Naik,55,M,A1,
10476,7005,Santosh Naidu,27,M,A1,
10477,7006,Shivaraj Kumar,29,M,A1,REPEAT-024
10478,7006,Ganesh Iyer,19,M,A2,
10479,7007,Naveen Naidu,42,M,A1,
10480,7008,Prakash Achar,52,M,A1,
10481,7009,Mahesh Murthy,23,M,A1,REPEAT-033
10482,7010,Mahesh Murthy,23,M,A1,REPEAT-033
10483,7011,Anita Patil,24,F,A1,REPEAT-014
10484,7011,Girish Gowda,28,M,A2,
10485,7012,Kumar Hegde,39,M,A1,
10486,7013,Manjunath Reddy,22,M,A1,
10487,7014,Yogesh Bhat,44,M,A1,
10488,7015,Radha Reddy,44,F,A1,REPEAT-055
10489,7016,Shivaraj Murthy,34,M,A1,
10490,7016,Pooja Iyer,39,F,A2,
10491,7017,Ganesh Murthy,22,M,A1,
10492,7018,Raghu Reddy,34,M,A1,
10493,7019,Srinivas Reddy,33,M,A1,
10494,7020,Manjunath Bhat,32,M,A1,REPEAT-030
10495,7021,Ganesh Setty,18,M,A1,
10496,7021,Manjula Naidu,34,F,A2,
10497,7021,Savitha Bhat,28,F,A3,
10498,7022,Naveen Murthy,43,M,A1,REPEAT-002
10499,7022,Harish Iyer,47,M,A2,
10500,7023,Sowmya Iyer,44,F,A1,
10501,7024,Lakshmi Murthy,44,F,A1,REPEAT-044
10502,7025,Shwetha Naik,50,F,A1,
10503,7026,Shwetha Reddy,39,F,A1,
10504,7027,Nandini Naidu,47,F,A1,
10505,7028,Manjula Shetty,45,F,A1,
10506,7028,Nagaraj Iyer,19,M,A2,
10507,7029,Sowmya Naik,52,F,A1,
10508,7029,Shwetha Patil,53,F,A2,
10509,7030,Sunita Achar,52,F,A1,
10510,7031,Naveen Hegde,53,M,A1,
10511,7032,Nandini Shetty,22,F,A1,REPEAT-011
10512,7033,Lakshmi Kumar,34,F,A1,
10513,7033,Bhagya Bhat,40,F,A2,
10514,7034,Ramesh Iyer,35,M,A1,
10515,7034,Ravi Naik,41,M,A2,
10516,7035,Roopa Kumar,38,F,A1,
10517,7035,Manjunath Poojary,42,M,A2,
10518,7036,Anita Shetty,28,F,A1,REPEAT-019
10519,7036,Kumar Reddy,40,M,A2,
10520,7037,Anita Setty,32,F,A1,
10521,7038,Yogesh Iyer,54,M,A1,
10522,7039,Manjula Murthy,41,F,A1,
10523,7040,Pooja Bhat,39,F,A1,
10524,7040,Kumar Murthy,54,M,A2,
10525,7040,Shivaraj Bhat,43,M,A3,
10526,7041,Bhagya Murthy,45,F,A1,
10527,7041,Ramesh Naik,45,M,A2,
10528,7042,Harish Patil,40,M,A1,REPEAT-053
10529,7042,Nagaraj Hegde,22,M,A2,
10530,7043,Girish Iyer,55,M,A1,
10531,7044,Shivaraj Setty,55,M,A1,
10532,7045,Lakshmi Shetty,21,F,A1,
10533,7045,Girish Naidu,22,M,A2,
10534,7046,Naveen Setty,32,M,A1,REPEAT-036
10535,7046,Sowmya Shetty,41,F,A2,
10536,7047,Anil Murthy,34,M,A1,
10537,7047,Roopa Patil,55,F,A2,
10538,7048,Girish Iyer,34,M,A1,
10539,7048,Suresh Patil,49,M,A2,
10540,7049,Nagaraj Naik,31,M,A1,
10541,7049,Savitha Naidu,19,F,A2,
10542,7049,Srinivas Iyer,46,M,A3,
10543,7050,Anil Kumar,37,M,A1,
10544,7051,Mahesh Hegde,18,M,A1,
10545,7052,Nandini Reddy,40,F,A1,
10546,7052,Naveen Setty,28,M,A2,
10547,7052,Geeta Reddy,23,F,A3,
10548,7053,Manjunath Poojary,18,M,A1,
10549,7054,Mahesh Shetty,38,M,A1,REPEAT-022
10550,7054,Raghu Naidu,40,M,A2,
10551,7055,Harish Achar,45,M,A1,REPEAT-057
10552,7055,Santosh Shetty,31,M,A2,
10553,7056,Yogesh Naidu,55,M,A1,
10554,7057,Basavaraj Achar,43,M,A1,
10555,7057,Nagaraj Naik,55,M,A2,
10556,7058,Basavaraj Shetty,45,M,A1,
10557,7059,Geeta Naik,32,F,A1,
10558,7059,Girish Achar,54,M,A2,
10559,7060,Chaya Patil,21,F,A1,
10560,7060,Raghu Naik,19,M,A2,
10561,7060,Chaya Bhat,25,F,A3,
10562,7061,Savitha Poojary,49,F,A1,
10563,7062,Mahesh Kumar,23,M,A1,
10564,7062,Kavya Gowda,32,F,A2,
10565,7063,Suresh Gowda,32,M,A1,
10566,7064,Bhagya Reddy,52,F,A1,
10567,7064,Vidya Murthy,18,F,A2,
10568,7065,Ravi Rao,28,M,A1,
10569,7066,Srinivas Hegde,32,M,A1,REPEAT-046
10570,7067,Harish Achar,45,M,A1,REPEAT-057
10571,7068,Manjula Naidu,36,F,A1,
10572,7069,Basavaraj Hegde,24,M,A1,
10573,7070,Shivaraj Kumar,44,M,A1,
10574,7070,Vijay Iyer,28,M,A2,
10575,7070,Shivaraj Murthy,22,M,A3,
10576,7071,Raghu Setty,53,M,A1,
10577,7071,Anita Rao,46,F,A2,
10578,7072,Vijay Naik,22,M,A1,
10579,7072,Kumar Naik,23,M,A2,
10580,7073,Nagaraj Setty,45,M,A1,REPEAT-003
10581,7074,Nandini Poojary,41,F,A1,
10582,7075,Anita Naik,44,F,A1,
10583,7075,Kavya Shetty,42,F,A2,
10584,7076,Yogesh Kumar,45,M,A1,REPEAT-050
10585,7076,Nagaraj Shetty,28,M,A2,
10586,7077,Srinivas Reddy,48,M,A1,
10587,7077,Savitha Naik,36,F,A2,
10588,7078,Vijay Naik,34,M,A1,
10589,7079,Ravi Achar,50,M,A1,
10590,7079,Harish Patil,35,M,A2,
10591,7080,Harish Iyer,39,M,A1,
10592,7081,Ravi Poojary,29,M,A1,
10593,7082,Mahesh Shetty,37,M,A1,REPEAT-022
10594,7083,Nagaraj Patil,47,M,A1,
10595,7084,Anil Setty,50,M,A1,
10596,7085,Raghu Shetty,42,M,A1,
10597,7086,Yogesh Bhat,53,M,A1,
10598,7086,Sunita Reddy,43,F,A2,
10599,7086,Anil Murthy,24,M,A3,
10600,7087,Mahesh Setty,30,M,A1,
10601,7088,Ravi Kumar,33,M,A1,
10602,7089,Ganesh Iyer,30,M,A1,
10603,7090,Shwetha Naik,52,F,A1,
10604,7090,Roopa Iyer,52,F,A2,
10605,7091,Harish Naidu,37,M,A1,REPEAT-015
10606,7091,Mahesh Murthy,21,M,A2,
10607,7092,Basavaraj Naik,53,M,A1,
10608,7092,Naveen Murthy,30,M,A2,
10609,7093,Mahesh Achar,37,M,A1,
10610,7093,Nagaraj Murthy,42,M,A2,
10611,7094,Radha Reddy,44,F,A1,REPEAT-055
10612,7094,Ganesh Murthy,50,M,A2,
10613,7095,Manjula Murthy,32,F,A1,
10614,7096,Mahesh Shetty,37,M,A1,REPEAT-022
10615,7096,Prakash Shetty,46,M,A2,
10616,7097,Ramesh Iyer,22,M,A1,
10617,7098,Basavaraj Shetty,50,M,A1,
10618,7098,Shobha Poojary,18,F,A2,
10619,7099,Nandini Kumar,43,F,A1,REPEAT-012
10620,7100,Santosh Reddy,49,M,A1,
10621,7101,Ravi Naik,53,M,A1,
10622,7101,Basavaraj Naik,39,M,A2,
10623,7101,Raghu Gowda,20,M,A3,
10624,7102,Yogesh Kumar,26,M,A1,
10625,7102,Nandini Kumar,38,F,A2,
10626,7103,Shivaraj Achar,47,M,A1,
10627,7104,Anil Hegde,36,M,A1,
10628,7105,Nagaraj Kumar,24,M,A1,
10629,7106,Shivaraj Naik,50,M,A1,
10630,7107,Pooja Hegde,28,F,A1,
10631,7108,Prakash Patil,43,M,A1,
10632,7109,Roopa Bhat,44,F,A1,
10633,7109,Anita Rao,48,F,A2,
10634,7110,Nandini Kumar,42,F,A1,REPEAT-012
10635,7111,Pooja Patil,23,F,A1,
10636,7111,Lakshmi Reddy,24,F,A2,
10637,7112,Kumar Rao,27,M,A1,
10638,7113,Srinivas Naidu,37,M,A1,REPEAT-049
10639,7114,Mahesh Kumar,35,M,A1,
10640,7115,Naveen Shetty,40,M,A1,
10641,7116,Basavaraj Reddy,43,M,A1,REPEAT-031
10642,7116,Manjunath Naik,27,M,A2,
10643,7116,Nandini Naidu,36,F,A3,
10644,7117,Savitha Naik,48,F,A1,
10645,7118,Basavaraj Patil,34,M,A1,
10646,7119,Santosh Naidu,35,M,A1,
10647,7120,Geeta Naik,51,F,A1,
10648,7120,Vidya Naik,21,F,A2,
10649,7120,Mahesh Hegde,25,M,A3,
10650,7121,Basavaraj Gowda,21,M,A1,
10651,7121,Santosh Naik,31,M,A2,
10652,7122,Kumar Reddy,42,M,A1,
10653,7122,Ganesh Rao,47,M,A2,
10654,7123,Anita Shetty,29,F,A1,REPEAT-019
10655,7124,Srinivas Kumar,19,M,A1,
10656,7124,Vidya Reddy,49,F,A2,
10657,7125,Manjunath Shetty,53,M,A1,
10658,7125,Prakash Murthy,40,M,A2,
10659,7126,Priya Naik,36,F,A1,
10660,7126,Ramesh Poojary,21,M,A2,
10661,7127,Harish Achar,45,M,A1,REPEAT-057
10662,7128,Vijay Shetty,21,M,A1,REPEAT-007
10663,7129,Suresh Iyer,38,M,A1,
10664,7129,Ravi Shetty,28,M,A2,
10665,7130,Kavya Bhat,19,F,A1,
10666,7131,Naveen Naik,38,M,A1,REPEAT-021
10667,7131,Yogesh Setty,33,M,A2,
10668,7132,Srinivas Rao,46,M,A1,
10669,7133,Kavya Gowda,50,F,A1,
10670,7134,Suresh Rao,35,M,A1,
10671,7135,Shivaraj Patil,40,M,A1,REPEAT-006
10672,7136,Yogesh Reddy,34,M,A1,
10673,7136,Radha Reddy,26,F,A2,
10674,7136,Manjunath Shetty,54,M,A3,
10675,7137,Yogesh Kumar,44,M,A1,REPEAT-050
10676,7137,Suresh Poojary,44,M,A2,
10677,7138,Mahesh Shetty,37,M,A1,REPEAT-022
10678,7139,Yogesh Patil,47,M,A1,
10679,7140,Vidya Murthy,30,F,A1,
10680,7141,Anil Gowda,22,M,A1,
10681,7142,Ravi Naik,42,M,A1,REPEAT-008
10682,7142,Anil Hegde,52,M,A2,
10683,7142,Girish Naik,55,M,A3,
10684,7143,Chaya Naik,21,F,A1,
10685,7144,Suresh Murthy,26,M,A1,
10686,7145,Naveen Achar,33,M,A1,
10687,7146,Rekha Kumar,46,F,A1,
10688,7146,Yogesh Reddy,31,M,A2,
10689,7146,Sowmya Rao,23,F,A3,
10690,7147,Ganesh Gowda,21,M,A1,REPEAT-020
10691,7147,Basavaraj Rao,26,M,A2,
10692,7148,Pooja Murthy,46,F,A1,
10693,7148,Santosh Hegde,51,M,A2,
10694,7149,Prakash Poojary,47,M,A1,
10695,7150,Prakash Naidu,30,M,A1,
10696,7151,Naveen Murthy,43,M,A1,REPEAT-002
10697,7152,Nagaraj Naidu,30,M,A1,
10698,7152,Suresh Gowda,51,M,A2,
10699,7153,Manjunath Naidu,43,M,A1,
10700,7153,Nagaraj Bhat,42,M,A2,
10701,7154,Lakshmi Bhat,47,F,A1,
10702,7155,Nandini Kumar,42,F,A1,REPEAT-012
10703,7156,Naveen Kumar,29,M,A1,
10704,7157,Srinivas Bhat,31,M,A1,
10705,7158,Raghu Iyer,41,M,A1,
10706,7158,Shwetha Achar,25,F,A2,
10707,7159,Shwetha Achar,42,F,A1,
10708,7159,Vijay Rao,46,M,A2,
10709,7160,Sunita Shetty,46,F,A1,
10710,7161,Deepa Shetty,51,F,A1,
10711,7161,Suresh Iyer,38,M,A2,
10712,7162,Radha Iyer,24,F,A1,
10713,7163,Anil Bhat,34,M,A1,REPEAT-005
10714,7163,Harish Reddy,45,M,A2,
10715,7164,Manjunath Murthy,25,M,A1,REPEAT-025
10716,7165,Ganesh Naidu,30,M,A1,
10717,7166,Srinivas Naidu,37,M,A1,REPEAT-049
10718,7167,Ganesh Setty,42,M,A1,
10719,7168,Ravi Hegde,28,M,A1,
10720,7169,Nagaraj Setty,37,M,A1,
10721,7169,Vidya Iyer,18,F,A2,
10722,7170,Nagaraj Setty,45,M,A1,REPEAT-003
10723,7170,Kumar Rao,42,M,A2,
10724,7171,Suresh Iyer,39,M,A1,
10725,7172,Savitha Shetty,36,F,A1,
10726,7172,Yogesh Shetty,55,M,A2,
10727,7173,Anil Patil,23,M,A1,
10728,7174,Harish Patil,40,M,A1,REPEAT-053
10729,7175,Manjunath Murthy,25,M,A1,REPEAT-025
10730,7176,Ramesh Rao,27,M,A1,
10731,7177,Vijay Hegde,18,M,A1,
10732,7178,Sunita Poojary,45,F,A1,
10733,7179,Nandini Shetty,22,F,A1,REPEAT-011
10734,7180,Shivaraj Reddy,32,M,A1,
10735,7181,Yogesh Naidu,25,M,A1,REPEAT-001
10736,7181,Priya Patil,29,F,A2,
10737,7182,Nagaraj Iyer,44,M,A1,
10738,7183,Rekha Naidu,35,F,A1,
10739,7183,Deepa Rao,54,F,A2,
10740,7184,Vidya Achar,42,F,A1,
10741,7185,Ramesh Naik,43,M,A1,
10742,7185,Chaya Rao,55,F,A2,
10743,7186,Chaya Setty,27,F,A1,
10744,7186,Harish Achar,30,M,A2,
10745,7187,Vidya Hegde,19,F,A1,REPEAT-041
10746,7187,Shivaraj Rao,19,M,A2,
10747,7188,Ganesh Hegde,36,M,A1,REPEAT-060
10748,7188,Bhagya Rao,38,F,A2,
10749,7188,Bhagya Naidu,53,F,A3,
10750,7189,Manjunath Rao,25,M,A1,
10751,7190,Shivaraj Bhat,53,M,A1,
10752,7191,Nandini Kumar,22,F,A1,
10753,7191,Harish Iyer,45,M,A2,
10754,7191,Radha Gowda,19,F,A3,
10755,7192,Ramesh Shetty,24,M,A1,
10756,7193,Anita Shetty,28,F,A1,REPEAT-019
10757,7194,Nagaraj Rao,40,M,A1,
10758,7194,Harish Poojary,19,M,A2,
10759,7195,Mahesh Naik,52,M,A1,
10760,7196,Anil Iyer,53,M,A1,
10761,7196,Nagaraj Naik,28,M,A2,
10762,7197,Manjula Poojary,18,F,A1,
10763,7198,Savitha Murthy,24,F,A1,
10764,7199,Santosh Rao,41,M,A1,REPEAT-027
10765,7200,Shobha Shetty,54,F,A1,
10766,7200,Raghu Rao,48,M,A2,
10767,7201,Manjunath Murthy,25,M,A1,REPEAT-025
10768,7201,Basavaraj Reddy,45,M,A2,
10769,7202,Vijay Kumar,44,M,A1,
10770,7203,Sunita Naidu,19,F,A1,
10771,7204,Mahesh Shetty,37,M,A1,REPEAT-022
10772,7204,Suresh Naik,47,M,A2,
10773,7205,Yogesh Rao,53,M,A1,
10774,7206,Bhagya Shetty,38,F,A1,
10775,7207,Naveen Setty,32,M,A1,REPEAT-036
10776,7208,Raghu Reddy,33,M,A1,
10777,7208,Vijay Kumar,34,M,A2,
10778,7208,Naveen Gowda,49,M,A3,
10779,7209,Lakshmi Murthy,45,F,A1,REPEAT-044
10780,7210,Manjunath Kumar,18,M,A1,
10781,7210,Mahesh Rao,22,M,A2,
10782,7211,Shivaraj Naik,43,M,A1,
10783,7212,Sowmya Naik,47,F,A1,
10784,7213,Srinivas Naidu,47,M,A1,
10785,7214,Harish Achar,39,M,A1,
10786,7214,Girish Kumar,22,M,A2,
10787,7214,Kavya Iyer,26,F,A3,
10788,7215,Girish Patil,28,M,A1,
10789,7215,Naveen Kumar,52,M,A2,
10790,7216,Lakshmi Murthy,51,F,A1,
10791,7217,Nagaraj Setty,45,M,A1,REPEAT-003
10792,7217,Santosh Murthy,47,M,A2,
10793,7218,Vijay Shetty,21,M,A1,REPEAT-007
10794,7219,Harish Rao,22,M,A1,
10795,7219,Savitha Murthy,29,F,A2,
10796,7220,Manjunath Murthy,26,M,A1,REPEAT-025
10797,7220,Prakash Achar,38,M,A2,
10798,7221,Rekha Setty,27,F,A1,
10799,7222,Naveen Naik,44,M,A1,
10800,7223,Radha Hegde,31,F,A1,
10801,7224,Girish Bhat,39,M,A1,
10802,7225,Ganesh Gowda,21,M,A1,REPEAT-020
10803,7226,Kavya Achar,54,F,A1,
10804,7227,Raghu Reddy,20,M,A1,
10805,7227,Shivaraj Poojary,43,M,A2,
10806,7228,Kumar Murthy,33,M,A1,
10807,7229,Srinivas Iyer,33,M,A1,
10808,7230,Vijay Shetty,22,M,A1,REPEAT-007
10809,7230,Priya Reddy,35,F,A2,
10810,7231,Kavya Poojary,38,F,A1,
10811,7231,Ravi Naik,20,M,A2,
10812,7232,Mahesh Reddy,38,M,A1,
10813,7232,Savitha Naik,39,F,A2,
10814,7233,Priya Hegde,25,F,A1,
10815,7234,Geeta Poojary,34,F,A1,
10816,7235,Rekha Hegde,37,F,A1,
10817,7236,Vijay Iyer,31,M,A1,
10818,7237,Roopa Achar,31,F,A1,
10819,7238,Basavaraj Bhat,54,M,A1,
10820,7239,Naveen Murthy,43,M,A1,REPEAT-002
10821,7239,Yogesh Reddy,35,M,A2,
10822,7240,Roopa Gowda,42,F,A1,
10823,7241,Ganesh Naik,24,M,A1,
10824,7242,Kumar Naik,19,M,A1,
10825,7242,Mahesh Kumar,43,M,A2,
10826,7243,Kavya Bhat,42,F,A1,
10827,7244,Naveen Poojary,46,M,A1,
10828,7245,Prakash Naidu,51,M,A1,
10829,7245,Ramesh Shetty,31,M,A2,
10830,7246,Manjunath Bhat,32,M,A1,REPEAT-030
10831,7247,Manjunath Bhat,32,M,A1,REPEAT-030
10832,7248,Ravi Reddy,47,M,A1,
10833,7249,Ramesh Reddy,43,M,A1,
10834,7250,Anil Poojary,40,M,A1,
10835,7250,Mahesh Setty,54,M,A2,
10836,7251,Ravi Naik,36,M,A1,
10837,7251,Basavaraj Shetty,27,M,A2,
10838,7252,Basavaraj Murthy,30,M,A1,
10839,7253,Nagaraj Naidu,36,M,A1,REPEAT-035
10840,7254,Manjunath Murthy,25,M,A1,REPEAT-025
10841,7254,Ravi Achar,31,M,A2,
10842,7255,Ravi Patil,30,M,A1,
10843,7256,Nagaraj Gowda,40,M,A1,
10844,7257,Shwetha Rao,46,F,A1,
10845,7257,Anita Achar,18,F,A2,
10846,7258,Priya Murthy,54,F,A1,
10847,7259,Radha Reddy,44,F,A1,REPEAT-055
10848,7260,Savitha Setty,49,F,A1,
10849,7260,Shivaraj Naik,34,M,A2,
10850,7261,Ravi Patil,24,M,A1,
10851,7262,Anita Naik,55,F,A1,
10852,7263,Vijay Iyer,27,M,A1,
10853,7264,Savitha Poojary,28,F,A1,
10854,7264,Shobha Setty,45,F,A2,
10855,7265,Manjula Rao,21,F,A1,
10856,7265,Shobha Hegde,51,F,A2,
10857,7266,Geeta Hegde,55,F,A1,
10858,7266,Roopa Gowda,26,F,A2,
10859,7267,Pooja Gowda,43,F,A1,
10860,7267,Yogesh Setty,40,M,A2,
10861,7268,Priya Hegde,30,F,A1,
10862,7269,Nagaraj Hegde,41,M,A1,
10863,7270,Santosh Naidu,18,M,A1,
10864,7270,Vijay Bhat,38,M,A2,
10865,7271,Naveen Murthy,43,M,A1,REPEAT-002
10866,7272,Nagaraj Naik,29,M,A1,
10867,7272,Nandini Bhat,28,F,A2,
10868,7272,Harish Poojary,20,M,A3,
10869,7273,Kumar Achar,29,M,A1,
10870,7274,Yogesh Naidu,24,M,A1,REPEAT-001
10871,7274,Manjula Naik,53,F,A2,
10872,7275,Kavya Naik,54,F,A1,
10873,7275,Deepa Murthy,37,F,A2,
10874,7276,Anil Iyer,22,M,A1,
10875,7276,Shivaraj Setty,26,M,A2,
10876,7276,Ramesh Shetty,21,M,A3,
10877,7277,Girish Iyer,38,M,A1,
10878,7278,Manjunath Bhat,32,M,A1,REPEAT-030
10879,7278,Suresh Setty,38,M,A2,
10880,7279,Vijay Shetty,22,M,A1,REPEAT-007
10881,7280,Sowmya Setty,18,F,A1,
10882,7280,Kumar Poojary,18,M,A2,
10883,7281,Vijay Setty,54,M,A1,
10884,7281,Anil Patil,48,M,A2,
10885,7282,Mahesh Reddy,48,M,A1,
10886,7282,Suresh Gowda,21,M,A2,
10887,7283,Nandini Kumar,43,F,A1,REPEAT-012
10888,7283,Manjunath Patil,36,M,A2,
10889,7284,Kumar Bhat,49,M,A1,
10890,7284,Vijay Murthy,31,M,A2,
10891,7285,Shivaraj Poojary,28,M,A1,
10892,7286,Shobha Naik,22,F,A1,
10893,7286,Ganesh Iyer,24,M,A2,
10894,7286,Deepa Naidu,30,F,A3,
10895,7287,Prakash Gowda,21,M,A1,
10896,7288,Pooja Bhat,18,F,A1,
10897,7289,Shivaraj Rao,35,M,A1,
10898,7290,Sowmya Hegde,51,F,A1,
10899,7291,Girish Iyer,54,M,A1,
10900,7291,Harish Murthy,26,M,A2,
10901,7292,Kavya Poojary,44,F,A1,
10902,7293,Harish Patil,39,M,A1,REPEAT-053
10903,7293,Prakash Hegde,37,M,A2,
10904,7294,Basavaraj Reddy,41,M,A1,
10905,7294,Sowmya Setty,36,F,A2,
10906,7294,Kumar Bhat,35,M,A3,
10907,7295,Suresh Setty,31,M,A1,REPEAT-034
10908,7296,Harish Bhat,43,M,A1,
10909,7297,Girish Gowda,19,M,A1,
10910,7298,Naveen Setty,32,M,A1,REPEAT-036
10911,7299,Sowmya Kumar,50,F,A1,
10912,7300,Kumar Poojary,28,M,A1,
10913,7301,Yogesh Kumar,44,M,A1,REPEAT-050
10914,7302,Anil Poojary,52,M,A1,
10915,7302,Prakash Setty,52,M,A2,
10916,7303,Harish Bhat,51,M,A1,
10917,7304,Kumar Hegde,23,M,A1,
10918,7305,Rekha Bhat,33,F,A1,
10919,7306,Shivaraj Reddy,24,M,A1,
10920,7307,Harish Rao,22,M,A1,
10921,7308,Srinivas Reddy,25,M,A1,
10922,7309,Nagaraj Naidu,36,M,A1,REPEAT-035
10923,7309,Vijay Setty,21,M,A2,
10924,7310,Ravi Poojary,23,M,A1,
10925,7311,Prakash Murthy,50,M,A1,
10926,7312,Radha Rao,33,F,A1,REPEAT-059
10927,7312,Nagaraj Kumar,51,M,A2,
10928,7313,Kavya Naik,33,F,A1,
10929,7314,Manjunath Reddy,30,M,A1,
10930,7314,Mahesh Setty,51,M,A2,
10931,7315,Santosh Shetty,38,M,A1,
10932,7316,Kavya Naidu,44,F,A1,
10933,7317,Priya Shetty,52,F,A1,
10934,7317,Mahesh Rao,53,M,A2,
10935,7317,Priya Iyer,55,F,A3,
10936,7318,Pooja Gowda,49,F,A1,
10937,7318,Ravi Kumar,47,M,A2,
10938,7318,Roopa Hegde,23,F,A3,
10939,7319,Shivaraj Setty,40,M,A1,
10940,7320,Ganesh Gowda,21,M,A1,REPEAT-020
10941,7321,Yogesh Hegde,29,M,A1,
10942,7322,Manjunath Rao,34,M,A1,
10943,7323,Manjunath Bhat,32,M,A1,REPEAT-030
10944,7323,Radha Naidu,52,F,A2,
10945,7323,Deepa Iyer,29,F,A3,
10946,7324,Mahesh Shetty,37,M,A1,REPEAT-022
10947,7325,Shobha Hegde,41,F,A1,
10948,7325,Lakshmi Gowda,26,F,A2,
10949,7325,Shwetha Naidu,52,F,A3,
10950,7326,Harish Hegde,31,M,A1,
10951,7327,Girish Reddy,33,M,A1,
10952,7328,Mahesh Shetty,38,M,A1,REPEAT-022
10953,7328,Yogesh Iyer,19,M,A2,
10954,7328,Santosh Reddy,31,M,A3,
10955,7329,Savitha Patil,48,F,A1,
10956,7329,Manjula Achar,47,F,A2,
10957,7330,Ganesh Achar,31,M,A1,
10958,7331,Ravi Shetty,37,M,A1,
10959,7331,Shivaraj Shetty,34,M,A2,
10960,7332,Anita Shetty,28,F,A1,REPEAT-019
10961,7332,Geeta Naidu,37,F,A2,
10962,7333,Santosh Kumar,35,M,A1,
10963,7334,Basavaraj Shetty,40,M,A1,REPEAT-023
10964,7335,Raghu Rao,30,M,A1,
10965,7335,Manjula Rao,50,F,A2,
10966,7336,Ravi Naik,25,M,A1,
10967,7337,Nandini Shetty,22,F,A1,REPEAT-011
10968,7337,Ravi Reddy,32,M,A2,
10969,7337,Suresh Rao,33,M,A3,
10970,7338,Harish Bhat,38,M,A1,
10971,7339,Girish Bhat,39,M,A1,
10972,7340,Basavaraj Bhat,21,M,A1,
10973,7340,Kumar Setty,26,M,A2,
10974,7341,Santosh Naidu,45,M,A1,
10975,7341,Vijay Poojary,53,M,A2,
10976,7342,Kumar Iyer,20,M,A1,REPEAT-038
10977,7342,Radha Rao,31,F,A2,
10978,7343,Shwetha Poojary,33,F,A1,
10979,7344,Shivaraj Naik,46,M,A1,
10980,7344,Rekha Achar,30,F,A2,
10981,7344,Manjula Shetty,54,F,A3,
10982,7345,Basavaraj Reddy,42,M,A1,REPEAT-031
10983,7345,Naveen Hegde,23,M,A2,
10984,7346,Girish Kumar,38,M,A1,
10985,7347,Vidya Hegde,41,F,A1,
10986,7347,Ganesh Gowda,35,M,A2,
10987,7348,Kumar Rao,44,M,A1,REPEAT-018
10988,7349,Savitha Murthy,20,F,A1,
10989,7349,Kumar Bhat,54,M,A2,
10990,7350,Suresh Bhat,39,M,A1,
10991,7350,Shivaraj Bhat,30,M,A2,
10992,7351,Naveen Gowda,46,M,A1,
10993,7352,Lakshmi Murthy,44,F,A1,REPEAT-044
10994,7352,Basavaraj Patil,27,M,A2,
10995,7353,Basavaraj Naidu,28,M,A1,
10996,7353,Rekha Murthy,33,F,A2,
10997,7354,Manjula Setty,50,F,A1,
10998,7355,Suresh Reddy,53,M,A1,
10999,7356,Anita Shetty,28,F,A1,REPEAT-019
11000,7357,Mahesh Shetty,37,M,A1,REPEAT-022
11001,7357,Nagaraj Patil,44,M,A2,
11002,7358,Basavaraj Rao,18,M,A1,
11003,7358,Yogesh Iyer,29,M,A2,
11004,7359,Raghu Murthy,50,M,A1,
11005,7360,Manjunath Bhat,32,M,A1,REPEAT-030
11006,7360,Naveen Patil,20,M,A2,
11007,7360,Harish Naidu,18,M,A3,
11008,7361,Raghu Naidu,19,M,A1,
11009,7362,Chaya Reddy,30,F,A1,
11010,7363,Harish Naidu,36,M,A1,REPEAT-015
11011,7363,Kumar Setty,36,M,A2,
11012,7364,Vijay Rao,54,M,A1,
11013,7365,Shwetha Kumar,22,F,A1,
11014,7366,Deepa Bhat,42,F,A1,
11015,7367,Lakshmi Patil,34,F,A1,
11016,7367,Ramesh Patil,21,M,A2,
11017,7368,Basavaraj Hegde,44,M,A1,
11018,7369,Ravi Hegde,52,M,A1,
11019,7370,Savitha Poojary,31,F,A1,
11020,7371,Prakash Achar,42,M,A1,
11021,7372,Mahesh Murthy,23,M,A1,REPEAT-033
11022,7373,Manjunath Bhat,49,M,A1,
11023,7373,Sowmya Gowda,42,F,A2,
11024,7374,Santosh Shetty,23,M,A1,
11025,7375,Anil Poojary,29,M,A1,
11026,7376,Radha Naik,48,F,A1,
11027,7377,Prakash Kumar,49,M,A1,
11028,7378,Shwetha Hegde,42,F,A1,
11029,7379,Savitha Bhat,34,F,A1,
11030,7379,Harish Murthy,29,M,A2,
11031,7379,Savitha Reddy,37,F,A3,
11032,7380,Shivaraj Poojary,54,M,A1,
11033,7381,Harish Setty,48,M,A1,
11034,7382,Radha Murthy,29,F,A1,
11035,7383,Manjunath Rao,51,M,A1,
11036,7383,Prakash Naidu,40,M,A2,
11037,7384,Nandini Patil,37,F,A1,
11038,7384,Harish Murthy,48,M,A2,
11039,7385,Vijay Shetty,22,M,A1,REPEAT-007
11040,7386,Bhagya Rao,55,F,A1,
11041,7387,Basavaraj Hegde,52,M,A1,
11042,7387,Savitha Achar,28,F,A2,
11043,7388,Anil Bhat,34,M,A1,REPEAT-005
11044,7389,Manjunath Poojary,35,M,A1,REPEAT-004
11045,7389,Mahesh Shetty,22,M,A2,
11046,7389,Yogesh Gowda,19,M,A3,
11047,7390,Naveen Hegde,32,M,A1,
11048,7390,Kavya Achar,39,F,A2,
11049,7390,Basavaraj Hegde,40,M,A3,
11050,7391,Vijay Bhat,26,M,A1,
11051,7392,Kumar Gowda,27,M,A1,
11052,7393,Savitha Gowda,33,F,A1,
11053,7394,Naveen Patil,54,M,A1,
11054,7395,Yogesh Naidu,35,M,A1,
11055,7395,Naveen Rao,42,M,A2,
11056,7396,Shobha Naidu,28,F,A1,
11057,7396,Santosh Rao,39,M,A2,
11058,7397,Mahesh Iyer,37,M,A1,
11059,7398,Nandini Naidu,21,F,A1,
11060,7398,Lakshmi Kumar,19,F,A2,
11061,7399,Deepa Hegde,45,F,A1,
11062,7400,Priya Naik,28,F,A1,
11063,7401,Basavaraj Patil,18,M,A1,
11064,7401,Vijay Gowda,30,M,A2,
11065,7402,Srinivas Naidu,37,M,A1,REPEAT-049
11066,7402,Suresh Naik,36,M,A2,
11067,7402,Raghu Achar,19,M,A3,
11068,7403,Naveen Reddy,41,M,A1,
11069,7404,Chaya Bhat,52,F,A1,
11070,7405,Pooja Reddy,28,F,A1,
11071,7405,Kumar Shetty,21,M,A2,
11072,7406,Manjunath Gowda,21,M,A1,
11073,7406,Manjula Rao,20,F,A2,
11074,7407,Naveen Murthy,27,M,A1,
11075,7407,Shwetha Hegde,51,F,A2,
11076,7408,Kumar Iyer,20,M,A1,REPEAT-038
11077,7409,Sunita Gowda,47,F,A1,
11078,7410,Vijay Shetty,39,M,A1,
11079,7411,Girish Achar,55,M,A1,
11080,7412,Sowmya Rao,21,F,A1,
11081,7413,Ganesh Patil,25,M,A1,
11082,7414,Manjunath Poojary,34,M,A1,REPEAT-004
11083,7415,Anil Bhat,35,M,A1,REPEAT-005
11084,7416,Manjunath Reddy,30,M,A1,
11085,7416,Santosh Setty,18,M,A2,
11086,7417,Raghu Hegde,36,M,A1,
11087,7418,Nagaraj Poojary,21,M,A1,
11088,7418,Ramesh Bhat,23,M,A2,
11089,7419,Naveen Murthy,29,M,A1,
11090,7420,Naveen Achar,49,M,A1,
11091,7420,Prakash Rao,51,M,A2,
11092,7420,Ganesh Kumar,43,M,A3,
11093,7421,Vijay Patil,29,M,A1,
11094,7422,Mahesh Gowda,20,M,A1,
11095,7423,Yogesh Hegde,31,M,A1,
11096,7424,Shivaraj Kumar,29,M,A1,REPEAT-024
11097,7424,Ganesh Achar,29,M,A2,
11098,7425,Shivaraj Kumar,49,M,A1,
11099,7425,Suresh Poojary,23,M,A2,
11100,7426,Kumar Naidu,30,M,A1,
11101,7427,Santosh Naik,23,M,A1,
11102,7428,Shivaraj Shetty,40,M,A1,
11103,7429,Priya Hegde,35,F,A1,
11104,7430,Chaya Patil,42,F,A1,
11105,7431,Sowmya Naidu,52,F,A1,
11106,7431,Srinivas Hegde,54,M,A2,
11107,7431,Mahesh Gowda,55,M,A3,
11108,7432,Kumar Iyer,22,M,A1,
11109,7433,Srinivas Iyer,35,M,A1,
11110,7433,Prakash Reddy,22,M,A2,
11111,7434,Ganesh Rao,23,M,A1,
11112,7434,Anil Naik,23,M,A2,
11113,7435,Harish Achar,26,M,A1,
11114,7436,Naveen Setty,51,M,A1,
11115,7436,Vidya Setty,28,F,A2,
11116,7437,Prakash Hegde,46,M,A1,
11117,7438,Nandini Iyer,19,F,A1,
11118,7438,Radha Setty,33,F,A2,
11119,7438,Manjula Reddy,29,F,A3,
11120,7439,Kumar Naik,30,M,A1,
11121,7440,Nagaraj Setty,45,M,A1,REPEAT-003
11122,7441,Shwetha Gowda,21,F,A1,
11123,7441,Raghu Achar,38,M,A2,
11124,7442,Yogesh Naidu,24,M,A1,REPEAT-001
11125,7443,Lakshmi Murthy,45,F,A1,REPEAT-044
11126,7443,Nagaraj Poojary,24,M,A2,
11127,7444,Srinivas Naidu,37,M,A1,REPEAT-049
11128,7445,Shivaraj Kumar,29,M,A1,REPEAT-024
11129,7446,Nandini Kumar,43,F,A1,REPEAT-012
11130,7446,Vijay Hegde,44,M,A2,
11131,7446,Radha Hegde,28,F,A3,
11132,7447,Nagaraj Reddy,31,M,A1,
11133,7448,Harish Patil,39,M,A1,REPEAT-053
11134,7449,Raghu Shetty,28,M,A1,
11135,7450,Kavya Hegde,21,F,A1,
11136,7450,Ramesh Poojary,41,M,A2,
11137,7450,Girish Reddy,36,M,A3,
11138,7451,Anita Rao,20,F,A1,
11139,7452,Bhagya Iyer,21,F,A1,
11140,7453,Rekha Gowda,32,F,A1,
11141,7454,Kavya Rao,43,F,A1,
11142,7455,Harish Kumar,55,M,A1,
11143,7456,Rekha Gowda,22,F,A1,
11144,7456,Manjunath Gowda,23,M,A2,
11145,7457,Manjunath Reddy,29,M,A1,
11146,7458,Anil Gowda,21,M,A1,REPEAT-052
11147,7458,Vijay Bhat,30,M,A2,
11148,7459,Girish Shetty,21,M,A1,
11149,7460,Manjula Poojary,18,F,A1,
11150,7460,Kavya Reddy,50,F,A2,
11151,7461,Chaya Naik,25,F,A1,
11152,7462,Bhagya Shetty,30,F,A1,
11153,7462,Mahesh Naidu,38,M,A2,
11154,7462,Anil Naik,28,M,A3,
11155,7463,Lakshmi Murthy,45,F,A1,REPEAT-044
11156,7464,Nandini Shetty,34,F,A1,
11157,7465,Lakshmi Naik,54,F,A1,
11158,7466,Kumar Naidu,21,M,A1,
11159,7467,Harish Naidu,42,M,A1,
11160,7468,Shivaraj Kumar,29,M,A1,REPEAT-024
11161,7469,Shivaraj Shetty,48,M,A1,
11162,7470,Anita Shetty,29,F,A1,REPEAT-019
11163,7471,Basavaraj Bhat,42,M,A1,
11164,7472,Ravi Naik,18,M,A1,
11165,7472,Radha Shetty,30,F,A2,
11166,7472,Mahesh Gowda,35,M,A3,
11167,7473,Mahesh Hegde,50,M,A1,
11168,7473,Kumar Rao,40,M,A2,
11169,7474,Shobha Shetty,32,F,A1,REPEAT-017
11170,7474,Shwetha Iyer,49,F,A2,
11171,7475,Ravi Achar,55,M,A1,
11172,7476,Savitha Hegde,34,F,A1,
11173,7477,Anita Patil,41,F,A1,
11174,7478,Suresh Bhat,51,M,A1,
11175,7479,Anil Patil,23,M,A1,
11176,7480,Savitha Gowda,29,F,A1,
11177,7480,Ganesh Iyer,47,M,A2,
11178,7481,Manjunath Rao,24,M,A1,
11179,7482,Anil Poojary,36,M,A1,
11180,7483,Nandini Setty,48,F,A1,
11181,7484,Suresh Poojary,23,M,A1,
11182,7485,Vijay Gowda,43,M,A1,
11183,7486,Suresh Iyer,42,M,A1,
11184,7486,Yogesh Naidu,44,M,A2,
11185,7486,Suresh Poojary,30,M,A3,
11186,7487,Naveen Naik,42,M,A1,
11187,7488,Mahesh Shetty,38,M,A1,REPEAT-022
11188,7489,Srinivas Gowda,18,M,A1,
11189,7490,Manjula Naik,23,F,A1,
11190,7491,Suresh Poojary,54,M,A1,
11191,7491,Vidya Iyer,51,F,A2,
11192,7491,Anil Reddy,42,M,A3,
11193,7492,Ganesh Kumar,34,M,A1,
11194,7493,Ganesh Iyer,48,M,A1,
11195,7493,Pooja Naik,18,F,A2,
11196,7494,Deepa Gowda,27,F,A1,
11197,7495,Anita Patil,27,F,A1,
11198,7495,Ravi Naidu,35,M,A2,
11199,7496,Nandini Shetty,22,F,A1,REPEAT-011
11200,7497,Shobha Achar,38,F,A1,
11201,7498,Roopa Hegde,53,F,A1,
11202,7498,Rekha Shetty,35,F,A2,
11203,7499,Anita Achar,31,F,A1,
11204,7500,Nagaraj Naidu,37,M,A1,REPEAT-035
11205,7501,Nagaraj Naidu,37,M,A1,REPEAT-035
11206,7502,Bhagya Rao,43,F,A1,REPEAT-058
11207,7503,Manjunath Shetty,21,M,A1,
11208,7504,Kumar Iyer,38,M,A1,
11209,7505,Ramesh Iyer,52,M,A1,
11210,7505,Vijay Bhat,26,M,A2,
11211,7506,Radha Shetty,44,F,A1,
11212,7507,Suresh Hegde,19,M,A1,
11213,7508,Mahesh Setty,35,M,A1,
11214,7509,Harish Gowda,31,M,A1,
11215,7510,Manjunath Rao,21,M,A1,
11216,7511,Basavaraj Reddy,43,M,A1,REPEAT-031
11217,7511,Radha Naidu,52,F,A2,
11218,7512,Mahesh Shetty,38,M,A1,REPEAT-022
11219,7513,Yogesh Naidu,25,M,A1,REPEAT-001
11220,7514,Radha Reddy,44,F,A1,REPEAT-055
11221,7515,Sunita Shetty,23,F,A1,
11222,7516,Sunita Poojary,50,F,A1,
11223,7517,Prakash Bhat,42,M,A1,
11224,7518,Rekha Bhat,21,F,A1,
11225,7518,Harish Hegde,22,M,A2,
11226,7519,Srinivas Naidu,37,M,A1,REPEAT-049
11227,7520,Srinivas Reddy,30,M,A1,
11228,7520,Shivaraj Patil,48,M,A2,
11229,7521,Deepa Patil,30,F,A1,
11230,7521,Prakash Patil,34,M,A2,
11231,7522,Shwetha Naik,28,F,A1,
11232,7523,Bhagya Achar,46,F,A1,
11233,7524,Shobha Achar,18,F,A1,
11234,7525,Suresh Achar,48,M,A1,
11235,7526,Nagaraj Bhat,29,M,A1,
11236,7527,Prakash Naik,42,M,A1,REPEAT-032
11237,7527,Ramesh Achar,41,M,A2,
11238,7528,Kavya Naik,51,F,A1,
11239,7529,Srinivas Bhat,40,M,A1,
11240,7529,Manjunath Patil,24,M,A2,
11241,7530,Ravi Reddy,55,M,A1,
11242,7530,Manjula Patil,30,F,A2,
11243,7530,Santosh Murthy,44,M,A3,
11244,7531,Manjunath Setty,28,M,A1,
11245,7532,Kumar Shetty,34,M,A1,
11246,7532,Savitha Patil,27,F,A2,
11247,7533,Prakash Reddy,35,M,A1,
11248,7533,Anil Shetty,44,M,A2,
11249,7533,Manjula Setty,39,F,A3,
11250,7534,Nagaraj Rao,31,M,A1,
11251,7534,Santosh Setty,49,M,A2,
11252,7534,Nagaraj Iyer,39,M,A3,
11253,7535,Vijay Murthy,23,M,A1,
11254,7536,Basavaraj Murthy,50,M,A1,
11255,7536,Yogesh Achar,30,M,A2,
11256,7537,Manjunath Shetty,40,M,A1,
11257,7537,Raghu Gowda,38,M,A2,
11258,7538,Vidya Naik,52,F,A1,
11259,7539,Basavaraj Shetty,47,M,A1,
11260,7540,Santosh Murthy,46,M,A1,
11261,7540,Naveen Naik,39,M,A2,
11262,7541,Anita Shetty,28,F,A1,REPEAT-019
11263,7541,Santosh Gowda,36,M,A2,
11264,7542,Shobha Iyer,48,F,A1,
11265,7543,Kavya Achar,34,F,A1,
11266,7544,Chaya Poojary,53,F,A1,
11267,7544,Nagaraj Gowda,49,M,A2,
11268,7545,Shobha Hegde,31,F,A1,
11269,7546,Ravi Murthy,55,M,A1,
11270,7546,Prakash Poojary,19,M,A2,
11271,7547,Nandini Poojary,51,F,A1,
11272,7547,Ravi Iyer,24,M,A2,
11273,7548,Santosh Poojary,22,M,A1,
11274,7548,Ravi Naik,22,M,A2,
11275,7549,Ganesh Gowda,20,M,A1,REPEAT-020
11276,7549,Kumar Setty,31,M,A2,
11277,7550,Srinivas Hegde,32,M,A1,REPEAT-046
11278,7551,Nagaraj Bhat,48,M,A1,
11279,7551,Lakshmi Naidu,25,F,A2,
11280,7552,Srinivas Hegde,32,M,A1,REPEAT-046
11281,7553,Harish Hegde,36,M,A1,
11282,7553,Naveen Bhat,42,M,A2,
11283,7554,Mahesh Shetty,38,M,A1,REPEAT-022
11284,7554,Harish Reddy,19,M,A2,
11285,7555,Anil Bhat,41,M,A1,REPEAT-054
11286,7555,Savitha Achar,25,F,A2,
11287,7556,Priya Patil,31,F,A1,
11288,7557,Savitha Shetty,31,F,A1,
11289,7557,Sunita Poojary,31,F,A2,
11290,7558,Anil Bhat,34,M,A1,REPEAT-005
11291,7559,Geeta Iyer,37,F,A1,
11292,7560,Rekha Naidu,39,F,A1,
11293,7560,Ganesh Achar,48,M,A2,
11294,7561,Girish Achar,22,M,A1,
11295,7562,Pooja Iyer,49,F,A1,
11296,7563,Harish Poojary,54,M,A1,
11297,7563,Raghu Setty,54,M,A2,
11298,7563,Suresh Achar,48,M,A3,
11299,7564,Kavya Hegde,22,F,A1,
11300,7565,Anita Shetty,28,F,A1,REPEAT-019
11301,7565,Prakash Setty,28,M,A2,
11302,7565,Pooja Setty,51,F,A3,
11303,7566,Suresh Poojary,50,M,A1,
11304,7567,Vijay Shetty,55,M,A1,
11305,7568,Nagaraj Patil,18,M,A1,
11306,7569,Girish Iyer,25,M,A1,
11307,7569,Yogesh Shetty,51,M,A2,
11308,7569,Shivaraj Hegde,31,M,A3,
11309,7570,Mahesh Shetty,53,M,A1,
11310,7570,Prakash Iyer,36,M,A2,
11311,7570,Harish Poojary,46,M,A3,
11312,7571,Ganesh Achar,40,M,A1,
11313,7572,Chaya Hegde,40,F,A1,
11314,7573,Yogesh Kumar,46,M,A1,
11315,7574,Mahesh Shetty,37,M,A1,REPEAT-022
11316,7575,Vidya Bhat,52,F,A1,
11317,7575,Ravi Iyer,33,M,A2,
11318,7576,Kumar Rao,34,M,A1,
11319,7576,Anil Kumar,50,M,A2,
11320,7576,Ganesh Bhat,52,M,A3,
11321,7577,Geeta Hegde,43,F,A1,
11322,7577,Ganesh Achar,42,M,A2,
11323,7578,Naveen Naik,38,M,A1,REPEAT-021
11324,7579,Shivaraj Kumar,27,M,A1,
11325,7580,Prakash Iyer,49,M,A1,
11326,7581,Vidya Shetty,41,F,A1,
11327,7581,Naveen Bhat,48,M,A2,
11328,7582,Priya Patil,24,F,A1,
11329,7582,Shivaraj Naik,50,M,A2,
11330,7583,Anil Iyer,42,M,A1,
11331,7584,Srinivas Naidu,37,M,A1,REPEAT-049
11332,7585,Naveen Setty,19,M,A1,
11333,7585,Yogesh Murthy,18,M,A2,
11334,7585,Radha Naik,40,F,A3,
11335,7586,Anita Naidu,40,F,A1,
11336,7587,Shobha Murthy,35,F,A1,
11337,7588,Anita Naidu,45,F,A1,
11338,7589,Nagaraj Bhat,46,M,A1,
11339,7590,Prakash Naik,23,M,A1,
11340,7590,Ganesh Poojary,48,M,A2,
11341,7591,Ramesh Gowda,42,M,A1,
11342,7592,Basavaraj Murthy,41,M,A1,
11343,7593,Radha Naik,43,F,A1,
11344,7593,Pooja Rao,48,F,A2,
11345,7594,Raghu Bhat,43,M,A1,
11346,7594,Vijay Reddy,19,M,A2,
11347,7595,Anita Shetty,29,F,A1,REPEAT-019
11348,7596,Prakash Murthy,24,M,A1,
11349,7597,Kumar Iyer,21,M,A1,REPEAT-038
11350,7598,Naveen Gowda,55,M,A1,
11351,7598,Lakshmi Hegde,50,F,A2,
11352,7598,Raghu Bhat,40,M,A3,
11353,7599,Basavaraj Iyer,37,M,A1,
11354,7599,Ravi Rao,55,M,A2,
11355,7599,Prakash Gowda,42,M,A3,
11356,7600,Yogesh Kumar,43,M,A1,
11357,7601,Mahesh Shetty,34,M,A1,
11358,7602,Ramesh Setty,23,M,A1,
11359,7603,Vijay Shetty,35,M,A1,
11360,7604,Girish Shetty,54,M,A1,
11361,7605,Shivaraj Patil,41,M,A1,REPEAT-006
11362,7605,Girish Rao,33,M,A2,
11363,7606,Radha Reddy,44,F,A1,REPEAT-055
11364,7607,Mahesh Shetty,37,M,A1,REPEAT-022
11365,7608,Naveen Hegde,52,M,A1,
11366,7609,Manjula Iyer,48,F,A1,
11367,7610,Mahesh Poojary,32,M,A1,
11368,7611,Sowmya Bhat,41,F,A1,
11369,7612,Anita Patil,25,F,A1,REPEAT-014
11370,7612,Savitha Gowda,47,F,A2,
11371,7613,Vidya Hegde,19,F,A1,REPEAT-041
11372,7614,Nandini Setty,50,F,A1,
11373,7615,Deepa Bhat,41,F,A1,
11374,7616,Bhagya Murthy,37,F,A1,
11375,7617,Geeta Shetty,24,F,A1,
11376,7617,Shobha Naidu,39,F,A2,
11377,7618,Rekha Reddy,19,F,A1,
11378,7619,Sowmya Hegde,25,F,A1,
11379,7619,Nandini Setty,35,F,A2,
11380,7620,Kavya Kumar,19,F,A1,
11381,7620,Priya Achar,22,F,A2,
11382,7621,Harish Setty,53,M,A1,
11383,7621,Ganesh Kumar,33,M,A2,
11384,7621,Santosh Setty,42,M,A3,
11385,7622,Sunita Naik,29,F,A1,
11386,7623,Nagaraj Iyer,55,M,A1,
11387,7624,Ravi Naidu,37,M,A1,
11388,7625,Shivaraj Patil,41,M,A1,REPEAT-006
11389,7625,Lakshmi Reddy,23,F,A2,
11390,7625,Ramesh Achar,52,M,A3,
11391,7626,Kumar Rao,44,M,A1,REPEAT-018
11392,7627,Vidya Naik,53,F,A1,
11393,7627,Srinivas Hegde,28,M,A2,
11394,7627,Radha Naidu,26,F,A3,
11395,7628,Srinivas Naidu,23,M,A1,
11396,7628,Shivaraj Achar,44,M,A2,
11397,7628,Mahesh Gowda,48,M,A3,
11398,7629,Manjula Murthy,54,F,A1,
11399,7629,Vidya Murthy,36,F,A2,
11400,7630,Lakshmi Murthy,44,F,A1,REPEAT-044
11401,7631,Shobha Patil,52,F,A1,
11402,7631,Shivaraj Naik,44,M,A2,
11403,7632,Manjunath Bhat,32,M,A1,REPEAT-030
11404,7632,Kumar Poojary,18,M,A2,
11405,7633,Srinivas Bhat,37,M,A1,
11406,7633,Shivaraj Poojary,50,M,A2,
11407,7634,Raghu Gowda,36,M,A1,
11408,7635,Bhagya Bhat,39,F,A1,
11409,7635,Ravi Shetty,34,M,A2,
11410,7636,Nagaraj Setty,45,M,A1,REPEAT-003
11411,7637,Santosh Achar,32,M,A1,
11412,7638,Nagaraj Achar,51,M,A1,
11413,7639,Srinivas Murthy,48,M,A1,
11414,7640,Nandini Patil,44,F,A1,
11415,7640,Priya Reddy,28,F,A2,
11416,7641,Harish Reddy,45,M,A1,REPEAT-056
11417,7642,Suresh Murthy,50,M,A1,
11418,7642,Harish Iyer,38,M,A2,
11419,7642,Yogesh Setty,54,M,A3,
11420,7643,Nagaraj Setty,45,M,A1,REPEAT-003
11421,7644,Nandini Kumar,42,F,A1,REPEAT-012
11422,7645,Srinivas Poojary,42,M,A1,
11423,7646,Ravi Rao,18,M,A1,
11424,7646,Shivaraj Reddy,45,M,A2,
11425,7647,Radha Reddy,44,F,A1,REPEAT-055
11426,7647,Shwetha Hegde,28,F,A2,
11427,7648,Radha Patil,43,F,A1,
11428,7649,Santosh Rao,40,M,A1,REPEAT-027
11429,7650,Ravi Naidu,36,M,A1,
11430,7651,Anil Naik,25,M,A1,
11431,7652,Roopa Gowda,22,F,A1,
11432,7652,Sunita Murthy,19,F,A2,
11433,7652,Shwetha Rao,55,F,A3,
11434,7653,Nagaraj Hegde,28,M,A1,
11435,7654,Suresh Shetty,43,M,A1,
11436,7655,Ramesh Setty,24,M,A1,
11437,7656,Nagaraj Bhat,55,M,A1,
11438,7657,Yogesh Naidu,24,M,A1,REPEAT-001
11439,7658,Yogesh Kumar,45,M,A1,REPEAT-050
11440,7658,Sowmya Murthy,29,F,A2,
11441,7659,Naveen Gowda,45,M,A1,
11442,7659,Chaya Patil,51,F,A2,
11443,7660,Naveen Hegde,45,M,A1,
11444,7660,Harish Rao,33,M,A2,
11445,7661,Suresh Rao,43,M,A1,
11446,7662,Nandini Shetty,22,F,A1,REPEAT-011
11447,7662,Roopa Hegde,41,F,A2,
11448,7663,Ravi Achar,50,M,A1,
11449,7664,Shwetha Reddy,26,F,A1,
11450,7665,Manjunath Bhat,32,M,A1,REPEAT-030
11451,7666,Mahesh Rao,26,M,A1,
11452,7667,Manjunath Bhat,32,M,A1,REPEAT-030
11453,7668,Prakash Bhat,39,M,A1,
11454,7668,Deepa Hegde,24,F,A2,
11455,7669,Santosh Poojary,54,M,A1,
11456,7670,Mahesh Shetty,38,M,A1,REPEAT-022
11457,7670,Manjunath Hegde,39,M,A2,
11458,7671,Kavya Shetty,18,F,A1,
11459,7672,Naveen Murthy,43,M,A1,REPEAT-002
11460,7672,Raghu Shetty,44,M,A2,
11461,7673,Srinivas Rao,47,M,A1,
11462,7674,Priya Shetty,19,F,A1,
11463,7674,Santosh Reddy,36,M,A2,
11464,7675,Manjula Bhat,36,F,A1,
11465,7675,Naveen Setty,28,M,A2,
11466,7676,Ganesh Kumar,18,M,A1,
11467,7677,Chaya Kumar,30,F,A1,
11468,7677,Ramesh Rao,50,M,A2,
11469,7678,Chaya Murthy,40,F,A1,
11470,7678,Lakshmi Naidu,43,F,A2,
11471,7679,Mahesh Iyer,18,M,A1,
11472,7679,Shivaraj Hegde,54,M,A2,
11473,7680,Ganesh Hegde,42,M,A1,
11474,7680,Ganesh Bhat,27,M,A2,
11475,7680,Raghu Kumar,44,M,A3,
11476,7681,Nagaraj Rao,27,M,A1,
11477,7681,Vijay Rao,29,M,A2,
11478,7682,Prakash Poojary,32,M,A1,
11479,7682,Vijay Poojary,52,M,A2,
11480,7683,Anita Murthy,40,F,A1,
11481,7683,Lakshmi Poojary,44,F,A2,
11482,7684,Santosh Rao,40,M,A1,REPEAT-027
11483,7684,Santosh Naidu,50,M,A2,
11484,7685,Girish Rao,28,M,A1,
11485,7685,Prakash Setty,31,M,A2,
11486,7686,Ramesh Reddy,33,M,A1,
11487,7687,Santosh Achar,45,M,A1,
11488,7687,Girish Murthy,54,M,A2,
11489,7687,Lakshmi Shetty,51,F,A3,
11490,7688,Girish Poojary,45,M,A1,
11491,7688,Raghu Reddy,20,M,A2,
11492,7689,Basavaraj Rao,52,M,A1,
11493,7690,Girish Reddy,55,M,A1,
11494,7691,Anil Gowda,38,M,A1,
11495,7692,Ravi Murthy,48,M,A1,
11496,7693,Nagaraj Achar,51,M,A1,
11497,7693,Anil Achar,32,M,A2,
11498,7694,Ganesh Gowda,20,M,A1,REPEAT-020
11499,7694,Savitha Murthy,24,F,A2,
11500,7695,Roopa Gowda,29,F,A1,
11501,7696,Rekha Gowda,18,F,A1,
11502,7696,Raghu Gowda,47,M,A2,
11503,7697,Basavaraj Kumar,29,M,A1,
11504,7697,Shivaraj Shetty,35,M,A2,
11505,7698,Girish Naik,43,M,A1,
11506,7699,Ravi Patil,29,M,A1,
11507,7700,Ramesh Achar,45,M,A1,
11508,7700,Ramesh Setty,50,M,A2,
11509,7701,Vijay Rao,55,M,A1,
11510,7702,Ravi Hegde,31,M,A1,
11511,7702,Naveen Murthy,52,M,A2,
11512,7702,Basavaraj Setty,26,M,A3,
11513,7703,Suresh Gowda,40,M,A1,
11514,7703,Prakash Shetty,19,M,A2,
11515,7704,Ramesh Rao,53,M,A1,
11516,7704,Raghu Bhat,24,M,A2,
11517,7704,Chaya Rao,32,F,A3,
11518,7705,Suresh Gowda,18,M,A1,
11519,7706,Harish Achar,45,M,A1,REPEAT-057
11520,7707,Raghu Setty,32,M,A1,
11521,7707,Vijay Kumar,42,M,A2,
11522,7707,Naveen Gowda,24,M,A3,
11523,7708,Mahesh Shetty,37,M,A1,REPEAT-022
11524,7708,Prakash Achar,42,M,A2,
11525,7708,Basavaraj Reddy,50,M,A3,
11526,7709,Basavaraj Bhat,37,M,A1,
11527,7710,Rekha Bhat,42,F,A1,REPEAT-047
11528,7711,Vijay Iyer,52,M,A1,
11529,7711,Yogesh Kumar,55,M,A2,
11530,7712,Ravi Patil,52,M,A1,
11531,7713,Prakash Gowda,23,M,A1,
11532,7714,Harish Rao,44,M,A1,
11533,7714,Ravi Murthy,39,M,A2,
11534,7715,Nagaraj Setty,45,M,A1,REPEAT-003
11535,7716,Yogesh Kumar,44,M,A1,REPEAT-050
11536,7716,Anita Poojary,33,F,A2,
11537,7717,Anil Patil,37,M,A1,
11538,7717,Ravi Naik,20,M,A2,
11539,7718,Priya Achar,26,F,A1,
11540,7719,Yogesh Achar,19,M,A1,
11541,7720,Sowmya Bhat,30,F,A1,
11542,7721,Girish Naik,46,M,A1,
11543,7722,Mahesh Shetty,49,M,A1,
11544,7723,Vidya Bhat,19,F,A1,
11545,7724,Shivaraj Patil,41,M,A1,
11546,7724,Girish Hegde,41,M,A2,
11547,7725,Yogesh Murthy,21,M,A1,
11548,7726,Ravi Setty,18,M,A1,
11549,7727,Ganesh Shetty,40,M,A1,REPEAT-029
11550,7728,Suresh Iyer,46,M,A1,
11551,7728,Shobha Reddy,46,F,A2,
11552,7729,Ravi Gowda,39,M,A1,
11553,7729,Roopa Setty,29,F,A2,
11554,7730,Shobha Naik,45,F,A1,
11555,7730,Bhagya Setty,28,F,A2,
11556,7731,Sunita Rao,34,F,A1,
11557,7732,Shivaraj Bhat,38,M,A1,
11558,7733,Ramesh Naidu,20,M,A1,
11559,7733,Anita Achar,30,F,A2,
11560,7734,Mahesh Shetty,38,M,A1,REPEAT-022
11561,7735,Yogesh Naidu,24,M,A1,REPEAT-001
11562,7736,Roopa Setty,54,F,A1,
11563,7736,Suresh Hegde,47,M,A2,
11564,7736,Srinivas Naik,41,M,A3,
11565,7737,Mahesh Shetty,38,M,A1,REPEAT-022
11566,7738,Ravi Iyer,34,M,A1,
11567,7739,Santosh Naidu,32,M,A1,
11568,7739,Radha Gowda,31,F,A2,
11569,7740,Vijay Patil,29,M,A1,
11570,7741,Santosh Naik,46,M,A1,
11571,7741,Ganesh Naik,24,M,A2,
11572,7742,Ramesh Reddy,42,M,A1,
11573,7743,Suresh Poojary,50,M,A1,
11574,7744,Mahesh Murthy,24,M,A1,REPEAT-033
11575,7745,Nagaraj Hegde,27,M,A1,
11576,7746,Shivaraj Setty,27,M,A1,
11577,7747,Kavya Hegde,18,F,A1,
11578,7747,Radha Kumar,48,F,A2,
11579,7748,Anil Setty,18,M,A1,
11580,7748,Harish Gowda,51,M,A2,
11581,7749,Nagaraj Naik,19,M,A1,
11582,7750,Rekha Hegde,45,F,A1,
11583,7751,Chaya Iyer,41,F,A1,
11584,7751,Bhagya Rao,24,F,A2,
11585,7752,Anita Shetty,28,F,A1,REPEAT-019
11586,7752,Savitha Bhat,33,F,A2,
11587,7752,Mahesh Poojary,53,M,A3,
11588,7753,Manjunath Bhat,32,M,A1,REPEAT-030
11589,7753,Pooja Patil,20,F,A2,
11590,7754,Nagaraj Achar,28,M,A1,
11591,7755,Nandini Patil,38,F,A1,
11592,7756,Vidya Hegde,19,F,A1,REPEAT-041
11593,7757,Srinivas Naidu,37,M,A1,REPEAT-049
11594,7758,Basavaraj Reddy,43,M,A1,REPEAT-031
11595,7758,Basavaraj Rao,23,M,A2,
11596,7759,Sunita Poojary,53,F,A1,
11597,7759,Yogesh Patil,27,M,A2,
11598,7760,Ganesh Rao,54,M,A1,
11599,7761,Suresh Naik,39,M,A1,REPEAT-042
11600,7761,Manjula Rao,24,F,A2,
11601,7762,Girish Iyer,22,M,A1,
11602,7762,Srinivas Achar,27,M,A2,
11603,7763,Prakash Hegde,41,M,A1,
11604,7764,Ganesh Iyer,34,M,A1,
11605,7764,Raghu Shetty,31,M,A2,
11606,7765,Raghu Murthy,45,M,A1,
11607,7765,Prakash Patil,22,M,A2,
11608,7766,Radha Reddy,44,F,A1,REPEAT-055
11609,7767,Srinivas Bhat,47,M,A1,
11610,7767,Kumar Patil,46,M,A2,
11611,7768,Priya Patil,44,F,A1,
11612,7768,Anil Hegde,34,M,A2,
11613,7769,Srinivas Reddy,21,M,A1,
11614,7770,Naveen Rao,41,M,A1,
11615,7770,Santosh Shetty,35,M,A2,
11616,7770,Kavya Shetty,33,F,A3,
11617,7771,Nagaraj Murthy,33,M,A1,
11618,7771,Manjunath Rao,23,M,A2,
11619,7772,Suresh Naik,38,M,A1,REPEAT-042
11620,7772,Girish Iyer,45,M,A2,
11621,7773,Prakash Murthy,30,M,A1,
11622,7774,Pooja Gowda,37,F,A1,
11623,7775,Nagaraj Bhat,50,M,A1,
11624,7776,Manjunath Setty,44,M,A1,REPEAT-016
11625,7777,Shivaraj Setty,46,M,A1,
11626,7778,Nagaraj Achar,45,M,A1,
11627,7779,Lakshmi Murthy,44,F,A1,REPEAT-044
11628,7780,Bhagya Shetty,37,F,A1,
11629,7780,Sunita Achar,46,F,A2,
11630,7781,Ravi Gowda,31,M,A1,
11631,7781,Raghu Hegde,55,M,A2,
11632,7782,Mahesh Rao,43,M,A1,
11633,7783,Nagaraj Setty,45,M,A1,REPEAT-003
11634,7783,Kumar Achar,47,M,A2,
11635,7784,Manjunath Setty,21,M,A1,
11636,7785,Nagaraj Setty,45,M,A1,REPEAT-003
11637,7786,Anil Gowda,26,M,A1,
11638,7787,Ravi Setty,44,M,A1,
11639,7787,Raghu Murthy,54,M,A2,
11640,7788,Ravi Setty,47,M,A1,
11641,7788,Raghu Bhat,43,M,A2,
11642,7789,Sunita Kumar,29,F,A1,
11643,7789,Anil Bhat,18,M,A2,
11644,7790,Mahesh Iyer,48,M,A1,
11645,7790,Shobha Hegde,41,F,A2,
11646,7791,Roopa Achar,42,F,A1,
11647,7791,Pooja Poojary,38,F,A2,
11648,7791,Srinivas Poojary,55,M,A3,
11649,7792,Deepa Iyer,36,F,A1,
11650,7793,Sunita Kumar,50,F,A1,
11651,7794,Sunita Shetty,42,F,A1,
11652,7794,Anita Naidu,29,F,A2,
11653,7794,Ravi Poojary,52,M,A3,
11654,7795,Girish Hegde,50,M,A1,
11655,7795,Vijay Shetty,53,M,A2,
11656,7795,Raghu Naidu,22,M,A3,
11657,7796,Ramesh Patil,35,M,A1,
11658,7796,Prakash Patil,33,M,A2,
11659,7797,Shivaraj Patil,41,M,A1,REPEAT-006
11660,7797,Nandini Gowda,18,F,A2,
11661,7798,Priya Achar,34,F,A1,
11662,7798,Basavaraj Reddy,36,M,A2,
11663,7799,Nandini Gowda,43,F,A1,
11664,7799,Raghu Rao,44,M,A2,
11665,7799,Pooja Shetty,49,F,A3,
11666,7800,Suresh Bhat,24,M,A1,
11667,7801,Suresh Shetty,50,M,A1,
11668,7802,Ramesh Reddy,32,M,A1,
11669,7802,Santosh Murthy,39,M,A2,
11670,7803,Mahesh Shetty,37,M,A1,REPEAT-022
11671,7804,Radha Naik,36,F,A1,
11672,7804,Geeta Shetty,30,F,A2,
11673,7805,Basavaraj Achar,53,M,A1,
11674,7805,Raghu Gowda,28,M,A2,
11675,7806,Shwetha Naidu,23,F,A1,
11676,7807,Santosh Naidu,24,M,A1,
11677,7807,Geeta Achar,26,F,A2,
11678,7808,Basavaraj Kumar,33,M,A1,
11679,7809,Anil Setty,27,M,A1,
11680,7809,Suresh Kumar,49,M,A2,
11681,7810,Roopa Naidu,40,F,A1,
11682,7811,Lakshmi Poojary,33,F,A1,
11683,7811,Geeta Naik,38,F,A2,
11684,7812,Basavaraj Murthy,23,M,A1,
11685,7812,Suresh Patil,39,M,A2,
11686,7813,Harish Gowda,37,M,A1,
11687,7814,Raghu Poojary,34,M,A1,
11688,7814,Raghu Naik,22,M,A2,
11689,7815,Shobha Iyer,36,F,A1,
11690,7815,Shwetha Reddy,54,F,A2,
11691,7816,Manjula Reddy,54,F,A1,
11692,7817,Raghu Kumar,40,M,A1,
11693,7818,Rekha Iyer,20,F,A1,
11694,7818,Ravi Setty,18,M,A2,
11695,7819,Nagaraj Setty,46,M,A1,REPEAT-003
11696,7820,Kumar Setty,19,M,A1,
11697,7820,Ramesh Naik,37,M,A2,
11698,7821,Yogesh Shetty,31,M,A1,
11699,7821,Priya Shetty,26,F,A2,
11700,7821,Bhagya Achar,32,F,A3,
11701,7822,Nandini Shetty,22,F,A1,REPEAT-011
11702,7823,Nagaraj Murthy,30,M,A1,
11703,7823,Santosh Gowda,52,M,A2,
11704,7824,Nandini Iyer,40,F,A1,
11705,7824,Rekha Shetty,23,F,A2,
11706,7825,Mahesh Setty,52,M,A1,
11707,7826,Anil Achar,48,M,A1,
11708,7826,Ravi Iyer,45,M,A2,
11709,7827,Roopa Murthy,34,F,A1,
11710,7827,Priya Shetty,53,F,A2,
11711,7827,Ravi Patil,51,M,A3,
11712,7828,Anil Bhat,34,M,A1,REPEAT-005
11713,7829,Manjunath Bhat,33,M,A1,REPEAT-030
11714,7830,Naveen Poojary,51,M,A1,
11715,7830,Deepa Poojary,24,F,A2,
11716,7831,Yogesh Achar,33,M,A1,
11717,7831,Nagaraj Bhat,32,M,A2,
11718,7831,Manjunath Kumar,53,M,A3,
11719,7832,Yogesh Kumar,44,M,A1,REPEAT-050
11720,7832,Naveen Achar,19,M,A2,
11721,7833,Radha Reddy,44,F,A1,REPEAT-055
11722,7833,Priya Shetty,24,F,A2,
11723,7834,Mahesh Shetty,37,M,A1,REPEAT-022
11724,7835,Santosh Achar,55,M,A1,
11725,7835,Nandini Bhat,46,F,A2,
11726,7836,Priya Kumar,40,F,A1,
11727,7837,Shwetha Iyer,38,F,A1,
11728,7838,Santosh Reddy,28,M,A1,
11729,7838,Srinivas Rao,37,M,A2,
11730,7838,Manjunath Rao,19,M,A3,
11731,7839,Lakshmi Murthy,44,F,A1,REPEAT-044
11732,7839,Chaya Rao,47,F,A2,
11733,7840,Suresh Kumar,31,M,A1,
11734,7841,Srinivas Reddy,44,M,A1,
11735,7841,Manjunath Achar,50,M,A2,
11736,7842,Ravi Iyer,24,M,A1,
11737,7842,Girish Naik,49,M,A2,
11738,7843,Ganesh Iyer,26,M,A1,
11739,7843,Chaya Iyer,32,F,A2,
11740,7844,Manjunath Setty,43,M,A1,REPEAT-016
11741,7845,Srinivas Setty,39,M,A1,
11742,7846,Nagaraj Iyer,45,M,A1,
11743,7846,Geeta Murthy,24,F,A2,
11744,7847,Vijay Patil,45,M,A1,
11745,7848,Prakash Iyer,19,M,A1,
11746,7849,Ramesh Naik,25,M,A1,
11747,7849,Anil Naik,53,M,A2,
11748,7849,Anita Shetty,31,F,A3,
11749,7850,Girish Setty,44,M,A1,
11750,7850,Shwetha Hegde,42,F,A2,
11751,7850,Srinivas Naik,44,M,A3,
11752,7851,Lakshmi Naidu,28,F,A1,
11753,7852,Mahesh Achar,40,M,A1,
11754,7853,Anil Setty,33,M,A1,
11755,7853,Ramesh Poojary,29,M,A2,
11756,7854,Raghu Setty,51,M,A1,
11757,7855,Sunita Patil,48,F,A1,
11758,7855,Mahesh Iyer,34,M,A2,
11759,7856,Santosh Patil,34,M,A1,
11760,7856,Mahesh Kumar,40,M,A2,
11761,7857,Anita Bhat,23,F,A1,
11762,7858,Srinivas Setty,25,M,A1,
11763,7859,Girish Rao,49,M,A1,
11764,7860,Srinivas Kumar,32,M,A1,
11765,7861,Anil Bhat,41,M,A1,REPEAT-054
11766,7862,Nandini Iyer,34,F,A1,
11767,7863,Vidya Shetty,19,F,A1,
11768,7864,Shwetha Patil,53,F,A1,
11769,7865,Suresh Naik,38,M,A1,REPEAT-042
11770,7865,Srinivas Setty,33,M,A2,
11771,7866,Naveen Murthy,43,M,A1,REPEAT-002
11772,7867,Shwetha Iyer,55,F,A1,
11773,7868,Girish Patil,24,M,A1,
11774,7868,Mahesh Iyer,38,M,A2,
11775,7869,Suresh Naik,38,M,A1,REPEAT-042
11776,7870,Rekha Kumar,46,F,A1,
11777,7870,Srinivas Poojary,43,M,A2,
11778,7871,Nandini Kumar,42,F,A1,REPEAT-012
11779,7871,Santosh Reddy,20,M,A2,
11780,7871,Yogesh Iyer,28,M,A3,
11781,7872,Kumar Rao,44,M,A1,REPEAT-018
11782,7873,Manjunath Murthy,26,M,A1,REPEAT-025
11783,7874,Suresh Achar,55,M,A1,
11784,7875,Harish Naidu,37,M,A1,REPEAT-015
11785,7875,Kavya Gowda,19,F,A2,
11786,7875,Ramesh Reddy,53,M,A3,
11787,7876,Ramesh Achar,20,M,A1,
11788,7877,Kumar Rao,45,M,A1,REPEAT-018
11789,7877,Ganesh Rao,43,M,A2,
11790,7878,Anil Hegde,39,M,A1,
11791,7879,Prakash Kumar,38,M,A1,
11792,7879,Manjula Bhat,48,F,A2,
11793,7879,Vijay Gowda,24,M,A3,
11794,7880,Anita Achar,22,F,A1,
11795,7881,Lakshmi Rao,54,F,A1,
11796,7882,Basavaraj Iyer,18,M,A1,
11797,7882,Vidya Naik,23,F,A2,
11798,7883,Deepa Naik,53,F,A1,
11799,7884,Kumar Setty,52,M,A1,
11800,7884,Nagaraj Poojary,25,M,A2,
11801,7885,Radha Gowda,37,F,A1,
11802,7886,Ravi Setty,47,M,A1,
11803,7886,Chaya Shetty,49,F,A2,
11804,7887,Manjula Poojary,27,F,A1,
11805,7888,Geeta Patil,23,F,A1,
11806,7889,Deepa Rao,34,F,A1,
11807,7890,Nagaraj Patil,39,M,A1,
11808,7890,Prakash Murthy,35,M,A2,
11809,7891,Vijay Bhat,40,M,A1,
11810,7892,Anita Shetty,28,F,A1,REPEAT-019
11811,7893,Yogesh Kumar,44,M,A1,REPEAT-050
11812,7893,Girish Reddy,44,M,A2,
11813,7894,Vijay Shetty,21,M,A1,REPEAT-007
11814,7895,Kavya Shetty,23,F,A1,
11815,7896,Bhagya Naik,32,F,A1,
11816,7897,Sunita Patil,23,F,A1,
11817,7897,Ramesh Bhat,27,M,A2,
11818,7898,Ravi Poojary,47,M,A1,
11819,7899,Priya Naik,55,F,A1,
11820,7900,Anil Achar,37,M,A1,
11821,7900,Prakash Achar,46,M,A2,
11822,7901,Ravi Poojary,41,M,A1,
11823,7902,Manjunath Patil,54,M,A1,
11824,7903,Kavya Naidu,54,F,A1,
11825,7904,Shivaraj Murthy,49,M,A1,
11826,7905,Lakshmi Murthy,44,F,A1,REPEAT-044
11827,7906,Shivaraj Kumar,30,M,A1,REPEAT-024
11828,7907,Kumar Bhat,23,M,A1,
11829,7908,Radha Naik,25,F,A1,
11830,7909,Rekha Poojary,31,F,A1,
11831,7910,Yogesh Murthy,24,M,A1,
11832,7910,Raghu Kumar,39,M,A2,
11833,7911,Vijay Naik,54,M,A1,
11834,7912,Nagaraj Setty,45,M,A1,REPEAT-003
11835,7912,Sunita Naidu,36,F,A2,
11836,7913,Srinivas Naik,54,M,A1,
11837,7913,Mahesh Reddy,22,M,A2,
11838,7914,Anil Bhat,41,M,A1,REPEAT-054
11839,7914,Lakshmi Iyer,24,F,A2,
11840,7915,Radha Reddy,44,F,A1,REPEAT-055
11841,7916,Harish Naik,36,M,A1,
11842,7916,Deepa Rao,54,F,A2,
11843,7917,Mahesh Patil,34,M,A1,
11844,7918,Kumar Achar,29,M,A1,
11845,7919,Manjula Shetty,20,F,A1,
11846,7919,Suresh Reddy,19,M,A2,
11847,7920,Naveen Achar,21,M,A1,
11848,7920,Basavaraj Gowda,44,M,A2,
11849,7921,Anita Poojary,53,F,A1,
11850,7922,Shobha Iyer,45,F,A1,
11851,7922,Srinivas Patil,21,M,A2,
11852,7923,Shivaraj Hegde,37,M,A1,
11853,7923,Basavaraj Poojary,35,M,A2,
11854,7923,Shobha Murthy,38,F,A3,
11855,7924,Kumar Patil,37,M,A1,
11856,7925,Savitha Reddy,33,F,A1,
11857,7926,Anita Shetty,28,F,A1,REPEAT-019
11858,7927,Pooja Shetty,51,F,A1,
11859,7928,Harish Shetty,27,M,A1,
11860,7929,Harish Shetty,48,M,A1,
11861,7930,Priya Hegde,37,F,A1,
11862,7931,Ramesh Naik,37,M,A1,
11863,7932,Srinivas Naidu,37,M,A1,REPEAT-049
11864,7933,Raghu Setty,26,M,A1,
11865,7933,Savitha Reddy,26,F,A2,
11866,7934,Mahesh Murthy,24,M,A1,REPEAT-033
11867,7934,Ganesh Shetty,19,M,A2,
11868,7935,Mahesh Shetty,37,M,A1,REPEAT-022
11869,7936,Ganesh Poojary,32,M,A1,
11870,7937,Basavaraj Rao,33,M,A1,
11871,7938,Manjunath Bhat,32,M,A1,REPEAT-030
11872,7939,Manjunath Bhat,32,M,A1,REPEAT-030
11873,7940,Ramesh Rao,37,M,A1,
11874,7941,Anita Shetty,28,F,A1,REPEAT-019
11875,7942,Bhagya Hegde,39,F,A1,
11876,7942,Raghu Reddy,38,M,A2,
11877,7943,Harish Naidu,37,M,A1,REPEAT-015
11878,7943,Kumar Poojary,24,M,A2,
11879,7944,Sowmya Achar,41,F,A1,
11880,7944,Mahesh Poojary,23,M,A2,
11881,7944,Harish Murthy,42,M,A3,
11882,7945,Kumar Iyer,42,M,A1,
11883,7946,Yogesh Patil,31,M,A1,
11884,7947,Mahesh Achar,48,M,A1,
11885,7947,Srinivas Kumar,35,M,A2,
11886,7948,Yogesh Poojary,20,M,A1,
11887,7949,Geeta Setty,25,F,A1,
11888,7950,Geeta Shetty,51,F,A1,
11889,7951,Suresh Murthy,35,M,A1,
11890,7951,Shivaraj Poojary,31,M,A2,
11891,7952,Vijay Poojary,35,M,A1,
11892,7952,Basavaraj Gowda,21,M,A2,
11893,7953,Basavaraj Hegde,39,M,A1,
11894,7954,Anil Bhat,35,M,A1,REPEAT-005
11895,7954,Roopa Setty,41,F,A2,
11896,7954,Nandini Rao,22,F,A3,
11897,7955,Manjunath Naidu,45,M,A1,
11898,7955,Naveen Naidu,45,M,A2,
11899,7956,Nagaraj Reddy,35,M,A1,
11900,7957,Mahesh Bhat,54,M,A1,
11901,7957,Raghu Hegde,42,M,A2,
11902,7958,Ganesh Hegde,36,M,A1,REPEAT-060
11903,7958,Radha Bhat,55,F,A2,
11904,7958,Raghu Iyer,18,M,A3,
11905,7959,Harish Shetty,51,M,A1,
11906,7960,Naveen Murthy,43,M,A1,REPEAT-002
11907,7960,Shivaraj Kumar,55,M,A2,
11908,7960,Nagaraj Hegde,28,M,A3,
11909,7961,Savitha Hegde,29,F,A1,
11910,7962,Kumar Reddy,40,M,A1,
11911,7963,Pooja Naik,20,F,A1,
11912,7963,Radha Naik,41,F,A2,
11913,7963,Anil Gowda,20,M,A3,
11914,7964,Suresh Setty,22,M,A1,
11915,7964,Sowmya Hegde,32,F,A2,
11916,7965,Priya Kumar,29,F,A1,
11917,7966,Ravi Patil,33,M,A1,
11918,7967,Kumar Achar,29,M,A1,
11919,7968,Manjunath Murthy,25,M,A1,REPEAT-025
11920,7969,Naveen Murthy,44,M,A1,REPEAT-002
11921,7970,Harish Murthy,31,M,A1,
11922,7971,Anil Shetty,52,M,A1,
11923,7972,Suresh Naik,38,M,A1,REPEAT-042
11924,7972,Prakash Reddy,45,M,A2,
11925,7973,Pooja Rao,45,F,A1,REPEAT-039
11926,7974,Santosh Reddy,49,M,A1,
11927,7975,Kumar Poojary,29,M,A1,
11928,7975,Santosh Patil,43,M,A2,
11929,7975,Prakash Iyer,50,M,A3,
11930,7976,Nagaraj Patil,45,M,A1,
11931,7977,Geeta Iyer,23,F,A1,
11932,7977,Rekha Poojary,40,F,A2,
11933,7978,Basavaraj Shetty,40,M,A1,REPEAT-023
11934,7978,Sunita Gowda,33,F,A2,
11935,7979,Basavaraj Shetty,40,M,A1,REPEAT-023
11936,7980,Naveen Kumar,35,M,A1,
11937,7981,Ravi Setty,22,M,A1,
11938,7981,Bhagya Murthy,30,F,A2,
11939,7981,Girish Poojary,27,M,A3,
11940,7982,Naveen Murthy,43,M,A1,REPEAT-002
11941,7983,Nandini Shetty,36,F,A1,
11942,7983,Santosh Setty,22,M,A2,
11943,7983,Ganesh Rao,45,M,A3,
11944,7984,Nagaraj Naidu,36,M,A1,
11945,7985,Priya Murthy,43,F,A1,
11946,7986,Manjula Gowda,47,F,A1,
11947,7987,Manjunath Bhat,33,M,A1,REPEAT-030
11948,7987,Srinivas Gowda,28,M,A2,
11949,7988,Kumar Bhat,44,M,A1,
11950,7988,Ganesh Reddy,46,M,A2,
11951,7988,Harish Achar,52,M,A3,
11952,7989,Shivaraj Kumar,54,M,A1,
11953,7990,Harish Murthy,42,M,A1,
11954,7990,Vijay Achar,31,M,A2,
11955,7991,Suresh Naik,38,M,A1,REPEAT-042
11956,7991,Suresh Iyer,20,M,A2,
11957,7992,Shivaraj Gowda,35,M,A1,
11958,7993,Mahesh Kumar,32,M,A1,
11959,7994,Naveen Murthy,44,M,A1,REPEAT-002
11960,7995,Srinivas Naik,22,M,A1,
11961,7996,Roopa Reddy,37,F,A1,
11962,7997,Nagaraj Rao,25,M,A1,REPEAT-026
11963,7998,Srinivas Gowda,30,M,A1,
11964,7998,Santosh Naik,43,M,A2,
11965,7999,Shivaraj Naik,23,M,A1,
11966,7999,Anil Naidu,55,M,A2,
11967,8000,Shwetha Kumar,30,F,A1,
11968,8001,Anil Bhat,34,M,A1,REPEAT-005
11969,8002,Chaya Hegde,29,F,A1,
11970,8002,Lakshmi Patil,31,F,A2,
11971,8003,Naveen Poojary,50,M,A1,
11972,8003,Manjunath Hegde,47,M,A2,
11973,8004,Mahesh Achar,53,M,A1,
11974,8005,Prakash Gowda,45,M,A1,
11975,8006,Mahesh Poojary,41,M,A1,
11976,8007,Mahesh Shetty,37,M,A1,REPEAT-022
11977,8007,Priya Hegde,18,F,A2,
11978,8008,Anil Bhat,34,M,A1,REPEAT-005
11979,8008,Chaya Shetty,24,F,A2,
11980,8009,Radha Naidu,49,F,A1,
11981,8010,Yogesh Gowda,46,M,A1,
11982,8011,Shivaraj Patil,48,M,A1,
11983,8012,Suresh Naidu,27,M,A1,
11984,8012,Vidya Hegde,31,F,A2,
11985,8013,Anita Iyer,53,F,A1,
11986,8014,Manjunath Poojary,52,M,A1,
11987,8014,Prakash Achar,44,M,A2,
11988,8015,Suresh Shetty,20,M,A1,
11989,8016,Girish Iyer,45,M,A1,
11990,8016,Basavaraj Hegde,41,M,A2,
11991,8016,Santosh Patil,27,M,A3,
11992,8017,Chaya Achar,26,F,A1,
11993,8018,Nagaraj Patil,36,M,A1,
11994,8019,Naveen Achar,39,M,A1,
11995,8019,Harish Achar,29,M,A2,
11996,8020,Shivaraj Setty,54,M,A1,
11997,8021,Manjunath Murthy,25,M,A1,REPEAT-025
11998,8021,Kavya Hegde,23,F,A2,
11999,8022,Savitha Patil,50,F,A1,
12000,8022,Srinivas Setty,19,M,A2,
12001,8023,Suresh Naik,38,M,A1,REPEAT-042
12002,8024,Pooja Setty,28,F,A1,
12003,8025,Lakshmi Murthy,44,F,A1,REPEAT-044
12004,8026,Vidya Achar,44,F,A1,
12005,8026,Savitha Achar,27,F,A2,
12006,8027,Priya Reddy,41,F,A1,
12007,8027,Ramesh Patil,45,M,A2,
12008,8028,Mahesh Bhat,32,M,A1,
12009,8028,Chaya Kumar,51,F,A2,
12010,8029,Ganesh Setty,47,M,A1,
12011,8030,Naveen Bhat,45,M,A1,
12012,8030,Harish Bhat,19,M,A2,
12013,8031,Anita Kumar,54,F,A1,
12014,8031,Ganesh Kumar,26,M,A2,
12015,8032,Santosh Patil,42,M,A1,
12016,8032,Yogesh Achar,25,M,A2,
12017,8033,Ravi Reddy,41,M,A1,
12018,8034,Savitha Patil,34,F,A1,
12019,8034,Rekha Kumar,45,F,A2,
12020,8034,Lakshmi Poojary,34,F,A3,
12021,8035,Shwetha Achar,30,F,A1,
12022,8035,Bhagya Patil,48,F,A2,
12023,8036,Nagaraj Setty,28,M,A1,
12024,8037,Suresh Poojary,22,M,A1,
12025,8037,Basavaraj Kumar,38,M,A2,
12026,8038,Girish Poojary,23,M,A1,
12027,8038,Lakshmi Naik,49,F,A2,
12028,8039,Chaya Rao,35,F,A1,
12029,8040,Prakash Murthy,35,M,A1,
12030,8041,Kumar Hegde,36,M,A1,
12031,8041,Nagaraj Murthy,53,M,A2,
12032,8041,Manjunath Naidu,36,M,A3,
12033,8042,Ganesh Naik,49,M,A1,
12034,8043,Shivaraj Kumar,30,M,A1,REPEAT-024
12035,8043,Vijay Rao,49,M,A2,
12036,8044,Vijay Murthy,43,M,A1,
12037,8045,Nagaraj Naik,35,M,A1,
12038,8045,Geeta Naidu,24,F,A2,
12039,8045,Roopa Iyer,26,F,A3,
12040,8046,Ganesh Shetty,45,M,A1,
12041,8047,Kumar Rao,44,M,A1,REPEAT-018
12042,8048,Kumar Gowda,37,M,A1,
12043,8049,Nagaraj Setty,43,M,A1,
12044,8049,Priya Achar,25,F,A2,
12045,8050,Vidya Poojary,28,F,A1,
12046,8051,Anil Bhat,19,M,A1,
12047,8051,Prakash Naik,32,M,A2,
12048,8052,Harish Patil,39,M,A1,REPEAT-053
12049,8053,Shivaraj Patil,30,M,A1,
12050,8053,Lakshmi Rao,37,F,A2,
12051,8054,Yogesh Naidu,25,M,A1,REPEAT-001
12052,8054,Priya Setty,29,F,A2,
12053,8055,Santosh Reddy,28,M,A1,
12054,8056,Girish Reddy,29,M,A1,
12055,8057,Raghu Kumar,41,M,A1,
12056,8058,Shivaraj Iyer,52,M,A1,
12057,8059,Vijay Patil,43,M,A1,
12058,8060,Yogesh Rao,40,M,A1,
12059,8060,Anita Shetty,34,F,A2,
12060,8061,Naveen Setty,33,M,A1,REPEAT-036
12061,8061,Manjunath Iyer,21,M,A2,
12062,8062,Lakshmi Murthy,44,F,A1,REPEAT-044
12063,8062,Radha Achar,27,F,A2,
12064,8063,Ganesh Naik,29,M,A1,
12065,8064,Lakshmi Murthy,40,F,A1,
12066,8064,Kumar Shetty,49,M,A2,
12067,8065,Geeta Iyer,19,F,A1,
12068,8066,Srinivas Hegde,31,M,A1,REPEAT-046
12069,8066,Anita Iyer,43,F,A2,
12070,8067,Basavaraj Bhat,21,M,A1,
12071,8068,Vijay Naik,54,M,A1,
12072,8068,Naveen Iyer,27,M,A2,
12073,8069,Ganesh Rao,29,M,A1,
12074,8069,Nandini Hegde,25,F,A2,
12075,8069,Srinivas Poojary,52,M,A3,
12076,8070,Prakash Poojary,36,M,A1,REPEAT-028
12077,8070,Anita Naik,27,F,A2,
12078,8070,Santosh Reddy,55,M,A3,
12079,8071,Kumar Iyer,46,M,A1,
12080,8072,Naveen Setty,33,M,A1,REPEAT-036
12081,8073,Ramesh Naidu,27,M,A1,
12082,8074,Vijay Patil,31,M,A1,
12083,8075,Shivaraj Gowda,20,M,A1,
12084,8076,Kumar Poojary,28,M,A1,
12085,8077,Radha Shetty,36,F,A1,
12086,8078,Sunita Patil,32,F,A1,
12087,8079,Suresh Bhat,55,M,A1,
12088,8080,Srinivas Naidu,38,M,A1,REPEAT-049
12089,8081,Prakash Rao,45,M,A1,
12090,8082,Anil Naidu,53,M,A1,
12091,8083,Harish Achar,35,M,A1,
12092,8084,Rekha Bhat,42,F,A1,REPEAT-047
12093,8085,Naveen Naidu,21,M,A1,
12094,8085,Ramesh Hegde,43,M,A2,
12095,8086,Ganesh Naik,34,M,A1,
12096,8086,Kavya Hegde,34,F,A2,
12097,8086,Pooja Rao,52,F,A3,
12098,8087,Kumar Setty,18,M,A1,
12099,8088,Nandini Hegde,44,F,A1,
12100,8089,Anita Bhat,25,F,A1,
12101,8090,Geeta Gowda,54,F,A1,
12102,8090,Girish Iyer,45,M,A2,
12103,8090,Anil Patil,40,M,A3,
12104,8091,Nagaraj Setty,45,M,A1,REPEAT-003
12105,8091,Girish Naik,52,M,A2,
12106,8092,Suresh Patil,50,M,A1,
12107,8093,Priya Naik,24,F,A1,
12108,8094,Radha Gowda,30,F,A1,
12109,8094,Girish Reddy,52,M,A2,
12110,8095,Ravi Reddy,41,M,A1,
12111,8096,Ramesh Patil,45,M,A1,
12112,8097,Girish Murthy,19,M,A1,
12113,8098,Naveen Murthy,43,M,A1,REPEAT-002
12114,8098,Naveen Hegde,42,M,A2,
12115,8099,Ravi Poojary,21,M,A1,
12116,8100,Yogesh Naidu,25,M,A1,REPEAT-001
12117,8101,Deepa Naik,26,F,A1,
12118,8102,Naveen Murthy,43,M,A1,REPEAT-002
12119,8103,Manjunath Bhat,32,M,A1,REPEAT-030
12120,8103,Santosh Poojary,23,M,A2,
12121,8104,Suresh Iyer,26,M,A1,
12122,8104,Kavya Patil,24,F,A2,
12123,8105,Girish Rao,43,M,A1,
12124,8106,Mahesh Iyer,30,M,A1,
12125,8107,Vijay Achar,38,M,A1,
12126,8107,Nagaraj Shetty,25,M,A2,
12127,8108,Yogesh Naidu,24,M,A1,REPEAT-001
12128,8109,Ravi Naik,43,M,A1,
12129,8110,Manjunath Bhat,33,M,A1,REPEAT-030
12130,8111,Shwetha Achar,36,F,A1,
12131,8112,Lakshmi Rao,29,F,A1,
12132,8113,Suresh Naidu,21,M,A1,
12133,8113,Rekha Iyer,48,F,A2,
12134,8114,Roopa Poojary,41,F,A1,
12135,8115,Kumar Gowda,52,M,A1,
12136,8115,Girish Iyer,31,M,A2,
12137,8116,Kumar Rao,45,M,A1,REPEAT-018
12138,8117,Manjunath Patil,39,M,A1,
12139,8118,Geeta Naidu,55,F,A1,
12140,8118,Nagaraj Rao,34,M,A2,
12141,8119,Mahesh Shetty,37,M,A1,REPEAT-022
12142,8120,Manjunath Naik,41,M,A1,
12143,8121,Naveen Naidu,54,M,A1,
12144,8122,Ramesh Kumar,51,M,A1,
12145,8123,Srinivas Naidu,37,M,A1,REPEAT-049
12146,8124,Manjunath Naidu,43,M,A1,
12147,8125,Suresh Naik,35,M,A1,
12148,8126,Ganesh Iyer,48,M,A1,
12149,8126,Santosh Reddy,38,M,A2,
12150,8127,Ravi Murthy,51,M,A1,
12151,8128,Shivaraj Poojary,26,M,A1,
12152,8129,Sowmya Naik,32,F,A1,
12153,8130,Srinivas Hegde,46,M,A1,
12154,8131,Vijay Shetty,21,M,A1,REPEAT-007
12155,8131,Suresh Kumar,52,M,A2,
12156,8132,Radha Shetty,38,F,A1,
12157,8133,Chaya Gowda,23,F,A1,
12158,8134,Ganesh Gowda,20,M,A1,REPEAT-020
12159,8134,Prakash Murthy,45,M,A2,
12160,8135,Geeta Naik,52,F,A1,
12161,8135,Priya Hegde,54,F,A2,
12162,8136,Naveen Rao,55,M,A1,
12163,8136,Anita Naik,21,F,A2,
12164,8136,Prakash Setty,38,M,A3,
12165,8137,Ganesh Patil,50,M,A1,
12166,8138,Raghu Patil,23,M,A1,
12167,8139,Srinivas Naik,53,M,A1,
12168,8139,Geeta Kumar,39,F,A2,
12169,8139,Chaya Reddy,30,F,A3,
12170,8140,Anita Shetty,28,F,A1,REPEAT-019
12171,8140,Sowmya Gowda,22,F,A2,
12172,8141,Basavaraj Rao,21,M,A1,
12173,8142,Ganesh Naik,35,M,A1,REPEAT-009
12174,8142,Ramesh Gowda,48,M,A2,
12175,8143,Savitha Reddy,33,F,A1,
12176,8144,Rekha Gowda,51,F,A1,
12177,8144,Srinivas Patil,28,M,A2,
12178,8144,Srinivas Reddy,31,M,A3,
12179,8145,Mahesh Shetty,52,M,A1,
12180,8145,Nagaraj Shetty,21,M,A2,
12181,8146,Yogesh Naidu,24,M,A1,REPEAT-001
12182,8146,Ganesh Shetty,33,M,A2,
12183,8147,Anita Patil,20,F,A1,
12184,8147,Geeta Hegde,52,F,A2,
12185,8148,Kavya Naik,50,F,A1,
12186,8149,Mahesh Shetty,28,M,A1,
12187,8150,Srinivas Shetty,47,M,A1,
12188,8151,Girish Iyer,28,M,A1,
12189,8152,Nagaraj Hegde,28,M,A1,
12190,8152,Pooja Shetty,32,F,A2,
12191,8153,Chaya Naidu,41,F,A1,
12192,8153,Deepa Gowda,52,F,A2,
12193,8153,Harish Setty,28,M,A3,
12194,8154,Yogesh Naidu,24,M,A1,REPEAT-001
12195,8155,Suresh Achar,19,M,A1,
12196,8155,Ravi Bhat,45,M,A2,
12197,8156,Mahesh Murthy,24,M,A1,REPEAT-033
12198,8157,Manjunath Setty,25,M,A1,
12199,8158,Naveen Murthy,44,M,A1,REPEAT-002
12200,8159,Vijay Naidu,53,M,A1,
12201,8159,Sunita Patil,34,F,A2,
12202,8159,Ramesh Reddy,34,M,A3,
12203,8160,Radha Reddy,45,F,A1,REPEAT-055
12204,8161,Nagaraj Patil,48,M,A1,
12205,8162,Ramesh Rao,45,M,A1,
12206,8162,Nagaraj Shetty,34,M,A2,
12207,8163,Sunita Naidu,28,F,A1,
12208,8164,Lakshmi Achar,30,F,A1,
12209,8165,Manjula Hegde,35,F,A1,
12210,8166,Basavaraj Kumar,44,M,A1,
12211,8167,Mahesh Murthy,24,M,A1,REPEAT-033
12212,8167,Basavaraj Bhat,41,M,A2,
12213,8167,Nandini Reddy,20,F,A3,
12214,8168,Vijay Shetty,21,M,A1,REPEAT-007
12215,8169,Shobha Shetty,31,F,A1,REPEAT-017
12216,8170,Mahesh Murthy,23,M,A1,REPEAT-033
12217,8170,Manjunath Shetty,53,M,A2,
12218,8171,Rekha Iyer,48,F,A1,
12219,8172,Santosh Rao,41,M,A1,REPEAT-027
12220,8172,Harish Naidu,29,M,A2,
12221,8173,Nandini Kumar,43,F,A1,REPEAT-012
12222,8174,Ganesh Patil,53,M,A1,
12223,8174,Mahesh Kumar,18,M,A2,
12224,8175,Ramesh Rao,32,M,A1,
12225,8176,Anil Bhat,42,M,A1,REPEAT-054
12226,8177,Manjula Kumar,45,F,A1,
12227,8178,Naveen Murthy,43,M,A1,REPEAT-002
12228,8179,Ravi Naik,53,M,A1,
12229,8179,Anita Rao,20,F,A2,
12230,8179,Srinivas Shetty,34,M,A3,
12231,8180,Harish Patil,39,M,A1,REPEAT-053
12232,8180,Srinivas Achar,53,M,A2,
12233,8181,Priya Reddy,20,F,A1,
12234,8182,Roopa Kumar,52,F,A1,
12235,8182,Nandini Setty,45,F,A2,
12236,8182,Basavaraj Gowda,53,M,A3,
12237,8183,Vijay Shetty,53,M,A1,
12238,8184,Ravi Iyer,35,M,A1,
12239,8185,Prakash Hegde,21,M,A1,
12240,8186,Naveen Bhat,34,M,A1,
12241,8187,Vijay Shetty,22,M,A1,REPEAT-007
12242,8187,Shivaraj Bhat,43,M,A2,
12243,8187,Girish Gowda,50,M,A3,
12244,8188,Anil Bhat,41,M,A1,REPEAT-054
12245,8189,Ganesh Iyer,20,M,A1,
12246,8190,Mahesh Achar,53,M,A1,
12247,8190,Kavya Rao,19,F,A2,
12248,8191,Roopa Patil,51,F,A1,
12249,8192,Nagaraj Setty,44,M,A1,
12250,8193,Basavaraj Patil,31,M,A1,
12251,8194,Savitha Shetty,50,F,A1,
12252,8194,Mahesh Achar,25,M,A2,
12253,8195,Srinivas Setty,24,M,A1,
12254,8195,Lakshmi Achar,54,F,A2,
12255,8195,Manjunath Reddy,50,M,A3,
12256,8196,Girish Patil,44,M,A1,
12257,8196,Ramesh Iyer,48,M,A2,
12258,8196,Prakash Patil,46,M,A3,
12259,8197,Shobha Iyer,48,F,A1,
12260,8197,Anil Rao,43,M,A2,
12261,8198,Ganesh Gowda,20,M,A1,REPEAT-020
12262,8199,Manjula Bhat,55,F,A1,
12263,8199,Vidya Kumar,40,F,A2,
12264,8200,Naveen Shetty,39,M,A1,
12265,8201,Kumar Naik,32,M,A1,
12266,8201,Shivaraj Kumar,31,M,A2,
12267,8202,Sowmya Kumar,44,F,A1,
12268,8203,Naveen Murthy,43,M,A1,REPEAT-002
12269,8204,Bhagya Reddy,53,F,A1,
12270,8205,Priya Rao,45,F,A1,
12271,8205,Srinivas Bhat,33,M,A2,
12272,8206,Harish Naidu,36,M,A1,REPEAT-015
12273,8207,Basavaraj Shetty,40,M,A1,REPEAT-023
12274,8208,Harish Rao,37,M,A1,
12275,8208,Shobha Murthy,28,F,A2,
12276,8208,Yogesh Poojary,28,M,A3,
12277,8209,Yogesh Rao,42,M,A1,
12278,8210,Manjunath Reddy,54,M,A1,
12279,8210,Suresh Murthy,38,M,A2,
12280,8211,Nagaraj Shetty,19,M,A1,
12281,8212,Shivaraj Poojary,39,M,A1,
12282,8212,Girish Shetty,31,M,A2,
12283,8212,Kumar Murthy,31,M,A3,
12284,8213,Suresh Iyer,48,M,A1,
12285,8213,Anil Iyer,33,M,A2,
12286,8214,Nagaraj Naidu,36,M,A1,REPEAT-035
12287,8215,Anil Setty,18,M,A1,
12288,8216,Srinivas Bhat,51,M,A1,
12289,8216,Shwetha Gowda,46,F,A2,
12290,8216,Manjula Kumar,44,F,A3,
12291,8217,Raghu Gowda,31,M,A1,
12292,8217,Mahesh Setty,33,M,A2,
12293,8218,Basavaraj Reddy,46,M,A1,
12294,8218,Naveen Naik,27,M,A2,
12295,8219,Vijay Naik,37,M,A1,
12296,8220,Manjula Rao,19,F,A1,
12297,8221,Manjunath Poojary,19,M,A1,
12298,8222,Rekha Bhat,42,F,A1,REPEAT-047
12299,8223,Raghu Poojary,44,M,A1,
12300,8224,Nagaraj Naidu,36,M,A1,
12301,8225,Sowmya Rao,33,F,A1,
12302,8226,Roopa Rao,46,F,A1,
12303,8227,Yogesh Rao,23,M,A1,
12304,8228,Shivaraj Iyer,51,M,A1,
12305,8229,Ramesh Reddy,46,M,A1,
12306,8230,Santosh Naik,22,M,A1,
12307,8231,Raghu Achar,31,M,A1,
12308,8231,Girish Iyer,41,M,A2,
12309,8232,Nagaraj Kumar,25,M,A1,
12310,8233,Suresh Iyer,45,M,A1,
12311,8234,Ganesh Gowda,20,M,A1,
12312,8235,Basavaraj Reddy,26,M,A1,
12313,8235,Suresh Hegde,34,M,A2,
12314,8236,Naveen Murthy,44,M,A1,REPEAT-002
12315,8237,Anil Bhat,55,M,A1,
12316,8238,Anil Naidu,40,M,A1,
12317,8239,Kumar Setty,40,M,A1,
12318,8239,Priya Naik,29,F,A2,
12319,8239,Suresh Bhat,38,M,A3,
12320,8240,Nagaraj Achar,23,M,A1,
12321,8241,Nandini Shetty,35,F,A1,
12322,8242,Lakshmi Poojary,35,F,A1,
12323,8242,Manjula Poojary,27,F,A2,
12324,8243,Chaya Murthy,28,F,A1,
12325,8244,Chaya Naidu,32,F,A1,
12326,8244,Nandini Iyer,42,F,A2,
12327,8245,Lakshmi Murthy,44,F,A1,REPEAT-044
12328,8245,Geeta Reddy,49,F,A2,
12329,8246,Ravi Reddy,46,M,A1,
12330,8247,Suresh Setty,31,M,A1,REPEAT-034
12331,8247,Sunita Kumar,27,F,A2,
12332,8248,Nagaraj Setty,46,M,A1,REPEAT-003
12333,8249,Manjunath Hegde,21,M,A1,
12334,8250,Sowmya Kumar,26,F,A1,
12335,8251,Prakash Naidu,34,M,A1,
12336,8252,Manjula Iyer,22,F,A1,
12337,8252,Nagaraj Naidu,36,M,A2,
12338,8253,Shobha Gowda,34,F,A1,
12339,8253,Ravi Gowda,51,M,A2,
12340,8254,Vijay Rao,33,M,A1,
12341,8254,Harish Naik,50,M,A2,
12342,8255,Mahesh Shetty,37,M,A1,REPEAT-022
12343,8255,Ravi Murthy,29,M,A2,
12344,8256,Harish Shetty,42,M,A1,
12345,8257,Manjunath Bhat,32,M,A1,REPEAT-030
12346,8258,Naveen Murthy,43,M,A1,REPEAT-002
12347,8258,Radha Kumar,32,F,A2,
12348,8259,Savitha Rao,20,F,A1,
12349,8259,Manjula Achar,32,F,A2,
12350,8260,Anil Bhat,28,M,A1,
12351,8261,Deepa Kumar,34,F,A1,
12352,8262,Srinivas Hegde,32,M,A1,REPEAT-046
12353,8262,Vijay Kumar,28,M,A2,
12354,8263,Savitha Naidu,22,F,A1,REPEAT-013
12355,8264,Anita Gowda,21,F,A1,
12356,8265,Vijay Poojary,33,M,A1,
12357,8265,Pooja Patil,31,F,A2,
12358,8266,Basavaraj Iyer,48,M,A1,
12359,8267,Naveen Murthy,44,M,A1,REPEAT-002
12360,8268,Mahesh Shetty,37,M,A1,REPEAT-022
12361,8269,Santosh Naidu,34,M,A1,
12362,8270,Raghu Iyer,52,M,A1,
12363,8271,Anita Achar,37,F,A1,
12364,8271,Deepa Patil,51,F,A2,
12365,8272,Manjunath Iyer,32,M,A1,
12366,8273,Santosh Naik,26,M,A1,
12367,8274,Girish Murthy,21,M,A1,
12368,8275,Srinivas Reddy,54,M,A1,
12369,8276,Mahesh Murthy,23,M,A1,REPEAT-033
12370,8277,Raghu Iyer,28,M,A1,
12371,8278,Harish Poojary,25,M,A1,
12372,8279,Harish Naidu,23,M,A1,
12373,8280,Ravi Rao,26,M,A1,
12374,8281,Ramesh Shetty,41,M,A1,
12375,8282,Shivaraj Gowda,55,M,A1,
12376,8282,Shivaraj Shetty,38,M,A2,
12377,8283,Manjula Gowda,21,F,A1,
12378,8284,Kavya Bhat,40,F,A1,
12379,8285,Rekha Setty,45,F,A1,
12380,8285,Naveen Murthy,44,M,A2,
12381,8285,Ramesh Hegde,31,M,A3,
12382,8286,Priya Gowda,36,F,A1,
12383,8286,Roopa Kumar,49,F,A2,
12384,8286,Sunita Bhat,49,F,A3,
12385,8287,Manjunath Murthy,26,M,A1,REPEAT-025
12386,8287,Deepa Achar,41,F,A2,
12387,8287,Anita Rao,51,F,A3,
12388,8288,Harish Achar,51,M,A1,
12389,8289,Girish Setty,43,M,A1,
12390,8289,Mahesh Setty,46,M,A2,
12391,8289,Nandini Setty,38,F,A3,
12392,8290,Raghu Iyer,46,M,A1,
12393,8291,Mahesh Shetty,37,M,A1,REPEAT-022
12394,8291,Anil Achar,19,M,A2,
12395,8291,Shobha Naik,41,F,A3,
12396,8292,Mahesh Poojary,48,M,A1,
12397,8293,Shwetha Murthy,49,F,A1,
12398,8293,Anita Bhat,25,F,A2,
12399,8294,Savitha Gowda,39,F,A1,
12400,8295,Suresh Bhat,31,M,A1,
12401,8295,Kumar Reddy,23,M,A2,
12402,8296,Prakash Gowda,30,M,A1,
12403,8296,Priya Gowda,31,F,A2,
12404,8297,Mahesh Murthy,19,M,A1,
12405,8298,Girish Hegde,53,M,A1,
12406,8299,Harish Shetty,21,M,A1,
12407,8299,Ravi Rao,53,M,A2,
12408,8299,Mahesh Rao,32,M,A3,
12409,8300,Vijay Patil,23,M,A1,
12410,8301,Manjunath Setty,43,M,A1,REPEAT-016
12411,8301,Shivaraj Setty,54,M,A2,
12412,8302,Lakshmi Murthy,45,F,A1,REPEAT-044
12413,8302,Chaya Shetty,28,F,A2,
12414,8303,Girish Setty,38,M,A1,
12415,8303,Kumar Reddy,30,M,A2,
12416,8304,Bhagya Setty,21,F,A1,
12417,8304,Vidya Murthy,40,F,A2,
12418,8305,Ravi Patil,52,M,A1,
12419,8305,Roopa Patil,39,F,A2,
12420,8306,Anil Shetty,29,M,A1,
12421,8307,Priya Naidu,30,F,A1,
12422,8308,Manjunath Bhat,32,M,A1,REPEAT-030
12423,8309,Santosh Iyer,54,M,A1,
12424,8309,Nagaraj Kumar,44,M,A2,
12425,8310,Prakash Reddy,29,M,A1,
12426,8310,Srinivas Poojary,23,M,A2,
12427,8311,Nagaraj Hegde,55,M,A1,
12428,8312,Mahesh Shetty,38,M,A1,REPEAT-022
12429,8312,Raghu Reddy,20,M,A2,
12430,8313,Manjula Kumar,31,F,A1,
12431,8314,Manjula Shetty,43,F,A1,
12432,8315,Kumar Patil,47,M,A1,
12433,8316,Kumar Rao,44,M,A1,REPEAT-018
12434,8317,Naveen Setty,33,M,A1,REPEAT-036
12435,8317,Geeta Kumar,29,F,A2,
12436,8318,Naveen Murthy,43,M,A1,REPEAT-002
12437,8318,Ramesh Patil,37,M,A2,
12438,8319,Anil Kumar,41,M,A1,
12439,8319,Radha Bhat,45,F,A2,
12440,8320,Srinivas Murthy,40,M,A1,
12441,8321,Shivaraj Achar,30,M,A1,
12442,8322,Vijay Rao,36,M,A1,
12443,8323,Shobha Kumar,43,F,A1,
12444,8323,Harish Murthy,42,M,A2,
12445,8324,Geeta Iyer,54,F,A1,
12446,8325,Prakash Gowda,35,M,A1,
12447,8325,Anil Murthy,42,M,A2,
12448,8326,Anil Bhat,42,M,A1,REPEAT-054
12449,8327,Yogesh Naidu,25,M,A1,REPEAT-001
12450,8327,Nandini Poojary,31,F,A2,
12451,8328,Ramesh Bhat,41,M,A1,
12452,8329,Anil Hegde,22,M,A1,
12453,8329,Shwetha Reddy,31,F,A2,
12454,8330,Shivaraj Achar,28,M,A1,
12455,8330,Mahesh Murthy,46,M,A2,
12456,8331,Kumar Gowda,50,M,A1,
12457,8331,Shivaraj Bhat,51,M,A2,
12458,8332,Srinivas Naidu,51,M,A1,
12459,8333,Shivaraj Kumar,30,M,A1,REPEAT-024
12460,8334,Vijay Gowda,35,M,A1,
12461,8334,Ganesh Achar,39,M,A2,
12462,8335,Mahesh Shetty,37,M,A1,REPEAT-022
12463,8336,Basavaraj Kumar,28,M,A1,
12464,8337,Ramesh Iyer,54,M,A1,
12465,8337,Naveen Naidu,38,M,A2,
12466,8338,Pooja Naik,55,F,A1,
12467,8339,Manjunath Hegde,45,M,A1,
12468,8340,Raghu Gowda,21,M,A1,
12469,8341,Kumar Iyer,21,M,A1,REPEAT-038
12470,8342,Mahesh Shetty,38,M,A1,REPEAT-022
12471,8342,Ravi Shetty,40,M,A2,
12472,8343,Shivaraj Kumar,55,M,A1,
12473,8343,Yogesh Poojary,26,M,A2,
12474,8344,Vijay Reddy,42,M,A1,
12475,8344,Nagaraj Poojary,29,M,A2,
12476,8345,Naveen Naik,38,M,A1,REPEAT-021
12477,8346,Mahesh Naik,55,M,A1,
12478,8347,Nagaraj Rao,30,M,A1,
12479,8347,Sowmya Poojary,33,F,A2,
12480,8348,Roopa Patil,54,F,A1,
12481,8348,Bhagya Patil,24,F,A2,
12482,8349,Suresh Naidu,37,M,A1,
12483,8350,Geeta Shetty,48,F,A1,
12484,8351,Kumar Bhat,53,M,A1,
12485,8351,Kavya Patil,43,F,A2,
12486,8352,Chaya Setty,48,F,A1,
12487,8353,Nagaraj Setty,45,M,A1,REPEAT-003
12488,8354,Mahesh Murthy,23,M,A1,REPEAT-033
12489,8355,Anil Rao,53,M,A1,
12490,8356,Shivaraj Rao,26,M,A1,
12491,8356,Raghu Achar,50,M,A2,
12492,8357,Santosh Rao,41,M,A1,REPEAT-027
12493,8358,Nagaraj Rao,29,M,A1,
12494,8359,Bhagya Bhat,45,F,A1,
12495,8360,Mahesh Shetty,38,M,A1,REPEAT-022
12496,8360,Manjula Patil,45,F,A2,
12497,8361,Harish Patil,40,M,A1,REPEAT-053
12498,8362,Santosh Reddy,46,M,A1,
12499,8363,Prakash Kumar,44,M,A1,
12500,8364,Anil Setty,45,M,A1,
12501,8364,Kumar Rao,47,M,A2,
12502,8365,Ravi Murthy,29,M,A1,
12503,8366,Sunita Patil,21,F,A1,
12504,8367,Harish Naidu,36,M,A1,REPEAT-015
12505,8368,Manjula Iyer,40,F,A1,
12506,8368,Nandini Iyer,35,F,A2,
12507,8368,Sunita Poojary,43,F,A3,
12508,8369,Lakshmi Patil,25,F,A1,
12509,8370,Nagaraj Hegde,30,M,A1,
12510,8371,Mahesh Setty,55,M,A1,
12511,8372,Prakash Poojary,35,M,A1,
12512,8372,Kumar Iyer,42,M,A2,
12513,8372,Mahesh Murthy,30,M,A3,
12514,8373,Raghu Hegde,26,M,A1,
12515,8373,Bhagya Murthy,33,F,A2,
12516,8374,Ravi Hegde,50,M,A1,
12517,8374,Ravi Reddy,52,M,A2,
12518,8374,Shivaraj Patil,34,M,A3,
12519,8375,Nagaraj Poojary,39,M,A1,
12520,8376,Santosh Shetty,54,M,A1,
12521,8377,Naveen Iyer,53,M,A1,
12522,8377,Geeta Gowda,31,F,A2,
12523,8377,Geeta Reddy,18,F,A3,
12524,8378,Manjunath Setty,43,M,A1,REPEAT-016
12525,8379,Rekha Reddy,41,F,A1,
12526,8379,Priya Naik,28,F,A2,
12527,8380,Bhagya Poojary,34,F,A1,
12528,8381,Anil Gowda,32,M,A1,
12529,8381,Girish Shetty,32,M,A2,
12530,8382,Priya Bhat,26,F,A1,
12531,8383,Rekha Bhat,42,F,A1,REPEAT-047
12532,8383,Sowmya Patil,50,F,A2,
12533,8384,Anil Bhat,34,M,A1,REPEAT-005
12534,8385,Harish Rao,53,M,A1,
12535,8386,Ramesh Iyer,35,M,A1,
12536,8387,Vijay Achar,46,M,A1,
12537,8387,Raghu Rao,24,M,A2,
12538,8388,Kumar Iyer,54,M,A1,
12539,8388,Sowmya Patil,27,F,A2,
12540,8389,Suresh Naidu,29,M,A1,
12541,8389,Ravi Patil,47,M,A2,
12542,8390,Ramesh Poojary,21,M,A1,
12543,8390,Shobha Gowda,34,F,A2,
12544,8390,Suresh Poojary,35,M,A3,
12545,8391,Manjunath Murthy,26,M,A1,REPEAT-025
12546,8391,Harish Poojary,20,M,A2,
12547,8391,Vidya Hegde,46,F,A3,
12548,8392,Manjula Gowda,31,F,A1,
12549,8393,Naveen Setty,32,M,A1,REPEAT-036
12550,8394,Vijay Shetty,48,M,A1,
12551,8394,Ramesh Naidu,23,M,A2,
12552,8394,Pooja Hegde,25,F,A3,
12553,8395,Ravi Achar,30,M,A1,
12554,8395,Basavaraj Bhat,25,M,A2,
12555,8395,Santosh Poojary,45,M,A3,
12556,8396,Yogesh Naidu,20,M,A1,
12557,8397,Nandini Gowda,31,F,A1,
12558,8398,Sowmya Setty,24,F,A1,
12559,8399,Srinivas Kumar,24,M,A1,
12560,8400,Geeta Poojary,47,F,A1,
12561,8401,Priya Murthy,24,F,A1,REPEAT-010
12562,8402,Girish Shetty,47,M,A1,
12563,8403,Suresh Naik,55,M,A1,
12564,8404,Lakshmi Gowda,34,F,A1,
12565,8405,Girish Iyer,51,M,A1,
12566,8406,Manjula Kumar,37,F,A1,
12567,8407,Ravi Kumar,26,M,A1,
12568,8408,Kumar Naidu,21,M,A1,
12569,8408,Santosh Gowda,31,M,A2,
12570,8409,Shobha Shetty,31,F,A1,REPEAT-017
12571,8410,Ganesh Bhat,36,M,A1,
12572,8411,Manjunath Achar,50,M,A1,
12573,8412,Manjunath Bhat,50,M,A1,
12574,8413,Manjunath Murthy,25,M,A1,REPEAT-025
12575,8413,Prakash Bhat,36,M,A2,
12576,8414,Kavya Naik,51,F,A1,
12577,8414,Shobha Achar,45,F,A2,
12578,8414,Vidya Bhat,36,F,A3,
12579,8415,Roopa Bhat,23,F,A1,
12580,8416,Naveen Murthy,43,M,A1,REPEAT-002
12581,8416,Suresh Hegde,26,M,A2,
12582,8417,Anil Gowda,20,M,A1,REPEAT-052
12583,8417,Harish Bhat,39,M,A2,
12584,8418,Yogesh Naidu,24,M,A1,REPEAT-001
12585,8419,Mahesh Murthy,50,M,A1,
12586,8420,Srinivas Achar,50,M,A1,
12587,8420,Srinivas Gowda,22,M,A2,
12588,8421,Kumar Naidu,28,M,A1,
12589,8421,Suresh Poojary,26,M,A2,
12590,8421,Girish Reddy,40,M,A3,
12591,8422,Lakshmi Murthy,44,F,A1,REPEAT-044
12592,8423,Rekha Gowda,24,F,A1,
12593,8423,Harish Gowda,36,M,A2,
12594,8424,Savitha Hegde,37,F,A1,
12595,8425,Deepa Reddy,41,F,A1,
12596,8426,Girish Hegde,18,M,A1,
12597,8427,Yogesh Shetty,48,M,A1,
12598,8428,Shivaraj Reddy,43,M,A1,
12599,8428,Roopa Kumar,18,F,A2,
12600,8429,Ramesh Reddy,41,M,A1,
12601,8430,Anil Bhat,42,M,A1,REPEAT-054
12602,8430,Shivaraj Naidu,36,M,A2,
12603,8431,Nagaraj Shetty,42,M,A1,
12604,8432,Anita Shetty,29,F,A1,REPEAT-019
12605,8432,Deepa Iyer,42,F,A2,
12606,8433,Manjunath Bhat,29,M,A1,
12607,8433,Priya Gowda,29,F,A2,
12608,8434,Manjula Rao,36,F,A1,
12609,8435,Ravi Gowda,27,M,A1,
12610,8436,Mahesh Setty,54,M,A1,
12611,8436,Bhagya Murthy,47,F,A2,
12612,8437,Sowmya Setty,43,F,A1,
12613,8437,Geeta Rao,49,F,A2,
12614,8437,Prakash Naidu,22,M,A3,
12615,8438,Mahesh Shetty,54,M,A1,
12616,8439,Chaya Reddy,31,F,A1,
12617,8440,Suresh Kumar,47,M,A1,
12618,8440,Kumar Kumar,41,M,A2,
12619,8441,Harish Reddy,44,M,A1,REPEAT-056
12620,8442,Suresh Poojary,28,M,A1,
12621,8443,Priya Reddy,32,F,A1,
12622,8444,Manjunath Bhat,33,M,A1,REPEAT-030
12623,8444,Geeta Shetty,50,F,A2,
12624,8445,Raghu Kumar,37,M,A1,
12625,8446,Suresh Achar,28,M,A1,
12626,8447,Sowmya Setty,20,F,A1,
12627,8447,Manjula Naidu,34,F,A2,
12628,8448,Nagaraj Rao,32,M,A1,
12629,8449,Nagaraj Setty,31,M,A1,
12630,8450,Manjula Shetty,22,F,A1,
12631,8450,Chaya Hegde,22,F,A2,
12632,8451,Anita Kumar,29,F,A1,
12633,8451,Santosh Kumar,30,M,A2,
12634,8452,Ganesh Naidu,30,M,A1,
12635,8452,Nandini Murthy,34,F,A2,
12636,8453,Santosh Rao,41,M,A1,REPEAT-027
12637,8453,Suresh Murthy,44,M,A2,
12638,8453,Shobha Reddy,22,F,A3,
12639,8454,Vijay Bhat,50,M,A1,
12640,8454,Suresh Gowda,40,M,A2,
12641,8454,Pooja Gowda,22,F,A3,
12642,8455,Kumar Rao,35,M,A1,
12643,8455,Manjunath Iyer,47,M,A2,
12644,8456,Shobha Gowda,50,F,A1,
12645,8457,Santosh Reddy,39,M,A1,
12646,8457,Deepa Rao,25,F,A2,
12647,8458,Vijay Bhat,47,M,A1,
12648,8458,Harish Naik,18,M,A2,
12649,8459,Yogesh Patil,36,M,A1,
12650,8460,Suresh Murthy,40,M,A1,
12651,8461,Basavaraj Achar,54,M,A1,
12652,8461,Savitha Gowda,36,F,A2,
12653,8462,Suresh Shetty,42,M,A1,
12654,8463,Manjunath Bhat,32,M,A1,REPEAT-030
12655,8463,Srinivas Setty,42,M,A2,
12656,8464,Kumar Poojary,36,M,A1,
12657,8465,Girish Reddy,48,M,A1,
12658,8465,Pooja Bhat,35,F,A2,
12659,8466,Vijay Shetty,22,M,A1,REPEAT-007
12660,8467,Ravi Kumar,43,M,A1,
12661,8467,Vijay Achar,43,M,A2,
12662,8468,Shwetha Poojary,36,F,A1,
12663,8469,Ramesh Shetty,28,M,A1,
12664,8469,Kavya Bhat,32,F,A2,
12665,8470,Vijay Rao,34,M,A1,
12666,8471,Basavaraj Naidu,40,M,A1,
12667,8472,Manjunath Naidu,31,M,A1,
12668,8472,Savitha Achar,34,F,A2,
12669,8472,Bhagya Shetty,21,F,A3,
12670,8473,Ramesh Naik,45,M,A1,
12671,8474,Raghu Bhat,23,M,A1,
12672,8474,Nandini Achar,37,F,A2,
12673,8475,Naveen Setty,33,M,A1,REPEAT-036
12674,8476,Basavaraj Murthy,44,M,A1,
12675,8477,Radha Setty,31,F,A1,
12676,8477,Naveen Patil,54,M,A2,
12677,8478,Ganesh Patil,50,M,A1,
12678,8478,Yogesh Setty,42,M,A2,
12679,8479,Anil Bhat,41,M,A1,REPEAT-054
12680,8479,Vidya Bhat,39,F,A2,
12681,8480,Raghu Poojary,38,M,A1,
12682,8481,Yogesh Kumar,45,M,A1,REPEAT-050
12683,8481,Savitha Reddy,54,F,A2,
12684,8481,Nagaraj Shetty,43,M,A3,
12685,8482,Priya Murthy,24,F,A1,REPEAT-010
12686,8483,Anita Hegde,42,F,A1,
12687,8483,Rekha Poojary,39,F,A2,
12688,8484,Vidya Achar,28,F,A1,
12689,8484,Manjunath Patil,37,M,A2,
12690,8485,Mahesh Iyer,47,M,A1,
12691,8486,Sunita Achar,54,F,A1,
12692,8486,Girish Gowda,26,M,A2,
12693,8486,Sunita Shetty,21,F,A3,
12694,8487,Manjunath Murthy,26,M,A1,REPEAT-025
12695,8488,Priya Naik,47,F,A1,
12696,8488,Ganesh Kumar,24,M,A2,
12697,8489,Srinivas Murthy,54,M,A1,
12698,8490,Nagaraj Patil,36,M,A1,
12699,8491,Naveen Murthy,43,M,A1,REPEAT-002
12700,8492,Sunita Reddy,52,F,A1,
12701,8493,Kumar Naidu,24,M,A1,
12702,8494,Anita Patil,24,F,A1,REPEAT-014
12703,8494,Yogesh Iyer,54,M,A2,
12704,8495,Shwetha Achar,24,F,A1,
12705,8496,Anil Bhat,22,M,A1,
12706,8496,Ganesh Gowda,32,M,A2,
12707,8497,Harish Naidu,36,M,A1,REPEAT-015
12708,8497,Rekha Poojary,28,F,A2,
12709,8498,Manjunath Murthy,39,M,A1,
12710,8498,Deepa Poojary,27,F,A2,
12711,8498,Yogesh Achar,52,M,A3,
12712,8499,Shivaraj Naik,23,M,A1,
12713,8500,Kavya Kumar,41,F,A1,
12714,8500,Raghu Hegde,40,M,A2,
12715,8500,Suresh Shetty,26,M,A3,
12716,8501,Yogesh Kumar,38,M,A1,
12717,8501,Geeta Reddy,34,F,A2,
12718,8501,Nagaraj Kumar,18,M,A3,
12719,8502,Naveen Murthy,43,M,A1,REPEAT-002
12720,8502,Chaya Gowda,50,F,A2,
12721,8503,Anita Shetty,28,F,A1,REPEAT-019
12722,8504,Priya Setty,23,F,A1,
12723,8504,Raghu Shetty,18,M,A2,
12724,8505,Girish Naik,45,M,A1,
12725,8505,Ravi Kumar,30,M,A2,
12726,8506,Ravi Naik,41,M,A1,REPEAT-008
12727,8506,Shivaraj Bhat,21,M,A2,
12728,8507,Lakshmi Murthy,45,F,A1,REPEAT-044
12729,8508,Radha Murthy,19,F,A1,
12730,8509,Shobha Shetty,32,F,A1,
12731,8510,Anita Bhat,27,F,A1,
12732,8511,Raghu Rao,43,M,A1,
12733,8512,Manjunath Murthy,26,M,A1,REPEAT-025
12734,8512,Kumar Setty,21,M,A2,
12735,8513,Kumar Kumar,42,M,A1,
12736,8513,Raghu Reddy,47,M,A2,
12737,8514,Anita Kumar,18,F,A1,
12738,8515,Basavaraj Achar,28,M,A1,
12739,8516,Ganesh Reddy,29,M,A1,
12740,8516,Ramesh Murthy,20,M,A2,
12741,8517,Kumar Setty,38,M,A1,REPEAT-043
12742,8518,Santosh Murthy,25,M,A1,
12743,8519,Rekha Naidu,25,F,A1,
12744,8520,Roopa Bhat,24,F,A1,
12745,8520,Ravi Patil,20,M,A2,
12746,8521,Savitha Iyer,24,F,A1,
12747,8522,Radha Reddy,44,F,A1,REPEAT-055
12748,8523,Kumar Setty,47,M,A1,
12749,8524,Ravi Naik,50,M,A1,
12750,8525,Nagaraj Setty,51,M,A1,
12751,8526,Bhagya Bhat,24,F,A1,
12752,8527,Mahesh Kumar,44,M,A1,
12753,8528,Mahesh Shetty,37,M,A1,REPEAT-022
12754,8528,Shivaraj Achar,46,M,A2,
12755,8529,Srinivas Hegde,31,M,A1,REPEAT-046
12756,8530,Basavaraj Naik,38,M,A1,
12757,8530,Ravi Bhat,49,M,A2,
12758,8531,Lakshmi Poojary,51,F,A1,
12759,8532,Srinivas Naidu,38,M,A1,REPEAT-049
12760,8533,Shwetha Iyer,55,F,A1,
12761,8534,Sunita Gowda,43,F,A1,
12762,8535,Srinivas Naidu,38,M,A1,REPEAT-049
12763,8536,Nagaraj Naidu,36,M,A1,REPEAT-035
12764,8537,Santosh Achar,33,M,A1,
12765,8538,Srinivas Achar,36,M,A1,
12766,8538,Mahesh Iyer,32,M,A2,
12767,8539,Yogesh Achar,38,M,A1,
12768,8540,Santosh Patil,46,M,A1,
12769,8540,Ramesh Hegde,21,M,A2,
12770,8541,Priya Setty,30,F,A1,
12771,8541,Yogesh Iyer,29,M,A2,
12772,8541,Srinivas Iyer,24,M,A3,
12773,8542,Nagaraj Naidu,36,M,A1,
12774,8542,Ramesh Iyer,53,M,A2,
12775,8542,Ravi Naidu,35,M,A3,
12776,8543,Pooja Reddy,49,F,A1,
12777,8544,Deepa Bhat,18,F,A1,
12778,8544,Yogesh Poojary,36,M,A2,
12779,8545,Shobha Hegde,52,F,A1,
12780,8545,Bhagya Bhat,55,F,A2,
12781,8546,Basavaraj Reddy,43,M,A1,REPEAT-031
12782,8547,Mahesh Shetty,37,M,A1,REPEAT-022
12783,8548,Ganesh Reddy,45,M,A1,
12784,8549,Vijay Shetty,21,M,A1,REPEAT-007
12785,8550,Savitha Shetty,19,F,A1,
12786,8551,Manjunath Murthy,26,M,A1,REPEAT-025
12787,8552,Srinivas Gowda,53,M,A1,
12788,8553,Priya Hegde,39,F,A1,
12789,8553,Yogesh Reddy,22,M,A2,
12790,8554,Radha Reddy,44,F,A1,REPEAT-055
12791,8554,Manjunath Shetty,19,M,A2,
12792,8555,Pooja Patil,40,F,A1,
12793,8556,Harish Murthy,23,M,A1,
12794,8557,Shobha Naik,34,F,A1,
12795,8558,Priya Setty,42,F,A1,
12796,8559,Harish Shetty,40,M,A1,
12797,8560,Anil Naidu,30,M,A1,
12798,8561,Anita Patil,25,F,A1,REPEAT-014
12799,8561,Roopa Achar,55,F,A2,
12800,8562,Mahesh Hegde,30,M,A1,
12801,8562,Nagaraj Patil,43,M,A2,
12802,8562,Anil Kumar,22,M,A3,
12803,8563,Naveen Naidu,55,M,A1,
12804,8563,Santosh Rao,42,M,A2,
12805,8564,Nandini Kumar,43,F,A1,REPEAT-012
12806,8564,Basavaraj Patil,25,M,A2,
12807,8565,Pooja Patil,27,F,A1,
12808,8566,Radha Reddy,44,F,A1,REPEAT-055
12809,8567,Shobha Shetty,18,F,A1,
12810,8568,Suresh Patil,34,M,A1,
12811,8568,Geeta Kumar,23,F,A2,
12812,8569,Kumar Achar,38,M,A1,
12813,8570,Savitha Iyer,52,F,A1,
12814,8570,Naveen Kumar,48,M,A2,
12815,8570,Girish Hegde,44,M,A3,
12816,8571,Shwetha Shetty,48,F,A1,
12817,8572,Radha Iyer,22,F,A1,
12818,8573,Shivaraj Gowda,24,M,A1,
12819,8574,Geeta Gowda,24,F,A1,
12820,8574,Nagaraj Rao,55,M,A2,
12821,8575,Kumar Gowda,51,M,A1,
12822,8576,Anil Bhat,41,M,A1,REPEAT-054
12823,8577,Harish Reddy,45,M,A1,REPEAT-056
12824,8578,Girish Gowda,27,M,A1,
12825,8579,Raghu Naik,54,M,A1,
12826,8579,Shwetha Poojary,37,F,A2,
12827,8580,Naveen Murthy,43,M,A1,REPEAT-002
12828,8581,Lakshmi Murthy,44,F,A1,REPEAT-044
12829,8581,Ravi Naik,43,M,A2,
12830,8582,Mahesh Shetty,37,M,A1,REPEAT-022
12831,8583,Girish Hegde,19,M,A1,
12832,8584,Anita Shetty,29,F,A1,REPEAT-019
12833,8584,Radha Bhat,54,F,A2,
12834,8585,Basavaraj Hegde,19,M,A1,
12835,8585,Raghu Naik,52,M,A2,
12836,8585,Harish Patil,46,M,A3,
12837,8586,Srinivas Naidu,38,M,A1,REPEAT-049
12838,8587,Lakshmi Murthy,44,F,A1,REPEAT-044
12839,8587,Vijay Shetty,30,M,A2,
12840,8587,Raghu Naidu,38,M,A3,
12841,8588,Manjunath Setty,43,M,A1,REPEAT-016
12842,8589,Bhagya Naik,26,F,A1,
12843,8590,Manjula Kumar,29,F,A1,
12844,8591,Prakash Achar,52,M,A1,
12845,8592,Suresh Naik,23,M,A1,
12846,8593,Harish Patil,39,M,A1,REPEAT-053
12847,8593,Manjunath Naik,18,M,A2,
12848,8594,Nandini Hegde,29,F,A1,
12849,8594,Kumar Hegde,31,M,A2,
12850,8595,Yogesh Naik,48,M,A1,
12851,8595,Sunita Shetty,50,F,A2,
12852,8596,Shivaraj Gowda,21,M,A1,
12853,8597,Mahesh Murthy,23,M,A1,REPEAT-033
12854,8598,Bhagya Naidu,51,F,A1,
12855,8599,Santosh Achar,31,M,A1,
12856,8600,Kumar Murthy,26,M,A1,
12857,8601,Girish Naik,26,M,A1,
12858,8602,Sunita Hegde,38,F,A1,
12859,8603,Nagaraj Gowda,50,M,A1,
12860,8603,Yogesh Setty,21,M,A2,
12861,8604,Mahesh Murthy,23,M,A1,REPEAT-033
12862,8605,Srinivas Naidu,53,M,A1,
12863,8605,Manjunath Patil,49,M,A2,
12864,8606,Kavya Achar,28,F,A1,
12865,8607,Yogesh Kumar,20,M,A1,
12866,8607,Radha Reddy,29,F,A2,
12867,8608,Prakash Poojary,36,M,A1,REPEAT-028
12868,8609,Ravi Patil,19,M,A1,
12869,8610,Pooja Reddy,53,F,A1,
12870,8611,Mahesh Murthy,23,M,A1,REPEAT-033
12871,8611,Ganesh Reddy,32,M,A2,
12872,8612,Ganesh Bhat,44,M,A1,
12873,8613,Nagaraj Naik,43,M,A1,
12874,8613,Kumar Bhat,22,M,A2,
12875,8613,Lakshmi Shetty,21,F,A3,
12876,8614,Shwetha Naik,45,F,A1,
12877,8615,Nagaraj Rao,32,M,A1,
12878,8615,Savitha Kumar,42,F,A2,
12879,8616,Srinivas Reddy,21,M,A1,
12880,8617,Nandini Kumar,43,F,A1,REPEAT-012
12881,8617,Radha Achar,20,F,A2,
12882,8618,Ramesh Patil,19,M,A1,
12883,8618,Basavaraj Iyer,30,M,A2,
12884,8619,Lakshmi Rao,32,F,A1,
12885,8620,Santosh Naik,24,M,A1,
12886,8621,Naveen Poojary,40,M,A1,
12887,8621,Vijay Achar,35,M,A2,
12888,8622,Naveen Rao,46,M,A1,
12889,8623,Harish Achar,45,M,A1,REPEAT-057
12890,8624,Anil Bhat,54,M,A1,
12891,8625,Raghu Shetty,23,M,A1,
12892,8626,Yogesh Kumar,44,M,A1,REPEAT-050
12893,8626,Vidya Hegde,33,F,A2,
12894,8627,Prakash Hegde,34,M,A1,
12895,8627,Yogesh Reddy,20,M,A2,
12896,8627,Deepa Gowda,50,F,A3,
12897,8628,Nagaraj Achar,34,M,A1,
12898,8629,Anil Gowda,46,M,A1,
12899,8629,Nagaraj Reddy,50,M,A2,
12900,8630,Geeta Achar,33,F,A1,
12901,8631,Deepa Rao,51,F,A1,
12902,8632,Manjula Shetty,18,F,A1,
12903,8633,Manjunath Murthy,25,M,A1,REPEAT-025
12904,8634,Anita Poojary,31,F,A1,
12905,8635,Anil Naik,54,M,A1,
12906,8635,Anil Bhat,46,M,A2,
12907,8635,Shivaraj Gowda,50,M,A3,
12908,8636,Harish Murthy,40,M,A1,
12909,8637,Harish Achar,45,M,A1,REPEAT-057
12910,8638,Raghu Achar,48,M,A1,
12911,8639,Yogesh Naidu,24,M,A1,REPEAT-001
12912,8640,Kavya Setty,43,F,A1,
12913,8640,Harish Reddy,54,M,A2,
12914,8641,Nandini Hegde,43,F,A1,
12915,8641,Naveen Achar,50,M,A2,
12916,8642,Kumar Rao,45,M,A1,REPEAT-018
12917,8642,Basavaraj Gowda,28,M,A2,
12918,8643,Srinivas Naik,45,M,A1,
12919,8644,Basavaraj Shetty,45,M,A1,
12920,8645,Nagaraj Reddy,47,M,A1,
12921,8646,Vijay Shetty,21,M,A1,REPEAT-007
12922,8647,Raghu Poojary,35,M,A1,
12923,8648,Manjunath Kumar,34,M,A1,
12924,8649,Chaya Setty,55,F,A1,
12925,8649,Harish Gowda,49,M,A2,
12926,8650,Basavaraj Setty,49,M,A1,
12927,8650,Suresh Achar,53,M,A2,
12928,8651,Suresh Reddy,28,M,A1,
12929,8651,Shobha Patil,36,F,A2,
12930,8652,Pooja Murthy,34,F,A1,
12931,8652,Shwetha Shetty,23,F,A2,
12932,8652,Suresh Reddy,54,M,A3,
12933,8653,Ravi Patil,54,M,A1,
12934,8654,Pooja Murthy,25,F,A1,
12935,8655,Manjula Iyer,36,F,A1,
12936,8656,Kumar Naidu,23,M,A1,
12937,8657,Harish Achar,46,M,A1,REPEAT-057
12938,8658,Deepa Iyer,40,F,A1,
12939,8659,Prakash Shetty,55,M,A1,
12940,8659,Savitha Kumar,39,F,A2,
12941,8660,Mahesh Murthy,24,M,A1,REPEAT-033
12942,8660,Ramesh Patil,54,M,A2,
12943,8661,Naveen Poojary,33,M,A1,
12944,8662,Nandini Gowda,55,F,A1,
12945,8663,Ravi Hegde,21,M,A1,
12946,8663,Radha Shetty,23,F,A2,
12947,8664,Nagaraj Setty,45,M,A1,REPEAT-003
12948,8664,Lakshmi Poojary,40,F,A2,
12949,8665,Vidya Rao,46,F,A1,
12950,8665,Ramesh Murthy,44,M,A2,
12951,8666,Yogesh Poojary,52,M,A1,
12952,8667,Raghu Bhat,52,M,A1,
12953,8667,Santosh Iyer,47,M,A2,
12954,8667,Suresh Rao,25,M,A3,
12955,8668,Deepa Reddy,22,F,A1,
12956,8669,Naveen Setty,32,M,A1,REPEAT-036
12957,8670,Ganesh Naik,35,M,A1,REPEAT-009
12958,8671,Yogesh Gowda,50,M,A1,
12959,8671,Geeta Reddy,34,F,A2,
12960,8671,Anil Reddy,26,M,A3,
12961,8672,Manjula Naik,27,F,A1,
12962,8672,Geeta Kumar,44,F,A2,
12963,8672,Shivaraj Rao,18,M,A3,
12964,8673,Shivaraj Gowda,51,M,A1,
12965,8673,Santosh Naik,32,M,A2,
12966,8673,Ravi Shetty,44,M,A3,
12967,8674,Manjunath Rao,39,M,A1,
12968,8675,Nandini Kumar,43,F,A1,REPEAT-012
12969,8676,Sunita Kumar,33,F,A1,
12970,8677,Ravi Naidu,48,M,A1,
12971,8678,Bhagya Rao,31,F,A1,
12972,8679,Suresh Hegde,33,M,A1,
12973,8679,Nandini Kumar,43,F,A2,
12974,8680,Nandini Patil,55,F,A1,
12975,8681,Shobha Bhat,48,F,A1,
12976,8681,Raghu Achar,28,M,A2,
12977,8682,Sowmya Reddy,54,F,A1,
12978,8683,Radha Hegde,55,F,A1,
12979,8683,Radha Setty,26,F,A2,
12980,8684,Prakash Naidu,51,M,A1,
12981,8685,Anil Bhat,35,M,A1,REPEAT-005
12982,8686,Naveen Naidu,30,M,A1,
12983,8686,Chaya Setty,42,F,A2,
12984,8687,Mahesh Shetty,38,M,A1,REPEAT-022
12985,8687,Geeta Naidu,48,F,A2,
12986,8687,Harish Murthy,45,M,A3,
12987,8688,Yogesh Kumar,55,M,A1,
12988,8689,Roopa Bhat,23,F,A1,
12989,8689,Pooja Patil,28,F,A2,
12990,8690,Shivaraj Patil,39,M,A1,
12991,8691,Harish Achar,45,M,A1,REPEAT-057
12992,8692,Santosh Rao,41,M,A1,REPEAT-027
12993,8693,Harish Patil,52,M,A1,
12994,8694,Vijay Shetty,21,M,A1,REPEAT-007
12995,8695,Harish Reddy,44,M,A1,REPEAT-056
12996,8695,Geeta Iyer,26,F,A2,
12997,8696,Santosh Poojary,35,M,A1,
12998,8697,Manjula Reddy,20,F,A1,
12999,8697,Raghu Hegde,21,M,A2,
13000,8698,Nagaraj Iyer,36,M,A1,
13001,8698,Santosh Kumar,39,M,A2,
13002,8699,Kavya Naidu,25,F,A1,
13003,8699,Ravi Hegde,36,M,A2,
13004,8700,Shobha Kumar,48,F,A1,
13005,8700,Ravi Naik,27,M,A2,
13006,8701,Ravi Poojary,45,M,A1,
13007,8702,Nandini Iyer,48,F,A1,
13008,8702,Kavya Shetty,31,F,A2,
13009,8703,Shobha Naidu,25,F,A1,
13010,8703,Kavya Rao,52,F,A2,
13011,8704,Anil Bhat,41,M,A1,REPEAT-054
13012,8704,Ganesh Reddy,22,M,A2,
13013,8705,Ganesh Shetty,40,M,A1,REPEAT-029
13014,8705,Shivaraj Poojary,50,M,A2,
13015,8705,Vijay Achar,44,M,A3,
13016,8706,Anil Hegde,40,M,A1,
13017,8707,Harish Setty,54,M,A1,
13018,8708,Mahesh Shetty,37,M,A1,REPEAT-022
13019,8709,Mahesh Iyer,37,M,A1,
13020,8710,Manjunath Murthy,25,M,A1,REPEAT-025
13021,8710,Kavya Naidu,54,F,A2,
13022,8711,Mahesh Achar,22,M,A1,
13023,8712,Anita Murthy,37,F,A1,
13024,8713,Radha Gowda,41,F,A1,
13025,8713,Nagaraj Iyer,29,M,A2,
13026,8713,Roopa Gowda,34,F,A3,
13027,8714,Shivaraj Patil,41,M,A1,REPEAT-006
13028,8714,Harish Murthy,22,M,A2,
13029,8714,Suresh Setty,49,M,A3,
13030,8715,Anil Naik,38,M,A1,
13031,8716,Geeta Reddy,52,F,A1,
13032,8717,Nagaraj Poojary,41,M,A1,
13033,8718,Girish Murthy,21,M,A1,
13034,8719,Prakash Setty,46,M,A1,
13035,8719,Naveen Gowda,48,M,A2,
13036,8720,Manjunath Iyer,43,M,A1,REPEAT-051
13037,8721,Suresh Naik,38,M,A1,REPEAT-042
13038,8722,Yogesh Shetty,19,M,A1,
13039,8723,Priya Shetty,49,F,A1,
13040,8724,Ramesh Iyer,47,M,A1,
13041,8725,Girish Patil,30,M,A1,
13042,8726,Kumar Setty,37,M,A1,REPEAT-043
13043,8726,Santosh Patil,42,M,A2,
13044,8726,Basavaraj Achar,46,M,A3,
13045,8727,Anil Naik,31,M,A1,
13046,8728,Prakash Patil,47,M,A1,
13047,8728,Prakash Reddy,47,M,A2,
13048,8729,Radha Reddy,44,F,A1,REPEAT-055
13049,8729,Basavaraj Naidu,24,M,A2,
13050,8729,Girish Kumar,31,M,A3,
13051,8730,Vijay Shetty,22,M,A1,REPEAT-007
13052,8730,Nandini Rao,21,F,A2,
13053,8731,Suresh Naik,38,M,A1,REPEAT-042
13054,8731,Yogesh Iyer,33,M,A2,
13055,8732,Ramesh Poojary,24,M,A1,
13056,8733,Harish Naidu,29,M,A1,
13057,8734,Sowmya Kumar,53,F,A1,
13058,8735,Ravi Iyer,55,M,A1,
13059,8736,Basavaraj Achar,53,M,A1,
13060,8736,Nagaraj Achar,54,M,A2,
13061,8737,Rekha Hegde,42,F,A1,
13062,8737,Geeta Rao,49,F,A2,
13063,8737,Mahesh Hegde,33,M,A3,
13064,8738,Anita Shetty,29,F,A1,REPEAT-019
13065,8738,Nandini Rao,45,F,A2,
13066,8739,Kumar Shetty,34,M,A1,
13067,8740,Ganesh Iyer,24,M,A1,
13068,8741,Girish Poojary,23,M,A1,
13069,8742,Anil Kumar,49,M,A1,
13070,8742,Harish Achar,35,M,A2,
13071,8743,Suresh Shetty,18,M,A1,
13072,8744,Naveen Murthy,44,M,A1,REPEAT-002
13073,8744,Girish Kumar,21,M,A2,
13074,8745,Manjula Naidu,40,F,A1,
13075,8746,Priya Reddy,34,F,A1,
13076,8747,Naveen Gowda,35,M,A1,
13077,8747,Deepa Iyer,32,F,A2,
13078,8748,Harish Kumar,41,M,A1,
13079,8749,Anita Shetty,29,F,A1,REPEAT-019
13080,8750,Mahesh Murthy,24,M,A1,REPEAT-033
13081,8751,Ganesh Reddy,33,M,A1,
13082,8752,Vijay Shetty,21,M,A1,REPEAT-007
13083,8753,Kumar Gowda,52,M,A1,
13084,8753,Shwetha Iyer,27,F,A2,
13085,8754,Anita Iyer,47,F,A1,
13086,8754,Ravi Naidu,24,M,A2,
13087,8755,Priya Kumar,55,F,A1,
13088,8756,Geeta Achar,48,F,A1,
13089,8757,Shobha Poojary,30,F,A1,
13090,8757,Raghu Gowda,30,M,A2,
13091,8758,Shivaraj Naik,46,M,A1,
13092,8758,Sunita Iyer,47,F,A2,
13093,8759,Santosh Gowda,45,M,A1,
13094,8760,Raghu Hegde,40,M,A1,
13095,8761,Manjunath Iyer,32,M,A1,
13096,8761,Priya Setty,30,F,A2,
13097,8762,Shobha Bhat,26,F,A1,
13098,8763,Prakash Achar,39,M,A1,
13099,8763,Ramesh Bhat,49,M,A2,
13100,8764,Ramesh Setty,21,M,A1,
13101,8764,Anil Patil,20,M,A2,
13102,8764,Priya Reddy,27,F,A3,
13103,8765,Prakash Rao,22,M,A1,
13104,8766,Prakash Murthy,45,M,A1,
13105,8767,Nagaraj Rao,25,M,A1,REPEAT-026
13106,8768,Ganesh Patil,37,M,A1,
13107,8768,Lakshmi Kumar,40,F,A2,
13108,8769,Harish Reddy,44,M,A1,REPEAT-056
13109,8770,Vidya Hegde,55,F,A1,
13110,8771,Manjunath Rao,20,M,A1,
13111,8772,Kumar Murthy,49,M,A1,
13112,8773,Manjunath Gowda,52,M,A1,
13113,8774,Basavaraj Poojary,18,M,A1,
13114,8775,Harish Naidu,36,M,A1,REPEAT-015
13115,8776,Vijay Naik,23,M,A1,
13116,8776,Manjunath Iyer,40,M,A2,
13117,8776,Ganesh Achar,40,M,A3,
13118,8777,Yogesh Reddy,52,M,A1,
13119,8778,Kavya Iyer,40,F,A1,
13120,8779,Rekha Kumar,22,F,A1,
13121,8780,Shivaraj Murthy,40,M,A1,
13122,8780,Manjula Reddy,29,F,A2,
13123,8781,Ramesh Naidu,26,M,A1,
13124,8782,Santosh Naik,19,M,A1,
13125,8782,Manjula Rao,30,F,A2,
13126,8783,Radha Naidu,43,F,A1,
13127,8783,Vijay Kumar,33,M,A2,
13128,8783,Prakash Kumar,40,M,A3,
13129,8784,Manjunath Achar,42,M,A1,
13130,8785,Mahesh Shetty,37,M,A1,REPEAT-022
13131,8786,Harish Naik,32,M,A1,
13132,8787,Lakshmi Murthy,45,F,A1,REPEAT-044
13133,8788,Anita Iyer,50,F,A1,
13134,8788,Vijay Achar,51,M,A2,
13135,8789,Harish Setty,25,M,A1,
13136,8789,Shivaraj Iyer,18,M,A2,
13137,8790,Ravi Rao,25,M,A1,
13138,8791,Girish Shetty,52,M,A1,
13139,8792,Roopa Poojary,51,F,A1,
13140,8793,Nagaraj Setty,46,M,A1,REPEAT-003
13141,8793,Ganesh Reddy,40,M,A2,
13142,8793,Raghu Setty,54,M,A3,
13143,8794,Srinivas Naidu,38,M,A1,REPEAT-049
13144,8795,Nagaraj Setty,46,M,A1,REPEAT-003
13145,8796,Vijay Bhat,29,M,A1,
13146,8796,Srinivas Naidu,28,M,A2,
13147,8797,Kumar Patil,44,M,A1,
13148,8798,Lakshmi Iyer,51,F,A1,
13149,8798,Kavya Naik,33,F,A2,
13150,8798,Srinivas Naik,19,M,A3,
13151,8799,Deepa Reddy,30,F,A1,
13152,8800,Deepa Poojary,45,F,A1,
13153,8800,Naveen Naidu,33,M,A2,
13154,8800,Suresh Shetty,53,M,A3,
13155,8801,Naveen Hegde,19,M,A1,
13156,8801,Radha Naik,18,F,A2,
13157,8801,Harish Murthy,31,M,A3,
13158,8802,Bhagya Bhat,25,F,A1,
13159,8802,Naveen Shetty,37,M,A2,
13160,8803,Rekha Iyer,31,F,A1,
13161,8804,Deepa Reddy,42,F,A1,
13162,8804,Ravi Murthy,19,M,A2,
13163,8804,Ramesh Hegde,36,M,A3,
13164,8805,Manjunath Setty,43,M,A1,REPEAT-016
13165,8806,Prakash Naik,41,M,A1,REPEAT-032
13166,8806,Raghu Patil,51,M,A2,
13167,8807,Naveen Reddy,51,M,A1,
13168,8808,Nagaraj Naidu,28,M,A1,
13169,8808,Ravi Shetty,32,M,A2,
13170,8808,Sunita Iyer,20,F,A3,
13171,8809,Manjunath Murthy,25,M,A1,REPEAT-025
13172,8810,Naveen Gowda,21,M,A1,
13173,8810,Vijay Murthy,21,M,A2,
13174,8811,Deepa Poojary,45,F,A1,
13175,8811,Santosh Murthy,51,M,A2,
13176,8812,Deepa Naik,26,F,A1,
13177,8812,Deepa Naidu,36,F,A2,
13178,8812,Girish Naik,21,M,A3,
13179,8813,Shwetha Gowda,55,F,A1,
13180,8814,Basavaraj Setty,48,M,A1,
13181,8814,Girish Achar,21,M,A2,
13182,8814,Chaya Poojary,26,F,A3,
13183,8815,Shwetha Bhat,18,F,A1,
13184,8815,Harish Poojary,22,M,A2,
13185,8816,Kumar Reddy,22,M,A1,
13186,8816,Raghu Reddy,37,M,A2,
13187,8817,Srinivas Kumar,43,M,A1,
13188,8817,Sowmya Hegde,51,F,A2,
13189,8818,Nagaraj Rao,24,M,A1,REPEAT-026
13190,8819,Ganesh Kumar,23,M,A1,
13191,8819,Shobha Gowda,25,F,A2,
13192,8820,Vijay Naidu,35,M,A1,
13193,8821,Ravi Setty,50,M,A1,
13194,8822,Chaya Murthy,43,F,A1,
13195,8822,Ganesh Kumar,26,M,A2,
13196,8822,Geeta Kumar,20,F,A3,
13197,8823,Geeta Reddy,37,F,A1,
13198,8823,Savitha Rao,53,F,A2,
13199,8823,Chaya Reddy,55,F,A3,
13200,8824,Ramesh Naidu,38,M,A1,
13201,8825,Rekha Kumar,40,F,A1,
13202,8826,Kavya Bhat,36,F,A1,
13203,8826,Prakash Setty,49,M,A2,
13204,8827,Harish Reddy,46,M,A1,
13205,8828,Suresh Shetty,45,M,A1,
13206,8828,Prakash Kumar,32,M,A2,
13207,8828,Shivaraj Kumar,24,M,A3,
13208,8829,Ganesh Shetty,25,M,A1,
13209,8830,Srinivas Naidu,37,M,A1,REPEAT-049
13210,8831,Ravi Kumar,33,M,A1,
13211,8832,Mahesh Murthy,36,M,A1,
13212,8833,Manjula Hegde,42,F,A1,
13213,8834,Suresh Naidu,51,M,A1,
13214,8834,Shivaraj Hegde,50,M,A2,
13215,8834,Vidya Shetty,39,F,A3,
13216,8835,Santosh Kumar,47,M,A1,
13217,8836,Ganesh Gowda,20,M,A1,REPEAT-020
13218,8837,Basavaraj Achar,27,M,A1,
13219,8838,Anil Gowda,50,M,A1,
13220,8838,Srinivas Murthy,25,M,A2,
13221,8839,Manjunath Bhat,33,M,A1,REPEAT-030
13222,8840,Raghu Poojary,35,M,A1,
13223,8841,Ramesh Reddy,50,M,A1,
13224,8842,Ganesh Gowda,21,M,A1,REPEAT-020
13225,8842,Santosh Reddy,31,M,A2,
13226,8842,Ravi Shetty,26,M,A3,
13227,8843,Santosh Kumar,21,M,A1,
13228,8843,Deepa Hegde,47,F,A2,
13229,8844,Suresh Naik,39,M,A1,REPEAT-042
13230,8845,Ganesh Reddy,30,M,A1,
13231,8846,Ganesh Bhat,33,M,A1,
13232,8847,Santosh Iyer,31,M,A1,
13233,8847,Priya Murthy,44,F,A2,
13234,8848,Anita Patil,22,F,A1,
13235,8849,Lakshmi Patil,23,F,A1,
13236,8850,Anil Iyer,32,M,A1,
13237,8851,Savitha Rao,20,F,A1,
13238,8851,Chaya Gowda,42,F,A2,
13239,8852,Basavaraj Achar,30,M,A1,
13240,8853,Yogesh Kumar,38,M,A1,
13241,8854,Priya Patil,23,F,A1,
13242,8854,Pooja Achar,34,F,A2,
13243,8855,Shobha Achar,26,F,A1,
13244,8855,Nagaraj Murthy,54,M,A2,
13245,8856,Ganesh Reddy,48,M,A1,
13246,8857,Deepa Poojary,55,F,A1,
13247,8857,Nagaraj Setty,39,M,A2,
13248,8858,Ganesh Murthy,49,M,A1,
13249,8859,Chaya Reddy,55,F,A1,
13250,8860,Shobha Gowda,21,F,A1,
13251,8861,Nagaraj Bhat,53,M,A1,
13252,8862,Vijay Setty,28,M,A1,
13253,8863,Suresh Naik,38,M,A1,REPEAT-042
13254,8863,Shobha Murthy,40,F,A2,
13255,8864,Roopa Setty,37,F,A1,
13256,8864,Vidya Achar,50,F,A2,
13257,8865,Chaya Shetty,19,F,A1,
13258,8865,Ravi Murthy,28,M,A2,
13259,8865,Nagaraj Naidu,47,M,A3,
13260,8866,Prakash Shetty,23,M,A1,
13261,8867,Raghu Iyer,26,M,A1,
13262,8867,Mahesh Achar,41,M,A2,
13263,8868,Harish Patil,39,M,A1,REPEAT-053
13264,8869,Harish Naidu,36,M,A1,REPEAT-015
13265,8870,Geeta Poojary,50,F,A1,
13266,8871,Basavaraj Shetty,40,M,A1,REPEAT-023
13267,8871,Mahesh Achar,39,M,A2,
13268,8872,Shivaraj Setty,22,M,A1,
13269,8873,Kavya Setty,43,F,A1,
13270,8873,Basavaraj Naidu,45,M,A2,
13271,8874,Ramesh Naidu,34,M,A1,
13272,8874,Geeta Patil,29,F,A2,
13273,8875,Lakshmi Kumar,18,F,A1,
13274,8876,Mahesh Gowda,19,M,A1,
13275,8877,Harish Achar,45,M,A1,REPEAT-057
13276,8878,Srinivas Naidu,37,M,A1,REPEAT-049
13277,8879,Anil Reddy,43,M,A1,
13278,8879,Shivaraj Gowda,45,M,A2,
13279,8879,Savitha Poojary,49,F,A3,
13280,8880,Shivaraj Patil,40,M,A1,REPEAT-006
13281,8881,Mahesh Shetty,37,M,A1,REPEAT-022
13282,8882,Priya Achar,54,F,A1,
13283,8882,Prakash Rao,53,M,A2,
13284,8882,Geeta Naidu,26,F,A3,
13285,8883,Ganesh Setty,26,M,A1,
13286,8884,Pooja Rao,45,F,A1,REPEAT-039
13287,8885,Nandini Gowda,53,F,A1,
13288,8885,Shobha Naik,53,F,A2,
13289,8886,Harish Naidu,36,M,A1,REPEAT-015
13290,8887,Geeta Iyer,47,F,A1,
13291,8888,Santosh Murthy,22,M,A1,
13292,8888,Savitha Shetty,20,F,A2,
13293,8889,Anil Rao,18,M,A1,
13294,8890,Nagaraj Murthy,30,M,A1,
13295,8890,Shivaraj Bhat,24,M,A2,
13296,8891,Shivaraj Naidu,53,M,A1,
13297,8891,Shwetha Achar,27,F,A2,
13298,8892,Mahesh Bhat,51,M,A1,
13299,8892,Shwetha Rao,27,F,A2,
13300,8892,Anil Shetty,25,M,A3,
13301,8893,Srinivas Murthy,25,M,A1,
13302,8894,Basavaraj Reddy,43,M,A1,REPEAT-031
13303,8894,Kavya Gowda,29,F,A2,
13304,8895,Nandini Shetty,49,F,A1,
13305,8895,Nagaraj Murthy,28,M,A2,
13306,8896,Kumar Naidu,45,M,A1,
13307,8896,Shivaraj Hegde,20,M,A2,
13308,8896,Santosh Setty,38,M,A3,
13309,8897,Anil Bhat,42,M,A1,REPEAT-054
13310,8898,Raghu Hegde,42,M,A1,
13311,8898,Manjula Naik,37,F,A2,
13312,8899,Santosh Hegde,18,M,A1,
13313,8900,Anita Shetty,28,F,A1,REPEAT-019
13314,8900,Ravi Gowda,54,M,A2,
13315,8901,Rekha Shetty,41,F,A1,
13316,8902,Anil Hegde,39,M,A1,
13317,8902,Roopa Iyer,32,F,A2,
13318,8902,Vidya Bhat,48,F,A3,
13319,8903,Anil Poojary,55,M,A1,
13320,8904,Mahesh Murthy,23,M,A1,REPEAT-033
13321,8905,Ravi Hegde,36,M,A1,
13322,8905,Sowmya Kumar,24,F,A2,
13323,8905,Sunita Patil,23,F,A3,
13324,8906,Manjunath Bhat,32,M,A1,REPEAT-030
13325,8906,Shobha Kumar,43,F,A2,
13326,8907,Anil Bhat,35,M,A1,REPEAT-005
13327,8908,Mahesh Murthy,23,M,A1,REPEAT-033
13328,8909,Shwetha Naidu,36,F,A1,
13329,8910,Shobha Rao,29,F,A1,
13330,8911,Suresh Gowda,20,M,A1,
13331,8911,Shwetha Hegde,22,F,A2,
13332,8911,Harish Bhat,28,M,A3,
13333,8912,Suresh Iyer,54,M,A1,
13334,8912,Suresh Rao,28,M,A2,
13335,8912,Vijay Patil,48,M,A3,
13336,8913,Prakash Patil,39,M,A1,
13337,8914,Savitha Murthy,51,F,A1,
13338,8915,Anita Patil,25,F,A1,REPEAT-014
13339,8916,Srinivas Naik,51,M,A1,
13340,8917,Bhagya Shetty,36,F,A1,
13341,8917,Anita Hegde,46,F,A2,
13342,8918,Lakshmi Murthy,44,F,A1,REPEAT-044
13343,8919,Prakash Naik,55,M,A1,
13344,8919,Lakshmi Gowda,44,F,A2,
13345,8920,Srinivas Naik,23,M,A1,
13346,8921,Harish Patil,40,M,A1,REPEAT-053
13347,8922,Ganesh Hegde,36,M,A1,REPEAT-060
13348,8923,Manjunath Shetty,39,M,A1,
13349,8924,Shobha Shetty,31,F,A1,REPEAT-017
13350,8925,Geeta Achar,55,F,A1,
13351,8925,Sunita Achar,19,F,A2,
13352,8926,Prakash Shetty,28,M,A1,
13353,8927,Sunita Rao,18,F,A1,
13354,8928,Anil Bhat,35,M,A1,REPEAT-005
13355,8929,Kumar Patil,31,M,A1,
13356,8930,Santosh Patil,19,M,A1,
13357,8931,Harish Naidu,37,M,A1,REPEAT-015
13358,8931,Vijay Poojary,50,M,A2,
13359,8932,Srinivas Naidu,37,M,A1,REPEAT-049
13360,8933,Naveen Naidu,33,M,A1,
13361,8933,Pooja Patil,40,F,A2,
13362,8933,Yogesh Shetty,54,M,A3,
13363,8934,Kumar Iyer,41,M,A1,
13364,8934,Kumar Rao,18,M,A2,
13365,8935,Savitha Rao,52,F,A1,
13366,8936,Anil Hegde,32,M,A1,
13367,8936,Mahesh Iyer,21,M,A2,
13368,8937,Anil Naidu,23,M,A1,
13369,8937,Chaya Reddy,54,F,A2,
13370,8937,Sunita Kumar,28,F,A3,
13371,8938,Sunita Naik,27,F,A1,
13372,8939,Vijay Reddy,55,M,A1,
13373,8939,Suresh Murthy,37,M,A2,
13374,8939,Kumar Bhat,36,M,A3,
13375,8940,Naveen Murthy,43,M,A1,REPEAT-002
13376,8940,Yogesh Iyer,36,M,A2,
13377,8941,Yogesh Achar,32,M,A1,
13378,8942,Manjunath Rao,23,M,A1,
13379,8943,Girish Gowda,49,M,A1,
13380,8943,Yogesh Hegde,19,M,A2,
13381,8944,Yogesh Patil,33,M,A1,
13382,8945,Santosh Hegde,51,M,A1,
13383,8945,Shobha Naidu,33,F,A2,
13384,8946,Harish Rao,49,M,A1,
13385,8947,Suresh Murthy,54,M,A1,
13386,8948,Shobha Shetty,31,F,A1,REPEAT-017
13387,8949,Mahesh Poojary,23,M,A1,
13388,8950,Girish Naik,33,M,A1,
13389,8950,Raghu Kumar,54,M,A2,
13390,8951,Srinivas Naidu,37,M,A1,REPEAT-049
13391,8951,Sunita Iyer,41,F,A2,
13392,8951,Kavya Naidu,55,F,A3,
13393,8952,Shivaraj Bhat,41,M,A1,
13394,8953,Shobha Rao,43,F,A1,
13395,8954,Nandini Kumar,42,F,A1,REPEAT-012
13396,8955,Srinivas Naidu,37,M,A1,REPEAT-049
13397,8955,Yogesh Iyer,39,M,A2,
13398,8956,Shivaraj Naik,40,M,A1,
13399,8957,Priya Hegde,39,F,A1,
13400,8957,Roopa Kumar,47,F,A2,
13401,8958,Sowmya Gowda,26,F,A1,
13402,8958,Ganesh Achar,51,M,A2,
13403,8959,Yogesh Kumar,44,M,A1,REPEAT-050
13404,8960,Vijay Murthy,52,M,A1,
13405,8961,Yogesh Naidu,24,M,A1,REPEAT-001
13406,8962,Yogesh Naik,26,M,A1,
13407,8963,Suresh Naik,38,M,A1,REPEAT-042
13408,8963,Prakash Naidu,44,M,A2,
13409,8964,Nagaraj Setty,21,M,A1,
13410,8964,Shobha Rao,33,F,A2,
13411,8965,Radha Reddy,44,F,A1,REPEAT-055
13412,8966,Shobha Gowda,33,F,A1,
13413,8966,Deepa Achar,43,F,A2,
13414,8967,Ramesh Kumar,47,M,A1,
13415,8967,Ramesh Murthy,23,M,A2,
13416,8967,Pooja Shetty,51,F,A3,
13417,8968,Shivaraj Patil,40,M,A1,REPEAT-006
13418,8968,Sowmya Setty,26,F,A2,
13419,8969,Yogesh Patil,45,M,A1,
13420,8969,Srinivas Naik,44,M,A2,
13421,8970,Priya Achar,26,F,A1,
13422,8971,Manjunath Patil,41,M,A1,
13423,8971,Prakash Reddy,24,M,A2,
13424,8972,Naveen Bhat,18,M,A1,
13425,8973,Ramesh Achar,48,M,A1,
13426,8974,Geeta Murthy,39,F,A1,
13427,8975,Yogesh Kumar,44,M,A1,REPEAT-050
13428,8976,Manjunath Patil,55,M,A1,
13429,8976,Raghu Kumar,32,M,A2,
13430,8977,Pooja Naik,44,F,A1,
13431,8978,Shivaraj Rao,54,M,A1,
13432,8978,Lakshmi Kumar,46,F,A2,
13433,8979,Manjunath Murthy,25,M,A1,REPEAT-025
13434,8979,Nagaraj Bhat,50,M,A2,
13435,8980,Mahesh Patil,38,M,A1,
13436,8980,Savitha Murthy,28,F,A2,
13437,8981,Roopa Hegde,20,F,A1,
13438,8982,Lakshmi Rao,42,F,A1,
13439,8983,Manjunath Gowda,45,M,A1,
13440,8983,Chaya Bhat,37,F,A2,
13441,8984,Chaya Kumar,53,F,A1,
13442,8985,Sunita Shetty,21,F,A1,
13443,8986,Naveen Murthy,43,M,A1,REPEAT-002
13444,8986,Pooja Murthy,48,F,A2,
13445,8987,Manjunath Bhat,33,M,A1,REPEAT-030
13446,8987,Vijay Patil,24,M,A2,
13447,8987,Naveen Setty,39,M,A3,
13448,8988,Raghu Naidu,51,M,A1,
13449,8988,Manjunath Poojary,52,M,A2,
13450,8989,Bhagya Poojary,22,F,A1,
13451,8990,Raghu Shetty,20,M,A1,
13452,8991,Raghu Patil,24,M,A1,
13453,8991,Sunita Kumar,43,F,A2,
13454,8992,Roopa Rao,29,F,A1,
13455,8992,Radha Gowda,46,F,A2,
13456,8992,Manjula Reddy,36,F,A3,
13457,8993,Sunita Bhat,55,F,A1,
13458,8994,Sowmya Reddy,20,F,A1,
13459,8995,Kumar Shetty,52,M,A1,
13460,8995,Ganesh Bhat,48,M,A2,
13461,8996,Ramesh Gowda,51,M,A1,
13462,8996,Vijay Gowda,53,M,A2,
13463,8997,Radha Bhat,30,F,A1,
13464,8997,Naveen Reddy,36,M,A2,
13465,8998,Mahesh Hegde,22,M,A1,
13466,8999,Nandini Reddy,24,F,A1,
13467,8999,Girish Hegde,29,M,A2,
13468,8999,Kumar Poojary,42,M,A3,
13469,9000,Naveen Reddy,41,M,A1,
13470,9000,Raghu Reddy,51,M,A2,
13471,9001,Mahesh Shetty,38,M,A1,REPEAT-022
13472,9002,Srinivas Kumar,35,M,A1,
13473,9002,Manjula Gowda,39,F,A2,
13474,9003,Shivaraj Shetty,22,M,A1,
13475,9004,Kumar Naidu,28,M,A1,
13476,9005,Kavya Naik,22,F,A1,
13477,9005,Chaya Setty,54,F,A2,
13478,9006,Savitha Rao,18,F,A1,
13479,9007,Girish Murthy,46,M,A1,
13480,9008,Geeta Iyer,54,F,A1,
13481,9008,Shobha Kumar,31,F,A2,
13482,9009,Mahesh Murthy,23,M,A1,REPEAT-033
13483,9010,Ganesh Gowda,20,M,A1,REPEAT-020
13484,9010,Suresh Rao,55,M,A2,
13485,9011,Naveen Murthy,43,M,A1,REPEAT-002
13486,9012,Vidya Setty,48,F,A1,
13487,9012,Naveen Naik,24,M,A2,
13488,9013,Radha Reddy,44,F,A1,REPEAT-055
13489,9014,Sunita Gowda,34,F,A1,
13490,9014,Basavaraj Gowda,50,M,A2,
13491,9015,Ravi Setty,38,M,A1,
13492,9015,Srinivas Setty,52,M,A2,
13493,9016,Vidya Bhat,27,F,A1,
13494,9017,Savitha Achar,19,F,A1,
13495,9018,Suresh Gowda,41,M,A1,
13496,9018,Manjunath Patil,31,M,A2,
13497,9019,Vijay Murthy,43,M,A1,
13498,9020,Bhagya Hegde,45,F,A1,
13499,9020,Kumar Naik,20,M,A2,
13500,9021,Nagaraj Naidu,26,M,A1,
13501,9022,Basavaraj Achar,49,M,A1,
13502,9023,Prakash Kumar,21,M,A1,
13503,9023,Ramesh Setty,26,M,A2,
13504,9024,Naveen Rao,23,M,A1,
13505,9025,Vidya Patil,46,F,A1,
13506,9025,Radha Patil,49,F,A2,
13507,9026,Roopa Murthy,45,F,A1,
13508,9027,Manjunath Bhat,46,M,A1,
13509,9028,Manjunath Bhat,32,M,A1,REPEAT-030
13510,9029,Girish Gowda,46,M,A1,
13511,9030,Pooja Patil,25,F,A1,
13512,9031,Shobha Shetty,32,F,A1,REPEAT-017
13513,9032,Savitha Poojary,40,F,A1,
13514,9033,Pooja Hegde,22,F,A1,
13515,9034,Nandini Kumar,21,F,A1,
13516,9035,Ganesh Poojary,35,M,A1,
13517,9035,Naveen Poojary,26,M,A2,
13518,9036,Vijay Naik,32,M,A1,
13519,9036,Harish Setty,29,M,A2,
13520,9037,Mahesh Murthy,34,M,A1,
13521,9037,Basavaraj Bhat,43,M,A2,
13522,9037,Deepa Reddy,24,F,A3,
13523,9038,Nagaraj Gowda,18,M,A1,
13524,9039,Harish Reddy,44,M,A1,REPEAT-056
13525,9040,Kavya Naidu,29,F,A1,
13526,9041,Yogesh Poojary,35,M,A1,
13527,9042,Sunita Setty,23,F,A1,
13528,9043,Kumar Patil,35,M,A1,
13529,9044,Lakshmi Gowda,38,F,A1,
13530,9045,Manjula Gowda,28,F,A1,
13531,9046,Manjunath Murthy,26,M,A1,REPEAT-025
13532,9046,Vijay Shetty,26,M,A2,
13533,9047,Naveen Murthy,43,M,A1,REPEAT-002
13534,9047,Mahesh Murthy,25,M,A2,
13535,9047,Yogesh Naidu,26,M,A3,
13536,9048,Sunita Murthy,30,F,A1,
13537,9049,Mahesh Iyer,32,M,A1,
13538,9049,Kumar Achar,36,M,A2,
13539,9049,Shobha Naidu,50,F,A3,
13540,9050,Mahesh Patil,41,M,A1,
13541,9050,Basavaraj Achar,50,M,A2,
13542,9050,Harish Naidu,28,M,A3,
13543,9051,Suresh Achar,29,M,A1,
13544,9052,Ramesh Poojary,46,M,A1,
13545,9053,Shivaraj Achar,38,M,A1,
13546,9054,Yogesh Bhat,18,M,A1,
13547,9054,Naveen Hegde,26,M,A2,
13548,9055,Geeta Murthy,33,F,A1,
13549,9055,Anil Poojary,25,M,A2,
13550,9056,Radha Reddy,44,F,A1,REPEAT-055
13551,9057,Anil Gowda,30,M,A1,
13552,9057,Girish Rao,23,M,A2,
13553,9057,Priya Rao,26,F,A3,
13554,9058,Shivaraj Kumar,41,M,A1,
13555,9059,Anil Poojary,21,M,A1,
13556,9059,Naveen Gowda,23,M,A2,
13557,9059,Nagaraj Naidu,29,M,A3,
13558,9060,Deepa Rao,22,F,A1,
13559,9061,Raghu Shetty,44,M,A1,
13560,9062,Anita Hegde,55,F,A1,
13561,9063,Lakshmi Patil,26,F,A1,
13562,9063,Lakshmi Bhat,45,F,A2,
13563,9063,Sunita Setty,49,F,A3,
13564,9064,Savitha Hegde,53,F,A1,
13565,9064,Srinivas Bhat,50,M,A2,
13566,9064,Anil Reddy,23,M,A3,
13567,9065,Suresh Naik,38,M,A1,REPEAT-042
13568,9066,Vidya Achar,32,F,A1,
13569,9067,Manjunath Bhat,33,M,A1,REPEAT-030
13570,9068,Ravi Naidu,39,M,A1,
13571,9068,Suresh Naidu,55,M,A2,
13572,9069,Kumar Rao,40,M,A1,
13573,9070,Suresh Iyer,55,M,A1,
13574,9070,Sowmya Shetty,39,F,A2,
13575,9070,Sowmya Hegde,34,F,A3,
13576,9071,Pooja Setty,38,F,A1,
13577,9072,Manjunath Naidu,23,M,A1,
13578,9073,Suresh Poojary,28,M,A1,
13579,9074,Manjunath Bhat,33,M,A1,REPEAT-030
13580,9074,Vijay Kumar,31,M,A2,
13581,9075,Priya Bhat,30,F,A1,
13582,9076,Ganesh Reddy,53,M,A1,
13583,9077,Ganesh Poojary,36,M,A1,
13584,9078,Manjunath Shetty,25,M,A1,
13585,9078,Raghu Gowda,53,M,A2,
13586,9079,Kavya Gowda,32,F,A1,
13587,9080,Mahesh Rao,48,M,A1,
13588,9081,Shobha Naik,29,F,A1,
13589,9081,Prakash Poojary,40,M,A2,
13590,9082,Harish Naidu,36,M,A1,REPEAT-015
13591,9082,Basavaraj Naik,25,M,A2,
13592,9083,Manjunath Iyer,21,M,A1,
13593,9084,Manjunath Murthy,25,M,A1,REPEAT-025
13594,9085,Naveen Shetty,37,M,A1,
13595,9086,Shobha Murthy,37,F,A1,
13596,9086,Nagaraj Naidu,26,M,A2,
13597,9086,Srinivas Patil,36,M,A3,
13598,9087,Shivaraj Kumar,30,M,A1,REPEAT-024
13599,9087,Mahesh Naidu,46,M,A2,
13600,9087,Vidya Setty,21,F,A3,
13601,9088,Kavya Shetty,33,F,A1,
13602,9089,Kumar Iyer,24,M,A1,
13603,9090,Raghu Murthy,21,M,A1,
13604,9091,Radha Reddy,44,F,A1,REPEAT-055
13605,9092,Girish Murthy,51,M,A1,
13606,9093,Sunita Shetty,26,F,A1,
13607,9094,Ravi Setty,52,M,A1,
13608,9095,Raghu Murthy,38,M,A1,
13609,9096,Prakash Bhat,52,M,A1,
13610,9096,Roopa Bhat,26,F,A2,
13611,9096,Ganesh Patil,33,M,A3,
13612,9097,Ramesh Shetty,32,M,A1,
13613,9098,Naveen Murthy,44,M,A1,REPEAT-002
13614,9098,Savitha Patil,40,F,A2,
13615,9098,Raghu Setty,26,M,A3,
13616,9099,Suresh Naidu,49,M,A1,
13617,9100,Savitha Achar,38,F,A1,
13618,9100,Manjunath Naidu,19,M,A2,
13619,9100,Mahesh Iyer,21,M,A3,
13620,9101,Sowmya Shetty,35,F,A1,
13621,9102,Ramesh Setty,44,M,A1,
13622,9102,Manjunath Naik,18,M,A2,
13623,9103,Rekha Kumar,21,F,A1,
13624,9103,Kumar Reddy,24,M,A2,
13625,9104,Srinivas Achar,45,M,A1,
13626,9105,Mahesh Iyer,51,M,A1,
13627,9106,Suresh Naik,37,M,A1,
13628,9107,Mahesh Murthy,23,M,A1,REPEAT-033
13629,9107,Yogesh Achar,45,M,A2,
13630,9108,Manjula Hegde,38,F,A1,
13631,9109,Geeta Naidu,26,F,A1,
13632,9110,Harish Patil,39,M,A1,REPEAT-053
13633,9111,Nandini Naik,55,F,A1,
13634,9112,Shobha Kumar,40,F,A1,
13635,9112,Lakshmi Setty,55,F,A2,
13636,9112,Harish Iyer,40,M,A3,
13637,9113,Yogesh Naik,25,M,A1,
13638,9114,Lakshmi Poojary,23,F,A1,
13639,9115,Ravi Kumar,23,M,A1,
13640,9115,Pooja Patil,40,F,A2,
13641,9116,Vidya Shetty,31,F,A1,
13642,9116,Anil Poojary,32,M,A2,
13643,9117,Anita Naik,35,F,A1,
13644,9117,Suresh Achar,32,M,A2,
13645,9118,Pooja Poojary,40,F,A1,
13646,9118,Chaya Bhat,33,F,A2,
13647,9119,Ganesh Naik,41,M,A1,
13648,9120,Ramesh Poojary,41,M,A1,
13649,9120,Deepa Shetty,51,F,A2,
13650,9121,Ramesh Murthy,29,M,A1,
13651,9121,Lakshmi Gowda,52,F,A2,
13652,9122,Kumar Iyer,42,M,A1,
13653,9122,Vijay Setty,18,M,A2,
13654,9123,Shivaraj Patil,41,M,A1,REPEAT-006
13655,9123,Girish Bhat,33,M,A2,
13656,9124,Deepa Setty,28,F,A1,
13657,9124,Mahesh Rao,41,M,A2,
13658,9125,Basavaraj Bhat,55,M,A1,
13659,9126,Raghu Hegde,29,M,A1,
13660,9127,Ramesh Poojary,34,M,A1,
13661,9128,Anil Bhat,42,M,A1,REPEAT-054
13662,9128,Santosh Gowda,34,M,A2,
13663,9129,Yogesh Kumar,44,M,A1,REPEAT-050
13664,9129,Harish Reddy,41,M,A2,
13665,9130,Manjunath Bhat,32,M,A1,REPEAT-030
13666,9130,Raghu Rao,18,M,A2,
13667,9131,Kavya Reddy,22,F,A1,
13668,9131,Ravi Bhat,19,M,A2,
13669,9131,Suresh Murthy,24,M,A3,
13670,9132,Nagaraj Hegde,25,M,A1,
13671,9132,Kumar Naik,21,M,A2,
13672,9133,Harish Gowda,55,M,A1,
13673,9133,Ramesh Gowda,43,M,A2,
13674,9134,Kavya Bhat,23,F,A1,
13675,9135,Naveen Murthy,43,M,A1,REPEAT-002
13676,9136,Basavaraj Murthy,53,M,A1,
13677,9136,Shivaraj Rao,41,M,A2,
13678,9137,Kumar Reddy,44,M,A1,
13679,9138,Ravi Rao,45,M,A1,
13680,9138,Mahesh Hegde,19,M,A2,
13681,9138,Shivaraj Kumar,51,M,A3,
13682,9139,Shivaraj Kumar,29,M,A1,REPEAT-024
13683,9139,Nagaraj Naik,36,M,A2,
13684,9140,Manjunath Achar,19,M,A1,
13685,9141,Mahesh Poojary,49,M,A1,
13686,9142,Basavaraj Bhat,39,M,A1,
13687,9143,Manjunath Iyer,35,M,A1,
13688,9144,Harish Hegde,44,M,A1,
13689,9144,Naveen Patil,34,M,A2,
13690,9144,Prakash Gowda,31,M,A3,
13691,9145,Mahesh Naidu,41,M,A1,
13692,9145,Geeta Poojary,22,F,A2,
13693,9146,Santosh Patil,41,M,A1,
13694,9147,Anil Reddy,53,M,A1,
13695,9148,Mahesh Murthy,23,M,A1,REPEAT-033
13696,9148,Deepa Shetty,51,F,A2,
13697,9149,Yogesh Patil,34,M,A1,
13698,9149,Ramesh Murthy,42,M,A2,
13699,9150,Harish Naidu,51,M,A1,
13700,9150,Anita Naik,30,F,A2,
13701,9150,Manjunath Gowda,35,M,A3,
13702,9151,Raghu Poojary,49,M,A1,
13703,9151,Radha Reddy,29,F,A2,
13704,9152,Shwetha Achar,44,F,A1,
13705,9153,Mahesh Shetty,38,M,A1,REPEAT-022
13706,9153,Mahesh Patil,52,M,A2,
13707,9154,Anil Bhat,34,M,A1,REPEAT-005
13708,9155,Mahesh Shetty,37,M,A1,REPEAT-022
13709,9156,Mahesh Shetty,25,M,A1,
13710,9157,Nagaraj Achar,50,M,A1,
13711,9157,Naveen Bhat,50,M,A2,
13712,9158,Anita Hegde,21,F,A1,
13713,9159,Girish Bhat,34,M,A1,
13714,9159,Sowmya Poojary,46,F,A2,
13715,9159,Shivaraj Setty,48,M,A3,
13716,9160,Basavaraj Hegde,22,M,A1,
13717,9161,Manjunath Naik,43,M,A1,
13718,9161,Suresh Naik,28,M,A2,
13719,9161,Savitha Achar,45,F,A3,
13720,9162,Suresh Iyer,41,M,A1,
13721,9162,Santosh Murthy,30,M,A2,
13722,9163,Manjunath Murthy,25,M,A1,REPEAT-025
13723,9164,Vijay Murthy,55,M,A1,
13724,9164,Girish Setty,50,M,A2,
13725,9165,Ganesh Shetty,40,M,A1,REPEAT-029
13726,9165,Ravi Achar,39,M,A2,
13727,9166,Ravi Setty,18,M,A1,
13728,9166,Deepa Bhat,24,F,A2,
13729,9166,Anil Achar,22,M,A3,
13730,9167,Geeta Murthy,23,F,A1,
13731,9167,Santosh Reddy,54,M,A2,
13732,9168,Santosh Gowda,42,M,A1,
13733,9169,Anita Rao,45,F,A1,
13734,9170,Yogesh Kumar,45,M,A1,REPEAT-050
13735,9171,Sowmya Poojary,24,F,A1,
13736,9172,Manjunath Poojary,55,M,A1,
13737,9172,Manjula Iyer,24,F,A2,
13738,9173,Ravi Iyer,40,M,A1,
13739,9173,Basavaraj Patil,22,M,A2,
13740,9174,Anita Murthy,37,F,A1,
13741,9175,Chaya Poojary,24,F,A1,
13742,9175,Srinivas Naik,35,M,A2,
13743,9175,Rekha Iyer,34,F,A3,
13744,9176,Kumar Iyer,46,M,A1,
13745,9177,Mahesh Shetty,37,M,A1,REPEAT-022
13746,9178,Manjunath Bhat,32,M,A1,REPEAT-030
13747,9178,Anil Naidu,41,M,A2,
13748,9179,Suresh Bhat,19,M,A1,
13749,9180,Savitha Gowda,40,F,A1,
13750,9180,Nagaraj Shetty,49,M,A2,
13751,9181,Anita Poojary,18,F,A1,
13752,9182,Radha Reddy,44,F,A1,REPEAT-055
13753,9182,Prakash Hegde,44,M,A2,
13754,9183,Suresh Gowda,29,M,A1,
13755,9184,Yogesh Naidu,24,M,A1,REPEAT-001
13756,9184,Harish Kumar,20,M,A2,
13757,9184,Deepa Iyer,23,F,A3,
13758,9185,Pooja Patil,38,F,A1,
13759,9186,Manjunath Rao,27,M,A1,
13760,9187,Srinivas Reddy,25,M,A1,
13761,9187,Harish Bhat,39,M,A2,
13762,9188,Vidya Murthy,23,F,A1,
13763,9188,Shwetha Murthy,27,F,A2,
13764,9189,Savitha Setty,40,F,A1,
13765,9189,Ravi Patil,37,M,A2,
13766,9189,Raghu Setty,55,M,A3,
13767,9190,Nandini Patil,35,F,A1,
13768,9190,Harish Achar,54,M,A2,
13769,9190,Girish Gowda,30,M,A3,
13770,9191,Mahesh Shetty,37,M,A1,REPEAT-022
13771,9192,Rekha Kumar,48,F,A1,
13772,9192,Pooja Gowda,42,F,A2,
13773,9193,Prakash Rao,23,M,A1,
13774,9193,Ganesh Shetty,28,M,A2,
13775,9194,Shivaraj Murthy,40,M,A1,
13776,9195,Shivaraj Murthy,48,M,A1,
13777,9196,Nandini Reddy,29,F,A1,
13778,9197,Chaya Poojary,23,F,A1,
13779,9197,Bhagya Gowda,31,F,A2,
13780,9198,Srinivas Naidu,37,M,A1,REPEAT-049
13781,9199,Raghu Bhat,26,M,A1,
13782,9200,Vijay Shetty,21,M,A1,
13783,9201,Ganesh Rao,20,M,A1,
13784,9202,Anil Poojary,54,M,A1,
13785,9203,Bhagya Setty,33,F,A1,
13786,9204,Priya Hegde,38,F,A1,
13787,9205,Nagaraj Bhat,39,M,A1,
13788,9206,Mahesh Murthy,24,M,A1,REPEAT-033
13789,9206,Shivaraj Shetty,19,M,A2,
13790,9207,Shivaraj Shetty,39,M,A1,
13791,9208,Vidya Poojary,52,F,A1,
13792,9209,Vidya Rao,44,F,A1,
13793,9210,Naveen Murthy,43,M,A1,REPEAT-002
13794,9211,Ramesh Naik,41,M,A1,
13795,9211,Manjunath Patil,47,M,A2,
13796,9212,Geeta Setty,47,F,A1,
13797,9212,Manjula Naidu,42,F,A2,
13798,9213,Ganesh Achar,22,M,A1,
13799,9213,Nandini Achar,27,F,A2,
13800,9214,Srinivas Hegde,31,M,A1,REPEAT-046
13801,9214,Priya Murthy,28,F,A2,
13802,9215,Girish Hegde,41,M,A1,
13803,9215,Santosh Iyer,45,M,A2,
13804,9216,Yogesh Kumar,22,M,A1,
13805,9217,Srinivas Murthy,54,M,A1,
13806,9218,Vidya Naidu,23,F,A1,
13807,9218,Girish Poojary,49,M,A2,
13808,9218,Ravi Kumar,41,M,A3,
13809,9219,Savitha Gowda,28,F,A1,
13810,9219,Manjunath Patil,41,M,A2,
13811,9219,Basavaraj Patil,47,M,A3,
13812,9220,Kumar Rao,44,M,A1,
13813,9221,Chaya Achar,49,F,A1,
13814,9221,Sunita Naik,52,F,A2,
13815,9222,Ramesh Patil,53,M,A1,
13816,9223,Anil Bhat,35,M,A1,REPEAT-005
13817,9224,Vidya Iyer,51,F,A1,
13818,9224,Shivaraj Hegde,39,M,A2,
13819,9224,Harish Kumar,28,M,A3,
13820,9225,Prakash Patil,30,M,A1,
13821,9226,Raghu Naidu,20,M,A1,
13822,9227,Girish Patil,42,M,A1,
13823,9227,Mahesh Setty,35,M,A2,
13824,9227,Prakash Naik,18,M,A3,
13825,9228,Srinivas Hegde,37,M,A1,
13826,9228,Vijay Rao,35,M,A2,
13827,9229,Nagaraj Setty,46,M,A1,REPEAT-003
13828,9230,Anita Iyer,19,F,A1,
13829,9231,Shwetha Gowda,30,F,A1,
13830,9231,Suresh Kumar,34,M,A2,
13831,9232,Harish Naidu,36,M,A1,REPEAT-015
13832,9232,Kumar Setty,23,M,A2,
13833,9232,Deepa Naik,41,F,A3,
13834,9233,Prakash Shetty,54,M,A1,
13835,9233,Manjunath Iyer,47,M,A2,
13836,9234,Suresh Naik,38,M,A1,REPEAT-042
13837,9234,Shivaraj Rao,48,M,A2,
13838,9234,Vidya Poojary,44,F,A3,
13839,9235,Shivaraj Kumar,30,M,A1,REPEAT-024
13840,9235,Vidya Achar,48,F,A2,
13841,9235,Nagaraj Murthy,30,M,A3,
13842,9236,Ramesh Gowda,25,M,A1,
13843,9236,Raghu Murthy,37,M,A2,
13844,9237,Kumar Rao,19,M,A1,
13845,9238,Ganesh Naik,37,M,A1,
13846,9239,Ravi Setty,38,M,A1,
13847,9239,Sunita Kumar,23,F,A2,
13848,9240,Nagaraj Murthy,29,M,A1,
13849,9241,Shobha Shetty,32,F,A1,REPEAT-017
13850,9242,Girish Murthy,34,M,A1,
13851,9243,Radha Murthy,54,F,A1,
13852,9243,Anil Bhat,52,M,A2,
13853,9244,Yogesh Setty,23,M,A1,
13854,9245,Ravi Rao,41,M,A1,
13855,9245,Rekha Reddy,25,F,A2,
13856,9245,Ganesh Achar,49,M,A3,
13857,9246,Priya Hegde,20,F,A1,
13858,9247,Shwetha Achar,50,F,A1,
13859,9248,Sunita Gowda,18,F,A1,
13860,9249,Ravi Poojary,50,M,A1,
13861,9249,Chaya Shetty,23,F,A2,
13862,9250,Yogesh Naidu,24,M,A1,REPEAT-001
13863,9250,Vijay Rao,29,M,A2,
13864,9251,Raghu Naidu,28,M,A1,
13865,9251,Naveen Murthy,40,M,A2,
13866,9252,Girish Kumar,39,M,A1,
13867,9253,Basavaraj Reddy,26,M,A1,
13868,9254,Kumar Murthy,22,M,A1,
13869,9255,Harish Hegde,48,M,A1,
13870,9256,Manjunath Iyer,39,M,A1,
13871,9257,Anil Naidu,25,M,A1,
13872,9258,Basavaraj Shetty,18,M,A1,
13873,9259,Nagaraj Naidu,37,M,A1,REPEAT-035
13874,9260,Harish Rao,44,M,A1,
13875,9261,Roopa Bhat,45,F,A1,
13876,9261,Srinivas Reddy,23,M,A2,
13877,9262,Suresh Kumar,22,M,A1,
13878,9262,Vijay Iyer,25,M,A2,
13879,9263,Rekha Naidu,38,F,A1,
13880,9263,Roopa Shetty,19,F,A2,
13881,9264,Srinivas Kumar,40,M,A1,
13882,9265,Shobha Setty,27,F,A1,
13883,9266,Anita Bhat,31,F,A1,
13884,9266,Nagaraj Shetty,27,M,A2,
13885,9267,Ramesh Murthy,45,M,A1,
13886,9268,Santosh Kumar,55,M,A1,
13887,9268,Savitha Rao,36,F,A2,
13888,9268,Manjunath Murthy,31,M,A3,
13889,9269,Suresh Naik,38,M,A1,REPEAT-042
13890,9270,Bhagya Naik,44,F,A1,
13891,9270,Savitha Achar,52,F,A2,
13892,9270,Naveen Gowda,49,M,A3,
13893,9271,Nagaraj Setty,45,M,A1,REPEAT-003
13894,9272,Mahesh Iyer,41,M,A1,
13895,9272,Srinivas Achar,28,M,A2,
13896,9273,Lakshmi Murthy,44,F,A1,REPEAT-044
13897,9274,Prakash Rao,55,M,A1,
13898,9274,Lakshmi Achar,42,F,A2,
13899,9274,Yogesh Iyer,31,M,A3,
13900,9275,Savitha Reddy,18,F,A1,
13901,9276,Shobha Bhat,25,F,A1,
13902,9277,Suresh Setty,23,M,A1,
13903,9277,Rekha Bhat,41,F,A2,
13904,9278,Ravi Iyer,29,M,A1,
13905,9279,Harish Naidu,36,M,A1,REPEAT-015
13906,9280,Ramesh Hegde,30,M,A1,
13907,9281,Harish Iyer,22,M,A1,
13908,9282,Suresh Hegde,45,M,A1,
13909,9282,Anil Achar,40,M,A2,
13910,9283,Shwetha Poojary,21,F,A1,
13911,9283,Basavaraj Poojary,19,M,A2,
13912,9284,Suresh Poojary,51,M,A1,
13913,9285,Srinivas Hegde,31,M,A1,REPEAT-046
13914,9286,Manjula Hegde,44,F,A1,
13915,9287,Sunita Naidu,49,F,A1,
13916,9288,Vidya Gowda,52,F,A1,
13917,9289,Radha Murthy,38,F,A1,
13918,9290,Kumar Shetty,41,M,A1,
13919,9291,Srinivas Achar,39,M,A1,
13920,9292,Naveen Shetty,54,M,A1,
13921,9292,Priya Murthy,40,F,A2,
13922,9293,Girish Achar,27,M,A1,
13923,9294,Srinivas Naidu,37,M,A1,REPEAT-049
13924,9294,Savitha Bhat,52,F,A2,
13925,9295,Manjula Gowda,42,F,A1,
13926,9296,Rekha Rao,50,F,A1,
13927,9297,Shivaraj Kumar,29,M,A1,REPEAT-024
13928,9298,Kavya Naik,50,F,A1,
13929,9298,Yogesh Patil,26,M,A2,
13930,9299,Ganesh Hegde,37,M,A1,REPEAT-060
13931,9300,Nagaraj Murthy,21,M,A1,
13932,9301,Radha Reddy,45,F,A1,REPEAT-055
13933,9301,Anil Iyer,21,M,A2,
13934,9302,Srinivas Naidu,37,M,A1,REPEAT-049
13935,9303,Manjunath Murthy,25,M,A1,REPEAT-025
13936,9304,Geeta Setty,27,F,A1,
13937,9304,Priya Poojary,29,F,A2,
13938,9305,Rekha Shetty,55,F,A1,
13939,9306,Harish Achar,45,M,A1,REPEAT-057
13940,9307,Mahesh Murthy,23,M,A1,
13941,9307,Roopa Setty,54,F,A2,
13942,9307,Anita Poojary,44,F,A3,
13943,9308,Geeta Shetty,33,F,A1,
13944,9308,Mahesh Hegde,34,M,A2,
13945,9309,Savitha Naik,23,F,A1,
13946,9310,Girish Bhat,32,M,A1,
13947,9311,Anil Rao,19,M,A1,
13948,9311,Suresh Kumar,40,M,A2,
13949,9311,Raghu Reddy,41,M,A3,
13950,9312,Yogesh Gowda,49,M,A1,
13951,9313,Raghu Reddy,26,M,A1,
13952,9313,Shwetha Kumar,54,F,A2,
13953,9314,Shwetha Patil,51,F,A1,
13954,9315,Santosh Rao,40,M,A1,REPEAT-027
13955,9315,Ganesh Rao,25,M,A2,
13956,9316,Radha Naik,32,F,A1,
13957,9316,Anil Setty,45,M,A2,
13958,9317,Nandini Bhat,32,F,A1,
13959,9317,Yogesh Kumar,45,M,A2,
13960,9318,Yogesh Kumar,44,M,A1,REPEAT-050
13961,9318,Ravi Patil,38,M,A2,
13962,9319,Vidya Murthy,42,F,A1,
13963,9319,Manjula Patil,22,F,A2,
13964,9320,Anil Gowda,20,M,A1,REPEAT-052
13965,9321,Girish Shetty,49,M,A1,
13966,9321,Nagaraj Bhat,37,M,A2,
13967,9322,Ravi Shetty,46,M,A1,
13968,9322,Manjunath Achar,19,M,A2,
13969,9323,Santosh Rao,27,M,A1,
13970,9323,Naveen Hegde,29,M,A2,
13971,9324,Girish Bhat,42,M,A1,
13972,9325,Shwetha Achar,41,F,A1,
13973,9326,Manjunath Murthy,25,M,A1,REPEAT-025
13974,9326,Raghu Shetty,51,M,A2,
13975,9326,Nagaraj Reddy,41,M,A3,
13976,9327,Raghu Gowda,49,M,A1,
13977,9327,Naveen Reddy,51,M,A2,
13978,9328,Naveen Murthy,43,M,A1,REPEAT-002
13979,9328,Ravi Poojary,51,M,A2,
13980,9329,Nagaraj Achar,22,M,A1,
13981,9329,Girish Reddy,45,M,A2,
13982,9329,Kavya Hegde,42,F,A3,
13983,9330,Nagaraj Naidu,54,M,A1,
13984,9330,Deepa Bhat,45,F,A2,
13985,9331,Girish Poojary,28,M,A1,
13986,9331,Shivaraj Achar,47,M,A2,
13987,9332,Nagaraj Rao,21,M,A1,
13988,9332,Ramesh Poojary,36,M,A2,
13989,9332,Harish Reddy,18,M,A3,
13990,9333,Shivaraj Poojary,45,M,A1,
13991,9334,Manjula Patil,23,F,A1,
13992,9335,Harish Naidu,37,M,A1,REPEAT-015
13993,9335,Srinivas Rao,38,M,A2,
13994,9336,Raghu Bhat,40,M,A1,
13995,9337,Ramesh Hegde,18,M,A1,
13996,9337,Ramesh Reddy,49,M,A2,
13997,9338,Vijay Rao,26,M,A1,
13998,9339,Mahesh Shetty,37,M,A1,REPEAT-022
13999,9339,Savitha Kumar,46,F,A2,
14000,9340,Nagaraj Murthy,35,M,A1,
14001,9340,Ramesh Achar,22,M,A2,
14002,9341,Shobha Achar,46,F,A1,
14003,9342,Harish Achar,45,M,A1,REPEAT-057
14004,9342,Raghu Bhat,31,M,A2,
14005,9343,Yogesh Patil,37,M,A1,
14006,9344,Mahesh Shetty,38,M,A1,REPEAT-022
14007,9345,Sowmya Achar,37,F,A1,
14008,9346,Srinivas Naidu,25,M,A1,
14009,9346,Raghu Murthy,28,M,A2,
14010,9347,Naveen Achar,52,M,A1,
14011,9347,Basavaraj Gowda,38,M,A2,
14012,9348,Prakash Achar,28,M,A1,
14013,9348,Shwetha Iyer,39,F,A2,
14014,9349,Shwetha Kumar,21,F,A1,
14015,9350,Ravi Kumar,26,M,A1,
14016,9351,Mahesh Shetty,37,M,A1,REPEAT-022
14017,9352,Geeta Reddy,43,F,A1,
14018,9352,Shwetha Kumar,45,F,A2,
14019,9353,Santosh Kumar,33,M,A1,
14020,9353,Anita Iyer,43,F,A2,
14021,9354,Nandini Bhat,34,F,A1,
14022,9354,Lakshmi Gowda,39,F,A2,
14023,9355,Basavaraj Shetty,40,M,A1,REPEAT-023
14024,9356,Shobha Shetty,32,F,A1,REPEAT-017
14025,9356,Vijay Setty,47,M,A2,
14026,9356,Chaya Rao,41,F,A3,
14027,9357,Yogesh Rao,42,M,A1,
14028,9358,Ganesh Patil,24,M,A1,
14029,9358,Srinivas Hegde,22,M,A2,
14030,9359,Sowmya Kumar,45,F,A1,
14031,9360,Raghu Naik,55,M,A1,
14032,9361,Kumar Gowda,34,M,A1,
14033,9362,Raghu Rao,37,M,A1,
14034,9363,Srinivas Naidu,38,M,A1,REPEAT-049
14035,9363,Anil Kumar,52,M,A2,
14036,9363,Kavya Iyer,20,F,A3,
14037,9364,Bhagya Hegde,39,F,A1,
14038,9365,Shivaraj Bhat,51,M,A1,
14039,9366,Srinivas Naidu,37,M,A1,REPEAT-049
14040,9367,Sowmya Naik,37,F,A1,
14041,9368,Manjunath Poojary,34,M,A1,
14042,9369,Ravi Bhat,54,M,A1,
14043,9369,Mahesh Iyer,28,M,A2,
14044,9370,Santosh Naik,39,M,A1,
14045,9370,Harish Gowda,44,M,A2,
14046,9371,Basavaraj Kumar,30,M,A1,
14047,9372,Nagaraj Naidu,36,M,A1,REPEAT-035
14048,9373,Ravi Poojary,42,M,A1,
14049,9373,Vidya Shetty,25,F,A2,
14050,9374,Sowmya Shetty,20,F,A1,
14051,9374,Suresh Bhat,25,M,A2,
14052,9374,Nandini Patil,41,F,A3,
14053,9375,Deepa Rao,19,F,A1,
14054,9375,Vijay Iyer,29,M,A2,
14055,9376,Anita Setty,44,F,A1,
14056,9376,Girish Rao,21,M,A2,
14057,9377,Anil Naidu,52,M,A1,
14058,9378,Mahesh Shetty,37,M,A1,REPEAT-022
14059,9379,Shivaraj Kumar,43,M,A1,
14060,9380,Nandini Rao,26,F,A1,
14061,9381,Nandini Shetty,22,F,A1,REPEAT-011
14062,9381,Basavaraj Gowda,19,M,A2,
14063,9382,Kumar Poojary,50,M,A1,
14064,9382,Ravi Shetty,48,M,A2,
14065,9383,Ravi Bhat,53,M,A1,
14066,9383,Nagaraj Naik,41,M,A2,
14067,9383,Srinivas Naidu,53,M,A3,
14068,9384,Ganesh Reddy,50,M,A1,
14069,9385,Savitha Shetty,42,F,A1,
14070,9386,Lakshmi Murthy,44,F,A1,REPEAT-044
14071,9386,Kumar Shetty,42,M,A2,
14072,9387,Anil Bhat,42,M,A1,
14073,9387,Suresh Rao,47,M,A2,
14074,9388,Radha Rao,24,F,A1,
14075,9388,Lakshmi Naik,53,F,A2,
14076,9388,Basavaraj Patil,29,M,A3,
14077,9389,Anil Shetty,29,M,A1,
14078,9390,Mahesh Setty,52,M,A1,
14079,9391,Ramesh Poojary,54,M,A1,
14080,9392,Pooja Kumar,19,F,A1,
14081,9393,Manjunath Gowda,47,M,A1,
14082,9393,Raghu Patil,37,M,A2,
14083,9394,Manjula Murthy,47,F,A1,
14084,9394,Santosh Murthy,40,M,A2,
14085,9395,Raghu Achar,21,M,A1,
14086,9395,Ravi Setty,23,M,A2,
14087,9396,Nagaraj Rao,24,M,A1,REPEAT-026
14088,9396,Manjunath Naik,43,M,A2,
14089,9397,Srinivas Achar,26,M,A1,
14090,9397,Harish Setty,41,M,A2,
14091,9398,Prakash Hegde,51,M,A1,
14092,9399,Kumar Hegde,27,M,A1,REPEAT-040
14093,9400,Manjula Achar,48,F,A1,
14094,9401,Rekha Poojary,43,F,A1,
14095,9402,Ramesh Reddy,43,M,A1,
14096,9403,Harish Achar,28,M,A1,
14097,9404,Girish Patil,46,M,A1,
14098,9405,Ravi Naik,51,M,A1,
14099,9405,Ganesh Hegde,18,M,A2,
14100,9406,Naveen Naidu,43,M,A1,
14101,9407,Kumar Rao,50,M,A1,
14102,9408,Suresh Murthy,18,M,A1,
14103,9408,Basavaraj Patil,22,M,A2,
14104,9409,Shivaraj Naidu,42,M,A1,
14105,9410,Radha Reddy,44,F,A1,REPEAT-055
14106,9410,Nandini Murthy,28,F,A2,
14107,9411,Ganesh Gowda,21,M,A1,REPEAT-020
14108,9412,Prakash Reddy,55,M,A1,
14109,9413,Mahesh Shetty,37,M,A1,REPEAT-022
14110,9413,Nagaraj Shetty,37,M,A2,
14111,9413,Ravi Achar,42,M,A3,
14112,9414,Kumar Naidu,33,M,A1,
14113,9414,Lakshmi Poojary,35,F,A2,
14114,9415,Mahesh Shetty,37,M,A1,REPEAT-022
14115,9415,Yogesh Naidu,46,M,A2,
14116,9415,Priya Kumar,51,F,A3,
14117,9416,Suresh Setty,30,M,A1,REPEAT-034
14118,9417,Ramesh Iyer,30,M,A1,
14119,9418,Srinivas Achar,20,M,A1,
14120,9418,Ravi Bhat,28,M,A2,
14121,9419,Shwetha Bhat,44,F,A1,
14122,9419,Shivaraj Shetty,35,M,A2,
14123,9420,Bhagya Reddy,43,F,A1,
14124,9421,Kavya Rao,52,F,A1,
14125,9421,Srinivas Patil,39,M,A2,
14126,9422,Shivaraj Achar,49,M,A1,
14127,9423,Nagaraj Kumar,54,M,A1,
14128,9424,Harish Naik,19,M,A1,
14129,9425,Savitha Bhat,45,F,A1,
14130,9425,Harish Murthy,54,M,A2,
14131,9425,Vijay Bhat,22,M,A3,
14132,9426,Ganesh Shetty,40,M,A1,REPEAT-029
14133,9426,Girish Achar,22,M,A2,
14134,9427,Anil Achar,44,M,A1,
14135,9428,Basavaraj Poojary,50,M,A1,
14136,9429,Ganesh Gowda,21,M,A1,REPEAT-020
14137,9429,Harish Rao,27,M,A2,
14138,9429,Suresh Murthy,51,M,A3,
14139,9430,Prakash Shetty,54,M,A1,
14140,9431,Suresh Poojary,41,M,A1,
14141,9432,Kavya Achar,42,F,A1,
14142,9432,Manjunath Achar,20,M,A2,
14143,9433,Radha Gowda,40,F,A1,
14144,9434,Santosh Gowda,29,M,A1,
14145,9435,Naveen Murthy,43,M,A1,REPEAT-002
14146,9436,Nagaraj Iyer,49,M,A1,
14147,9437,Sowmya Reddy,18,F,A1,
14148,9438,Sunita Bhat,33,F,A1,
14149,9438,Shobha Setty,40,F,A2,
14150,9439,Lakshmi Kumar,48,F,A1,
14151,9439,Nagaraj Iyer,37,M,A2,
14152,9440,Ramesh Shetty,18,M,A1,
14153,9440,Sowmya Rao,21,F,A2,
14154,9440,Yogesh Poojary,37,M,A3,
14155,9441,Manjunath Murthy,25,M,A1,REPEAT-025
14156,9442,Santosh Poojary,38,M,A1,
14157,9442,Savitha Achar,36,F,A2,
14158,9443,Anil Bhat,41,M,A1,REPEAT-054
14159,9444,Anil Bhat,26,M,A1,
14160,9445,Srinivas Naidu,49,M,A1,
14161,9445,Manjula Reddy,45,F,A2,
14162,9445,Shivaraj Achar,54,M,A3,
14163,9446,Bhagya Bhat,41,F,A1,
14164,9446,Nagaraj Murthy,22,M,A2,
14165,9446,Chaya Gowda,18,F,A3,
14166,9447,Manjunath Naidu,45,M,A1,
14167,9447,Nagaraj Bhat,40,M,A2,
14168,9447,Suresh Shetty,24,M,A3,
14169,9448,Ganesh Setty,26,M,A1,
14170,9448,Harish Murthy,28,M,A2,
14171,9449,Manjula Gowda,49,F,A1,
14172,9450,Girish Hegde,20,M,A1,
14173,9451,Chaya Hegde,54,F,A1,
14174,9452,Suresh Naik,38,M,A1,REPEAT-042
14175,9452,Harish Rao,40,M,A2,
14176,9452,Vijay Hegde,34,M,A3,
14177,9453,Sowmya Setty,38,F,A1,
14178,9454,Anil Achar,36,M,A1,
14179,9454,Raghu Setty,55,M,A2,
14180,9455,Prakash Achar,25,M,A1,
14181,9455,Srinivas Murthy,49,M,A2,
14182,9456,Shivaraj Achar,20,M,A1,
14183,9456,Priya Reddy,41,F,A2,
14184,9456,Radha Bhat,29,F,A3,
14185,9457,Ravi Gowda,23,M,A1,
14186,9457,Rekha Achar,21,F,A2,
14187,9457,Raghu Reddy,23,M,A3,
14188,9458,Naveen Murthy,44,M,A1,REPEAT-002
14189,9458,Bhagya Bhat,34,F,A2,
14190,9459,Sunita Achar,26,F,A1,
14191,9460,Anita Gowda,49,F,A1,
14192,9460,Raghu Setty,34,M,A2,
14193,9461,Rekha Bhat,43,F,A1,REPEAT-047
14194,9462,Srinivas Murthy,35,M,A1,
14195,9463,Naveen Murthy,43,M,A1,REPEAT-002
14196,9464,Srinivas Hegde,21,M,A1,
14197,9464,Deepa Naidu,33,F,A2,
14198,9465,Girish Naik,27,M,A1,
14199,9465,Suresh Murthy,36,M,A2,
14200,9466,Mahesh Bhat,51,M,A1,
14201,9467,Anil Rao,19,M,A1,
14202,9468,Ramesh Poojary,53,M,A1,
14203,9468,Kumar Bhat,37,M,A2,
14204,9469,Shivaraj Bhat,47,M,A1,
14205,9469,Radha Setty,43,F,A2,
14206,9469,Raghu Kumar,45,M,A3,
14207,9470,Rekha Reddy,45,F,A1,
14208,9471,Basavaraj Hegde,41,M,A1,
14209,9472,Deepa Murthy,54,F,A1,
14210,9473,Nandini Kumar,43,F,A1,REPEAT-012
14211,9473,Suresh Naik,54,M,A2,
14212,9474,Deepa Iyer,38,F,A1,
14213,9474,Lakshmi Setty,37,F,A2,
14214,9475,Harish Patil,39,M,A1,REPEAT-053
14215,9475,Manjula Bhat,28,F,A2,
14216,9476,Kumar Murthy,47,M,A1,
14217,9477,Shivaraj Kumar,30,M,A1,REPEAT-024
14218,9477,Prakash Bhat,47,M,A2,
14219,9477,Anil Rao,22,M,A3,
14220,9478,Harish Hegde,54,M,A1,
14221,9479,Kumar Iyer,21,M,A1,
14222,9480,Suresh Rao,18,M,A1,
14223,9481,Mahesh Achar,49,M,A1,
14224,9481,Ganesh Iyer,45,M,A2,
14225,9481,Ganesh Naik,52,M,A3,
14226,9482,Priya Kumar,52,F,A1,
14227,9483,Naveen Reddy,26,M,A1,
14228,9484,Kavya Kumar,52,F,A1,
14229,9485,Roopa Iyer,54,F,A1,
14230,9485,Kavya Setty,41,F,A2,
14231,9486,Basavaraj Reddy,42,M,A1,REPEAT-031
14232,9487,Naveen Murthy,43,M,A1,REPEAT-002
14233,9487,Raghu Achar,27,M,A2,
14234,9488,Sunita Patil,38,F,A1,
14235,9489,Srinivas Naidu,38,M,A1,REPEAT-049
14236,9489,Lakshmi Patil,29,F,A2,
14237,9490,Kumar Rao,19,M,A1,
14238,9490,Geeta Gowda,34,F,A2,
14239,9491,Bhagya Patil,29,F,A1,
14240,9492,Rekha Kumar,28,F,A1,
14241,9493,Harish Setty,55,M,A1,
14242,9494,Deepa Rao,46,F,A1,
14243,9495,Anita Patil,24,F,A1,REPEAT-014
14244,9495,Nagaraj Gowda,52,M,A2,
14245,9496,Shivaraj Iyer,48,M,A1,
14246,9496,Mahesh Setty,39,M,A2,
14247,9497,Manjunath Murthy,20,M,A1,
14248,9498,Nandini Shetty,22,F,A1,REPEAT-011
14249,9498,Savitha Iyer,45,F,A2,
14250,9498,Anil Poojary,35,M,A3,
14251,9499,Deepa Gowda,51,F,A1,
14252,9500,Suresh Kumar,25,M,A1,
14253,9500,Harish Rao,37,M,A2,
14254,9501,Ganesh Reddy,40,M,A1,
14255,9502,Basavaraj Shetty,30,M,A1,
14256,9502,Bhagya Rao,45,F,A2,
14257,9502,Ganesh Rao,21,M,A3,
14258,9503,Vijay Naidu,23,M,A1,
14259,9504,Sowmya Gowda,41,F,A1,
14260,9505,Nandini Kumar,42,F,A1,REPEAT-012
14261,9506,Girish Patil,51,M,A1,
14262,9507,Sowmya Bhat,33,F,A1,
14263,9508,Nagaraj Naidu,36,M,A1,REPEAT-035
14264,9508,Nagaraj Achar,50,M,A2,
14265,9509,Shwetha Poojary,31,F,A1,
14266,9510,Nagaraj Shetty,43,M,A1,
14267,9511,Yogesh Rao,23,M,A1,
14268,9512,Girish Setty,50,M,A1,
14269,9513,Anita Kumar,48,F,A1,
14270,9513,Vijay Shetty,28,M,A2,
14271,9514,Srinivas Murthy,54,M,A1,
14272,9515,Suresh Shetty,40,M,A1,
14273,9515,Mahesh Gowda,26,M,A2,
14274,9515,Kumar Naik,27,M,A3,
14275,9516,Nagaraj Rao,38,M,A1,
14276,9516,Chaya Murthy,33,F,A2,
14277,9516,Basavaraj Setty,38,M,A3,
14278,9517,Vidya Hegde,40,F,A1,
14279,9518,Shobha Naidu,36,F,A1,
14280,9519,Sowmya Setty,36,F,A1,
14281,9520,Harish Kumar,26,M,A1,
14282,9521,Basavaraj Hegde,48,M,A1,
14283,9522,Harish Reddy,43,M,A1,
14284,9523,Basavaraj Kumar,29,M,A1,
14285,9524,Ramesh Murthy,35,M,A1,
14286,9524,Basavaraj Kumar,29,M,A2,
14287,9525,Srinivas Hegde,31,M,A1,REPEAT-046
14288,9526,Anil Bhat,41,M,A1,REPEAT-054
14289,9526,Harish Reddy,54,M,A2,
14290,9527,Shwetha Shetty,51,F,A1,
14291,9528,Suresh Iyer,41,M,A1,
14292,9529,Girish Kumar,50,M,A1,
14293,9529,Ganesh Patil,37,M,A2,
14294,9530,Vidya Murthy,52,F,A1,
14295,9530,Basavaraj Shetty,37,M,A2,
14296,9531,Vijay Naik,32,M,A1,
14297,9532,Srinivas Gowda,50,M,A1,
14298,9533,Sunita Naidu,39,F,A1,
14299,9534,Basavaraj Reddy,42,M,A1,REPEAT-031
14300,9534,Shivaraj Patil,48,M,A2,
14301,9535,Manjunath Murthy,26,M,A1,REPEAT-025
14302,9536,Mahesh Hegde,50,M,A1,
14303,9537,Naveen Murthy,25,M,A1,
14304,9537,Ravi Setty,28,M,A2,
14305,9537,Sowmya Poojary,53,F,A3,
14306,9538,Ravi Naik,42,M,A1,REPEAT-008
14307,9539,Mahesh Shetty,38,M,A1,REPEAT-022
14308,9540,Girish Hegde,24,M,A1,
14309,9541,Sunita Shetty,49,F,A1,
14310,9542,Prakash Poojary,55,M,A1,
14311,9543,Chaya Setty,26,F,A1,
14312,9543,Deepa Hegde,39,F,A2,
14313,9544,Basavaraj Poojary,54,M,A1,
14314,9545,Manjula Reddy,40,F,A1,
14315,9546,Lakshmi Murthy,44,F,A1,REPEAT-044
14316,9547,Shivaraj Setty,40,M,A1,
14317,9548,Anita Achar,38,F,A1,
14318,9549,Shivaraj Naidu,46,M,A1,
14319,9549,Nagaraj Naik,53,M,A2,
14320,9550,Kumar Naidu,39,M,A1,
14321,9551,Anil Bhat,41,M,A1,REPEAT-054
14322,9551,Vidya Naik,30,F,A2,
14323,9552,Ganesh Hegde,36,M,A1,REPEAT-060
14324,9552,Pooja Patil,18,F,A2,
14325,9553,Chaya Reddy,36,F,A1,
14326,9554,Sowmya Kumar,33,F,A1,
14327,9555,Raghu Shetty,18,M,A1,
14328,9555,Vijay Iyer,32,M,A2,
14329,9556,Anil Rao,23,M,A1,
14330,9557,Savitha Iyer,22,F,A1,
14331,9558,Lakshmi Shetty,26,F,A1,
14332,9559,Girish Patil,43,M,A1,
14333,9559,Anil Gowda,42,M,A2,
14334,9560,Shobha Poojary,41,F,A1,
14335,9561,Ravi Rao,44,M,A1,
14336,9561,Girish Naidu,38,M,A2,
14337,9562,Prakash Achar,42,M,A1,
14338,9562,Anil Poojary,22,M,A2,
14339,9563,Nagaraj Naidu,34,M,A1,
14340,9563,Chaya Iyer,29,F,A2,
14341,9564,Basavaraj Reddy,43,M,A1,REPEAT-031
14342,9565,Prakash Kumar,24,M,A1,
14343,9566,Harish Reddy,43,M,A1,
14344,9567,Yogesh Shetty,39,M,A1,
14345,9567,Sowmya Poojary,34,F,A2,
14346,9568,Lakshmi Murthy,45,F,A1,REPEAT-044
14347,9568,Shivaraj Poojary,21,M,A2,
14348,9568,Rekha Naik,53,F,A3,
14349,9569,Nagaraj Iyer,46,M,A1,
14350,9570,Ramesh Hegde,37,M,A1,
14351,9570,Shivaraj Patil,47,M,A2,
14352,9571,Nandini Hegde,42,F,A1,
14353,9572,Nandini Rao,39,F,A1,
14354,9572,Basavaraj Naidu,54,M,A2,
14355,9573,Girish Reddy,41,M,A1,
14356,9574,Naveen Murthy,43,M,A1,REPEAT-002
14357,9575,Nagaraj Poojary,36,M,A1,
14358,9575,Raghu Murthy,48,M,A2,
14359,9576,Shwetha Naidu,31,F,A1,
14360,9576,Ganesh Reddy,39,M,A2,
14361,9576,Vidya Achar,20,F,A3,
14362,9577,Bhagya Patil,25,F,A1,
14363,9578,Geeta Iyer,36,F,A1,
14364,9579,Yogesh Hegde,54,M,A1,
14365,9580,Nandini Naik,41,F,A1,
14366,9581,Basavaraj Kumar,20,M,A1,
14367,9582,Suresh Naidu,28,M,A1,
14368,9582,Mahesh Naik,30,M,A2,
14369,9583,Ravi Kumar,34,M,A1,
14370,9584,Manjunath Patil,44,M,A1,
14371,9584,Bhagya Naik,35,F,A2,
14372,9584,Girish Setty,55,M,A3,
14373,9585,Ramesh Gowda,48,M,A1,
14374,9586,Lakshmi Murthy,45,F,A1,REPEAT-044
14375,9587,Deepa Poojary,27,F,A1,
14376,9588,Priya Reddy,43,F,A1,
14377,9589,Deepa Gowda,22,F,A1,
14378,9590,Anita Kumar,34,F,A1,
14379,9590,Savitha Murthy,50,F,A2,
14380,9591,Savitha Hegde,46,F,A1,
14381,9591,Manjula Kumar,33,F,A2,
14382,9592,Manjunath Setty,43,M,A1,REPEAT-016
14383,9593,Mahesh Murthy,24,M,A1,REPEAT-033
14384,9593,Srinivas Bhat,26,M,A2,
14385,9593,Raghu Naidu,22,M,A3,
14386,9594,Harish Patil,18,M,A1,
14387,9595,Rekha Bhat,42,F,A1,REPEAT-047
14388,9596,Nagaraj Rao,25,M,A1,REPEAT-026
14389,9596,Prakash Poojary,21,M,A2,
14390,9597,Priya Murthy,24,F,A1,REPEAT-010
14391,9597,Srinivas Kumar,22,M,A2,
14392,9598,Raghu Rao,49,M,A1,
14393,9599,Raghu Hegde,32,M,A1,
14394,9599,Naveen Poojary,43,M,A2,
14395,9599,Savitha Murthy,37,F,A3,
14396,9600,Bhagya Naik,46,F,A1,
14397,9600,Ramesh Bhat,52,M,A2,
14398,9600,Prakash Patil,24,M,A3,
14399,9601,Srinivas Kumar,54,M,A1,
14400,9601,Basavaraj Shetty,52,M,A2,
14401,9602,Nagaraj Kumar,51,M,A1,
14402,9603,Lakshmi Murthy,44,F,A1,REPEAT-044
14403,9603,Kumar Patil,20,M,A2,
14404,9604,Suresh Murthy,30,M,A1,
14405,9605,Mahesh Shetty,38,M,A1,REPEAT-022
14406,9606,Sunita Poojary,45,F,A1,
14407,9607,Raghu Rao,44,M,A1,
14408,9608,Chaya Shetty,37,F,A1,
14409,9608,Deepa Naidu,26,F,A2,
14410,9609,Nagaraj Bhat,25,M,A1,
14411,9609,Deepa Gowda,46,F,A2,
14412,9610,Santosh Patil,54,M,A1,
14413,9611,Naveen Setty,24,M,A1,
14414,9612,Shivaraj Kumar,30,M,A1,REPEAT-024
14415,9613,Harish Kumar,51,M,A1,
14416,9613,Basavaraj Rao,20,M,A2,
14417,9614,Yogesh Naik,18,M,A1,
14418,9614,Naveen Gowda,27,M,A2,
14419,9615,Santosh Naidu,41,M,A1,
14420,9616,Prakash Reddy,30,M,A1,
14421,9617,Deepa Gowda,48,F,A1,
14422,9617,Savitha Hegde,19,F,A2,
14423,9618,Kumar Setty,41,M,A1,
14424,9619,Shivaraj Patil,40,M,A1,REPEAT-006
14425,9620,Naveen Shetty,50,M,A1,
14426,9620,Vidya Shetty,52,F,A2,
14427,9621,Savitha Reddy,30,F,A1,
14428,9621,Girish Naik,26,M,A2,
14429,9622,Savitha Reddy,52,F,A1,
14430,9623,Shivaraj Naik,24,M,A1,
14431,9623,Harish Iyer,37,M,A2,
14432,9624,Suresh Shetty,18,M,A1,
14433,9625,Kumar Hegde,27,M,A1,REPEAT-040
14434,9626,Radha Iyer,34,F,A1,
14435,9627,Basavaraj Naidu,39,M,A1,
14436,9628,Shivaraj Poojary,45,M,A1,
14437,9629,Srinivas Achar,33,M,A1,
14438,9630,Girish Achar,54,M,A1,
14439,9631,Kavya Gowda,48,F,A1,
14440,9632,Harish Naidu,36,M,A1,REPEAT-015
14441,9633,Yogesh Patil,48,M,A1,
14442,9633,Vijay Rao,43,M,A2,
14443,9633,Girish Naidu,51,M,A3,
14444,9634,Yogesh Reddy,45,M,A1,
14445,9634,Yogesh Kumar,37,M,A2,
14446,9635,Mahesh Naidu,28,M,A1,
14447,9636,Santosh Naik,25,M,A1,
14448,9636,Vidya Achar,23,F,A2,
14449,9637,Lakshmi Reddy,49,F,A1,
14450,9638,Shwetha Poojary,50,F,A1,
14451,9639,Shobha Murthy,29,F,A1,
14452,9640,Yogesh Naidu,24,M,A1,REPEAT-001
14453,9640,Manjunath Murthy,40,M,A2,
14454,9641,Suresh Rao,55,M,A1,
14455,9641,Priya Poojary,19,F,A2,
14456,9642,Basavaraj Poojary,24,M,A1,
14457,9643,Mahesh Naidu,45,M,A1,
14458,9644,Vijay Achar,53,M,A1,
14459,9645,Pooja Naidu,42,F,A1,
14460,9646,Lakshmi Murthy,44,F,A1,REPEAT-044
14461,9647,Harish Shetty,24,M,A1,
14462,9648,Mahesh Patil,18,M,A1,
14463,9649,Girish Reddy,46,M,A1,
14464,9650,Manjunath Rao,45,M,A1,
14465,9651,Shivaraj Patil,41,M,A1,REPEAT-006
14466,9652,Nagaraj Achar,28,M,A1,
14467,9653,Priya Iyer,26,F,A1,
14468,9653,Ramesh Naidu,33,M,A2,
14469,9653,Chaya Poojary,53,F,A3,
14470,9654,Kumar Naik,37,M,A1,
14471,9655,Ramesh Bhat,47,M,A1,
14472,9656,Manjunath Patil,47,M,A1,
14473,9656,Chaya Kumar,55,F,A2,
14474,9657,Shivaraj Patil,26,M,A1,
14475,9657,Geeta Naik,24,F,A2,
14476,9658,Ravi Setty,30,M,A1,
14477,9659,Anil Gowda,20,M,A1,REPEAT-052
14478,9660,Geeta Reddy,39,F,A1,
14479,9661,Shivaraj Murthy,19,M,A1,
14480,9661,Manjunath Setty,49,M,A2,
14481,9662,Roopa Gowda,24,F,A1,
14482,9663,Pooja Hegde,46,F,A1,
14483,9664,Srinivas Reddy,33,M,A1,
14484,9665,Mahesh Shetty,38,M,A1,REPEAT-022
14485,9666,Srinivas Naidu,38,M,A1,REPEAT-049
14486,9667,Nagaraj Shetty,31,M,A1,
14487,9668,Vidya Reddy,43,F,A1,
14488,9669,Deepa Bhat,45,F,A1,
14489,9669,Priya Patil,39,F,A2,
14490,9670,Basavaraj Reddy,42,M,A1,REPEAT-031
14491,9671,Santosh Murthy,42,M,A1,
14492,9671,Vijay Reddy,34,M,A2,
14493,9671,Vidya Reddy,39,F,A3,
14494,9672,Shwetha Naik,47,F,A1,
14495,9672,Shivaraj Gowda,39,M,A2,
14496,9672,Basavaraj Naik,47,M,A3,
14497,9673,Srinivas Achar,51,M,A1,
14498,9674,Harish Achar,45,M,A1,REPEAT-057
14499,9674,Vijay Murthy,45,M,A2,
14500,9675,Girish Reddy,48,M,A1,
14501,9676,Anita Naidu,45,F,A1,
14502,9677,Nagaraj Naik,28,M,A1,
14503,9678,Girish Naidu,19,M,A1,
14504,9678,Radha Naidu,54,F,A2,
14505,9679,Manjula Kumar,52,F,A1,
14506,9679,Nandini Naik,28,F,A2,
14507,9680,Naveen Gowda,20,M,A1,
14508,9681,Srinivas Naidu,37,M,A1,REPEAT-049
14509,9682,Kumar Naik,27,M,A1,
14510,9682,Shivaraj Naik,53,M,A2,
14511,9683,Girish Gowda,43,M,A1,
14512,9684,Radha Naik,49,F,A1,
14513,9685,Ramesh Patil,43,M,A1,
14514,9686,Prakash Setty,30,M,A1,
14515,9687,Ganesh Shetty,40,M,A1,REPEAT-029
14516,9687,Girish Hegde,38,M,A2,
14517,9688,Ganesh Kumar,39,M,A1,
14518,9689,Suresh Rao,51,M,A1,
14519,9689,Naveen Rao,42,M,A2,
14520,9690,Rekha Iyer,38,F,A1,
14521,9690,Manjunath Setty,44,M,A2,
14522,9690,Rekha Naidu,39,F,A3,
14523,9691,Santosh Achar,22,M,A1,
14524,9691,Mahesh Achar,32,M,A2,
14525,9692,Basavaraj Murthy,52,M,A1,
14526,9692,Yogesh Gowda,18,M,A2,
14527,9693,Manjunath Bhat,33,M,A1,REPEAT-030
14528,9693,Nandini Naidu,27,F,A2,
14529,9693,Ganesh Gowda,18,M,A3,
14530,9694,Mahesh Rao,41,M,A1,
14531,9694,Basavaraj Rao,21,M,A2,
14532,9695,Vidya Kumar,20,F,A1,
14533,9696,Shwetha Murthy,38,F,A1,
14534,9697,Mahesh Shetty,37,M,A1,REPEAT-022
14535,9698,Nagaraj Shetty,22,M,A1,
14536,9698,Ravi Achar,34,M,A2,
14537,9699,Harish Shetty,55,M,A1,
14538,9699,Manjunath Setty,26,M,A2,
14539,9700,Ravi Rao,38,M,A1,
14540,9701,Rekha Naik,38,F,A1,
14541,9702,Kumar Hegde,22,M,A1,
14542,9703,Lakshmi Hegde,28,F,A1,
14543,9703,Kumar Setty,51,M,A2,
14544,9704,Ramesh Kumar,20,M,A1,
14545,9704,Basavaraj Poojary,20,M,A2,
14546,9705,Kumar Reddy,21,M,A1,
14547,9705,Ramesh Naidu,39,M,A2,
14548,9706,Basavaraj Hegde,53,M,A1,
14549,9706,Shivaraj Hegde,34,M,A2,
14550,9707,Santosh Bhat,50,M,A1,
14551,9708,Anita Rao,28,F,A1,
14552,9709,Anil Patil,19,M,A1,
14553,9710,Anita Bhat,23,F,A1,
14554,9710,Vijay Setty,24,M,A2,
14555,9710,Chaya Setty,26,F,A3,
14556,9711,Ganesh Iyer,32,M,A1,
14557,9712,Anita Shetty,28,F,A1,REPEAT-019
14558,9713,Ravi Iyer,39,M,A1,
14559,9714,Basavaraj Poojary,20,M,A1,
14560,9715,Lakshmi Murthy,44,F,A1,REPEAT-044
14561,9716,Manjunath Hegde,25,M,A1,
14562,9717,Harish Naidu,36,M,A1,REPEAT-015
14563,9718,Suresh Kumar,21,M,A1,
14564,9719,Nandini Patil,22,F,A1,
14565,9720,Anita Shetty,47,F,A1,
14566,9720,Basavaraj Reddy,31,M,A2,
14567,9721,Girish Poojary,33,M,A1,
14568,9722,Anil Bhat,35,M,A1,REPEAT-005
14569,9722,Yogesh Rao,33,M,A2,
14570,9723,Nagaraj Setty,45,M,A1,REPEAT-003
14571,9724,Shivaraj Achar,22,M,A1,
14572,9725,Kumar Gowda,39,M,A1,
14573,9726,Ramesh Iyer,39,M,A1,
14574,9727,Manjunath Patil,23,M,A1,
14575,9728,Girish Reddy,23,M,A1,
14576,9728,Shwetha Patil,25,F,A2,
14577,9728,Kavya Shetty,29,F,A3,
14578,9729,Yogesh Kumar,44,M,A1,REPEAT-050
14579,9729,Chaya Murthy,34,F,A2,
14580,9730,Suresh Naik,39,M,A1,REPEAT-042
14581,9731,Shobha Naik,36,F,A1,
14582,9731,Vidya Achar,42,F,A2,
14583,9732,Girish Iyer,34,M,A1,
14584,9733,Bhagya Naik,39,F,A1,
14585,9734,Vijay Iyer,33,M,A1,
14586,9735,Raghu Naidu,39,M,A1,
14587,9736,Prakash Reddy,32,M,A1,
14588,9736,Girish Murthy,53,M,A2,
14589,9736,Sowmya Poojary,20,F,A3,
14590,9737,Naveen Murthy,43,M,A1,REPEAT-002
14591,9738,Mahesh Murthy,23,M,A1,REPEAT-033
14592,9738,Nagaraj Naik,44,M,A2,
14593,9738,Lakshmi Bhat,50,F,A3,
14594,9739,Manjunath Murthy,26,M,A1,REPEAT-025
14595,9740,Harish Poojary,45,M,A1,
14596,9741,Shivaraj Kumar,30,M,A1,REPEAT-024
14597,9742,Radha Kumar,50,F,A1,
14598,9742,Manjunath Achar,38,M,A2,
14599,9743,Lakshmi Murthy,44,F,A1,REPEAT-044
14600,9743,Nagaraj Bhat,35,M,A2,
14601,9744,Ramesh Iyer,25,M,A1,
14602,9744,Deepa Poojary,23,F,A2,
14603,9745,Manjula Kumar,34,F,A1,
14604,9746,Anil Kumar,37,M,A1,
14605,9747,Srinivas Naidu,28,M,A1,
14606,9748,Harish Gowda,41,M,A1,
14607,9749,Ganesh Gowda,52,M,A1,
14608,9749,Srinivas Achar,29,M,A2,
14609,9750,Sowmya Shetty,30,F,A1,
14610,9751,Vidya Achar,22,F,A1,
14611,9751,Girish Naik,35,M,A2,
14612,9752,Rekha Naik,26,F,A1,
14613,9752,Anita Iyer,40,F,A2,
14614,9753,Kumar Rao,44,M,A1,REPEAT-018
14615,9754,Suresh Naik,38,M,A1,REPEAT-042
14616,9754,Bhagya Iyer,20,F,A2,
14617,9755,Savitha Hegde,47,F,A1,
14618,9756,Mahesh Shetty,37,M,A1,REPEAT-022
14619,9756,Sowmya Reddy,35,F,A2,
14620,9756,Geeta Gowda,49,F,A3,
14621,9757,Shivaraj Patil,43,M,A1,
14622,9758,Harish Rao,40,M,A1,
14623,9758,Chaya Naidu,47,F,A2,
14624,9759,Basavaraj Achar,27,M,A1,
14625,9759,Deepa Reddy,20,F,A2,
14626,9759,Harish Bhat,18,M,A3,
14627,9760,Ganesh Patil,55,M,A1,
14628,9760,Santosh Rao,41,M,A2,
14629,9761,Nagaraj Naik,39,M,A1,
14630,9761,Nagaraj Patil,49,M,A2,
14631,9762,Chaya Reddy,26,F,A1,
14632,9762,Santosh Bhat,52,M,A2,
14633,9763,Yogesh Naidu,24,M,A1,REPEAT-001
14634,9763,Geeta Setty,25,F,A2,
14635,9764,Lakshmi Shetty,50,F,A1,
14636,9765,Sunita Achar,39,F,A1,
14637,9766,Harish Iyer,18,M,A1,
14638,9767,Nandini Patil,33,F,A1,
14639,9767,Ramesh Naidu,48,M,A2,
14640,9768,Sowmya Iyer,30,F,A1,
14641,9768,Santosh Patil,45,M,A2,
14642,9768,Ramesh Iyer,43,M,A3,
14643,9769,Ramesh Achar,37,M,A1,
14644,9769,Anita Bhat,37,F,A2,
14645,9770,Yogesh Kumar,49,M,A1,
14646,9770,Shobha Patil,24,F,A2,
14647,9771,Kavya Kumar,37,F,A1,
14648,9772,Anil Bhat,35,M,A1,REPEAT-005
14649,9772,Anil Rao,20,M,A2,
14650,9773,Sunita Kumar,40,F,A1,
14651,9773,Prakash Bhat,46,M,A2,
14652,9773,Anil Rao,52,M,A3,
14653,9774,Radha Reddy,45,F,A1,REPEAT-055
14654,9774,Geeta Shetty,47,F,A2,
14655,9775,Ravi Hegde,37,M,A1,
14656,9776,Deepa Murthy,38,F,A1,
14657,9776,Chaya Hegde,46,F,A2,
14658,9777,Anita Bhat,22,F,A1,
14659,9778,Santosh Bhat,44,M,A1,
14660,9779,Mahesh Naidu,18,M,A1,
14661,9780,Naveen Setty,32,M,A1,
14662,9780,Mahesh Achar,27,M,A2,
14663,9781,Harish Patil,39,M,A1,REPEAT-053
14664,9782,Srinivas Naidu,40,M,A1,REPEAT-037
14665,9782,Pooja Bhat,53,F,A2,
14666,9782,Shobha Bhat,33,F,A3,
14667,9783,Yogesh Shetty,26,M,A1,
14668,9783,Yogesh Gowda,24,M,A2,
14669,9784,Vijay Setty,27,M,A1,
14670,9784,Kumar Gowda,18,M,A2,
14671,9785,Pooja Shetty,55,F,A1,
14672,9786,Raghu Achar,24,M,A1,
14673,9787,Yogesh Naidu,24,M,A1,REPEAT-001
14674,9788,Shobha Naidu,47,F,A1,
14675,9788,Savitha Iyer,54,F,A2,
14676,9789,Srinivas Hegde,31,M,A1,REPEAT-046
14677,9790,Manjunath Shetty,45,M,A1,
14678,9790,Shivaraj Achar,21,M,A2,
14679,9791,Srinivas Patil,38,M,A1,
14680,9792,Basavaraj Shetty,36,M,A1,
14681,9793,Girish Naidu,36,M,A1,
14682,9793,Sunita Achar,28,F,A2,
14683,9794,Shwetha Hegde,50,F,A1,
14684,9795,Anita Shetty,28,F,A1,REPEAT-019
14685,9795,Sowmya Patil,30,F,A2,
14686,9796,Raghu Gowda,25,M,A1,
14687,9797,Pooja Shetty,55,F,A1,
14688,9797,Mahesh Murthy,35,M,A2,
14689,9797,Naveen Naik,33,M,A3,
14690,9798,Naveen Iyer,20,M,A1,
14691,9798,Manjunath Murthy,45,M,A2,
14692,9799,Bhagya Naik,52,F,A1,
14693,9800,Santosh Murthy,39,M,A1,
14694,9801,Shobha Iyer,46,F,A1,
14695,9802,Sowmya Naik,18,F,A1,
14696,9803,Kumar Naik,24,M,A1,
14697,9804,Manjunath Gowda,33,M,A1,
14698,9805,Manjunath Patil,40,M,A1,
14699,9806,Kavya Murthy,47,F,A1,
14700,9807,Vijay Poojary,55,M,A1,
14701,9808,Prakash Gowda,36,M,A1,
14702,9809,Girish Kumar,35,M,A1,
14703,9810,Vidya Hegde,54,F,A1,
14704,9811,Ganesh Poojary,55,M,A1,
14705,9812,Nagaraj Setty,45,M,A1,REPEAT-003
14706,9812,Yogesh Shetty,40,M,A2,
14707,9812,Chaya Kumar,44,F,A3,
14708,9813,Sowmya Kumar,30,F,A1,
14709,9814,Savitha Naidu,23,F,A1,REPEAT-013
14710,9815,Suresh Iyer,41,M,A1,
14711,9816,Kumar Bhat,21,M,A1,
14712,9817,Vidya Kumar,25,F,A1,
14713,9818,Ganesh Poojary,39,M,A1,
14714,9819,Shivaraj Kumar,29,M,A1,REPEAT-024
14715,9820,Santosh Poojary,24,M,A1,
14716,9821,Sunita Naik,22,F,A1,
14717,9822,Pooja Reddy,51,F,A1,
14718,9823,Bhagya Poojary,48,F,A1,
14719,9823,Raghu Achar,20,M,A2,
14720,9824,Naveen Setty,32,M,A1,REPEAT-036
14721,9824,Basavaraj Iyer,25,M,A2,
14722,9825,Anita Shetty,28,F,A1,REPEAT-019
14723,9826,Nagaraj Bhat,29,M,A1,
14724,9827,Priya Bhat,54,F,A1,
14725,9828,Harish Bhat,37,M,A1,
14726,9828,Geeta Poojary,42,F,A2,
14727,9828,Ganesh Shetty,36,M,A3,
14728,9829,Ramesh Murthy,25,M,A1,
14729,9830,Radha Iyer,48,F,A1,
14730,9831,Mahesh Poojary,54,M,A1,
14731,9831,Lakshmi Naidu,55,F,A2,
14732,9831,Manjunath Iyer,24,M,A3,
14733,9832,Girish Bhat,26,M,A1,
14734,9832,Yogesh Poojary,48,M,A2,
14735,9833,Basavaraj Setty,36,M,A1,
14736,9833,Suresh Hegde,31,M,A2,
14737,9834,Anil Reddy,46,M,A1,
14738,9834,Nandini Gowda,25,F,A2,
14739,9834,Naveen Poojary,19,M,A3,
14740,9835,Yogesh Bhat,19,M,A1,
14741,9835,Bhagya Achar,50,F,A2,
14742,9835,Deepa Setty,54,F,A3,
14743,9836,Vijay Naik,53,M,A1,
14744,9837,Nagaraj Setty,45,M,A1,REPEAT-003
14745,9838,Kumar Setty,37,M,A1,REPEAT-043
14746,9839,Srinivas Naidu,37,M,A1,REPEAT-049
14747,9840,Harish Rao,43,M,A1,
14748,9841,Manjunath Bhat,32,M,A1,REPEAT-030
14749,9842,Srinivas Kumar,23,M,A1,
14750,9842,Santosh Iyer,30,M,A2,
14751,9843,Yogesh Naik,18,M,A1,
14752,9843,Sunita Patil,47,F,A2,
14753,9844,Shivaraj Bhat,32,M,A1,
14754,9845,Harish Naidu,36,M,A1,REPEAT-015
14755,9846,Radha Iyer,49,F,A1,
14756,9847,Lakshmi Setty,28,F,A1,
14757,9848,Lakshmi Murthy,44,F,A1,REPEAT-044
14758,9848,Prakash Kumar,19,M,A2,
14759,9849,Santosh Naik,24,M,A1,
14760,9850,Lakshmi Murthy,44,F,A1,REPEAT-044
14761,9850,Ganesh Kumar,28,M,A2,
14762,9851,Srinivas Reddy,22,M,A1,
14763,9851,Vidya Iyer,35,F,A2,
14764,9852,Mahesh Shetty,37,M,A1,REPEAT-022
14765,9853,Naveen Achar,27,M,A1,
14766,9854,Anil Achar,44,M,A1,
14767,9854,Chaya Achar,24,F,A2,
14768,9855,Shivaraj Patil,40,M,A1,REPEAT-006
14769,9856,Bhagya Iyer,45,F,A1,
14770,9857,Shivaraj Gowda,28,M,A1,
14771,9857,Yogesh Iyer,41,M,A2,
14772,9857,Radha Shetty,25,F,A3,
14773,9858,Basavaraj Gowda,18,M,A1,
14774,9859,Yogesh Hegde,52,M,A1,
14775,9860,Nagaraj Iyer,39,M,A1,
14776,9861,Naveen Murthy,43,M,A1,REPEAT-002
14777,9861,Kavya Kumar,51,F,A2,
14778,9862,Nagaraj Naidu,24,M,A1,
14779,9863,Vijay Iyer,39,M,A1,
14780,9864,Kumar Rao,44,M,A1,REPEAT-018
14781,9864,Girish Setty,23,M,A2,
14782,9865,Harish Achar,45,M,A1,REPEAT-057
14783,9866,Lakshmi Murthy,44,F,A1,REPEAT-044
14784,9867,Priya Poojary,42,F,A1,
14785,9868,Prakash Murthy,42,M,A1,
14786,9869,Lakshmi Reddy,55,F,A1,
14787,9870,Basavaraj Reddy,42,M,A1,REPEAT-031
14788,9871,Ramesh Kumar,21,M,A1,
14789,9872,Santosh Reddy,52,M,A1,
14790,9873,Suresh Naik,38,M,A1,REPEAT-042
14791,9874,Ramesh Achar,49,M,A1,
14792,9874,Ganesh Naik,36,M,A2,
14793,9874,Ravi Poojary,46,M,A3,
14794,9875,Girish Reddy,44,M,A1,
14795,9876,Shivaraj Naidu,34,M,A1,
14796,9876,Santosh Naik,36,M,A2,
14797,9877,Ramesh Naik,45,M,A1,
14798,9877,Deepa Achar,55,F,A2,
14799,9878,Shobha Shetty,26,F,A1,
14800,9878,Rekha Kumar,55,F,A2,
14801,9879,Manjunath Murthy,25,M,A1,
14802,9880,Deepa Shetty,41,F,A1,
14803,9881,Mahesh Shetty,38,M,A1,REPEAT-022
14804,9882,Mahesh Shetty,38,M,A1,REPEAT-022
14805,9883,Suresh Naik,38,M,A1,REPEAT-042
14806,9883,Shivaraj Naik,39,M,A2,
14807,9884,Raghu Bhat,36,M,A1,
14808,9885,Yogesh Naidu,24,M,A1,REPEAT-001
14809,9886,Nandini Gowda,40,F,A1,
14810,9886,Rekha Hegde,29,F,A2,
14811,9887,Santosh Murthy,23,M,A1,
14812,9887,Vidya Murthy,34,F,A2,
14813,9888,Vijay Gowda,53,M,A1,
14814,9888,Srinivas Naik,31,M,A2,
14815,9889,Santosh Murthy,40,M,A1,
14816,9890,Suresh Gowda,24,M,A1,
14817,9891,Anil Murthy,29,M,A1,
14818,9892,Nagaraj Naidu,37,M,A1,REPEAT-035
14819,9892,Srinivas Kumar,20,M,A2,
14820,9893,Prakash Gowda,52,M,A1,
14821,9893,Naveen Rao,32,M,A2,
14822,9893,Mahesh Rao,43,M,A3,
14823,9894,Roopa Reddy,48,F,A1,
14824,9895,Vijay Rao,20,M,A1,
14825,9896,Radha Reddy,44,F,A1,REPEAT-055
14826,9896,Basavaraj Shetty,49,M,A2,
14827,9897,Ramesh Achar,21,M,A1,
14828,9898,Geeta Bhat,28,F,A1,
14829,9899,Prakash Hegde,45,M,A1,
14830,9900,Naveen Murthy,43,M,A1,REPEAT-002
14831,9901,Harish Patil,40,M,A1,REPEAT-053
14832,9901,Shivaraj Poojary,39,M,A2,
14833,9902,Yogesh Shetty,37,M,A1,
14834,9902,Sunita Setty,49,F,A2,
14835,9902,Prakash Naidu,30,M,A3,
14836,9903,Anil Gowda,21,M,A1,REPEAT-052
14837,9904,Priya Setty,55,F,A1,
14838,9905,Basavaraj Bhat,29,M,A1,
14839,9906,Girish Gowda,54,M,A1,
14840,9907,Ravi Reddy,20,M,A1,
14841,9907,Harish Patil,35,M,A2,
14842,9907,Pooja Naik,54,F,A3,
14843,9908,Kumar Bhat,32,M,A1,
14844,9908,Pooja Rao,53,F,A2,
14845,9909,Mahesh Murthy,23,M,A1,REPEAT-033
14846,9910,Mahesh Shetty,37,M,A1,REPEAT-022
14847,9911,Ravi Murthy,39,M,A1,
14848,9912,Ravi Naidu,22,M,A1,
14849,9913,Deepa Poojary,20,F,A1,
14850,9914,Ramesh Setty,51,M,A1,
14851,9914,Ganesh Naik,37,M,A2,
14852,9914,Naveen Naidu,54,M,A3,
14853,9915,Mahesh Naidu,52,M,A1,
14854,9916,Vijay Rao,22,M,A1,
14855,9916,Ganesh Poojary,26,M,A2,
14856,9917,Mahesh Iyer,50,M,A1,
14857,9918,Nandini Shetty,23,F,A1,REPEAT-011
14858,9918,Harish Shetty,41,M,A2,
14859,9919,Manjunath Murthy,26,M,A1,REPEAT-025
14860,9920,Ramesh Achar,42,M,A1,
14861,9921,Nagaraj Reddy,52,M,A1,
14862,9922,Nandini Bhat,33,F,A1,
14863,9923,Santosh Rao,40,M,A1,REPEAT-027
14864,9923,Basavaraj Patil,52,M,A2,
14865,9924,Vidya Iyer,40,F,A1,
14866,9924,Shobha Shetty,20,F,A2,
14867,9924,Basavaraj Setty,51,M,A3,
14868,9925,Yogesh Kumar,44,M,A1,REPEAT-050
14869,9926,Vijay Shetty,21,M,A1,REPEAT-007
14870,9927,Srinivas Naidu,38,M,A1,REPEAT-049
14871,9928,Lakshmi Murthy,44,F,A1,REPEAT-044
14872,9928,Raghu Poojary,40,M,A2,
14873,9929,Vidya Naidu,23,F,A1,
14874,9930,Ganesh Shetty,46,M,A1,
14875,9931,Roopa Reddy,36,F,A1,
14876,9932,Kavya Naik,48,F,A1,
14877,9933,Anil Iyer,28,M,A1,
14878,9934,Manjunath Murthy,25,M,A1,REPEAT-025
14879,9935,Ramesh Shetty,35,M,A1,
14880,9936,Basavaraj Gowda,20,M,A1,
14881,9936,Nandini Naik,29,F,A2,
14882,9937,Sowmya Bhat,22,F,A1,
14883,9938,Naveen Setty,34,M,A1,
14884,9939,Girish Iyer,38,M,A1,
14885,9940,Raghu Shetty,52,M,A1,
14886,9941,Sunita Patil,31,F,A1,
14887,9942,Ganesh Patil,51,M,A1,
14888,9942,Basavaraj Gowda,50,M,A2,
14889,9943,Santosh Patil,38,M,A1,
14890,9944,Basavaraj Setty,49,M,A1,
14891,9945,Santosh Achar,28,M,A1,
14892,9945,Prakash Rao,35,M,A2,
14893,9946,Nagaraj Rao,24,M,A1,REPEAT-026
14894,9946,Sunita Kumar,33,F,A2,
14895,9947,Harish Murthy,46,M,A1,
14896,9948,Bhagya Shetty,19,F,A1,
14897,9949,Vidya Iyer,39,F,A1,
14898,9949,Vijay Naidu,20,M,A2,
14899,9949,Prakash Reddy,33,M,A3,
14900,9950,Kumar Setty,18,M,A1,
14901,9951,Harish Kumar,29,M,A1,
14902,9952,Ganesh Patil,49,M,A1,
14903,9952,Naveen Rao,54,M,A2,
14904,9953,Sunita Hegde,48,F,A1,
14905,9953,Sowmya Murthy,22,F,A2,
14906,9954,Rekha Bhat,43,F,A1,REPEAT-047
14907,9955,Prakash Naidu,33,M,A1,
14908,9955,Mahesh Hegde,23,M,A2,
14909,9956,Suresh Naidu,33,M,A1,
14910,9956,Bhagya Reddy,45,F,A2,
14911,9957,Manjula Hegde,48,F,A1,
14912,9958,Kavya Iyer,21,F,A1,
14913,9959,Anil Poojary,52,M,A1,
14914,9960,Harish Patil,39,M,A1,REPEAT-053
14915,9961,Mahesh Shetty,49,M,A1,
14916,9961,Anita Reddy,37,F,A2,
14917,9962,Manjunath Kumar,54,M,A1,
14918,9962,Prakash Setty,31,M,A2,
14919,9962,Prakash Gowda,25,M,A3,
14920,9963,Vijay Iyer,24,M,A1,
14921,9963,Nagaraj Poojary,42,M,A2,
14922,9964,Lakshmi Naik,41,F,A1,
14923,9964,Manjunath Gowda,37,M,A2,
14924,9965,Radha Rao,33,F,A1,REPEAT-059
14925,9965,Yogesh Poojary,49,M,A2,
14926,9965,Naveen Patil,43,M,A3,
14927,9966,Santosh Naidu,52,M,A1,
14928,9966,Manjunath Poojary,36,M,A2,
14929,9967,Ramesh Bhat,42,M,A1,
14930,9968,Girish Poojary,43,M,A1,
14931,9969,Shivaraj Murthy,32,M,A1,
14932,9970,Ganesh Hegde,37,M,A1,REPEAT-060
14933,9971,Priya Poojary,37,F,A1,
14934,9971,Naveen Naik,32,M,A2,
14935,9972,Ramesh Rao,24,M,A1,
14936,9973,Shivaraj Kumar,29,M,A1,REPEAT-024
14937,9974,Harish Shetty,19,M,A1,
14938,9975,Mahesh Bhat,29,M,A1,
14939,9976,Lakshmi Reddy,53,F,A1,
14940,9977,Kavya Setty,24,F,A1,
14941,9977,Sowmya Naik,43,F,A2,
14942,9978,Naveen Murthy,44,M,A1,REPEAT-002
14943,9978,Roopa Patil,35,F,A2,
14944,9979,Pooja Shetty,19,F,A1,
14945,9980,Santosh Setty,35,M,A1,
14946,9980,Raghu Hegde,52,M,A2,
14947,9981,Nandini Naik,18,F,A1,
14948,9982,Girish Gowda,37,M,A1,
14949,9983,Priya Patil,39,F,A1,
14950,9983,Priya Shetty,45,F,A2,
14951,9984,Prakash Hegde,42,M,A1,
14952,9985,Ravi Murthy,39,M,A1,
14953,9986,Manjula Achar,31,F,A1,
14954,9987,Vijay Shetty,21,M,A1,REPEAT-007
14955,9988,Lakshmi Murthy,29,F,A1,
14956,9989,Nandini Kumar,42,F,A1,REPEAT-012
14957,9990,Harish Naidu,37,M,A1,REPEAT-015
14958,9991,Manjunath Setty,38,M,A1,
14959,9992,Raghu Naik,19,M,A1,
14960,9992,Radha Gowda,20,F,A2,
14961,9993,Radha Rao,32,F,A1,
14962,9994,Sunita Shetty,41,F,A1,
14963,9995,Sowmya Naik,46,F,A1,
14964,9996,Srinivas Kumar,39,M,A1,
14965,9997,Ramesh Kumar,41,M,A1,
14966,9998,Shobha Setty,48,F,A1,
14967,9999,Ganesh Gowda,20,M,A1,REPEAT-020
14968,9999,Anita Achar,22,F,A2,
14969,9999,Anita Setty,39,F,A3,
14970,10000,Shivaraj Shetty,49,M,A1,
14971,10000,Yogesh Gowda,48,M,A2,
14972,10001,Savitha Patil,49,F,A1,
14973,10002,Ganesh Bhat,23,M,A1,
14974,10002,Rekha Shetty,51,F,A2,
14975,10003,Mahesh Murthy,23,M,A1,REPEAT-033
14976,10003,Deepa Naik,21,F,A2,
14977,10004,Prakash Shetty,23,M,A1,
14978,10005,Suresh Setty,30,M,A1,REPEAT-034
14979,10005,Santosh Achar,25,M,A2,
14980,10006,Vijay Shetty,21,M,A1,REPEAT-007
14981,10007,Geeta Shetty,34,F,A1,
14982,10007,Mahesh Hegde,55,M,A2,
14983,10007,Kavya Bhat,51,F,A3,
14984,10008,Anita Shetty,28,F,A1,REPEAT-019
14985,10008,Harish Poojary,44,M,A2,
14986,10009,Sowmya Shetty,25,F,A1,
14987,10009,Manjula Poojary,18,F,A2,
14988,10009,Shobha Rao,52,F,A3,
14989,10010,Vidya Hegde,31,F,A1,
14990,10011,Vijay Rao,42,M,A1,
14991,10012,Anita Achar,42,F,A1,
14992,10012,Girish Naidu,46,M,A2,
14993,10012,Ramesh Gowda,23,M,A3,
14994,10013,Prakash Murthy,49,M,A1,
14995,10014,Nagaraj Setty,45,M,A1,REPEAT-003
14996,10014,Nandini Kumar,27,F,A2,
14997,10015,Manjula Gowda,40,F,A1,
14998,10015,Basavaraj Setty,34,M,A2,
14999,10016,Bhagya Patil,29,F,A1,
15000,10017,Sunita Gowda,43,F,A1,
15001,10018,Sowmya Shetty,37,F,A1,
15002,10018,Harish Poojary,55,M,A2,
15003,10019,Anil Bhat,41,M,A1,REPEAT-054
15004,10020,Nagaraj Kumar,26,M,A1,
15005,10021,Mahesh Patil,47,M,A1,
15006,10022,Chaya Achar,42,F,A1,
15007,10023,Nagaraj Setty,45,M,A1,REPEAT-003
15008,10024,Harish Naidu,36,M,A1,REPEAT-015
15009,10025,Harish Iyer,36,M,A1,
15010,10026,Shwetha Reddy,25,F,A1,
15011,10027,Prakash Murthy,53,M,A1,
15012,10027,Roopa Kumar,52,F,A2,
15013,10028,Raghu Patil,45,M,A1,
15014,10028,Vidya Setty,52,F,A2,
15015,10028,Suresh Hegde,49,M,A3,
15016,10029,Anil Bhat,34,M,A1,REPEAT-005
15017,10030,Vijay Rao,20,M,A1,
15018,10031,Yogesh Gowda,27,M,A1,
15019,10031,Vijay Hegde,19,M,A2,
15020,10031,Suresh Hegde,50,M,A3,
15021,10032,Srinivas Murthy,27,M,A1,
15022,10032,Manjunath Bhat,47,M,A2,
15023,10033,Anita Shetty,28,F,A1,REPEAT-019
15024,10034,Yogesh Naidu,24,M,A1,REPEAT-001
15025,10035,Suresh Iyer,37,M,A1,
15026,10036,Girish Rao,36,M,A1,
15027,10037,Manjula Rao,19,F,A1,
15028,10037,Harish Naik,46,M,A2,
15029,10038,Shivaraj Reddy,29,M,A1,
15030,10039,Harish Achar,46,M,A1,REPEAT-057
15031,10039,Girish Naidu,30,M,A2,
15032,10040,Nandini Achar,32,F,A1,
15033,10040,Manjula Murthy,40,F,A2,
15034,10041,Anil Bhat,36,M,A1,
15035,10041,Vijay Naidu,50,M,A2,
15036,10042,Naveen Rao,28,M,A1,
15037,10043,Ravi Patil,43,M,A1,
15038,10044,Santosh Iyer,26,M,A1,
15039,10045,Manjunath Murthy,29,M,A1,
15040,10046,Priya Reddy,21,F,A1,
15041,10047,Shivaraj Hegde,48,M,A1,
15042,10047,Shivaraj Murthy,37,M,A2,
15043,10047,Raghu Achar,50,M,A3,
15044,10048,Mahesh Achar,23,M,A1,
15045,10049,Vijay Shetty,21,M,A1,REPEAT-007
15046,10050,Girish Setty,29,M,A1,
15047,10050,Yogesh Iyer,23,M,A2,
15048,10051,Pooja Murthy,18,F,A1,
15049,10052,Shwetha Rao,37,F,A1,
15050,10052,Kavya Gowda,39,F,A2,
15051,10052,Vijay Achar,33,M,A3,
15052,10053,Shobha Naidu,29,F,A1,
15053,10054,Manjunath Patil,28,M,A1,
15054,10055,Santosh Achar,23,M,A1,
15055,10055,Yogesh Reddy,26,M,A2,
15056,10056,Raghu Murthy,30,M,A1,
15057,10056,Sowmya Setty,32,F,A2,
15058,10056,Suresh Kumar,34,M,A3,
15059,10057,Lakshmi Murthy,45,F,A1,REPEAT-044
15060,10057,Srinivas Shetty,55,M,A2,
15061,10057,Harish Murthy,40,M,A3,
15062,10058,Santosh Rao,40,M,A1,REPEAT-027
15063,10059,Manjula Rao,48,F,A1,
15064,10060,Chaya Iyer,32,F,A1,
15065,10060,Raghu Achar,45,M,A2,
15066,10061,Shobha Rao,24,F,A1,
15067,10062,Mahesh Murthy,23,M,A1,REPEAT-033
15068,10063,Vijay Iyer,37,M,A1,
15069,10064,Mahesh Shetty,38,M,A1,REPEAT-022
15070,10064,Vidya Naik,32,F,A2,
15071,10065,Nagaraj Shetty,45,M,A1,
15072,10066,Nagaraj Gowda,35,M,A1,
15073,10067,Basavaraj Patil,19,M,A1,
15074,10067,Ramesh Gowda,32,M,A2,
15075,10068,Anil Bhat,41,M,A1,REPEAT-054
15076,10068,Nagaraj Poojary,38,M,A2,
15077,10068,Basavaraj Patil,46,M,A3,
15078,10069,Manjunath Setty,43,M,A1,
15079,10069,Anita Reddy,26,F,A2,
15080,10070,Kumar Murthy,45,M,A1,REPEAT-048
15081,10071,Basavaraj Iyer,34,M,A1,
15082,10071,Lakshmi Naidu,43,F,A2,
15083,10072,Srinivas Shetty,38,M,A1,
15084,10072,Nagaraj Iyer,34,M,A2,
15085,10073,Mahesh Bhat,32,M,A1,
15086,10074,Mahesh Murthy,23,M,A1,REPEAT-033
15087,10075,Chaya Kumar,48,F,A1,
15088,10075,Manjula Naik,42,F,A2,
15089,10076,Rekha Achar,55,F,A1,
15090,10077,Basavaraj Setty,29,M,A1,
15091,10078,Srinivas Naidu,37,M,A1,REPEAT-049
15092,10079,Manjunath Gowda,21,M,A1,
15093,10079,Basavaraj Naik,38,M,A2,
15094,10079,Kumar Poojary,19,M,A3,
15095,10080,Manjunath Iyer,24,M,A1,
15096,10080,Yogesh Reddy,28,M,A2,
15097,10081,Ramesh Iyer,36,M,A1,
15098,10082,Nagaraj Reddy,44,M,A1,
15099,10083,Shivaraj Gowda,19,M,A1,
15100,10083,Srinivas Hegde,43,M,A2,
15101,10084,Srinivas Naidu,24,M,A1,
15102,10085,Rekha Patil,46,F,A1,
15103,10086,Priya Naidu,46,F,A1,
15104,10087,Geeta Bhat,42,F,A1,
15105,10088,Girish Bhat,55,M,A1,
15106,10088,Girish Iyer,50,M,A2,
15107,10089,Raghu Poojary,20,M,A1,
15108,10090,Harish Reddy,32,M,A1,
15109,10091,Rekha Bhat,42,F,A1,REPEAT-047
15110,10092,Suresh Naik,38,M,A1,REPEAT-042
15111,10093,Radha Reddy,45,F,A1,REPEAT-055
15112,10093,Mahesh Naidu,18,M,A2,
15113,10094,Harish Achar,45,M,A1,REPEAT-057
15114,10094,Chaya Shetty,37,F,A2,
15115,10094,Roopa Gowda,35,F,A3,
15116,10095,Naveen Shetty,28,M,A1,
15117,10095,Chaya Naidu,55,F,A2,
15118,10096,Chaya Setty,49,F,A1,
15119,10097,Shivaraj Poojary,42,M,A1,
15120,10097,Geeta Reddy,23,F,A2,
15121,10098,Roopa Gowda,50,F,A1,
15122,10099,Rekha Naik,28,F,A1,
15123,10100,Shivaraj Setty,37,M,A1,
15124,10100,Priya Murthy,38,F,A2,
15125,10101,Mahesh Rao,28,M,A1,
15126,10102,Shwetha Rao,22,F,A1,
15127,10102,Anil Rao,29,M,A2,
15128,10103,Girish Shetty,30,M,A1,
15129,10104,Suresh Naik,38,M,A1,REPEAT-042
15130,10105,Nagaraj Iyer,41,M,A1,
15131,10106,Mahesh Shetty,37,M,A1,REPEAT-022
15132,10106,Manjula Naik,32,F,A2,
15133,10106,Nandini Shetty,33,F,A3,
15134,10107,Naveen Murthy,43,M,A1,REPEAT-002
15135,10108,Raghu Hegde,45,M,A1,
15136,10108,Santosh Poojary,45,M,A2,
15137,10108,Santosh Iyer,51,M,A3,
15138,10109,Suresh Reddy,28,M,A1,
15139,10109,Prakash Shetty,43,M,A2,
15140,10110,Anil Bhat,41,M,A1,REPEAT-054
15141,10110,Ramesh Rao,32,M,A2,
15142,10111,Naveen Naidu,47,M,A1,
15143,10111,Girish Patil,48,M,A2,
15144,10112,Anita Poojary,26,F,A1,
15145,10113,Suresh Setty,30,M,A1,REPEAT-034
15146,10114,Basavaraj Kumar,27,M,A1,
15147,10114,Manjunath Bhat,22,M,A2,
15148,10115,Shwetha Shetty,28,F,A1,
15149,10116,Naveen Shetty,41,M,A1,
15150,10117,Radha Naik,32,F,A1,
15151,10117,Shobha Setty,23,F,A2,
15152,10118,Naveen Murthy,21,M,A1,
15153,10118,Basavaraj Gowda,26,M,A2,
15154,10118,Rekha Murthy,25,F,A3,
15155,10119,Vijay Shetty,34,M,A1,
15156,10119,Ganesh Murthy,45,M,A2,
15157,10120,Manjunath Murthy,52,M,A1,
15158,10121,Lakshmi Murthy,44,F,A1,REPEAT-044
15159,10121,Sowmya Bhat,40,F,A2,
15160,10122,Vijay Shetty,22,M,A1,REPEAT-007
15161,10123,Naveen Shetty,27,M,A1,
15162,10124,Mahesh Achar,53,M,A1,
15163,10124,Prakash Shetty,50,M,A2,
15164,10125,Ramesh Patil,41,M,A1,
15165,10125,Harish Gowda,26,M,A2,
15166,10126,Shivaraj Setty,25,M,A1,
15167,10126,Deepa Rao,35,F,A2,
15168,10127,Vijay Murthy,44,M,A1,
15169,10128,Yogesh Naidu,34,M,A1,
15170,10128,Harish Reddy,19,M,A2,
15171,10129,Suresh Naik,39,M,A1,REPEAT-042
15172,10130,Mahesh Hegde,54,M,A1,
15173,10131,Nagaraj Naidu,36,M,A1,REPEAT-035
15174,10132,Naveen Gowda,42,M,A1,
15175,10132,Nagaraj Patil,22,M,A2,
15176,10133,Ganesh Patil,33,M,A1,
15177,10134,Mahesh Shetty,37,M,A1,REPEAT-022
15178,10135,Mahesh Setty,52,M,A1,
15179,10136,Vidya Naik,45,F,A1,
15180,10137,Shivaraj Patil,40,M,A1,REPEAT-006
15181,10137,Prakash Iyer,49,M,A2,
15182,10138,Naveen Gowda,52,M,A1,
15183,10139,Anil Bhat,41,M,A1,REPEAT-054
15184,10140,Harish Bhat,49,M,A1,
15185,10141,Nagaraj Hegde,33,M,A1,
15186,10142,Basavaraj Setty,20,M,A1,
15187,10142,Ganesh Poojary,55,M,A2,
15188,10143,Harish Poojary,44,M,A1,
15189,10143,Kumar Naik,26,M,A2,
15190,10143,Anil Rao,31,M,A3,
15191,10144,Harish Bhat,52,M,A1,
15192,10145,Radha Reddy,44,F,A1,REPEAT-055
15193,10146,Srinivas Hegde,19,M,A1,
15194,10147,Kumar Patil,36,M,A1,
15195,10148,Ganesh Poojary,39,M,A1,
15196,10148,Ravi Murthy,30,M,A2,
15197,10149,Harish Patil,39,M,A1,REPEAT-053
15198,10150,Savitha Iyer,54,F,A1,
15199,10150,Pooja Reddy,25,F,A2,
15200,10151,Manjula Murthy,25,F,A1,
15201,10152,Raghu Shetty,23,M,A1,
15202,10153,Rekha Kumar,44,F,A1,
15203,10153,Shivaraj Murthy,39,M,A2,
15204,10154,Nagaraj Murthy,54,M,A1,
15205,10155,Prakash Setty,42,M,A1,
15206,10156,Ramesh Patil,20,M,A1,
15207,10156,Manjula Reddy,54,F,A2,
15208,10157,Ganesh Patil,24,M,A1,
15209,10157,Prakash Naik,31,M,A2,
15210,10158,Kumar Iyer,20,M,A1,REPEAT-038
15211,10158,Nagaraj Iyer,18,M,A2,
15212,10159,Basavaraj Iyer,29,M,A1,
15213,10159,Kumar Patil,33,M,A2,
15214,10160,Anita Hegde,27,F,A1,
15215,10161,Mahesh Murthy,49,M,A1,
15216,10162,Ramesh Hegde,21,M,A1,
15217,10163,Vijay Gowda,37,M,A1,
15218,10163,Raghu Kumar,42,M,A2,
15219,10164,Anita Shetty,28,F,A1,REPEAT-019
15220,10165,Mahesh Murthy,23,M,A1,REPEAT-033
15221,10165,Priya Poojary,51,F,A2,
15222,10166,Raghu Murthy,47,M,A1,
15223,10166,Priya Bhat,20,F,A2,
15224,10167,Prakash Iyer,22,M,A1,
15225,10167,Naveen Hegde,27,M,A2,
15226,10168,Vidya Achar,46,F,A1,
15227,10168,Ganesh Patil,31,M,A2,
15228,10169,Harish Patil,40,M,A1,REPEAT-053
15229,10170,Naveen Rao,39,M,A1,
15230,10171,Naveen Hegde,24,M,A1,
15231,10172,Chaya Kumar,23,F,A1,
15232,10172,Deepa Kumar,35,F,A2,
15233,10173,Mahesh Poojary,37,M,A1,
15234,10174,Pooja Kumar,41,F,A1,
15235,10175,Basavaraj Achar,28,M,A1,
15236,10176,Yogesh Shetty,36,M,A1,
15237,10177,Yogesh Kumar,18,M,A1,
15238,10178,Yogesh Hegde,33,M,A1,
15239,10178,Nandini Patil,32,F,A2,
15240,10179,Kumar Achar,30,M,A1,
15241,10179,Anita Shetty,40,F,A2,
15242,10180,Bhagya Shetty,19,F,A1,
15243,10181,Mahesh Shetty,37,M,A1,REPEAT-022
15244,10182,Shivaraj Kumar,36,M,A1,
15245,10183,Shwetha Rao,38,F,A1,
15246,10184,Roopa Hegde,48,F,A1,
15247,10185,Manjunath Murthy,25,M,A1,REPEAT-025
15248,10186,Manjunath Bhat,32,M,A1,REPEAT-030
15249,10186,Ravi Bhat,43,M,A2,
15250,10186,Shwetha Hegde,30,F,A3,
15251,10187,Anil Bhat,41,M,A1,REPEAT-054
15252,10187,Santosh Reddy,49,M,A2,
15253,10188,Girish Shetty,51,M,A1,
15254,10189,Yogesh Rao,30,M,A1,
15255,10190,Anita Gowda,52,F,A1,
15256,10191,Suresh Bhat,54,M,A1,
15257,10191,Harish Murthy,41,M,A2,
15258,10191,Raghu Reddy,26,M,A3,
15259,10192,Suresh Bhat,46,M,A1,
15260,10192,Mahesh Naik,28,M,A2,
15261,10192,Bhagya Murthy,34,F,A3,
15262,10193,Srinivas Rao,55,M,A1,
15263,10194,Priya Bhat,51,F,A1,
15264,10195,Vidya Iyer,43,F,A1,
15265,10196,Mahesh Shetty,52,M,A1,
15266,10197,Girish Kumar,38,M,A1,
15267,10197,Pooja Naidu,44,F,A2,
15268,10197,Anil Hegde,32,M,A3,
15269,10198,Basavaraj Shetty,27,M,A1,
15270,10199,Raghu Achar,43,M,A1,
15271,10199,Anita Poojary,51,F,A2,
15272,10200,Prakash Gowda,34,M,A1,
15273,10201,Basavaraj Shetty,27,M,A1,
15274,10202,Nandini Shetty,22,F,A1,
15275,10203,Sunita Gowda,25,F,A1,
15276,10203,Vidya Patil,46,F,A2,
15277,10203,Anil Achar,46,M,A3,
15278,10204,Savitha Gowda,38,F,A1,
15279,10204,Sunita Shetty,24,F,A2,
15280,10205,Girish Gowda,30,M,A1,
15281,10205,Basavaraj Murthy,38,M,A2,
15282,10206,Nandini Shetty,23,F,A1,REPEAT-011
15283,10207,Suresh Naidu,39,M,A1,
15284,10208,Shobha Poojary,28,F,A1,
15285,10208,Nagaraj Patil,32,M,A2,
15286,10208,Mahesh Poojary,31,M,A3,
15287,10209,Kumar Hegde,39,M,A1,
15288,10210,Suresh Rao,53,M,A1,
15289,10211,Manjunath Bhat,32,M,A1,REPEAT-030
15290,10211,Manjula Setty,21,F,A2,
15291,10212,Ramesh Kumar,22,M,A1,
15292,10212,Mahesh Iyer,49,M,A2,
15293,10213,Vidya Reddy,38,F,A1,
15294,10214,Shobha Shetty,31,F,A1,REPEAT-017
15295,10215,Roopa Gowda,54,F,A1,
15296,10216,Bhagya Iyer,32,F,A1,
15297,10217,Ravi Bhat,18,M,A1,
15298,10218,Ravi Kumar,23,M,A1,
15299,10219,Anil Patil,43,M,A1,
15300,10220,Vijay Kumar,35,M,A1,
15301,10220,Santosh Reddy,22,M,A2,
15302,10220,Manjunath Rao,35,M,A3,
15303,10221,Pooja Kumar,49,F,A1,
15304,10221,Suresh Murthy,34,M,A2,
15305,10221,Prakash Achar,26,M,A3,
15306,10222,Nagaraj Achar,25,M,A1,
15307,10223,Ravi Naidu,52,M,A1,
15308,10223,Santosh Iyer,25,M,A2,
15309,10224,Sunita Poojary,53,F,A1,
15310,10225,Harish Naidu,37,M,A1,REPEAT-015
15311,10226,Shivaraj Kumar,29,M,A1,REPEAT-024
15312,10227,Basavaraj Rao,29,M,A1,
15313,10227,Sunita Murthy,27,F,A2,
15314,10227,Ganesh Rao,26,M,A3,
15315,10228,Radha Reddy,44,F,A1,REPEAT-055
15316,10229,Srinivas Kumar,31,M,A1,
15317,10230,Radha Iyer,35,F,A1,
15318,10231,Shwetha Murthy,47,F,A1,
15319,10231,Ganesh Gowda,45,M,A2,
15320,10232,Harish Naidu,35,M,A1,
15321,10232,Sowmya Naik,40,F,A2,
15322,10233,Mahesh Gowda,21,M,A1,
15323,10234,Yogesh Kumar,44,M,A1,REPEAT-050
15324,10235,Srinivas Hegde,32,M,A1,REPEAT-046
15325,10235,Mahesh Hegde,39,M,A2,
15326,10236,Manjunath Patil,29,M,A1,
15327,10237,Shivaraj Gowda,45,M,A1,
15328,10237,Lakshmi Achar,31,F,A2,
15329,10238,Basavaraj Naik,54,M,A1,
15330,10238,Yogesh Shetty,55,M,A2,
15331,10238,Pooja Achar,50,F,A3,
15332,10239,Suresh Poojary,53,M,A1,
15333,10240,Ganesh Hegde,37,M,A1,
15334,10241,Raghu Bhat,24,M,A1,
15335,10241,Suresh Setty,29,M,A2,
15336,10242,Yogesh Kumar,45,M,A1,REPEAT-050
15337,10242,Yogesh Reddy,19,M,A2,
15338,10243,Nagaraj Shetty,44,M,A1,
15339,10244,Mahesh Murthy,23,M,A1,REPEAT-033
15340,10245,Ramesh Gowda,33,M,A1,
15341,10245,Prakash Naik,37,M,A2,
15342,10245,Raghu Shetty,45,M,A3,
15343,10246,Ganesh Patil,25,M,A1,
15344,10246,Girish Naik,55,M,A2,
15345,10247,Anil Patil,38,M,A1,
15346,10248,Santosh Naik,55,M,A1,
15347,10249,Prakash Setty,45,M,A1,
15348,10249,Shivaraj Shetty,18,M,A2,
15349,10250,Ramesh Iyer,50,M,A1,
15350,10250,Kumar Naik,55,M,A2,
15351,10251,Bhagya Bhat,52,F,A1,
15352,10251,Pooja Naidu,44,F,A2,
15353,10252,Prakash Setty,39,M,A1,
15354,10253,Sowmya Naik,46,F,A1,
15355,10254,Raghu Reddy,40,M,A1,
15356,10254,Kavya Gowda,44,F,A2,
15357,10255,Priya Rao,21,F,A1,
15358,10255,Savitha Kumar,25,F,A2,
15359,10256,Ganesh Hegde,37,M,A1,
15360,10256,Ramesh Kumar,32,M,A2,
15361,10256,Kumar Murthy,32,M,A3,
15362,10257,Naveen Murthy,44,M,A1,REPEAT-002
15363,10258,Suresh Bhat,51,M,A1,
15364,10259,Suresh Shetty,35,M,A1,
15365,10259,Pooja Achar,44,F,A2,
15366,10260,Manjunath Murthy,26,M,A1,REPEAT-025
15367,10260,Vidya Shetty,40,F,A2,
15368,10261,Raghu Achar,23,M,A1,
15369,10261,Vidya Naik,32,F,A2,
15370,10262,Naveen Setty,32,M,A1,REPEAT-036
15371,10262,Deepa Bhat,51,F,A2,
15372,10263,Nagaraj Naidu,24,M,A1,
15373,10264,Naveen Setty,29,M,A1,
15374,10264,Geeta Bhat,42,F,A2,
15375,10265,Ravi Hegde,29,M,A1,
15376,10266,Ramesh Reddy,36,M,A1,
15377,10267,Srinivas Naidu,37,M,A1,REPEAT-049
15378,10268,Sunita Setty,27,F,A1,
15379,10268,Girish Iyer,39,M,A2,
15380,10269,Shivaraj Patil,40,M,A1,REPEAT-006
15381,10270,Girish Patil,19,M,A1,
15382,10271,Suresh Naik,38,M,A1,REPEAT-042
15383,10271,Prakash Setty,28,M,A2,
15384,10272,Shwetha Iyer,54,F,A1,
15385,10273,Vijay Kumar,26,M,A1,
15386,10273,Kumar Gowda,33,M,A2,
15387,10273,Anil Shetty,22,M,A3,
15388,10274,Manjula Naik,39,F,A1,
15389,10275,Srinivas Naidu,38,M,A1,REPEAT-049
15390,10276,Basavaraj Reddy,42,M,A1,REPEAT-031
15391,10277,Geeta Reddy,20,F,A1,
15392,10278,Vijay Naik,29,M,A1,
15393,10279,Nagaraj Naidu,37,M,A1,
15394,10280,Savitha Patil,30,F,A1,
15395,10281,Santosh Shetty,44,M,A1,
15396,10281,Radha Naik,46,F,A2,
15397,10282,Yogesh Kumar,44,M,A1,REPEAT-050
15398,10282,Pooja Shetty,52,F,A2,
15399,10283,Anil Bhat,35,M,A1,REPEAT-005
15400,10283,Girish Patil,32,M,A2,
15401,10284,Kumar Iyer,21,M,A1,REPEAT-038
15402,10285,Naveen Reddy,22,M,A1,
15403,10286,Manjunath Murthy,25,M,A1,REPEAT-025
15404,10286,Manjula Setty,41,F,A2,
15405,10287,Vijay Patil,52,M,A1,
15406,10288,Vijay Setty,32,M,A1,
15407,10289,Shobha Setty,48,F,A1,
15408,10289,Srinivas Setty,49,M,A2,
15409,10290,Ravi Poojary,52,M,A1,
15410,10290,Anita Naidu,45,F,A2,
15411,10291,Nagaraj Setty,46,M,A1,REPEAT-003
15412,10291,Suresh Poojary,29,M,A2,
15413,10292,Lakshmi Poojary,31,F,A1,
15414,10292,Manjula Naidu,18,F,A2,
15415,10293,Girish Patil,45,M,A1,
15416,10294,Sowmya Bhat,55,F,A1,
15417,10295,Prakash Murthy,33,M,A1,
15418,10295,Kumar Reddy,37,M,A2,
15419,10296,Radha Poojary,43,F,A1,
15420,10297,Naveen Naik,45,M,A1,
15421,10298,Yogesh Kumar,54,M,A1,
15422,10298,Vijay Hegde,36,M,A2,
15423,10299,Rekha Murthy,52,F,A1,
15424,10300,Rekha Poojary,19,F,A1,
15425,10300,Chaya Rao,37,F,A2,
15426,10300,Basavaraj Shetty,32,M,A3,
15427,10301,Naveen Murthy,44,M,A1,REPEAT-002
15428,10301,Chaya Rao,41,F,A2,
15429,10301,Sunita Naik,29,F,A3,
15430,10302,Lakshmi Rao,27,F,A1,
15431,10303,Ramesh Rao,53,M,A1,
15432,10304,Ganesh Rao,46,M,A1,
15433,10304,Vidya Patil,47,F,A2,
15434,10304,Nagaraj Setty,42,M,A3,
15435,10305,Manjula Shetty,42,F,A1,
15436,10306,Yogesh Naidu,24,M,A1,REPEAT-001
15437,10307,Yogesh Gowda,33,M,A1,
15438,10308,Deepa Achar,20,F,A1,
15439,10309,Srinivas Murthy,37,M,A1,
15440,10310,Mahesh Setty,19,M,A1,
15441,10311,Anil Bhat,34,M,A1,REPEAT-005
15442,10312,Nandini Shetty,23,F,A1,REPEAT-011
15443,10313,Srinivas Rao,21,M,A1,
15444,10313,Yogesh Shetty,41,M,A2,
15445,10314,Savitha Naik,31,F,A1,
15446,10315,Manjunath Murthy,25,M,A1,REPEAT-025
15447,10316,Naveen Murthy,43,M,A1,REPEAT-002
15448,10316,Naveen Setty,46,M,A2,
15449,10317,Shivaraj Naik,41,M,A1,
15450,10317,Harish Gowda,20,M,A2,
15451,10318,Geeta Poojary,51,F,A1,
15452,10319,Prakash Setty,41,M,A1,
15453,10320,Basavaraj Naidu,19,M,A1,
15454,10321,Suresh Naik,38,M,A1,REPEAT-042
15455,10321,Anil Hegde,43,M,A2,
15456,10322,Ravi Kumar,45,M,A1,
15457,10322,Girish Rao,23,M,A2,
15458,10323,Mahesh Iyer,25,M,A1,
15459,10323,Yogesh Achar,32,M,A2,
15460,10324,Kavya Shetty,50,F,A1,
15461,10324,Naveen Shetty,28,M,A2,
15462,10325,Vidya Kumar,41,F,A1,
15463,10325,Girish Poojary,40,M,A2,
15464,10326,Radha Rao,54,F,A1,
15465,10327,Harish Naidu,34,M,A1,
15466,10328,Bhagya Gowda,46,F,A1,
15467,10329,Girish Kumar,53,M,A1,
15468,10330,Nandini Gowda,50,F,A1,
15469,10331,Kumar Setty,31,M,A1,
15470,10331,Mahesh Iyer,28,M,A2,
15471,10331,Kumar Poojary,35,M,A3,
15472,10332,Basavaraj Naidu,23,M,A1,
15473,10332,Geeta Achar,55,F,A2,
15474,10333,Basavaraj Reddy,42,M,A1,REPEAT-031
15475,10334,Basavaraj Iyer,35,M,A1,
15476,10334,Anil Naidu,32,M,A2,
15477,10334,Srinivas Shetty,29,M,A3,
15478,10335,Naveen Murthy,44,M,A1,REPEAT-002
15479,10336,Shivaraj Shetty,36,M,A1,
15480,10336,Sunita Poojary,31,F,A2,
15481,10337,Priya Murthy,24,F,A1,REPEAT-010
15482,10337,Deepa Patil,50,F,A2,
15483,10337,Savitha Gowda,41,F,A3,
15484,10338,Ravi Reddy,19,M,A1,
15485,10339,Shobha Achar,25,F,A1,
15486,10339,Basavaraj Naidu,19,M,A2,
15487,10340,Geeta Bhat,44,F,A1,
15488,10340,Prakash Poojary,49,M,A2,
15489,10340,Nagaraj Patil,48,M,A3,
15490,10341,Mahesh Murthy,23,M,A1,REPEAT-033
15491,10342,Basavaraj Poojary,48,M,A1,
15492,10342,Roopa Kumar,49,F,A2,
15493,10343,Radha Reddy,45,F,A1,REPEAT-055
15494,10344,Manjunath Patil,19,M,A1,
15495,10344,Mahesh Gowda,42,M,A2,
15496,10344,Harish Poojary,40,M,A3,
15497,10345,Harish Shetty,41,M,A1,
15498,10345,Lakshmi Iyer,26,F,A2,
15499,10346,Prakash Iyer,45,M,A1,
15500,10347,Anita Shetty,28,F,A1,REPEAT-019
15501,10348,Shivaraj Iyer,21,M,A1,
15502,10349,Rekha Rao,46,F,A1,
15503,10350,Ganesh Reddy,21,M,A1,
15504,10350,Naveen Naik,43,M,A2,
15505,10350,Priya Kumar,49,F,A3,
15506,10351,Ganesh Shetty,40,M,A1,REPEAT-029
15507,10352,Roopa Naidu,41,F,A1,
15508,10353,Suresh Naik,39,M,A1,REPEAT-042
15509,10354,Yogesh Kumar,42,M,A1,
15510,10355,Harish Naidu,36,M,A1,REPEAT-015
15511,10356,Radha Bhat,55,F,A1,
15512,10357,Chaya Naidu,45,F,A1,
15513,10357,Savitha Kumar,51,F,A2,
15514,10358,Pooja Hegde,24,F,A1,
15515,10359,Raghu Kumar,54,M,A1,
15516,10359,Vijay Patil,28,M,A2,
15517,10360,Shivaraj Kumar,29,M,A1,REPEAT-024
15518,10361,Manjunath Poojary,31,M,A1,
15519,10362,Santosh Rao,26,M,A1,
15520,10362,Shivaraj Rao,33,M,A2,
15521,10362,Kavya Patil,38,F,A3,
15522,10363,Mahesh Bhat,53,M,A1,
15523,10364,Mahesh Bhat,53,M,A1,
15524,10365,Nagaraj Rao,24,M,A1,REPEAT-026
15525,10366,Pooja Kumar,19,F,A1,
15526,10366,Ganesh Iyer,51,M,A2,
15527,10367,Girish Shetty,18,M,A1,
15528,10367,Ravi Bhat,25,M,A2,
15529,10368,Suresh Kumar,51,M,A1,
15530,10368,Basavaraj Hegde,51,M,A2,
15531,10369,Nagaraj Setty,45,M,A1,REPEAT-003
15532,10369,Srinivas Hegde,40,M,A2,
15533,10370,Santosh Patil,41,M,A1,
15534,10371,Girish Rao,39,M,A1,
15535,10372,Srinivas Setty,36,M,A1,
15536,10373,Anil Murthy,47,M,A1,
15537,10374,Manjunath Bhat,32,M,A1,REPEAT-030
15538,10375,Manjunath Murthy,25,M,A1,REPEAT-025
15539,10375,Yogesh Naik,34,M,A2,
15540,10375,Kumar Murthy,46,M,A3,
15541,10376,Roopa Bhat,49,F,A1,
15542,10377,Pooja Naik,42,F,A1,
15543,10377,Nagaraj Iyer,29,M,A2,
15544,10378,Santosh Reddy,27,M,A1,
15545,10378,Savitha Murthy,19,F,A2,
15546,10378,Shwetha Naidu,54,F,A3,
15547,10379,Manjunath Murthy,25,M,A1,REPEAT-025
15548,10380,Mahesh Shetty,37,M,A1,REPEAT-022
15549,10380,Sowmya Poojary,35,F,A2,
15550,10381,Ganesh Gowda,20,M,A1,REPEAT-020
15551,10382,Pooja Setty,42,F,A1,
15552,10383,Nagaraj Setty,45,M,A1,REPEAT-003
15553,10384,Santosh Setty,39,M,A1,
15554,10384,Srinivas Shetty,18,M,A2,
15555,10384,Nandini Naidu,26,F,A3,
15556,10385,Nandini Naidu,33,F,A1,
15557,10386,Vijay Shetty,22,M,A1,REPEAT-007
15558,10387,Manjunath Poojary,34,M,A1,REPEAT-004
15559,10388,Suresh Naik,38,M,A1,REPEAT-042
15560,10389,Ramesh Poojary,37,M,A1,
15561,10390,Suresh Shetty,22,M,A1,
15562,10391,Sowmya Kumar,55,F,A1,
15563,10391,Sowmya Kumar,41,F,A2,
15564,10392,Shobha Setty,20,F,A1,
15565,10393,Ganesh Poojary,21,M,A1,
15566,10394,Radha Reddy,45,F,A1,REPEAT-055
15567,10395,Pooja Rao,43,F,A1,
15568,10395,Pooja Patil,26,F,A2,
15569,10396,Ramesh Kumar,55,M,A1,
15570,10397,Yogesh Iyer,45,M,A1,
15571,10397,Santosh Achar,36,M,A2,
15572,10397,Manjunath Patil,43,M,A3,
15573,10398,Yogesh Kumar,44,M,A1,REPEAT-050
15574,10399,Kumar Naidu,32,M,A1,
15575,10400,Ravi Iyer,33,M,A1,
15576,10401,Kumar Rao,45,M,A1,REPEAT-018
15577,10401,Prakash Bhat,39,M,A2,
15578,10401,Kavya Kumar,51,F,A3,
15579,10402,Ramesh Iyer,39,M,A1,
15580,10403,Raghu Gowda,21,M,A1,
15581,10404,Shobha Murthy,53,F,A1,
15582,10404,Shwetha Shetty,26,F,A2,
15583,10405,Srinivas Kumar,38,M,A1,
15584,10406,Shivaraj Naik,31,M,A1,
15585,10407,Vijay Shetty,22,M,A1,REPEAT-007
15586,10408,Naveen Iyer,23,M,A1,
15587,10409,Lakshmi Achar,29,F,A1,
15588,10410,Shwetha Reddy,25,F,A1,
15589,10411,Geeta Reddy,23,F,A1,
15590,10411,Yogesh Murthy,32,M,A2,
15591,10411,Ravi Bhat,25,M,A3,
15592,10412,Ravi Naik,55,M,A1,
15593,10413,Nagaraj Naidu,36,M,A1,REPEAT-035
15594,10413,Nagaraj Gowda,23,M,A2,
15595,10414,Pooja Kumar,45,F,A1,
15596,10415,Vijay Shetty,22,M,A1,REPEAT-007
15597,10415,Prakash Achar,40,M,A2,
15598,10416,Manjula Patil,35,F,A1,
15599,10417,Nandini Iyer,36,F,A1,
15600,10418,Vijay Shetty,21,M,A1,REPEAT-007
15601,10418,Pooja Rao,30,F,A2,
15602,10419,Shobha Shetty,31,F,A1,REPEAT-017
15603,10419,Harish Shetty,41,M,A2,
15604,10419,Srinivas Hegde,42,M,A3,
15605,10420,Kumar Bhat,42,M,A1,
15606,10420,Yogesh Rao,40,M,A2,
15607,10421,Srinivas Murthy,24,M,A1,
15608,10422,Yogesh Bhat,35,M,A1,
15609,10423,Shobha Naik,46,F,A1,
15610,10424,Kumar Patil,53,M,A1,
15611,10425,Yogesh Gowda,20,M,A1,
15612,10425,Sowmya Bhat,38,F,A2,
15613,10426,Basavaraj Gowda,24,M,A1,
15614,10427,Priya Kumar,22,F,A1,
15615,10427,Shwetha Setty,29,F,A2,
15616,10428,Sunita Patil,27,F,A1,
15617,10429,Shwetha Hegde,29,F,A1,
15618,10429,Yogesh Iyer,33,M,A2,
15619,10430,Basavaraj Iyer,51,M,A1,
15620,10431,Ramesh Bhat,41,M,A1,
15621,10432,Geeta Patil,47,F,A1,
15622,10433,Priya Murthy,23,F,A1,REPEAT-010
15623,10434,Nandini Kumar,43,F,A1,REPEAT-012
15624,10434,Harish Bhat,48,M,A2,
15625,10434,Manjunath Hegde,42,M,A3,
15626,10435,Ganesh Hegde,37,M,A1,REPEAT-060
15627,10436,Nandini Murthy,28,F,A1,
15628,10436,Bhagya Gowda,19,F,A2,
15629,10437,Nagaraj Naik,33,M,A1,
15630,10438,Mahesh Murthy,23,M,A1,REPEAT-033
15631,10439,Mahesh Hegde,41,M,A1,
15632,10439,Savitha Naidu,38,F,A2,
15633,10439,Shwetha Poojary,22,F,A3,
15634,10440,Nagaraj Shetty,31,M,A1,
15635,10440,Ravi Shetty,54,M,A2,
15636,10441,Radha Reddy,44,F,A1,REPEAT-055
15637,10441,Basavaraj Murthy,52,M,A2,
15638,10442,Sunita Murthy,49,F,A1,
15639,10442,Vidya Poojary,34,F,A2,
15640,10443,Santosh Gowda,27,M,A1,
15641,10443,Suresh Patil,22,M,A2,
15642,10444,Sunita Bhat,27,F,A1,
15643,10444,Manjunath Murthy,34,M,A2,
15644,10445,Shivaraj Iyer,52,M,A1,
15645,10445,Shobha Naidu,37,F,A2,
15646,10446,Nagaraj Gowda,33,M,A1,
15647,10446,Anita Iyer,20,F,A2,
15648,10447,Mahesh Patil,35,M,A1,
15649,10448,Shivaraj Achar,34,M,A1,
15650,10449,Vijay Naidu,55,M,A1,
15651,10449,Srinivas Bhat,42,M,A2,
15652,10449,Shobha Hegde,19,F,A3,
15653,10450,Roopa Bhat,20,F,A1,
15654,10451,Manjunath Setty,24,M,A1,
15655,10452,Anil Murthy,32,M,A1,
15656,10452,Pooja Iyer,38,F,A2,
15657,10453,Santosh Kumar,27,M,A1,
15658,10454,Ganesh Reddy,47,M,A1,
15659,10455,Ganesh Naik,35,M,A1,REPEAT-009
15660,10455,Anil Patil,26,M,A2,
15661,10456,Ganesh Shetty,41,M,A1,REPEAT-029
15662,10457,Ravi Gowda,21,M,A1,
15663,10458,Nandini Shetty,23,F,A1,REPEAT-011
15664,10459,Anil Bhat,41,M,A1,REPEAT-054
15665,10460,Kumar Kumar,46,M,A1,
15666,10461,Prakash Gowda,34,M,A1,
15667,10462,Nandini Rao,33,F,A1,
15668,10462,Shivaraj Murthy,26,M,A2,
15669,10463,Mahesh Naidu,37,M,A1,
15670,10463,Mahesh Naik,53,M,A2,
15671,10464,Santosh Rao,40,M,A1,REPEAT-027
15672,10464,Nagaraj Shetty,37,M,A2,
15673,10465,Suresh Gowda,30,M,A1,
15674,10466,Nagaraj Kumar,48,M,A1,
15675,10467,Harish Naidu,37,M,A1,REPEAT-015
15676,10467,Radha Naidu,20,F,A2,
15677,10468,Manjunath Rao,38,M,A1,
15678,10469,Savitha Rao,23,F,A1,
15679,10470,Sunita Shetty,24,F,A1,
15680,10470,Manjunath Kumar,24,M,A2,
15681,10471,Shivaraj Murthy,33,M,A1,
15682,10472,Harish Naidu,37,M,A1,REPEAT-015
15683,10472,Kumar Patil,19,M,A2,
15684,10472,Girish Kumar,34,M,A3,
15685,10473,Shwetha Setty,38,F,A1,
15686,10473,Raghu Naidu,43,M,A2,
15687,10474,Radha Reddy,44,F,A1,REPEAT-055
15688,10474,Anil Naik,37,M,A2,
15689,10475,Ravi Setty,26,M,A1,
15690,10476,Basavaraj Gowda,37,M,A1,
15691,10476,Suresh Murthy,55,M,A2,
15692,10477,Yogesh Bhat,28,M,A1,
15693,10478,Naveen Poojary,53,M,A1,
15694,10478,Raghu Naik,49,M,A2,
15695,10479,Santosh Patil,30,M,A1,
15696,10480,Vijay Kumar,51,M,A1,
15697,10481,Ganesh Gowda,20,M,A1,REPEAT-020
15698,10481,Ramesh Reddy,55,M,A2,
15699,10482,Prakash Setty,18,M,A1,
15700,10483,Anil Bhat,41,M,A1,REPEAT-054
15701,10484,Harish Bhat,45,M,A1,
15702,10485,Ramesh Naidu,21,M,A1,
15703,10486,Ganesh Iyer,31,M,A1,
15704,10486,Pooja Reddy,23,F,A2,
15705,10487,Roopa Iyer,18,F,A1,
15706,10488,Anil Patil,31,M,A1,
15707,10489,Priya Naidu,49,F,A1,
15708,10490,Sunita Rao,38,F,A1,
15709,10491,Prakash Shetty,54,M,A1,
15710,10492,Kavya Rao,19,F,A1,
15711,10493,Yogesh Kumar,44,M,A1,REPEAT-050
15712,10493,Anil Patil,40,M,A2,
15713,10494,Deepa Murthy,46,F,A1,
15714,10495,Ramesh Kumar,21,M,A1,
15715,10495,Basavaraj Reddy,39,M,A2,
15716,10496,Sowmya Achar,49,F,A1,
15717,10497,Manjunath Murthy,26,M,A1,REPEAT-025
15718,10498,Girish Kumar,31,M,A1,
15719,10499,Ganesh Reddy,53,M,A1,
15720,10499,Ganesh Achar,26,M,A2,
15721,10499,Geeta Shetty,20,F,A3,
15722,10500,Bhagya Shetty,25,F,A1,
15723,10500,Raghu Patil,25,M,A2,
15724,10500,Raghu Achar,52,M,A3,
15725,10501,Girish Rao,45,M,A1,
15726,10502,Shivaraj Kumar,29,M,A1,REPEAT-024
15727,10503,Raghu Achar,32,M,A1,
15728,10504,Basavaraj Murthy,20,M,A1,
15729,10505,Bhagya Hegde,43,F,A1,
15730,10506,Anil Bhat,34,M,A1,REPEAT-005
15731,10507,Santosh Hegde,25,M,A1,
15732,10507,Rekha Gowda,40,F,A2,
15733,10508,Mahesh Murthy,23,M,A1,REPEAT-033
15734,10509,Radha Poojary,45,F,A1,
15735,10510,Nagaraj Setty,45,M,A1,REPEAT-003
15736,10511,Harish Naidu,36,M,A1,REPEAT-015
15737,10512,Prakash Kumar,46,M,A1,
15738,10512,Kavya Achar,35,F,A2,
15739,10512,Yogesh Shetty,41,M,A3,
15740,10513,Srinivas Shetty,28,M,A1,
15741,10514,Ganesh Naik,35,M,A1,REPEAT-009
15742,10514,Chaya Bhat,33,F,A2,
15743,10515,Manjunath Murthy,25,M,A1,REPEAT-025
15744,10515,Vijay Kumar,40,M,A2,
15745,10516,Lakshmi Murthy,44,F,A1,REPEAT-044
15746,10516,Girish Gowda,38,M,A2,
15747,10517,Lakshmi Murthy,45,F,A1,REPEAT-044
15748,10517,Harish Bhat,26,M,A2,
15749,10518,Vijay Reddy,20,M,A1,
15750,10518,Shobha Gowda,50,F,A2,
15751,10519,Mahesh Naidu,35,M,A1,
15752,10520,Chaya Bhat,54,F,A1,
15753,10521,Nandini Naidu,23,F,A1,
15754,10522,Ravi Reddy,27,M,A1,
15755,10523,Pooja Iyer,26,F,A1,
15756,10523,Basavaraj Rao,34,M,A2,
15757,10524,Priya Poojary,42,F,A1,
15758,10525,Lakshmi Murthy,44,F,A1,REPEAT-044
15759,10526,Ganesh Patil,19,M,A1,
15760,10527,Mahesh Shetty,37,M,A1,REPEAT-022
15761,10528,Mahesh Murthy,24,M,A1,REPEAT-033
15762,10528,Basavaraj Rao,40,M,A2,
15763,10529,Basavaraj Gowda,42,M,A1,
15764,10530,Basavaraj Hegde,49,M,A1,
15765,10531,Anil Kumar,26,M,A1,
15766,10531,Prakash Poojary,19,M,A2,
15767,10531,Raghu Kumar,33,M,A3,
15768,10532,Nagaraj Setty,46,M,A1,REPEAT-003
15769,10533,Mahesh Shetty,38,M,A1,REPEAT-022
15770,10533,Srinivas Hegde,48,M,A2,
15771,10534,Basavaraj Poojary,36,M,A1,
15772,10535,Mahesh Shetty,37,M,A1,REPEAT-022
15773,10536,Ramesh Naidu,25,M,A1,
15774,10536,Raghu Rao,26,M,A2,
15775,10537,Mahesh Bhat,45,M,A1,
15776,10537,Anil Gowda,50,M,A2,
15777,10538,Ramesh Shetty,19,M,A1,
15778,10539,Srinivas Patil,32,M,A1,
15779,10539,Kavya Naik,47,F,A2,
15780,10540,Ramesh Poojary,30,M,A1,
15781,10540,Sunita Bhat,32,F,A2,
15782,10540,Mahesh Achar,50,M,A3,
15783,10541,Radha Hegde,47,F,A1,
15784,10542,Mahesh Setty,18,M,A1,
15785,10542,Girish Naik,47,M,A2,
15786,10542,Basavaraj Hegde,25,M,A3,
15787,10543,Prakash Reddy,36,M,A1,
15788,10544,Harish Achar,46,M,A1,REPEAT-057
15789,10544,Nagaraj Reddy,31,M,A2,
15790,10544,Kumar Iyer,21,M,A3,
15791,10545,Nagaraj Rao,37,M,A1,
15792,10546,Mahesh Shetty,37,M,A1,REPEAT-022
15793,10547,Vijay Gowda,34,M,A1,
15794,10548,Radha Rao,33,F,A1,REPEAT-059
15795,10549,Suresh Naik,38,M,A1,REPEAT-042
15796,10550,Nagaraj Bhat,29,M,A1,
15797,10551,Ganesh Naik,41,M,A1,
15798,10552,Manjunath Shetty,50,M,A1,
15799,10552,Santosh Gowda,25,M,A2,
15800,10552,Ramesh Poojary,53,M,A3,
15801,10553,Ramesh Bhat,23,M,A1,
15802,10554,Anil Bhat,34,M,A1,REPEAT-005
15803,10555,Mahesh Murthy,23,M,A1,REPEAT-033
15804,10555,Nagaraj Patil,43,M,A2,
15805,10556,Suresh Achar,34,M,A1,
15806,10557,Naveen Setty,33,M,A1,REPEAT-036
15807,10558,Anil Setty,24,M,A1,
15808,10559,Vijay Shetty,21,M,A1,REPEAT-007
15809,10560,Manjunath Murthy,25,M,A1,REPEAT-025
15810,10561,Raghu Naidu,30,M,A1,
15811,10562,Yogesh Naidu,45,M,A1,
15812,10563,Prakash Setty,34,M,A1,
15813,10564,Shivaraj Patil,30,M,A1,
15814,10565,Raghu Patil,25,M,A1,
15815,10565,Naveen Iyer,54,M,A2,
15816,10566,Lakshmi Murthy,45,F,A1,REPEAT-044
15817,10567,Shivaraj Reddy,29,M,A1,
15818,10567,Naveen Murthy,25,M,A2,
15819,10568,Anil Naidu,36,M,A1,
15820,10569,Sowmya Gowda,29,F,A1,
15821,10570,Srinivas Naidu,37,M,A1,REPEAT-049
15822,10571,Mahesh Murthy,23,M,A1,REPEAT-033
15823,10571,Girish Kumar,22,M,A2,
15824,10572,Manjunath Iyer,37,M,A1,
15825,10572,Nagaraj Bhat,51,M,A2,
15826,10573,Nandini Kumar,43,F,A1,REPEAT-012
15827,10573,Suresh Setty,25,M,A2,
15828,10574,Shobha Kumar,32,F,A1,
15829,10575,Roopa Poojary,45,F,A1,
15830,10575,Shwetha Reddy,41,F,A2,
15831,10576,Prakash Rao,43,M,A1,
15832,10576,Manjunath Kumar,27,M,A2,
15833,10577,Srinivas Patil,37,M,A1,
15834,10578,Sowmya Naik,42,F,A1,
15835,10578,Radha Iyer,55,F,A2,
15836,10579,Mahesh Shetty,37,M,A1,REPEAT-022
15837,10580,Priya Murthy,43,F,A1,
15838,10581,Kumar Hegde,54,M,A1,
15839,10582,Prakash Rao,39,M,A1,
15840,10583,Vijay Achar,34,M,A1,
15841,10583,Sunita Bhat,18,F,A2,
15842,10584,Srinivas Rao,53,M,A1,
15843,10585,Ganesh Iyer,36,M,A1,
15844,10585,Ramesh Setty,50,M,A2,
15845,10586,Prakash Gowda,27,M,A1,
15846,10586,Manjula Rao,30,F,A2,
15847,10586,Manjunath Reddy,41,M,A3,
15848,10587,Naveen Achar,21,M,A1,
15849,10587,Srinivas Naidu,43,M,A2,
15850,10588,Roopa Naidu,38,F,A1,
15851,10589,Raghu Kumar,19,M,A1,
15852,10590,Kumar Hegde,27,M,A1,REPEAT-040
15853,10590,Anil Gowda,41,M,A2,
15854,10591,Nandini Shetty,22,F,A1,REPEAT-011
15855,10591,Sowmya Murthy,19,F,A2,
15856,10592,Naveen Murthy,43,M,A1,REPEAT-002
15857,10593,Raghu Kumar,42,M,A1,
15858,10593,Priya Iyer,23,F,A2,
15859,10594,Geeta Iyer,20,F,A1,
15860,10594,Manjula Achar,45,F,A2,
15861,10595,Roopa Iyer,35,F,A1,
15862,10596,Suresh Shetty,18,M,A1,
15863,10596,Kumar Naidu,25,M,A2,
15864,10597,Lakshmi Naidu,29,F,A1,
15865,10597,Kumar Naik,35,M,A2,
15866,10598,Shivaraj Kumar,29,M,A1,REPEAT-024
15867,10598,Manjunath Shetty,37,M,A2,
15868,10599,Manjunath Gowda,36,M,A1,
15869,10599,Prakash Setty,41,M,A2,
15870,10600,Mahesh Naidu,49,M,A1,
15871,10601,Kumar Shetty,33,M,A1,
15872,10601,Ravi Shetty,18,M,A2,
15873,10602,Kavya Shetty,51,F,A1,
15874,10602,Kavya Patil,31,F,A2,
15875,10603,Raghu Achar,48,M,A1,
15876,10603,Anil Setty,43,M,A2,
15877,10604,Deepa Reddy,55,F,A1,
15878,10605,Yogesh Poojary,34,M,A1,
15879,10606,Vidya Naidu,40,F,A1,
15880,10607,Vijay Patil,29,M,A1,
15881,10607,Yogesh Poojary,50,M,A2,
15882,10608,Naveen Murthy,43,M,A1,REPEAT-002
15883,10608,Anita Patil,25,F,A2,
15884,10608,Santosh Poojary,50,M,A3,
15885,10609,Anil Gowda,21,M,A1,REPEAT-052
15886,10610,Ganesh Setty,48,M,A1,
15887,10610,Chaya Naidu,38,F,A2,
15888,10611,Ramesh Naidu,18,M,A1,
15889,10612,Srinivas Iyer,46,M,A1,
15890,10612,Prakash Reddy,37,M,A2,
15891,10612,Roopa Poojary,26,F,A3,
15892,10613,Yogesh Gowda,34,M,A1,
15893,10613,Naveen Achar,34,M,A2,
15894,10614,Harish Patil,39,M,A1,REPEAT-053
15895,10614,Rekha Kumar,21,F,A2,
15896,10614,Raghu Setty,28,M,A3,
15897,10615,Santosh Hegde,46,M,A1,
15898,10616,Santosh Shetty,20,M,A1,
15899,10616,Pooja Naidu,55,F,A2,
15900,10617,Mahesh Hegde,51,M,A1,
15901,10618,Ramesh Naidu,54,M,A1,
15902,10619,Anil Kumar,48,M,A1,
15903,10620,Girish Iyer,27,M,A1,
15904,10621,Shivaraj Poojary,53,M,A1,
15905,10622,Raghu Naidu,26,M,A1,
15906,10622,Manjunath Setty,54,M,A2,
15907,10623,Ganesh Hegde,37,M,A1,REPEAT-060
15908,10624,Basavaraj Reddy,42,M,A1,REPEAT-031
15909,10625,Ganesh Shetty,53,M,A1,
15910,10626,Yogesh Rao,50,M,A1,
15911,10627,Basavaraj Iyer,42,M,A1,
15912,10627,Santosh Naik,39,M,A2,
15913,10628,Prakash Poojary,41,M,A1,
15914,10628,Suresh Iyer,31,M,A2,
15915,10628,Priya Achar,22,F,A3,
15916,10629,Manjula Poojary,19,F,A1,
15917,10629,Shivaraj Murthy,25,M,A2,
15918,10630,Anil Bhat,42,M,A1,REPEAT-054
15919,10630,Shwetha Naik,34,F,A2,
15920,10631,Anil Bhat,35,M,A1,REPEAT-005
15921,10631,Harish Achar,55,M,A2,
15922,10631,Vijay Rao,36,M,A3,
15923,10632,Rekha Murthy,27,F,A1,
15924,10633,Vidya Shetty,44,F,A1,
15925,10634,Mahesh Shetty,38,M,A1,REPEAT-022
15926,10634,Yogesh Rao,48,M,A2,
15927,10635,Mahesh Murthy,20,M,A1,
15928,10636,Ganesh Hegde,37,M,A1,REPEAT-060
15929,10637,Nagaraj Naidu,37,M,A1,REPEAT-035
15930,10638,Basavaraj Gowda,54,M,A1,
15931,10639,Yogesh Rao,35,M,A1,
15932,10640,Ravi Kumar,38,M,A1,
15933,10641,Manjunath Patil,36,M,A1,
15934,10641,Anil Hegde,21,M,A2,
15935,10642,Kumar Rao,44,M,A1,REPEAT-018
15936,10642,Deepa Kumar,36,F,A2,
15937,10643,Yogesh Achar,50,M,A1,
15938,10644,Yogesh Setty,37,M,A1,
15939,10645,Naveen Poojary,18,M,A1,
15940,10646,Priya Gowda,55,F,A1,
15941,10646,Naveen Hegde,51,M,A2,
15942,10647,Harish Rao,50,M,A1,
15943,10647,Basavaraj Patil,46,M,A2,
15944,10648,Naveen Setty,32,M,A1,REPEAT-036
15945,10648,Ramesh Achar,33,M,A2,
15946,10649,Harish Patil,39,M,A1,REPEAT-053
15947,10649,Srinivas Murthy,53,M,A2,
15948,10650,Rekha Bhat,43,F,A1,REPEAT-047
15949,10651,Harish Naidu,36,M,A1,REPEAT-015
15950,10652,Shivaraj Rao,35,M,A1,
15951,10652,Nagaraj Patil,21,M,A2,
15952,10653,Ganesh Bhat,46,M,A1,
15953,10654,Vijay Kumar,21,M,A1,
15954,10655,Harish Patil,39,M,A1,REPEAT-053
15955,10656,Roopa Bhat,33,F,A1,
15956,10657,Pooja Setty,53,F,A1,
15957,10657,Radha Poojary,38,F,A2,
15958,10658,Prakash Shetty,35,M,A1,
15959,10659,Ramesh Setty,33,M,A1,
15960,10659,Shivaraj Setty,35,M,A2,
15961,10659,Anita Reddy,20,F,A3,
15962,10660,Anita Shetty,29,F,A1,REPEAT-019
15963,10661,Rekha Bhat,42,F,A1,REPEAT-047
15964,10661,Santosh Poojary,36,M,A2,
15965,10661,Shwetha Murthy,21,F,A3,
15966,10662,Savitha Hegde,46,F,A1,
15967,10663,Ramesh Gowda,30,M,A1,
15968,10664,Mahesh Patil,23,M,A1,
15969,10665,Kavya Naik,28,F,A1,
15970,10666,Chaya Naik,45,F,A1,
15971,10667,Suresh Setty,52,M,A1,
15972,10668,Harish Naidu,37,M,A1,REPEAT-015
15973,10669,Geeta Kumar,44,F,A1,
15974,10669,Naveen Hegde,48,M,A2,
15975,10669,Sunita Shetty,29,F,A3,
15976,10670,Naveen Kumar,44,M,A1,
15977,10670,Manjunath Hegde,24,M,A2,
15978,10671,Basavaraj Kumar,22,M,A1,
15979,10671,Harish Hegde,31,M,A2,
15980,10671,Manjula Hegde,36,F,A3,
15981,10672,Raghu Naidu,25,M,A1,
15982,10673,Harish Iyer,30,M,A1,
15983,10673,Nagaraj Hegde,30,M,A2,
15984,10674,Kavya Bhat,23,F,A1,
15985,10674,Girish Gowda,50,M,A2,
15986,10675,Ravi Iyer,45,M,A1,
15987,10675,Sowmya Setty,32,F,A2,
15988,10676,Manjunath Bhat,32,M,A1,REPEAT-030
15989,10676,Shwetha Bhat,22,F,A2,
15990,10677,Suresh Setty,28,M,A1,
15991,10678,Chaya Reddy,44,F,A1,
15992,10678,Vijay Hegde,26,M,A2,
15993,10678,Prakash Kumar,46,M,A3,
15994,10679,Mahesh Reddy,31,M,A1,
15995,10680,Sowmya Naidu,47,F,A1,
15996,10680,Srinivas Hegde,32,M,A2,
15997,10681,Lakshmi Murthy,44,F,A1,REPEAT-044
15998,10682,Girish Hegde,32,M,A1,
15999,10683,Mahesh Shetty,27,M,A1,
16000,10684,Yogesh Patil,18,M,A1,
16001,10685,Girish Poojary,46,M,A1,
16002,10686,Anil Hegde,53,M,A1,
16003,10687,Harish Naidu,55,M,A1,
16004,10688,Ramesh Kumar,39,M,A1,
16005,10688,Ravi Naik,19,M,A2,
16006,10689,Srinivas Poojary,47,M,A1,
16007,10690,Priya Iyer,30,F,A1,
16008,10691,Radha Setty,25,F,A1,
16009,10691,Pooja Gowda,22,F,A2,
16010,10692,Nagaraj Iyer,51,M,A1,
16011,10693,Mahesh Murthy,24,M,A1,REPEAT-033
16012,10693,Vijay Patil,28,M,A2,
16013,10694,Mahesh Shetty,37,M,A1,REPEAT-022
16014,10695,Lakshmi Shetty,44,F,A1,
16015,10696,Savitha Naik,20,F,A1,
16016,10697,Raghu Murthy,43,M,A1,
16017,10697,Kavya Setty,32,F,A2,
16018,10698,Priya Poojary,42,F,A1,
16019,10698,Radha Bhat,20,F,A2,
16020,10699,Naveen Reddy,47,M,A1,
16021,10700,Srinivas Setty,18,M,A1,
16022,10700,Ravi Gowda,43,M,A2,
16023,10701,Nagaraj Kumar,48,M,A1,
16024,10702,Naveen Murthy,43,M,A1,REPEAT-002
16025,10702,Santosh Shetty,30,M,A2,
16026,10703,Raghu Murthy,47,M,A1,
16027,10703,Sunita Naidu,28,F,A2,
16028,10704,Nagaraj Hegde,37,M,A1,
16029,10704,Harish Iyer,29,M,A2,
16030,10705,Ganesh Naik,36,M,A1,REPEAT-009
16031,10706,Nagaraj Rao,24,M,A1,REPEAT-026
16032,10706,Girish Kumar,21,M,A2,
16033,10707,Mahesh Shetty,37,M,A1,REPEAT-022
16034,10708,Manjunath Murthy,19,M,A1,
16035,10709,Prakash Naik,53,M,A1,
16036,10710,Sunita Hegde,21,F,A1,
16037,10711,Ganesh Naidu,19,M,A1,
16038,10711,Suresh Iyer,20,M,A2,
16039,10712,Mahesh Bhat,29,M,A1,
16040,10713,Nagaraj Naidu,37,M,A1,REPEAT-035
16041,10713,Vijay Poojary,34,M,A2,
16042,10714,Pooja Rao,47,F,A1,
16043,10715,Kavya Shetty,38,F,A1,
16044,10715,Vidya Rao,40,F,A2,
16045,10716,Nagaraj Naik,33,M,A1,
16046,10716,Suresh Rao,34,M,A2,
16047,10717,Suresh Rao,42,M,A1,
16048,10717,Harish Setty,53,M,A2,
16049,10717,Harish Hegde,22,M,A3,
16050,10718,Savitha Naik,51,F,A1,
16051,10718,Anil Setty,31,M,A2,
16052,10719,Pooja Achar,36,F,A1,
16053,10720,Yogesh Naik,37,M,A1,
16054,10721,Manjunath Poojary,24,M,A1,
16055,10721,Ravi Murthy,37,M,A2,
16056,10722,Ramesh Gowda,48,M,A1,
16057,10722,Sowmya Naik,47,F,A2,
16058,10722,Ramesh Gowda,41,M,A3,
16059,10723,Vijay Bhat,52,M,A1,
16060,10723,Shivaraj Iyer,23,M,A2,
16061,10724,Basavaraj Patil,37,M,A1,
16062,10724,Ravi Patil,33,M,A2,
16063,10725,Suresh Naik,38,M,A1,REPEAT-042
16064,10725,Shivaraj Shetty,21,M,A2,
16065,10725,Manjula Achar,20,F,A3,
16066,10726,Prakash Hegde,33,M,A1,
16067,10726,Girish Patil,46,M,A2,
16068,10727,Mahesh Shetty,38,M,A1,REPEAT-022
16069,10728,Manjunath Murthy,25,M,A1,REPEAT-025
16070,10729,Girish Iyer,44,M,A1,
16071,10730,Vijay Shetty,21,M,A1,REPEAT-007
16072,10730,Harish Hegde,47,M,A2,
16073,10731,Naveen Gowda,18,M,A1,
16074,10731,Harish Poojary,35,M,A2,
16075,10732,Priya Murthy,23,F,A1,REPEAT-010
16076,10732,Nagaraj Kumar,31,M,A2,
16077,10733,Bhagya Gowda,38,F,A1,
16078,10733,Harish Bhat,38,M,A2,
16079,10734,Srinivas Naidu,36,M,A1,
16080,10735,Shobha Setty,46,F,A1,
16081,10736,Yogesh Naidu,24,M,A1,REPEAT-001
16082,10736,Savitha Hegde,28,F,A2,
16083,10736,Ganesh Patil,31,M,A3,
16084,10737,Vijay Patil,37,M,A1,
16085,10738,Naveen Murthy,43,M,A1,REPEAT-002
16086,10739,Girish Rao,42,M,A1,
16087,10739,Shwetha Bhat,35,F,A2,
16088,10740,Radha Reddy,44,F,A1,REPEAT-055
16089,10741,Priya Reddy,30,F,A1,
16090,10742,Raghu Bhat,51,M,A1,
16091,10743,Roopa Reddy,47,F,A1,
16092,10744,Radha Reddy,44,F,A1,REPEAT-055
16093,10744,Anil Patil,37,M,A2,
16094,10745,Mahesh Kumar,50,M,A1,
16095,10746,Prakash Kumar,32,M,A1,
16096,10747,Anita Shetty,29,F,A1,REPEAT-019
16097,10747,Mahesh Kumar,19,M,A2,
16098,10748,Prakash Reddy,28,M,A1,
16099,10748,Priya Patil,33,F,A2,
16100,10749,Geeta Reddy,55,F,A1,
16101,10749,Rekha Kumar,36,F,A2,
16102,10749,Raghu Reddy,34,M,A3,
16103,10750,Yogesh Naidu,24,M,A1,REPEAT-001
16104,10750,Kumar Bhat,23,M,A2,
16105,10751,Ravi Setty,28,M,A1,
16106,10752,Manjula Rao,24,F,A1,
16107,10753,Srinivas Naidu,37,M,A1,REPEAT-049
16108,10754,Raghu Iyer,35,M,A1,
16109,10754,Ravi Patil,44,M,A2,
16110,10754,Anil Achar,38,M,A3,
16111,10755,Yogesh Setty,38,M,A1,
16112,10755,Nagaraj Kumar,21,M,A2,
16113,10756,Lakshmi Reddy,34,F,A1,
16114,10756,Deepa Hegde,34,F,A2,
16115,10757,Raghu Setty,32,M,A1,
16116,10757,Raghu Shetty,38,M,A2,
16117,10758,Manjula Gowda,27,F,A1,
16118,10758,Shivaraj Hegde,19,M,A2,
16119,10758,Anita Iyer,26,F,A3,
16120,10759,Bhagya Bhat,23,F,A1,
16121,10759,Suresh Kumar,38,M,A2,
16122,10760,Rekha Shetty,23,F,A1,
16123,10761,Raghu Iyer,29,M,A1,
16124,10761,Manjula Murthy,18,F,A2,
16125,10762,Shobha Shetty,31,F,A1,REPEAT-017
16126,10763,Lakshmi Murthy,45,F,A1,REPEAT-044
16127,10764,Santosh Patil,47,M,A1,
16128,10765,Yogesh Naidu,24,M,A1,REPEAT-001
16129,10766,Pooja Reddy,51,F,A1,
16130,10767,Anil Patil,35,M,A1,
16131,10768,Harish Naik,24,M,A1,
16132,10769,Priya Patil,29,F,A1,
16133,10770,Manjunath Murthy,26,M,A1,REPEAT-025
16134,10771,Raghu Murthy,38,M,A1,
16135,10772,Ramesh Iyer,36,M,A1,
16136,10772,Srinivas Gowda,43,M,A2,
16137,10772,Shivaraj Naidu,54,M,A3,
16138,10773,Naveen Naidu,24,M,A1,
16139,10774,Naveen Murthy,43,M,A1,REPEAT-002
16140,10775,Bhagya Murthy,38,F,A1,
16141,10776,Anil Rao,25,M,A1,
16142,10777,Manjunath Murthy,26,M,A1,REPEAT-025
16143,10777,Ramesh Hegde,35,M,A2,
16144,10778,Bhagya Naik,25,F,A1,
16145,10779,Nandini Patil,43,F,A1,
16146,10779,Rekha Rao,19,F,A2,
16147,10779,Shobha Reddy,18,F,A3,
16148,10780,Shwetha Patil,20,F,A1,
16149,10781,Ganesh Hegde,36,M,A1,REPEAT-060
16150,10782,Basavaraj Murthy,42,M,A1,
16151,10783,Naveen Gowda,52,M,A1,
16152,10784,Girish Naik,32,M,A1,
16153,10785,Kumar Reddy,29,M,A1,
16154,10785,Girish Bhat,47,M,A2,
16155,10786,Naveen Murthy,43,M,A1,REPEAT-002
16156,10787,Srinivas Setty,53,M,A1,
16157,10787,Suresh Patil,33,M,A2,
16158,10788,Basavaraj Bhat,21,M,A1,
16159,10788,Srinivas Naik,34,M,A2,
16160,10788,Manjunath Shetty,42,M,A3,
16161,10789,Anita Patil,40,F,A1,
16162,10790,Manjula Setty,43,F,A1,
16163,10791,Roopa Murthy,26,F,A1,
16164,10792,Ravi Reddy,33,M,A1,
16165,10792,Ravi Rao,22,M,A2,
16166,10792,Shivaraj Shetty,25,M,A3,
16167,10793,Radha Reddy,44,F,A1,REPEAT-055
16168,10793,Radha Gowda,51,F,A2,
16169,10793,Nandini Kumar,34,F,A3,
16170,10794,Shivaraj Gowda,38,M,A1,
16171,10794,Basavaraj Reddy,21,M,A2,
16172,10795,Shivaraj Gowda,48,M,A1,
16173,10796,Ganesh Gowda,21,M,A1,REPEAT-020
16174,10797,Kumar Rao,45,M,A1,REPEAT-018
16175,10797,Sunita Kumar,37,F,A2,
16176,10798,Mahesh Shetty,37,M,A1,REPEAT-022
16177,10799,Kumar Hegde,54,M,A1,
16178,10800,Mahesh Gowda,47,M,A1,
16179,10800,Rekha Patil,29,F,A2,
16180,10800,Kavya Shetty,35,F,A3,
16181,10801,Pooja Achar,54,F,A1,
16182,10801,Shivaraj Setty,47,M,A2,
16183,10802,Manjunath Kumar,22,M,A1,
16184,10803,Girish Kumar,22,M,A1,
16185,10803,Prakash Rao,35,M,A2,
16186,10804,Naveen Reddy,50,M,A1,
16187,10804,Rekha Reddy,27,F,A2,
16188,10804,Shivaraj Achar,48,M,A3,
16189,10805,Ravi Rao,46,M,A1,
16190,10806,Nagaraj Rao,33,M,A1,
16191,10807,Shwetha Iyer,53,F,A1,
16192,10808,Yogesh Poojary,33,M,A1,
16193,10809,Kumar Setty,48,M,A1,
16194,10809,Kavya Rao,22,F,A2,
16195,10810,Mahesh Naidu,40,M,A1,
16196,10811,Ganesh Shetty,40,M,A1,REPEAT-029
16197,10812,Prakash Reddy,55,M,A1,
16198,10812,Mahesh Naik,33,M,A2,
16199,10813,Lakshmi Hegde,46,F,A1,
16200,10814,Manjunath Achar,43,M,A1,
16201,10815,Manjunath Bhat,32,M,A1,REPEAT-030
16202,10816,Ravi Kumar,36,M,A1,
16203,10817,Manjunath Setty,44,M,A1,REPEAT-016
16204,10817,Raghu Achar,49,M,A2,
16205,10818,Mahesh Achar,51,M,A1,
16206,10818,Raghu Shetty,54,M,A2,
16207,10819,Yogesh Hegde,21,M,A1,
16208,10819,Vijay Murthy,19,M,A2,
16209,10820,Srinivas Murthy,27,M,A1,
16210,10820,Srinivas Naidu,55,M,A2,
16211,10821,Mahesh Shetty,37,M,A1,REPEAT-022
16212,10822,Ramesh Naik,26,M,A1,
16213,10823,Yogesh Rao,27,M,A1,
16214,10823,Ravi Poojary,51,M,A2,
16215,10823,Ravi Achar,44,M,A3,
16216,10824,Manjunath Poojary,33,M,A1,
16217,10825,Girish Naidu,35,M,A1,
16218,10826,Anita Hegde,31,F,A1,
16219,10827,Priya Setty,30,F,A1,
16220,10827,Mahesh Naik,39,M,A2,
16221,10827,Geeta Naik,45,F,A3,
16222,10828,Nandini Poojary,40,F,A1,
16223,10829,Mahesh Shetty,38,M,A1,REPEAT-022
16224,10830,Kavya Murthy,29,F,A1,
16225,10831,Shwetha Gowda,38,F,A1,
16226,10832,Anil Naik,20,M,A1,
16227,10833,Basavaraj Bhat,29,M,A1,
16228,10833,Basavaraj Naik,37,M,A2,
16229,10834,Ganesh Murthy,52,M,A1,
16230,10834,Suresh Bhat,50,M,A2,
16231,10834,Naveen Rao,32,M,A3,
16232,10835,Shwetha Patil,42,F,A1,
16233,10835,Harish Naidu,32,M,A2,
16234,10835,Radha Naik,52,F,A3,
16235,10836,Manjunath Setty,43,M,A1,REPEAT-016
16236,10836,Srinivas Naidu,25,M,A2,
16237,10837,Santosh Kumar,29,M,A1,
16238,10838,Mahesh Murthy,23,M,A1,REPEAT-033
16239,10838,Kavya Setty,34,F,A2,
16240,10839,Santosh Reddy,42,M,A1,
16241,10839,Savitha Rao,36,F,A2,
16242,10840,Nagaraj Poojary,49,M,A1,
16243,10841,Pooja Reddy,55,F,A1,
16244,10842,Harish Iyer,43,M,A1,
16245,10843,Ramesh Achar,37,M,A1,
16246,10844,Ramesh Poojary,29,M,A1,
16247,10845,Vidya Poojary,53,F,A1,
16248,10845,Basavaraj Shetty,23,M,A2,
16249,10846,Naveen Iyer,37,M,A1,
16250,10847,Srinivas Bhat,41,M,A1,
16251,10848,Priya Rao,37,F,A1,
16252,10849,Shivaraj Kumar,54,M,A1,
16253,10849,Anil Naidu,34,M,A2,
16254,10849,Girish Naik,54,M,A3,
16255,10850,Yogesh Naidu,25,M,A1,REPEAT-001
16256,10851,Mahesh Shetty,37,M,A1,REPEAT-022
16257,10851,Raghu Naik,24,M,A2,
16258,10852,Nandini Achar,35,F,A1,
16259,10853,Kavya Shetty,37,F,A1,
16260,10853,Kavya Gowda,51,F,A2,
16261,10854,Kavya Gowda,50,F,A1,
16262,10854,Kavya Hegde,38,F,A2,
16263,10855,Raghu Reddy,48,M,A1,
16264,10856,Ganesh Bhat,23,M,A1,
16265,10857,Ravi Setty,42,M,A1,
16266,10857,Suresh Bhat,51,M,A2,
16267,10858,Naveen Murthy,44,M,A1,REPEAT-002
16268,10858,Raghu Naidu,46,M,A2,
16269,10858,Ramesh Patil,19,M,A3,
16270,10859,Kumar Setty,44,M,A1,
16271,10859,Shivaraj Setty,34,M,A2,
16272,10860,Manjula Naik,40,F,A1,
16273,10861,Lakshmi Kumar,46,F,A1,
16274,10862,Pooja Poojary,44,F,A1,
16275,10862,Savitha Achar,23,F,A2,
16276,10862,Kumar Naidu,36,M,A3,
16277,10863,Sunita Achar,45,F,A1,
16278,10863,Girish Achar,45,M,A2,
16279,10864,Radha Gowda,44,F,A1,
16280,10865,Manjunath Poojary,34,M,A1,REPEAT-004
16281,10866,Harish Achar,45,M,A1,REPEAT-057
16282,10866,Manjunath Hegde,49,M,A2,
16283,10867,Shwetha Gowda,52,F,A1,
16284,10868,Yogesh Kumar,45,M,A1,REPEAT-050
16285,10869,Priya Murthy,50,F,A1,
16286,10869,Srinivas Naidu,39,M,A2,
16287,10870,Basavaraj Reddy,50,M,A1,
16288,10871,Naveen Gowda,37,M,A1,
16289,10872,Vijay Hegde,20,M,A1,
16290,10873,Vijay Setty,40,M,A1,
16291,10874,Manjula Kumar,49,F,A1,
16292,10875,Chaya Poojary,36,F,A1,
16293,10876,Priya Achar,49,F,A1,
16294,10877,Kumar Hegde,19,M,A1,
16295,10877,Prakash Iyer,34,M,A2,
16296,10878,Rekha Bhat,42,F,A1,REPEAT-047
16297,10878,Anil Poojary,55,M,A2,
16298,10878,Kumar Gowda,41,M,A3,
16299,10879,Mahesh Murthy,24,M,A1,REPEAT-033
16300,10879,Raghu Hegde,23,M,A2,
16301,10880,Basavaraj Bhat,39,M,A1,
16302,10880,Prakash Naik,33,M,A2,
16303,10881,Roopa Naidu,43,F,A1,
16304,10882,Shivaraj Kumar,29,M,A1,REPEAT-024
16305,10883,Kumar Reddy,52,M,A1,
16306,10883,Deepa Naik,27,F,A2,
16307,10883,Suresh Naik,34,M,A3,
16308,10884,Naveen Murthy,43,M,A1,REPEAT-002
16309,10884,Harish Reddy,18,M,A2,
16310,10885,Yogesh Reddy,34,M,A1,
16311,10886,Shivaraj Kumar,29,M,A1,REPEAT-024
16312,10887,Mahesh Iyer,34,M,A1,
16313,10888,Harish Achar,46,M,A1,REPEAT-057
16314,10889,Deepa Patil,33,F,A1,
16315,10889,Radha Poojary,20,F,A2,
16316,10890,Mahesh Shetty,37,M,A1,REPEAT-022
16317,10891,Mahesh Shetty,37,M,A1,REPEAT-022
16318,10892,Naveen Naidu,54,M,A1,
16319,10892,Rekha Hegde,42,F,A2,
16320,10893,Manjula Naidu,19,F,A1,
16321,10893,Raghu Poojary,26,M,A2,
16322,10893,Manjunath Hegde,44,M,A3,
16323,10894,Kavya Bhat,45,F,A1,
16324,10895,Mahesh Patil,48,M,A1,
16325,10896,Priya Murthy,23,F,A1,REPEAT-010
16326,10897,Nandini Shetty,22,F,A1,REPEAT-011
16327,10898,Suresh Rao,48,M,A1,
16328,10898,Anita Setty,43,F,A2,
16329,10899,Lakshmi Rao,37,F,A1,
16330,10900,Kumar Kumar,43,M,A1,
16331,10900,Shwetha Patil,30,F,A2,
16332,10901,Naveen Setty,33,M,A1,REPEAT-036
16333,10902,Nagaraj Achar,36,M,A1,
16334,10903,Manjula Kumar,38,F,A1,
16335,10904,Sowmya Achar,20,F,A1,
16336,10904,Yogesh Gowda,34,M,A2,
16337,10904,Manjunath Rao,18,M,A3,
16338,10905,Shivaraj Poojary,54,M,A1,
16339,10905,Basavaraj Poojary,40,M,A2,
16340,10906,Geeta Hegde,32,F,A1,
16341,10907,Vijay Bhat,18,M,A1,
16342,10908,Nagaraj Iyer,18,M,A1,
16343,10909,Raghu Gowda,27,M,A1,
16344,10910,Nandini Poojary,23,F,A1,
16345,10911,Manjunath Murthy,26,M,A1,REPEAT-025
16346,10912,Geeta Naidu,34,F,A1,
16347,10913,Manjunath Bhat,33,M,A1,REPEAT-030
16348,10913,Ramesh Gowda,49,M,A2,
16349,10913,Nagaraj Hegde,46,M,A3,
16350,10914,Deepa Murthy,22,F,A1,
16351,10914,Bhagya Achar,27,F,A2,
16352,10915,Kavya Hegde,18,F,A1,
16353,10916,Rekha Hegde,26,F,A1,
16354,10917,Vijay Shetty,21,M,A1,REPEAT-007
16355,10917,Mahesh Naidu,24,M,A2,
16356,10918,Nandini Shetty,22,F,A1,REPEAT-011
16357,10918,Harish Reddy,28,M,A2,
16358,10919,Vijay Naidu,20,M,A1,
16359,10920,Basavaraj Shetty,35,M,A1,
16360,10921,Nagaraj Setty,46,M,A1,REPEAT-003
16361,10921,Harish Setty,22,M,A2,
16362,10922,Sunita Shetty,25,F,A1,
16363,10922,Kumar Iyer,21,M,A2,
16364,10923,Shivaraj Shetty,44,M,A1,
16365,10923,Suresh Kumar,24,M,A2,
16366,10924,Girish Bhat,30,M,A1,
16367,10925,Prakash Shetty,30,M,A1,
16368,10926,Savitha Reddy,42,F,A1,
16369,10927,Anil Gowda,50,M,A1,
16370,10928,Suresh Reddy,27,M,A1,
16371,10929,Prakash Bhat,45,M,A1,
16372,10930,Savitha Shetty,42,F,A1,
16373,10931,Harish Patil,40,M,A1,REPEAT-053
16374,10932,Ganesh Murthy,38,M,A1,
16375,10933,Nandini Gowda,40,F,A1,
16376,10934,Kumar Setty,51,M,A1,
16377,10934,Harish Poojary,41,M,A2,
16378,10935,Santosh Patil,51,M,A1,
16379,10936,Manjunath Patil,35,M,A1,
16380,10936,Naveen Murthy,45,M,A2,
16381,10937,Santosh Naik,44,M,A1,
16382,10937,Kumar Patil,21,M,A2,
16383,10937,Santosh Kumar,29,M,A3,
16384,10938,Shivaraj Kumar,30,M,A1,REPEAT-024
16385,10938,Shobha Patil,31,F,A2,
16386,10939,Harish Naik,29,M,A1,
16387,10940,Geeta Rao,48,F,A1,
16388,10940,Shivaraj Achar,20,M,A2,
16389,10941,Manjunath Murthy,25,M,A1,REPEAT-025
16390,10941,Raghu Hegde,53,M,A2,
16391,10941,Ravi Achar,50,M,A3,
16392,10942,Vijay Patil,30,M,A1,
16393,10943,Suresh Achar,25,M,A1,
16394,10943,Pooja Gowda,38,F,A2,
16395,10944,Mahesh Murthy,24,M,A1,REPEAT-033
16396,10945,Lakshmi Shetty,51,F,A1,
16397,10946,Raghu Poojary,41,M,A1,
16398,10946,Manjunath Naik,52,M,A2,
16399,10947,Manjunath Murthy,25,M,A1,REPEAT-025
16400,10948,Shivaraj Kumar,30,M,A1,REPEAT-024
16401,10948,Kavya Rao,30,F,A2,
16402,10949,Kavya Bhat,26,F,A1,
16403,10950,Sowmya Murthy,46,F,A1,
16404,10950,Manjunath Bhat,35,M,A2,
16405,10950,Shivaraj Gowda,34,M,A3,
16406,10951,Priya Kumar,40,F,A1,
16407,10951,Geeta Rao,43,F,A2,
16408,10952,Kumar Naidu,22,M,A1,
16409,10953,Lakshmi Reddy,24,F,A1,
16410,10954,Vijay Gowda,46,M,A1,
16411,10955,Geeta Murthy,34,F,A1,
16412,10956,Nagaraj Naidu,47,M,A1,
16413,10957,Nandini Kumar,43,F,A1,REPEAT-012
16414,10957,Vidya Hegde,31,F,A2,
16415,10958,Prakash Patil,29,M,A1,
16416,10959,Priya Reddy,54,F,A1,
16417,10959,Basavaraj Hegde,45,M,A2,
16418,10960,Mahesh Rao,51,M,A1,
16419,10960,Lakshmi Setty,45,F,A2,
16420,10960,Nagaraj Shetty,50,M,A3,
16421,10961,Nagaraj Shetty,41,M,A1,
16422,10962,Prakash Iyer,27,M,A1,
16423,10963,Suresh Patil,33,M,A1,
16424,10964,Yogesh Kumar,44,M,A1,REPEAT-050
16425,10965,Suresh Naik,55,M,A1,
16426,10966,Nandini Shetty,22,F,A1,REPEAT-011
16427,10966,Vijay Rao,42,M,A2,
16428,10967,Manjunath Shetty,43,M,A1,
16429,10967,Yogesh Patil,26,M,A2,
16430,10968,Yogesh Kumar,45,M,A1,REPEAT-050
16431,10969,Vijay Bhat,29,M,A1,
16432,10970,Anil Gowda,48,M,A1,
16433,10971,Naveen Shetty,27,M,A1,
16434,10972,Roopa Kumar,21,F,A1,
16435,10973,Naveen Achar,53,M,A1,
16436,10973,Lakshmi Iyer,21,F,A2,
16437,10974,Ganesh Hegde,37,M,A1,REPEAT-060
16438,10975,Radha Kumar,39,F,A1,
16439,10976,Yogesh Setty,28,M,A1,
16440,10976,Raghu Murthy,45,M,A2,
16441,10976,Mahesh Shetty,31,M,A3,
16442,10977,Ravi Murthy,54,M,A1,
16443,10978,Basavaraj Reddy,50,M,A1,
16444,10979,Ganesh Hegde,47,M,A1,
16445,10979,Kavya Naidu,38,F,A2,
16446,10980,Shwetha Bhat,24,F,A1,
16447,10981,Naveen Setty,30,M,A1,
16448,10982,Naveen Poojary,36,M,A1,
16449,10982,Ganesh Naidu,27,M,A2,
16450,10983,Priya Murthy,24,F,A1,REPEAT-010
16451,10984,Yogesh Patil,27,M,A1,
16452,10984,Raghu Iyer,51,M,A2,
16453,10985,Rekha Naidu,26,F,A1,
16454,10985,Ramesh Patil,20,M,A2,
16455,10985,Raghu Reddy,33,M,A3,
16456,10986,Roopa Achar,30,F,A1,
16457,10987,Priya Patil,36,F,A1,
16458,10988,Anil Bhat,35,M,A1,REPEAT-005
16459,10989,Chaya Gowda,53,F,A1,
16460,10990,Manjunath Bhat,32,M,A1,REPEAT-030
16461,10991,Manjunath Bhat,46,M,A1,
16462,10991,Nagaraj Rao,46,M,A2,
16463,10991,Anita Setty,21,F,A3,
16464,10992,Harish Murthy,29,M,A1,
16465,10993,Harish Setty,46,M,A1,
16466,10994,Anil Hegde,25,M,A1,
16467,10995,Nagaraj Shetty,48,M,A1,
16468,10996,Santosh Rao,31,M,A1,
16469,10996,Ganesh Reddy,42,M,A2,
16470,10997,Shivaraj Naik,29,M,A1,
16471,10998,Roopa Bhat,40,F,A1,
16472,10999,Ganesh Naik,27,M,A1,
16473,10999,Girish Iyer,32,M,A2,
16474,10999,Sowmya Gowda,49,F,A3,
16475,11000,Shivaraj Gowda,28,M,A1,
16476,11001,Manjunath Gowda,46,M,A1,
16477,11002,Nagaraj Iyer,29,M,A1,
16478,11002,Naveen Poojary,46,M,A2,
16479,11002,Anil Kumar,40,M,A3,
16480,11003,Naveen Reddy,23,M,A1,
16481,11004,Mahesh Reddy,25,M,A1,
16482,11005,Naveen Murthy,43,M,A1,REPEAT-002
16483,11006,Lakshmi Murthy,45,F,A1,REPEAT-044
16484,11007,Manjunath Bhat,33,M,A1,REPEAT-030
16485,11008,Yogesh Achar,37,M,A1,
16486,11008,Yogesh Kumar,33,M,A2,
16487,11009,Basavaraj Reddy,42,M,A1,REPEAT-031
16488,11010,Srinivas Setty,29,M,A1,
16489,11011,Suresh Poojary,30,M,A1,
16490,11011,Shivaraj Iyer,25,M,A2,
16491,11011,Basavaraj Naik,31,M,A3,
16492,11012,Ravi Iyer,53,M,A1,
16493,11013,Yogesh Hegde,31,M,A1,
16494,11014,Shivaraj Patil,21,M,A1,
16495,11015,Anita Shetty,28,F,A1,REPEAT-019
16496,11016,Roopa Naik,18,F,A1,
16497,11016,Pooja Hegde,23,F,A2,
16498,11017,Shwetha Rao,49,F,A1,
16499,11017,Rekha Gowda,53,F,A2,
16500,11018,Chaya Kumar,29,F,A1,
16501,11018,Yogesh Shetty,34,M,A2,
16502,11019,Yogesh Patil,54,M,A1,
16503,11020,Srinivas Bhat,18,M,A1,
16504,11021,Vijay Setty,54,M,A1,
16505,11022,Radha Bhat,27,F,A1,
16506,11023,Yogesh Naidu,25,M,A1,REPEAT-001
16507,11024,Lakshmi Murthy,45,F,A1,REPEAT-044
16508,11025,Srinivas Naidu,38,M,A1,REPEAT-049
16509,11025,Mahesh Murthy,37,M,A2,
16510,11025,Lakshmi Setty,30,F,A3,
16511,11026,Girish Achar,49,M,A1,
16512,11027,Ramesh Patil,48,M,A1,
16513,11028,Basavaraj Setty,44,M,A1,
16514,11029,Harish Naidu,37,M,A1,REPEAT-015
16515,11030,Savitha Reddy,28,F,A1,
16516,11030,Suresh Rao,26,M,A2,
16517,11031,Raghu Naik,49,M,A1,
16518,11031,Chaya Shetty,46,F,A2,
16519,11032,Radha Iyer,42,F,A1,
16520,11033,Shobha Naik,28,F,A1,
16521,11034,Mahesh Murthy,24,M,A1,REPEAT-033
16522,11035,Santosh Achar,38,M,A1,
16523,11035,Vijay Setty,55,M,A2,
16524,11036,Ramesh Poojary,22,M,A1,
16525,11037,Shobha Shetty,31,F,A1,REPEAT-017
16526,11038,Srinivas Achar,29,M,A1,
16527,11039,Srinivas Naik,54,M,A1,
16528,11039,Kumar Shetty,48,M,A2,
16529,11039,Girish Hegde,26,M,A3,
16530,11040,Lakshmi Gowda,22,F,A1,
16531,11041,Geeta Naidu,19,F,A1,
16532,11041,Bhagya Kumar,45,F,A2,
16533,11042,Geeta Iyer,53,F,A1,
16534,11042,Rekha Hegde,22,F,A2,
16535,11043,Chaya Bhat,35,F,A1,
16536,11044,Ramesh Hegde,51,M,A1,
16537,11045,Srinivas Naidu,37,M,A1,REPEAT-049
16538,11045,Geeta Naidu,30,F,A2,
16539,11045,Srinivas Shetty,22,M,A3,
16540,11046,Vijay Iyer,32,M,A1,
16541,11047,Manjula Murthy,44,F,A1,
16542,11048,Naveen Murthy,44,M,A1,REPEAT-002
16543,11049,Priya Patil,25,F,A1,
16544,11049,Girish Iyer,53,M,A2,
16545,11050,Naveen Reddy,47,M,A1,
16546,11051,Deepa Bhat,38,F,A1,
16547,11052,Savitha Naik,21,F,A1,
16548,11053,Suresh Murthy,27,M,A1,
16549,11054,Raghu Murthy,32,M,A1,
16550,11055,Savitha Naik,50,F,A1,
16551,11056,Santosh Bhat,45,M,A1,
16552,11056,Roopa Achar,40,F,A2,
16553,11057,Raghu Setty,32,M,A1,
16554,11057,Harish Naidu,23,M,A2,
16555,11058,Vijay Iyer,45,M,A1,
16556,11059,Manjunath Naidu,45,M,A1,
16557,11060,Srinivas Rao,38,M,A1,
16558,11060,Kumar Shetty,31,M,A2,
16559,11061,Suresh Naik,38,M,A1,REPEAT-042
16560,11062,Basavaraj Hegde,20,M,A1,
16561,11063,Manjunath Gowda,51,M,A1,
16562,11063,Vijay Shetty,25,M,A2,
16563,11064,Radha Reddy,44,F,A1,REPEAT-055
16564,11065,Anita Hegde,42,F,A1,
16565,11066,Sowmya Poojary,28,F,A1,
16566,11067,Anita Shetty,29,F,A1,REPEAT-019
16567,11067,Kumar Patil,45,M,A2,
16568,11068,Yogesh Kumar,44,M,A1,REPEAT-050
16569,11068,Shivaraj Rao,55,M,A2,
16570,11068,Bhagya Patil,44,F,A3,
16571,11069,Anil Bhat,41,M,A1,REPEAT-054
16572,11069,Raghu Setty,18,M,A2,
16573,11070,Shivaraj Patil,26,M,A1,
16574,11071,Lakshmi Iyer,26,F,A1,
16575,11072,Anita Naidu,32,F,A1,
16576,11072,Mahesh Bhat,37,M,A2,
16577,11073,Yogesh Shetty,19,M,A1,
16578,11074,Vijay Bhat,30,M,A1,
16579,11074,Naveen Hegde,40,M,A2,
16580,11075,Santosh Rao,37,M,A1,
16581,11076,Manjunath Reddy,23,M,A1,
16582,11076,Manjula Poojary,29,F,A2,
16583,11077,Sunita Iyer,27,F,A1,
16584,11077,Manjunath Murthy,39,M,A2,
16585,11078,Kumar Iyer,20,M,A1,REPEAT-038
16586,11079,Naveen Patil,45,M,A1,
16587,11080,Naveen Setty,32,M,A1,REPEAT-036
16588,11080,Ramesh Hegde,51,M,A2,
16589,11081,Priya Patil,40,F,A1,
16590,11082,Sunita Bhat,36,F,A1,
16591,11082,Suresh Bhat,42,M,A2,
16592,11083,Vidya Reddy,29,F,A1,
16593,11084,Kumar Poojary,48,M,A1,
16594,11085,Sowmya Rao,35,F,A1,
16595,11086,Vidya Patil,34,F,A1,
16596,11087,Kavya Gowda,20,F,A1,
16597,11088,Kumar Rao,44,M,A1,REPEAT-018
16598,11088,Nagaraj Murthy,45,M,A2,
16599,11088,Rekha Hegde,55,F,A3,
16600,11089,Yogesh Naidu,38,M,A1,
16601,11090,Ganesh Naidu,31,M,A1,
16602,11091,Nandini Naik,26,F,A1,
16603,11091,Ravi Hegde,25,M,A2,
16604,11092,Anita Patil,24,F,A1,REPEAT-014
16605,11093,Prakash Naik,41,M,A1,REPEAT-032
16606,11093,Ravi Poojary,23,M,A2,
16607,11094,Harish Patil,52,M,A1,
16608,11094,Nagaraj Kumar,37,M,A2,
16609,11094,Sunita Hegde,46,F,A3,
16610,11095,Vijay Shetty,21,M,A1,REPEAT-007
16611,11096,Manjunath Patil,47,M,A1,
16612,11097,Pooja Gowda,37,F,A1,
16613,11098,Harish Kumar,25,M,A1,
16614,11098,Suresh Bhat,20,M,A2,
16615,11099,Roopa Bhat,23,F,A1,
16616,11100,Naveen Setty,34,M,A1,
16617,11101,Roopa Setty,44,F,A1,
16618,11102,Kavya Shetty,44,F,A1,
16619,11102,Manjula Kumar,27,F,A2,
16620,11103,Naveen Murthy,43,M,A1,REPEAT-002
16621,11104,Chaya Murthy,41,F,A1,
16622,11105,Basavaraj Patil,31,M,A1,
16623,11105,Manjunath Bhat,44,M,A2,
16624,11106,Ganesh Murthy,53,M,A1,
16625,11107,Rekha Poojary,49,F,A1,
16626,11108,Shivaraj Murthy,25,M,A1,
16627,11108,Basavaraj Gowda,34,M,A2,
16628,11108,Anil Naik,18,M,A3,
16629,11109,Kumar Iyer,20,M,A1,REPEAT-038
16630,11109,Sowmya Murthy,47,F,A2,
16631,11110,Bhagya Gowda,35,F,A1,
16632,11111,Basavaraj Rao,40,M,A1,
16633,11112,Anita Gowda,33,F,A1,
16634,11113,Shobha Shetty,31,F,A1,REPEAT-017
16635,11113,Shwetha Bhat,43,F,A2,
16636,11114,Vijay Reddy,33,M,A1,
16637,11115,Ramesh Setty,52,M,A1,
16638,11115,Deepa Kumar,21,F,A2,
16639,11115,Kumar Bhat,38,M,A3,
16640,11116,Mahesh Shetty,38,M,A1,REPEAT-022
16641,11117,Suresh Murthy,51,M,A1,
16642,11117,Prakash Naidu,38,M,A2,
16643,11118,Raghu Patil,22,M,A1,
16644,11119,Vijay Rao,36,M,A1,
16645,11119,Kavya Achar,44,F,A2,
16646,11119,Anita Murthy,50,F,A3,
16647,11120,Rekha Hegde,45,F,A1,
16648,11120,Vijay Reddy,35,M,A2,
16649,11121,Anil Achar,25,M,A1,
16650,11122,Raghu Iyer,25,M,A1,
16651,11123,Chaya Gowda,34,F,A1,
16652,11124,Anil Bhat,35,M,A1,REPEAT-005
16653,11125,Naveen Poojary,40,M,A1,
16654,11126,Shobha Setty,32,F,A1,
16655,11127,Vidya Murthy,21,F,A1,
16656,11128,Srinivas Naik,50,M,A1,
16657,11128,Vidya Kumar,28,F,A2,
16658,11128,Anil Naidu,52,M,A3,
16659,11129,Ramesh Gowda,48,M,A1,
16660,11130,Savitha Shetty,48,F,A1,
16661,11131,Bhagya Hegde,45,F,A1,
16662,11131,Suresh Kumar,34,M,A2,
16663,11131,Geeta Bhat,32,F,A3,
16664,11132,Kumar Iyer,20,M,A1,REPEAT-038
16665,11133,Bhagya Achar,53,F,A1,
16666,11133,Shobha Naik,18,F,A2,
16667,11134,Mahesh Shetty,38,M,A1,REPEAT-022
16668,11135,Harish Achar,45,M,A1,REPEAT-057
16669,11135,Kumar Poojary,21,M,A2,
16670,11136,Mahesh Achar,49,M,A1,
16671,11137,Srinivas Hegde,32,M,A1,REPEAT-046
16672,11138,Ravi Naik,36,M,A1,
16673,11139,Prakash Poojary,36,M,A1,REPEAT-028
16674,11139,Prakash Achar,19,M,A2,
16675,11139,Girish Hegde,19,M,A3,
16676,11140,Mahesh Murthy,21,M,A1,
16677,11140,Roopa Murthy,36,F,A2,
16678,11141,Rekha Naik,20,F,A1,
16679,11142,Santosh Naidu,22,M,A1,
16680,11143,Ravi Reddy,48,M,A1,
16681,11144,Kumar Iyer,20,M,A1,REPEAT-038
16682,11145,Ramesh Bhat,53,M,A1,
16683,11145,Srinivas Poojary,32,M,A2,
16684,11146,Vidya Bhat,27,F,A1,
16685,11146,Vijay Shetty,20,M,A2,
16686,11147,Anita Shetty,28,F,A1,REPEAT-019
16687,11148,Shivaraj Gowda,54,M,A1,
16688,11148,Ravi Naik,51,M,A2,
16689,11149,Raghu Gowda,23,M,A1,
16690,11149,Yogesh Setty,39,M,A2,
16691,11150,Sunita Shetty,27,F,A1,
16692,11150,Ravi Gowda,40,M,A2,
16693,11151,Naveen Iyer,49,M,A1,
16694,11151,Vijay Naidu,28,M,A2,
16695,11152,Manjunath Patil,29,M,A1,
16696,11152,Rekha Achar,22,F,A2,
16697,11152,Ramesh Patil,24,M,A3,
16698,11153,Roopa Achar,35,F,A1,
16699,11153,Shwetha Gowda,55,F,A2,
16700,11153,Ganesh Setty,49,M,A3,
16701,11154,Mahesh Shetty,37,M,A1,REPEAT-022
16702,11154,Srinivas Setty,19,M,A2,
16703,11155,Ganesh Poojary,54,M,A1,
16704,11156,Ravi Bhat,18,M,A1,
16705,11157,Naveen Kumar,41,M,A1,
16706,11158,Harish Naik,28,M,A1,
16707,11159,Basavaraj Rao,41,M,A1,
16708,11159,Ganesh Murthy,22,M,A2,
16709,11160,Ravi Setty,20,M,A1,
16710,11161,Prakash Poojary,33,M,A1,
16711,11162,Geeta Reddy,33,F,A1,
16712,11162,Lakshmi Rao,53,F,A2,
16713,11163,Yogesh Naidu,24,M,A1,REPEAT-001
16714,11163,Raghu Poojary,45,M,A2,
16715,11164,Kumar Poojary,26,M,A1,
16716,11164,Ganesh Gowda,22,M,A2,
16717,11165,Manjunath Hegde,53,M,A1,
16718,11166,Suresh Setty,31,M,A1,
16719,11166,Ganesh Gowda,22,M,A2,
16720,11167,Mahesh Shetty,38,M,A1,REPEAT-022
16721,11168,Anil Setty,29,M,A1,
16722,11169,Anita Shetty,28,F,A1,REPEAT-019
16723,11169,Ganesh Murthy,53,M,A2,
16724,11170,Suresh Hegde,44,M,A1,
16725,11171,Anita Gowda,38,F,A1,
16726,11172,Raghu Reddy,35,M,A1,
16727,11172,Basavaraj Kumar,22,M,A2,
16728,11173,Lakshmi Murthy,21,F,A1,
16729,11173,Sunita Murthy,27,F,A2,
16730,11174,Vijay Naik,22,M,A1,
16731,11174,Prakash Kumar,45,M,A2,
16732,11175,Priya Reddy,31,F,A1,
16733,11176,Srinivas Naik,32,M,A1,
16734,11176,Savitha Achar,53,F,A2,
16735,11176,Mahesh Kumar,40,M,A3,
16736,11177,Ganesh Patil,43,M,A1,
16737,11178,Basavaraj Shetty,40,M,A1,REPEAT-023
16738,11179,Anita Bhat,40,F,A1,
16739,11179,Lakshmi Naik,32,F,A2,
16740,11179,Manjula Rao,32,F,A3,
16741,11180,Mahesh Shetty,38,M,A1,REPEAT-022
16742,11181,Manjunath Reddy,53,M,A1,
16743,11182,Srinivas Iyer,40,M,A1,
16744,11182,Anita Bhat,28,F,A2,
16745,11183,Manjunath Bhat,33,M,A1,REPEAT-030
16746,11184,Vijay Gowda,19,M,A1,
16747,11185,Harish Achar,45,M,A1,REPEAT-057
16748,11186,Raghu Shetty,31,M,A1,
16749,11187,Nagaraj Naik,43,M,A1,
16750,11187,Ganesh Rao,19,M,A2,
16751,11188,Basavaraj Poojary,54,M,A1,
16752,11189,Pooja Reddy,19,F,A1,
16753,11190,Vidya Hegde,53,F,A1,
16754,11190,Deepa Patil,42,F,A2,
16755,11191,Chaya Poojary,53,F,A1,
16756,11192,Lakshmi Murthy,45,F,A1,REPEAT-044
16757,11192,Manjula Naidu,42,F,A2,
16758,11193,Harish Naidu,45,M,A1,
16759,11194,Pooja Kumar,51,F,A1,
16760,11194,Vidya Achar,32,F,A2,
16761,11195,Geeta Gowda,30,F,A1,
16762,11196,Nandini Kumar,42,F,A1,REPEAT-012
16763,11196,Prakash Rao,23,M,A2,
16764,11197,Anil Bhat,35,M,A1,REPEAT-005
16765,11197,Raghu Setty,49,M,A2,
16766,11198,Vijay Hegde,36,M,A1,
16767,11198,Vijay Kumar,30,M,A2,
16768,11199,Shobha Naidu,37,F,A1,
16769,11199,Nagaraj Poojary,20,M,A2,
16770,11200,Roopa Iyer,26,F,A1,
16771,11201,Mahesh Shetty,38,M,A1,REPEAT-022
16772,11201,Naveen Naidu,38,M,A2,
16773,11202,Pooja Gowda,27,F,A1,
16774,11202,Chaya Murthy,45,F,A2,
16775,11203,Girish Reddy,38,M,A1,
16776,11203,Mahesh Patil,31,M,A2,
16777,11203,Geeta Poojary,41,F,A3,
16778,11204,Suresh Kumar,32,M,A1,
16779,11205,Manjula Setty,41,F,A1,
16780,11206,Santosh Poojary,42,M,A1,
16781,11207,Naveen Patil,21,M,A1,
16782,11208,Nagaraj Rao,25,M,A1,REPEAT-026
16783,11208,Santosh Naidu,39,M,A2,
16784,11209,Naveen Murthy,44,M,A1,REPEAT-002
16785,11210,Priya Bhat,31,F,A1,
16786,11211,Naveen Murthy,44,M,A1,REPEAT-002
16787,11212,Geeta Patil,39,F,A1,
16788,11213,Kumar Naidu,21,M,A1,
16789,11214,Kumar Gowda,28,M,A1,
16790,11214,Raghu Murthy,41,M,A2,
16791,11215,Raghu Achar,54,M,A1,
16792,11216,Manjula Shetty,19,F,A1,
16793,11217,Anil Rao,46,M,A1,
16794,11217,Bhagya Kumar,29,F,A2,
16795,11218,Suresh Naik,38,M,A1,REPEAT-042
16796,11218,Manjula Achar,35,F,A2,
16797,11219,Bhagya Rao,22,F,A1,
16798,11220,Pooja Naik,42,F,A1,
16799,11221,Ganesh Kumar,47,M,A1,
16800,11222,Shobha Kumar,40,F,A1,
16801,11223,Deepa Naik,53,F,A1,
16802,11224,Naveen Murthy,43,M,A1,REPEAT-002
16803,11225,Vidya Achar,21,F,A1,
16804,11225,Shivaraj Naik,38,M,A2,
16805,11226,Basavaraj Patil,31,M,A1,
16806,11226,Radha Hegde,35,F,A2,
16807,11227,Kumar Shetty,22,M,A1,
16808,11227,Nandini Iyer,47,F,A2,
16809,11227,Shivaraj Setty,18,M,A3,
16810,11228,Kavya Patil,46,F,A1,
16811,11229,Santosh Rao,29,M,A1,
16812,11229,Geeta Naidu,22,F,A2,
16813,11229,Anil Iyer,52,M,A3,
16814,11230,Ganesh Setty,20,M,A1,
16815,11231,Anil Bhat,53,M,A1,
16816,11232,Ravi Rao,31,M,A1,
16817,11233,Nandini Murthy,50,F,A1,
16818,11234,Kavya Rao,53,F,A1,
16819,11234,Ramesh Rao,20,M,A2,
16820,11234,Raghu Naidu,34,M,A3,
16821,11235,Srinivas Bhat,27,M,A1,
16822,11236,Nagaraj Setty,46,M,A1,REPEAT-003
16823,11236,Vidya Shetty,18,F,A2,
16824,11236,Sunita Bhat,33,F,A3,
16825,11237,Vijay Naik,30,M,A1,
16826,11237,Bhagya Iyer,40,F,A2,
16827,11238,Raghu Kumar,52,M,A1,
16828,11239,Roopa Setty,44,F,A1,
16829,11240,Ganesh Rao,53,M,A1,
16830,11241,Prakash Gowda,29,M,A1,
16831,11241,Savitha Gowda,31,F,A2,
16832,11241,Bhagya Naik,46,F,A3,
16833,11242,Sowmya Bhat,36,F,A1,
16834,11242,Pooja Achar,53,F,A2,
16835,11243,Nagaraj Iyer,26,M,A1,
16836,11243,Naveen Naik,32,M,A2,
16837,11243,Bhagya Hegde,50,F,A3,
16838,11244,Srinivas Hegde,31,M,A1,REPEAT-046
16839,11244,Sunita Iyer,42,F,A2,
16840,11245,Shivaraj Shetty,48,M,A1,
16841,11246,Shivaraj Patil,37,M,A1,
16842,11246,Harish Hegde,24,M,A2,
16843,11247,Mahesh Murthy,24,M,A1,REPEAT-033
16844,11248,Chaya Iyer,31,F,A1,
16845,11249,Shivaraj Patil,41,M,A1,REPEAT-006
16846,11250,Naveen Hegde,35,M,A1,
16847,11251,Naveen Murthy,43,M,A1,REPEAT-002
16848,11252,Geeta Patil,54,F,A1,
16849,11252,Yogesh Hegde,41,M,A2,
16850,11253,Shwetha Naidu,44,F,A1,
16851,11253,Nandini Bhat,40,F,A2,
16852,11254,Naveen Bhat,45,M,A1,
16853,11254,Priya Naik,20,F,A2,
16854,11254,Harish Kumar,18,M,A3,
16855,11255,Shwetha Gowda,46,F,A1,
16856,11256,Naveen Naik,37,M,A1,
16857,11257,Srinivas Kumar,29,M,A1,
16858,11258,Kumar Rao,44,M,A1,
16859,11258,Santosh Naik,39,M,A2,
16860,11259,Ravi Achar,51,M,A1,
16861,11260,Santosh Iyer,42,M,A1,
16862,11260,Srinivas Setty,21,M,A2,
16863,11261,Naveen Naik,21,M,A1,
16864,11261,Ramesh Murthy,40,M,A2,
16865,11261,Bhagya Naidu,44,F,A3,
16866,11262,Naveen Murthy,43,M,A1,REPEAT-002
16867,11263,Raghu Patil,54,M,A1,
16868,11264,Girish Setty,24,M,A1,
16869,11265,Basavaraj Setty,40,M,A1,
16870,11266,Anita Shetty,28,F,A1,REPEAT-019
16871,11266,Manjula Poojary,24,F,A2,
16872,11267,Anil Bhat,34,M,A1,REPEAT-005
16873,11267,Mahesh Bhat,43,M,A2,
16874,11268,Basavaraj Reddy,43,M,A1,REPEAT-031
16875,11268,Nagaraj Kumar,47,M,A2,
16876,11269,Kavya Hegde,52,F,A1,
16877,11269,Nagaraj Achar,47,M,A2,
16878,11270,Srinivas Gowda,25,M,A1,
16879,11270,Ramesh Rao,26,M,A2,
16880,11271,Manjunath Bhat,32,M,A1,REPEAT-030
16881,11272,Geeta Patil,47,F,A1,
16882,11272,Sowmya Naik,26,F,A2,
16883,11273,Harish Bhat,38,M,A1,
16884,11274,Girish Naik,31,M,A1,
16885,11275,Nandini Setty,41,F,A1,
16886,11276,Kavya Naik,34,F,A1,
16887,11277,Manjunath Achar,50,M,A1,
16888,11277,Kumar Poojary,44,M,A2,
16889,11278,Prakash Achar,30,M,A1,
16890,11279,Manjunath Naidu,51,M,A1,
16891,11280,Srinivas Naidu,38,M,A1,REPEAT-049
16892,11280,Ramesh Setty,40,M,A2,
16893,11280,Harish Kumar,20,M,A3,
16894,11281,Manjula Naik,41,F,A1,
16895,11282,Nagaraj Naidu,55,M,A1,
16896,11282,Manjunath Setty,24,M,A2,
16897,11282,Shobha Shetty,38,F,A3,
16898,11283,Harish Setty,30,M,A1,
16899,11284,Rekha Setty,18,F,A1,
16900,11284,Girish Reddy,29,M,A2,
16901,11285,Rekha Rao,48,F,A1,
16902,11286,Nandini Patil,20,F,A1,
16903,11287,Basavaraj Setty,18,M,A1,
16904,11287,Suresh Naik,47,M,A2,
16905,11287,Srinivas Kumar,21,M,A3,
16906,11288,Basavaraj Reddy,49,M,A1,
16907,11289,Vijay Achar,41,M,A1,
16908,11290,Mahesh Bhat,22,M,A1,
16909,11290,Kumar Achar,46,M,A2,
16910,11291,Girish Gowda,35,M,A1,
16911,11291,Shivaraj Naik,25,M,A2,
16912,11292,Savitha Gowda,33,F,A1,
16913,11292,Chaya Shetty,38,F,A2,
16914,11293,Shwetha Naidu,44,F,A1,
16915,11294,Pooja Naidu,27,F,A1,
16916,11295,Geeta Shetty,19,F,A1,
16917,11296,Kavya Poojary,39,F,A1,
16918,11297,Shivaraj Setty,55,M,A1,
16919,11297,Basavaraj Gowda,42,M,A2,
16920,11298,Mahesh Bhat,52,M,A1,
16921,11298,Shwetha Reddy,46,F,A2,
16922,11299,Roopa Patil,28,F,A1,
16923,11299,Suresh Achar,55,M,A2,
16924,11300,Pooja Gowda,36,F,A1,
16925,11301,Lakshmi Bhat,27,F,A1,
16926,11302,Kavya Naidu,35,F,A1,
16927,11302,Shobha Achar,24,F,A2,
16928,11303,Nagaraj Bhat,54,M,A1,
16929,11303,Prakash Kumar,45,M,A2,
16930,11304,Bhagya Iyer,53,F,A1,
16931,11305,Nagaraj Setty,46,M,A1,REPEAT-003
16932,11306,Basavaraj Poojary,39,M,A1,
16933,11306,Prakash Shetty,18,M,A2,
16934,11306,Vijay Setty,55,M,A3,
16935,11307,Basavaraj Setty,50,M,A1,
16936,11307,Rekha Gowda,51,F,A2,
16937,11308,Harish Reddy,45,M,A1,REPEAT-056
16938,11309,Kumar Naidu,54,M,A1,
16939,11309,Basavaraj Poojary,49,M,A2,
16940,11310,Rekha Kumar,33,F,A1,
16941,11311,Yogesh Kumar,31,M,A1,
16942,11312,Anil Setty,45,M,A1,
16943,11312,Anita Kumar,24,F,A2,
16944,11313,Bhagya Achar,32,F,A1,
16945,11314,Santosh Patil,51,M,A1,
16946,11315,Deepa Hegde,38,F,A1,
16947,11316,Ravi Poojary,32,M,A1,
16948,11316,Mahesh Reddy,51,M,A2,
16949,11317,Raghu Poojary,46,M,A1,
16950,11318,Anil Hegde,33,M,A1,
16951,11319,Kumar Rao,44,M,A1,REPEAT-018
16952,11319,Nandini Patil,53,F,A2,
16953,11320,Girish Iyer,50,M,A1,
16954,11320,Anil Iyer,33,M,A2,
16955,11321,Raghu Poojary,55,M,A1,
16956,11322,Vidya Bhat,31,F,A1,
16957,11322,Pooja Hegde,22,F,A2,
16958,11322,Manjunath Achar,46,M,A3,
16959,11323,Savitha Shetty,53,F,A1,
16960,11323,Shobha Bhat,34,F,A2,
16961,11323,Vidya Bhat,37,F,A3,
16962,11324,Santosh Patil,46,M,A1,
16963,11325,Suresh Patil,25,M,A1,
16964,11326,Vidya Kumar,45,F,A1,
16965,11327,Prakash Rao,38,M,A1,
16966,11327,Deepa Murthy,48,F,A2,
16967,11328,Santosh Setty,33,M,A1,
16968,11329,Srinivas Murthy,23,M,A1,
16969,11329,Srinivas Murthy,53,M,A2,
16970,11330,Ramesh Kumar,37,M,A1,
16971,11330,Raghu Shetty,30,M,A2,
16972,11330,Deepa Poojary,25,F,A3,
16973,11331,Priya Setty,28,F,A1,
16974,11331,Santosh Hegde,31,M,A2,
16975,11331,Ganesh Murthy,42,M,A3,
16976,11332,Savitha Reddy,32,F,A1,
16977,11332,Shwetha Shetty,28,F,A2,
16978,11333,Roopa Kumar,21,F,A1,
16979,11333,Suresh Bhat,46,M,A2,
16980,11334,Savitha Achar,26,F,A1,
16981,11334,Girish Achar,29,M,A2,
16982,11335,Basavaraj Setty,28,M,A1,
16983,11336,Mahesh Shetty,37,M,A1,REPEAT-022
16984,11336,Anil Kumar,30,M,A2,
16985,11337,Rekha Patil,25,F,A1,
16986,11338,Shivaraj Setty,35,M,A1,
16987,11339,Harish Patil,39,M,A1,REPEAT-053
16988,11340,Raghu Shetty,20,M,A1,
16989,11341,Harish Naidu,31,M,A1,
16990,11342,Shivaraj Kumar,30,M,A1,REPEAT-024
16991,11342,Basavaraj Achar,47,M,A2,
16992,11343,Bhagya Naidu,42,F,A1,
16993,11343,Mahesh Poojary,23,M,A2,
16994,11344,Deepa Murthy,19,F,A1,
16995,11344,Ravi Naidu,36,M,A2,
16996,11345,Suresh Naidu,39,M,A1,
16997,11346,Ramesh Setty,25,M,A1,
16998,11347,Basavaraj Rao,26,M,A1,
16999,11348,Ganesh Naik,32,M,A1,
17000,11349,Roopa Patil,49,F,A1,
17001,11349,Anil Naik,39,M,A2,
17002,11350,Radha Iyer,28,F,A1,
17003,11351,Anita Reddy,30,F,A1,
17004,11351,Girish Naik,49,M,A2,
17005,11352,Shobha Reddy,51,F,A1,
17006,11353,Prakash Reddy,32,M,A1,
17007,11353,Roopa Achar,41,F,A2,
17008,11354,Nandini Achar,22,F,A1,
17009,11355,Mahesh Shetty,38,M,A1,REPEAT-022
17010,11355,Sowmya Reddy,20,F,A2,
17011,11355,Rekha Rao,45,F,A3,
17012,11356,Mahesh Shetty,37,M,A1,REPEAT-022
17013,11356,Chaya Achar,23,F,A2,
17014,11356,Basavaraj Patil,52,M,A3,
17015,11357,Rekha Kumar,22,F,A1,
17016,11357,Ganesh Patil,22,M,A2,
17017,11358,Raghu Rao,55,M,A1,
17018,11358,Vijay Achar,25,M,A2,
17019,11358,Naveen Patil,20,M,A3,
17020,11359,Radha Murthy,54,F,A1,
17021,11359,Vijay Iyer,36,M,A2,
17022,11360,Harish Achar,45,M,A1,REPEAT-057
17023,11361,Anita Reddy,26,F,A1,
17024,11361,Rekha Naik,49,F,A2,
17025,11362,Suresh Naik,38,M,A1,REPEAT-042
17026,11363,Naveen Iyer,51,M,A1,
17027,11364,Harish Naik,48,M,A1,
17028,11364,Pooja Hegde,42,F,A2,
17029,11364,Manjula Achar,50,F,A3,
17030,11365,Mahesh Rao,49,M,A1,
17031,11365,Srinivas Hegde,38,M,A2,
17032,11366,Anita Shetty,29,F,A1,REPEAT-019
17033,11367,Kumar Reddy,53,M,A1,
17034,11368,Shivaraj Poojary,36,M,A1,
17035,11368,Pooja Gowda,23,F,A2,
17036,11369,Anita Iyer,32,F,A1,
17037,11370,Srinivas Naidu,38,M,A1,REPEAT-049
17038,11371,Sowmya Iyer,33,F,A1,
17039,11371,Kavya Hegde,24,F,A2,
17040,11372,Nandini Kumar,43,F,A1,REPEAT-012
17041,11372,Sowmya Naik,31,F,A2,
17042,11373,Shivaraj Naik,51,M,A1,
17043,11374,Srinivas Naik,26,M,A1,
17044,11374,Shivaraj Iyer,47,M,A2,
17045,11375,Harish Achar,45,M,A1,REPEAT-057
17046,11375,Yogesh Gowda,27,M,A2,
17047,11376,Shivaraj Shetty,40,M,A1,
17048,11377,Suresh Achar,55,M,A1,
17049,11377,Nagaraj Poojary,32,M,A2,
17050,11377,Raghu Reddy,53,M,A3,
17051,11378,Prakash Reddy,51,M,A1,
17052,11379,Vijay Poojary,36,M,A1,
17053,11379,Harish Kumar,26,M,A2,
17054,11380,Deepa Gowda,50,F,A1,
17055,11380,Shwetha Naidu,35,F,A2,
17056,11380,Shwetha Murthy,25,F,A3,
17057,11381,Anita Hegde,46,F,A1,
17058,11382,Suresh Rao,36,M,A1,
17059,11382,Raghu Achar,41,M,A2,
17060,11383,Ganesh Setty,39,M,A1,
17061,11383,Santosh Gowda,31,M,A2,
17062,11384,Manjula Iyer,55,F,A1,
17063,11385,Girish Naidu,19,M,A1,
17064,11386,Manjunath Rao,38,M,A1,
17065,11387,Yogesh Murthy,39,M,A1,
17066,11387,Naveen Achar,34,M,A2,
17067,11388,Naveen Setty,32,M,A1,REPEAT-036
17068,11389,Ganesh Iyer,50,M,A1,
17069,11390,Ramesh Bhat,20,M,A1,
17070,11390,Mahesh Poojary,18,M,A2,
17071,11391,Raghu Achar,22,M,A1,
17072,11392,Nandini Iyer,35,F,A1,
17073,11392,Nagaraj Patil,39,M,A2,
17074,11393,Mahesh Murthy,23,M,A1,REPEAT-033
17075,11394,Prakash Kumar,29,M,A1,
17076,11394,Priya Poojary,52,F,A2,
17077,11395,Girish Iyer,24,M,A1,
17078,11395,Anil Naik,27,M,A2,
17079,11396,Anil Bhat,47,M,A1,
17080,11397,Basavaraj Bhat,42,M,A1,
17081,11397,Lakshmi Gowda,24,F,A2,
17082,11397,Srinivas Murthy,45,M,A3,
17083,11398,Santosh Iyer,36,M,A1,
17084,11398,Girish Setty,31,M,A2,
17085,11399,Anita Hegde,28,F,A1,
17086,11399,Girish Achar,54,M,A2,
17087,11399,Prakash Achar,27,M,A3,
17088,11400,Ganesh Bhat,27,M,A1,
17089,11401,Anita Hegde,26,F,A1,
17090,11402,Girish Naik,40,M,A1,
17091,11403,Prakash Kumar,19,M,A1,
17092,11403,Rekha Bhat,52,F,A2,
17093,11404,Nagaraj Shetty,47,M,A1,
17094,11404,Suresh Naidu,55,M,A2,
17095,11405,Santosh Bhat,22,M,A1,
17096,11406,Shivaraj Shetty,52,M,A1,
17097,11407,Suresh Naik,38,M,A1,REPEAT-042
17098,11408,Harish Setty,36,M,A1,
17099,11409,Priya Gowda,18,F,A1,
17100,11409,Santosh Hegde,39,M,A2,
17101,11410,Ravi Achar,19,M,A1,
17102,11411,Vijay Kumar,21,M,A1,
17103,11411,Harish Bhat,47,M,A2,
17104,11411,Naveen Rao,41,M,A3,
17105,11412,Naveen Setty,32,M,A1,REPEAT-036
17106,11412,Nagaraj Kumar,30,M,A2,
17107,11413,Srinivas Rao,36,M,A1,
17108,11413,Nandini Kumar,52,F,A2,
17109,11414,Suresh Naidu,50,M,A1,
17110,11414,Shobha Kumar,34,F,A2,
17111,11415,Deepa Bhat,29,F,A1,
17112,11416,Prakash Reddy,28,M,A1,
17113,11417,Sowmya Iyer,54,F,A1,
17114,11418,Ravi Murthy,36,M,A1,
17115,11418,Anil Shetty,24,M,A2,
17116,11419,Shivaraj Setty,26,M,A1,
17117,11420,Kumar Naik,33,M,A1,
17118,11421,Suresh Bhat,50,M,A1,
17119,11422,Anita Setty,52,F,A1,
17120,11423,Suresh Naik,38,M,A1,REPEAT-042
17121,11424,Mahesh Rao,38,M,A1,
17122,11425,Prakash Iyer,21,M,A1,
17123,11425,Bhagya Shetty,24,F,A2,
17124,11425,Naveen Hegde,25,M,A3,
17125,11426,Naveen Murthy,44,M,A1,REPEAT-002
17126,11427,Kumar Rao,45,M,A1,REPEAT-018
17127,11428,Kumar Rao,45,M,A1,REPEAT-018
17128,11428,Raghu Rao,44,M,A2,
17129,11429,Radha Reddy,45,F,A1,REPEAT-055
17130,11429,Kumar Reddy,50,M,A2,
17131,11430,Anil Setty,46,M,A1,
17132,11431,Ravi Iyer,37,M,A1,
17133,11432,Manjunath Iyer,43,M,A1,REPEAT-051
17134,11433,Chaya Murthy,43,F,A1,
17135,11433,Sowmya Naik,35,F,A2,
17136,11434,Sunita Naidu,32,F,A1,
17137,11435,Basavaraj Shetty,40,M,A1,REPEAT-023
17138,11436,Sowmya Hegde,22,F,A1,
17139,11437,Srinivas Hegde,31,M,A1,REPEAT-046
17140,11437,Girish Setty,41,M,A2,
17141,11438,Basavaraj Achar,26,M,A1,
17142,11439,Yogesh Murthy,33,M,A1,
17143,11439,Naveen Poojary,38,M,A2,
17144,11440,Anil Bhat,35,M,A1,REPEAT-005
17145,11441,Lakshmi Murthy,44,F,A1,REPEAT-044
17146,11442,Nagaraj Hegde,38,M,A1,
17147,11442,Harish Patil,43,M,A2,
17148,11443,Nandini Murthy,42,F,A1,
17149,11444,Shivaraj Achar,31,M,A1,
17150,11444,Chaya Naidu,41,F,A2,
17151,11444,Manjunath Kumar,20,M,A3,
17152,11445,Naveen Murthy,44,M,A1,REPEAT-002
17153,11446,Vijay Murthy,52,M,A1,
17154,11446,Roopa Poojary,47,F,A2,
17155,11447,Basavaraj Gowda,18,M,A1,
17156,11447,Pooja Gowda,30,F,A2,
17157,11448,Geeta Patil,27,F,A1,
17158,11448,Radha Poojary,42,F,A2,
17159,11448,Anil Iyer,34,M,A3,
17160,11449,Prakash Achar,43,M,A1,
17161,11449,Harish Patil,38,M,A2,
17162,11450,Yogesh Shetty,42,M,A1,
17163,11451,Savitha Kumar,37,F,A1,
17164,11452,Mahesh Shetty,38,M,A1,REPEAT-022
17165,11453,Mahesh Poojary,47,M,A1,
17166,11454,Lakshmi Murthy,44,F,A1,REPEAT-044
17167,11454,Manjunath Shetty,37,M,A2,
17168,11454,Manjunath Patil,26,M,A3,
17169,11455,Naveen Iyer,55,M,A1,
17170,11455,Naveen Hegde,41,M,A2,
17171,11456,Manjunath Murthy,26,M,A1,REPEAT-025
17172,11456,Prakash Reddy,33,M,A2,
17173,11457,Roopa Achar,21,F,A1,
17174,11458,Shivaraj Naidu,45,M,A1,
17175,11459,Priya Kumar,29,F,A1,
17176,11460,Vijay Gowda,50,M,A1,
17177,11461,Manjunath Bhat,33,M,A1,REPEAT-030
17178,11462,Santosh Patil,47,M,A1,
17179,11463,Anil Setty,40,M,A1,
17180,11463,Raghu Bhat,49,M,A2,
17181,11463,Pooja Naidu,27,F,A3,
17182,11464,Radha Reddy,44,F,A1,REPEAT-055
17183,11464,Ramesh Shetty,29,M,A2,
17184,11465,Roopa Setty,28,F,A1,
17185,11466,Anil Kumar,40,M,A1,
17186,11467,Nandini Kumar,42,F,A1,REPEAT-012
17187,11467,Rekha Kumar,42,F,A2,
17188,11468,Priya Reddy,40,F,A1,
17189,11469,Manjunath Bhat,32,M,A1,REPEAT-030
17190,11469,Anita Rao,34,F,A2,
17191,11470,Santosh Rao,40,M,A1,REPEAT-027
17192,11471,Anil Shetty,51,M,A1,
17193,11471,Kumar Setty,27,M,A2,
17194,11472,Nagaraj Rao,25,M,A1,REPEAT-026
17195,11472,Harish Setty,22,M,A2,
17196,11472,Ramesh Iyer,41,M,A3,
17197,11473,Anil Bhat,26,M,A1,
17198,11473,Mahesh Rao,36,M,A2,
17199,11474,Yogesh Reddy,28,M,A1,
17200,11475,Lakshmi Poojary,19,F,A1,
17201,11475,Sowmya Bhat,28,F,A2,
17202,11476,Basavaraj Shetty,40,M,A1,REPEAT-023
17203,11477,Harish Patil,21,M,A1,
17204,11478,Nagaraj Hegde,21,M,A1,
17205,11479,Mahesh Bhat,37,M,A1,
17206,11480,Manjula Murthy,37,F,A1,
17207,11480,Ganesh Achar,29,M,A2,
17208,11480,Shivaraj Shetty,25,M,A3,
17209,11481,Mahesh Patil,29,M,A1,
17210,11481,Ganesh Naidu,23,M,A2,
17211,11481,Prakash Poojary,36,M,A3,
17212,11482,Nagaraj Setty,45,M,A1,REPEAT-003
17213,11483,Radha Bhat,22,F,A1,
17214,11483,Vijay Naidu,20,M,A2,
17215,11484,Manjunath Murthy,25,M,A1,REPEAT-025
17216,11485,Nagaraj Naik,19,M,A1,
17217,11486,Kavya Patil,35,F,A1,
17218,11487,Santosh Iyer,39,M,A1,
17219,11487,Anita Poojary,27,F,A2,
17220,11488,Vidya Iyer,25,F,A1,
17221,11489,Harish Kumar,43,M,A1,
17222,11490,Kumar Murthy,29,M,A1,
17223,11490,Ravi Setty,45,M,A2,
17224,11490,Sowmya Shetty,55,F,A3,
17225,11491,Ganesh Setty,23,M,A1,
17226,11492,Girish Bhat,54,M,A1,
17227,11493,Yogesh Iyer,18,M,A1,
17228,11493,Santosh Naidu,37,M,A2,
17229,11494,Pooja Rao,23,F,A1,
17230,11495,Nandini Shetty,23,F,A1,REPEAT-011
17231,11496,Ramesh Setty,48,M,A1,
17232,11497,Basavaraj Setty,28,M,A1,
17233,11497,Nandini Rao,33,F,A2,
17234,11498,Deepa Shetty,28,F,A1,
17235,11499,Raghu Setty,24,M,A1,
17236,11500,Vidya Rao,48,F,A1,
17237,11500,Anita Naidu,45,F,A2,
17238,11501,Vidya Achar,41,F,A1,
17239,11502,Naveen Murthy,20,M,A1,
17240,11503,Srinivas Naidu,52,M,A1,
17241,11503,Nagaraj Reddy,31,M,A2,
17242,11503,Vidya Patil,43,F,A3,
17243,11504,Santosh Naik,26,M,A1,
17244,11504,Kumar Bhat,45,M,A2,
17245,11505,Manjunath Naidu,45,M,A1,
17246,11505,Kumar Murthy,21,M,A2,
17247,11506,Ganesh Murthy,54,M,A1,
17248,11507,Vijay Poojary,47,M,A1,
17249,11507,Kumar Murthy,20,M,A2,
17250,11507,Naveen Iyer,46,M,A3,
17251,11508,Ganesh Naidu,42,M,A1,
17252,11508,Chaya Achar,19,F,A2,
17253,11509,Roopa Achar,42,F,A1,
17254,11509,Anil Kumar,33,M,A2,
17255,11510,Ravi Reddy,54,M,A1,
17256,11511,Shobha Gowda,45,F,A1,
17257,11512,Kumar Iyer,20,M,A1,REPEAT-038
17258,11513,Shobha Naidu,40,F,A1,
17259,11514,Srinivas Hegde,24,M,A1,
17260,11514,Priya Naidu,25,F,A2,
17261,11515,Kavya Rao,27,F,A1,
17262,11515,Harish Naidu,25,M,A2,
17263,11516,Harish Patil,40,M,A1,REPEAT-053
17264,11516,Basavaraj Rao,21,M,A2,
17265,11517,Nagaraj Setty,45,M,A1,REPEAT-003
17266,11518,Yogesh Gowda,40,M,A1,
17267,11519,Manjunath Bhat,32,M,A1,REPEAT-030
17268,11520,Ganesh Gowda,20,M,A1,
17269,11520,Priya Patil,35,F,A2,
17270,11521,Vijay Reddy,55,M,A1,
17271,11521,Srinivas Hegde,26,M,A2,
17272,11522,Pooja Poojary,50,F,A1,
17273,11522,Raghu Rao,43,M,A2,
17274,11523,Yogesh Naidu,24,M,A1,REPEAT-001
17275,11524,Raghu Murthy,36,M,A1,
17276,11525,Bhagya Setty,39,F,A1,
17277,11526,Radha Rao,24,F,A1,
17278,11526,Anil Patil,25,M,A2,
17279,11527,Mahesh Shetty,37,M,A1,REPEAT-022
17280,11527,Manjunath Achar,40,M,A2,
17281,11528,Naveen Iyer,23,M,A1,
17282,11528,Ganesh Bhat,29,M,A2,
17283,11529,Harish Shetty,30,M,A1,
17284,11530,Kumar Rao,35,M,A1,
17285,11531,Vidya Gowda,31,F,A1,
17286,11532,Shobha Shetty,32,F,A1,REPEAT-017
17287,11533,Kumar Kumar,21,M,A1,
17288,11534,Priya Reddy,19,F,A1,
17289,11535,Rekha Bhat,35,F,A1,
17290,11535,Manjula Naik,43,F,A2,
17291,11536,Shivaraj Naik,21,M,A1,
17292,11537,Naveen Setty,32,M,A1,REPEAT-036
17293,11538,Basavaraj Rao,21,M,A1,
17294,11538,Nandini Poojary,24,F,A2,
17295,11539,Santosh Iyer,50,M,A1,
17296,11540,Prakash Rao,22,M,A1,
17297,11540,Basavaraj Patil,36,M,A2,
17298,11540,Shwetha Hegde,21,F,A3,
17299,11541,Manjunath Bhat,32,M,A1,REPEAT-030
17300,11542,Kumar Murthy,45,M,A1,REPEAT-048
17301,11543,Shivaraj Gowda,29,M,A1,
17302,11543,Girish Gowda,24,M,A2,
17303,11544,Santosh Naik,32,M,A1,
17304,11545,Girish Rao,41,M,A1,
17305,11546,Mahesh Shetty,37,M,A1,REPEAT-022
17306,11546,Basavaraj Iyer,41,M,A2,
17307,11546,Ravi Kumar,20,M,A3,
17308,11547,Ramesh Achar,28,M,A1,
17309,11548,Lakshmi Murthy,44,F,A1,REPEAT-044
17310,11548,Anil Poojary,43,M,A2,
17311,11549,Shobha Naik,50,F,A1,
17312,11550,Roopa Reddy,21,F,A1,
17313,11550,Vidya Kumar,33,F,A2,
17314,11550,Pooja Achar,51,F,A3,
17315,11551,Lakshmi Achar,18,F,A1,
17316,11552,Nagaraj Rao,44,M,A1,
17317,11553,Anil Naik,34,M,A1,
17318,11554,Anil Iyer,18,M,A1,
17319,11555,Raghu Setty,40,M,A1,
17320,11556,Lakshmi Patil,25,F,A1,
17321,11557,Manjula Setty,47,F,A1,
17322,11557,Shwetha Setty,20,F,A2,
17323,11558,Radha Patil,18,F,A1,
17324,11559,Radha Gowda,18,F,A1,
17325,11559,Manjula Patil,21,F,A2,
17326,11560,Prakash Poojary,36,M,A1,REPEAT-028
17327,11561,Manjunath Bhat,32,M,A1,REPEAT-030
17328,11562,Yogesh Bhat,20,M,A1,
17329,11562,Nagaraj Kumar,29,M,A2,
17330,11563,Kavya Rao,25,F,A1,
17331,11563,Shivaraj Reddy,30,M,A2,
17332,11563,Kumar Naidu,21,M,A3,
17333,11564,Mahesh Achar,39,M,A1,
17334,11564,Nagaraj Rao,26,M,A2,
17335,11564,Naveen Murthy,31,M,A3,
17336,11565,Shivaraj Poojary,36,M,A1,
17337,11565,Rekha Shetty,26,F,A2,
17338,11566,Kumar Setty,35,M,A1,
17339,11567,Kumar Kumar,41,M,A1,
17340,11568,Rekha Reddy,53,F,A1,
17341,11568,Raghu Reddy,21,M,A2,
17342,11569,Kumar Rao,44,M,A1,REPEAT-018
17343,11569,Mahesh Kumar,53,M,A2,
17344,11570,Naveen Murthy,43,M,A1,REPEAT-002
17345,11571,Sunita Reddy,24,F,A1,
17346,11571,Manjunath Naidu,51,M,A2,
17347,11572,Santosh Naidu,24,M,A1,
17348,11572,Pooja Shetty,40,F,A2,
17349,11573,Sunita Naik,53,F,A1,
17350,11573,Santosh Iyer,26,M,A2,
17351,11574,Anita Shetty,28,F,A1,REPEAT-019
17352,11575,Naveen Murthy,44,M,A1,REPEAT-002
17353,11575,Ganesh Naidu,21,M,A2,
17354,11576,Raghu Hegde,28,M,A1,
17355,11577,Nagaraj Rao,24,M,A1,REPEAT-026
17356,11578,Priya Reddy,38,F,A1,
17357,11579,Mahesh Rao,39,M,A1,
17358,11579,Yogesh Gowda,20,M,A2,
17359,11579,Ravi Rao,49,M,A3,
17360,11580,Ramesh Patil,27,M,A1,
17361,11580,Yogesh Kumar,40,M,A2,
17362,11581,Ramesh Poojary,52,M,A1,
17363,11582,Nandini Shetty,22,F,A1,REPEAT-011
17364,11583,Srinivas Naidu,38,M,A1,REPEAT-049
17365,11584,Sunita Reddy,32,F,A1,
17366,11584,Suresh Kumar,52,M,A2,
17367,11584,Ganesh Bhat,39,M,A3,
17368,11585,Ganesh Kumar,24,M,A1,
17369,11586,Harish Naik,18,M,A1,
17370,11587,Nandini Gowda,35,F,A1,
17371,11588,Santosh Rao,39,M,A1,
17372,11588,Sowmya Achar,52,F,A2,
17373,11588,Ramesh Rao,51,M,A3,
17374,11589,Sowmya Murthy,31,F,A1,
17375,11589,Yogesh Poojary,50,M,A2,
17376,11589,Rekha Naik,40,F,A3,
17377,11590,Radha Iyer,20,F,A1,
17378,11591,Geeta Murthy,32,F,A1,
17379,11591,Yogesh Reddy,21,M,A2,
17380,11591,Roopa Rao,42,F,A3,
17381,11592,Ravi Gowda,39,M,A1,
17382,11592,Naveen Reddy,26,M,A2,
17383,11592,Basavaraj Iyer,55,M,A3,
17384,11593,Prakash Kumar,20,M,A1,
17385,11594,Naveen Murthy,44,M,A1,REPEAT-002
17386,11595,Vijay Shetty,21,M,A1,REPEAT-007
17387,11595,Nagaraj Shetty,24,M,A2,
17388,11596,Nandini Poojary,46,F,A1,
17389,11597,Yogesh Kumar,44,M,A1,REPEAT-050
17390,11598,Harish Poojary,37,M,A1,
17391,11599,Mahesh Murthy,23,M,A1,REPEAT-033
17392,11599,Naveen Bhat,36,M,A2,
17393,11600,Suresh Setty,39,M,A1,
17394,11601,Yogesh Setty,41,M,A1,
17395,11601,Shivaraj Gowda,36,M,A2,
17396,11601,Prakash Setty,39,M,A3,
17397,11602,Geeta Bhat,49,F,A1,
17398,11602,Ganesh Hegde,21,M,A2,
17399,11602,Pooja Achar,42,F,A3,
17400,11603,Manjunath Gowda,18,M,A1,
17401,11604,Manjunath Gowda,26,M,A1,
17402,11605,Mahesh Patil,53,M,A1,
17403,11606,Mahesh Setty,51,M,A1,
17404,11607,Vijay Patil,23,M,A1,
17405,11608,Yogesh Bhat,31,M,A1,
17406,11608,Chaya Reddy,42,F,A2,
17407,11609,Nagaraj Naidu,37,M,A1,REPEAT-035
17408,11609,Kumar Gowda,19,M,A2,
17409,11610,Mahesh Patil,22,M,A1,
17410,11611,Naveen Iyer,44,M,A1,
17411,11611,Vidya Achar,25,F,A2,
17412,11612,Ganesh Rao,41,M,A1,
17413,11613,Mahesh Reddy,42,M,A1,
17414,11614,Nandini Setty,50,F,A1,
17415,11614,Bhagya Setty,33,F,A2,
17416,11614,Shobha Naik,48,F,A3,
17417,11615,Lakshmi Murthy,44,F,A1,REPEAT-044
17418,11616,Manjunath Bhat,32,M,A1,REPEAT-030
17419,11616,Srinivas Hegde,33,M,A2,
17420,11617,Priya Poojary,45,F,A1,
17421,11618,Ramesh Reddy,26,M,A1,
17422,11619,Shwetha Kumar,53,F,A1,
17423,11619,Savitha Shetty,31,F,A2,
17424,11620,Ramesh Rao,19,M,A1,
17425,11620,Ganesh Patil,35,M,A2,
17426,11621,Pooja Kumar,54,F,A1,
17427,11621,Prakash Reddy,25,M,A2,
17428,11622,Kumar Gowda,51,M,A1,
17429,11622,Mahesh Hegde,38,M,A2,
17430,11622,Nagaraj Patil,33,M,A3,
17431,11623,Radha Murthy,46,F,A1,
17432,11624,Prakash Patil,21,M,A1,
17433,11625,Vijay Rao,30,M,A1,
17434,11625,Vijay Setty,44,M,A2,
17435,11626,Mahesh Shetty,37,M,A1,REPEAT-022
17436,11627,Kumar Iyer,35,M,A1,
17437,11628,Naveen Murthy,31,M,A1,
17438,11629,Pooja Achar,22,F,A1,
17439,11630,Srinivas Poojary,42,M,A1,
17440,11631,Srinivas Naidu,37,M,A1,REPEAT-049
17441,11632,Suresh Kumar,49,M,A1,
17442,11633,Sunita Iyer,40,F,A1,
17443,11633,Suresh Iyer,44,M,A2,
17444,11633,Radha Murthy,25,F,A3,
17445,11634,Manjunath Kumar,46,M,A1,
17446,11635,Roopa Reddy,24,F,A1,
17447,11636,Manjunath Naik,49,M,A1,
17448,11637,Geeta Setty,20,F,A1,
17449,11637,Nagaraj Iyer,41,M,A2,
17450,11638,Suresh Reddy,55,M,A1,
17451,11638,Radha Murthy,40,F,A2,
17452,11639,Mahesh Murthy,24,M,A1,REPEAT-033
17453,11640,Vijay Gowda,29,M,A1,
17454,11641,Vijay Rao,25,M,A1,
17455,11642,Shobha Setty,30,F,A1,
17456,11642,Mahesh Kumar,28,M,A2,
17457,11643,Kumar Poojary,44,M,A1,
17458,11643,Kumar Rao,26,M,A2,
17459,11644,Naveen Murthy,44,M,A1,REPEAT-002
17460,11644,Ramesh Reddy,28,M,A2,
17461,11645,Girish Hegde,54,M,A1,
17462,11646,Srinivas Hegde,40,M,A1,
17463,11646,Kavya Naik,43,F,A2,
17464,11646,Geeta Iyer,32,F,A3,
17465,11647,Santosh Gowda,28,M,A1,
17466,11648,Shobha Iyer,28,F,A1,
17467,11648,Savitha Gowda,29,F,A2,
17468,11649,Anil Naidu,44,M,A1,
17469,11650,Deepa Achar,40,F,A1,
17470,11651,Savitha Poojary,40,F,A1,
17471,11651,Manjula Rao,37,F,A2,
17472,11652,Suresh Naik,38,M,A1,REPEAT-042
17473,11652,Basavaraj Rao,26,M,A2,
17474,11653,Nandini Shetty,22,F,A1,REPEAT-011
17475,11654,Shwetha Poojary,41,F,A1,
17476,11654,Shivaraj Bhat,49,M,A2,
17477,11655,Basavaraj Patil,37,M,A1,
17478,11655,Basavaraj Iyer,28,M,A2,
17479,11656,Suresh Poojary,46,M,A1,
17480,11657,Deepa Reddy,49,F,A1,
17481,11657,Manjula Murthy,31,F,A2,
17482,11658,Ravi Reddy,50,M,A1,
17483,11658,Radha Patil,29,F,A2,
17484,11659,Ravi Poojary,48,M,A1,
17485,11660,Mahesh Hegde,48,M,A1,
17486,11661,Ganesh Gowda,20,M,A1,REPEAT-020
17487,11662,Santosh Setty,21,M,A1,
17488,11663,Kavya Setty,52,F,A1,
17489,11664,Vijay Shetty,21,M,A1,REPEAT-007
17490,11664,Shwetha Rao,55,F,A2,
17491,11665,Ganesh Gowda,36,M,A1,
17492,11665,Manjula Naidu,36,F,A2,
17493,11666,Shobha Patil,41,F,A1,
17494,11666,Manjunath Setty,36,M,A2,
17495,11667,Harish Patil,39,M,A1,REPEAT-053
17496,11668,Manjula Rao,22,F,A1,
17497,11669,Shwetha Naik,43,F,A1,
17498,11670,Nagaraj Gowda,39,M,A1,
17499,11670,Naveen Kumar,43,M,A2,
17500,11671,Raghu Setty,44,M,A1,
17501,11672,Anita Reddy,33,F,A1,
17502,11672,Bhagya Murthy,32,F,A2,
17503,11673,Yogesh Hegde,50,M,A1,
17504,11674,Harish Achar,46,M,A1,REPEAT-057
17505,11675,Yogesh Naik,29,M,A1,
17506,11675,Prakash Naik,35,M,A2,
17507,11676,Nandini Setty,25,F,A1,
17508,11676,Sowmya Naik,49,F,A2,
17509,11677,Manjunath Naidu,40,M,A1,
17510,11677,Srinivas Iyer,52,M,A2,
17511,11677,Prakash Gowda,54,M,A3,
17512,11678,Girish Poojary,43,M,A1,
17513,11678,Manjunath Poojary,34,M,A2,
17514,11678,Manjunath Murthy,52,M,A3,
17515,11679,Nandini Iyer,34,F,A1,
17516,11680,Kumar Setty,29,M,A1,
17517,11681,Shobha Shetty,51,F,A1,
17518,11682,Suresh Naik,38,M,A1,REPEAT-042
17519,11682,Anil Achar,47,M,A2,
17520,11683,Manjunath Naidu,19,M,A1,
17521,11683,Radha Reddy,27,F,A2,
17522,11684,Manjula Rao,32,F,A1,
17523,11685,Ganesh Shetty,25,M,A1,
17524,11686,Mahesh Shetty,37,M,A1,REPEAT-022
17525,11687,Naveen Naik,34,M,A1,
17526,11688,Anil Bhat,34,M,A1,REPEAT-005
17527,11689,Prakash Setty,20,M,A1,
17528,11690,Naveen Iyer,54,M,A1,
17529,11691,Harish Naidu,37,M,A1,REPEAT-015
17530,11692,Sunita Kumar,29,F,A1,
17531,11693,Shobha Naidu,38,F,A1,
17532,11694,Sunita Naik,21,F,A1,
17533,11695,Vijay Poojary,30,M,A1,
17534,11696,Naveen Gowda,28,M,A1,
17535,11697,Roopa Patil,36,F,A1,
17536,11697,Mahesh Patil,20,M,A2,
17537,11698,Vijay Reddy,46,M,A1,
17538,11698,Srinivas Gowda,36,M,A2,
17539,11698,Yogesh Patil,40,M,A3,
17540,11699,Santosh Gowda,38,M,A1,
17541,11699,Prakash Murthy,55,M,A2,
17542,11700,Srinivas Naidu,37,M,A1,REPEAT-049
17543,11701,Vijay Shetty,21,M,A1,REPEAT-007
17544,11702,Manjunath Setty,19,M,A1,
17545,11703,Harish Patil,39,M,A1,REPEAT-053
17546,11704,Ramesh Iyer,53,M,A1,
17547,11705,Kavya Kumar,47,F,A1,
17548,11705,Chaya Shetty,40,F,A2,
17549,11706,Yogesh Reddy,21,M,A1,
17550,11707,Naveen Reddy,50,M,A1,
17551,11708,Savitha Gowda,53,F,A1,
17552,11709,Mahesh Shetty,37,M,A1,REPEAT-022
17553,11710,Suresh Achar,48,M,A1,
17554,11711,Girish Rao,44,M,A1,
17555,11711,Srinivas Rao,23,M,A2,
17556,11712,Ravi Kumar,49,M,A1,
17557,11712,Pooja Reddy,47,F,A2,
17558,11713,Nagaraj Kumar,30,M,A1,
17559,11714,Bhagya Reddy,18,F,A1,
17560,11715,Manjula Setty,39,F,A1,
17561,11716,Nagaraj Murthy,29,M,A1,
17562,11717,Ganesh Gowda,39,M,A1,
17563,11718,Vidya Hegde,20,F,A1,REPEAT-041
17564,11718,Naveen Setty,41,M,A2,
17565,11719,Anil Setty,52,M,A1,
17566,11720,Basavaraj Hegde,46,M,A1,
17567,11721,Nandini Kumar,42,F,A1,REPEAT-012
17568,11721,Vijay Gowda,38,M,A2,
17569,11721,Suresh Reddy,55,M,A3,
17570,11722,Bhagya Patil,26,F,A1,
17571,11723,Girish Naik,24,M,A1,
17572,11723,Mahesh Murthy,55,M,A2,
17573,11724,Ganesh Gowda,20,M,A1,REPEAT-020
17574,11725,Srinivas Naidu,37,M,A1,
17575,11726,Ganesh Rao,34,M,A1,
17576,11726,Basavaraj Hegde,28,M,A2,
17577,11726,Manjula Hegde,33,F,A3,
17578,11727,Ganesh Iyer,46,M,A1,
17579,11728,Raghu Setty,26,M,A1,
17580,11728,Ravi Patil,26,M,A2,
17581,11728,Naveen Rao,54,M,A3,
17582,11729,Ganesh Achar,44,M,A1,
17583,11729,Radha Shetty,25,F,A2,
17584,11730,Anil Murthy,18,M,A1,
17585,11731,Kumar Naik,42,M,A1,
17586,11731,Ganesh Murthy,45,M,A2,
17587,11731,Manjunath Iyer,52,M,A3,
17588,11732,Shobha Shetty,31,F,A1,REPEAT-017
17589,11733,Manjula Shetty,54,F,A1,
17590,11734,Raghu Patil,23,M,A1,
17591,11735,Ravi Naik,54,M,A1,
17592,11735,Girish Naidu,40,M,A2,
17593,11736,Srinivas Setty,31,M,A1,
17594,11736,Mahesh Bhat,29,M,A2,
17595,11737,Deepa Gowda,55,F,A1,
17596,11738,Manjula Gowda,29,F,A1,
17597,11739,Naveen Bhat,45,M,A1,
17598,11740,Raghu Hegde,41,M,A1,REPEAT-045
17599,11741,Anil Bhat,18,M,A1,
17600,11742,Yogesh Murthy,42,M,A1,
17601,11742,Prakash Naidu,33,M,A2,
17602,11743,Yogesh Kumar,45,M,A1,REPEAT-050
17603,11744,Ramesh Shetty,51,M,A1,
17604,11745,Anita Shetty,29,F,A1,REPEAT-019
17605,11745,Bhagya Poojary,33,F,A2,
17606,11746,Mahesh Shetty,34,M,A1,
17607,11747,Naveen Gowda,30,M,A1,
17608,11747,Ganesh Gowda,49,M,A2,
17609,11748,Basavaraj Murthy,29,M,A1,
17610,11749,Ramesh Kumar,53,M,A1,
17611,11750,Harish Shetty,25,M,A1,
17612,11751,Kavya Rao,32,F,A1,
17613,11752,Vijay Iyer,26,M,A1,
17614,11752,Deepa Reddy,51,F,A2,
17615,11752,Anita Kumar,39,F,A3,
17616,11753,Anita Rao,28,F,A1,
17617,11753,Nagaraj Gowda,53,M,A2,
17618,11754,Srinivas Iyer,41,M,A1,
17619,11754,Kumar Reddy,27,M,A2,
17620,11754,Ramesh Hegde,23,M,A3,
17621,11755,Shivaraj Naik,43,M,A1,
17622,11756,Vijay Kumar,39,M,A1,
17623,11757,Anil Bhat,34,M,A1,REPEAT-005
17624,11758,Ravi Patil,36,M,A1,
17625,11759,Prakash Shetty,20,M,A1,
17626,11759,Ganesh Setty,50,M,A2,
17627,11760,Anita Shetty,28,F,A1,
17628,11761,Santosh Naik,40,M,A1,
17629,11761,Suresh Rao,36,M,A2,
17630,11762,Ganesh Naidu,55,M,A1,
17631,11763,Geeta Poojary,51,F,A1,
17632,11764,Manjunath Hegde,41,M,A1,
17633,11764,Anil Iyer,54,M,A2,
17634,11765,Prakash Naik,30,M,A1,
17635,11765,Radha Rao,52,F,A2,
17636,11766,Nagaraj Naidu,29,M,A1,
17637,11767,Vijay Bhat,28,M,A1,
17638,11768,Naveen Murthy,43,M,A1,REPEAT-002
17639,11769,Lakshmi Murthy,45,F,A1,REPEAT-044
17640,11770,Ramesh Murthy,40,M,A1,
17641,11770,Shivaraj Bhat,38,M,A2,
17642,11771,Deepa Kumar,28,F,A1,
17643,11771,Ramesh Kumar,31,M,A2,
17644,11772,Chaya Achar,46,F,A1,
17645,11772,Ganesh Naidu,39,M,A2,
17646,11773,Ganesh Hegde,36,M,A1,REPEAT-060
17647,11773,Girish Gowda,20,M,A2,
17648,11773,Ganesh Naik,21,M,A3,
17649,11774,Raghu Setty,35,M,A1,
17650,11775,Kavya Achar,52,F,A1,
17651,11775,Kavya Shetty,25,F,A2,
17652,11776,Roopa Shetty,38,F,A1,
17653,11777,Radha Murthy,18,F,A1,
17654,11778,Anita Rao,22,F,A1,
17655,11779,Rekha Bhat,42,F,A1,REPEAT-047
17656,11780,Basavaraj Hegde,23,M,A1,
17657,11780,Shwetha Setty,50,F,A2,
17658,11780,Suresh Reddy,49,M,A3,
17659,11781,Vijay Poojary,28,M,A1,
17660,11782,Manjula Gowda,30,F,A1,
17661,11782,Basavaraj Patil,20,M,A2,
17662,11783,Vidya Setty,44,F,A1,
17663,11783,Radha Shetty,33,F,A2,
17664,11784,Sunita Reddy,21,F,A1,
17665,11784,Sowmya Iyer,43,F,A2,
17666,11785,Shobha Setty,19,F,A1,
17667,11785,Girish Bhat,34,M,A2,
17668,11786,Radha Gowda,30,F,A1,
17669,11786,Rekha Kumar,40,F,A2,
17670,11786,Prakash Setty,19,M,A3,
17671,11787,Naveen Murthy,40,M,A1,
17672,11788,Anil Murthy,53,M,A1,
17673,11789,Kavya Rao,49,F,A1,
17674,11789,Harish Reddy,53,M,A2,
17675,11790,Savitha Patil,25,F,A1,
17676,11790,Girish Bhat,54,M,A2,
17677,11790,Shobha Shetty,51,F,A3,
17678,11791,Harish Iyer,45,M,A1,
17679,11791,Girish Naidu,52,M,A2,
17680,11792,Manjunath Gowda,22,M,A1,
17681,11793,Kumar Naik,22,M,A1,
17682,11794,Santosh Kumar,42,M,A1,
17683,11795,Suresh Iyer,35,M,A1,
17684,11796,Anita Murthy,47,F,A1,
17685,11796,Manjula Poojary,38,F,A2,
17686,11796,Bhagya Naidu,18,F,A3,
17687,11797,Suresh Naik,39,M,A1,REPEAT-042
17688,11797,Raghu Naidu,36,M,A2,
17689,11797,Rekha Naik,54,F,A3,
17690,11798,Mahesh Setty,43,M,A1,
17691,11799,Rekha Murthy,42,F,A1,
17692,11799,Ravi Naik,31,M,A2,
17693,11800,Harish Kumar,18,M,A1,
17694,11801,Santosh Rao,41,M,A1,REPEAT-027
17695,11802,Suresh Naidu,46,M,A1,
17696,11803,Nagaraj Bhat,42,M,A1,
17697,11804,Harish Shetty,23,M,A1,
17698,11805,Suresh Shetty,36,M,A1,
17699,11806,Srinivas Iyer,28,M,A1,
17700,11807,Manjunath Murthy,33,M,A1,
17701,11808,Vidya Setty,32,F,A1,
17702,11808,Prakash Naik,42,M,A2,
17703,11809,Ganesh Gowda,20,M,A1,REPEAT-020
17704,11810,Naveen Setty,33,M,A1,REPEAT-036
17705,11810,Kumar Reddy,41,M,A2,
17706,11810,Ramesh Patil,54,M,A3,
17707,11811,Shobha Hegde,50,F,A1,
17708,11812,Naveen Achar,39,M,A1,
17709,11813,Santosh Rao,40,M,A1,REPEAT-027
17710,11814,Anil Gowda,54,M,A1,
17711,11814,Naveen Murthy,54,M,A2,
17712,11815,Harish Patil,39,M,A1,REPEAT-053
17713,11816,Basavaraj Kumar,35,M,A1,
17714,11816,Sunita Achar,28,F,A2,
17715,11817,Manjunath Murthy,26,M,A1,REPEAT-025
17716,11818,Shwetha Kumar,18,F,A1,
17717,11819,Deepa Kumar,47,F,A1,
17718,11819,Vidya Kumar,25,F,A2,
17719,11820,Manjula Naik,48,F,A1,
17720,11820,Ramesh Poojary,29,M,A2,
17721,11821,Mahesh Iyer,37,M,A1,
17722,11822,Naveen Naidu,18,M,A1,
17723,11822,Radha Gowda,26,F,A2,
17724,11823,Kumar Setty,37,M,A1,REPEAT-043
17725,11824,Ganesh Shetty,40,M,A1,REPEAT-029
17726,11824,Kumar Patil,26,M,A2,
17727,11824,Manjula Rao,42,F,A3,
17728,11825,Nagaraj Shetty,44,M,A1,
17729,11826,Raghu Patil,33,M,A1,
17730,11827,Roopa Kumar,30,F,A1,
17731,11827,Radha Shetty,34,F,A2,
17732,11827,Prakash Gowda,38,M,A3,
17733,11828,Girish Naik,31,M,A1,
17734,11828,Girish Bhat,48,M,A2,
17735,11829,Harish Shetty,18,M,A1,
17736,11829,Shivaraj Bhat,34,M,A2,
17737,11829,Harish Naidu,24,M,A3,
17738,11830,Prakash Naik,45,M,A1,
17739,11830,Priya Achar,32,F,A2,
17740,11831,Girish Murthy,32,M,A1,
17741,11832,Anita Reddy,32,F,A1,
17742,11833,Prakash Rao,20,M,A1,
17743,11834,Yogesh Poojary,23,M,A1,
17744,11835,Nagaraj Murthy,37,M,A1,
17745,11835,Naveen Poojary,52,M,A2,
17746,11836,Priya Murthy,23,F,A1,REPEAT-010
17747,11836,Vidya Iyer,54,F,A2,
17748,11837,Geeta Kumar,49,F,A1,
17749,11838,Vijay Naik,25,M,A1,
17750,11839,Manjunath Murthy,25,M,A1,REPEAT-025
17751,11840,Ganesh Murthy,37,M,A1,
17752,11840,Nagaraj Bhat,29,M,A2,
17753,11841,Harish Achar,46,M,A1,
17754,11842,Mahesh Rao,32,M,A1,
17755,11843,Anil Patil,41,M,A1,
17756,11844,Harish Patil,39,M,A1,REPEAT-053
17757,11845,Anil Murthy,20,M,A1,
17758,11845,Manjunath Reddy,20,M,A2,
17759,11845,Vijay Poojary,39,M,A3,
17760,11846,Manjunath Naik,31,M,A1,
17761,11847,Raghu Naik,45,M,A1,
17762,11847,Suresh Shetty,33,M,A2,
17763,11848,Kumar Naik,54,M,A1,
17764,11849,Srinivas Bhat,25,M,A1,
17765,11849,Nagaraj Poojary,19,M,A2,
17766,11850,Shivaraj Gowda,37,M,A1,
17767,11851,Vidya Setty,51,F,A1,
17768,11851,Geeta Patil,26,F,A2,
17769,11852,Manjunath Naidu,28,M,A1,
17770,11853,Anita Setty,49,F,A1,
17771,11853,Ganesh Rao,46,M,A2,
17772,11854,Shobha Reddy,46,F,A1,
17773,11854,Ramesh Murthy,33,M,A2,
17774,11855,Ganesh Murthy,48,M,A1,
17775,11856,Mahesh Shetty,37,M,A1,REPEAT-022
17776,11856,Suresh Hegde,43,M,A2,
17777,11856,Deepa Bhat,23,F,A3,
17778,11857,Raghu Shetty,35,M,A1,
17779,11857,Deepa Gowda,46,F,A2,
17780,11857,Ramesh Rao,21,M,A3,
17781,11858,Manjunath Hegde,25,M,A1,
17782,11858,Shwetha Hegde,20,F,A2,
17783,11859,Suresh Naik,38,M,A1,REPEAT-042
17784,11860,Prakash Bhat,27,M,A1,
17785,11860,Shobha Murthy,21,F,A2,
17786,11861,Manjunath Poojary,34,M,A1,
17787,11862,Shobha Naidu,51,F,A1,
17788,11863,Geeta Rao,20,F,A1,
17789,11864,Vijay Iyer,31,M,A1,
17790,11864,Ramesh Patil,55,M,A2,
17791,11865,Vidya Gowda,42,F,A1,
17792,11865,Yogesh Achar,24,M,A2,
17793,11866,Yogesh Naidu,24,M,A1,REPEAT-001
17794,11867,Basavaraj Reddy,42,M,A1,REPEAT-031
17795,11868,Mahesh Setty,51,M,A1,
17796,11868,Girish Achar,49,M,A2,
17797,11869,Pooja Bhat,20,F,A1,
17798,11869,Manjunath Naik,40,M,A2,
17799,11869,Srinivas Gowda,33,M,A3,
17800,11870,Harish Achar,22,M,A1,
17801,11871,Santosh Naik,34,M,A1,
17802,11871,Geeta Shetty,48,F,A2,
17803,11871,Vijay Reddy,50,M,A3,
17804,11872,Shivaraj Shetty,20,M,A1,
17805,11873,Basavaraj Iyer,38,M,A1,
17806,11874,Basavaraj Achar,39,M,A1,
17807,11875,Anil Bhat,42,M,A1,REPEAT-054
17808,11876,Sowmya Naidu,21,F,A1,
17809,11876,Roopa Poojary,22,F,A2,
17810,11877,Rekha Poojary,42,F,A1,
17811,11878,Geeta Shetty,50,F,A1,
17812,11879,Naveen Murthy,43,M,A1,REPEAT-002
17813,11880,Geeta Bhat,53,F,A1,
17814,11881,Manjunath Murthy,24,M,A1,
17815,11881,Girish Setty,54,M,A2,
17816,11881,Anita Hegde,32,F,A3,
17817,11882,Manjunath Shetty,20,M,A1,
17818,11882,Prakash Hegde,47,M,A2,
17819,11882,Srinivas Iyer,37,M,A3,
17820,11883,Suresh Murthy,24,M,A1,
17821,11884,Yogesh Hegde,41,M,A1,
17822,11885,Yogesh Shetty,41,M,A1,
17823,11886,Bhagya Gowda,43,F,A1,
17824,11886,Anil Murthy,42,M,A2,
17825,11887,Anita Bhat,31,F,A1,
17826,11887,Bhagya Rao,44,F,A2,
17827,11887,Ganesh Poojary,51,M,A3,
17828,11888,Deepa Kumar,43,F,A1,
17829,11889,Radha Kumar,27,F,A1,
17830,11890,Manjunath Patil,35,M,A1,
17831,11891,Ravi Reddy,28,M,A1,
17832,11891,Roopa Hegde,22,F,A2,
17833,11892,Mahesh Poojary,51,M,A1,
17834,11893,Raghu Kumar,19,M,A1,
17835,11894,Santosh Gowda,39,M,A1,
17836,11894,Ramesh Bhat,40,M,A2,
17837,11895,Basavaraj Poojary,27,M,A1,
17838,11896,Sunita Naidu,37,F,A1,
17839,11897,Manjunath Bhat,32,M,A1,REPEAT-030
17840,11898,Srinivas Achar,53,M,A1,
17841,11898,Deepa Poojary,48,F,A2,
17842,11899,Santosh Poojary,29,M,A1,
17843,11900,Manjunath Patil,34,M,A1,
17844,11900,Harish Bhat,19,M,A2,
17845,11901,Srinivas Bhat,22,M,A1,
17846,11902,Basavaraj Poojary,53,M,A1,
17847,11902,Roopa Achar,18,F,A2,
17848,11903,Manjula Kumar,38,F,A1,
17849,11903,Anita Naik,48,F,A2,
17850,11904,Anita Naidu,19,F,A1,
17851,11904,Ramesh Iyer,49,M,A2,
17852,11905,Yogesh Hegde,55,M,A1,
17853,11905,Ravi Patil,39,M,A2,
17854,11906,Yogesh Hegde,27,M,A1,
17855,11907,Shivaraj Kumar,29,M,A1,REPEAT-024
17856,11907,Suresh Poojary,36,M,A2,
17857,11908,Bhagya Naik,50,F,A1,
17858,11908,Pooja Gowda,22,F,A2,
17859,11908,Shivaraj Bhat,33,M,A3,
17860,11909,Rekha Rao,35,F,A1,
17861,11910,Manjunath Bhat,19,M,A1,
17862,11910,Vijay Shetty,26,M,A2,
17863,11911,Ravi Patil,22,M,A1,
17864,11911,Shwetha Rao,26,F,A2,
17865,11912,Rekha Bhat,52,F,A1,
17866,11913,Mahesh Shetty,38,M,A1,REPEAT-022
17867,11913,Srinivas Patil,39,M,A2,
17868,11914,Vijay Bhat,39,M,A1,
17869,11914,Vijay Poojary,50,M,A2,
17870,11914,Srinivas Bhat,33,M,A3,
17871,11915,Ganesh Bhat,34,M,A1,
17872,11916,Mahesh Murthy,24,M,A1,
17873,11916,Vijay Setty,45,M,A2,
17874,11917,Vijay Murthy,34,M,A1,
17875,11918,Harish Reddy,44,M,A1,REPEAT-056
17876,11919,Nandini Kumar,53,F,A1,
17877,11919,Rekha Achar,42,F,A2,
17878,11920,Raghu Setty,25,M,A1,
17879,11921,Kumar Iyer,20,M,A1,REPEAT-038
17880,11921,Shivaraj Poojary,34,M,A2,
17881,11922,Rekha Setty,19,F,A1,
17882,11922,Prakash Achar,20,M,A2,
17883,11923,Vijay Gowda,45,M,A1,
17884,11924,Santosh Murthy,18,M,A1,
17885,11924,Shivaraj Naidu,22,M,A2,
17886,11925,Rekha Bhat,43,F,A1,REPEAT-047
17887,11926,Kumar Kumar,32,M,A1,
17888,11927,Srinivas Rao,32,M,A1,
17889,11928,Santosh Kumar,55,M,A1,
17890,11928,Vijay Setty,51,M,A2,
17891,11929,Harish Naidu,37,M,A1,REPEAT-015
17892,11929,Harish Reddy,52,M,A2,
17893,11930,Manjula Naidu,42,F,A1,
17894,11930,Manjula Bhat,19,F,A2,
17895,11931,Pooja Setty,35,F,A1,
17896,11931,Harish Iyer,48,M,A2,
17897,11932,Raghu Shetty,49,M,A1,
17898,11933,Srinivas Hegde,26,M,A1,
17899,11934,Naveen Poojary,43,M,A1,
17900,11934,Ramesh Shetty,46,M,A2,
17901,11935,Suresh Iyer,38,M,A1,
17902,11935,Shwetha Murthy,44,F,A2,
17903,11936,Harish Poojary,20,M,A1,
17904,11937,Anita Kumar,54,F,A1,
17905,11938,Anil Naik,41,M,A1,
17906,11939,Suresh Gowda,20,M,A1,
17907,11940,Shivaraj Setty,41,M,A1,
17908,11941,Manjunath Achar,18,M,A1,
17909,11942,Harish Naik,52,M,A1,
17910,11942,Girish Iyer,25,M,A2,
17911,11943,Yogesh Kumar,44,M,A1,REPEAT-050
17912,11944,Radha Poojary,34,F,A1,
17913,11945,Mahesh Patil,38,M,A1,
17914,11946,Naveen Achar,21,M,A1,
17915,11947,Srinivas Achar,48,M,A1,
17916,11947,Nagaraj Rao,39,M,A2,
17917,11947,Santosh Naik,20,M,A3,
17918,11948,Savitha Naidu,23,F,A1,REPEAT-013
17919,11949,Yogesh Murthy,20,M,A1,
17920,11950,Roopa Patil,28,F,A1,
17921,11951,Shivaraj Reddy,49,M,A1,
17922,11952,Naveen Iyer,53,M,A1,
17923,11953,Shivaraj Kumar,49,M,A1,
17924,11954,Roopa Reddy,25,F,A1,
17925,11955,Harish Naidu,45,M,A1,
17926,11955,Kavya Naik,43,F,A2,
17927,11956,Basavaraj Bhat,32,M,A1,
17928,11956,Anita Poojary,31,F,A2,
17929,11957,Basavaraj Hegde,36,M,A1,
17930,11958,Harish Rao,52,M,A1,
17931,11959,Raghu Kumar,27,M,A1,
17932,11960,Ganesh Patil,30,M,A1,
17933,11960,Savitha Setty,30,F,A2,
17934,11960,Ganesh Gowda,52,M,A3,
17935,11961,Srinivas Setty,41,M,A1,
17936,11961,Mahesh Patil,50,M,A2,
17937,11961,Nagaraj Naik,44,M,A3,
17938,11962,Santosh Rao,41,M,A1,REPEAT-027
17939,11963,Srinivas Naidu,41,M,A1,REPEAT-037
17940,11963,Yogesh Murthy,21,M,A2,
17941,11964,Vidya Naik,29,F,A1,
17942,11964,Sowmya Murthy,51,F,A2,
17943,11965,Srinivas Rao,24,M,A1,
17944,11966,Harish Rao,38,M,A1,
17945,11966,Anita Patil,39,F,A2,
17946,11967,Srinivas Bhat,36,M,A1,
17947,11967,Lakshmi Bhat,32,F,A2,
17948,11968,Nagaraj Setty,46,M,A1,REPEAT-003
17949,11968,Basavaraj Naidu,19,M,A2,
17950,11969,Suresh Naidu,39,M,A1,
17951,11970,Ramesh Hegde,43,M,A1,
17952,11970,Nandini Shetty,18,F,A2,
17953,11971,Santosh Bhat,51,M,A1,
17954,11972,Ganesh Naidu,26,M,A1,
17955,11972,Ravi Shetty,40,M,A2,
17956,11973,Harish Rao,34,M,A1,
17957,11973,Suresh Shetty,24,M,A2,
17958,11974,Nandini Shetty,22,F,A1,REPEAT-011
17959,11974,Vijay Patil,50,M,A2,
17960,11975,Suresh Reddy,35,M,A1,
17961,11976,Chaya Patil,40,F,A1,
17962,11977,Girish Naik,36,M,A1,
17963,11977,Ganesh Naidu,54,M,A2,
17964,11978,Manjunath Murthy,46,M,A1,
17965,11979,Radha Achar,44,F,A1,
17966,11979,Suresh Kumar,51,M,A2,
17967,11980,Raghu Achar,53,M,A1,
17968,11981,Santosh Iyer,37,M,A1,
17969,11982,Basavaraj Reddy,42,M,A1,REPEAT-031
17970,11982,Lakshmi Kumar,51,F,A2,
17971,11983,Ganesh Naik,26,M,A1,
17972,11983,Girish Poojary,46,M,A2,
17973,11984,Prakash Iyer,53,M,A1,
17974,11985,Ravi Setty,39,M,A1,
17975,11986,Priya Murthy,23,F,A1,REPEAT-010
17976,11987,Anil Patil,31,M,A1,
17977,11987,Kavya Murthy,27,F,A2,
17978,11988,Manjunath Reddy,41,M,A1,
17979,11988,Mahesh Gowda,34,M,A2,
17980,11988,Pooja Hegde,41,F,A3,
17981,11989,Manjunath Murthy,25,M,A1,REPEAT-025
17982,11990,Mahesh Reddy,33,M,A1,
17983,11991,Geeta Iyer,24,F,A1,
17984,11992,Yogesh Naidu,24,M,A1,REPEAT-001
17985,11992,Suresh Murthy,38,M,A2,
17986,11993,Basavaraj Shetty,40,M,A1,REPEAT-023
17987,11993,Deepa Murthy,45,F,A2,
17988,11993,Ganesh Achar,34,M,A3,
17989,11994,Girish Reddy,48,M,A1,
17990,11995,Vijay Shetty,35,M,A1,
17991,11996,Lakshmi Naidu,45,F,A1,
17992,11997,Nagaraj Naik,52,M,A1,
17993,11998,Mahesh Poojary,33,M,A1,
17994,11998,Anita Reddy,39,F,A2,
17995,11998,Naveen Kumar,22,M,A3,
17996,11999,Kumar Setty,37,M,A1,REPEAT-043
17997,11999,Anil Hegde,31,M,A2,
17998,12000,Ravi Reddy,53,M,A1,
17999,12001,Sunita Shetty,30,F,A1,
18000,12002,Ravi Patil,40,M,A1,
18001,12003,Mahesh Poojary,51,M,A1,
18002,12003,Anil Hegde,18,M,A2,
18003,12003,Naveen Kumar,40,M,A3,
18004,12004,Anita Setty,37,F,A1,
18005,12005,Basavaraj Reddy,42,M,A1,REPEAT-031
18006,12006,Chaya Setty,51,F,A1,
18007,12006,Ganesh Poojary,55,M,A2,
18008,12006,Chaya Patil,21,F,A3,
18009,12007,Kumar Patil,54,M,A1,
18010,12007,Ravi Iyer,28,M,A2,
18011,12008,Yogesh Naidu,24,M,A1,REPEAT-001
18012,12009,Santosh Achar,20,M,A1,
18013,12010,Ramesh Gowda,49,M,A1,
18014,12011,Santosh Kumar,32,M,A1,
18015,12011,Geeta Rao,43,F,A2,
18016,12012,Suresh Bhat,55,M,A1,
18017,12013,Ganesh Patil,32,M,A1,
18018,12014,Naveen Reddy,40,M,A1,
18019,12015,Suresh Shetty,27,M,A1,
18020,12015,Yogesh Bhat,37,M,A2,
18021,12016,Raghu Hegde,40,M,A1,REPEAT-045
18022,12017,Rekha Murthy,41,F,A1,
18023,12018,Pooja Iyer,47,F,A1,
18024,12018,Mahesh Poojary,34,M,A2,
18025,12019,Girish Gowda,39,M,A1,
18026,12020,Manjunath Setty,43,M,A1,REPEAT-016
18027,12020,Vijay Iyer,26,M,A2,
18028,12021,Deepa Shetty,35,F,A1,
18029,12022,Prakash Shetty,25,M,A1,
18030,12023,Ravi Rao,33,M,A1,
18031,12024,Lakshmi Murthy,45,F,A1,REPEAT-044
18032,12025,Kumar Setty,37,M,A1,REPEAT-043
18033,12025,Ganesh Iyer,53,M,A2,
18034,12025,Prakash Gowda,23,M,A3,
18035,12026,Bhagya Achar,27,F,A1,
18036,12026,Savitha Naik,39,F,A2,
18037,12026,Rekha Reddy,42,F,A3,
18038,12027,Deepa Reddy,54,F,A1,
18039,12028,Ganesh Rao,27,M,A1,
18040,12029,Mahesh Naik,51,M,A1,
18041,12030,Vidya Patil,32,F,A1,
18042,12031,Lakshmi Iyer,38,F,A1,
18043,12032,Nandini Kumar,43,F,A1,REPEAT-012
18044,12033,Basavaraj Poojary,52,M,A1,
18045,12033,Geeta Hegde,34,F,A2,
18046,12034,Vijay Achar,34,M,A1,
18047,12035,Vijay Patil,27,M,A1,
18048,12035,Prakash Shetty,18,M,A2,
18049,12036,Ramesh Kumar,29,M,A1,
18050,12037,Ganesh Gowda,20,M,A1,REPEAT-020
18051,12038,Srinivas Naidu,37,M,A1,REPEAT-049
18052,12039,Anil Gowda,51,M,A1,
18053,12040,Girish Hegde,43,M,A1,
18054,12040,Kumar Bhat,39,M,A2,
18055,12041,Lakshmi Gowda,29,F,A1,
18056,12041,Ramesh Murthy,22,M,A2,
18057,12042,Kumar Kumar,25,M,A1,
18058,12042,Anita Poojary,35,F,A2,
18059,12042,Santosh Iyer,18,M,A3,
18060,12043,Vijay Poojary,46,M,A1,
18061,12044,Shobha Rao,19,F,A1,
18062,12044,Nandini Naidu,36,F,A2,
18063,12045,Basavaraj Iyer,30,M,A1,
18064,12046,Mahesh Shetty,37,M,A1,REPEAT-022
18065,12047,Santosh Bhat,40,M,A1,
18066,12048,Anita Patil,46,F,A1,
18067,12049,Shivaraj Achar,25,M,A1,
18068,12049,Roopa Achar,30,F,A2,
18069,12050,Yogesh Hegde,46,M,A1,
18070,12051,Basavaraj Naik,52,M,A1,
18071,12052,Prakash Rao,27,M,A1,
18072,12053,Girish Naik,25,M,A1,
18073,12054,Prakash Rao,25,M,A1,
18074,12054,Vijay Gowda,49,M,A2,
18075,12054,Sowmya Achar,42,F,A3,
18076,12055,Ravi Bhat,49,M,A1,
18077,12056,Deepa Patil,37,F,A1,
18078,12056,Kumar Murthy,39,M,A2,
18079,12057,Shivaraj Kumar,30,M,A1,REPEAT-024
18080,12058,Shwetha Reddy,36,F,A1,
18081,12058,Ravi Shetty,23,M,A2,
18082,12058,Ganesh Shetty,32,M,A3,
18083,12059,Basavaraj Poojary,33,M,A1,
18084,12060,Prakash Naidu,22,M,A1,
18085,12060,Girish Reddy,43,M,A2,
18086,12060,Ramesh Gowda,42,M,A3,
18087,12061,Raghu Bhat,25,M,A1,
18088,12061,Suresh Gowda,22,M,A2,
18089,12061,Chaya Hegde,39,F,A3,
18090,12062,Radha Reddy,36,F,A1,
18091,12062,Basavaraj Murthy,31,M,A2,
18092,12063,Kavya Bhat,55,F,A1,
18093,12064,Kumar Setty,38,M,A1,
18094,12064,Srinivas Setty,34,M,A2,
18095,12064,Rekha Naik,27,F,A3,
18096,12065,Geeta Poojary,21,F,A1,
18097,12065,Anil Shetty,25,M,A2,
18098,12066,Prakash Iyer,18,M,A1,
18099,12067,Nandini Bhat,45,F,A1,
18100,12068,Yogesh Naik,26,M,A1,
18101,12068,Manjunath Poojary,48,M,A2,
18102,12069,Vijay Reddy,25,M,A1,
18103,12070,Radha Shetty,50,F,A1,
18104,12071,Rekha Iyer,31,F,A1,
18105,12072,Ramesh Poojary,39,M,A1,
18106,12073,Ramesh Achar,43,M,A1,
18107,12074,Mahesh Murthy,42,M,A1,
18108,12074,Harish Achar,31,M,A2,
18109,12074,Ravi Kumar,54,M,A3,
18110,12075,Ravi Rao,51,M,A1,
18111,12075,Girish Setty,21,M,A2,
18112,12075,Raghu Murthy,24,M,A3,
18113,12076,Vijay Naik,35,M,A1,
18114,12077,Anil Bhat,34,M,A1,REPEAT-005
18115,12077,Raghu Naik,54,M,A2,
18116,12078,Nagaraj Setty,45,M,A1,REPEAT-003
18117,12079,Nagaraj Murthy,26,M,A1,
18118,12080,Mahesh Naidu,32,M,A1,
18119,12081,Kumar Poojary,19,M,A1,
18120,12081,Geeta Patil,53,F,A2,
18121,12082,Lakshmi Murthy,44,F,A1,REPEAT-044
18122,12082,Kumar Naik,37,M,A2,
18123,12083,Santosh Rao,40,M,A1,REPEAT-027
18124,12083,Manjula Gowda,30,F,A2,
18125,12083,Prakash Reddy,19,M,A3,
18126,12084,Kumar Kumar,32,M,A1,
18127,12085,Ramesh Poojary,44,M,A1,
18128,12085,Ramesh Naidu,29,M,A2,
18129,12086,Bhagya Naik,33,F,A1,
18130,12086,Ramesh Poojary,37,M,A2,
18131,12087,Srinivas Achar,41,M,A1,
18132,12088,Geeta Achar,49,F,A1,
18133,12089,Naveen Naidu,35,M,A1,
18134,12090,Rekha Hegde,26,F,A1,
18135,12090,Anita Poojary,27,F,A2,
18136,12090,Santosh Setty,36,M,A3,
18137,12091,Naveen Poojary,22,M,A1,
18138,12092,Mahesh Shetty,30,M,A1,
18139,12093,Nandini Naidu,27,F,A1,
18140,12093,Ganesh Murthy,26,M,A2,
18141,12094,Naveen Murthy,44,M,A1,REPEAT-002
18142,12094,Manjunath Murthy,44,M,A2,
18143,12095,Santosh Setty,30,M,A1,
18144,12096,Priya Murthy,36,F,A1,
18145,12096,Harish Kumar,30,M,A2,
18146,12097,Nagaraj Achar,26,M,A1,
18147,12098,Priya Hegde,22,F,A1,
18148,12099,Kumar Rao,44,M,A1,REPEAT-018
18149,12100,Manjunath Murthy,25,M,A1,REPEAT-025
18150,12100,Priya Bhat,45,F,A2,
18151,12101,Lakshmi Reddy,32,F,A1,
18152,12102,Manjunath Bhat,32,M,A1,REPEAT-030
18153,12103,Nandini Kumar,42,F,A1,REPEAT-012
18154,12104,Ravi Shetty,36,M,A1,
18155,12105,Suresh Bhat,25,M,A1,
18156,12106,Lakshmi Naik,41,F,A1,
18157,12107,Vijay Shetty,22,M,A1,REPEAT-007
18158,12107,Anita Achar,29,F,A2,
18159,12107,Sowmya Murthy,37,F,A3,
18160,12108,Manjunath Murthy,41,M,A1,
18161,12109,Nandini Iyer,38,F,A1,
18162,12110,Sowmya Patil,50,F,A1,
18163,12111,Anil Bhat,23,M,A1,
18164,12112,Vidya Naik,27,F,A1,
18165,12113,Vijay Setty,39,M,A1,
18166,12114,Mahesh Setty,31,M,A1,
18167,12114,Kavya Reddy,28,F,A2,
18168,12115,Anil Naidu,54,M,A1,
18169,12116,Prakash Bhat,25,M,A1,
18170,12117,Radha Setty,40,F,A1,
18171,12118,Santosh Rao,40,M,A1,REPEAT-027
18172,12118,Harish Hegde,26,M,A2,
18173,12119,Harish Naidu,18,M,A1,
18174,12119,Ramesh Gowda,33,M,A2,
18175,12119,Srinivas Poojary,50,M,A3,
18176,12120,Nagaraj Patil,43,M,A1,
18177,12121,Manjunath Patil,49,M,A1,
18178,12122,Geeta Hegde,45,F,A1,
18179,12123,Anil Bhat,41,M,A1,REPEAT-054
18180,12123,Vijay Bhat,47,M,A2,
18181,12124,Suresh Naik,39,M,A1,REPEAT-042
18182,12124,Ramesh Achar,46,M,A2,
18183,12125,Shwetha Patil,31,F,A1,
18184,12125,Anil Setty,30,M,A2,
18185,12126,Anita Shetty,29,F,A1,REPEAT-019
18186,12126,Suresh Kumar,19,M,A2,
18187,12127,Anita Shetty,28,F,A1,REPEAT-019
18188,12128,Mahesh Patil,26,M,A1,
18189,12129,Vijay Poojary,28,M,A1,
18190,12129,Ganesh Patil,46,M,A2,
18191,12130,Prakash Naidu,45,M,A1,
18192,12131,Rekha Naidu,22,F,A1,
18193,12131,Geeta Bhat,42,F,A2,
18194,12132,Radha Reddy,45,F,A1,REPEAT-055
18195,12133,Mahesh Shetty,37,M,A1,REPEAT-022
18196,12133,Vijay Setty,35,M,A2,
18197,12134,Ganesh Naik,35,M,A1,REPEAT-009
18198,12135,Harish Naidu,36,M,A1,REPEAT-015
18199,12136,Radha Reddy,26,F,A1,
18200,12137,Manjula Setty,21,F,A1,
18201,12138,Santosh Shetty,41,M,A1,
18202,12139,Chaya Bhat,35,F,A1,
18203,12140,Basavaraj Naidu,45,M,A1,
18204,12141,Vijay Shetty,22,M,A1,REPEAT-007
18205,12142,Yogesh Rao,35,M,A1,
18206,12142,Bhagya Naik,54,F,A2,
18207,12143,Nagaraj Setty,45,M,A1,REPEAT-003
18208,12144,Srinivas Naidu,37,M,A1,REPEAT-049
18209,12145,Santosh Kumar,49,M,A1,
18210,12146,Mahesh Murthy,19,M,A1,
18211,12146,Manjula Reddy,31,F,A2,
18212,12147,Srinivas Hegde,32,M,A1,REPEAT-046
18213,12148,Ganesh Shetty,47,M,A1,
18214,12149,Manjunath Bhat,32,M,A1,REPEAT-030
18215,12150,Anil Setty,44,M,A1,
18216,12150,Shivaraj Naik,50,M,A2,
18217,12151,Shivaraj Kumar,45,M,A1,
18218,12151,Shivaraj Poojary,29,M,A2,
18219,12152,Ganesh Hegde,36,M,A1,REPEAT-060
18220,12153,Lakshmi Murthy,45,F,A1,REPEAT-044
18221,12154,Manjula Shetty,47,F,A1,
18222,12154,Ganesh Achar,48,M,A2,
18223,12155,Pooja Murthy,35,F,A1,
18224,12155,Bhagya Reddy,19,F,A2,
18225,12156,Priya Murthy,24,F,A1,REPEAT-010
18226,12156,Shivaraj Patil,54,M,A2,
18227,12157,Harish Naidu,36,M,A1,REPEAT-015
18228,12157,Priya Patil,19,F,A2,
18229,12158,Sunita Bhat,50,F,A1,
18230,12159,Naveen Murthy,43,M,A1,REPEAT-002
18231,12160,Vidya Achar,23,F,A1,
18232,12160,Kavya Poojary,30,F,A2,
18233,12160,Ravi Naidu,38,M,A3,
18234,12161,Shivaraj Patil,44,M,A1,
18235,12162,Raghu Bhat,29,M,A1,
18236,12163,Suresh Naidu,47,M,A1,
18237,12163,Shobha Shetty,54,F,A2,
18238,12164,Radha Naidu,39,F,A1,
18239,12164,Ganesh Kumar,21,M,A2,
18240,12165,Lakshmi Murthy,45,F,A1,REPEAT-044
18241,12166,Basavaraj Rao,55,M,A1,
18242,12167,Manjunath Bhat,32,M,A1,REPEAT-030
18243,12168,Kavya Bhat,19,F,A1,
18244,12168,Basavaraj Hegde,20,M,A2,
18245,12168,Ravi Rao,33,M,A3,
18246,12169,Suresh Murthy,54,M,A1,
18247,12170,Naveen Naidu,54,M,A1,
18248,12170,Chaya Naidu,19,F,A2,
18249,12171,Naveen Reddy,49,M,A1,
18250,12171,Ramesh Rao,19,M,A2,
18251,12172,Deepa Reddy,27,F,A1,
18252,12172,Anil Bhat,31,M,A2,
18253,12173,Harish Patil,39,M,A1,REPEAT-053
18254,12173,Basavaraj Naidu,21,M,A2,
18255,12174,Geeta Reddy,43,F,A1,
18256,12174,Srinivas Shetty,28,M,A2,
18257,12175,Ganesh Kumar,22,M,A1,
18258,12176,Radha Reddy,44,F,A1,REPEAT-055
18259,12176,Yogesh Shetty,27,M,A2,
18260,12177,Basavaraj Naik,31,M,A1,
18261,12178,Deepa Kumar,28,F,A1,
18262,12179,Raghu Iyer,33,M,A1,
18263,12180,Nagaraj Achar,40,M,A1,
18264,12181,Suresh Reddy,25,M,A1,
18265,12181,Nagaraj Hegde,41,M,A2,
18266,12182,Manjunath Bhat,32,M,A1,REPEAT-030
18267,12183,Nagaraj Reddy,50,M,A1,
18268,12184,Radha Rao,48,F,A1,
18269,12185,Naveen Murthy,44,M,A1,REPEAT-002
18270,12186,Ramesh Murthy,25,M,A1,
18271,12187,Ganesh Naidu,48,M,A1,
18272,12188,Anil Gowda,42,M,A1,
18273,12189,Santosh Shetty,33,M,A1,
18274,12190,Yogesh Naik,53,M,A1,
18275,12191,Anil Hegde,49,M,A1,
18276,12192,Mahesh Murthy,23,M,A1,REPEAT-033
18277,12193,Manjunath Patil,32,M,A1,
18278,12193,Anita Achar,29,F,A2,
18279,12193,Shivaraj Patil,31,M,A3,
18280,12194,Girish Poojary,19,M,A1,
18281,12195,Vijay Naidu,26,M,A1,
18282,12195,Harish Patil,55,M,A2,
18283,12196,Nagaraj Reddy,18,M,A1,
18284,12196,Chaya Naidu,54,F,A2,
18285,12197,Srinivas Patil,32,M,A1,
18286,12197,Nandini Hegde,47,F,A2,
18287,12198,Santosh Iyer,53,M,A1,
18288,12198,Shivaraj Patil,18,M,A2,
18289,12198,Vijay Reddy,22,M,A3,
18290,12199,Ramesh Hegde,38,M,A1,
18291,12200,Mahesh Bhat,19,M,A1,
18292,12200,Manjunath Poojary,51,M,A2,
18293,12201,Naveen Murthy,43,M,A1,REPEAT-002
18294,12202,Basavaraj Achar,54,M,A1,
18295,12202,Anil Patil,45,M,A2,
18296,12203,Deepa Patil,52,F,A1,
18297,12204,Shobha Shetty,31,F,A1,REPEAT-017
18298,12205,Shwetha Rao,30,F,A1,
18299,12206,Naveen Murthy,43,M,A1,REPEAT-002
18300,12206,Lakshmi Rao,24,F,A2,
18301,12207,Lakshmi Hegde,40,F,A1,
18302,12208,Kumar Poojary,40,M,A1,
18303,12209,Shwetha Naik,50,F,A1,
18304,12210,Ganesh Shetty,40,M,A1,REPEAT-029
18305,12210,Manjunath Hegde,30,M,A2,
18306,12211,Santosh Shetty,53,M,A1,
18307,12212,Naveen Murthy,43,M,A1,REPEAT-002
18308,12212,Santosh Shetty,44,M,A2,
18309,12213,Priya Bhat,40,F,A1,
18310,12213,Ganesh Kumar,37,M,A2,
18311,12214,Raghu Hegde,32,M,A1,
18312,12215,Harish Naidu,36,M,A1,REPEAT-015
18313,12216,Srinivas Murthy,21,M,A1,
18314,12216,Girish Setty,44,M,A2,
18315,12217,Basavaraj Naidu,22,M,A1,
18316,12218,Harish Achar,45,M,A1,REPEAT-057
18317,12218,Ramesh Naik,47,M,A2,
18318,12219,Rekha Shetty,36,F,A1,
18319,12219,Mahesh Setty,52,M,A2,
18320,12220,Manjunath Naidu,24,M,A1,
18321,12221,Girish Patil,47,M,A1,
18322,12222,Pooja Murthy,38,F,A1,
18323,12222,Santosh Iyer,24,M,A2,
18324,12222,Mahesh Murthy,49,M,A3,
18325,12223,Kumar Setty,30,M,A1,
18326,12224,Nagaraj Naidu,53,M,A1,
18327,12225,Harish Kumar,18,M,A1,
18328,12226,Kumar Rao,45,M,A1,REPEAT-018
18329,12227,Lakshmi Murthy,44,F,A1,REPEAT-044
18330,12228,Raghu Hegde,31,M,A1,
18331,12228,Shivaraj Setty,45,M,A2,
18332,12228,Geeta Naik,51,F,A3,
18333,12229,Pooja Rao,46,F,A1,
18334,12230,Geeta Setty,52,F,A1,
18335,12231,Anil Bhat,34,M,A1,REPEAT-005
18336,12231,Suresh Kumar,38,M,A2,
18337,12232,Deepa Gowda,26,F,A1,
18338,12233,Ganesh Iyer,35,M,A1,
18339,12233,Girish Setty,49,M,A2,
18340,12234,Radha Reddy,44,F,A1,REPEAT-055
18341,12234,Suresh Poojary,28,M,A2,
18342,12234,Manjunath Setty,43,M,A3,
18343,12235,Nagaraj Shetty,34,M,A1,
18344,12235,Anil Bhat,22,M,A2,
18345,12236,Bhagya Achar,29,F,A1,
18346,12237,Harish Naidu,36,M,A1,REPEAT-015
18347,12238,Srinivas Naidu,37,M,A1,REPEAT-049
18348,12239,Mahesh Naidu,54,M,A1,
18349,12239,Santosh Setty,39,M,A2,
18350,12240,Shwetha Setty,19,F,A1,
18351,12240,Shivaraj Murthy,32,M,A2,
18352,12241,Basavaraj Rao,45,M,A1,
18353,12242,Ganesh Hegde,28,M,A1,
18354,12242,Santosh Shetty,18,M,A2,
18355,12243,Nagaraj Murthy,34,M,A1,
18356,12244,Ganesh Gowda,21,M,A1,REPEAT-020
18357,12245,Mahesh Setty,43,M,A1,
18358,12246,Radha Reddy,44,F,A1,REPEAT-055
18359,12246,Vijay Hegde,51,M,A2,
18360,12247,Naveen Bhat,52,M,A1,
18361,12248,Nandini Rao,18,F,A1,
18362,12248,Basavaraj Reddy,43,M,A2,
18363,12248,Savitha Poojary,22,F,A3,
18364,12249,Savitha Hegde,52,F,A1,
18365,12250,Vidya Bhat,44,F,A1,
18366,12250,Savitha Rao,54,F,A2,
18367,12251,Priya Patil,42,F,A1,
18368,12252,Raghu Naidu,28,M,A1,
18369,12252,Manjunath Setty,31,M,A2,
18370,12252,Mahesh Patil,51,M,A3,
18371,12253,Ramesh Kumar,54,M,A1,
18372,12253,Srinivas Bhat,24,M,A2,
18373,12254,Shwetha Patil,43,F,A1,
18374,12255,Bhagya Naik,39,F,A1,
18375,12256,Priya Iyer,32,F,A1,
18376,12257,Manjunath Setty,43,M,A1,REPEAT-016
18377,12258,Ganesh Hegde,31,M,A1,
18378,12258,Raghu Naik,52,M,A2,
18379,12259,Radha Hegde,21,F,A1,
18380,12260,Lakshmi Setty,48,F,A1,
18381,12260,Raghu Naidu,30,M,A2,
18382,12260,Suresh Murthy,18,M,A3,
18383,12261,Girish Naik,54,M,A1,
18384,12262,Priya Achar,52,F,A1,
18385,12262,Girish Naidu,46,M,A2,
18386,12263,Sunita Patil,53,F,A1,
18387,12263,Girish Iyer,48,M,A2,
18388,12264,Shivaraj Achar,55,M,A1,
18389,12265,Vijay Patil,18,M,A1,
18390,12265,Girish Bhat,53,M,A2,
18391,12265,Raghu Shetty,29,M,A3,
18392,12266,Shobha Naidu,33,F,A1,
18393,12266,Ramesh Achar,35,M,A2,
18394,12266,Raghu Patil,31,M,A3,
18395,12267,Vijay Shetty,22,M,A1,REPEAT-007
18396,12267,Kumar Poojary,19,M,A2,
18397,12268,Ramesh Poojary,37,M,A1,
18398,12268,Shivaraj Achar,27,M,A2,
18399,12269,Vijay Reddy,40,M,A1,
18400,12270,Vijay Shetty,22,M,A1,REPEAT-007
18401,12271,Sowmya Gowda,19,F,A1,
18402,12272,Ganesh Murthy,21,M,A1,
18403,12273,Anil Achar,28,M,A1,
18404,12274,Srinivas Setty,52,M,A1,
18405,12275,Anita Gowda,33,F,A1,
18406,12276,Girish Naidu,46,M,A1,
18407,12277,Vijay Bhat,47,M,A1,
18408,12277,Basavaraj Poojary,19,M,A2,
18409,12278,Ganesh Poojary,28,M,A1,
18410,12279,Sowmya Naidu,39,F,A1,
18411,12279,Srinivas Naik,23,M,A2,
18412,12279,Srinivas Setty,37,M,A3,
18413,12280,Nandini Shetty,23,F,A1,REPEAT-011
18414,12281,Pooja Reddy,33,F,A1,
18415,12281,Nandini Poojary,20,F,A2,
18416,12281,Priya Kumar,48,F,A3,
18417,12282,Pooja Setty,49,F,A1,
18418,12282,Pooja Setty,37,F,A2,
18419,12283,Nagaraj Setty,45,M,A1,REPEAT-003
18420,12284,Kumar Poojary,27,M,A1,
18421,12285,Santosh Patil,45,M,A1,
18422,12285,Anita Setty,50,F,A2,
18423,12285,Geeta Patil,34,F,A3,
18424,12286,Yogesh Naidu,34,M,A1,
18425,12287,Yogesh Setty,22,M,A1,
18426,12288,Manjunath Bhat,32,M,A1,REPEAT-030
18427,12289,Sunita Patil,18,F,A1,
18428,12289,Basavaraj Bhat,53,M,A2,
18429,12290,Nagaraj Naidu,34,M,A1,
18430,12291,Chaya Hegde,55,F,A1,
18431,12292,Ganesh Iyer,45,M,A1,
18432,12293,Vijay Shetty,25,M,A1,
18433,12294,Srinivas Hegde,40,M,A1,
18434,12295,Nagaraj Setty,45,M,A1,REPEAT-003
18435,12296,Vijay Kumar,34,M,A1,
18436,12297,Harish Achar,45,M,A1,REPEAT-057
18437,12298,Ganesh Rao,19,M,A1,
18438,12299,Ganesh Patil,36,M,A1,
18439,12299,Lakshmi Murthy,36,F,A2,
18440,12300,Ganesh Setty,35,M,A1,
18441,12300,Radha Reddy,51,F,A2,
18442,12301,Raghu Shetty,38,M,A1,
18443,12302,Mahesh Shetty,37,M,A1,REPEAT-022
18444,12303,Srinivas Gowda,45,M,A1,
18445,12303,Suresh Poojary,47,M,A2,
18446,12304,Ganesh Shetty,40,M,A1,REPEAT-029
18447,12304,Santosh Shetty,26,M,A2,
18448,12304,Geeta Shetty,20,F,A3,
18449,12305,Mahesh Rao,31,M,A1,
18450,12305,Kavya Naidu,25,F,A2,
18451,12306,Nandini Rao,21,F,A1,
18452,12306,Ganesh Rao,29,M,A2,
18453,12307,Sowmya Bhat,30,F,A1,
18454,12307,Radha Naik,46,F,A2,
18455,12308,Basavaraj Shetty,51,M,A1,
18456,12309,Mahesh Murthy,23,M,A1,REPEAT-033
18457,12309,Prakash Murthy,33,M,A2,
18458,12310,Anita Shetty,29,F,A1,REPEAT-019
18459,12311,Anil Poojary,53,M,A1,
18460,12312,Ramesh Iyer,39,M,A1,
18461,12312,Srinivas Murthy,27,M,A2,
18462,12312,Sunita Setty,49,F,A3,
18463,12313,Mahesh Murthy,23,M,A1,REPEAT-033
18464,12314,Yogesh Bhat,44,M,A1,
18465,12315,Lakshmi Reddy,34,F,A1,
18466,12316,Kumar Rao,44,M,A1,REPEAT-018
18467,12316,Girish Patil,52,M,A2,
18468,12316,Chaya Setty,45,F,A3,
18469,12317,Rekha Bhat,40,F,A1,
18470,12318,Priya Rao,38,F,A1,
18471,12318,Raghu Iyer,44,M,A2,
18472,12319,Nandini Kumar,42,F,A1,REPEAT-012
18473,12319,Vijay Hegde,21,M,A2,
18474,12319,Santosh Shetty,46,M,A3,
18475,12320,Manjunath Patil,32,M,A1,
18476,12321,Nagaraj Patil,48,M,A1,
18477,12322,Rekha Poojary,28,F,A1,
18478,12322,Anil Shetty,34,M,A2,
18479,12323,Manjunath Setty,44,M,A1,REPEAT-016
18480,12324,Ravi Reddy,42,M,A1,
18481,12324,Santosh Kumar,25,M,A2,
18482,12324,Harish Naik,48,M,A3,
18483,12325,Suresh Iyer,23,M,A1,
18484,12325,Roopa Hegde,19,F,A2,
18485,12326,Yogesh Setty,41,M,A1,
18486,12326,Geeta Kumar,54,F,A2,
18487,12327,Shivaraj Shetty,42,M,A1,
18488,12327,Shivaraj Naik,26,M,A2,
18489,12328,Rekha Patil,50,F,A1,
18490,12328,Anil Naidu,43,M,A2,
18491,12329,Santosh Kumar,43,M,A1,
18492,12330,Vijay Iyer,24,M,A1,
18493,12330,Girish Poojary,48,M,A2,
18494,12331,Lakshmi Gowda,39,F,A1,
18495,12332,Naveen Murthy,41,M,A1,
18496,12333,Geeta Shetty,31,F,A1,
18497,12333,Suresh Murthy,45,M,A2,
18498,12333,Prakash Gowda,29,M,A3,
18499,12334,Prakash Naidu,28,M,A1,
18500,12335,Priya Murthy,24,F,A1,REPEAT-010
18501,12336,Rekha Naidu,20,F,A1,
18502,12336,Basavaraj Reddy,24,M,A2,
18503,12337,Suresh Naik,45,M,A1,
18504,12338,Anil Shetty,44,M,A1,
18505,12339,Anil Patil,35,M,A1,
18506,12340,Santosh Bhat,18,M,A1,
18507,12341,Kumar Bhat,32,M,A1,
18508,12341,Chaya Murthy,31,F,A2,
18509,12342,Naveen Naik,38,M,A1,REPEAT-021
18510,12343,Ramesh Naik,36,M,A1,
18511,12344,Radha Rao,34,F,A1,REPEAT-059
18512,12344,Nagaraj Achar,34,M,A2,
18513,12345,Santosh Iyer,21,M,A1,
18514,12345,Shivaraj Kumar,21,M,A2,
18515,12346,Mahesh Naik,31,M,A1,
18516,12346,Geeta Setty,18,F,A2,
18517,12347,Naveen Shetty,46,M,A1,
18518,12348,Rekha Bhat,43,F,A1,REPEAT-047
18519,12349,Raghu Hegde,49,M,A1,
18520,12349,Ramesh Setty,32,M,A2,
18521,12350,Vijay Rao,50,M,A1,
18522,12351,Nagaraj Naidu,37,M,A1,
18523,12352,Raghu Poojary,28,M,A1,
18524,12353,Srinivas Poojary,38,M,A1,
18525,12354,Harish Reddy,25,M,A1,
18526,12354,Suresh Gowda,26,M,A2,
18527,12355,Suresh Rao,46,M,A1,
18528,12356,Raghu Achar,47,M,A1,
18529,12356,Suresh Achar,36,M,A2,
18530,12357,Srinivas Gowda,29,M,A1,
18531,12357,Ravi Reddy,52,M,A2,
18532,12358,Basavaraj Iyer,37,M,A1,
18533,12359,Nagaraj Setty,46,M,A1,REPEAT-003
18534,12360,Nandini Setty,52,F,A1,
18535,12360,Ravi Bhat,42,M,A2,
18536,12361,Suresh Patil,25,M,A1,
18537,12362,Mahesh Shetty,38,M,A1,REPEAT-022
18538,12363,Shivaraj Shetty,29,M,A1,
18539,12364,Manjula Bhat,35,F,A1,
18540,12365,Basavaraj Achar,48,M,A1,
18541,12366,Yogesh Naidu,24,M,A1,REPEAT-001
18542,12367,Basavaraj Naik,20,M,A1,
18543,12368,Harish Naidu,36,M,A1,REPEAT-015
18544,12369,Pooja Poojary,27,F,A1,
18545,12370,Kumar Setty,26,M,A1,
18546,12370,Anita Naik,53,F,A2,
18547,12371,Anita Patil,36,F,A1,
18548,12372,Mahesh Achar,53,M,A1,
18549,12373,Shwetha Iyer,20,F,A1,
18550,12373,Ravi Achar,24,M,A2,
18551,12374,Lakshmi Patil,27,F,A1,
18552,12375,Manjunath Setty,32,M,A1,
18553,12375,Mahesh Poojary,20,M,A2,
18554,12376,Deepa Setty,27,F,A1,
18555,12377,Harish Reddy,34,M,A1,
18556,12378,Srinivas Hegde,51,M,A1,
18557,12379,Vijay Shetty,21,M,A1,REPEAT-007
18558,12380,Kumar Rao,20,M,A1,
18559,12380,Prakash Patil,47,M,A2,
18560,12381,Ramesh Bhat,24,M,A1,
18561,12382,Shobha Setty,47,F,A1,
18562,12382,Manjunath Hegde,27,M,A2,
18563,12383,Srinivas Kumar,50,M,A1,
18564,12384,Rekha Bhat,43,F,A1,REPEAT-047
18565,12384,Ramesh Naidu,25,M,A2,
18566,12385,Anita Gowda,49,F,A1,
18567,12386,Ramesh Murthy,44,M,A1,
18568,12387,Srinivas Naidu,38,M,A1,REPEAT-049
18569,12388,Anil Achar,22,M,A1,
18570,12389,Nagaraj Murthy,18,M,A1,
18571,12390,Chaya Shetty,24,F,A1,
18572,12391,Mahesh Bhat,26,M,A1,
18573,12392,Savitha Naik,18,F,A1,
18574,12392,Manjula Kumar,25,F,A2,
18575,12393,Ramesh Murthy,42,M,A1,
18576,12394,Sunita Rao,24,F,A1,
18577,12394,Santosh Murthy,40,M,A2,
18578,12394,Manjula Bhat,26,F,A3,
18579,12395,Chaya Poojary,23,F,A1,
18580,12396,Rekha Reddy,29,F,A1,
18581,12397,Yogesh Poojary,45,M,A1,
18582,12398,Manjunath Hegde,29,M,A1,
18583,12399,Srinivas Hegde,32,M,A1,REPEAT-046
18584,12400,Ravi Shetty,21,M,A1,
18585,12400,Vijay Setty,49,M,A2,
18586,12400,Girish Achar,50,M,A3,
18587,12401,Pooja Rao,20,F,A1,
18588,12402,Roopa Murthy,53,F,A1,
18589,12402,Ganesh Poojary,43,M,A2,
18590,12402,Harish Shetty,33,M,A3,
18591,12403,Mahesh Shetty,37,M,A1,REPEAT-022
18592,12403,Ganesh Achar,40,M,A2,
18593,12404,Yogesh Setty,26,M,A1,
18594,12405,Santosh Iyer,26,M,A1,
18595,12405,Ganesh Naidu,20,M,A2,
18596,12405,Vijay Poojary,52,M,A3,
18597,12406,Kumar Rao,45,M,A1,REPEAT-018
18598,12407,Savitha Setty,32,F,A1,
18599,12408,Pooja Kumar,24,F,A1,
18600,12409,Sowmya Poojary,42,F,A1,
18601,12409,Yogesh Bhat,42,M,A2,
18602,12410,Mahesh Shetty,37,M,A1,REPEAT-022
18603,12410,Mahesh Achar,39,M,A2,
18604,12411,Shobha Hegde,47,F,A1,
18605,12412,Anil Iyer,20,M,A1,
18606,12413,Shobha Iyer,47,F,A1,
18607,12413,Kumar Bhat,38,M,A2,
18608,12414,Mahesh Gowda,26,M,A1,
18609,12415,Mahesh Naik,48,M,A1,
18610,12416,Deepa Iyer,49,F,A1,
18611,12417,Harish Patil,40,M,A1,REPEAT-053
18612,12418,Manjunath Gowda,55,M,A1,
18613,12419,Shivaraj Rao,37,M,A1,
18614,12419,Yogesh Achar,40,M,A2,
18615,12420,Nagaraj Patil,34,M,A1,
18616,12420,Basavaraj Iyer,45,M,A2,
18617,12421,Manjula Reddy,44,F,A1,
18618,12421,Pooja Hegde,42,F,A2,
18619,12422,Naveen Murthy,44,M,A1,REPEAT-002
18620,12423,Savitha Naidu,19,F,A1,
18621,12424,Harish Patil,39,M,A1,REPEAT-053
18622,12425,Girish Naik,55,M,A1,
18623,12425,Suresh Poojary,36,M,A2,
18624,12426,Nagaraj Gowda,24,M,A1,
18625,12426,Radha Achar,20,F,A2,
18626,12426,Mahesh Setty,54,M,A3,
18627,12427,Anita Shetty,28,F,A1,REPEAT-019
18628,12427,Basavaraj Reddy,21,M,A2,
18629,12428,Suresh Naik,38,M,A1,REPEAT-042
18630,12428,Nagaraj Murthy,37,M,A2,
18631,12428,Prakash Kumar,45,M,A3,
18632,12429,Naveen Patil,27,M,A1,
18633,12429,Prakash Poojary,37,M,A2,
18634,12430,Manjula Iyer,23,F,A1,
18635,12431,Shivaraj Patil,21,M,A1,
18636,12432,Naveen Murthy,43,M,A1,REPEAT-002
18637,12433,Naveen Hegde,50,M,A1,
18638,12434,Raghu Setty,39,M,A1,
18639,12435,Nandini Gowda,25,F,A1,
18640,12436,Srinivas Naidu,38,M,A1,REPEAT-049
18641,12437,Nagaraj Naidu,19,M,A1,
18642,12438,Ramesh Kumar,33,M,A1,
18643,12438,Manjunath Murthy,47,M,A2,
18644,12439,Prakash Hegde,38,M,A1,
18645,12440,Suresh Shetty,37,M,A1,
18646,12441,Basavaraj Gowda,25,M,A1,
18647,12441,Girish Iyer,29,M,A2,
18648,12442,Manjunath Gowda,50,M,A1,
18649,12443,Lakshmi Bhat,32,F,A1,
18650,12444,Manjunath Iyer,18,M,A1,
18651,12445,Prakash Kumar,23,M,A1,
18652,12446,Harish Naik,33,M,A1,
18653,12447,Raghu Hegde,40,M,A1,REPEAT-045
18654,12447,Prakash Gowda,23,M,A2,
18655,12448,Kumar Setty,49,M,A1,
18656,12449,Manjunath Murthy,26,M,A1,REPEAT-025
18657,12449,Anil Hegde,51,M,A2,
18658,12450,Anita Shetty,29,F,A1,REPEAT-019
18659,12451,Basavaraj Naidu,43,M,A1,
18660,12452,Chaya Setty,42,F,A1,
18661,12453,Naveen Bhat,52,M,A1,
18662,12454,Suresh Patil,45,M,A1,
18663,12455,Harish Setty,38,M,A1,
18664,12456,Mahesh Murthy,23,M,A1,REPEAT-033
18665,12457,Manjunath Patil,31,M,A1,
18666,12458,Yogesh Rao,19,M,A1,
18667,12459,Prakash Murthy,36,M,A1,
18668,12459,Prakash Naidu,52,M,A2,
18669,12459,Shivaraj Iyer,25,M,A3,
18670,12460,Pooja Reddy,24,F,A1,
18671,12461,Nagaraj Murthy,29,M,A1,
18672,12461,Shobha Naik,44,F,A2,
18673,12461,Suresh Reddy,50,M,A3,
18674,12462,Naveen Rao,48,M,A1,
18675,12463,Ganesh Murthy,42,M,A1,
18676,12463,Yogesh Setty,43,M,A2,
18677,12464,Suresh Naik,38,M,A1,REPEAT-042
18678,12465,Manjunath Iyer,48,M,A1,
18679,12465,Savitha Shetty,25,F,A2,
18680,12465,Raghu Naik,25,M,A3,
18681,12466,Mahesh Patil,47,M,A1,
18682,12466,Ravi Poojary,22,M,A2,
18683,12466,Nagaraj Shetty,41,M,A3,
18684,12467,Raghu Setty,24,M,A1,
18685,12467,Girish Gowda,18,M,A2,
18686,12468,Bhagya Rao,24,F,A1,
18687,12469,Shwetha Achar,41,F,A1,
18688,12470,Harish Shetty,25,M,A1,
18689,12471,Ravi Setty,45,M,A1,
18690,12471,Yogesh Murthy,51,M,A2,
18691,12472,Manjula Bhat,35,F,A1,
18692,12473,Pooja Naik,40,F,A1,
18693,12474,Srinivas Naidu,37,M,A1,REPEAT-049
18694,12474,Shwetha Kumar,47,F,A2,
18695,12474,Suresh Poojary,24,M,A3,
18696,12475,Kumar Achar,23,M,A1,
18697,12476,Sunita Hegde,30,F,A1,
18698,12476,Ramesh Shetty,54,M,A2,
18699,12476,Savitha Murthy,30,F,A3,
18700,12477,Shivaraj Kumar,29,M,A1,REPEAT-024
18701,12478,Basavaraj Naidu,26,M,A1,
18702,12478,Pooja Gowda,21,F,A2,
18703,12478,Shivaraj Poojary,47,M,A3,
18704,12479,Nagaraj Naidu,42,M,A1,
18705,12479,Santosh Patil,48,M,A2,
18706,12479,Mahesh Poojary,36,M,A3,
18707,12480,Savitha Patil,34,F,A1,
18708,12481,Roopa Kumar,39,F,A1,
18709,12482,Vidya Patil,20,F,A1,
18710,12483,Manjula Murthy,53,F,A1,
18711,12484,Nandini Naidu,19,F,A1,
18712,12485,Shivaraj Kumar,30,M,A1,REPEAT-024
18713,12486,Anita Shetty,29,F,A1,REPEAT-019
18714,12486,Suresh Hegde,32,M,A2,
18715,12487,Sunita Setty,30,F,A1,
18716,12488,Rekha Achar,28,F,A1,
18717,12489,Raghu Reddy,24,M,A1,
18718,12489,Harish Achar,25,M,A2,
18719,12490,Harish Achar,45,M,A1,REPEAT-057
18720,12490,Vijay Hegde,22,M,A2,
18721,12491,Priya Bhat,46,F,A1,
18722,12491,Prakash Shetty,35,M,A2,
18723,12492,Ramesh Naik,43,M,A1,
18724,12493,Yogesh Shetty,42,M,A1,
18725,12493,Sunita Kumar,47,F,A2,
18726,12494,Anil Shetty,28,M,A1,
18727,12494,Anita Hegde,48,F,A2,
18728,12495,Priya Shetty,18,F,A1,
18729,12496,Ganesh Setty,19,M,A1,
18730,12496,Bhagya Reddy,28,F,A2,
18731,12497,Ramesh Kumar,44,M,A1,
18732,12497,Pooja Naidu,31,F,A2,
18733,12497,Harish Hegde,27,M,A3,
18734,12498,Shobha Hegde,27,F,A1,
18735,12499,Roopa Rao,37,F,A1,
18736,12500,Ganesh Hegde,36,M,A1,REPEAT-060
18737,12500,Nandini Achar,40,F,A2,
18738,12501,Suresh Patil,25,M,A1,
18739,12501,Raghu Iyer,35,M,A2,
18740,12502,Mahesh Achar,45,M,A1,
18741,12503,Kumar Gowda,52,M,A1,
18742,12503,Pooja Hegde,52,F,A2,
18743,12503,Mahesh Poojary,54,M,A3,
18744,12504,Ravi Patil,55,M,A1,
18745,12505,Sunita Shetty,45,F,A1,
18746,12506,Anil Naik,29,M,A1,
18747,12507,Vijay Patil,44,M,A1,
18748,12507,Basavaraj Iyer,31,M,A2,
18749,12508,Bhagya Reddy,18,F,A1,
18750,12509,Nagaraj Setty,45,M,A1,REPEAT-003
18751,12510,Mahesh Patil,39,M,A1,
18752,12511,Kumar Iyer,20,M,A1,REPEAT-038
18753,12511,Nagaraj Iyer,21,M,A2,
18754,12512,Shivaraj Kumar,30,M,A1,REPEAT-024
18755,12512,Chaya Reddy,22,F,A2,
18756,12513,Girish Gowda,53,M,A1,
18757,12513,Ganesh Poojary,49,M,A2,
18758,12514,Anita Hegde,50,F,A1,
18759,12515,Prakash Iyer,18,M,A1,
18760,12516,Vijay Naidu,44,M,A1,
18761,12516,Suresh Poojary,52,M,A2,
18762,12516,Santosh Reddy,45,M,A3,
18763,12517,Suresh Gowda,52,M,A1,
18764,12517,Naveen Kumar,34,M,A2,
18765,12518,Ganesh Hegde,36,M,A1,REPEAT-060
18766,12519,Ravi Patil,18,M,A1,
18767,12519,Roopa Setty,53,F,A2,
18768,12520,Shivaraj Iyer,50,M,A1,
18769,12521,Pooja Poojary,50,F,A1,
18770,12521,Ganesh Hegde,33,M,A2,
18771,12522,Lakshmi Achar,21,F,A1,
18772,12523,Harish Reddy,44,M,A1,REPEAT-056
18773,12524,Raghu Patil,45,M,A1,
18774,12524,Yogesh Reddy,48,M,A2,
18775,12524,Anil Poojary,51,M,A3,
18776,12525,Srinivas Hegde,31,M,A1,REPEAT-046
18777,12525,Srinivas Murthy,47,M,A2,
18778,12526,Vijay Murthy,19,M,A1,
18779,12527,Ravi Iyer,55,M,A1,
18780,12528,Yogesh Reddy,22,M,A1,
18781,12529,Yogesh Murthy,53,M,A1,
18782,12529,Ravi Poojary,50,M,A2,
18783,12529,Sowmya Hegde,43,F,A3,
18784,12530,Suresh Setty,37,M,A1,
18785,12530,Pooja Bhat,44,F,A2,
18786,12531,Ravi Naik,23,M,A1,
18787,12532,Rekha Shetty,18,F,A1,
18788,12532,Anil Gowda,52,M,A2,
18789,12533,Anita Murthy,24,F,A1,
18790,12534,Nagaraj Reddy,36,M,A1,
18791,12535,Mahesh Rao,45,M,A1,
18792,12535,Ravi Setty,31,M,A2,
18793,12536,Geeta Naik,38,F,A1,
18794,12537,Srinivas Reddy,54,M,A1,
18795,12538,Nandini Hegde,27,F,A1,
18796,12538,Prakash Patil,34,M,A2,
18797,12539,Ravi Reddy,46,M,A1,
18798,12539,Ramesh Kumar,49,M,A2,
18799,12540,Suresh Patil,32,M,A1,
18800,12541,Manjunath Murthy,25,M,A1,REPEAT-025
18801,12542,Manjunath Bhat,33,M,A1,REPEAT-030
18802,12543,Manjula Hegde,28,F,A1,
18803,12544,Suresh Patil,30,M,A1,
18804,12545,Vijay Poojary,47,M,A1,
18805,12546,Ganesh Poojary,55,M,A1,
18806,12546,Santosh Rao,22,M,A2,
18807,12547,Sowmya Iyer,42,F,A1,
18808,12547,Shwetha Naidu,54,F,A2,
18809,12547,Roopa Shetty,24,F,A3,
18810,12548,Vijay Iyer,26,M,A1,
18811,12548,Harish Hegde,24,M,A2,
18812,12549,Prakash Gowda,47,M,A1,
18813,12549,Santosh Naik,40,M,A2,
18814,12549,Yogesh Gowda,32,M,A3,
18815,12550,Suresh Naik,38,M,A1,REPEAT-042
18816,12550,Radha Hegde,26,F,A2,
18817,12551,Manjunath Bhat,33,M,A1,REPEAT-030
18818,12552,Ganesh Murthy,44,M,A1,
18819,12552,Vidya Rao,25,F,A2,
18820,12553,Pooja Gowda,38,F,A1,
18821,12554,Kumar Shetty,36,M,A1,
18822,12555,Anil Bhat,28,M,A1,
18823,12556,Shobha Murthy,36,F,A1,
18824,12557,Harish Patil,40,M,A1,REPEAT-053
18825,12558,Kavya Poojary,23,F,A1,
18826,12558,Kumar Shetty,25,M,A2,
18827,12559,Naveen Reddy,29,M,A1,
18828,12560,Pooja Setty,20,F,A1,
18829,12561,Ravi Bhat,40,M,A1,
18830,12561,Naveen Shetty,51,M,A2,
18831,12561,Manjunath Kumar,54,M,A3,
18832,12562,Vijay Patil,18,M,A1,
18833,12562,Suresh Kumar,31,M,A2,
18834,12563,Basavaraj Bhat,25,M,A1,
18835,12563,Vijay Gowda,35,M,A2,
18836,12564,Srinivas Achar,45,M,A1,
18837,12564,Shivaraj Poojary,31,M,A2,
18838,12565,Kavya Achar,18,F,A1,
18839,12566,Anil Naidu,37,M,A1,
18840,12567,Shivaraj Reddy,20,M,A1,
18841,12568,Suresh Iyer,47,M,A1,
18842,12569,Ravi Hegde,37,M,A1,
18843,12570,Mahesh Kumar,48,M,A1,
18844,12571,Ramesh Gowda,41,M,A1,
18845,12572,Harish Reddy,44,M,A1,REPEAT-056
18846,12572,Kumar Shetty,38,M,A2,
18847,12573,Ramesh Gowda,37,M,A1,
18848,12574,Shivaraj Achar,44,M,A1,
18849,12574,Srinivas Naidu,51,M,A2,
18850,12575,Harish Naik,39,M,A1,
18851,12575,Anita Shetty,24,F,A2,
18852,12576,Ganesh Hegde,27,M,A1,
18853,12577,Vijay Reddy,42,M,A1,
18854,12578,Radha Reddy,45,F,A1,REPEAT-055
18855,12579,Shivaraj Rao,53,M,A1,
18856,12580,Srinivas Achar,51,M,A1,
18857,12580,Manjunath Gowda,29,M,A2,
18858,12581,Vijay Kumar,39,M,A1,
18859,12582,Vidya Rao,54,F,A1,
18860,12582,Anil Achar,42,M,A2,
18861,12582,Suresh Gowda,24,M,A3,
18862,12583,Santosh Setty,28,M,A1,
18863,12583,Manjula Patil,47,F,A2,
18864,12584,Suresh Gowda,41,M,A1,
18865,12585,Anil Hegde,48,M,A1,
18866,12585,Lakshmi Patil,50,F,A2,
18867,12586,Girish Naik,36,M,A1,
18868,12587,Suresh Murthy,21,M,A1,
18869,12588,Shivaraj Murthy,21,M,A1,
18870,12589,Raghu Naidu,35,M,A1,
18871,12590,Anil Murthy,23,M,A1,
18872,12590,Kumar Iyer,36,M,A2,
18873,12591,Shobha Patil,19,F,A1,
18874,12592,Roopa Reddy,35,F,A1,
18875,12592,Basavaraj Poojary,45,M,A2,
18876,12593,Anita Setty,55,F,A1,
18877,12594,Nandini Naidu,32,F,A1,
18878,12595,Lakshmi Poojary,47,F,A1,
18879,12595,Bhagya Murthy,18,F,A2,
18880,12595,Yogesh Kumar,51,M,A3,
18881,12596,Mahesh Shetty,38,M,A1,REPEAT-022
18882,12596,Chaya Kumar,50,F,A2,
18883,12597,Pooja Rao,46,F,A1,REPEAT-039
18884,12598,Deepa Gowda,39,F,A1,
18885,12599,Anil Hegde,19,M,A1,
18886,12600,Sowmya Naik,23,F,A1,
18887,12601,Mahesh Shetty,38,M,A1,REPEAT-022
18888,12601,Nagaraj Naik,29,M,A2,
18889,12602,Raghu Setty,29,M,A1,
18890,12602,Ganesh Iyer,40,M,A2,
18891,12603,Vidya Kumar,31,F,A1,
18892,12603,Suresh Achar,23,M,A2,
18893,12603,Radha Kumar,38,F,A3,
18894,12604,Manjunath Iyer,31,M,A1,
18895,12605,Suresh Kumar,26,M,A1,
18896,12606,Ravi Iyer,30,M,A1,
18897,12607,Girish Naik,39,M,A1,
18898,12607,Savitha Reddy,40,F,A2,
18899,12608,Anita Patil,24,F,A1,REPEAT-014
18900,12609,Basavaraj Iyer,33,M,A1,
18901,12609,Manjunath Patil,19,M,A2,
18902,12610,Deepa Naidu,51,F,A1,
18903,12611,Kumar Patil,38,M,A1,
18904,12611,Harish Shetty,35,M,A2,
18905,12612,Santosh Patil,32,M,A1,
18906,12612,Raghu Iyer,36,M,A2,
18907,12613,Raghu Poojary,51,M,A1,
18908,12613,Naveen Gowda,37,M,A2,
18909,12614,Lakshmi Murthy,44,F,A1,REPEAT-044
18910,12614,Rekha Shetty,52,F,A2,
18911,12615,Shivaraj Hegde,51,M,A1,
18912,12616,Sunita Hegde,41,F,A1,
18913,12617,Rekha Gowda,42,F,A1,
18914,12618,Suresh Kumar,45,M,A1,
18915,12618,Priya Reddy,44,F,A2,
18916,12619,Harish Shetty,43,M,A1,
18917,12619,Ravi Shetty,48,M,A2,
18918,12620,Lakshmi Iyer,27,F,A1,
18919,12621,Radha Reddy,44,F,A1,REPEAT-055
18920,12621,Yogesh Patil,37,M,A2,
18921,12622,Rekha Kumar,21,F,A1,
18922,12623,Priya Murthy,23,F,A1,REPEAT-010
18923,12624,Mahesh Murthy,24,M,A1,REPEAT-033
18924,12624,Basavaraj Naik,53,M,A2,
18925,12625,Girish Setty,50,M,A1,
18926,12625,Roopa Poojary,22,F,A2,
18927,12625,Ganesh Reddy,26,M,A3,
18928,12626,Pooja Murthy,39,F,A1,
18929,12627,Shivaraj Bhat,29,M,A1,
18930,12628,Yogesh Rao,46,M,A1,
18931,12628,Anil Bhat,36,M,A2,
18932,12629,Yogesh Patil,48,M,A1,
18933,12629,Radha Poojary,49,F,A2,
18934,12630,Deepa Patil,38,F,A1,
18935,12631,Basavaraj Reddy,43,M,A1,REPEAT-031
18936,12631,Mahesh Setty,38,M,A2,
18937,12632,Chaya Bhat,38,F,A1,
18938,12633,Nandini Patil,40,F,A1,
18939,12633,Yogesh Bhat,35,M,A2,
18940,12633,Shwetha Murthy,45,F,A3,
18941,12634,Ravi Setty,55,M,A1,
18942,12635,Girish Iyer,37,M,A1,
18943,12636,Srinivas Hegde,32,M,A1,REPEAT-046
18944,12637,Basavaraj Murthy,36,M,A1,
18945,12638,Naveen Achar,31,M,A1,
18946,12639,Anil Poojary,26,M,A1,
18947,12639,Shivaraj Murthy,29,M,A2,
18948,12640,Ganesh Achar,21,M,A1,
18949,12641,Deepa Iyer,51,F,A1,
18950,12641,Sowmya Achar,26,F,A2,
18951,12642,Mahesh Shetty,37,M,A1,REPEAT-022
18952,12643,Mahesh Naidu,43,M,A1,
18953,12643,Naveen Gowda,18,M,A2,
18954,12643,Srinivas Shetty,29,M,A3,
18955,12644,Prakash Naik,23,M,A1,
18956,12645,Anita Naidu,43,F,A1,
18957,12646,Sunita Gowda,38,F,A1,
18958,12647,Yogesh Patil,21,M,A1,
18959,12648,Srinivas Setty,50,M,A1,
18960,12649,Yogesh Iyer,22,M,A1,
18961,12650,Ravi Murthy,31,M,A1,
18962,12651,Mahesh Patil,52,M,A1,
18963,12652,Naveen Murthy,43,M,A1,REPEAT-002
18964,12653,Anita Shetty,28,F,A1,REPEAT-019
18965,12653,Vijay Shetty,45,M,A2,
18966,12654,Ravi Bhat,44,M,A1,
18967,12655,Naveen Murthy,43,M,A1,REPEAT-002
18968,12655,Raghu Naik,54,M,A2,
18969,12656,Geeta Gowda,46,F,A1,
18970,12657,Vidya Reddy,40,F,A1,
18971,12657,Naveen Kumar,19,M,A2,
18972,12657,Anita Reddy,39,F,A3,
18973,12658,Shivaraj Bhat,54,M,A1,
18974,12659,Naveen Iyer,54,M,A1,
18975,12660,Savitha Hegde,31,F,A1,
18976,12660,Girish Iyer,33,M,A2,
18977,12661,Girish Rao,30,M,A1,
18978,12662,Pooja Rao,47,F,A1,
18979,12663,Manjunath Rao,41,M,A1,
18980,12663,Shivaraj Setty,49,M,A2,
18981,12664,Harish Naidu,37,M,A1,REPEAT-015
18982,12665,Prakash Patil,45,M,A1,
18983,12665,Srinivas Setty,25,M,A2,
18984,12666,Rekha Bhat,42,F,A1,REPEAT-047
18985,12667,Shivaraj Rao,42,M,A1,
18986,12667,Harish Gowda,32,M,A2,
18987,12668,Priya Naidu,48,F,A1,
18988,12669,Naveen Achar,25,M,A1,
18989,12669,Radha Naik,21,F,A2,
18990,12669,Kumar Bhat,55,M,A3,
18991,12670,Pooja Setty,37,F,A1,
18992,12671,Mahesh Bhat,23,M,A1,
18993,12672,Geeta Naik,43,F,A1,
18994,12673,Manjunath Murthy,25,M,A1,REPEAT-025
18995,12673,Manjunath Shetty,18,M,A2,
18996,12674,Bhagya Gowda,48,F,A1,
18997,12675,Vijay Hegde,44,M,A1,
18998,12675,Nandini Naik,35,F,A2,
18999,12675,Raghu Rao,43,M,A3,
19000,12676,Anil Setty,32,M,A1,
19001,12677,Manjunath Iyer,40,M,A1,
19002,12677,Sunita Naik,39,F,A2,
19003,12678,Ganesh Gowda,20,M,A1,REPEAT-020
19004,12679,Harish Rao,53,M,A1,
19005,12680,Santosh Shetty,34,M,A1,
19006,12680,Harish Iyer,47,M,A2,
19007,12681,Naveen Achar,19,M,A1,
19008,12682,Santosh Iyer,46,M,A1,
19009,12683,Srinivas Setty,36,M,A1,
19010,12684,Kavya Iyer,28,F,A1,
19011,12684,Mahesh Hegde,29,M,A2,
19012,12685,Shwetha Reddy,19,F,A1,
19013,12685,Sunita Reddy,36,F,A2,
19014,12686,Anita Shetty,28,F,A1,REPEAT-019
19015,12687,Harish Setty,45,M,A1,
19016,12687,Raghu Rao,49,M,A2,
19017,12688,Harish Naik,20,M,A1,
19018,12689,Nandini Kumar,42,F,A1,REPEAT-012
19019,12689,Deepa Naik,27,F,A2,
19020,12690,Suresh Setty,55,M,A1,
19021,12691,Ravi Kumar,31,M,A1,
19022,12691,Ravi Murthy,20,M,A2,
19023,12692,Rekha Hegde,30,F,A1,
19024,12693,Nagaraj Shetty,37,M,A1,
19025,12694,Sowmya Bhat,26,F,A1,
19026,12694,Naveen Kumar,29,M,A2,
19027,12694,Sunita Reddy,26,F,A3,
19028,12695,Srinivas Patil,49,M,A1,
19029,12696,Srinivas Hegde,32,M,A1,REPEAT-046
19030,12696,Harish Achar,29,M,A2,
19031,12696,Anil Achar,54,M,A3,
19032,12697,Girish Rao,44,M,A1,
19033,12697,Ramesh Hegde,33,M,A2,
19034,12698,Ganesh Hegde,55,M,A1,
19035,12698,Naveen Achar,51,M,A2,
19036,12699,Manjula Gowda,54,F,A1,
19037,12700,Sowmya Gowda,25,F,A1,
19038,12701,Srinivas Shetty,20,M,A1,
19039,12701,Harish Naik,33,M,A2,
19040,12702,Raghu Achar,32,M,A1,
19041,12703,Srinivas Naidu,37,M,A1,REPEAT-049
19042,12704,Naveen Murthy,43,M,A1,REPEAT-002
19043,12705,Basavaraj Naidu,51,M,A1,
19044,12705,Srinivas Iyer,29,M,A2,
19045,12706,Ganesh Poojary,39,M,A1,
19046,12707,Manjunath Murthy,26,M,A1,REPEAT-025
19047,12707,Yogesh Iyer,22,M,A2,
19048,12708,Manjula Reddy,54,F,A1,
19049,12709,Suresh Naik,24,M,A1,
19050,12710,Anil Iyer,51,M,A1,
19051,12710,Vidya Reddy,41,F,A2,
19052,12711,Radha Rao,43,F,A1,
19053,12712,Shobha Naik,19,F,A1,
19054,12712,Sunita Naik,50,F,A2,
19055,12713,Ganesh Shetty,53,M,A1,
19056,12714,Ramesh Hegde,55,M,A1,
19057,12715,Nagaraj Setty,45,M,A1,REPEAT-003
19058,12716,Pooja Kumar,48,F,A1,
19059,12716,Prakash Achar,24,M,A2,
19060,12716,Manjunath Gowda,32,M,A3,
19061,12717,Srinivas Patil,28,M,A1,
19062,12717,Pooja Hegde,36,F,A2,
19063,12718,Anil Bhat,41,M,A1,REPEAT-054
19064,12719,Bhagya Naidu,18,F,A1,
19065,12719,Basavaraj Naidu,50,M,A2,
19066,12720,Vijay Hegde,43,M,A1,
19067,12720,Shivaraj Hegde,20,M,A2,
19068,12721,Raghu Rao,55,M,A1,
19069,12722,Suresh Patil,49,M,A1,
19070,12722,Pooja Achar,48,F,A2,
19071,12723,Ravi Murthy,48,M,A1,
19072,12724,Mahesh Patil,36,M,A1,
19073,12725,Suresh Murthy,38,M,A1,
19074,12726,Kumar Naidu,22,M,A1,
19075,12727,Deepa Naik,29,F,A1,
19076,12728,Savitha Murthy,40,F,A1,
19077,12728,Geeta Setty,37,F,A2,
19078,12729,Naveen Murthy,44,M,A1,REPEAT-002
19079,12730,Srinivas Naik,44,M,A1,
19080,12731,Shivaraj Bhat,46,M,A1,
19081,12732,Nandini Hegde,42,F,A1,
19082,12733,Anita Reddy,49,F,A1,
19083,12733,Ramesh Bhat,21,M,A2,
19084,12734,Prakash Poojary,38,M,A1,
19085,12734,Naveen Hegde,29,M,A2,
19086,12735,Yogesh Bhat,43,M,A1,
19087,12736,Basavaraj Bhat,46,M,A1,
19088,12736,Anil Kumar,23,M,A2,
19089,12737,Nandini Gowda,41,F,A1,
19090,12737,Vidya Reddy,24,F,A2,
19091,12737,Ganesh Poojary,37,M,A3,
19092,12738,Raghu Rao,36,M,A1,
19093,12738,Chaya Reddy,43,F,A2,
19094,12739,Vidya Hegde,45,F,A1,
19095,12739,Lakshmi Rao,42,F,A2,
19096,12740,Manjunath Rao,22,M,A1,
19097,12740,Lakshmi Setty,42,F,A2,
19098,12741,Nagaraj Iyer,29,M,A1,
19099,12742,Radha Patil,46,F,A1,
19100,12742,Basavaraj Bhat,19,M,A2,
19101,12742,Manjunath Shetty,38,M,A3,
19102,12743,Harish Kumar,43,M,A1,
19103,12744,Manjunath Hegde,20,M,A1,
19104,12744,Vidya Rao,35,F,A2,
19105,12745,Kumar Iyer,20,M,A1,REPEAT-038
19106,12745,Ravi Gowda,19,M,A2,
19107,12746,Mahesh Murthy,23,M,A1,REPEAT-033
19108,12747,Naveen Hegde,45,M,A1,
19109,12748,Anil Naidu,31,M,A1,
19110,12749,Basavaraj Shetty,19,M,A1,
19111,12750,Srinivas Patil,34,M,A1,
19112,12750,Shobha Kumar,35,F,A2,
19113,12750,Ganesh Bhat,38,M,A3,
19114,12751,Roopa Gowda,20,F,A1,
19115,12752,Manjunath Poojary,34,M,A1,REPEAT-004
19116,12753,Kavya Poojary,52,F,A1,
19117,12754,Anil Bhat,45,M,A1,
19118,12755,Nandini Shetty,32,F,A1,
19119,12755,Geeta Hegde,54,F,A2,
19120,12756,Ravi Murthy,55,M,A1,
19121,12757,Prakash Setty,22,M,A1,
19122,12757,Girish Patil,51,M,A2,
19123,12758,Raghu Gowda,30,M,A1,
19124,12759,Raghu Patil,49,M,A1,
19125,12760,Bhagya Shetty,52,F,A1,
19126,12761,Harish Murthy,32,M,A1,
19127,12761,Lakshmi Naidu,50,F,A2,
19128,12762,Ramesh Poojary,28,M,A1,
19129,12763,Ravi Naidu,40,M,A1,
19130,12764,Shobha Murthy,33,F,A1,
19131,12765,Santosh Rao,40,M,A1,REPEAT-027
19132,12765,Bhagya Achar,27,F,A2,
19133,12765,Manjunath Bhat,26,M,A3,
19134,12766,Ganesh Gowda,20,M,A1,REPEAT-020
19135,12767,Manjunath Naik,34,M,A1,
19136,12767,Bhagya Hegde,34,F,A2,
19137,12768,Nagaraj Murthy,45,M,A1,
19138,12768,Ramesh Iyer,33,M,A2,
19139,12769,Basavaraj Shetty,47,M,A1,
19140,12769,Mahesh Rao,32,M,A2,
19141,12770,Rekha Naidu,24,F,A1,
19142,12771,Vijay Shetty,42,M,A1,
19143,12772,Deepa Patil,22,F,A1,
19144,12773,Santosh Patil,45,M,A1,
19145,12773,Anil Naik,19,M,A2,
19146,12774,Girish Shetty,24,M,A1,
19147,12774,Raghu Naik,24,M,A2,
19148,12775,Basavaraj Naik,40,M,A1,
19149,12776,Manjunath Reddy,46,M,A1,
19150,12777,Mahesh Murthy,24,M,A1,REPEAT-033
19151,12778,Vidya Achar,49,F,A1,
19152,12778,Anil Kumar,21,M,A2,
19153,12779,Anita Iyer,23,F,A1,
19154,12779,Ravi Naidu,49,M,A2,
19155,12780,Raghu Naik,43,M,A1,
19156,12781,Prakash Bhat,38,M,A1,
19157,12781,Manjula Patil,50,F,A2,
19158,12782,Santosh Gowda,31,M,A1,
19159,12783,Vijay Murthy,18,M,A1,
19160,12783,Anil Reddy,42,M,A2,
19161,12784,Suresh Naik,53,M,A1,
19162,12784,Mahesh Naidu,40,M,A2,
19163,12784,Ravi Shetty,53,M,A3,
19164,12785,Kumar Rao,24,M,A1,
19165,12785,Nandini Setty,50,F,A2,
19166,12786,Sowmya Hegde,25,F,A1,
19167,12787,Vidya Bhat,34,F,A1,
19168,12788,Suresh Hegde,55,M,A1,
19169,12789,Naveen Murthy,43,M,A1,REPEAT-002
19170,12790,Vijay Bhat,44,M,A1,
19171,12790,Naveen Poojary,23,M,A2,
19172,12790,Vijay Poojary,32,M,A3,
19173,12791,Kumar Poojary,25,M,A1,
19174,12791,Savitha Setty,20,F,A2,
19175,12792,Yogesh Naidu,24,M,A1,REPEAT-001
19176,12793,Manjunath Murthy,52,M,A1,
19177,12793,Anil Naik,53,M,A2,
19178,12794,Lakshmi Patil,55,F,A1,
19179,12794,Ravi Naidu,29,M,A2,
19180,12795,Manjunath Iyer,50,M,A1,
19181,12796,Manjunath Hegde,47,M,A1,
19182,12797,Kumar Murthy,45,M,A1,REPEAT-048
19183,12798,Sowmya Gowda,39,F,A1,
19184,12798,Manjula Gowda,46,F,A2,
19185,12799,Harish Bhat,28,M,A1,
19186,12800,Vijay Setty,31,M,A1,
19187,12801,Vijay Rao,32,M,A1,
19188,12802,Manjunath Murthy,25,M,A1,REPEAT-025
19189,12802,Nagaraj Achar,26,M,A2,
19190,12803,Nandini Naidu,36,F,A1,
19191,12804,Ganesh Patil,30,M,A1,
19192,12805,Raghu Bhat,44,M,A1,
19193,12805,Savitha Achar,29,F,A2,
19194,12806,Ravi Shetty,48,M,A1,
19195,12807,Harish Naidu,37,M,A1,REPEAT-015
19196,12808,Bhagya Murthy,39,F,A1,
19197,12809,Naveen Murthy,23,M,A1,
19198,12810,Anita Shetty,28,F,A1,REPEAT-019
19199,12811,Manjunath Bhat,32,M,A1,REPEAT-030
19200,12811,Shobha Achar,20,F,A2,
19201,12811,Savitha Patil,50,F,A3,
19202,12812,Manjunath Reddy,33,M,A1,
19203,12812,Ravi Poojary,38,M,A2,
19204,12813,Raghu Gowda,26,M,A1,
19205,12814,Basavaraj Achar,39,M,A1,
19206,12814,Sunita Shetty,35,F,A2,
19207,12815,Basavaraj Reddy,42,M,A1,REPEAT-031
19208,12816,Basavaraj Reddy,20,M,A1,
19209,12817,Yogesh Naidu,25,M,A1,REPEAT-001
19210,12817,Sowmya Naik,19,F,A2,
19211,12818,Yogesh Bhat,37,M,A1,
19212,12819,Kavya Hegde,43,F,A1,
19213,12820,Savitha Setty,29,F,A1,
19214,12821,Anil Setty,45,M,A1,
19215,12822,Kumar Gowda,25,M,A1,
19216,12823,Raghu Rao,50,M,A1,
19217,12824,Vijay Rao,19,M,A1,
19218,12825,Sunita Hegde,47,F,A1,
19219,12826,Raghu Bhat,23,M,A1,
19220,12827,Sunita Achar,24,F,A1,
19221,12827,Ganesh Poojary,38,M,A2,
19222,12828,Chaya Achar,19,F,A1,
19223,12829,Nandini Kumar,42,F,A1,REPEAT-012
19224,12830,Mahesh Shetty,37,M,A1,REPEAT-022
19225,12831,Mahesh Hegde,40,M,A1,
19226,12831,Radha Iyer,20,F,A2,
19227,12832,Anil Bhat,41,M,A1,REPEAT-054
19228,12832,Basavaraj Naik,51,M,A2,
19229,12833,Harish Achar,45,M,A1,REPEAT-057
19230,12833,Vijay Naik,43,M,A2,
19231,12834,Anil Bhat,41,M,A1,REPEAT-054
19232,12834,Priya Hegde,42,F,A2,
19233,12835,Harish Poojary,22,M,A1,
19234,12835,Shivaraj Rao,40,M,A2,
19235,12835,Kumar Reddy,26,M,A3,
19236,12836,Srinivas Naidu,38,M,A1,REPEAT-049
19237,12837,Lakshmi Shetty,51,F,A1,
19238,12837,Ramesh Rao,21,M,A2,
19239,12838,Harish Naidu,36,M,A1,REPEAT-015
19240,12839,Ramesh Poojary,39,M,A1,
19241,12839,Nagaraj Patil,38,M,A2,
19242,12839,Kavya Shetty,35,F,A3,
19243,12840,Ravi Patil,32,M,A1,
19244,12840,Bhagya Patil,37,F,A2,
19245,12841,Manjunath Kumar,54,M,A1,
19246,12841,Manjunath Naik,53,M,A2,
19247,12842,Radha Reddy,44,F,A1,REPEAT-055
19248,12842,Santosh Kumar,23,M,A2,
19249,12843,Basavaraj Reddy,42,M,A1,REPEAT-031
19250,12844,Shivaraj Patil,44,M,A1,
19251,12844,Naveen Hegde,33,M,A2,
19252,12845,Pooja Iyer,38,F,A1,
19253,12845,Anil Reddy,31,M,A2,
19254,12846,Ganesh Rao,47,M,A1,
19255,12847,Anita Achar,21,F,A1,
19256,12848,Shobha Shetty,31,F,A1,REPEAT-017
19257,12848,Basavaraj Iyer,19,M,A2,
19258,12848,Shwetha Patil,44,F,A3,
19259,12849,Savitha Kumar,27,F,A1,
19260,12850,Geeta Naidu,41,F,A1,
19261,12851,Manjunath Bhat,32,M,A1,REPEAT-030
19262,12851,Shivaraj Gowda,20,M,A2,
19263,12852,Ganesh Shetty,40,M,A1,REPEAT-029
19264,12852,Kumar Poojary,31,M,A2,
19265,12852,Manjunath Bhat,52,M,A3,
19266,12853,Mahesh Kumar,23,M,A1,
19267,12854,Harish Shetty,50,M,A1,
19268,12855,Girish Achar,46,M,A1,
19269,12856,Ganesh Gowda,32,M,A1,
19270,12857,Anil Bhat,34,M,A1,REPEAT-005
19271,12858,Ravi Naik,41,M,A1,REPEAT-008
19272,12859,Ravi Reddy,18,M,A1,
19273,12860,Vijay Shetty,21,M,A1,REPEAT-007
19274,12860,Priya Achar,36,F,A2,
19275,12861,Raghu Kumar,46,M,A1,
19276,12862,Anil Kumar,21,M,A1,
19277,12863,Ganesh Gowda,20,M,A1,REPEAT-020
19278,12864,Kumar Rao,46,M,A1,
19279,12865,Shivaraj Kumar,29,M,A1,REPEAT-024
19280,12866,Kavya Shetty,38,F,A1,
19281,12867,Harish Naidu,36,M,A1,REPEAT-015
19282,12867,Prakash Setty,30,M,A2,
19283,12868,Suresh Poojary,53,M,A1,
19284,12869,Santosh Kumar,50,M,A1,
19285,12869,Vijay Iyer,42,M,A2,
19286,12870,Naveen Murthy,43,M,A1,REPEAT-002
19287,12870,Bhagya Reddy,27,F,A2,
19288,12871,Anita Achar,18,F,A1,
19289,12872,Vijay Reddy,44,M,A1,
19290,12872,Lakshmi Hegde,45,F,A2,
19291,12873,Naveen Murthy,43,M,A1,REPEAT-002
19292,12874,Ravi Shetty,39,M,A1,
19293,12875,Savitha Gowda,30,F,A1,
19294,12875,Anil Rao,33,M,A2,
19295,12876,Nandini Shetty,19,F,A1,
19296,12876,Ramesh Bhat,43,M,A2,
19297,12877,Roopa Rao,33,F,A1,
19298,12878,Manjunath Murthy,25,M,A1,REPEAT-025
19299,12879,Kumar Iyer,21,M,A1,REPEAT-038
19300,12879,Vijay Iyer,50,M,A2,
19301,12879,Sunita Achar,48,F,A3,
19302,12880,Yogesh Setty,48,M,A1,
19303,12880,Roopa Naidu,38,F,A2,
19304,12881,Shobha Shetty,32,F,A1,REPEAT-017
19305,12881,Chaya Patil,50,F,A2,
19306,12882,Yogesh Kumar,45,M,A1,REPEAT-050
19307,12883,Ravi Naik,41,M,A1,REPEAT-008
19308,12884,Mahesh Patil,39,M,A1,
19309,12885,Lakshmi Murthy,44,F,A1,REPEAT-044
19310,12886,Anil Gowda,43,M,A1,
19311,12886,Manjunath Achar,53,M,A2,
19312,12887,Manjunath Murthy,25,M,A1,REPEAT-025
19313,12888,Nagaraj Gowda,18,M,A1,
19314,12889,Savitha Murthy,50,F,A1,
19315,12889,Shivaraj Achar,22,M,A2,
19316,12890,Harish Achar,45,M,A1,REPEAT-057
19317,12891,Naveen Hegde,20,M,A1,
19318,12891,Deepa Kumar,45,F,A2,
19319,12892,Lakshmi Rao,38,F,A1,
19320,12893,Ravi Achar,19,M,A1,
19321,12894,Manjunath Setty,43,M,A1,REPEAT-016
19322,12895,Harish Patil,39,M,A1,REPEAT-053
19323,12895,Raghu Reddy,53,M,A2,
19324,12896,Kavya Poojary,42,F,A1,
19325,12896,Basavaraj Rao,36,M,A2,
19326,12896,Naveen Gowda,30,M,A3,
19327,12897,Nagaraj Achar,22,M,A1,
19328,12897,Ramesh Achar,18,M,A2,
19329,12898,Shivaraj Patil,49,M,A1,
19330,12899,Sunita Naidu,23,F,A1,
19331,12900,Srinivas Poojary,53,M,A1,
19332,12901,Raghu Iyer,46,M,A1,
19333,12902,Kumar Murthy,29,M,A1,
19334,12903,Shobha Poojary,43,F,A1,
19335,12904,Naveen Murthy,43,M,A1,REPEAT-002
19336,12904,Anil Gowda,45,M,A2,
19337,12905,Bhagya Murthy,39,F,A1,
19338,12906,Ganesh Hegde,36,M,A1,REPEAT-060
19339,12906,Deepa Poojary,29,F,A2,
19340,12907,Prakash Setty,47,M,A1,
19341,12908,Chaya Patil,35,F,A1,
19342,12909,Harish Naidu,36,M,A1,REPEAT-015
19343,12910,Ganesh Reddy,47,M,A1,
19344,12911,Bhagya Achar,52,F,A1,
19345,12912,Manjunath Bhat,32,M,A1,REPEAT-030
19346,12912,Suresh Bhat,47,M,A2,
19347,12913,Harish Murthy,34,M,A1,
19348,12914,Naveen Setty,32,M,A1,REPEAT-036
19349,12914,Vijay Kumar,38,M,A2,
19350,12915,Priya Rao,43,F,A1,
19351,12916,Anil Gowda,38,M,A1,
19352,12917,Kumar Bhat,31,M,A1,
19353,12917,Mahesh Gowda,44,M,A2,
19354,12917,Kumar Setty,43,M,A3,
19355,12918,Raghu Murthy,25,M,A1,
19356,12918,Ganesh Naik,39,M,A2,
19357,12919,Ramesh Iyer,47,M,A1,
19358,12920,Srinivas Hegde,26,M,A1,
19359,12920,Lakshmi Naidu,26,F,A2,
19360,12921,Manjunath Rao,37,M,A1,
19361,12921,Sowmya Naik,21,F,A2,
19362,12921,Shobha Shetty,23,F,A3,
19363,12922,Bhagya Bhat,44,F,A1,
19364,12923,Ganesh Gowda,30,M,A1,
19365,12923,Kumar Naidu,52,M,A2,
19366,12924,Sunita Reddy,41,F,A1,
19367,12924,Anil Patil,18,M,A2,
19368,12925,Srinivas Naidu,37,M,A1,REPEAT-049
19369,12925,Shwetha Shetty,49,F,A2,
19370,12926,Mahesh Hegde,26,M,A1,
19371,12927,Yogesh Naidu,24,M,A1,REPEAT-001
19372,12927,Ganesh Reddy,47,M,A2,
19373,12928,Ganesh Poojary,35,M,A1,
19374,12928,Manjunath Achar,50,M,A2,
19375,12929,Pooja Patil,51,F,A1,
19376,12930,Prakash Kumar,36,M,A1,
19377,12930,Girish Gowda,48,M,A2,
19378,12931,Manjunath Hegde,52,M,A1,
19379,12931,Shobha Reddy,49,F,A2,
19380,12932,Sowmya Bhat,52,F,A1,
19381,12932,Manjunath Hegde,34,M,A2,
19382,12933,Santosh Poojary,53,M,A1,
19383,12934,Suresh Bhat,38,M,A1,
19384,12935,Naveen Naidu,43,M,A1,
19385,12936,Anil Shetty,27,M,A1,
19386,12937,Harish Naidu,36,M,A1,REPEAT-015
19387,12938,Naveen Murthy,43,M,A1,REPEAT-002
19388,12938,Rekha Patil,30,F,A2,
19389,12939,Girish Setty,30,M,A1,
19390,12939,Vijay Poojary,45,M,A2,
19391,12940,Nagaraj Patil,23,M,A1,
19392,12941,Mahesh Setty,22,M,A1,
19393,12941,Nandini Patil,25,F,A2,
19394,12941,Lakshmi Patil,55,F,A3,
19395,12942,Roopa Poojary,31,F,A1,
19396,12943,Ravi Naik,39,M,A1,
19397,12944,Anita Shetty,28,F,A1,REPEAT-019
19398,12944,Basavaraj Setty,22,M,A2,
19399,12945,Ganesh Kumar,44,M,A1,
19400,12945,Manjunath Poojary,34,M,A2,
19401,12945,Girish Reddy,34,M,A3,
19402,12946,Pooja Achar,24,F,A1,
19403,12947,Kumar Murthy,29,M,A1,
19404,12947,Srinivas Setty,31,M,A2,
19405,12948,Naveen Murthy,44,M,A1,REPEAT-002
19406,12948,Girish Shetty,21,M,A2,
19407,12948,Geeta Murthy,40,F,A3,
19408,12949,Ganesh Naik,35,M,A1,REPEAT-009
19409,12950,Roopa Naik,31,F,A1,
19410,12951,Anil Bhat,34,M,A1,REPEAT-005
19411,12952,Naveen Murthy,43,M,A1,REPEAT-002
19412,12953,Anil Hegde,46,M,A1,
19413,12954,Harish Naidu,49,M,A1,
19414,12955,Ravi Hegde,49,M,A1,
19415,12955,Girish Naik,22,M,A2,
19416,12955,Srinivas Naidu,42,M,A3,
19417,12956,Radha Kumar,54,F,A1,
19418,12956,Vijay Hegde,42,M,A2,
19419,12956,Pooja Naik,51,F,A3,
19420,12957,Geeta Poojary,26,F,A1,
19421,12957,Suresh Shetty,25,M,A2,
19422,12957,Radha Iyer,37,F,A3,
19423,12958,Chaya Naidu,53,F,A1,
19424,12959,Suresh Bhat,27,M,A1,
19425,12959,Yogesh Shetty,31,M,A2,
19426,12960,Naveen Achar,32,M,A1,
19427,12961,Radha Kumar,41,F,A1,
19428,12962,Nagaraj Setty,46,M,A1,REPEAT-003
19429,12962,Geeta Reddy,37,F,A2,
19430,12963,Rekha Rao,31,F,A1,
19431,12964,Anita Murthy,41,F,A1,
19432,12964,Basavaraj Poojary,48,M,A2,
19433,12965,Shwetha Gowda,35,F,A1,
19434,12966,Basavaraj Kumar,31,M,A1,
19435,12967,Kumar Setty,19,M,A1,
19436,12968,Anil Setty,41,M,A1,
19437,12969,Santosh Patil,40,M,A1,
19438,12970,Mahesh Setty,55,M,A1,
19439,12971,Priya Patil,21,F,A1,
19440,12972,Vijay Naik,18,M,A1,
19441,12972,Raghu Setty,23,M,A2,
19442,12973,Basavaraj Patil,47,M,A1,
19443,12974,Rekha Setty,38,F,A1,
19444,12974,Sunita Poojary,51,F,A2,
19445,12975,Nagaraj Setty,45,M,A1,REPEAT-003
19446,12975,Girish Achar,45,M,A2,
19447,12976,Lakshmi Iyer,24,F,A1,
19448,12977,Mahesh Achar,33,M,A1,
19449,12977,Radha Iyer,24,F,A2,
19450,12978,Girish Iyer,50,M,A1,
19451,12979,Ravi Naidu,39,M,A1,
19452,12979,Ramesh Murthy,18,M,A2,
19453,12980,Harish Gowda,27,M,A1,
19454,12981,Shivaraj Naik,35,M,A1,
19455,12981,Anil Hegde,49,M,A2,
19456,12982,Ramesh Hegde,34,M,A1,
19457,12983,Anil Naidu,27,M,A1,
19458,12983,Rekha Hegde,46,F,A2,
19459,12983,Kumar Kumar,46,M,A3,
19460,12984,Anita Shetty,36,F,A1,
19461,12984,Mahesh Murthy,48,M,A2,
19462,12984,Srinivas Murthy,36,M,A3,
19463,12985,Shwetha Iyer,36,F,A1,
19464,12986,Raghu Kumar,34,M,A1,
19465,12987,Shwetha Naik,20,F,A1,
19466,12988,Harish Setty,41,M,A1,
19467,12988,Harish Setty,35,M,A2,
19468,12989,Ramesh Naik,25,M,A1,
19469,12989,Lakshmi Naidu,30,F,A2,
19470,12990,Naveen Murthy,49,M,A1,
19471,12991,Girish Murthy,45,M,A1,
19472,12992,Srinivas Hegde,32,M,A1,REPEAT-046
19473,12992,Yogesh Reddy,20,M,A2,
19474,12993,Manjunath Patil,42,M,A1,
19475,12993,Ravi Rao,52,M,A2,
19476,12994,Lakshmi Kumar,34,F,A1,
19477,12994,Srinivas Naidu,37,M,A2,
19478,12994,Ganesh Bhat,43,M,A3,
19479,12995,Ganesh Iyer,28,M,A1,
19480,12995,Shobha Bhat,32,F,A2,
19481,12996,Kumar Poojary,33,M,A1,
19482,12997,Mahesh Patil,52,M,A1,
19483,12998,Nagaraj Poojary,34,M,A1,
19484,12998,Ravi Reddy,22,M,A2,
19485,12998,Harish Shetty,19,M,A3,
19486,12999,Santosh Rao,43,M,A1,
19487,12999,Harish Poojary,44,M,A2,
19488,12999,Prakash Naik,38,M,A3,
19489,13000,Suresh Naik,31,M,A1,
19490,13001,Naveen Iyer,25,M,A1,
19491,13002,Santosh Hegde,30,M,A1,
19492,13003,Manjula Murthy,54,F,A1,
19493,13004,Anita Iyer,18,F,A1,
19494,13004,Anita Poojary,37,F,A2,
19495,13005,Ramesh Gowda,52,M,A1,
19496,13005,Kavya Naidu,30,F,A2,
19497,13006,Vijay Gowda,50,M,A1,
19498,13007,Nagaraj Bhat,33,M,A1,
19499,13008,Girish Setty,31,M,A1,
19500,13008,Srinivas Reddy,52,M,A2,
19501,13009,Basavaraj Hegde,51,M,A1,
19502,13010,Vijay Murthy,53,M,A1,
19503,13010,Yogesh Kumar,30,M,A2,
19504,13011,Ramesh Achar,19,M,A1,
19505,13011,Shivaraj Iyer,20,M,A2,
19506,13012,Girish Naidu,40,M,A1,
19507,13012,Raghu Rao,48,M,A2,
19508,13013,Ramesh Gowda,50,M,A1,
19509,13013,Shobha Shetty,30,F,A2,
19510,13013,Anil Iyer,55,M,A3,
19511,13014,Nagaraj Setty,45,M,A1,REPEAT-003
19512,13014,Basavaraj Hegde,36,M,A2,
19513,13014,Savitha Kumar,42,F,A3,
19514,13015,Deepa Hegde,55,F,A1,
19515,13016,Naveen Murthy,43,M,A1,REPEAT-002
19516,13017,Suresh Naik,38,M,A1,REPEAT-042
19517,13017,Naveen Achar,46,M,A2,
19518,13018,Anil Shetty,45,M,A1,
19519,13019,Basavaraj Shetty,40,M,A1,REPEAT-023
19520,13020,Harish Naidu,37,M,A1,REPEAT-015
19521,13021,Yogesh Reddy,54,M,A1,
19522,13021,Basavaraj Shetty,29,M,A2,
19523,13021,Manjunath Setty,21,M,A3,
19524,13022,Harish Patil,39,M,A1,REPEAT-053
19525,13022,Sunita Hegde,55,F,A2,
19526,13023,Suresh Rao,40,M,A1,
19527,13023,Suresh Iyer,29,M,A2,
19528,13024,Anita Shetty,28,F,A1,REPEAT-019
19529,13025,Ravi Naidu,42,M,A1,
19530,13026,Prakash Patil,18,M,A1,
19531,13026,Raghu Setty,47,M,A2,
19532,13027,Manjunath Iyer,46,M,A1,
19533,13028,Anil Bhat,42,M,A1,REPEAT-054
19534,13028,Ganesh Achar,22,M,A2,
19535,13029,Ramesh Gowda,53,M,A1,
19536,13029,Savitha Setty,20,F,A2,
19537,13030,Shobha Poojary,33,F,A1,
19538,13031,Radha Shetty,50,F,A1,
19539,13032,Ravi Reddy,39,M,A1,
19540,13033,Shivaraj Murthy,49,M,A1,
19541,13034,Bhagya Patil,51,F,A1,
19542,13034,Suresh Poojary,52,M,A2,
19543,13035,Pooja Reddy,49,F,A1,
19544,13036,Suresh Kumar,37,M,A1,
19545,13037,Prakash Poojary,37,M,A1,REPEAT-028
19546,13038,Ganesh Achar,48,M,A1,
19547,13038,Sowmya Achar,51,F,A2,
19548,13039,Vijay Murthy,51,M,A1,
19549,13039,Ravi Kumar,22,M,A2,
19550,13040,Ganesh Iyer,23,M,A1,
19551,13040,Srinivas Patil,50,M,A2,
19552,13041,Savitha Poojary,47,F,A1,
19553,13041,Bhagya Shetty,34,F,A2,
19554,13042,Ganesh Hegde,37,M,A1,REPEAT-060
19555,13043,Manjunath Setty,36,M,A1,
19556,13044,Naveen Murthy,44,M,A1,REPEAT-002
19557,13044,Bhagya Naidu,46,F,A2,
19558,13045,Nagaraj Iyer,37,M,A1,
19559,13046,Yogesh Kumar,33,M,A1,
19560,13046,Anita Naidu,26,F,A2,
19561,13046,Girish Naidu,45,M,A3,
19562,13047,Nandini Patil,40,F,A1,
19563,13048,Sowmya Naik,38,F,A1,
19564,13048,Anil Shetty,23,M,A2,
19565,13048,Kumar Murthy,48,M,A3,
19566,13049,Radha Naidu,20,F,A1,
19567,13050,Shivaraj Kumar,29,M,A1,REPEAT-024
19568,13051,Lakshmi Rao,53,F,A1,
19569,13052,Anita Shetty,28,F,A1,REPEAT-019
19570,13052,Suresh Gowda,23,M,A2,
19571,13053,Manjunath Naik,40,M,A1,
19572,13054,Harish Poojary,44,M,A1,
19573,13055,Nagaraj Patil,39,M,A1,
19574,13056,Harish Shetty,53,M,A1,
19575,13057,Basavaraj Shetty,53,M,A1,
19576,13057,Ganesh Bhat,42,M,A2,
19577,13058,Srinivas Reddy,40,M,A1,
19578,13059,Santosh Rao,28,M,A1,
19579,13059,Radha Poojary,48,F,A2,
19580,13059,Santosh Reddy,39,M,A3,
19581,13060,Srinivas Rao,32,M,A1,
19582,13061,Srinivas Achar,32,M,A1,
19583,13062,Nagaraj Patil,53,M,A1,
19584,13063,Suresh Achar,38,M,A1,
19585,13064,Harish Patil,39,M,A1,REPEAT-053
19586,13064,Naveen Reddy,48,M,A2,
19587,13064,Manjula Gowda,37,F,A3,
19588,13065,Ramesh Iyer,42,M,A1,
19589,13065,Harish Murthy,26,M,A2,
19590,13066,Ravi Setty,25,M,A1,
19591,13067,Geeta Naik,38,F,A1,
19592,13067,Basavaraj Poojary,46,M,A2,
19593,13067,Ganesh Naidu,19,M,A3,
19594,13068,Pooja Bhat,25,F,A1,
19595,13069,Ramesh Naik,22,M,A1,
19596,13070,Suresh Naik,52,M,A1,
19597,13070,Kavya Achar,45,F,A2,
19598,13070,Naveen Patil,21,M,A3,
19599,13071,Srinivas Hegde,19,M,A1,
19600,13071,Nagaraj Poojary,36,M,A2,
19601,13072,Naveen Naidu,38,M,A1,
19602,13073,Nagaraj Setty,45,M,A1,REPEAT-003
19603,13073,Anita Reddy,52,F,A2,
19604,13073,Mahesh Patil,35,M,A3,
19605,13074,Deepa Kumar,36,F,A1,
19606,13075,Anil Bhat,21,M,A1,
19607,13076,Vijay Bhat,23,M,A1,
19608,13076,Srinivas Reddy,18,M,A2,
19609,13077,Savitha Gowda,39,F,A1,
19610,13078,Suresh Naik,39,M,A1,REPEAT-042
19611,13079,Shivaraj Naik,23,M,A1,
19612,13079,Anil Achar,25,M,A2,
19613,13080,Mahesh Shetty,22,M,A1,
19614,13080,Shivaraj Shetty,41,M,A2,
19615,13081,Santosh Iyer,30,M,A1,
19616,13081,Suresh Achar,26,M,A2,
19617,13082,Kumar Naik,39,M,A1,
19618,13083,Shwetha Patil,30,F,A1,
19619,13084,Rekha Bhat,29,F,A1,
19620,13085,Nagaraj Achar,50,M,A1,
19621,13086,Lakshmi Murthy,44,F,A1,REPEAT-044
19622,13086,Yogesh Murthy,18,M,A2,
19623,13087,Rekha Bhat,42,F,A1,REPEAT-047
19624,13087,Savitha Naidu,32,F,A2,
19625,13088,Lakshmi Murthy,44,F,A1,REPEAT-044
19626,13088,Deepa Achar,51,F,A2,
19627,13089,Anil Bhat,34,M,A1,REPEAT-005
19628,13090,Manjunath Murthy,25,M,A1,REPEAT-025
19629,13091,Basavaraj Poojary,38,M,A1,
19630,13091,Srinivas Kumar,31,M,A2,
19631,13092,Anil Bhat,35,M,A1,REPEAT-005
19632,13093,Radha Reddy,44,F,A1,REPEAT-055
19633,13094,Nagaraj Setty,53,M,A1,
19634,13095,Suresh Kumar,52,M,A1,
19635,13095,Kumar Hegde,23,M,A2,
19636,13096,Rekha Naik,31,F,A1,
19637,13097,Raghu Naidu,43,M,A1,
19638,13097,Nandini Naik,18,F,A2,
19639,13098,Vidya Naidu,53,F,A1,
19640,13098,Ravi Patil,52,M,A2,
19641,13099,Naveen Bhat,23,M,A1,
19642,13100,Naveen Murthy,44,M,A1,REPEAT-002
19643,13100,Anil Hegde,43,M,A2,
19644,13101,Sowmya Setty,40,F,A1,
19645,13102,Bhagya Murthy,44,F,A1,
19646,13103,Raghu Gowda,30,M,A1,
19647,13103,Priya Bhat,29,F,A2,
19648,13104,Santosh Murthy,26,M,A1,
19649,13104,Shwetha Murthy,53,F,A2,
19650,13105,Prakash Setty,32,M,A1,
19651,13105,Shobha Bhat,26,F,A2,
19652,13105,Nandini Naidu,46,F,A3,
19653,13106,Anita Naik,29,F,A1,
19654,13107,Basavaraj Hegde,49,M,A1,
19655,13108,Anil Achar,44,M,A1,
19656,13109,Manjunath Setty,44,M,A1,REPEAT-016
19657,13109,Shivaraj Hegde,55,M,A2,
19658,13110,Suresh Kumar,51,M,A1,
19659,13110,Vijay Rao,36,M,A2,
19660,13111,Raghu Kumar,54,M,A1,
19661,13112,Nagaraj Achar,23,M,A1,
19662,13112,Raghu Hegde,48,M,A2,
19663,13113,Shwetha Bhat,31,F,A1,
19664,13114,Lakshmi Murthy,42,F,A1,
19665,13114,Ramesh Gowda,42,M,A2,
19666,13115,Roopa Kumar,27,F,A1,
19667,13115,Manjunath Poojary,50,M,A2,
19668,13116,Shivaraj Hegde,23,M,A1,
19669,13117,Geeta Setty,28,F,A1,
19670,13117,Anita Reddy,51,F,A2,
19671,13118,Harish Bhat,26,M,A1,
19672,13119,Shivaraj Naidu,38,M,A1,
19673,13120,Harish Achar,34,M,A1,
19674,13121,Nagaraj Hegde,51,M,A1,
19675,13122,Naveen Rao,26,M,A1,
19676,13123,Basavaraj Reddy,51,M,A1,
19677,13124,Priya Naik,36,F,A1,
19678,13124,Basavaraj Poojary,41,M,A2,
19679,13125,Suresh Naik,27,M,A1,
19680,13126,Vidya Kumar,49,F,A1,
19681,13126,Santosh Murthy,36,M,A2,
19682,13127,Harish Achar,45,M,A1,REPEAT-057
19683,13127,Naveen Rao,50,M,A2,
19684,13127,Mahesh Setty,20,M,A3,
19685,13128,Ganesh Bhat,28,M,A1,
19686,13128,Mahesh Gowda,21,M,A2,
19687,13128,Anita Gowda,45,F,A3,
19688,13129,Manjunath Patil,22,M,A1,
19689,13130,Harish Patil,39,M,A1,REPEAT-053
19690,13131,Ravi Naik,41,M,A1,REPEAT-008
19691,13132,Vijay Murthy,29,M,A1,
19692,13133,Suresh Poojary,41,M,A1,
19693,13134,Mahesh Murthy,23,M,A1,REPEAT-033
19694,13134,Girish Murthy,35,M,A2,
19695,13135,Kumar Kumar,18,M,A1,
19696,13135,Mahesh Gowda,47,M,A2,
19697,13136,Santosh Rao,46,M,A1,
19698,13137,Shobha Murthy,54,F,A1,
19699,13138,Ganesh Hegde,36,M,A1,REPEAT-060
19700,13138,Kumar Shetty,41,M,A2,
19701,13139,Naveen Murthy,44,M,A1,REPEAT-002
19702,13140,Nagaraj Setty,27,M,A1,
19703,13141,Ramesh Setty,28,M,A1,
19704,13141,Anil Achar,53,M,A2,
19705,13142,Yogesh Naidu,26,M,A1,
19706,13142,Shwetha Naidu,27,F,A2,
19707,13143,Yogesh Kumar,54,M,A1,
19708,13143,Savitha Iyer,20,F,A2,
19709,13143,Lakshmi Bhat,50,F,A3,
19710,13144,Lakshmi Murthy,45,F,A1,REPEAT-044
19711,13144,Kumar Kumar,54,M,A2,
19712,13145,Naveen Patil,18,M,A1,
19713,13145,Yogesh Gowda,26,M,A2,
19714,13146,Radha Shetty,45,F,A1,
19715,13147,Deepa Shetty,33,F,A1,
19716,13148,Lakshmi Shetty,24,F,A1,
19717,13148,Raghu Hegde,26,M,A2,
19718,13149,Harish Patil,40,M,A1,REPEAT-053
19719,13150,Lakshmi Patil,53,F,A1,
19720,13151,Savitha Naidu,30,F,A1,
19721,13152,Suresh Reddy,55,M,A1,
19722,13153,Ramesh Naik,19,M,A1,
19723,13153,Sowmya Reddy,43,F,A2,
19724,13153,Nandini Gowda,52,F,A3,
19725,13154,Raghu Naik,48,M,A1,
19726,13155,Santosh Poojary,20,M,A1,
19727,13155,Shivaraj Hegde,18,M,A2,
19728,13155,Lakshmi Naik,29,F,A3,
19729,13156,Shivaraj Rao,38,M,A1,
19730,13157,Ramesh Gowda,23,M,A1,
19731,13157,Girish Iyer,50,M,A2,
19732,13158,Ravi Naik,44,M,A1,
19733,13159,Anil Bhat,41,M,A1,REPEAT-054
19734,13160,Raghu Setty,36,M,A1,
19735,13161,Harish Reddy,44,M,A1,REPEAT-056
19736,13162,Mahesh Shetty,37,M,A1,REPEAT-022
19737,13162,Mahesh Setty,34,M,A2,
19738,13163,Suresh Shetty,34,M,A1,
19739,13164,Girish Iyer,47,M,A1,
19740,13164,Ramesh Hegde,37,M,A2,
19741,13165,Anita Shetty,29,F,A1,REPEAT-019
19742,13166,Geeta Setty,40,F,A1,
19743,13167,Radha Iyer,24,F,A1,
19744,13167,Mahesh Murthy,47,M,A2,
19745,13168,Basavaraj Gowda,20,M,A1,
19746,13168,Shwetha Poojary,23,F,A2,
19747,13169,Naveen Setty,32,M,A1,REPEAT-036
19748,13169,Lakshmi Hegde,36,F,A2,
19749,13170,Manjunath Murthy,26,M,A1,REPEAT-025
19750,13171,Pooja Shetty,46,F,A1,
19751,13172,Anil Shetty,32,M,A1,
19752,13172,Manjunath Poojary,22,M,A2,
19753,13173,Basavaraj Gowda,39,M,A1,
19754,13174,Vidya Hegde,22,F,A1,
19755,13175,Naveen Bhat,18,M,A1,
19756,13176,Basavaraj Poojary,27,M,A1,
19757,13177,Shwetha Naidu,40,F,A1,
19758,13177,Suresh Reddy,33,M,A2,
19759,13178,Nagaraj Shetty,33,M,A1,
19760,13178,Santosh Setty,47,M,A2,
19761,13178,Vijay Hegde,36,M,A3,
19762,13179,Kumar Setty,20,M,A1,
19763,13179,Srinivas Shetty,44,M,A2,
19764,13180,Shwetha Kumar,30,F,A1,
19765,13180,Naveen Poojary,34,M,A2,
19766,13180,Kumar Rao,54,M,A3,
19767,13181,Kumar Murthy,45,M,A1,REPEAT-048
19768,13181,Santosh Achar,38,M,A2,
19769,13182,Manjunath Hegde,47,M,A1,
19770,13183,Ramesh Setty,19,M,A1,
19771,13184,Suresh Setty,29,M,A1,
19772,13184,Ramesh Poojary,22,M,A2,
19773,13185,Mahesh Murthy,23,M,A1,REPEAT-033
19774,13186,Shivaraj Hegde,40,M,A1,
19775,13186,Mahesh Hegde,24,M,A2,
19776,13187,Santosh Rao,40,M,A1,REPEAT-027
19777,13188,Naveen Murthy,43,M,A1,REPEAT-002
19778,13189,Girish Iyer,23,M,A1,
19779,13190,Suresh Naik,38,M,A1,REPEAT-042
19780,13190,Shobha Poojary,51,F,A2,
19781,13190,Ramesh Poojary,41,M,A3,
19782,13191,Raghu Bhat,40,M,A1,
19783,13191,Kumar Murthy,31,M,A2,
19784,13192,Ramesh Rao,37,M,A1,
19785,13193,Priya Setty,44,F,A1,
19786,13193,Shwetha Shetty,37,F,A2,
19787,13194,Shivaraj Kumar,29,M,A1,REPEAT-024
19788,13195,Sowmya Bhat,36,F,A1,
19789,13196,Anil Bhat,35,M,A1,REPEAT-005
19790,13196,Santosh Shetty,46,M,A2,
19791,13197,Savitha Setty,22,F,A1,
19792,13198,Sunita Hegde,51,F,A1,
19793,13199,Manjula Hegde,44,F,A1,
19794,13200,Vijay Hegde,45,M,A1,
19795,13201,Ramesh Setty,46,M,A1,
19796,13202,Pooja Gowda,21,F,A1,
19797,13202,Prakash Shetty,41,M,A2,
19798,13202,Shivaraj Naidu,34,M,A3,
19799,13203,Naveen Murthy,44,M,A1,REPEAT-002
19800,13204,Anita Kumar,51,F,A1,
19801,13205,Nagaraj Patil,51,M,A1,
19802,13205,Vijay Setty,21,M,A2,
19803,13206,Mahesh Hegde,20,M,A1,
19804,13207,Manjunath Poojary,35,M,A1,
19805,13207,Savitha Reddy,49,F,A2,
19806,13208,Girish Bhat,54,M,A1,
19807,13209,Srinivas Gowda,49,M,A1,
19808,13210,Lakshmi Shetty,54,F,A1,
19809,13211,Radha Reddy,45,F,A1,REPEAT-055
19810,13211,Mahesh Naik,42,M,A2,
19811,13212,Harish Patil,40,M,A1,REPEAT-053
19812,13212,Radha Naik,50,F,A2,
19813,13213,Ravi Gowda,36,M,A1,
19814,13213,Nandini Iyer,22,F,A2,
19815,13214,Harish Murthy,44,M,A1,
19816,13215,Naveen Murthy,44,M,A1,REPEAT-002
19817,13216,Anita Iyer,33,F,A1,
19818,13217,Savitha Bhat,35,F,A1,
19819,13217,Suresh Rao,46,M,A2,
19820,13218,Manjunath Shetty,23,M,A1,
19821,13218,Harish Hegde,18,M,A2,
19822,13218,Yogesh Poojary,32,M,A3,
19823,13219,Raghu Poojary,31,M,A1,
19824,13219,Shwetha Patil,24,F,A2,
19825,13220,Manjunath Murthy,25,M,A1,REPEAT-025
19826,13221,Yogesh Achar,41,M,A1,
19827,13222,Raghu Shetty,23,M,A1,
19828,13223,Shobha Naidu,27,F,A1,
19829,13224,Deepa Bhat,42,F,A1,
19830,13225,Srinivas Rao,32,M,A1,
19831,13226,Kumar Naidu,19,M,A1,
19832,13226,Kumar Naidu,51,M,A2,
19833,13227,Nagaraj Setty,45,M,A1,REPEAT-003
19834,13228,Ramesh Achar,34,M,A1,
19835,13228,Priya Naidu,53,F,A2,
19836,13229,Anita Shetty,28,F,A1,REPEAT-019
19837,13230,Manjunath Hegde,44,M,A1,
19838,13231,Yogesh Shetty,19,M,A1,
19839,13232,Priya Murthy,23,F,A1,REPEAT-010
19840,13232,Harish Achar,38,M,A2,
19841,13233,Ramesh Gowda,41,M,A1,
19842,13234,Girish Hegde,29,M,A1,
19843,13234,Ramesh Kumar,23,M,A2,
19844,13234,Santosh Patil,47,M,A3,
19845,13235,Srinivas Gowda,45,M,A1,
19846,13235,Suresh Kumar,39,M,A2,
19847,13235,Vidya Poojary,23,F,A3,
19848,13236,Kumar Hegde,24,M,A1,
19849,13237,Yogesh Iyer,29,M,A1,
19850,13238,Vidya Rao,31,F,A1,
19851,13239,Radha Hegde,47,F,A1,
19852,13240,Manjunath Murthy,26,M,A1,REPEAT-025
19853,13240,Prakash Bhat,49,M,A2,
19854,13241,Kavya Rao,31,F,A1,
19855,13241,Ganesh Shetty,23,M,A2,
19856,13242,Yogesh Naidu,24,M,A1,REPEAT-001
19857,13242,Roopa Bhat,21,F,A2,
19858,13242,Manjunath Naidu,23,M,A3,
19859,13243,Ravi Kumar,50,M,A1,
19860,13244,Pooja Bhat,47,F,A1,
19861,13245,Ravi Shetty,32,M,A1,
19862,13245,Sunita Achar,19,F,A2,
19863,13245,Rekha Iyer,32,F,A3,
19864,13246,Ramesh Patil,31,M,A1,
19865,13246,Naveen Naik,45,M,A2,
19866,13247,Basavaraj Gowda,51,M,A1,
19867,13248,Chaya Kumar,22,F,A1,
19868,13249,Anita Murthy,29,F,A1,
19869,13250,Nagaraj Setty,46,M,A1,REPEAT-003
19870,13251,Ravi Achar,48,M,A1,
19871,13252,Nagaraj Setty,46,M,A1,REPEAT-003
19872,13253,Anil Bhat,34,M,A1,REPEAT-005
19873,13253,Shwetha Gowda,18,F,A2,
19874,13254,Nandini Bhat,49,F,A1,
19875,13255,Harish Murthy,49,M,A1,
19876,13256,Naveen Murthy,43,M,A1,REPEAT-002
19877,13256,Rekha Patil,51,F,A2,
19878,13257,Nandini Achar,19,F,A1,
19879,13258,Nagaraj Naidu,37,M,A1,REPEAT-035
19880,13259,Srinivas Hegde,31,M,A1,REPEAT-046
19881,13259,Ganesh Kumar,55,M,A2,
19882,13259,Sowmya Naidu,36,F,A3,
19883,13260,Nandini Kumar,43,F,A1,REPEAT-012
19884,13260,Girish Gowda,21,M,A2,
19885,13261,Deepa Murthy,26,F,A1,
19886,13261,Manjunath Gowda,24,M,A2,
19887,13262,Shivaraj Kumar,30,M,A1,REPEAT-024
19888,13263,Basavaraj Patil,25,M,A1,
19889,13264,Anil Rao,34,M,A1,
19890,13265,Shivaraj Kumar,29,M,A1,REPEAT-024
19891,13265,Rekha Kumar,18,F,A2,
19892,13265,Yogesh Patil,21,M,A3,
19893,13266,Manjunath Murthy,25,M,A1,REPEAT-025
19894,13267,Harish Shetty,44,M,A1,
19895,13268,Chaya Naidu,48,F,A1,
19896,13269,Basavaraj Iyer,29,M,A1,
19897,13269,Santosh Reddy,45,M,A2,
19898,13269,Geeta Naidu,47,F,A3,
19899,13270,Chaya Iyer,47,F,A1,
19900,13270,Kavya Kumar,37,F,A2,
19901,13270,Rekha Setty,39,F,A3,
19902,13271,Raghu Kumar,22,M,A1,
19903,13271,Ramesh Achar,19,M,A2,
19904,13272,Shobha Setty,23,F,A1,
19905,13273,Prakash Naidu,41,M,A1,
19906,13273,Pooja Naik,39,F,A2,
19907,13274,Priya Kumar,27,F,A1,
19908,13275,Ganesh Shetty,26,M,A1,
19909,13276,Harish Setty,36,M,A1,
19910,13276,Kavya Gowda,40,F,A2,
19911,13277,Harish Achar,45,M,A1,REPEAT-057
19912,13277,Manjunath Kumar,44,M,A2,
19913,13278,Chaya Rao,45,F,A1,
19914,13278,Manjunath Bhat,54,M,A2,
19915,13278,Kumar Bhat,45,M,A3,
19916,13279,Ravi Reddy,21,M,A1,
19917,13280,Ravi Setty,53,M,A1,
19918,13281,Manjula Hegde,31,F,A1,
19919,13282,Harish Murthy,36,M,A1,
19920,13283,Pooja Naik,43,F,A1,
19921,13283,Anil Rao,36,M,A2,
19922,13284,Ganesh Gowda,20,M,A1,REPEAT-020
19923,13285,Kavya Poojary,40,F,A1,
19924,13285,Kavya Naik,36,F,A2,
19925,13286,Ganesh Setty,35,M,A1,
19926,13287,Nagaraj Murthy,36,M,A1,
19927,13288,Radha Reddy,33,F,A1,
19928,13289,Nagaraj Setty,45,M,A1,REPEAT-003
19929,13290,Anita Kumar,49,F,A1,
19930,13290,Bhagya Poojary,18,F,A2,
19931,13291,Nandini Shetty,23,F,A1,REPEAT-011
19932,13292,Chaya Murthy,49,F,A1,
19933,13293,Kavya Hegde,25,F,A1,
19934,13294,Kumar Gowda,35,M,A1,
19935,13295,Vidya Kumar,49,F,A1,
19936,13295,Naveen Hegde,22,M,A2,
19937,13296,Chaya Kumar,50,F,A1,
19938,13297,Girish Patil,41,M,A1,
19939,13297,Sunita Setty,53,F,A2,
19940,13297,Naveen Achar,22,M,A3,
19941,13298,Prakash Kumar,30,M,A1,
19942,13298,Kumar Murthy,44,M,A2,
19943,13299,Manjunath Bhat,33,M,A1,REPEAT-030
19944,13299,Raghu Kumar,18,M,A2,
19945,13300,Manjunath Poojary,49,M,A1,
19946,13301,Ramesh Gowda,29,M,A1,
19947,13302,Mahesh Gowda,54,M,A1,
19948,13303,Raghu Poojary,28,M,A1,
19949,13304,Harish Patil,39,M,A1,REPEAT-053
19950,13305,Shivaraj Kumar,30,M,A1,REPEAT-024
19951,13306,Srinivas Patil,19,M,A1,
19952,13307,Deepa Poojary,41,F,A1,
19953,13307,Ganesh Naidu,52,M,A2,
19954,13307,Naveen Bhat,50,M,A3,
19955,13308,Shivaraj Rao,45,M,A1,
19956,13309,Suresh Murthy,41,M,A1,
19957,13309,Yogesh Rao,43,M,A2,
19958,13310,Nagaraj Achar,45,M,A1,
19959,13310,Vijay Setty,50,M,A2,
19960,13311,Harish Poojary,33,M,A1,
19961,13312,Ramesh Naidu,44,M,A1,
19962,13313,Anil Shetty,50,M,A1,
19963,13314,Santosh Hegde,31,M,A1,
19964,13315,Bhagya Naidu,36,F,A1,
19965,13316,Mahesh Setty,33,M,A1,
19966,13316,Manjunath Bhat,42,M,A2,
19967,13317,Lakshmi Shetty,49,F,A1,
19968,13317,Sunita Naik,29,F,A2,
19969,13318,Manjunath Murthy,26,M,A1,REPEAT-025
19970,13319,Sunita Murthy,25,F,A1,
19971,13320,Ganesh Shetty,40,M,A1,REPEAT-029
19972,13321,Radha Reddy,44,F,A1,REPEAT-055
19973,13321,Bhagya Shetty,32,F,A2,
19974,13322,Raghu Naidu,43,M,A1,
19975,13323,Harish Patil,27,M,A1,
19976,13324,Girish Bhat,51,M,A1,
19977,13325,Basavaraj Achar,36,M,A1,
19978,13326,Vijay Setty,45,M,A1,
19979,13327,Anil Bhat,35,M,A1,REPEAT-005
19980,13328,Naveen Murthy,43,M,A1,REPEAT-002
19981,13328,Basavaraj Achar,18,M,A2,
19982,13329,Sowmya Patil,55,F,A1,
19983,13329,Anita Bhat,23,F,A2,
19984,13329,Manjula Murthy,52,F,A3,
19985,13330,Naveen Murthy,43,M,A1,REPEAT-002
19986,13330,Anil Reddy,23,M,A2,
19987,13331,Manjula Murthy,44,F,A1,
19988,13332,Vidya Hegde,19,F,A1,REPEAT-041
19989,13333,Sowmya Patil,39,F,A1,
19990,13333,Ganesh Gowda,35,M,A2,
19991,13334,Savitha Achar,35,F,A1,
19992,13335,Geeta Hegde,54,F,A1,
19993,13336,Nandini Shetty,22,F,A1,REPEAT-011
19994,13337,Shobha Iyer,24,F,A1,
19995,13338,Manjunath Murthy,44,M,A1,
19996,13339,Kumar Bhat,44,M,A1,
19997,13340,Lakshmi Hegde,50,F,A1,
19998,13341,Harish Naidu,33,M,A1,
19999,13342,Chaya Reddy,55,F,A1,
20000,13343,Ravi Gowda,26,M,A1,
20001,13343,Anita Bhat,43,F,A2,
20002,13344,Santosh Bhat,51,M,A1,
20003,13345,Naveen Murthy,43,M,A1,REPEAT-002
20004,13346,Radha Patil,35,F,A1,
20005,13347,Suresh Poojary,43,M,A1,
20006,13347,Deepa Poojary,50,F,A2,
20007,13348,Mahesh Kumar,22,M,A1,
20008,13348,Suresh Kumar,42,M,A2,
20009,13349,Mahesh Murthy,44,M,A1,
20010,13349,Girish Iyer,38,M,A2,
20011,13350,Basavaraj Setty,37,M,A1,
20012,13351,Santosh Setty,25,M,A1,
20013,13351,Naveen Naik,51,M,A2,
20014,13351,Nagaraj Naik,22,M,A3,
20015,13352,Roopa Achar,35,F,A1,
20016,13353,Raghu Rao,37,M,A1,
20017,13353,Sowmya Iyer,24,F,A2,
20018,13354,Vidya Murthy,24,F,A1,
20019,13355,Radha Reddy,44,F,A1,REPEAT-055
20020,13355,Sunita Bhat,37,F,A2,
20021,13355,Chaya Murthy,32,F,A3,
20022,13356,Rekha Naidu,46,F,A1,
20023,13357,Ramesh Naik,28,M,A1,
20024,13357,Lakshmi Patil,28,F,A2,
20025,13358,Naveen Murthy,44,M,A1,REPEAT-002
20026,13359,Vidya Bhat,41,F,A1,
20027,13359,Ramesh Setty,18,M,A2,
20028,13360,Ramesh Hegde,49,M,A1,
20029,13360,Shivaraj Shetty,48,M,A2,
20030,13361,Shobha Shetty,31,F,A1,REPEAT-017
20031,13362,Ramesh Patil,36,M,A1,
20032,13362,Basavaraj Rao,48,M,A2,
20033,13363,Santosh Rao,41,M,A1,REPEAT-027
20034,13363,Harish Shetty,55,M,A2,
20035,13364,Anita Setty,21,F,A1,
20036,13365,Mahesh Bhat,47,M,A1,
20037,13365,Ravi Kumar,24,M,A2,
20038,13366,Suresh Patil,30,M,A1,
20039,13367,Nagaraj Rao,49,M,A1,
20040,13368,Bhagya Achar,36,F,A1,
20041,13368,Lakshmi Rao,25,F,A2,
20042,13368,Lakshmi Naik,51,F,A3,
20043,13369,Vijay Hegde,22,M,A1,
20044,13369,Ganesh Gowda,45,M,A2,
20045,13369,Ganesh Rao,50,M,A3,
20046,13370,Prakash Patil,39,M,A1,
20047,13371,Savitha Achar,28,F,A1,
20048,13372,Roopa Patil,37,F,A1,
20049,13373,Anita Bhat,45,F,A1,
20050,13374,Ganesh Shetty,26,M,A1,
20051,13375,Shobha Murthy,34,F,A1,
20052,13375,Raghu Patil,37,M,A2,
20053,13376,Sunita Naidu,42,F,A1,
20054,13376,Shwetha Hegde,22,F,A2,
20055,13377,Shobha Shetty,27,F,A1,
20056,13378,Yogesh Setty,45,M,A1,
20057,13378,Radha Shetty,20,F,A2,
20058,13379,Shobha Murthy,38,F,A1,
20059,13380,Priya Achar,48,F,A1,
20060,13381,Vidya Setty,37,F,A1,
20061,13381,Kumar Setty,52,M,A2,
20062,13381,Savitha Reddy,54,F,A3,
20063,13382,Vidya Patil,28,F,A1,
20064,13383,Kumar Naidu,27,M,A1,
20065,13384,Shobha Gowda,24,F,A1,
20066,13384,Rekha Poojary,22,F,A2,
20067,13385,Roopa Achar,26,F,A1,
20068,13385,Basavaraj Reddy,20,M,A2,
20069,13386,Basavaraj Naik,25,M,A1,
20070,13387,Naveen Setty,33,M,A1,REPEAT-036
20071,13388,Deepa Patil,40,F,A1,
20072,13388,Kavya Naidu,23,F,A2,
20073,13388,Ganesh Rao,41,M,A3,
20074,13389,Raghu Naik,31,M,A1,
20075,13390,Prakash Patil,38,M,A1,
20076,13391,Anil Poojary,35,M,A1,
20077,13392,Manjula Rao,20,F,A1,
20078,13393,Naveen Rao,39,M,A1,
20079,13393,Rekha Kumar,18,F,A2,
20080,13394,Kumar Rao,44,M,A1,REPEAT-018
20081,13394,Nagaraj Bhat,41,M,A2,
20082,13395,Roopa Bhat,32,F,A1,
20083,13396,Priya Iyer,44,F,A1,
20084,13397,Anil Kumar,27,M,A1,
20085,13398,Rekha Shetty,55,F,A1,
20086,13399,Ravi Murthy,27,M,A1,
20087,13400,Raghu Bhat,47,M,A1,
20088,13400,Basavaraj Setty,20,M,A2,
20089,13401,Deepa Shetty,31,F,A1,
20090,13402,Shobha Murthy,53,F,A1,
20091,13403,Girish Naik,43,M,A1,
20092,13404,Yogesh Poojary,38,M,A1,
20093,13405,Vidya Naidu,43,F,A1,
20094,13405,Kumar Poojary,20,M,A2,
20095,13406,Manjunath Iyer,43,M,A1,REPEAT-051
20096,13407,Santosh Iyer,45,M,A1,
20097,13408,Priya Rao,18,F,A1,
20098,13408,Vijay Iyer,44,M,A2,
20099,13408,Anita Patil,49,F,A3,
20100,13409,Srinivas Shetty,26,M,A1,
20101,13410,Mahesh Shetty,37,M,A1,REPEAT-022
20102,13411,Santosh Rao,37,M,A1,
20103,13412,Vidya Setty,19,F,A1,
20104,13412,Harish Murthy,36,M,A2,
20105,13413,Radha Shetty,39,F,A1,
20106,13413,Santosh Reddy,51,M,A2,
20107,13413,Sunita Iyer,22,F,A3,
20108,13414,Kumar Hegde,52,M,A1,
20109,13414,Girish Setty,55,M,A2,
20110,13415,Raghu Hegde,50,M,A1,
20111,13415,Yogesh Kumar,40,M,A2,
20112,13416,Harish Hegde,34,M,A1,
20113,13417,Mahesh Shetty,37,M,A1,REPEAT-022
20114,13417,Harish Iyer,54,M,A2,
20115,13418,Harish Patil,39,M,A1,REPEAT-053
20116,13419,Nagaraj Kumar,39,M,A1,
20117,13419,Raghu Poojary,19,M,A2,
20118,13420,Kumar Gowda,38,M,A1,
20119,13420,Basavaraj Kumar,21,M,A2,
20120,13420,Girish Iyer,35,M,A3,
20121,13421,Prakash Patil,38,M,A1,
20122,13422,Anita Achar,39,F,A1,
20123,13423,Bhagya Hegde,29,F,A1,
20124,13424,Prakash Hegde,32,M,A1,
20125,13424,Nandini Patil,32,F,A2,
20126,13425,Shivaraj Kumar,29,M,A1,REPEAT-024
20127,13425,Raghu Naik,19,M,A2,
20128,13426,Pooja Naidu,21,F,A1,
20129,13427,Geeta Rao,43,F,A1,
20130,13428,Shivaraj Shetty,51,M,A1,
20131,13429,Savitha Achar,40,F,A1,
20132,13430,Vijay Achar,54,M,A1,
20133,13430,Raghu Achar,30,M,A2,
20134,13431,Ramesh Iyer,42,M,A1,
20135,13431,Manjula Hegde,26,F,A2,
20136,13432,Nandini Reddy,51,F,A1,
20137,13432,Manjunath Shetty,24,M,A2,
20138,13432,Girish Bhat,39,M,A3,
20139,13433,Vijay Murthy,45,M,A1,
20140,13433,Suresh Patil,33,M,A2,
20141,13434,Ramesh Iyer,41,M,A1,
20142,13435,Kumar Achar,39,M,A1,
20143,13435,Manjunath Patil,28,M,A2,
20144,13436,Raghu Iyer,48,M,A1,
20145,13437,Rekha Achar,36,F,A1,
20146,13438,Harish Naidu,36,M,A1,REPEAT-015
20147,13438,Nagaraj Iyer,23,M,A2,
20148,13439,Raghu Hegde,55,M,A1,
20149,13439,Kavya Setty,39,F,A2,
20150,13440,Yogesh Naik,35,M,A1,
20151,13440,Manjunath Setty,33,M,A2,
20152,13441,Santosh Naik,49,M,A1,
20153,13441,Shwetha Kumar,47,F,A2,
20154,13441,Yogesh Patil,26,M,A3,
20155,13442,Rekha Poojary,48,F,A1,
20156,13443,Kumar Gowda,30,M,A1,
20157,13443,Anil Rao,52,M,A2,
20158,13444,Nagaraj Kumar,25,M,A1,
20159,13444,Yogesh Kumar,20,M,A2,
20160,13445,Pooja Rao,46,F,A1,REPEAT-039
20161,13446,Naveen Naidu,41,M,A1,
20162,13446,Ramesh Hegde,52,M,A2,
20163,13447,Manjula Patil,27,F,A1,
20164,13447,Prakash Shetty,37,M,A2,
20165,13447,Savitha Patil,53,F,A3,
20166,13448,Anita Shetty,29,F,A1,REPEAT-019
20167,13449,Ganesh Achar,30,M,A1,
20168,13450,Shobha Shetty,32,F,A1,REPEAT-017
20169,13451,Girish Naik,46,M,A1,
20170,13452,Manjunath Setty,19,M,A1,
20171,13453,Ravi Iyer,42,M,A1,
20172,13454,Vijay Naidu,25,M,A1,
20173,13454,Shobha Kumar,47,F,A2,
20174,13455,Deepa Achar,28,F,A1,
20175,13456,Vijay Naidu,18,M,A1,
20176,13457,Ravi Naidu,21,M,A1,
20177,13458,Shivaraj Kumar,29,M,A1,REPEAT-024
20178,13459,Kavya Achar,22,F,A1,
20179,13460,Girish Setty,27,M,A1,
20180,13461,Raghu Reddy,43,M,A1,
20181,13462,Ramesh Reddy,27,M,A1,
20182,13463,Kumar Murthy,42,M,A1,
20183,13463,Ganesh Naik,55,M,A2,
20184,13464,Harish Naidu,31,M,A1,
20185,13465,Savitha Kumar,35,F,A1,
20186,13466,Prakash Rao,24,M,A1,
20187,13467,Radha Reddy,44,F,A1,REPEAT-055
20188,13468,Naveen Murthy,44,M,A1,REPEAT-002
20189,13468,Mahesh Iyer,49,M,A2,
20190,13468,Pooja Murthy,53,F,A3,
20191,13469,Ramesh Patil,52,M,A1,
20192,13470,Ramesh Hegde,42,M,A1,
20193,13471,Yogesh Bhat,37,M,A1,
20194,13472,Mahesh Murthy,23,M,A1,REPEAT-033
20195,13473,Suresh Naik,39,M,A1,REPEAT-042
20196,13474,Kumar Patil,18,M,A1,
20197,13475,Harish Naidu,36,M,A1,REPEAT-015
20198,13475,Suresh Hegde,42,M,A2,
20199,13476,Deepa Naidu,44,F,A1,
20200,13477,Basavaraj Shetty,40,M,A1,REPEAT-023
20201,13477,Basavaraj Achar,36,M,A2,
20202,13478,Roopa Achar,36,F,A1,
20203,13478,Manjula Bhat,26,F,A2,
20204,13479,Girish Achar,43,M,A1,
20205,13480,Mahesh Kumar,42,M,A1,
20206,13480,Mahesh Shetty,52,M,A2,
20207,13480,Nandini Kumar,43,F,A3,
20208,13481,Radha Reddy,45,F,A1,REPEAT-055
20209,13482,Nagaraj Shetty,53,M,A1,
20210,13483,Srinivas Bhat,25,M,A1,
20211,13484,Shwetha Achar,30,F,A1,
20212,13485,Yogesh Hegde,47,M,A1,
20213,13485,Geeta Kumar,20,F,A2,
20214,13486,Shivaraj Kumar,30,M,A1,REPEAT-024
20215,13487,Shwetha Poojary,26,F,A1,
20216,13487,Radha Gowda,51,F,A2,
20217,13488,Anil Rao,40,M,A1,
20218,13489,Naveen Setty,35,M,A1,
20219,13489,Manjunath Hegde,22,M,A2,
20220,13490,Mahesh Shetty,37,M,A1,REPEAT-022
20221,13491,Shivaraj Bhat,40,M,A1,
20222,13492,Kumar Naidu,35,M,A1,
20223,13493,Lakshmi Murthy,45,F,A1,REPEAT-044
20224,13494,Mahesh Poojary,29,M,A1,
20225,13495,Bhagya Naidu,19,F,A1,
20226,13496,Ravi Naik,29,M,A1,
20227,13497,Chaya Rao,42,F,A1,
20228,13497,Santosh Achar,43,M,A2,
20229,13498,Harish Naidu,37,M,A1,REPEAT-015
20230,13498,Kumar Poojary,22,M,A2,
20231,13499,Ravi Murthy,38,M,A1,
20232,13499,Priya Murthy,54,F,A2,
20233,13500,Santosh Hegde,33,M,A1,
20234,13500,Manjula Rao,37,F,A2,
20235,13501,Ganesh Achar,32,M,A1,
20236,13502,Shwetha Kumar,55,F,A1,
20237,13503,Mahesh Iyer,23,M,A1,
20238,13503,Kumar Poojary,33,M,A2,
20239,13504,Santosh Gowda,48,M,A1,
20240,13505,Kumar Hegde,27,M,A1,REPEAT-040
20241,13505,Girish Gowda,52,M,A2,
20242,13506,Nagaraj Naidu,36,M,A1,REPEAT-035
20243,13506,Prakash Murthy,46,M,A2,
20244,13507,Priya Naik,31,F,A1,
20245,13508,Nagaraj Naidu,36,M,A1,REPEAT-035
20246,13509,Anil Bhat,34,M,A1,REPEAT-005
20247,13510,Santosh Iyer,44,M,A1,
20248,13511,Vijay Setty,50,M,A1,
20249,13511,Manjunath Bhat,49,M,A2,
20250,13511,Basavaraj Achar,39,M,A3,
20251,13512,Naveen Kumar,42,M,A1,
20252,13513,Srinivas Naidu,38,M,A1,REPEAT-049
20253,13514,Prakash Achar,52,M,A1,
20254,13514,Harish Poojary,53,M,A2,
20255,13514,Shivaraj Hegde,20,M,A3,
20256,13515,Kumar Iyer,29,M,A1,
20257,13516,Radha Reddy,18,F,A1,
20258,13517,Savitha Setty,55,F,A1,
20259,13518,Prakash Naidu,41,M,A1,
20260,13518,Vidya Iyer,24,F,A2,
20261,13519,Yogesh Rao,24,M,A1,
20262,13520,Ganesh Gowda,34,M,A1,
20263,13520,Manjunath Hegde,41,M,A2,
20264,13521,Nagaraj Rao,29,M,A1,
20265,13522,Rekha Murthy,24,F,A1,
20266,13522,Anil Achar,52,M,A2,
20267,13523,Yogesh Iyer,27,M,A1,
20268,13523,Sowmya Poojary,19,F,A2,
20269,13524,Anil Reddy,21,M,A1,
20270,13524,Savitha Achar,38,F,A2,
20271,13525,Kumar Hegde,27,M,A1,REPEAT-040
20272,13525,Manjunath Reddy,38,M,A2,
20273,13526,Anita Shetty,28,F,A1,REPEAT-019
20274,13526,Ramesh Setty,25,M,A2,
20275,13527,Santosh Poojary,34,M,A1,
20276,13528,Santosh Rao,40,M,A1,REPEAT-027
20277,13528,Prakash Setty,51,M,A2,
20278,13529,Lakshmi Murthy,44,F,A1,REPEAT-044
20279,13529,Nagaraj Gowda,44,M,A2,
20280,13530,Manjula Achar,43,F,A1,
20281,13530,Nagaraj Patil,26,M,A2,
20282,13531,Ravi Naidu,51,M,A1,
20283,13532,Radha Gowda,25,F,A1,
20284,13532,Savitha Reddy,42,F,A2,
20285,13533,Mahesh Shetty,37,M,A1,REPEAT-022
20286,13534,Sunita Kumar,51,F,A1,
20287,13535,Vijay Iyer,52,M,A1,
20288,13536,Savitha Kumar,40,F,A1,
20289,13537,Manjunath Murthy,25,M,A1,REPEAT-025
20290,13538,Anil Gowda,20,M,A1,REPEAT-052
20291,13539,Pooja Achar,18,F,A1,
20292,13540,Manjunath Murthy,47,M,A1,
20293,13540,Sowmya Poojary,20,F,A2,
20294,13541,Shivaraj Gowda,24,M,A1,
20295,13542,Vidya Hegde,26,F,A1,
20296,13543,Ravi Naik,39,M,A1,
20297,13543,Shivaraj Murthy,22,M,A2,
20298,13544,Ganesh Shetty,41,M,A1,
20299,13545,Basavaraj Naik,24,M,A1,
20300,13546,Mahesh Murthy,23,M,A1,REPEAT-033
20301,13546,Girish Patil,54,M,A2,
20302,13547,Manjunath Poojary,53,M,A1,
20303,13548,Rekha Bhat,43,F,A1,REPEAT-047
20304,13548,Srinivas Murthy,32,M,A2,
20305,13549,Manjunath Poojary,47,M,A1,
20306,13549,Priya Reddy,41,F,A2,
20307,13550,Deepa Reddy,34,F,A1,
20308,13550,Raghu Rao,28,M,A2,
20309,13551,Savitha Gowda,48,F,A1,
20310,13552,Naveen Reddy,35,M,A1,
20311,13553,Naveen Shetty,25,M,A1,
20312,13553,Bhagya Rao,43,F,A2,
20313,13554,Shwetha Naidu,35,F,A1,
20314,13554,Mahesh Shetty,29,M,A2,
20315,13555,Suresh Naik,34,M,A1,
20316,13555,Prakash Bhat,19,M,A2,
20317,13556,Anil Gowda,51,M,A1,
20318,13557,Manjunath Bhat,33,M,A1,REPEAT-030
20319,13558,Nagaraj Shetty,36,M,A1,
20320,13558,Sowmya Setty,37,F,A2,
20321,13559,Vijay Shetty,22,M,A1,REPEAT-007
20322,13559,Shivaraj Murthy,55,M,A2,
20323,13560,Lakshmi Murthy,45,F,A1,REPEAT-044
20324,13561,Nagaraj Naik,31,M,A1,
20325,13562,Bhagya Rao,34,F,A1,
20326,13563,Shivaraj Kumar,22,M,A1,
20327,13563,Santosh Kumar,23,M,A2,
20328,13564,Ramesh Bhat,28,M,A1,
20329,13565,Nagaraj Naidu,21,M,A1,
20330,13565,Nandini Shetty,52,F,A2,
20331,13566,Geeta Rao,43,F,A1,
20332,13567,Girish Achar,45,M,A1,
20333,13568,Chaya Rao,48,F,A1,
20334,13569,Ramesh Reddy,18,M,A1,
20335,13569,Mahesh Kumar,19,M,A2,
20336,13570,Priya Kumar,39,F,A1,
20337,13571,Shivaraj Kumar,29,M,A1,REPEAT-024
20338,13571,Ravi Hegde,31,M,A2,
20339,13571,Basavaraj Hegde,46,M,A3,
20340,13572,Suresh Naik,30,M,A1,
20341,13572,Yogesh Shetty,48,M,A2,
20342,13573,Naveen Murthy,44,M,A1,REPEAT-002
20343,13574,Manjula Bhat,32,F,A1,
20344,13574,Geeta Gowda,31,F,A2,
20345,13575,Nagaraj Shetty,41,M,A1,
20346,13575,Anita Poojary,37,F,A2,
20347,13576,Lakshmi Murthy,45,F,A1,REPEAT-044
20348,13577,Chaya Setty,26,F,A1,
20349,13578,Ganesh Rao,50,M,A1,
20350,13579,Naveen Murthy,44,M,A1,REPEAT-002
20351,13580,Anil Bhat,41,M,A1,REPEAT-054
20352,13580,Manjunath Murthy,34,M,A2,
20353,13580,Vidya Naidu,46,F,A3,
20354,13581,Bhagya Poojary,51,F,A1,
20355,13582,Sowmya Kumar,25,F,A1,
20356,13583,Girish Naik,35,M,A1,
20357,13583,Lakshmi Gowda,45,F,A2,
20358,13583,Raghu Rao,36,M,A3,
20359,13584,Geeta Achar,33,F,A1,
20360,13585,Kumar Kumar,54,M,A1,
20361,13586,Savitha Naidu,22,F,A1,REPEAT-013
20362,13586,Yogesh Hegde,50,M,A2,
20363,13587,Suresh Hegde,25,M,A1,
20364,13588,Manjunath Murthy,25,M,A1,REPEAT-025
20365,13589,Girish Reddy,22,M,A1,
20366,13590,Santosh Kumar,28,M,A1,
20367,13591,Anil Gowda,33,M,A1,
20368,13592,Radha Rao,34,F,A1,REPEAT-059
20369,13593,Deepa Hegde,46,F,A1,
20370,13594,Nandini Shetty,23,F,A1,REPEAT-011
20371,13594,Kumar Bhat,21,M,A2,
20372,13595,Basavaraj Murthy,32,M,A1,
20373,13595,Nagaraj Naidu,36,M,A2,
20374,13596,Manjunath Murthy,26,M,A1,REPEAT-025
20375,13596,Harish Naidu,55,M,A2,
20376,13597,Santosh Kumar,45,M,A1,
20377,13598,Girish Iyer,48,M,A1,
20378,13598,Srinivas Poojary,55,M,A2,
20379,13598,Shobha Kumar,37,F,A3,
20380,13599,Anil Murthy,37,M,A1,
20381,13600,Priya Rao,18,F,A1,
20382,13600,Nagaraj Naidu,47,M,A2,
20383,13601,Roopa Kumar,40,F,A1,
20384,13601,Manjunath Poojary,33,M,A2,
20385,13602,Radha Naidu,31,F,A1,
20386,13603,Yogesh Kumar,38,M,A1,
20387,13603,Ravi Hegde,27,M,A2,
20388,13603,Girish Hegde,42,M,A3,
20389,13604,Naveen Murthy,43,M,A1,REPEAT-002
20390,13605,Pooja Setty,31,F,A1,
20391,13605,Harish Rao,42,M,A2,
20392,13606,Suresh Hegde,26,M,A1,
20393,13607,Anil Bhat,42,M,A1,REPEAT-054
20394,13608,Chaya Achar,19,F,A1,
20395,13609,Srinivas Naik,49,M,A1,
20396,13609,Radha Bhat,23,F,A2,
20397,13609,Roopa Patil,55,F,A3,
20398,13610,Shivaraj Rao,51,M,A1,
20399,13610,Manjunath Shetty,47,M,A2,
20400,13611,Manjula Shetty,55,F,A1,
20401,13611,Raghu Gowda,22,M,A2,
20402,13611,Santosh Gowda,31,M,A3,
20403,13612,Deepa Setty,36,F,A1,
20404,13613,Mahesh Shetty,37,M,A1,REPEAT-022
20405,13613,Mahesh Rao,32,M,A2,
20406,13614,Harish Rao,53,M,A1,
20407,13615,Yogesh Reddy,51,M,A1,
20408,13615,Vijay Patil,23,M,A2,
20409,13615,Kavya Shetty,42,F,A3,
20410,13616,Nagaraj Reddy,37,M,A1,
20411,13617,Suresh Kumar,49,M,A1,
20412,13617,Rekha Murthy,52,F,A2,
20413,13618,Srinivas Rao,33,M,A1,
20414,13619,Yogesh Patil,23,M,A1,
20415,13620,Rekha Poojary,21,F,A1,
20416,13621,Harish Patil,40,M,A1,REPEAT-053
20417,13622,Suresh Naik,39,M,A1,REPEAT-042
20418,13622,Basavaraj Murthy,40,M,A2,
20419,13622,Shivaraj Kumar,28,M,A3,
20420,13623,Srinivas Shetty,23,M,A1,
20421,13624,Basavaraj Reddy,28,M,A1,
20422,13625,Naveen Setty,32,M,A1,REPEAT-036
20423,13626,Girish Kumar,26,M,A1,
20424,13627,Santosh Poojary,35,M,A1,
20425,13628,Geeta Naidu,54,F,A1,
20426,13628,Anita Achar,51,F,A2,
20427,13628,Vidya Iyer,29,F,A3,
20428,13629,Srinivas Bhat,54,M,A1,
20429,13630,Girish Bhat,32,M,A1,
20430,13631,Anita Shetty,28,F,A1,REPEAT-019
20431,13632,Santosh Reddy,55,M,A1,
20432,13633,Suresh Naik,52,M,A1,
20433,13634,Nandini Kumar,47,F,A1,
20434,13635,Bhagya Setty,25,F,A1,
20435,13636,Srinivas Shetty,40,M,A1,
20436,13636,Shwetha Achar,30,F,A2,
20437,13636,Deepa Shetty,25,F,A3,
20438,13637,Roopa Rao,37,F,A1,
20439,13638,Suresh Shetty,37,M,A1,
20440,13638,Kumar Rao,25,M,A2,
20441,13639,Harish Setty,51,M,A1,
20442,13639,Yogesh Achar,22,M,A2,
20443,13640,Yogesh Rao,30,M,A1,
20444,13641,Manjunath Bhat,33,M,A1,REPEAT-030
20445,13642,Manjunath Murthy,22,M,A1,
20446,13643,Harish Bhat,47,M,A1,
20447,13644,Rekha Naidu,22,F,A1,
20448,13645,Vidya Rao,19,F,A1,
20449,13646,Mahesh Achar,46,M,A1,
20450,13646,Nagaraj Reddy,24,M,A2,
20451,13647,Yogesh Shetty,31,M,A1,
20452,13648,Shwetha Iyer,35,F,A1,
20453,13649,Manjunath Murthy,26,M,A1,REPEAT-025
20454,13650,Mahesh Shetty,37,M,A1,REPEAT-022
20455,13651,Naveen Gowda,51,M,A1,
20456,13652,Pooja Iyer,42,F,A1,
20457,13652,Geeta Poojary,47,F,A2,
20458,13653,Savitha Patil,41,F,A1,
20459,13654,Nandini Kumar,42,F,A1,REPEAT-012
20460,13655,Priya Poojary,48,F,A1,
20461,13656,Srinivas Naidu,38,M,A1,REPEAT-049
20462,13657,Ramesh Bhat,20,M,A1,
20463,13658,Anita Poojary,26,F,A1,
20464,13659,Suresh Naik,39,M,A1,REPEAT-042
20465,13660,Prakash Poojary,36,M,A1,REPEAT-028
20466,13661,Naveen Murthy,44,M,A1,REPEAT-002
20467,13662,Girish Setty,49,M,A1,
20468,13663,Yogesh Naidu,24,M,A1,REPEAT-001
20469,13664,Vijay Naik,18,M,A1,
20470,13665,Srinivas Achar,42,M,A1,
20471,13665,Shobha Naidu,31,F,A2,
20472,13665,Manjunath Naidu,44,M,A3,
20473,13666,Ravi Rao,51,M,A1,
20474,13666,Suresh Naik,32,M,A2,
20475,13667,Vijay Shetty,22,M,A1,REPEAT-007
20476,13667,Shwetha Poojary,49,F,A2,
20477,13668,Ravi Naik,31,M,A1,
20478,13669,Harish Murthy,18,M,A1,
20479,13669,Mahesh Naik,27,M,A2,
20480,13669,Radha Naidu,41,F,A3,
20481,13670,Manjunath Murthy,25,M,A1,REPEAT-025
20482,13670,Priya Setty,48,F,A2,
20483,13670,Prakash Iyer,52,M,A3,
20484,13671,Roopa Kumar,46,F,A1,
20485,13671,Basavaraj Hegde,44,M,A2,
20486,13672,Ganesh Kumar,50,M,A1,
20487,13672,Mahesh Setty,39,M,A2,
20488,13673,Raghu Murthy,49,M,A1,
20489,13674,Suresh Setty,24,M,A1,
20490,13674,Yogesh Naik,41,M,A2,
20491,13674,Kavya Rao,46,F,A3,
20492,13675,Girish Achar,38,M,A1,
20493,13676,Bhagya Naik,19,F,A1,
20494,13676,Radha Poojary,53,F,A2,
20495,13677,Pooja Hegde,32,F,A1,
20496,13678,Nandini Shetty,23,F,A1,REPEAT-011
20497,13678,Anil Rao,28,M,A2,
20498,13678,Srinivas Patil,41,M,A3,
20499,13679,Raghu Hegde,49,M,A1,
20500,13680,Ravi Naidu,50,M,A1,
20501,13680,Mahesh Patil,29,M,A2,
20502,13681,Manjunath Murthy,25,M,A1,REPEAT-025
20503,13682,Radha Kumar,54,F,A1,
20504,13683,Nagaraj Setty,45,M,A1,REPEAT-003
20505,13684,Naveen Naidu,25,M,A1,
20506,13684,Vidya Hegde,21,F,A2,
20507,13685,Savitha Murthy,32,F,A1,
20508,13686,Girish Hegde,49,M,A1,
20509,13687,Anil Gowda,20,M,A1,REPEAT-052
20510,13687,Prakash Reddy,23,M,A2,
20511,13688,Srinivas Naidu,37,M,A1,REPEAT-049
20512,13689,Mahesh Shetty,53,M,A1,
20513,13690,Kavya Rao,32,F,A1,
20514,13691,Naveen Iyer,43,M,A1,
20515,13691,Srinivas Gowda,41,M,A2,
20516,13692,Santosh Reddy,48,M,A1,
20517,13693,Suresh Rao,39,M,A1,
20518,13694,Nandini Kumar,43,F,A1,REPEAT-012
20519,13694,Harish Shetty,23,M,A2,
20520,13695,Kumar Gowda,26,M,A1,
20521,13695,Kumar Achar,53,M,A2,
20522,13696,Anita Murthy,27,F,A1,
20523,13696,Nandini Naidu,38,F,A2,
20524,13696,Naveen Gowda,46,M,A3,
20525,13697,Nagaraj Poojary,29,M,A1,
20526,13697,Girish Gowda,21,M,A2,
20527,13698,Chaya Achar,24,F,A1,
20528,13699,Sunita Bhat,53,F,A1,
20529,13699,Yogesh Hegde,51,M,A2,
20530,13700,Prakash Setty,37,M,A1,
20531,13701,Nagaraj Murthy,52,M,A1,
20532,13701,Ravi Gowda,27,M,A2,
20533,13701,Anil Naidu,30,M,A3,
20534,13702,Vijay Shetty,21,M,A1,REPEAT-007
20535,13703,Anita Setty,42,F,A1,
20536,13704,Savitha Murthy,28,F,A1,
20537,13705,Prakash Naidu,27,M,A1,
20538,13705,Sowmya Gowda,31,F,A2,
20539,13705,Savitha Rao,36,F,A3,
20540,13706,Kavya Gowda,36,F,A1,
20541,13706,Anita Patil,45,F,A2,
20542,13707,Nagaraj Setty,38,M,A1,
20543,13708,Ganesh Naik,35,M,A1,REPEAT-009
20544,13708,Yogesh Setty,47,M,A2,
20545,13708,Srinivas Reddy,20,M,A3,
20546,13709,Manjula Reddy,41,F,A1,
20547,13710,Shwetha Naidu,36,F,A1,
20548,13711,Lakshmi Murthy,44,F,A1,REPEAT-044
20549,13712,Lakshmi Murthy,45,F,A1,REPEAT-044
20550,13713,Naveen Hegde,37,M,A1,
20551,13713,Suresh Shetty,18,M,A2,
20552,13714,Kavya Setty,41,F,A1,
20553,13714,Girish Reddy,25,M,A2,
20554,13715,Anita Shetty,18,F,A1,
20555,13715,Deepa Naidu,51,F,A2,
20556,13716,Shwetha Shetty,49,F,A1,
20557,13717,Shivaraj Achar,34,M,A1,
20558,13717,Sunita Patil,52,F,A2,
20559,13718,Girish Patil,52,M,A1,
20560,13719,Srinivas Rao,19,M,A1,
20561,13720,Roopa Iyer,20,F,A1,
20562,13721,Nagaraj Achar,23,M,A1,
20563,13722,Santosh Kumar,27,M,A1,
20564,13723,Harish Achar,46,M,A1,REPEAT-057
20565,13723,Prakash Achar,37,M,A2,
20566,13723,Manjula Gowda,36,F,A3,
20567,13724,Ganesh Rao,54,M,A1,
20568,13725,Manjunath Gowda,24,M,A1,
20569,13725,Basavaraj Achar,45,M,A2,
20570,13726,Anita Shetty,29,F,A1,REPEAT-019
20571,13726,Deepa Murthy,37,F,A2,
20572,13727,Nagaraj Setty,45,M,A1,REPEAT-003
20573,13728,Ravi Shetty,39,M,A1,
20574,13728,Mahesh Achar,33,M,A2,
20575,13729,Harish Hegde,31,M,A1,
20576,13729,Santosh Setty,20,M,A2,
20577,13730,Lakshmi Setty,53,F,A1,
20578,13730,Kavya Bhat,21,F,A2,
20579,13731,Prakash Achar,19,M,A1,
20580,13732,Shivaraj Reddy,30,M,A1,
20581,13732,Harish Naik,34,M,A2,
20582,13733,Ganesh Naik,35,M,A1,REPEAT-009
20583,13733,Girish Rao,38,M,A2,
20584,13734,Harish Naidu,36,M,A1,REPEAT-015
20585,13735,Nagaraj Rao,21,M,A1,
20586,13735,Prakash Patil,41,M,A2,
20587,13735,Harish Gowda,45,M,A3,
20588,13736,Naveen Achar,49,M,A1,
20589,13737,Srinivas Reddy,31,M,A1,
20590,13737,Mahesh Rao,54,M,A2,
20591,13738,Srinivas Hegde,31,M,A1,REPEAT-046
20592,13739,Anil Iyer,35,M,A1,
20593,13740,Yogesh Naidu,25,M,A1,
20594,13740,Harish Naidu,55,M,A2,
20595,13741,Ganesh Naidu,22,M,A1,
20596,13741,Basavaraj Setty,41,M,A2,
20597,13741,Shobha Setty,41,F,A3,
20598,13742,Savitha Murthy,30,F,A1,
20599,13743,Anil Bhat,34,M,A1,REPEAT-005
20600,13744,Harish Setty,46,M,A1,
20601,13745,Girish Achar,44,M,A1,
20602,13746,Kavya Hegde,35,F,A1,
20603,13747,Srinivas Patil,55,M,A1,
20604,13748,Nagaraj Setty,45,M,A1,REPEAT-003
20605,13749,Basavaraj Shetty,49,M,A1,
20606,13750,Girish Naik,33,M,A1,
20607,13751,Bhagya Gowda,35,F,A1,
20608,13751,Srinivas Patil,38,M,A2,
20609,13752,Srinivas Gowda,47,M,A1,
20610,13753,Srinivas Poojary,39,M,A1,
20611,13754,Priya Murthy,24,F,A1,REPEAT-010
20612,13755,Srinivas Naidu,30,M,A1,
20613,13756,Manjunath Murthy,26,M,A1,REPEAT-025
20614,13757,Shobha Murthy,52,F,A1,
20615,13757,Priya Patil,29,F,A2,
20616,13758,Priya Kumar,26,F,A1,
20617,13759,Nagaraj Rao,24,M,A1,REPEAT-026
20618,13760,Kavya Poojary,21,F,A1,
20619,13761,Basavaraj Naidu,21,M,A1,
20620,13762,Basavaraj Naik,42,M,A1,
20621,13762,Raghu Shetty,37,M,A2,
20622,13763,Vijay Murthy,35,M,A1,
20623,13764,Srinivas Rao,43,M,A1,
20624,13764,Bhagya Iyer,26,F,A2,
20625,13764,Harish Kumar,42,M,A3,
20626,13765,Bhagya Rao,43,F,A1,REPEAT-058
20627,13765,Shwetha Iyer,34,F,A2,
20628,13766,Chaya Iyer,52,F,A1,
20629,13767,Ravi Bhat,42,M,A1,
20630,13768,Shivaraj Kumar,29,M,A1,REPEAT-024
20631,13768,Prakash Poojary,21,M,A2,
20632,13768,Manjunath Hegde,26,M,A3,
20633,13769,Vijay Kumar,51,M,A1,
20634,13769,Ganesh Rao,40,M,A2,
20635,13770,Manjunath Bhat,33,M,A1,REPEAT-030
20636,13771,Anil Bhat,41,M,A1,REPEAT-054
20637,13772,Kumar Reddy,30,M,A1,
20638,13773,Naveen Murthy,43,M,A1,REPEAT-002
20639,13773,Kumar Murthy,24,M,A2,
20640,13774,Vijay Shetty,21,M,A1,REPEAT-007
20641,13775,Savitha Reddy,18,F,A1,
20642,13776,Shivaraj Kumar,32,M,A1,
20643,13777,Bhagya Hegde,26,F,A1,
20644,13777,Naveen Reddy,34,M,A2,
20645,13778,Vijay Hegde,38,M,A1,
20646,13779,Chaya Shetty,51,F,A1,
20647,13780,Raghu Gowda,18,M,A1,
20648,13781,Yogesh Naidu,24,M,A1,REPEAT-001
20649,13782,Mahesh Shetty,37,M,A1,REPEAT-022
20650,13783,Deepa Murthy,18,F,A1,
20651,13783,Raghu Hegde,28,M,A2,
20652,13784,Naveen Bhat,26,M,A1,
20653,13785,Vijay Kumar,22,M,A1,
20654,13785,Suresh Patil,18,M,A2,
20655,13786,Vijay Shetty,22,M,A1,REPEAT-007
20656,13787,Shivaraj Murthy,46,M,A1,
20657,13788,Roopa Hegde,29,F,A1,
20658,13789,Priya Reddy,41,F,A1,
20659,13789,Ganesh Reddy,19,M,A2,
20660,13790,Srinivas Naidu,38,M,A1,REPEAT-049
20661,13791,Shivaraj Poojary,33,M,A1,
20662,13792,Nandini Shetty,23,F,A1,REPEAT-011
20663,13793,Geeta Bhat,19,F,A1,
20664,13793,Prakash Gowda,26,M,A2,
20665,13793,Anita Murthy,34,F,A3,
20666,13794,Sunita Bhat,54,F,A1,
20667,13795,Yogesh Gowda,48,M,A1,
20668,13796,Priya Achar,40,F,A1,
20669,13797,Anita Naidu,37,F,A1,
20670,13798,Naveen Patil,26,M,A1,
20671,13799,Kavya Patil,24,F,A1,
20672,13799,Anil Patil,20,M,A2,
20673,13800,Srinivas Naidu,37,M,A1,REPEAT-049
20674,13800,Ganesh Kumar,54,M,A2,
20675,13801,Nandini Naik,27,F,A1,
20676,13801,Shwetha Hegde,49,F,A2,
20677,13801,Mahesh Shetty,25,M,A3,
20678,13802,Ramesh Kumar,54,M,A1,
20679,13803,Harish Naidu,28,M,A1,
20680,13803,Mahesh Reddy,41,M,A2,
20681,13804,Yogesh Bhat,41,M,A1,
20682,13805,Sowmya Reddy,37,F,A1,
20683,13806,Anita Achar,23,F,A1,
20684,13807,Yogesh Naik,40,M,A1,
20685,13807,Shivaraj Reddy,24,M,A2,
20686,13807,Anita Kumar,54,F,A3,
20687,13808,Deepa Kumar,50,F,A1,
20688,13809,Ramesh Shetty,37,M,A1,
20689,13809,Raghu Achar,19,M,A2,
20690,13810,Manjunath Murthy,25,M,A1,REPEAT-025
20691,13811,Priya Kumar,39,F,A1,
20692,13811,Basavaraj Gowda,50,M,A2,
20693,13812,Kumar Setty,54,M,A1,
20694,13813,Srinivas Naidu,38,M,A1,REPEAT-049
20695,13814,Kumar Rao,44,M,A1,REPEAT-018
20696,13815,Prakash Kumar,53,M,A1,
20697,13816,Girish Patil,20,M,A1,
20698,13816,Shivaraj Hegde,41,M,A2,
20699,13817,Ganesh Kumar,38,M,A1,
20700,13817,Santosh Reddy,22,M,A2,
20701,13818,Mahesh Shetty,37,M,A1,REPEAT-022
20702,13819,Anita Hegde,47,F,A1,
20703,13820,Srinivas Naidu,37,M,A1,REPEAT-049
20704,13820,Basavaraj Rao,49,M,A2,
20705,13821,Nandini Gowda,31,F,A1,
20706,13822,Srinivas Bhat,41,M,A1,
20707,13822,Anil Poojary,38,M,A2,
20708,13822,Mahesh Kumar,39,M,A3,
20709,13823,Srinivas Hegde,31,M,A1,REPEAT-046
20710,13824,Sunita Reddy,22,F,A1,
20711,13825,Nagaraj Setty,45,M,A1,REPEAT-003
20712,13825,Kavya Achar,21,F,A2,
20713,13825,Mahesh Setty,50,M,A3,
20714,13826,Manjunath Murthy,26,M,A1,REPEAT-025
20715,13827,Prakash Hegde,44,M,A1,
20716,13828,Rekha Gowda,22,F,A1,
20717,13829,Naveen Murthy,43,M,A1,REPEAT-002
20718,13829,Roopa Reddy,25,F,A2,
20719,13830,Nagaraj Naik,45,M,A1,
20720,13830,Naveen Reddy,34,M,A2,
20721,13831,Santosh Naidu,32,M,A1,
20722,13831,Anil Achar,43,M,A2,
20723,13832,Yogesh Murthy,39,M,A1,
20724,13833,Mahesh Kumar,36,M,A1,
20725,13833,Shobha Reddy,26,F,A2,
20726,13834,Suresh Shetty,44,M,A1,
20727,13834,Mahesh Patil,27,M,A2,
20728,13835,Anita Bhat,41,F,A1,
20729,13836,Santosh Rao,40,M,A1,REPEAT-027
20730,13836,Srinivas Setty,35,M,A2,
20731,13837,Mahesh Naidu,46,M,A1,
20732,13838,Kumar Rao,44,M,A1,REPEAT-018
20733,13838,Basavaraj Bhat,36,M,A2,
20734,13838,Anil Setty,29,M,A3,
20735,13839,Naveen Setty,26,M,A1,
20736,13839,Manjula Shetty,38,F,A2,
20737,13840,Suresh Gowda,47,M,A1,
20738,13841,Ramesh Patil,32,M,A1,
20739,13841,Chaya Setty,50,F,A2,
20740,13842,Shivaraj Bhat,52,M,A1,
20741,13843,Suresh Achar,34,M,A1,
20742,13844,Vidya Reddy,54,F,A1,
20743,13845,Naveen Murthy,43,M,A1,REPEAT-002
20744,13845,Kavya Kumar,37,F,A2,
20745,13846,Kumar Hegde,39,M,A1,
20746,13846,Harish Rao,45,M,A2,
20747,13847,Savitha Bhat,55,F,A1,
20748,13848,Mahesh Naik,34,M,A1,
20749,13848,Srinivas Bhat,26,M,A2,
20750,13849,Santosh Kumar,53,M,A1,
20751,13849,Chaya Naik,35,F,A2,
20752,13850,Naveen Murthy,43,M,A1,REPEAT-002
20753,13850,Anil Reddy,50,M,A2,
20754,13851,Manjunath Bhat,33,M,A1,REPEAT-030
20755,13852,Vijay Bhat,49,M,A1,
20756,13853,Srinivas Iyer,44,M,A1,
20757,13853,Sowmya Reddy,40,F,A2,
20758,13854,Bhagya Murthy,54,F,A1,
20759,13854,Savitha Bhat,36,F,A2,
20760,13855,Basavaraj Reddy,42,M,A1,REPEAT-031
20761,13856,Srinivas Naik,24,M,A1,
20762,13857,Srinivas Poojary,23,M,A1,
20763,13858,Anil Bhat,35,M,A1,REPEAT-005
20764,13859,Deepa Poojary,26,F,A1,
20765,13859,Kumar Shetty,29,M,A2,
20766,13859,Rekha Iyer,46,F,A3,
20767,13860,Shivaraj Poojary,31,M,A1,
20768,13860,Vijay Poojary,47,M,A2,
20769,13861,Anita Hegde,39,F,A1,
20770,13862,Manjunath Poojary,44,M,A1,
20771,13862,Raghu Poojary,41,M,A2,
20772,13863,Savitha Patil,25,F,A1,
20773,13864,Pooja Kumar,19,F,A1,
20774,13865,Mahesh Gowda,20,M,A1,
20775,13866,Manjula Reddy,40,F,A1,
20776,13867,Yogesh Naik,18,M,A1,
20777,13867,Prakash Bhat,34,M,A2,
20778,13868,Raghu Naik,44,M,A1,
20779,13868,Kavya Setty,25,F,A2,
20780,13869,Manjula Hegde,31,F,A1,
20781,13870,Ravi Poojary,50,M,A1,
20782,13870,Mahesh Bhat,33,M,A2,
20783,13871,Bhagya Rao,52,F,A1,
20784,13872,Nagaraj Hegde,32,M,A1,
20785,13873,Manjunath Naidu,45,M,A1,
20786,13873,Prakash Shetty,55,M,A2,
20787,13874,Ganesh Poojary,54,M,A1,
20788,13874,Shobha Achar,22,F,A2,
20789,13875,Yogesh Kumar,44,M,A1,REPEAT-050
20790,13876,Nagaraj Patil,23,M,A1,
20791,13876,Mahesh Naik,18,M,A2,
20792,13877,Anita Shetty,28,F,A1,REPEAT-019
20793,13877,Shobha Hegde,37,F,A2,
20794,13878,Prakash Rao,28,M,A1,
20795,13879,Srinivas Reddy,54,M,A1,
20796,13879,Pooja Iyer,33,F,A2,
20797,13879,Ramesh Gowda,31,M,A3,
20798,13880,Bhagya Rao,49,F,A1,
20799,13880,Ganesh Hegde,32,M,A2,
20800,13881,Harish Naidu,36,M,A1,REPEAT-015
20801,13882,Roopa Patil,55,F,A1,
20802,13882,Nandini Reddy,18,F,A2,
20803,13883,Suresh Naidu,51,M,A1,
20804,13884,Basavaraj Rao,44,M,A1,
20805,13885,Rekha Bhat,42,F,A1,REPEAT-047
20806,13886,Anil Naik,34,M,A1,
20807,13886,Kavya Patil,48,F,A2,
20808,13887,Kumar Achar,47,M,A1,
20809,13887,Deepa Murthy,34,F,A2,
20810,13888,Santosh Patil,23,M,A1,
20811,13889,Savitha Murthy,29,F,A1,
20812,13890,Santosh Gowda,32,M,A1,
20813,13890,Nandini Setty,33,F,A2,
20814,13891,Raghu Poojary,49,M,A1,
20815,13891,Priya Naidu,24,F,A2,
20816,13892,Girish Achar,29,M,A1,
20817,13893,Prakash Naidu,52,M,A1,
20818,13893,Ganesh Poojary,45,M,A2,
20819,13893,Shwetha Achar,18,F,A3,
20820,13894,Sunita Kumar,33,F,A1,
20821,13894,Shwetha Setty,41,F,A2,
20822,13894,Prakash Hegde,53,M,A3,
20823,13895,Naveen Murthy,44,M,A1,REPEAT-002
20824,13895,Shwetha Naidu,23,F,A2,
20825,13896,Harish Patil,39,M,A1,REPEAT-053
20826,13896,Naveen Murthy,47,M,A2,
20827,13896,Srinivas Reddy,47,M,A3,
20828,13897,Nagaraj Naidu,36,M,A1,REPEAT-035
20829,13898,Ravi Naik,38,M,A1,
20830,13899,Basavaraj Rao,36,M,A1,
20831,13899,Yogesh Kumar,50,M,A2,
20832,13900,Naveen Shetty,31,M,A1,
20833,13901,Manjula Achar,22,F,A1,
20834,13902,Ganesh Gowda,21,M,A1,REPEAT-020
20835,13902,Vijay Setty,19,M,A2,
20836,13903,Anil Bhat,42,M,A1,REPEAT-054
20837,13904,Basavaraj Shetty,39,M,A1,
20838,13904,Mahesh Bhat,44,M,A2,
20839,13905,Srinivas Setty,30,M,A1,
20840,13905,Rekha Poojary,49,F,A2,
20841,13905,Manjula Iyer,53,F,A3,
20842,13906,Mahesh Naik,30,M,A1,
20843,13906,Yogesh Murthy,26,M,A2,
20844,13907,Raghu Hegde,43,M,A1,
20845,13908,Srinivas Gowda,38,M,A1,
20846,13909,Raghu Hegde,20,M,A1,
20847,13910,Shwetha Patil,28,F,A1,
20848,13911,Girish Patil,19,M,A1,
20849,13912,Srinivas Poojary,54,M,A1,
20850,13912,Ramesh Murthy,54,M,A2,
20851,13912,Bhagya Iyer,39,F,A3,
20852,13913,Srinivas Shetty,49,M,A1,
20853,13914,Ganesh Naidu,33,M,A1,
20854,13915,Basavaraj Gowda,25,M,A1,
20855,13915,Kavya Naik,25,F,A2,
20856,13916,Mahesh Shetty,37,M,A1,REPEAT-022
20857,13916,Mahesh Reddy,50,M,A2,
20858,13917,Girish Shetty,31,M,A1,
20859,13917,Shivaraj Hegde,48,M,A2,
20860,13918,Anita Patil,25,F,A1,REPEAT-014
20861,13919,Ravi Kumar,27,M,A1,
20862,13920,Savitha Hegde,22,F,A1,
20863,13921,Kumar Murthy,45,M,A1,REPEAT-048
20864,13922,Anil Shetty,20,M,A1,
20865,13922,Sowmya Naidu,18,F,A2,
20866,13923,Srinivas Naidu,41,M,A1,REPEAT-037
20867,13924,Ramesh Bhat,27,M,A1,
20868,13924,Vijay Reddy,26,M,A2,
20869,13925,Priya Hegde,22,F,A1,
20870,13925,Pooja Shetty,33,F,A2,
20871,13926,Anil Shetty,22,M,A1,
20872,13927,Sunita Shetty,32,F,A1,
20873,13928,Mahesh Shetty,37,M,A1,REPEAT-022
20874,13929,Radha Reddy,50,F,A1,
20875,13930,Nandini Shetty,23,F,A1,REPEAT-011
20876,13931,Manjula Murthy,42,F,A1,
20877,13932,Vidya Shetty,19,F,A1,
20878,13932,Ramesh Bhat,31,M,A2,
20879,13933,Anil Bhat,41,M,A1,REPEAT-054
20880,13933,Raghu Gowda,41,M,A2,
20881,13934,Chaya Kumar,23,F,A1,
20882,13935,Santosh Gowda,30,M,A1,
20883,13936,Basavaraj Gowda,29,M,A1,
20884,13937,Vijay Iyer,20,M,A1,
20885,13937,Raghu Gowda,21,M,A2,
20886,13938,Shivaraj Gowda,46,M,A1,
20887,13939,Geeta Patil,52,F,A1,
20888,13939,Basavaraj Poojary,38,M,A2,
20889,13940,Ramesh Murthy,22,M,A1,
20890,13941,Naveen Poojary,24,M,A1,
20891,13941,Girish Shetty,25,M,A2,
20892,13942,Kumar Patil,31,M,A1,
20893,13943,Rekha Naik,23,F,A1,
20894,13943,Pooja Gowda,48,F,A2,
20895,13944,Anil Naidu,38,M,A1,
20896,13945,Radha Reddy,44,F,A1,REPEAT-055
20897,13946,Manjunath Reddy,32,M,A1,
20898,13946,Kumar Bhat,46,M,A2,
20899,13947,Ganesh Shetty,21,M,A1,
20900,13947,Kumar Gowda,48,M,A2,
20901,13948,Santosh Rao,47,M,A1,
20902,13948,Bhagya Reddy,25,F,A2,
20903,13948,Sunita Naik,48,F,A3,
20904,13949,Mahesh Hegde,41,M,A1,
20905,13949,Ramesh Patil,52,M,A2,
20906,13950,Ravi Rao,24,M,A1,
20907,13950,Srinivas Poojary,52,M,A2,
20908,13951,Santosh Hegde,53,M,A1,
20909,13952,Ravi Hegde,55,M,A1,
20910,13953,Raghu Rao,28,M,A1,
20911,13954,Kumar Rao,45,M,A1,REPEAT-018
20912,13954,Kavya Naidu,32,F,A2,
20913,13955,Suresh Patil,42,M,A1,
20914,13956,Ramesh Naik,54,M,A1,
20915,13957,Raghu Patil,46,M,A1,
20916,13958,Naveen Murthy,44,M,A1,REPEAT-002
20917,13958,Kavya Achar,21,F,A2,
20918,13959,Yogesh Shetty,20,M,A1,
20919,13960,Manjunath Poojary,50,M,A1,
20920,13960,Chaya Iyer,51,F,A2,
20921,13961,Anil Bhat,41,M,A1,REPEAT-054
20922,13962,Santosh Achar,28,M,A1,
20923,13963,Kumar Poojary,49,M,A1,
20924,13964,Rekha Rao,20,F,A1,
20925,13965,Ravi Kumar,36,M,A1,
20926,13965,Manjunath Achar,22,M,A2,
20927,13965,Savitha Setty,42,F,A3,
20928,13966,Naveen Murthy,43,M,A1,REPEAT-002
20929,13967,Ravi Reddy,52,M,A1,
20930,13968,Mahesh Naik,20,M,A1,
20931,13969,Kumar Naidu,32,M,A1,
20932,13969,Suresh Achar,54,M,A2,
20933,13969,Shivaraj Patil,33,M,A3,
20934,13970,Mahesh Shetty,37,M,A1,REPEAT-022
20935,13970,Santosh Kumar,52,M,A2,
20936,13971,Ramesh Gowda,42,M,A1,
20937,13971,Girish Patil,26,M,A2,
20938,13972,Ravi Naik,23,M,A1,
20939,13973,Kavya Achar,52,F,A1,
20940,13974,Shwetha Naidu,31,F,A1,
20941,13974,Sowmya Reddy,41,F,A2,
20942,13974,Mahesh Naik,25,M,A3,
20943,13975,Anil Bhat,41,M,A1,REPEAT-054
20944,13976,Naveen Setty,23,M,A1,
20945,13976,Ravi Rao,24,M,A2,
20946,13976,Chaya Reddy,36,F,A3,
20947,13977,Santosh Shetty,45,M,A1,
20948,13978,Shobha Setty,53,F,A1,
20949,13979,Lakshmi Gowda,51,F,A1,
20950,13980,Harish Shetty,29,M,A1,
20951,13981,Yogesh Kumar,45,M,A1,REPEAT-050
20952,13982,Ganesh Kumar,34,M,A1,
20953,13983,Bhagya Reddy,25,F,A1,
20954,13983,Girish Naidu,55,M,A2,
20955,13984,Pooja Iyer,19,F,A1,
20956,13985,Nagaraj Kumar,51,M,A1,
20957,13986,Rekha Gowda,31,F,A1,
20958,13987,Suresh Murthy,49,M,A1,
20959,13987,Naveen Naidu,50,M,A2,
20960,13988,Manjunath Setty,43,M,A1,REPEAT-016
20961,13989,Naveen Achar,35,M,A1,
20962,13990,Vijay Rao,39,M,A1,
20963,13991,Anil Kumar,27,M,A1,
20964,13991,Srinivas Patil,50,M,A2,
20965,13992,Kumar Kumar,31,M,A1,
20966,13992,Shobha Shetty,33,F,A2,
20967,13993,Shobha Setty,35,F,A1,
20968,13993,Harish Iyer,47,M,A2,
20969,13994,Lakshmi Murthy,44,F,A1,REPEAT-044
20970,13995,Nandini Naik,44,F,A1,
20971,13996,Harish Iyer,32,M,A1,
20972,13997,Shwetha Rao,48,F,A1,
20973,13997,Rekha Shetty,41,F,A2,
20974,13997,Harish Gowda,44,M,A3,
20975,13998,Manjunath Bhat,33,M,A1,REPEAT-030
20976,13999,Santosh Hegde,52,M,A1,
20977,14000,Roopa Iyer,55,F,A1,
20978,14001,Lakshmi Murthy,44,F,A1,REPEAT-044
20979,14002,Vijay Gowda,36,M,A1,
20980,14002,Roopa Naik,29,F,A2,
20981,14003,Savitha Setty,39,F,A1,
20982,14003,Rekha Naik,34,F,A2,
20983,14004,Anita Reddy,44,F,A1,
20984,14005,Basavaraj Rao,43,M,A1,
20985,14006,Vidya Hegde,19,F,A1,REPEAT-041
20986,14007,Suresh Bhat,27,M,A1,
20987,14007,Anita Poojary,22,F,A2,
20988,14008,Manjunath Shetty,23,M,A1,
20989,14009,Mahesh Setty,49,M,A1,
20990,14010,Anil Bhat,41,M,A1,REPEAT-054
20991,14011,Radha Rao,34,F,A1,REPEAT-059
20992,14012,Roopa Gowda,20,F,A1,
20993,14012,Pooja Achar,37,F,A2,
20994,14013,Kumar Shetty,49,M,A1,
20995,14014,Basavaraj Reddy,27,M,A1,
20996,14015,Roopa Poojary,39,F,A1,
20997,14016,Vidya Achar,40,F,A1,
20998,14016,Srinivas Naik,42,M,A2,
20999,14016,Sowmya Kumar,18,F,A3,
21000,14017,Prakash Bhat,49,M,A1,
21001,14018,Harish Patil,55,M,A1,
21002,14018,Manjunath Kumar,35,M,A2,
21003,14019,Manjunath Poojary,54,M,A1,
21004,14020,Mahesh Iyer,20,M,A1,
21005,14021,Anil Bhat,34,M,A1,REPEAT-005
21006,14021,Nagaraj Reddy,44,M,A2,
21007,14022,Lakshmi Murthy,44,F,A1,REPEAT-044
21008,14023,Suresh Iyer,30,M,A1,
21009,14024,Sunita Achar,31,F,A1,
21010,14024,Vidya Naidu,40,F,A2,
21011,14024,Shwetha Rao,27,F,A3,
21012,14025,Raghu Shetty,36,M,A1,
21013,14026,Manjula Naidu,46,F,A1,
21014,14026,Radha Murthy,39,F,A2,
21015,14026,Pooja Patil,40,F,A3,
21016,14027,Anil Bhat,35,M,A1,REPEAT-005
21017,14028,Raghu Patil,40,M,A1,
21018,14029,Manjunath Bhat,32,M,A1,REPEAT-030
21019,14029,Srinivas Shetty,21,M,A2,
21020,14030,Naveen Reddy,26,M,A1,
21021,14031,Ganesh Hegde,37,M,A1,REPEAT-060
21022,14032,Anita Shetty,28,F,A1,REPEAT-019
21023,14032,Prakash Murthy,33,M,A2,
21024,14033,Harish Setty,35,M,A1,
21025,14033,Savitha Gowda,24,F,A2,
21026,14034,Vijay Bhat,35,M,A1,
21027,14034,Santosh Murthy,31,M,A2,
21028,14034,Ganesh Rao,39,M,A3,
21029,14035,Nagaraj Setty,45,M,A1,REPEAT-003
21030,14036,Shobha Murthy,25,F,A1,
21031,14036,Sunita Naidu,18,F,A2,
21032,14037,Shivaraj Reddy,19,M,A1,
21033,14038,Pooja Patil,49,F,A1,
21034,14039,Anil Poojary,47,M,A1,
21035,14039,Santosh Murthy,30,M,A2,
21036,14040,Priya Rao,46,F,A1,
21037,14041,Basavaraj Poojary,39,M,A1,
21038,14041,Radha Setty,39,F,A2,
21039,14042,Savitha Reddy,19,F,A1,
21040,14042,Ravi Shetty,37,M,A2,
21041,14043,Nandini Kumar,22,F,A1,
21042,14044,Yogesh Rao,21,M,A1,
21043,14045,Ganesh Hegde,37,M,A1,REPEAT-060
21044,14045,Radha Hegde,44,F,A2,
21045,14046,Roopa Murthy,26,F,A1,
21046,14047,Shobha Kumar,45,F,A1,
21047,14047,Suresh Kumar,23,M,A2,
21048,14047,Kumar Iyer,46,M,A3,
21049,14048,Pooja Kumar,21,F,A1,
21050,14049,Girish Murthy,35,M,A1,
21051,14049,Nagaraj Naik,54,M,A2,
21052,14049,Nagaraj Poojary,50,M,A3,
21053,14050,Basavaraj Kumar,29,M,A1,
21054,14051,Priya Murthy,24,F,A1,REPEAT-010
21055,14052,Mahesh Achar,32,M,A1,
21056,14053,Kumar Patil,28,M,A1,
21057,14054,Vidya Achar,21,F,A1,
21058,14054,Lakshmi Achar,19,F,A2,
21059,14055,Prakash Setty,45,M,A1,
21060,14055,Kumar Gowda,30,M,A2,
21061,14056,Srinivas Hegde,31,M,A1,REPEAT-046
21062,14056,Nandini Naik,25,F,A2,
21063,14057,Harish Naidu,37,M,A1,REPEAT-015
21064,14057,Raghu Poojary,18,M,A2,
21065,14058,Shivaraj Naidu,22,M,A1,
21066,14058,Manjula Patil,39,F,A2,
21067,14058,Anil Rao,29,M,A3,
21068,14059,Manjula Iyer,52,F,A1,
21069,14060,Pooja Poojary,21,F,A1,
21070,14061,Anita Shetty,29,F,A1,REPEAT-019
21071,14061,Lakshmi Hegde,22,F,A2,
21072,14061,Prakash Naidu,48,M,A3,
21073,14062,Pooja Kumar,32,F,A1,
21074,14063,Manjula Gowda,42,F,A1,
21075,14064,Anil Rao,45,M,A1,
21076,14065,Sowmya Murthy,25,F,A1,
21077,14065,Ramesh Setty,29,M,A2,
21078,14066,Shivaraj Kumar,36,M,A1,
21079,14066,Nandini Achar,51,F,A2,
21080,14067,Basavaraj Hegde,38,M,A1,
21081,14068,Kumar Gowda,55,M,A1,
21082,14069,Priya Poojary,24,F,A1,
21083,14070,Kavya Poojary,52,F,A1,
21084,14071,Ravi Naik,47,M,A1,
21085,14072,Anita Shetty,28,F,A1,REPEAT-019
21086,14072,Anil Murthy,38,M,A2,
21087,14073,Yogesh Reddy,38,M,A1,
21088,14074,Vijay Setty,29,M,A1,
21089,14075,Manjunath Bhat,32,M,A1,REPEAT-030
21090,14076,Santosh Bhat,26,M,A1,
21091,14077,Manjunath Shetty,34,M,A1,
21092,14078,Roopa Setty,26,F,A1,
21093,14079,Basavaraj Rao,36,M,A1,
21094,14080,Mahesh Iyer,46,M,A1,
21095,14081,Nagaraj Rao,24,M,A1,REPEAT-026
21096,14082,Manjunath Setty,43,M,A1,REPEAT-016
21097,14083,Basavaraj Shetty,40,M,A1,REPEAT-023
21098,14083,Shwetha Reddy,41,F,A2,
21099,14084,Nandini Kumar,42,F,A1,REPEAT-012
21100,14084,Santosh Iyer,54,M,A2,
21101,14085,Basavaraj Reddy,43,M,A1,REPEAT-031
21102,14085,Ramesh Bhat,24,M,A2,
21103,14086,Prakash Hegde,30,M,A1,
21104,14086,Ravi Naidu,53,M,A2,
21105,14087,Santosh Patil,54,M,A1,
21106,14088,Shobha Kumar,49,F,A1,
21107,14089,Vijay Shetty,21,M,A1,REPEAT-007
21108,14090,Manjula Naidu,21,F,A1,
21109,14091,Ramesh Bhat,36,M,A1,
21110,14092,Manjunath Achar,30,M,A1,
21111,14092,Suresh Hegde,45,M,A2,
21112,14093,Shwetha Naidu,37,F,A1,
21113,14093,Basavaraj Naidu,47,M,A2,
21114,14094,Pooja Gowda,47,F,A1,
21115,14094,Basavaraj Iyer,21,M,A2,
21116,14095,Vijay Hegde,24,M,A1,
21117,14096,Ganesh Hegde,48,M,A1,
21118,14096,Harish Naidu,39,M,A2,
21119,14096,Rekha Reddy,31,F,A3,
21120,14097,Lakshmi Murthy,44,F,A1,REPEAT-044
21121,14098,Ganesh Iyer,46,M,A1,
21122,14099,Manjunath Achar,44,M,A1,
21123,14100,Anil Bhat,34,M,A1,REPEAT-005
21124,14100,Ravi Gowda,43,M,A2,
21125,14100,Naveen Gowda,43,M,A3,
21126,14101,Mahesh Naidu,40,M,A1,
21127,14102,Manjunath Setty,43,M,A1,REPEAT-016
21128,14102,Nagaraj Setty,32,M,A2,
21129,14102,Suresh Bhat,19,M,A3,
21130,14103,Shivaraj Kumar,30,M,A1,REPEAT-024
21131,14103,Prakash Setty,42,M,A2,
21132,14104,Prakash Murthy,27,M,A1,
21133,14105,Girish Gowda,20,M,A1,
21134,14106,Roopa Murthy,32,F,A1,
21135,14106,Priya Iyer,41,F,A2,
21136,14107,Manjunath Setty,25,M,A1,
21137,14107,Anil Achar,29,M,A2,
21138,14108,Ganesh Gowda,21,M,A1,
21139,14108,Ganesh Reddy,37,M,A2,
21140,14109,Naveen Murthy,44,M,A1,REPEAT-002
21141,14110,Nandini Murthy,19,F,A1,
21142,14110,Manjunath Kumar,45,M,A2,
21143,14111,Bhagya Reddy,41,F,A1,
21144,14111,Manjula Naik,43,F,A2,
21145,14111,Vijay Setty,25,M,A3,
21146,14112,Kavya Hegde,27,F,A1,
21147,14113,Mahesh Kumar,22,M,A1,
21148,14114,Nagaraj Iyer,40,M,A1,
21149,14115,Anil Bhat,48,M,A1,
21150,14116,Ramesh Achar,37,M,A1,
21151,14116,Mahesh Rao,36,M,A2,
21152,14117,Yogesh Naidu,24,M,A1,REPEAT-001
21153,14117,Ravi Gowda,18,M,A2,
21154,14118,Shivaraj Poojary,48,M,A1,
21155,14119,Harish Achar,45,M,A1,REPEAT-057
21156,14120,Naveen Rao,32,M,A1,
21157,14120,Rekha Naidu,28,F,A2,
21158,14121,Kavya Setty,24,F,A1,
21159,14121,Sowmya Hegde,42,F,A2,
21160,14122,Yogesh Murthy,30,M,A1,
21161,14123,Priya Shetty,18,F,A1,
21162,14124,Roopa Poojary,20,F,A1,
21163,14125,Bhagya Rao,43,F,A1,REPEAT-058
21164,14125,Sowmya Kumar,26,F,A2,
21165,14126,Ganesh Rao,49,M,A1,
21166,14127,Harish Naik,50,M,A1,
21167,14128,Mahesh Shetty,38,M,A1,REPEAT-022
21168,14129,Ganesh Shetty,40,M,A1,REPEAT-029
21169,14130,Anil Bhat,34,M,A1,REPEAT-005
21170,14130,Roopa Patil,41,F,A2,
21171,14130,Naveen Kumar,35,M,A3,
21172,14131,Naveen Murthy,44,M,A1,REPEAT-002
21173,14131,Girish Rao,51,M,A2,
21174,14132,Prakash Shetty,54,M,A1,
21175,14132,Raghu Naidu,42,M,A2,
21176,14133,Sunita Naidu,46,F,A1,
21177,14133,Srinivas Shetty,41,M,A2,
21178,14134,Deepa Naik,51,F,A1,
21179,14134,Anil Gowda,32,M,A2,
21180,14135,Nagaraj Rao,24,M,A1,REPEAT-026
21181,14136,Harish Bhat,48,M,A1,
21182,14137,Yogesh Setty,20,M,A1,
21183,14137,Kumar Kumar,46,M,A2,
21184,14138,Prakash Reddy,30,M,A1,
21185,14139,Nagaraj Bhat,40,M,A1,
21186,14140,Santosh Poojary,32,M,A1,
21187,14140,Manjula Setty,41,F,A2,
21188,14141,Srinivas Rao,27,M,A1,
21189,14142,Lakshmi Murthy,45,F,A1,REPEAT-044
21190,14143,Girish Reddy,49,M,A1,
21191,14144,Bhagya Setty,51,F,A1,
21192,14145,Vidya Patil,39,F,A1,
21193,14146,Girish Shetty,35,M,A1,
21194,14147,Raghu Reddy,22,M,A1,
21195,14147,Prakash Setty,40,M,A2,
21196,14147,Harish Reddy,30,M,A3,
21197,14148,Vidya Achar,25,F,A1,
21198,14149,Ganesh Gowda,20,M,A1,REPEAT-020
21199,14150,Yogesh Naidu,31,M,A1,
21200,14150,Shobha Rao,44,F,A2,
21201,14151,Raghu Naidu,41,M,A1,
21202,14152,Nandini Kumar,20,F,A1,
21203,14153,Girish Rao,48,M,A1,
21204,14154,Suresh Hegde,53,M,A1,
21205,14155,Basavaraj Poojary,53,M,A1,
21206,14156,Ganesh Hegde,36,M,A1,REPEAT-060
21207,14156,Nandini Murthy,26,F,A2,
21208,14156,Anil Patil,46,M,A3,
21209,14157,Girish Naik,24,M,A1,
21210,14157,Nagaraj Gowda,53,M,A2,
21211,14158,Priya Murthy,44,F,A1,
21212,14158,Vijay Poojary,51,M,A2,
21213,14159,Harish Iyer,42,M,A1,
21214,14159,Raghu Murthy,30,M,A2,
21215,14160,Yogesh Gowda,21,M,A1,
21216,14160,Girish Shetty,29,M,A2,
21217,14161,Manjunath Murthy,25,M,A1,REPEAT-025
21218,14162,Shobha Reddy,47,F,A1,
21219,14162,Nandini Rao,53,F,A2,
21220,14162,Prakash Kumar,45,M,A3,
21221,14163,Suresh Hegde,38,M,A1,
21222,14164,Anil Shetty,30,M,A1,
21223,14164,Anita Murthy,19,F,A2,
21224,14165,Rekha Patil,52,F,A1,
21225,14166,Srinivas Rao,22,M,A1,
21226,14167,Mahesh Reddy,40,M,A1,
21227,14168,Priya Rao,46,F,A1,
21228,14169,Deepa Shetty,32,F,A1,
21229,14170,Sunita Iyer,48,F,A1,
21230,14170,Yogesh Murthy,38,M,A2,
21231,14171,Geeta Hegde,33,F,A1,
21232,14172,Shivaraj Setty,34,M,A1,
21233,14173,Sowmya Hegde,46,F,A1,
21234,14173,Manjunath Naidu,36,M,A2,
21235,14173,Harish Iyer,35,M,A3,
21236,14174,Nandini Kumar,43,F,A1,REPEAT-012
21237,14174,Manjunath Gowda,28,M,A2,
21238,14175,Ramesh Naik,54,M,A1,
21239,14175,Bhagya Rao,32,F,A2,
21240,14176,Suresh Shetty,45,M,A1,
21241,14176,Yogesh Gowda,53,M,A2,
21242,14176,Anita Rao,24,F,A3,
21243,14177,Yogesh Reddy,41,M,A1,
21244,14178,Suresh Naik,38,M,A1,REPEAT-042
21245,14178,Nagaraj Murthy,18,M,A2,
21246,14179,Nagaraj Patil,33,M,A1,
21247,14179,Ramesh Reddy,29,M,A2,
21248,14180,Kumar Murthy,45,M,A1,REPEAT-048
21249,14180,Srinivas Shetty,39,M,A2,
21250,14181,Radha Reddy,45,F,A1,REPEAT-055
21251,14182,Ganesh Hegde,22,M,A1,
21252,14183,Shivaraj Shetty,45,M,A1,
21253,14183,Mahesh Patil,35,M,A2,
21254,14184,Santosh Reddy,30,M,A1,
21255,14184,Santosh Shetty,41,M,A2,
21256,14185,Srinivas Achar,46,M,A1,
21257,14186,Basavaraj Reddy,42,M,A1,REPEAT-031
21258,14187,Anil Bhat,34,M,A1,REPEAT-005
21259,14188,Girish Gowda,45,M,A1,
21260,14189,Srinivas Hegde,44,M,A1,
21261,14189,Priya Naidu,35,F,A2,
21262,14190,Shivaraj Naik,22,M,A1,
21263,14191,Shivaraj Gowda,55,M,A1,
21264,14192,Rekha Reddy,38,F,A1,
21265,14192,Vidya Shetty,35,F,A2,
21266,14193,Raghu Hegde,32,M,A1,
21267,14194,Vidya Murthy,18,F,A1,
21268,14194,Basavaraj Shetty,53,M,A2,
21269,14195,Srinivas Reddy,35,M,A1,
21270,14195,Suresh Achar,48,M,A2,
21271,14196,Anil Bhat,41,M,A1,REPEAT-054
21272,14197,Anil Gowda,21,M,A1,REPEAT-052
21273,14197,Ganesh Patil,23,M,A2,
21274,14197,Sunita Iyer,33,F,A3,
21275,14198,Manjula Poojary,52,F,A1,
21276,14198,Harish Shetty,46,M,A2,
21277,14199,Kumar Rao,44,M,A1,REPEAT-018
21278,14200,Vijay Shetty,21,M,A1,REPEAT-007
21279,14201,Radha Reddy,44,F,A1,REPEAT-055
21280,14202,Deepa Naidu,32,F,A1,
21281,14203,Manjunath Shetty,53,M,A1,
21282,14204,Manjunath Iyer,55,M,A1,
21283,14204,Srinivas Naidu,49,M,A2,
21284,14204,Shivaraj Hegde,44,M,A3,
21285,14205,Shivaraj Rao,24,M,A1,
21286,14206,Nandini Shetty,49,F,A1,
21287,14206,Savitha Rao,46,F,A2,
21288,14207,Manjunath Murthy,29,M,A1,
21289,14207,Bhagya Gowda,27,F,A2,
21290,14208,Savitha Gowda,32,F,A1,
21291,14208,Kumar Bhat,47,M,A2,
21292,14209,Naveen Murthy,43,M,A1,REPEAT-002
21293,14210,Ganesh Patil,43,M,A1,
21294,14211,Bhagya Rao,18,F,A1,
21295,14211,Naveen Bhat,43,M,A2,
21296,14212,Vijay Achar,49,M,A1,
21297,14213,Radha Patil,44,F,A1,
21298,14213,Ravi Achar,20,M,A2,
21299,14214,Yogesh Kumar,44,M,A1,REPEAT-050
21300,14214,Basavaraj Reddy,48,M,A2,
21301,14214,Deepa Iyer,21,F,A3,
21302,14215,Santosh Poojary,54,M,A1,
21303,14215,Santosh Bhat,40,M,A2,
21304,14215,Suresh Achar,54,M,A3,
21305,14216,Santosh Naidu,31,M,A1,
21306,14216,Bhagya Poojary,47,F,A2,
21307,14217,Ganesh Rao,25,M,A1,
21308,14218,Deepa Naidu,49,F,A1,
21309,14219,Nandini Setty,37,F,A1,
21310,14220,Kumar Rao,36,M,A1,
21311,14221,Nagaraj Setty,45,M,A1,REPEAT-003
21312,14222,Ramesh Gowda,38,M,A1,
21313,14223,Deepa Naidu,54,F,A1,
21314,14224,Girish Patil,47,M,A1,
21315,14224,Ramesh Rao,34,M,A2,
21316,14225,Kumar Reddy,18,M,A1,
21317,14226,Nagaraj Setty,45,M,A1,REPEAT-003
21318,14226,Suresh Bhat,21,M,A2,
21319,14227,Ravi Hegde,29,M,A1,
21320,14228,Yogesh Gowda,34,M,A1,
21321,14228,Naveen Iyer,39,M,A2,
21322,14228,Geeta Iyer,23,F,A3,
21323,14229,Nagaraj Setty,29,M,A1,
21324,14230,Srinivas Achar,44,M,A1,
21325,14231,Naveen Naik,51,M,A1,
21326,14232,Manjula Setty,32,F,A1,
21327,14233,Suresh Naik,38,M,A1,REPEAT-042
21328,14233,Shivaraj Naik,26,M,A2,
21329,14234,Manjunath Murthy,26,M,A1,REPEAT-025
21330,14235,Anita Achar,18,F,A1,
21331,14236,Yogesh Naidu,24,M,A1,REPEAT-001
21332,14236,Manjunath Reddy,42,M,A2,
21333,14237,Suresh Naik,38,M,A1,REPEAT-042
21334,14237,Manjunath Setty,36,M,A2,
21335,14238,Mahesh Hegde,47,M,A1,
21336,14239,Harish Naidu,36,M,A1,REPEAT-015
21337,14239,Deepa Naik,43,F,A2,
21338,14240,Nagaraj Rao,25,M,A1,REPEAT-026
21339,14241,Harish Naik,18,M,A1,
21340,14242,Vijay Setty,52,M,A1,
21341,14243,Kumar Kumar,49,M,A1,
21342,14243,Suresh Naidu,41,M,A2,
21343,14244,Ramesh Poojary,49,M,A1,
21344,14245,Girish Kumar,29,M,A1,
21345,14245,Shwetha Iyer,48,F,A2,
21346,14246,Srinivas Setty,24,M,A1,
21347,14247,Basavaraj Reddy,42,M,A1,REPEAT-031
21348,14247,Nagaraj Bhat,47,M,A2,
21349,14248,Manjunath Poojary,30,M,A1,
21350,14248,Santosh Poojary,53,M,A2,
21351,14249,Kavya Naidu,24,F,A1,
21352,14250,Prakash Hegde,51,M,A1,
21353,14251,Srinivas Setty,24,M,A1,
21354,14252,Naveen Naidu,30,M,A1,
21355,14252,Shivaraj Murthy,43,M,A2,
21356,14253,Raghu Rao,23,M,A1,
21357,14254,Yogesh Patil,51,M,A1,
21358,14255,Ganesh Iyer,29,M,A1,
21359,14256,Manjunath Rao,22,M,A1,
21360,14257,Sowmya Rao,20,F,A1,
21361,14257,Ravi Hegde,48,M,A2,
21362,14258,Mahesh Murthy,23,M,A1,REPEAT-033
21363,14258,Nagaraj Poojary,19,M,A2,
21364,14258,Ravi Reddy,40,M,A3,
21365,14259,Manjunath Bhat,33,M,A1,REPEAT-030
21366,14260,Srinivas Setty,39,M,A1,
21367,14261,Vidya Reddy,27,F,A1,
21368,14262,Suresh Gowda,55,M,A1,
21369,14263,Manjunath Naik,52,M,A1,
21370,14264,Rekha Poojary,39,F,A1,
21371,14265,Harish Patil,40,M,A1,REPEAT-053
21372,14266,Vijay Rao,38,M,A1,
21373,14267,Manjunath Murthy,26,M,A1,REPEAT-025
21374,14268,Naveen Achar,48,M,A1,
21375,14269,Vijay Naidu,33,M,A1,
21376,14269,Radha Achar,30,F,A2,
21377,14270,Manjunath Murthy,25,M,A1,REPEAT-025
21378,14270,Lakshmi Patil,28,F,A2,
21379,14270,Chaya Naik,52,F,A3,
21380,14271,Shwetha Setty,22,F,A1,
21381,14271,Shivaraj Rao,43,M,A2,
21382,14272,Ganesh Gowda,20,M,A1,REPEAT-020
21383,14273,Ramesh Murthy,22,M,A1,
21384,14273,Ganesh Patil,41,M,A2,
21385,14274,Vijay Shetty,32,M,A1,
21386,14274,Savitha Setty,53,F,A2,
21387,14275,Ganesh Rao,25,M,A1,
21388,14276,Manjula Achar,27,F,A1,
21389,14277,Priya Hegde,22,F,A1,
21390,14278,Santosh Poojary,20,M,A1,
21391,14279,Basavaraj Naik,50,M,A1,
21392,14280,Shwetha Rao,40,F,A1,
21393,14281,Vidya Naik,54,F,A1,
21394,14281,Mahesh Iyer,33,M,A2,
21395,14281,Shivaraj Achar,29,M,A3,
21396,14282,Ganesh Hegde,37,M,A1,REPEAT-060
21397,14283,Shivaraj Poojary,31,M,A1,
21398,14284,Ravi Poojary,21,M,A1,
21399,14284,Naveen Naidu,30,M,A2,
21400,14285,Shivaraj Iyer,30,M,A1,
21401,14285,Kumar Achar,42,M,A2,
21402,14286,Shobha Shetty,31,F,A1,REPEAT-017
21403,14286,Sunita Naik,50,F,A2,
21404,14287,Shivaraj Rao,40,M,A1,
21405,14288,Anil Rao,49,M,A1,
21406,14288,Anil Naik,22,M,A2,
21407,14289,Shivaraj Murthy,23,M,A1,
21408,14290,Girish Hegde,52,M,A1,
21409,14290,Basavaraj Shetty,18,M,A2,
21410,14291,Girish Gowda,41,M,A1,
21411,14292,Shivaraj Murthy,45,M,A1,
21412,14293,Nagaraj Rao,55,M,A1,
21413,14294,Priya Rao,44,F,A1,
21414,14295,Ravi Iyer,35,M,A1,
21415,14296,Naveen Patil,28,M,A1,
21416,14296,Yogesh Patil,46,M,A2,
21417,14297,Shobha Shetty,31,F,A1,REPEAT-017
21418,14297,Raghu Bhat,51,M,A2,
21419,14298,Vidya Poojary,50,F,A1,
21420,14299,Sowmya Hegde,52,F,A1,
21421,14300,Naveen Gowda,38,M,A1,
21422,14300,Naveen Murthy,39,M,A2,
21423,14301,Yogesh Achar,50,M,A1,
21424,14302,Santosh Rao,40,M,A1,REPEAT-027
21425,14303,Mahesh Rao,34,M,A1,
21426,14303,Kumar Murthy,39,M,A2,
21427,14304,Ganesh Gowda,20,M,A1,REPEAT-020
21428,14305,Harish Murthy,43,M,A1,
21429,14306,Ravi Setty,47,M,A1,
21430,14307,Ravi Reddy,19,M,A1,
21431,14307,Savitha Murthy,25,F,A2,
21432,14308,Geeta Patil,25,F,A1,
21433,14309,Nagaraj Hegde,34,M,A1,
21434,14310,Raghu Shetty,29,M,A1,
21435,14311,Nandini Patil,24,F,A1,
21436,14312,Shivaraj Hegde,35,M,A1,
21437,14312,Girish Gowda,29,M,A2,
21438,14313,Raghu Iyer,30,M,A1,
21439,14313,Kumar Naik,32,M,A2,
21440,14313,Ganesh Bhat,41,M,A3,
21441,14314,Manjula Murthy,46,F,A1,
21442,14314,Nagaraj Achar,24,M,A2,
21443,14314,Harish Gowda,26,M,A3,
21444,14315,Srinivas Naidu,37,M,A1,REPEAT-049
21445,14316,Girish Patil,45,M,A1,
21446,14316,Srinivas Patil,55,M,A2,
21447,14317,Roopa Setty,28,F,A1,
21448,14318,Anita Patil,24,F,A1,REPEAT-014
21449,14319,Manjunath Setty,43,M,A1,REPEAT-016
21450,14319,Basavaraj Gowda,36,M,A2,
21451,14320,Manjunath Bhat,32,M,A1,REPEAT-030
21452,14320,Chaya Naik,55,F,A2,
21453,14321,Basavaraj Reddy,42,M,A1,REPEAT-031
21454,14321,Pooja Rao,30,F,A2,
21455,14322,Ramesh Poojary,34,M,A1,
21456,14323,Harish Naidu,38,M,A1,
21457,14323,Raghu Murthy,42,M,A2,
21458,14324,Yogesh Achar,20,M,A1,
21459,14325,Yogesh Iyer,46,M,A1,
21460,14326,Priya Reddy,20,F,A1,
21461,14326,Srinivas Bhat,51,M,A2,
21462,14326,Nagaraj Setty,49,M,A3,
21463,14327,Manjula Naik,20,F,A1,
21464,14328,Santosh Hegde,43,M,A1,
21465,14329,Radha Reddy,44,F,A1,REPEAT-055
21466,14329,Shivaraj Patil,40,M,A2,
21467,14330,Suresh Rao,18,M,A1,
21468,14331,Ganesh Iyer,42,M,A1,
21469,14332,Basavaraj Rao,22,M,A1,
21470,14333,Chaya Setty,22,F,A1,
21471,14333,Nagaraj Poojary,26,M,A2,
21472,14333,Shivaraj Hegde,43,M,A3,
21473,14334,Srinivas Rao,29,M,A1,
21474,14335,Nagaraj Achar,47,M,A1,
21475,14336,Suresh Murthy,54,M,A1,
21476,14336,Santosh Rao,42,M,A2,
21477,14337,Kavya Gowda,53,F,A1,
21478,14338,Basavaraj Shetty,35,M,A1,
21479,14339,Basavaraj Rao,24,M,A1,
21480,14339,Santosh Poojary,48,M,A2,
21481,14339,Santosh Setty,41,M,A3,
21482,14340,Harish Achar,45,M,A1,REPEAT-057
21483,14340,Raghu Achar,26,M,A2,
21484,14341,Santosh Hegde,29,M,A1,
21485,14342,Shivaraj Naik,31,M,A1,
21486,14343,Anil Bhat,34,M,A1,REPEAT-005
21487,14343,Raghu Kumar,34,M,A2,
21488,14344,Kavya Reddy,22,F,A1,
21489,14344,Ravi Naidu,48,M,A2,
21490,14345,Harish Reddy,55,M,A1,
21491,14346,Manjunath Bhat,32,M,A1,REPEAT-030
21492,14346,Srinivas Kumar,29,M,A2,
21493,14346,Anil Naik,20,M,A3,
21494,14347,Shobha Naik,54,F,A1,
21495,14348,Shobha Naidu,52,F,A1,
21496,14349,Naveen Shetty,29,M,A1,
21497,14350,Deepa Murthy,36,F,A1,
21498,14350,Suresh Bhat,34,M,A2,
21499,14351,Santosh Iyer,51,M,A1,
21500,14352,Mahesh Shetty,37,M,A1,REPEAT-022
21501,14352,Srinivas Iyer,55,M,A2,
21502,14352,Kumar Achar,37,M,A3,
21503,14353,Prakash Naik,43,M,A1,
21504,14354,Shivaraj Patil,40,M,A1,REPEAT-006
21505,14355,Prakash Patil,31,M,A1,
21506,14355,Ganesh Rao,53,M,A2,
21507,14356,Shivaraj Iyer,25,M,A1,
21508,14357,Anita Poojary,45,F,A1,
21509,14357,Ganesh Setty,21,M,A2,
21510,14358,Savitha Naidu,32,F,A1,
21511,14359,Geeta Bhat,34,F,A1,
21512,14359,Yogesh Kumar,45,M,A2,
21513,14360,Anil Iyer,18,M,A1,
21514,14361,Vijay Setty,27,M,A1,
21515,14362,Deepa Reddy,30,F,A1,
21516,14362,Mahesh Rao,38,M,A2,
21517,14362,Anil Shetty,19,M,A3,
21518,14363,Anita Kumar,32,F,A1,
21519,14364,Naveen Achar,28,M,A1,
21520,14365,Shwetha Kumar,39,F,A1,
21521,14366,Prakash Setty,22,M,A1,
21522,14366,Harish Setty,51,M,A2,
21523,14367,Anil Bhat,41,M,A1,REPEAT-054
21524,14368,Mahesh Murthy,23,M,A1,REPEAT-033
21525,14369,Anil Bhat,42,M,A1,REPEAT-054
21526,14369,Nagaraj Kumar,41,M,A2,
21527,14369,Basavaraj Reddy,20,M,A3,
21528,14370,Raghu Poojary,42,M,A1,
21529,14370,Nagaraj Naik,41,M,A2,
21530,14371,Rekha Naik,41,F,A1,
21531,14371,Bhagya Bhat,18,F,A2,
21532,14372,Mahesh Rao,29,M,A1,
21533,14372,Girish Poojary,26,M,A2,
21534,14373,Manjunath Bhat,32,M,A1,REPEAT-030
21535,14374,Rekha Kumar,24,F,A1,
21536,14375,Suresh Hegde,36,M,A1,
21537,14376,Sunita Shetty,37,F,A1,
21538,14377,Ravi Gowda,33,M,A1,
21539,14377,Srinivas Iyer,32,M,A2,
21540,14378,Sunita Bhat,26,F,A1,
21541,14379,Kavya Bhat,53,F,A1,
21542,14379,Nagaraj Kumar,23,M,A2,
21543,14379,Kumar Reddy,29,M,A3,
21544,14380,Naveen Rao,50,M,A1,
21545,14381,Naveen Patil,43,M,A1,
21546,14381,Vidya Patil,33,F,A2,
21547,14381,Nagaraj Iyer,32,M,A3,
21548,14382,Manjunath Kumar,42,M,A1,
21549,14383,Manjunath Naik,44,M,A1,
21550,14384,Yogesh Kumar,44,M,A1,REPEAT-050
21551,14384,Roopa Naidu,26,F,A2,
21552,14385,Mahesh Iyer,42,M,A1,
21553,14385,Basavaraj Reddy,21,M,A2,
21554,14385,Kavya Iyer,42,F,A3,
21555,14386,Manjunath Achar,52,M,A1,
21556,14386,Srinivas Kumar,27,M,A2,
21557,14387,Nagaraj Naidu,36,M,A1,REPEAT-035
21558,14388,Ganesh Shetty,41,M,A1,REPEAT-029
21559,14389,Ganesh Shetty,30,M,A1,
21560,14390,Bhagya Achar,23,F,A1,
21561,14391,Bhagya Gowda,29,F,A1,
21562,14392,Kumar Kumar,45,M,A1,
21563,14392,Prakash Achar,51,M,A2,
21564,14392,Naveen Poojary,51,M,A3,
21565,14393,Roopa Achar,31,F,A1,
21566,14393,Priya Patil,19,F,A2,
21567,14394,Harish Rao,29,M,A1,
21568,14395,Roopa Gowda,46,F,A1,
21569,14396,Prakash Naik,27,M,A1,
21570,14397,Pooja Setty,22,F,A1,
21571,14398,Ramesh Setty,38,M,A1,
21572,14398,Manjula Gowda,50,F,A2,
21573,14399,Lakshmi Murthy,44,F,A1,REPEAT-044
21574,14400,Radha Bhat,48,F,A1,
21575,14400,Mahesh Shetty,32,M,A2,
21576,14401,Yogesh Naidu,25,M,A1,REPEAT-001
21577,14401,Priya Reddy,21,F,A2,
21578,14402,Sowmya Patil,52,F,A1,
21579,14402,Vijay Setty,47,M,A2,
21580,14403,Nandini Rao,29,F,A1,
21581,14404,Geeta Patil,38,F,A1,
21582,14404,Basavaraj Naidu,22,M,A2,
21583,14404,Prakash Rao,29,M,A3,
21584,14405,Raghu Murthy,42,M,A1,
21585,14406,Lakshmi Murthy,44,F,A1,REPEAT-044
21586,14407,Raghu Gowda,31,M,A1,
21587,14407,Shivaraj Poojary,26,M,A2,
21588,14408,Ravi Poojary,42,M,A1,
21589,14409,Sowmya Murthy,42,F,A1,
21590,14409,Vidya Naik,35,F,A2,
21591,14409,Shobha Bhat,45,F,A3,
21592,14410,Harish Achar,45,M,A1,REPEAT-057
21593,14411,Sowmya Hegde,50,F,A1,
21594,14412,Manjula Gowda,48,F,A1,
21595,14412,Raghu Kumar,26,M,A2,
21596,14413,Savitha Bhat,50,F,A1,
21597,14414,Ramesh Kumar,43,M,A1,
21598,14415,Lakshmi Murthy,44,F,A1,REPEAT-044
21599,14416,Manjunath Iyer,24,M,A1,
21600,14417,Vijay Naik,26,M,A1,
21601,14418,Ganesh Reddy,48,M,A1,
21602,14419,Kavya Rao,19,F,A1,
21603,14420,Bhagya Shetty,40,F,A1,
21604,14421,Anil Setty,31,M,A1,
21605,14421,Bhagya Bhat,23,F,A2,
21606,14422,Anil Reddy,28,M,A1,
21607,14423,Vijay Naidu,44,M,A1,
21608,14424,Lakshmi Reddy,44,F,A1,
21609,14424,Yogesh Shetty,22,M,A2,
21610,14424,Sunita Naidu,51,F,A3,
21611,14425,Shivaraj Reddy,21,M,A1,
21612,14426,Manjunath Kumar,32,M,A1,
21613,14427,Srinivas Reddy,27,M,A1,
21614,14427,Girish Gowda,38,M,A2,
21615,14428,Nagaraj Iyer,52,M,A1,
21616,14429,Naveen Hegde,37,M,A1,
21617,14429,Ravi Naik,42,M,A2,
21618,14430,Priya Kumar,35,F,A1,
21619,14431,Harish Rao,36,M,A1,
21620,14432,Naveen Achar,35,M,A1,
21621,14433,Ramesh Kumar,53,M,A1,
21622,14434,Santosh Reddy,39,M,A1,
21623,14435,Mahesh Naidu,22,M,A1,
21624,14435,Manjunath Gowda,42,M,A2,
21625,14436,Mahesh Shetty,38,M,A1,REPEAT-022
21626,14437,Vidya Shetty,48,F,A1,
21627,14438,Girish Gowda,44,M,A1,
21628,14438,Raghu Reddy,47,M,A2,
21629,14439,Geeta Gowda,34,F,A1,
21630,14440,Suresh Murthy,28,M,A1,
21631,14440,Srinivas Shetty,30,M,A2,
21632,14441,Geeta Setty,55,F,A1,
21633,14442,Yogesh Gowda,21,M,A1,
21634,14443,Anita Hegde,37,F,A1,
21635,14444,Mahesh Shetty,37,M,A1,REPEAT-022
21636,14445,Vijay Reddy,52,M,A1,
21637,14446,Sunita Iyer,23,F,A1,
21638,14447,Geeta Rao,28,F,A1,
21639,14447,Mahesh Gowda,30,M,A2,
21640,14448,Radha Naidu,30,F,A1,
21641,14449,Yogesh Rao,43,M,A1,
21642,14449,Harish Naik,32,M,A2,
21643,14450,Nagaraj Poojary,47,M,A1,
21644,14451,Suresh Achar,50,M,A1,
21645,14451,Shivaraj Rao,30,M,A2,
21646,14452,Suresh Iyer,20,M,A1,
21647,14453,Srinivas Murthy,44,M,A1,
21648,14454,Srinivas Gowda,30,M,A1,
21649,14455,Anil Rao,34,M,A1,
21650,14456,Prakash Gowda,29,M,A1,
21651,14457,Suresh Kumar,33,M,A1,
21652,14458,Chaya Gowda,39,F,A1,
21653,14459,Kumar Murthy,45,M,A1,REPEAT-048
21654,14460,Prakash Shetty,34,M,A1,
21655,14461,Vidya Naidu,47,F,A1,
21656,14461,Manjunath Setty,26,M,A2,
21657,14462,Lakshmi Murthy,44,F,A1,REPEAT-044
21658,14462,Suresh Bhat,54,M,A2,
21659,14462,Vijay Hegde,41,M,A3,
21660,14463,Manjula Naik,31,F,A1,
21661,14464,Pooja Kumar,46,F,A1,
21662,14465,Mahesh Murthy,23,M,A1,REPEAT-033
21663,14466,Santosh Rao,40,M,A1,REPEAT-027
21664,14467,Shivaraj Naik,28,M,A1,
21665,14467,Anita Poojary,18,F,A2,
21666,14467,Ganesh Shetty,27,M,A3,
21667,14468,Basavaraj Murthy,19,M,A1,
21668,14468,Bhagya Rao,27,F,A2,
21669,14469,Srinivas Gowda,34,M,A1,
21670,14470,Basavaraj Iyer,47,M,A1,
21671,14470,Sunita Hegde,50,F,A2,
21672,14471,Bhagya Kumar,50,F,A1,
21673,14472,Raghu Rao,42,M,A1,
21674,14473,Girish Bhat,52,M,A1,
21675,14473,Shwetha Hegde,18,F,A2,
21676,14474,Shivaraj Hegde,37,M,A1,
21677,14475,Srinivas Bhat,22,M,A1,
21678,14476,Manjunath Reddy,53,M,A1,
21679,14477,Anita Shetty,28,F,A1,REPEAT-019
21680,14478,Shivaraj Naik,42,M,A1,
21681,14479,Vijay Achar,18,M,A1,
21682,14480,Manjula Iyer,30,F,A1,
21683,14480,Srinivas Poojary,23,M,A2,
21684,14481,Ravi Achar,22,M,A1,
21685,14482,Chaya Shetty,54,F,A1,
21686,14483,Ravi Poojary,34,M,A1,
21687,14484,Sunita Setty,32,F,A1,
21688,14485,Vidya Hegde,51,F,A1,
21689,14486,Harish Setty,48,M,A1,
21690,14486,Girish Patil,21,M,A2,
21691,14486,Vidya Naidu,29,F,A3,
21692,14487,Deepa Reddy,52,F,A1,
21693,14487,Rekha Gowda,39,F,A2,
21694,14488,Kumar Bhat,23,M,A1,
21695,14489,Ganesh Bhat,48,M,A1,
21696,14490,Naveen Murthy,44,M,A1,REPEAT-002
21697,14490,Girish Bhat,44,M,A2,
21698,14491,Mahesh Shetty,37,M,A1,REPEAT-022
21699,14491,Kumar Murthy,23,M,A2,
21700,14492,Srinivas Shetty,42,M,A1,
21701,14492,Ramesh Poojary,19,M,A2,
21702,14492,Kumar Setty,28,M,A3,
21703,14493,Santosh Kumar,29,M,A1,
21704,14493,Srinivas Patil,41,M,A2,
21705,14494,Nandini Shetty,22,F,A1,REPEAT-011
21706,14495,Chaya Murthy,33,F,A1,
21707,14495,Nagaraj Gowda,22,M,A2,
21708,14496,Prakash Iyer,21,M,A1,
21709,14497,Anil Poojary,27,M,A1,
21710,14498,Yogesh Murthy,46,M,A1,
21711,14499,Bhagya Hegde,28,F,A1,
21712,14499,Manjula Murthy,29,F,A2,
21713,14500,Deepa Hegde,31,F,A1,
21714,14501,Anil Bhat,41,M,A1,REPEAT-054
21715,14502,Ganesh Kumar,37,M,A1,
21716,14503,Roopa Naidu,54,F,A1,
21717,14504,Shivaraj Kumar,30,M,A1,REPEAT-024
21718,14505,Bhagya Setty,45,F,A1,
21719,14505,Harish Achar,55,M,A2,
21720,14505,Harish Iyer,55,M,A3,
21721,14506,Ganesh Poojary,21,M,A1,
21722,14506,Naveen Kumar,40,M,A2,
21723,14507,Roopa Naik,42,F,A1,
21724,14508,Mahesh Reddy,48,M,A1,
21725,14509,Vidya Hegde,20,F,A1,
21726,14510,Anita Shetty,28,F,A1,REPEAT-019
21727,14511,Nagaraj Murthy,26,M,A1,
21728,14512,Santosh Iyer,39,M,A1,
21729,14513,Manjula Gowda,39,F,A1,
21730,14514,Nagaraj Naidu,31,M,A1,
21731,14515,Manjula Poojary,19,F,A1,
21732,14515,Rekha Achar,45,F,A2,
21733,14516,Nagaraj Naidu,26,M,A1,
21734,14517,Ganesh Naik,35,M,A1,REPEAT-009
21735,14518,Naveen Murthy,43,M,A1,REPEAT-002
21736,14519,Shivaraj Setty,50,M,A1,
21737,14519,Raghu Achar,33,M,A2,
21738,14520,Kavya Naidu,42,F,A1,
21739,14520,Yogesh Achar,35,M,A2,
21740,14521,Geeta Naidu,32,F,A1,
21741,14522,Vijay Reddy,33,M,A1,
21742,14523,Anil Bhat,41,M,A1,REPEAT-054
21743,14524,Kumar Patil,52,M,A1,
21744,14524,Harish Rao,52,M,A2,
21745,14525,Harish Naidu,37,M,A1,REPEAT-015
21746,14525,Deepa Hegde,37,F,A2,
21747,14526,Radha Reddy,44,F,A1,REPEAT-055
21748,14526,Radha Naik,31,F,A2,
21749,14527,Harish Setty,26,M,A1,
21750,14528,Rekha Bhat,42,F,A1,REPEAT-047
21751,14528,Sunita Bhat,34,F,A2,
21752,14528,Suresh Poojary,19,M,A3,
21753,14529,Girish Gowda,32,M,A1,
21754,14529,Manjunath Gowda,35,M,A2,
21755,14529,Shobha Naik,51,F,A3,
21756,14530,Geeta Murthy,38,F,A1,
21757,14531,Mahesh Shetty,38,M,A1,REPEAT-022
21758,14531,Deepa Naidu,32,F,A2,
21759,14532,Raghu Setty,36,M,A1,
21760,14532,Harish Naidu,40,M,A2,
21761,14533,Anil Reddy,46,M,A1,
21762,14533,Shobha Setty,45,F,A2,
21763,14533,Geeta Kumar,47,F,A3,
21764,14534,Girish Kumar,47,M,A1,
21765,14534,Rekha Naidu,46,F,A2,
21766,14535,Pooja Naik,31,F,A1,
21767,14536,Nandini Naik,27,F,A1,
21768,14536,Vidya Murthy,46,F,A2,
21769,14537,Nagaraj Iyer,45,M,A1,
21770,14537,Yogesh Murthy,40,M,A2,
21771,14538,Naveen Murthy,44,M,A1,REPEAT-002
21772,14539,Suresh Iyer,27,M,A1,
21773,14539,Pooja Patil,22,F,A2,
21774,14539,Manjunath Iyer,22,M,A3,
21775,14540,Nandini Reddy,33,F,A1,
21776,14540,Raghu Reddy,31,M,A2,
21777,14540,Srinivas Achar,40,M,A3,
21778,14541,Ganesh Achar,25,M,A1,
21779,14541,Srinivas Naik,51,M,A2,
21780,14542,Harish Patil,39,M,A1,REPEAT-053
21781,14543,Savitha Gowda,34,F,A1,
21782,14544,Anita Hegde,38,F,A1,
21783,14544,Lakshmi Kumar,51,F,A2,
21784,14544,Manjunath Shetty,37,M,A3,
21785,14545,Anita Shetty,28,F,A1,REPEAT-019
21786,14545,Kavya Patil,29,F,A2,
21787,14546,Sowmya Murthy,27,F,A1,
21788,14547,Roopa Naik,24,F,A1,
21789,14548,Vijay Hegde,44,M,A1,
21790,14548,Ravi Setty,40,M,A2,
21791,14548,Manjunath Bhat,40,M,A3,
21792,14549,Manjunath Rao,52,M,A1,
21793,14549,Chaya Gowda,29,F,A2,
21794,14549,Ramesh Setty,42,M,A3,
21795,14550,Nagaraj Naidu,36,M,A1,REPEAT-035
21796,14550,Anil Shetty,38,M,A2,
21797,14551,Raghu Setty,18,M,A1,
21798,14551,Ravi Hegde,48,M,A2,
21799,14552,Nandini Shetty,54,F,A1,
21800,14552,Mahesh Setty,20,M,A2,
21801,14553,Harish Hegde,23,M,A1,
21802,14554,Vijay Shetty,22,M,A1,REPEAT-007
21803,14555,Shivaraj Naik,47,M,A1,
21804,14555,Rekha Iyer,22,F,A2,
21805,14556,Deepa Setty,55,F,A1,
21806,14557,Ramesh Patil,37,M,A1,
21807,14557,Anil Poojary,26,M,A2,
21808,14558,Manjunath Naik,24,M,A1,
21809,14558,Suresh Naik,23,M,A2,
21810,14559,Manjunath Bhat,22,M,A1,
21811,14559,Manjula Bhat,23,F,A2,
21812,14560,Nagaraj Reddy,49,M,A1,
21813,14561,Shivaraj Iyer,45,M,A1,
21814,14562,Ravi Shetty,20,M,A1,
21815,14562,Vidya Bhat,49,F,A2,
21816,14563,Savitha Iyer,30,F,A1,
21817,14564,Ganesh Murthy,36,M,A1,
21818,14564,Srinivas Iyer,55,M,A2,
21819,14565,Kumar Reddy,55,M,A1,
21820,14566,Santosh Iyer,25,M,A1,
21821,14567,Girish Shetty,30,M,A1,
21822,14567,Naveen Shetty,26,M,A2,
21823,14568,Mahesh Shetty,37,M,A1,REPEAT-022
21824,14569,Ramesh Naik,20,M,A1,
21825,14569,Suresh Shetty,41,M,A2,
21826,14570,Vijay Rao,32,M,A1,
21827,14571,Naveen Achar,37,M,A1,
21828,14571,Anita Hegde,22,F,A2,
21829,14572,Vijay Achar,44,M,A1,
21830,14573,Anil Murthy,50,M,A1,
21831,14573,Srinivas Shetty,30,M,A2,
21832,14573,Yogesh Naik,38,M,A3,
21833,14574,Chaya Bhat,54,F,A1,
21834,14575,Manjula Gowda,35,F,A1,
21835,14576,Shivaraj Poojary,22,M,A1,
21836,14576,Yogesh Patil,36,M,A2,
21837,14577,Ravi Rao,33,M,A1,
21838,14578,Suresh Naik,38,M,A1,REPEAT-042
21839,14579,Manjunath Murthy,25,M,A1,REPEAT-025
21840,14579,Prakash Achar,53,M,A2,
21841,14580,Radha Naik,29,F,A1,
21842,14580,Yogesh Setty,19,M,A2,
21843,14581,Yogesh Naidu,24,M,A1,REPEAT-001
21844,14582,Anil Bhat,38,M,A1,
21845,14582,Ramesh Reddy,52,M,A2,
21846,14582,Rekha Bhat,40,F,A3,
21847,14583,Shobha Patil,51,F,A1,
21848,14584,Harish Naidu,37,M,A1,REPEAT-015
21849,14585,Shivaraj Kumar,29,M,A1,REPEAT-024
21850,14585,Manjunath Kumar,48,M,A2,
21851,14586,Kumar Patil,44,M,A1,
21852,14586,Harish Naik,51,M,A2,
21853,14587,Raghu Hegde,40,M,A1,REPEAT-045
21854,14587,Ganesh Kumar,40,M,A2,
21855,14587,Prakash Reddy,37,M,A3,
21856,14588,Lakshmi Iyer,50,F,A1,
21857,14589,Nandini Gowda,51,F,A1,
21858,14589,Ramesh Hegde,48,M,A2,
21859,14590,Lakshmi Reddy,33,F,A1,
21860,14591,Nandini Naik,39,F,A1,
21861,14591,Naveen Poojary,27,M,A2,
21862,14592,Harish Achar,45,M,A1,REPEAT-057
21863,14592,Raghu Patil,48,M,A2,
21864,14593,Priya Reddy,39,F,A1,
21865,14593,Basavaraj Kumar,43,M,A2,
21866,14594,Pooja Rao,24,F,A1,
21867,14595,Anita Shetty,28,F,A1,REPEAT-019
21868,14596,Ravi Reddy,38,M,A1,
21869,14596,Radha Rao,30,F,A2,
21870,14597,Manjunath Gowda,36,M,A1,
21871,14597,Naveen Rao,54,M,A2,
21872,14598,Kumar Murthy,49,M,A1,
21873,14599,Mahesh Shetty,39,M,A1,
21874,14600,Ganesh Naik,39,M,A1,
21875,14601,Kumar Reddy,28,M,A1,
21876,14602,Anita Patil,24,F,A1,REPEAT-014
21877,14602,Suresh Naik,35,M,A2,
21878,14603,Kumar Iyer,26,M,A1,
21879,14604,Yogesh Naidu,24,M,A1,REPEAT-001
21880,14605,Ganesh Shetty,52,M,A1,
21881,14605,Priya Rao,47,F,A2,
21882,14606,Nagaraj Murthy,28,M,A1,
21883,14606,Suresh Gowda,44,M,A2,
21884,14606,Prakash Naidu,20,M,A3,
21885,14607,Vidya Gowda,50,F,A1,
21886,14607,Vijay Bhat,39,M,A2,
21887,14608,Manjunath Gowda,21,M,A1,
21888,14608,Geeta Gowda,47,F,A2,
21889,14608,Harish Kumar,30,M,A3,
21890,14609,Manjula Bhat,42,F,A1,
21891,14609,Nagaraj Kumar,41,M,A2,
21892,14610,Ramesh Murthy,50,M,A1,
21893,14611,Kumar Kumar,53,M,A1,
21894,14612,Girish Achar,42,M,A1,
21895,14613,Ravi Shetty,24,M,A1,
21896,14613,Vijay Poojary,44,M,A2,
21897,14614,Harish Naidu,55,M,A1,
21898,14615,Manjunath Murthy,25,M,A1,REPEAT-025
21899,14615,Santosh Naik,50,M,A2,
21900,14615,Harish Setty,40,M,A3,
21901,14616,Suresh Murthy,25,M,A1,
21902,14617,Naveen Bhat,36,M,A1,
21903,14618,Shwetha Achar,49,F,A1,
21904,14619,Ganesh Kumar,31,M,A1,
21905,14620,Manjunath Murthy,25,M,A1,REPEAT-025
21906,14621,Mahesh Shetty,37,M,A1,REPEAT-022
21907,14622,Pooja Iyer,25,F,A1,
21908,14623,Lakshmi Murthy,44,F,A1,REPEAT-044
21909,14624,Vijay Patil,28,M,A1,
21910,14625,Santosh Rao,29,M,A1,
21911,14626,Manjula Rao,44,F,A1,
21912,14627,Srinivas Achar,49,M,A1,
21913,14628,Savitha Kumar,30,F,A1,
21914,14628,Priya Kumar,30,F,A2,
21915,14628,Vidya Rao,30,F,A3,
21916,14629,Manjunath Murthy,26,M,A1,REPEAT-025
21917,14630,Srinivas Poojary,45,M,A1,
21918,14631,Sowmya Shetty,46,F,A1,
21919,14631,Naveen Gowda,53,M,A2,
21920,14632,Nandini Kumar,43,F,A1,REPEAT-012
21921,14633,Mahesh Murthy,23,M,A1,REPEAT-033
21922,14634,Yogesh Gowda,43,M,A1,
21923,14634,Anil Reddy,47,M,A2,
21924,14635,Yogesh Poojary,44,M,A1,
21925,14635,Nandini Achar,39,F,A2,
21926,14636,Shivaraj Achar,38,M,A1,
21927,14637,Manjunath Achar,47,M,A1,
21928,14638,Mahesh Reddy,22,M,A1,
21929,14639,Ravi Poojary,53,M,A1,
21930,14639,Girish Hegde,49,M,A2,
21931,14640,Mahesh Shetty,37,M,A1,REPEAT-022
21932,14641,Radha Shetty,41,F,A1,
21933,14642,Girish Bhat,39,M,A1,
21934,14643,Sunita Reddy,22,F,A1,
21935,14643,Lakshmi Shetty,29,F,A2,
21936,14644,Nagaraj Achar,22,M,A1,
21937,14645,Geeta Naik,29,F,A1,
21938,14646,Shivaraj Shetty,55,M,A1,
21939,14646,Geeta Naik,33,F,A2,
21940,14647,Yogesh Gowda,50,M,A1,
21941,14648,Mahesh Murthy,24,M,A1,REPEAT-033
21942,14648,Kumar Bhat,19,M,A2,
21943,14648,Santosh Rao,31,M,A3,
21944,14649,Shivaraj Poojary,45,M,A1,
21945,14650,Anita Shetty,50,F,A1,
21946,14650,Radha Iyer,29,F,A2,
21947,14651,Ganesh Achar,35,M,A1,
21948,14651,Manjunath Reddy,43,M,A2,
21949,14652,Pooja Setty,33,F,A1,
21950,14653,Vijay Kumar,44,M,A1,
21951,14654,Santosh Bhat,31,M,A1,
21952,14655,Prakash Kumar,52,M,A1,
21953,14655,Priya Achar,33,F,A2,
21954,14656,Srinivas Iyer,43,M,A1,
21955,14657,Raghu Rao,48,M,A1,
21956,14658,Ganesh Setty,23,M,A1,
21957,14659,Priya Naik,54,F,A1,
21958,14660,Vidya Poojary,28,F,A1,
21959,14661,Harish Bhat,49,M,A1,
21960,14662,Ganesh Hegde,55,M,A1,
21961,14663,Sunita Achar,22,F,A1,
21962,14664,Mahesh Shetty,37,M,A1,REPEAT-022
21963,14664,Vijay Gowda,34,M,A2,
21964,14665,Mahesh Murthy,23,M,A1,REPEAT-033
21965,14665,Suresh Poojary,26,M,A2,
21966,14666,Manjunath Patil,39,M,A1,
21967,14667,Srinivas Kumar,54,M,A1,
21968,14667,Ramesh Setty,18,M,A2,
21969,14667,Kumar Naik,37,M,A3,
21970,14668,Rekha Naidu,47,F,A1,
21971,14668,Ramesh Achar,43,M,A2,
21972,14669,Nandini Naidu,38,F,A1,
21973,14670,Girish Shetty,48,M,A1,
21974,14671,Prakash Rao,47,M,A1,
21975,14672,Lakshmi Kumar,21,F,A1,
21976,14673,Ganesh Naik,35,M,A1,REPEAT-009
21977,14673,Rekha Naik,43,F,A2,
21978,14674,Shobha Reddy,46,F,A1,
21979,14675,Srinivas Murthy,18,M,A1,
21980,14676,Naveen Naik,38,M,A1,REPEAT-021
21981,14676,Pooja Naik,46,F,A2,
21982,14676,Prakash Naik,54,M,A3,
21983,14677,Santosh Rao,40,M,A1,REPEAT-027
21984,14678,Vidya Gowda,24,F,A1,
21985,14678,Nandini Patil,19,F,A2,
21986,14678,Sowmya Naik,51,F,A3,
21987,14679,Kumar Patil,22,M,A1,
21988,14680,Roopa Naik,27,F,A1,
21989,14680,Prakash Poojary,49,M,A2,
21990,14680,Suresh Shetty,26,M,A3,
21991,14681,Sowmya Reddy,52,F,A1,
21992,14682,Shivaraj Murthy,51,M,A1,
21993,14682,Yogesh Setty,33,M,A2,
21994,14683,Yogesh Kumar,45,M,A1,REPEAT-050
21995,14684,Mahesh Shetty,38,M,A1,REPEAT-022
21996,14685,Ganesh Gowda,20,M,A1,REPEAT-020
21997,14685,Priya Murthy,39,F,A2,
21998,14686,Geeta Setty,52,F,A1,
21999,14686,Ganesh Patil,51,M,A2,
22000,14687,Yogesh Hegde,51,M,A1,
22001,14688,Manjunath Rao,54,M,A1,
22002,14689,Radha Setty,37,F,A1,
22003,14690,Nagaraj Achar,18,M,A1,
22004,14691,Anil Poojary,44,M,A1,
22005,14692,Mahesh Iyer,22,M,A1,
22006,14693,Priya Murthy,23,F,A1,REPEAT-010
22007,14694,Raghu Achar,55,M,A1,
22008,14695,Manjunath Murthy,25,M,A1,REPEAT-025
22009,14696,Suresh Hegde,21,M,A1,
22010,14696,Shivaraj Reddy,20,M,A2,
22011,14697,Naveen Murthy,43,M,A1,REPEAT-002
22012,14697,Shivaraj Rao,42,M,A2,
22013,14698,Mahesh Achar,50,M,A1,
22014,14699,Shivaraj Kumar,29,M,A1,REPEAT-024
22015,14700,Nagaraj Gowda,25,M,A1,
22016,14700,Yogesh Reddy,48,M,A2,
22017,14701,Kumar Shetty,45,M,A1,
22018,14702,Roopa Naik,36,F,A1,
22019,14702,Geeta Achar,45,F,A2,
22020,14703,Naveen Setty,32,M,A1,REPEAT-036
22021,14704,Ganesh Setty,27,M,A1,
22022,14705,Radha Reddy,45,F,A1,REPEAT-055
22023,14705,Suresh Kumar,27,M,A2,
22024,14706,Basavaraj Shetty,40,M,A1,REPEAT-023
22025,14706,Manjunath Naidu,25,M,A2,
22026,14706,Shivaraj Achar,30,M,A3,
22027,14707,Nagaraj Poojary,41,M,A1,
22028,14707,Mahesh Poojary,46,M,A2,
22029,14708,Lakshmi Murthy,44,F,A1,REPEAT-044
22030,14708,Deepa Iyer,34,F,A2,
22031,14709,Nagaraj Poojary,46,M,A1,
22032,14710,Vijay Achar,27,M,A1,
22033,14710,Vijay Bhat,33,M,A2,
22034,14710,Anil Murthy,42,M,A3,
22035,14711,Manjunath Bhat,33,M,A1,REPEAT-030
22036,14712,Nagaraj Setty,45,M,A1,REPEAT-003
22037,14713,Vijay Setty,28,M,A1,
22038,14713,Sunita Shetty,53,F,A2,
22039,14714,Kumar Rao,45,M,A1,REPEAT-018
22040,14715,Harish Reddy,44,M,A1,REPEAT-056
22041,14715,Vijay Achar,45,M,A2,
22042,14715,Sowmya Rao,53,F,A3,
22043,14716,Basavaraj Kumar,46,M,A1,
22044,14717,Basavaraj Reddy,23,M,A1,
22045,14718,Vidya Bhat,41,F,A1,
22046,14719,Rekha Bhat,20,F,A1,
22047,14719,Naveen Patil,42,M,A2,
22048,14720,Lakshmi Murthy,44,F,A1,REPEAT-044
22049,14721,Naveen Rao,20,M,A1,
22050,14722,Priya Bhat,47,F,A1,
22051,14722,Harish Murthy,24,M,A2,
22052,14723,Naveen Bhat,30,M,A1,
22053,14724,Pooja Hegde,49,F,A1,
22054,14725,Mahesh Achar,21,M,A1,
22055,14726,Harish Patil,39,M,A1,REPEAT-053
22056,14727,Naveen Murthy,43,M,A1,REPEAT-002
22057,14727,Sunita Kumar,33,F,A2,
22058,14728,Harish Kumar,29,M,A1,
22059,14728,Manjunath Iyer,48,M,A2,
22060,14729,Sowmya Iyer,25,F,A1,
22061,14730,Shobha Poojary,40,F,A1,
22062,14731,Raghu Naidu,55,M,A1,
22063,14731,Shwetha Murthy,42,F,A2,
22064,14732,Radha Shetty,20,F,A1,
22065,14733,Priya Murthy,24,F,A1,REPEAT-010
22066,14733,Deepa Rao,46,F,A2,
22067,14734,Radha Shetty,38,F,A1,
22068,14735,Ganesh Patil,43,M,A1,
22069,14735,Prakash Naidu,46,M,A2,
22070,14736,Kumar Rao,44,M,A1,REPEAT-018
22071,14736,Ramesh Hegde,41,M,A2,
22072,14737,Manjula Rao,22,F,A1,
22073,14737,Ravi Shetty,31,M,A2,
22074,14737,Santosh Kumar,23,M,A3,
22075,14738,Anil Iyer,50,M,A1,
22076,14739,Basavaraj Patil,42,M,A1,
22077,14740,Nagaraj Reddy,37,M,A1,
22078,14741,Ravi Rao,20,M,A1,
22079,14742,Mahesh Shetty,37,M,A1,REPEAT-022
22080,14743,Yogesh Naidu,50,M,A1,
22081,14743,Prakash Rao,35,M,A2,
22082,14744,Savitha Naik,52,F,A1,
22083,14745,Radha Iyer,26,F,A1,
22084,14746,Lakshmi Hegde,45,F,A1,
22085,14747,Deepa Setty,38,F,A1,
22086,14748,Vidya Naik,24,F,A1,
22087,14749,Naveen Rao,50,M,A1,
22088,14750,Pooja Murthy,21,F,A1,
22089,14751,Radha Rao,34,F,A1,REPEAT-059
22090,14751,Mahesh Hegde,52,M,A2,
22091,14751,Sowmya Hegde,21,F,A3,
22092,14752,Kumar Gowda,39,M,A1,
22093,14753,Sunita Poojary,18,F,A1,
22094,14754,Yogesh Kumar,35,M,A1,
22095,14754,Shivaraj Bhat,50,M,A2,
22096,14755,Geeta Murthy,30,F,A1,
22097,14755,Priya Achar,46,F,A2,
22098,14756,Savitha Hegde,20,F,A1,
22099,14757,Geeta Iyer,39,F,A1,
22100,14758,Santosh Shetty,33,M,A1,
22101,14758,Yogesh Bhat,48,M,A2,
22102,14759,Manjunath Murthy,25,M,A1,REPEAT-025
22103,14760,Savitha Achar,42,F,A1,
22104,14761,Manjunath Gowda,30,M,A1,
22105,14761,Vijay Naik,32,M,A2,
22106,14761,Harish Setty,47,M,A3,
22107,14762,Anil Naidu,53,M,A1,
22108,14763,Pooja Achar,35,F,A1,
22109,14764,Vijay Shetty,21,M,A1,REPEAT-007
22110,14764,Suresh Reddy,47,M,A2,
22111,14765,Naveen Murthy,43,M,A1,REPEAT-002
22112,14765,Ganesh Naik,23,M,A2,
22113,14766,Savitha Murthy,18,F,A1,
22114,14766,Harish Kumar,22,M,A2,
22115,14767,Manjunath Rao,46,M,A1,
22116,14767,Girish Iyer,30,M,A2,
22117,14767,Vijay Reddy,54,M,A3,
22118,14768,Kumar Rao,44,M,A1,REPEAT-018
22119,14768,Kumar Rao,25,M,A2,
22120,14769,Mahesh Murthy,23,M,A1,REPEAT-033
22121,14769,Suresh Gowda,26,M,A2,
22122,14770,Srinivas Achar,47,M,A1,
22123,14771,Ravi Kumar,50,M,A1,
22124,14771,Roopa Kumar,19,F,A2,
22125,14772,Mahesh Shetty,37,M,A1,REPEAT-022
22126,14772,Vidya Naidu,30,F,A2,
22127,14773,Ravi Poojary,54,M,A1,
22128,14773,Prakash Shetty,36,M,A2,
22129,14774,Mahesh Gowda,54,M,A1,
22130,14775,Anil Shetty,53,M,A1,
22131,14775,Kumar Murthy,25,M,A2,
22132,14776,Sowmya Gowda,36,F,A1,
22133,14776,Manjunath Iyer,20,M,A2,
22134,14777,Yogesh Naidu,25,M,A1,REPEAT-001
22135,14777,Manjunath Bhat,37,M,A2,
22136,14778,Shwetha Naidu,47,F,A1,
22137,14778,Santosh Iyer,50,M,A2,
22138,14779,Nagaraj Setty,46,M,A1,REPEAT-003
22139,14780,Yogesh Bhat,41,M,A1,
22140,14781,Shivaraj Rao,41,M,A1,
22141,14782,Radha Gowda,48,F,A1,
22142,14782,Ramesh Murthy,48,M,A2,
22143,14783,Priya Murthy,44,F,A1,
22144,14783,Manjunath Gowda,27,M,A2,
22145,14783,Santosh Gowda,34,M,A3,
22146,14784,Yogesh Naidu,24,M,A1,REPEAT-001
22147,14785,Prakash Bhat,49,M,A1,
22148,14786,Nagaraj Naidu,37,M,A1,REPEAT-035
22149,14787,Vijay Shetty,21,M,A1,REPEAT-007
22150,14788,Geeta Setty,55,F,A1,
22151,14788,Basavaraj Naidu,54,M,A2,
22152,14788,Kavya Poojary,26,F,A3,
22153,14789,Nandini Shetty,27,F,A1,
22154,14790,Yogesh Hegde,55,M,A1,
22155,14791,Kumar Naik,51,M,A1,
22156,14792,Yogesh Kumar,45,M,A1,REPEAT-050
22157,14793,Yogesh Kumar,25,M,A1,
22158,14794,Shobha Poojary,32,F,A1,
22159,14795,Basavaraj Shetty,48,M,A1,
22160,14796,Girish Patil,43,M,A1,
22161,14797,Naveen Murthy,53,M,A1,
22162,14798,Deepa Reddy,53,F,A1,
22163,14798,Santosh Gowda,33,M,A2,
22164,14799,Girish Setty,22,M,A1,
22165,14800,Suresh Setty,38,M,A1,
22166,14801,Ganesh Bhat,54,M,A1,
22167,14802,Sowmya Achar,20,F,A1,
22168,14803,Harish Kumar,33,M,A1,
22169,14804,Nagaraj Hegde,25,M,A1,
22170,14805,Vijay Shetty,21,M,A1,REPEAT-007
22171,14806,Kumar Iyer,28,M,A1,
22172,14807,Santosh Achar,49,M,A1,
22173,14808,Sunita Murthy,25,F,A1,
22174,14809,Naveen Murthy,43,M,A1,REPEAT-002
22175,14810,Suresh Naik,38,M,A1,REPEAT-042
22176,14810,Shivaraj Naik,39,M,A2,
22177,14811,Yogesh Naidu,25,M,A1,REPEAT-001
22178,14811,Naveen Shetty,50,M,A2,
22179,14812,Mahesh Rao,26,M,A1,
22180,14812,Anita Naik,52,F,A2,
22181,14813,Manjunath Reddy,25,M,A1,
22182,14813,Vijay Poojary,38,M,A2,
22183,14814,Mahesh Reddy,50,M,A1,
22184,14815,Deepa Setty,26,F,A1,
22185,14816,Shwetha Achar,28,F,A1,
22186,14817,Srinivas Gowda,51,M,A1,
22187,14818,Roopa Naidu,21,F,A1,
22188,14818,Girish Poojary,19,M,A2,
22189,14819,Anil Setty,55,M,A1,
22190,14819,Santosh Rao,37,M,A2,
22191,14819,Anil Naik,27,M,A3,
22192,14820,Radha Gowda,26,F,A1,
22193,14821,Shivaraj Kumar,30,M,A1,REPEAT-024
22194,14822,Radha Reddy,44,F,A1,REPEAT-055
22195,14823,Suresh Achar,55,M,A1,
22196,14824,Santosh Setty,51,M,A1,
22197,14825,Srinivas Naidu,37,M,A1,REPEAT-049
22198,14826,Ramesh Kumar,36,M,A1,
22199,14827,Srinivas Hegde,54,M,A1,
22200,14827,Radha Poojary,40,F,A2,
22201,14828,Vijay Hegde,41,M,A1,
22202,14828,Pooja Poojary,48,F,A2,
22203,14829,Nagaraj Murthy,30,M,A1,
22204,14830,Anil Achar,34,M,A1,
22205,14831,Yogesh Iyer,35,M,A1,
22206,14832,Pooja Bhat,21,F,A1,
22207,14833,Nandini Reddy,48,F,A1,
22208,14834,Nandini Achar,34,F,A1,
22209,14835,Yogesh Murthy,38,M,A1,
22210,14835,Roopa Bhat,30,F,A2,
22211,14836,Roopa Rao,34,F,A1,
22212,14836,Suresh Naik,31,M,A2,
22213,14836,Raghu Shetty,53,M,A3,
22214,14837,Priya Murthy,23,F,A1,REPEAT-010
22215,14838,Pooja Setty,46,F,A1,
22216,14838,Ravi Murthy,23,M,A2,
22217,14839,Naveen Reddy,37,M,A1,
22218,14840,Rekha Murthy,55,F,A1,
22219,14841,Harish Murthy,23,M,A1,
22220,14841,Girish Patil,29,M,A2,
22221,14842,Roopa Naidu,25,F,A1,
22222,14843,Vijay Kumar,41,M,A1,
22223,14844,Harish Poojary,26,M,A1,
22224,14845,Suresh Naik,52,M,A1,
22225,14845,Raghu Bhat,40,M,A2,
22226,14846,Yogesh Iyer,24,M,A1,
22227,14846,Mahesh Gowda,18,M,A2,
22228,14847,Manjula Gowda,44,F,A1,
22229,14848,Vijay Naidu,41,M,A1,
22230,14849,Ganesh Gowda,21,M,A1,REPEAT-020
22231,14849,Prakash Bhat,40,M,A2,
22232,14850,Suresh Poojary,19,M,A1,
22233,14850,Pooja Reddy,26,F,A2,
22234,14850,Kumar Naik,47,M,A3,
22235,14851,Nagaraj Reddy,45,M,A1,
22236,14851,Naveen Bhat,50,M,A2,
22237,14852,Raghu Iyer,34,M,A1,
22238,14853,Ravi Setty,18,M,A1,
22239,14854,Vijay Patil,54,M,A1,
22240,14855,Raghu Murthy,29,M,A1,
22241,14855,Ganesh Rao,18,M,A2,
22242,14855,Shivaraj Murthy,40,M,A3,
22243,14856,Geeta Kumar,29,F,A1,
22244,14857,Radha Gowda,25,F,A1,
22245,14858,Manjunath Poojary,35,M,A1,REPEAT-004
22246,14858,Vidya Achar,38,F,A2,
22247,14858,Savitha Poojary,32,F,A3,
22248,14859,Yogesh Gowda,19,M,A1,
22249,14859,Vijay Kumar,49,M,A2,
22250,14860,Naveen Setty,22,M,A1,
22251,14861,Srinivas Reddy,23,M,A1,
22252,14862,Harish Murthy,18,M,A1,
22253,14863,Girish Poojary,41,M,A1,
22254,14864,Raghu Achar,20,M,A1,
22255,14864,Harish Patil,31,M,A2,
22256,14864,Deepa Patil,33,F,A3,
22257,14865,Harish Naidu,22,M,A1,
22258,14865,Kumar Shetty,45,M,A2,
22259,14866,Nagaraj Naik,35,M,A1,
22260,14867,Shwetha Poojary,43,F,A1,
22261,14867,Nagaraj Iyer,37,M,A2,
22262,14868,Shivaraj Iyer,48,M,A1,
22263,14868,Girish Setty,34,M,A2,
22264,14869,Nagaraj Naidu,36,M,A1,REPEAT-035
22265,14870,Deepa Gowda,20,F,A1,
22266,14870,Nandini Murthy,49,F,A2,
22267,14871,Mahesh Murthy,24,M,A1,REPEAT-033
22268,14872,Mahesh Hegde,54,M,A1,
22269,14873,Anil Hegde,18,M,A1,
22270,14873,Priya Poojary,55,F,A2,
22271,14874,Nagaraj Naidu,37,M,A1,REPEAT-035
22272,14875,Basavaraj Rao,18,M,A1,
22273,14876,Nandini Naidu,54,F,A1,
22274,14876,Shivaraj Rao,22,M,A2,
22275,14876,Manjula Iyer,48,F,A3,
22276,14877,Manjunath Setty,32,M,A1,
22277,14877,Vijay Rao,55,M,A2,
22278,14878,Yogesh Kumar,44,M,A1,REPEAT-050
22279,14878,Ramesh Kumar,29,M,A2,
22280,14879,Srinivas Setty,24,M,A1,
22281,14879,Chaya Rao,30,F,A2,
22282,14880,Priya Setty,39,F,A1,
22283,14881,Raghu Reddy,53,M,A1,
22284,14882,Raghu Bhat,26,M,A1,
22285,14883,Radha Bhat,24,F,A1,
22286,14884,Naveen Iyer,32,M,A1,
22287,14884,Kumar Gowda,51,M,A2,
22288,14885,Shwetha Kumar,31,F,A1,
22289,14886,Mahesh Iyer,44,M,A1,
22290,14887,Nandini Poojary,35,F,A1,
22291,14887,Chaya Bhat,23,F,A2,
22292,14887,Mahesh Kumar,41,M,A3,
22293,14888,Santosh Poojary,19,M,A1,
22294,14889,Lakshmi Murthy,44,F,A1,REPEAT-044
22295,14889,Vidya Reddy,32,F,A2,
22296,14889,Naveen Iyer,54,M,A3,
22297,14890,Nandini Iyer,38,F,A1,
22298,14891,Ramesh Reddy,45,M,A1,
22299,14892,Basavaraj Setty,50,M,A1,
22300,14893,Mahesh Naidu,54,M,A1,
22301,14893,Manjunath Gowda,42,M,A2,
22302,14893,Prakash Bhat,33,M,A3,
22303,14894,Shivaraj Gowda,25,M,A1,
22304,14895,Basavaraj Naik,53,M,A1,
22305,14896,Ganesh Bhat,23,M,A1,
22306,14896,Prakash Bhat,39,M,A2,
22307,14897,Kumar Patil,42,M,A1,
22308,14898,Shwetha Naik,25,F,A1,
22309,14899,Ramesh Kumar,18,M,A1,
22310,14900,Naveen Hegde,39,M,A1,
22311,14901,Anita Reddy,55,F,A1,
22312,14902,Nandini Shetty,22,F,A1,REPEAT-011
22313,14902,Sowmya Bhat,51,F,A2,
22314,14903,Vijay Shetty,21,M,A1,REPEAT-007
22315,14904,Mahesh Shetty,38,M,A1,REPEAT-022
22316,14904,Chaya Murthy,45,F,A2,
22317,14904,Basavaraj Rao,23,M,A3,
22318,14905,Manjula Gowda,39,F,A1,
22319,14905,Basavaraj Gowda,24,M,A2,
22320,14906,Santosh Rao,48,M,A1,
22321,14907,Girish Naidu,29,M,A1,
22322,14907,Anita Achar,38,F,A2,
22323,14907,Kumar Murthy,20,M,A3,
22324,14908,Anita Patil,52,F,A1,
22325,14909,Ravi Kumar,39,M,A1,
22326,14910,Prakash Patil,21,M,A1,
22327,14910,Srinivas Kumar,46,M,A2,
22328,14911,Lakshmi Murthy,44,F,A1,REPEAT-044
22329,14912,Suresh Naik,39,M,A1,REPEAT-042
22330,14913,Ramesh Setty,26,M,A1,
22331,14914,Nandini Reddy,23,F,A1,
22332,14914,Pooja Naidu,24,F,A2,
22333,14915,Raghu Achar,46,M,A1,
22334,14916,Suresh Reddy,38,M,A1,
22335,14917,Ganesh Gowda,21,M,A1,REPEAT-020
22336,14918,Srinivas Naik,46,M,A1,
22337,14919,Radha Iyer,34,F,A1,
22338,14920,Shivaraj Hegde,41,M,A1,
22339,14920,Girish Naik,20,M,A2,
22340,14921,Suresh Naik,47,M,A1,
22341,14922,Rekha Gowda,22,F,A1,
22342,14922,Yogesh Setty,32,M,A2,
22343,14922,Ravi Poojary,50,M,A3,
22344,14923,Anil Iyer,30,M,A1,
22345,14923,Vijay Bhat,47,M,A2,
22346,14924,Suresh Naidu,54,M,A1,
22347,14925,Harish Reddy,44,M,A1,REPEAT-056
22348,14925,Ravi Iyer,27,M,A2,
22349,14926,Anita Achar,22,F,A1,
22350,14927,Mahesh Shetty,38,M,A1,REPEAT-022
22351,14928,Shwetha Achar,51,F,A1,
22352,14928,Rekha Murthy,46,F,A2,
22353,14929,Yogesh Rao,36,M,A1,
22354,14930,Vijay Rao,50,M,A1,
22355,14930,Vidya Hegde,21,F,A2,
22356,14931,Yogesh Naidu,48,M,A1,
22357,14932,Nandini Murthy,50,F,A1,
22358,14933,Ramesh Shetty,36,M,A1,
22359,14933,Manjunath Achar,49,M,A2,
22360,14933,Mahesh Achar,52,M,A3,
22361,14934,Shwetha Poojary,39,F,A1,
22362,14935,Nandini Achar,48,F,A1,
22363,14936,Harish Patil,39,M,A1,REPEAT-053
22364,14936,Nagaraj Kumar,55,M,A2,
22365,14937,Prakash Bhat,33,M,A1,
22366,14937,Ganesh Rao,47,M,A2,
22367,14938,Radha Reddy,44,F,A1,REPEAT-055
22368,14939,Sunita Poojary,24,F,A1,
22369,14939,Harish Murthy,54,M,A2,
22370,14939,Ravi Patil,34,M,A3,
22371,14940,Priya Kumar,24,F,A1,
22372,14941,Srinivas Naidu,38,M,A1,REPEAT-049
22373,14942,Anil Poojary,54,M,A1,
22374,14942,Anil Shetty,42,M,A2,
22375,14943,Shwetha Setty,28,F,A1,
22376,14944,Mahesh Reddy,51,M,A1,
22377,14945,Radha Murthy,29,F,A1,
22378,14945,Mahesh Achar,54,M,A2,
22379,14946,Radha Reddy,45,F,A1,REPEAT-055
22380,14947,Radha Reddy,45,F,A1,REPEAT-055
22381,14947,Shwetha Shetty,45,F,A2,
22382,14948,Ramesh Iyer,18,M,A1,
22383,14949,Deepa Setty,50,F,A1,
22384,14950,Pooja Setty,19,F,A1,
22385,14951,Manjunath Murthy,50,M,A1,
22386,14952,Nandini Rao,24,F,A1,
22387,14953,Lakshmi Shetty,40,F,A1,
22388,14954,Kavya Rao,55,F,A1,
22389,14954,Manjunath Murthy,51,M,A2,
22390,14955,Santosh Reddy,42,M,A1,
22391,14956,Nagaraj Setty,37,M,A1,
22392,14957,Nagaraj Setty,38,M,A1,
22393,14958,Raghu Gowda,20,M,A1,
22394,14959,Anil Gowda,36,M,A1,
22395,14959,Anita Naidu,47,F,A2,
22396,14960,Harish Naidu,36,M,A1,REPEAT-015
22397,14961,Ganesh Iyer,44,M,A1,
22398,14962,Mahesh Murthy,23,M,A1,REPEAT-033
22399,14963,Suresh Naik,39,M,A1,REPEAT-042
22400,14963,Chaya Naik,37,F,A2,
22401,14964,Girish Naidu,35,M,A1,
22402,14964,Lakshmi Murthy,41,F,A2,
22403,14964,Pooja Poojary,18,F,A3,
22404,14965,Manjunath Murthy,25,M,A1,REPEAT-025
22405,14966,Ravi Bhat,48,M,A1,
22406,14967,Lakshmi Murthy,45,F,A1,REPEAT-044
22407,14967,Priya Rao,18,F,A2,
22408,14968,Prakash Shetty,25,M,A1,
22409,14968,Mahesh Rao,36,M,A2,
22410,14969,Roopa Shetty,42,F,A1,
22411,14969,Ganesh Patil,45,M,A2,
22412,14969,Harish Bhat,24,M,A3,
22413,14970,Srinivas Naidu,37,M,A1,REPEAT-049
22414,14971,Harish Bhat,40,M,A1,
22415,14972,Sunita Reddy,47,F,A1,
22416,14973,Anil Bhat,34,M,A1,REPEAT-005
22417,14973,Bhagya Naidu,51,F,A2,
22418,14974,Pooja Iyer,43,F,A1,
22419,14975,Priya Hegde,26,F,A1,
22420,14976,Priya Hegde,47,F,A1,
22421,14977,Vijay Naik,48,M,A1,
22422,14977,Ganesh Rao,22,M,A2,
22423,14978,Vijay Hegde,47,M,A1,
22424,14979,Pooja Rao,37,F,A1,
22425,14979,Harish Murthy,30,M,A2,
22426,14980,Pooja Hegde,30,F,A1,
22427,14980,Basavaraj Kumar,19,M,A2,
22428,14980,Prakash Naidu,37,M,A3,
22429,14981,Nagaraj Murthy,42,M,A1,
22430,14982,Anita Shetty,28,F,A1,REPEAT-019
22431,14982,Anil Rao,38,M,A2,
22432,14983,Geeta Kumar,55,F,A1,
22433,14984,Kumar Rao,25,M,A1,
22434,14985,Basavaraj Patil,37,M,A1,
22435,14986,Shobha Poojary,20,F,A1,
22436,14986,Chaya Rao,54,F,A2,
22437,14987,Mahesh Shetty,37,M,A1,REPEAT-022
22438,14988,Santosh Iyer,20,M,A1,
22439,14988,Lakshmi Setty,30,F,A2,
22440,14989,Nagaraj Setty,46,M,A1,REPEAT-003
22441,14990,Girish Shetty,34,M,A1,
22442,14990,Sowmya Naik,39,F,A2,
22443,14991,Mahesh Setty,37,M,A1,
22444,14992,Raghu Murthy,48,M,A1,
22445,14993,Shobha Shetty,31,F,A1,REPEAT-017
22446,14993,Savitha Naidu,40,F,A2,
22447,14993,Yogesh Reddy,54,M,A3,
22448,14994,Chaya Bhat,53,F,A1,
22449,14995,Naveen Naik,27,M,A1,
22450,14996,Manjunath Reddy,50,M,A1,
22451,14996,Lakshmi Kumar,46,F,A2,
22452,14997,Harish Reddy,21,M,A1,
22453,14997,Deepa Hegde,21,F,A2,
22454,14998,Manjunath Rao,20,M,A1,
22455,14999,Vijay Kumar,42,M,A1,
22456,15000,Manjunath Naik,41,M,A1,
22457,15000,Pooja Shetty,22,F,A2,
22458,15001,Harish Setty,32,M,A1,
22459,15001,Yogesh Achar,23,M,A2,
22460,15002,Harish Patil,28,M,A1,
22461,15002,Kumar Naik,30,M,A2,
22462,15003,Naveen Shetty,45,M,A1,
22463,15004,Pooja Gowda,29,F,A1,
22464,15005,Radha Poojary,54,F,A1,
22465,15005,Ganesh Setty,24,M,A2,
22466,15005,Chaya Rao,25,F,A3,
22467,15006,Ganesh Hegde,36,M,A1,REPEAT-060
22468,15006,Srinivas Reddy,22,M,A2,
22469,15007,Savitha Bhat,20,F,A1,
22470,15008,Girish Naik,30,M,A1,
22471,15008,Yogesh Naik,45,M,A2,
22472,15009,Sunita Patil,48,F,A1,
22473,15009,Yogesh Murthy,47,M,A2,
22474,15010,Kavya Rao,43,F,A1,
22475,15010,Nagaraj Gowda,44,M,A2,
22476,15011,Srinivas Bhat,50,M,A1,
22477,15011,Mahesh Hegde,44,M,A2,
22478,15012,Deepa Hegde,38,F,A1,
22479,15013,Ramesh Naik,44,M,A1,
22480,15014,Mahesh Shetty,37,M,A1,REPEAT-022
22481,15015,Manjunath Setty,43,M,A1,REPEAT-016
22482,15016,Yogesh Murthy,34,M,A1,
22483,15017,Sowmya Bhat,53,F,A1,
22484,15018,Ravi Naik,41,M,A1,REPEAT-008
22485,15019,Nagaraj Setty,30,M,A1,
22486,15020,Nandini Shetty,30,F,A1,
22487,15020,Basavaraj Murthy,50,M,A2,
22488,15021,Sunita Achar,45,F,A1,
22489,15022,Bhagya Gowda,36,F,A1,
22490,15023,Manjunath Murthy,26,M,A1,REPEAT-025
22491,15023,Bhagya Poojary,43,F,A2,
22492,15024,Manjunath Achar,36,M,A1,
22493,15025,Harish Naidu,36,M,A1,REPEAT-015
22494,15026,Ravi Reddy,29,M,A1,
22495,15027,Prakash Poojary,19,M,A1,
22496,15027,Mahesh Reddy,34,M,A2,
22497,15028,Manjunath Iyer,28,M,A1,
22498,15028,Vijay Naidu,42,M,A2,
22499,15028,Srinivas Naidu,25,M,A3,
22500,15029,Yogesh Naidu,25,M,A1,REPEAT-001
22501,15030,Santosh Bhat,40,M,A1,
22502,15030,Nagaraj Poojary,55,M,A2,
22503,15031,Shwetha Murthy,54,F,A1,
22504,15031,Ramesh Setty,54,M,A2,
22505,15031,Vijay Murthy,29,M,A3,
22506,15032,Ramesh Murthy,30,M,A1,
22507,15033,Naveen Poojary,19,M,A1,
22508,15034,Bhagya Rao,26,F,A1,
22509,15034,Prakash Patil,53,M,A2,
22510,15035,Pooja Poojary,52,F,A1,
22511,15035,Basavaraj Achar,28,M,A2,
22512,15035,Anil Murthy,51,M,A3,
22513,15036,Priya Rao,30,F,A1,
22514,15036,Mahesh Achar,44,M,A2,
22515,15037,Ravi Hegde,27,M,A1,
22516,15037,Pooja Kumar,45,F,A2,
22517,15038,Harish Patil,39,M,A1,REPEAT-053
22518,15039,Savitha Gowda,32,F,A1,
22519,15040,Shivaraj Setty,35,M,A1,
22520,15040,Prakash Bhat,53,M,A2,
22521,15041,Lakshmi Murthy,44,F,A1,REPEAT-044
22522,15042,Ravi Poojary,32,M,A1,
22523,15042,Basavaraj Hegde,23,M,A2,
22524,15043,Anil Reddy,30,M,A1,
22525,15043,Yogesh Naidu,41,M,A2,
22526,15044,Vijay Shetty,21,M,A1,REPEAT-007
22527,15045,Chaya Reddy,24,F,A1,
22528,15046,Nagaraj Poojary,28,M,A1,
22529,15047,Anil Bhat,41,M,A1,REPEAT-054
22530,15048,Radha Iyer,20,F,A1,
22531,15048,Naveen Kumar,40,M,A2,
22532,15049,Vijay Gowda,20,M,A1,
22533,15050,Kumar Patil,29,M,A1,
22534,15051,Harish Achar,46,M,A1,REPEAT-057
22535,15052,Radha Reddy,44,F,A1,REPEAT-055
22536,15053,Yogesh Rao,36,M,A1,
22537,15054,Basavaraj Reddy,42,M,A1,REPEAT-031
22538,15055,Vijay Naidu,41,M,A1,
22539,15056,Naveen Gowda,37,M,A1,
22540,15056,Bhagya Setty,21,F,A2,
22541,15056,Srinivas Setty,26,M,A3,
22542,15057,Ramesh Naik,54,M,A1,
22543,15057,Harish Setty,39,M,A2,
22544,15058,Raghu Hegde,48,M,A1,
22545,15058,Santosh Naidu,34,M,A2,
22546,15058,Nagaraj Naik,55,M,A3,
22547,15059,Rekha Naidu,31,F,A1,
22548,15059,Basavaraj Achar,53,M,A2,
22549,15060,Naveen Rao,28,M,A1,
22550,15061,Sowmya Gowda,23,F,A1,
22551,15062,Nandini Naidu,35,F,A1,
22552,15063,Lakshmi Gowda,41,F,A1,
22553,15064,Radha Hegde,47,F,A1,
22554,15064,Vidya Iyer,48,F,A2,
22555,15065,Rekha Naik,32,F,A1,
22556,15065,Ravi Naik,25,M,A2,
22557,15066,Ravi Patil,31,M,A1,
22558,15067,Vijay Rao,49,M,A1,
22559,15067,Naveen Shetty,38,M,A2,
22560,15068,Sunita Gowda,24,F,A1,
22561,15069,Yogesh Setty,18,M,A1,
22562,15069,Raghu Rao,53,M,A2,
22563,15070,Prakash Murthy,38,M,A1,
22564,15071,Ganesh Gowda,41,M,A1,
22565,15072,Shivaraj Iyer,37,M,A1,
22566,15073,Suresh Naik,38,M,A1,REPEAT-042
22567,15074,Ravi Poojary,34,M,A1,
22568,15074,Deepa Hegde,30,F,A2,
22569,15074,Ramesh Poojary,24,M,A3,
22570,15075,Santosh Naidu,34,M,A1,
22571,15076,Yogesh Kumar,45,M,A1,REPEAT-050
22572,15076,Harish Reddy,43,M,A2,
22573,15076,Girish Bhat,51,M,A3,
22574,15077,Basavaraj Reddy,49,M,A1,
22575,15078,Srinivas Achar,23,M,A1,
22576,15079,Mahesh Murthy,24,M,A1,REPEAT-033
22577,15079,Vidya Poojary,29,F,A2,
22578,15080,Harish Patil,39,M,A1,REPEAT-053
22579,15081,Mahesh Shetty,23,M,A1,
22580,15081,Srinivas Naik,27,M,A2,
22581,15081,Sowmya Achar,55,F,A3,
22582,15082,Anita Achar,46,F,A1,
22583,15083,Lakshmi Murthy,44,F,A1,REPEAT-044
22584,15084,Manjula Hegde,53,F,A1,
22585,15085,Shivaraj Kumar,38,M,A1,
22586,15085,Girish Achar,55,M,A2,
22587,15085,Nagaraj Naidu,23,M,A3,
22588,15086,Ravi Achar,53,M,A1,
22589,15086,Shivaraj Setty,20,M,A2,
22590,15087,Kumar Patil,33,M,A1,
22591,15087,Bhagya Naik,49,F,A2,
22592,15088,Bhagya Reddy,20,F,A1,
22593,15088,Deepa Iyer,49,F,A2,
22594,15088,Prakash Kumar,36,M,A3,
22595,15089,Vijay Shetty,22,M,A1,REPEAT-007
22596,15090,Ravi Bhat,26,M,A1,
22597,15091,Mahesh Shetty,37,M,A1,REPEAT-022
22598,15091,Nagaraj Poojary,20,M,A2,
22599,15092,Shobha Hegde,25,F,A1,
22600,15093,Yogesh Naidu,24,M,A1,REPEAT-001
22601,15094,Basavaraj Shetty,40,M,A1,REPEAT-023
22602,15094,Anil Patil,40,M,A2,
22603,15095,Shobha Poojary,25,F,A1,
22604,15096,Vijay Naik,25,M,A1,
22605,15096,Savitha Achar,42,F,A2,
22606,15097,Raghu Hegde,23,M,A1,
22607,15098,Chaya Setty,23,F,A1,
22608,15098,Naveen Patil,38,M,A2,
22609,15099,Geeta Kumar,49,F,A1,
22610,15100,Anita Naidu,49,F,A1,
22611,15100,Ramesh Naik,23,M,A2,
22612,15101,Nagaraj Murthy,35,M,A1,
22613,15101,Santosh Hegde,51,M,A2,
22614,15101,Anil Reddy,19,M,A3,
22615,15102,Basavaraj Shetty,40,M,A1,REPEAT-023
22616,15102,Ganesh Poojary,47,M,A2,
22617,15102,Srinivas Rao,44,M,A3,
22618,15103,Santosh Achar,20,M,A1,
22619,15103,Ravi Murthy,26,M,A2,
22620,15104,Sowmya Gowda,21,F,A1,
22621,15105,Manjunath Rao,39,M,A1,
22622,15106,Mahesh Shetty,38,M,A1,REPEAT-022
22623,15107,Savitha Iyer,20,F,A1,
22624,15107,Deepa Patil,22,F,A2,
22625,15107,Mahesh Setty,30,M,A3,
22626,15108,Anita Shetty,28,F,A1,REPEAT-019
22627,15108,Harish Achar,50,M,A2,
22628,15108,Shobha Shetty,25,F,A3,
22629,15109,Rekha Bhat,43,F,A1,
22630,15110,Pooja Murthy,22,F,A1,
22631,15110,Shivaraj Shetty,18,M,A2,
22632,15111,Yogesh Setty,38,M,A1,
22633,15112,Naveen Murthy,44,M,A1,REPEAT-002
22634,15112,Ganesh Naidu,52,M,A2,
22635,15113,Manjula Bhat,39,F,A1,
22636,15114,Basavaraj Reddy,42,M,A1,REPEAT-031
22637,15114,Manjunath Shetty,31,M,A2,
22638,15115,Srinivas Kumar,37,M,A1,
22639,15115,Deepa Rao,18,F,A2,
22640,15116,Suresh Naik,38,M,A1,REPEAT-042
22641,15117,Yogesh Naidu,24,M,A1,REPEAT-001
22642,15118,Lakshmi Murthy,48,F,A1,
22643,15119,Shwetha Naik,38,F,A1,
22644,15120,Basavaraj Achar,39,M,A1,
22645,15121,Shwetha Bhat,42,F,A1,
22646,15122,Lakshmi Murthy,45,F,A1,REPEAT-044
22647,15123,Mahesh Achar,35,M,A1,
22648,15124,Nagaraj Naidu,36,M,A1,REPEAT-035
22649,15125,Ganesh Gowda,20,M,A1,REPEAT-020
22650,15126,Shivaraj Murthy,34,M,A1,
22651,15127,Girish Iyer,30,M,A1,
22652,15128,Ramesh Naik,44,M,A1,
22653,15128,Radha Kumar,21,F,A2,
22654,15128,Ravi Patil,45,M,A3,
22655,15129,Manjunath Gowda,48,M,A1,
22656,15130,Suresh Naidu,55,M,A1,
22657,15131,Shobha Bhat,53,F,A1,
22658,15132,Santosh Rao,22,M,A1,
22659,15133,Manjula Iyer,23,F,A1,
22660,15134,Srinivas Achar,29,M,A1,
22661,15134,Basavaraj Reddy,38,M,A2,
22662,15134,Rekha Gowda,21,F,A3,
22663,15135,Prakash Rao,46,M,A1,
22664,15135,Harish Iyer,55,M,A2,
22665,15136,Shivaraj Patil,41,M,A1,REPEAT-006
22666,15137,Pooja Naik,24,F,A1,
22667,15137,Roopa Setty,45,F,A2,
22668,15137,Santosh Iyer,42,M,A3,
22669,15138,Shivaraj Patil,41,M,A1,
22670,15139,Vijay Shetty,21,M,A1,REPEAT-007
22671,15139,Geeta Naik,26,F,A2,
22672,15140,Manjunath Bhat,32,M,A1,REPEAT-030
22673,15140,Srinivas Rao,51,M,A2,
22674,15140,Shivaraj Gowda,23,M,A3,
22675,15141,Santosh Achar,24,M,A1,
22676,15142,Basavaraj Achar,34,M,A1,
22677,15143,Naveen Achar,30,M,A1,
22678,15143,Nandini Murthy,54,F,A2,
22679,15144,Lakshmi Setty,23,F,A1,
22680,15144,Sunita Naidu,44,F,A2,
22681,15145,Santosh Bhat,40,M,A1,
22682,15145,Vijay Hegde,40,M,A2,
22683,15146,Yogesh Gowda,29,M,A1,
22684,15147,Savitha Achar,32,F,A1,
22685,15148,Suresh Kumar,49,M,A1,
22686,15148,Ganesh Reddy,31,M,A2,
22687,15149,Shivaraj Rao,21,M,A1,
22688,15149,Vijay Naidu,41,M,A2,
22689,15150,Srinivas Hegde,34,M,A1,
22690,15150,Pooja Achar,19,F,A2,
22691,15151,Vijay Murthy,18,M,A1,
22692,15151,Geeta Gowda,37,F,A2,
22693,15152,Anita Patil,24,F,A1,REPEAT-014
22694,15152,Manjula Shetty,40,F,A2,
22695,15153,Ganesh Bhat,47,M,A1,
22696,15153,Ravi Bhat,25,M,A2,
22697,15154,Kumar Naidu,47,M,A1,
22698,15154,Roopa Gowda,47,F,A2,
22699,15155,Nandini Naik,46,F,A1,
22700,15155,Harish Poojary,34,M,A2,
22701,15156,Ravi Murthy,48,M,A1,
22702,15156,Basavaraj Setty,37,M,A2,
22703,15157,Naveen Patil,26,M,A1,
22704,15157,Sunita Naidu,54,F,A2,
22705,15158,Prakash Poojary,37,M,A1,REPEAT-028
22706,15159,Nagaraj Kumar,34,M,A1,
22707,15160,Basavaraj Reddy,42,M,A1,REPEAT-031
22708,15160,Ravi Achar,18,M,A2,
22709,15161,Ramesh Reddy,19,M,A1,
22710,15161,Yogesh Murthy,39,M,A2,
22711,15162,Priya Reddy,27,F,A1,
22712,15163,Santosh Iyer,34,M,A1,
22713,15164,Manjula Achar,46,F,A1,
22714,15164,Priya Hegde,36,F,A2,
22715,15165,Chaya Bhat,55,F,A1,
22716,15166,Mahesh Hegde,41,M,A1,
22717,15167,Mahesh Gowda,18,M,A1,
22718,15167,Raghu Murthy,48,M,A2,
22719,15168,Raghu Poojary,33,M,A1,
22720,15169,Prakash Naik,53,M,A1,
22721,15170,Savitha Iyer,42,F,A1,
22722,15170,Raghu Naidu,42,M,A2,
22723,15171,Anil Bhat,41,M,A1,REPEAT-054
22724,15172,Savitha Murthy,48,F,A1,
22725,15173,Shwetha Murthy,54,F,A1,
22726,15173,Naveen Reddy,49,M,A2,
22727,15174,Ramesh Kumar,47,M,A1,
22728,15175,Anil Patil,21,M,A1,
22729,15176,Srinivas Hegde,31,M,A1,REPEAT-046
22730,15176,Sowmya Iyer,41,F,A2,
22731,15176,Basavaraj Reddy,36,M,A3,
22732,15177,Priya Patil,55,F,A1,
22733,15178,Basavaraj Kumar,50,M,A1,
22734,15179,Harish Rao,38,M,A1,
22735,15179,Deepa Achar,36,F,A2,
22736,15180,Ganesh Setty,36,M,A1,
22737,15181,Vijay Reddy,42,M,A1,
22738,15182,Mahesh Gowda,36,M,A1,
22739,15183,Anil Bhat,33,M,A1,
22740,15183,Basavaraj Murthy,40,M,A2,
22741,15184,Lakshmi Poojary,32,F,A1,
22742,15185,Lakshmi Kumar,55,F,A1,
22743,15185,Kumar Reddy,46,M,A2,
22744,15185,Priya Gowda,18,F,A3,
22745,15186,Rekha Poojary,45,F,A1,
22746,15187,Priya Reddy,25,F,A1,
22747,15188,Mahesh Shetty,37,M,A1,REPEAT-022
22748,15189,Shivaraj Shetty,27,M,A1,
22749,15189,Shwetha Shetty,26,F,A2,
22750,15190,Kavya Setty,18,F,A1,
22751,15191,Basavaraj Setty,36,M,A1,
22752,15191,Vijay Hegde,19,M,A2,
22753,15192,Pooja Naidu,53,F,A1,
22754,15192,Rekha Naik,27,F,A2,
22755,15193,Geeta Poojary,42,F,A1,
22756,15194,Nagaraj Setty,45,M,A1,REPEAT-003
22757,15194,Anil Gowda,33,M,A2,
22758,15195,Santosh Bhat,49,M,A1,
22759,15196,Harish Naidu,37,M,A1,REPEAT-015
22760,15197,Kavya Gowda,54,F,A1,
22761,15198,Shivaraj Achar,47,M,A1,
22762,15199,Srinivas Naidu,38,M,A1,REPEAT-049
22763,15199,Nagaraj Naidu,52,M,A2,
22764,15200,Kumar Rao,45,M,A1,REPEAT-018
22765,15201,Naveen Murthy,43,M,A1,REPEAT-002
22766,15201,Chaya Gowda,41,F,A2,
22767,15202,Prakash Rao,54,M,A1,
22768,15203,Geeta Rao,50,F,A1,
22769,15204,Shivaraj Kumar,29,M,A1,REPEAT-024
22770,15205,Srinivas Hegde,31,M,A1,REPEAT-046
22771,15205,Kumar Murthy,50,M,A2,
22772,15206,Lakshmi Reddy,31,F,A1,
22773,15206,Kavya Shetty,39,F,A2,
22774,15207,Savitha Setty,25,F,A1,
22775,15207,Geeta Reddy,50,F,A2,
22776,15208,Santosh Setty,41,M,A1,
22777,15209,Ramesh Setty,34,M,A1,
22778,15210,Basavaraj Iyer,24,M,A1,
22779,15211,Radha Reddy,45,F,A1,REPEAT-055
22780,15212,Srinivas Achar,19,M,A1,
22781,15212,Rekha Gowda,30,F,A2,
22782,15213,Nandini Patil,33,F,A1,
22783,15213,Vijay Setty,30,M,A2,
22784,15214,Suresh Hegde,51,M,A1,
22785,15214,Yogesh Kumar,23,M,A2,
22786,15215,Radha Kumar,35,F,A1,
22787,15216,Santosh Poojary,34,M,A1,
22788,15217,Harish Patil,39,M,A1,REPEAT-053
22789,15217,Mahesh Naidu,21,M,A2,
22790,15218,Suresh Naik,39,M,A1,REPEAT-042
22791,15219,Anil Reddy,49,M,A1,
22792,15220,Vijay Setty,47,M,A1,
22793,15221,Rekha Poojary,48,F,A1,
22794,15221,Ganesh Setty,33,M,A2,
22795,15222,Srinivas Naidu,38,M,A1,REPEAT-049
22796,15223,Manjunath Murthy,25,M,A1,REPEAT-025
22797,15224,Manjunath Bhat,32,M,A1,REPEAT-030
22798,15224,Harish Naik,25,M,A2,
22799,15224,Deepa Naidu,36,F,A3,
22800,15225,Sowmya Hegde,26,F,A1,
22801,15226,Girish Gowda,26,M,A1,
22802,15227,Ramesh Setty,55,M,A1,
22803,15228,Naveen Naik,30,M,A1,
22804,15228,Santosh Kumar,43,M,A2,
22805,15229,Srinivas Iyer,38,M,A1,
22806,15230,Mahesh Shetty,37,M,A1,REPEAT-022
22807,15231,Sunita Gowda,54,F,A1,
22808,15232,Yogesh Naidu,52,M,A1,
22809,15232,Ganesh Kumar,50,M,A2,
22810,15233,Mahesh Shetty,38,M,A1,REPEAT-022
22811,15234,Mahesh Rao,52,M,A1,
22812,15235,Raghu Kumar,33,M,A1,
22813,15236,Radha Reddy,44,F,A1,REPEAT-055
22814,15237,Ravi Achar,26,M,A1,
22815,15237,Raghu Gowda,41,M,A2,
22816,15238,Nagaraj Setty,45,M,A1,REPEAT-003
22817,15238,Shwetha Setty,40,F,A2,
22818,15239,Harish Shetty,38,M,A1,
22819,15240,Chaya Setty,44,F,A1,
22820,15240,Kavya Reddy,48,F,A2,
22821,15241,Rekha Naik,45,F,A1,
22822,15241,Radha Bhat,20,F,A2,
22823,15242,Naveen Murthy,44,M,A1,REPEAT-002
22824,15243,Prakash Naik,47,M,A1,
22825,15244,Yogesh Gowda,28,M,A1,
22826,15245,Radha Rao,33,F,A1,REPEAT-059
22827,15246,Suresh Rao,38,M,A1,
22828,15247,Ramesh Patil,36,M,A1,
22829,15247,Shivaraj Murthy,42,M,A2,
22830,15247,Rekha Bhat,23,F,A3,
22831,15248,Santosh Rao,40,M,A1,REPEAT-027
22832,15249,Priya Murthy,24,F,A1,REPEAT-010
22833,15250,Prakash Rao,52,M,A1,
22834,15250,Naveen Patil,18,M,A2,
22835,15251,Lakshmi Iyer,32,F,A1,
22836,15251,Harish Naidu,41,M,A2,
22837,15251,Deepa Gowda,22,F,A3,
22838,15252,Mahesh Shetty,38,M,A1,REPEAT-022
22839,15253,Santosh Naik,40,M,A1,
22840,15254,Ravi Naidu,34,M,A1,
22841,15254,Manjunath Bhat,53,M,A2,
22842,15255,Harish Patil,39,M,A1,REPEAT-053
22843,15255,Nandini Poojary,29,F,A2,
22844,15256,Girish Shetty,23,M,A1,
22845,15256,Kavya Shetty,46,F,A2,
22846,15257,Anil Bhat,34,M,A1,REPEAT-005
22847,15258,Ganesh Poojary,53,M,A1,
22848,15259,Manjunath Setty,43,M,A1,REPEAT-016
22849,15259,Roopa Hegde,44,F,A2,
22850,15260,Shwetha Bhat,48,F,A1,
22851,15261,Anil Rao,34,M,A1,
22852,15261,Naveen Setty,24,M,A2,
22853,15262,Manjunath Naik,19,M,A1,
22854,15262,Ravi Gowda,45,M,A2,
22855,15263,Kumar Rao,45,M,A1,REPEAT-018
22856,15264,Basavaraj Patil,53,M,A1,
22857,15264,Suresh Setty,55,M,A2,
22858,15265,Savitha Naik,34,F,A1,
22859,15265,Savitha Shetty,53,F,A2,
22860,15265,Ramesh Iyer,40,M,A3,
22861,15266,Nagaraj Hegde,54,M,A1,
22862,15267,Naveen Shetty,23,M,A1,
22863,15268,Priya Iyer,40,F,A1,
22864,15269,Manjunath Bhat,33,M,A1,REPEAT-030
22865,15270,Prakash Iyer,26,M,A1,
22866,15271,Vijay Achar,20,M,A1,
22867,15272,Shivaraj Murthy,29,M,A1,
22868,15272,Nandini Iyer,46,F,A2,
22869,15273,Anil Gowda,20,M,A1,REPEAT-052
22870,15274,Basavaraj Gowda,49,M,A1,
22871,15275,Naveen Naik,28,M,A1,
22872,15276,Santosh Naidu,48,M,A1,
22873,15276,Ravi Hegde,20,M,A2,
22874,15277,Nandini Shetty,34,F,A1,
22875,15278,Harish Poojary,41,M,A1,
22876,15278,Santosh Iyer,54,M,A2,
22877,15279,Nagaraj Setty,45,M,A1,REPEAT-003
22878,15280,Rekha Hegde,33,F,A1,
22879,15281,Manjunath Bhat,32,M,A1,REPEAT-030
22880,15282,Kavya Kumar,28,F,A1,
22881,15283,Sunita Reddy,23,F,A1,
22882,15283,Suresh Reddy,41,M,A2,
22883,15284,Manjunath Murthy,26,M,A1,REPEAT-025
22884,15284,Nagaraj Gowda,43,M,A2,
22885,15285,Vijay Murthy,33,M,A1,
22886,15285,Naveen Bhat,43,M,A2,
22887,15285,Suresh Shetty,54,M,A3,
22888,15286,Girish Setty,19,M,A1,
22889,15287,Vijay Shetty,21,M,A1,REPEAT-007
22890,15287,Suresh Hegde,47,M,A2,
22891,15288,Mahesh Murthy,23,M,A1,REPEAT-033
22892,15288,Prakash Naidu,37,M,A2,
22893,15289,Savitha Naidu,22,F,A1,REPEAT-013
22894,15290,Roopa Bhat,51,F,A1,
22895,15291,Nagaraj Setty,45,M,A1,REPEAT-003
22896,15292,Sowmya Hegde,46,F,A1,
22897,15292,Deepa Murthy,21,F,A2,
22898,15293,Kumar Naidu,23,M,A1,
22899,15293,Raghu Setty,33,M,A2,
22900,15294,Lakshmi Murthy,44,F,A1,REPEAT-044
22901,15294,Ganesh Gowda,33,M,A2,
22902,15294,Suresh Gowda,23,M,A3,
22903,15295,Anil Hegde,28,M,A1,
22904,15296,Basavaraj Reddy,43,M,A1,REPEAT-031
22905,15296,Basavaraj Naik,28,M,A2,
22906,15297,Raghu Reddy,19,M,A1,
22907,15297,Kumar Iyer,52,M,A2,
22908,15298,Mahesh Naik,31,M,A1,
22909,15299,Nagaraj Reddy,36,M,A1,
22910,15299,Mahesh Rao,37,M,A2,
22911,15299,Raghu Poojary,26,M,A3,
22912,15300,Manjunath Bhat,32,M,A1,REPEAT-030
22913,15301,Shwetha Achar,37,F,A1,
22914,15302,Kavya Naidu,48,F,A1,
22915,15303,Pooja Iyer,44,F,A1,
22916,15304,Basavaraj Poojary,49,M,A1,
22917,15305,Basavaraj Gowda,26,M,A1,
22918,15305,Nagaraj Bhat,55,M,A2,
22919,15306,Anil Bhat,34,M,A1,REPEAT-005
22920,15307,Ravi Naik,26,M,A1,
22921,15308,Srinivas Bhat,40,M,A1,
22922,15309,Rekha Bhat,23,F,A1,
22923,15310,Savitha Bhat,47,F,A1,
22924,15310,Kavya Hegde,22,F,A2,
22925,15310,Vijay Bhat,45,M,A3,
22926,15311,Vidya Iyer,33,F,A1,
22927,15311,Suresh Murthy,37,M,A2,
22928,15312,Srinivas Naik,19,M,A1,
22929,15313,Harish Patil,40,M,A1,
22930,15314,Kavya Bhat,40,F,A1,
22931,15315,Radha Reddy,44,F,A1,REPEAT-055
22932,15316,Girish Setty,39,M,A1,
22933,15317,Priya Gowda,30,F,A1,
22934,15318,Nandini Shetty,23,F,A1,REPEAT-011
22935,15318,Manjunath Hegde,31,M,A2,
22936,15318,Suresh Hegde,26,M,A3,
22937,15319,Shwetha Murthy,18,F,A1,
22938,15320,Ravi Kumar,39,M,A1,
22939,15320,Manjunath Patil,33,M,A2,
22940,15321,Harish Naidu,36,M,A1,REPEAT-015
22941,15322,Deepa Murthy,20,F,A1,
22942,15322,Shivaraj Hegde,51,M,A2,
22943,15322,Yogesh Reddy,39,M,A3,
22944,15323,Mahesh Shetty,37,M,A1,REPEAT-022
22945,15324,Vijay Shetty,46,M,A1,
22946,15324,Kumar Gowda,18,M,A2,
22947,15325,Shwetha Patil,41,F,A1,
22948,15326,Harish Iyer,40,M,A1,
22949,15327,Yogesh Iyer,44,M,A1,
22950,15328,Naveen Hegde,40,M,A1,
22951,15328,Yogesh Shetty,50,M,A2,
22952,15329,Mahesh Gowda,20,M,A1,
22953,15330,Vijay Achar,54,M,A1,
22954,15331,Ravi Reddy,25,M,A1,
22955,15332,Ganesh Murthy,34,M,A1,
22956,15332,Sowmya Gowda,30,F,A2,
22957,15333,Kavya Bhat,41,F,A1,
22958,15334,Lakshmi Hegde,44,F,A1,
22959,15335,Anita Shetty,28,F,A1,REPEAT-019
22960,15336,Srinivas Shetty,34,M,A1,
22961,15336,Manjula Gowda,50,F,A2,
22962,15336,Shivaraj Reddy,30,M,A3,
22963,15337,Sowmya Patil,52,F,A1,
22964,15337,Mahesh Murthy,50,M,A2,
22965,15338,Naveen Murthy,43,M,A1,REPEAT-002
22966,15339,Basavaraj Shetty,50,M,A1,
22967,15340,Mahesh Murthy,24,M,A1,REPEAT-033
22968,15340,Kavya Bhat,47,F,A2,
22969,15340,Basavaraj Poojary,36,M,A3,
22970,15341,Ravi Kumar,20,M,A1,
22971,15342,Savitha Poojary,44,F,A1,
22972,15343,Yogesh Poojary,20,M,A1,
22973,15344,Santosh Achar,23,M,A1,
22974,15345,Nandini Kumar,42,F,A1,REPEAT-012
22975,15346,Ganesh Gowda,20,M,A1,REPEAT-020
22976,15347,Manjula Rao,38,F,A1,
22977,15347,Shivaraj Patil,30,M,A2,
22978,15348,Nandini Murthy,43,F,A1,
22979,15349,Pooja Iyer,41,F,A1,
22980,15350,Kumar Kumar,20,M,A1,
22981,15350,Girish Bhat,32,M,A2,
22982,15351,Harish Murthy,39,M,A1,
22983,15352,Yogesh Achar,55,M,A1,
22984,15352,Basavaraj Murthy,45,M,A2,
22985,15353,Ravi Bhat,41,M,A1,
22986,15354,Suresh Rao,50,M,A1,
22987,15355,Savitha Patil,49,F,A1,
22988,15356,Suresh Naik,38,M,A1,REPEAT-042
22989,15357,Prakash Naidu,38,M,A1,
22990,15357,Bhagya Achar,54,F,A2,
22991,15358,Kumar Rao,45,M,A1,REPEAT-018
22992,15359,Radha Kumar,24,F,A1,
22993,15360,Nandini Setty,23,F,A1,
22994,15360,Mahesh Naidu,40,M,A2,
22995,15361,Basavaraj Poojary,23,M,A1,
22996,15362,Geeta Achar,50,F,A1,
22997,15362,Sowmya Kumar,47,F,A2,
22998,15363,Srinivas Murthy,18,M,A1,
22999,15363,Girish Naik,42,M,A2,
23000,15364,Kumar Reddy,39,M,A1,
23001,15365,Savitha Achar,38,F,A1,
23002,15365,Yogesh Reddy,36,M,A2,
23003,15366,Sunita Patil,47,F,A1,
23004,15367,Shivaraj Patil,40,M,A1,REPEAT-006
23005,15368,Anil Patil,49,M,A1,
23006,15368,Deepa Naidu,33,F,A2,
23007,15369,Lakshmi Murthy,44,F,A1,REPEAT-044
23008,15369,Srinivas Murthy,39,M,A2,
23009,15370,Ganesh Reddy,44,M,A1,
23010,15371,Vijay Shetty,22,M,A1,REPEAT-007
23011,15371,Geeta Achar,30,F,A2,
23012,15372,Srinivas Murthy,31,M,A1,
23013,15372,Srinivas Murthy,31,M,A2,
23014,15372,Anita Poojary,21,F,A3,
23015,15373,Ganesh Murthy,32,M,A1,
23016,15374,Sunita Bhat,26,F,A1,
23017,15375,Ramesh Naidu,19,M,A1,
23018,15376,Lakshmi Murthy,45,F,A1,REPEAT-044
23019,15377,Savitha Gowda,31,F,A1,
23020,15378,Naveen Poojary,33,M,A1,
23021,15378,Sowmya Poojary,37,F,A2,
23022,15378,Kumar Poojary,39,M,A3,
23023,15379,Ganesh Gowda,20,M,A1,REPEAT-020
23024,15380,Mahesh Shetty,38,M,A1,REPEAT-022
23025,15381,Shivaraj Setty,30,M,A1,
23026,15382,Shwetha Naidu,53,F,A1,
23027,15383,Raghu Rao,34,M,A1,
23028,15383,Mahesh Setty,31,M,A2,
23029,15384,Sunita Murthy,45,F,A1,
23030,15385,Ganesh Gowda,33,M,A1,
23031,15386,Ravi Patil,19,M,A1,
23032,15387,Shobha Naik,42,F,A1,
23033,15387,Anil Poojary,19,M,A2,
23034,15388,Vidya Achar,24,F,A1,
23035,15389,Sowmya Bhat,21,F,A1,
23036,15389,Vijay Naidu,26,M,A2,
23037,15390,Yogesh Naik,44,M,A1,
23038,15391,Manjula Achar,23,F,A1,
23039,15392,Radha Reddy,44,F,A1,REPEAT-055
23040,15393,Raghu Patil,50,M,A1,
23041,15393,Raghu Shetty,36,M,A2,
23042,15394,Manjunath Iyer,38,M,A1,
23043,15395,Ramesh Patil,50,M,A1,
23044,15396,Ganesh Reddy,41,M,A1,
23045,15397,Bhagya Rao,44,F,A1,REPEAT-058
23046,15397,Girish Rao,24,M,A2,
23047,15398,Anil Hegde,39,M,A1,
23048,15398,Girish Rao,23,M,A2,
23049,15399,Anil Bhat,28,M,A1,
23050,15399,Ramesh Bhat,29,M,A2,
23051,15400,Shivaraj Kumar,29,M,A1,REPEAT-024
23052,15400,Nagaraj Bhat,51,M,A2,
23053,15401,Yogesh Kumar,36,M,A1,
23054,15402,Shobha Patil,35,F,A1,
23055,15403,Anil Achar,36,M,A1,
23056,15404,Basavaraj Iyer,33,M,A1,
23057,15405,Geeta Naidu,46,F,A1,
23058,15405,Nagaraj Bhat,28,M,A2,
23059,15406,Shivaraj Poojary,19,M,A1,
23060,15407,Lakshmi Murthy,44,F,A1,REPEAT-044
23061,15408,Shivaraj Rao,29,M,A1,
23062,15409,Santosh Shetty,51,M,A1,
23063,15410,Anil Poojary,51,M,A1,
23064,15410,Bhagya Murthy,38,F,A2,
23065,15410,Girish Rao,31,M,A3,
23066,15411,Yogesh Iyer,41,M,A1,
23067,15411,Ganesh Bhat,52,M,A2,
23068,15412,Mahesh Murthy,24,M,A1,REPEAT-033
23069,15412,Suresh Iyer,20,M,A2,
23070,15413,Girish Murthy,31,M,A1,
23071,15414,Nagaraj Reddy,51,M,A1,
23072,15415,Anil Hegde,30,M,A1,
23073,15416,Suresh Poojary,50,M,A1,
23074,15417,Chaya Poojary,42,F,A1,
23075,15418,Girish Bhat,50,M,A1,
23076,15419,Prakash Murthy,50,M,A1,
23077,15419,Savitha Iyer,55,F,A2,
23078,15420,Srinivas Naidu,38,M,A1,REPEAT-049
23079,15420,Savitha Gowda,30,F,A2,
23080,15420,Yogesh Shetty,52,M,A3,
23081,15421,Santosh Kumar,39,M,A1,
23082,15422,Srinivas Naik,35,M,A1,
23083,15422,Shivaraj Gowda,34,M,A2,
23084,15423,Manjunath Patil,32,M,A1,
23085,15424,Naveen Setty,33,M,A1,REPEAT-036
23086,15425,Chaya Naidu,44,F,A1,
23087,15426,Mahesh Poojary,44,M,A1,
23088,15426,Deepa Iyer,27,F,A2,
23089,15427,Vijay Shetty,21,M,A1,REPEAT-007
23090,15427,Lakshmi Shetty,25,F,A2,
23091,15427,Vijay Poojary,54,M,A3,
23092,15428,Manjunath Rao,18,M,A1,
23093,15429,Manjunath Murthy,25,M,A1,REPEAT-025
23094,15430,Naveen Iyer,55,M,A1,
23095,15431,Suresh Iyer,27,M,A1,
23096,15432,Shivaraj Reddy,45,M,A1,
23097,15432,Geeta Naik,49,F,A2,
23098,15433,Santosh Gowda,29,M,A1,
23099,15434,Suresh Setty,31,M,A1,REPEAT-034
23100,15435,Harish Iyer,42,M,A1,
23101,15436,Naveen Setty,33,M,A1,REPEAT-036
23102,15437,Nagaraj Iyer,30,M,A1,
23103,15438,Shwetha Iyer,25,F,A1,
23104,15438,Chaya Bhat,26,F,A2,
23105,15439,Shivaraj Naidu,55,M,A1,
23106,15440,Basavaraj Shetty,40,M,A1,REPEAT-023
23107,15441,Vijay Shetty,21,M,A1,REPEAT-007
23108,15441,Shobha Bhat,21,F,A2,
23109,15442,Srinivas Naidu,41,M,A1,REPEAT-037
23110,15443,Ravi Gowda,52,M,A1,
23111,15443,Lakshmi Naik,50,F,A2,
23112,15444,Ganesh Hegde,37,M,A1,REPEAT-060
23113,15445,Sowmya Patil,34,F,A1,
23114,15446,Mahesh Poojary,29,M,A1,
23115,15447,Kumar Murthy,22,M,A1,
23116,15448,Basavaraj Rao,33,M,A1,
23117,15449,Pooja Poojary,23,F,A1,
23118,15450,Shivaraj Kumar,30,M,A1,REPEAT-024
23119,15450,Mahesh Achar,22,M,A2,
23120,15450,Ramesh Hegde,24,M,A3,
23121,15451,Geeta Shetty,44,F,A1,
23122,15451,Ravi Gowda,24,M,A2,
23123,15451,Suresh Naidu,53,M,A3,
23124,15452,Radha Achar,25,F,A1,
23125,15453,Suresh Iyer,29,M,A1,
23126,15453,Vidya Naidu,33,F,A2,
23127,15454,Nagaraj Murthy,46,M,A1,
23128,15454,Girish Patil,53,M,A2,
23129,15454,Roopa Kumar,36,F,A3,
23130,15455,Vijay Gowda,55,M,A1,
23131,15455,Shivaraj Achar,46,M,A2,
23132,15456,Deepa Gowda,45,F,A1,
23133,15456,Vijay Setty,44,M,A2,
23134,15457,Rekha Kumar,37,F,A1,
23135,15458,Deepa Shetty,27,F,A1,
23136,15458,Vijay Poojary,26,M,A2,
23137,15459,Girish Reddy,27,M,A1,
23138,15459,Shobha Achar,44,F,A2,
23139,15460,Suresh Setty,43,M,A1,
23140,15460,Vijay Setty,35,M,A2,
23141,15461,Ramesh Rao,19,M,A1,
23142,15462,Yogesh Achar,26,M,A1,
23143,15463,Geeta Iyer,29,F,A1,
23144,15464,Radha Naidu,46,F,A1,
23145,15465,Priya Murthy,24,F,A1,REPEAT-010
23146,15465,Nagaraj Gowda,46,M,A2,
23147,15465,Sowmya Iyer,48,F,A3,
23148,15466,Kumar Murthy,46,M,A1,
23149,15467,Harish Gowda,24,M,A1,
23150,15468,Ganesh Achar,44,M,A1,
23151,15468,Shobha Shetty,45,F,A2,
23152,15469,Nagaraj Naidu,37,M,A1,REPEAT-035
23153,15469,Basavaraj Bhat,28,M,A2,
23154,15470,Raghu Poojary,18,M,A1,
23155,15471,Shivaraj Rao,28,M,A1,
23156,15471,Priya Patil,20,F,A2,
23157,15472,Manjunath Setty,37,M,A1,
23158,15473,Raghu Naik,22,M,A1,
23159,15474,Nagaraj Setty,46,M,A1,REPEAT-003
23160,15474,Sunita Patil,29,F,A2,
23161,15475,Harish Patil,39,M,A1,REPEAT-053
23162,15475,Yogesh Patil,19,M,A2,
23163,15476,Basavaraj Patil,32,M,A1,
23164,15477,Vijay Kumar,27,M,A1,
23165,15478,Kumar Hegde,28,M,A1,
23166,15478,Geeta Kumar,50,F,A2,
23167,15478,Girish Murthy,52,M,A3,
23168,15479,Harish Hegde,40,M,A1,
23169,15480,Lakshmi Bhat,22,F,A1,
23170,15481,Nandini Naidu,29,F,A1,
23171,15481,Ravi Gowda,35,M,A2,
23172,15482,Anita Shetty,28,F,A1,REPEAT-019
23173,15482,Ramesh Patil,24,M,A2,
23174,15483,Sunita Kumar,37,F,A1,
23175,15483,Bhagya Bhat,55,F,A2,
23176,15484,Yogesh Gowda,54,M,A1,
23177,15484,Girish Gowda,33,M,A2,
23178,15485,Anita Murthy,26,F,A1,
23179,15485,Kavya Naidu,45,F,A2,
23180,15486,Rekha Murthy,29,F,A1,
23181,15487,Manjunath Setty,44,M,A1,REPEAT-016
23182,15488,Girish Naik,21,M,A1,
23183,15489,Yogesh Kumar,44,M,A1,REPEAT-050
23184,15490,Roopa Murthy,49,F,A1,
23185,15490,Savitha Patil,28,F,A2,
23186,15490,Rekha Shetty,44,F,A3,
23187,15491,Chaya Rao,49,F,A1,
23188,15491,Raghu Achar,21,M,A2,
23189,15492,Kumar Iyer,22,M,A1,
23190,15493,Lakshmi Murthy,44,F,A1,REPEAT-044
23191,15493,Suresh Patil,46,M,A2,
23192,15494,Savitha Naidu,29,F,A1,
23193,15495,Mahesh Murthy,24,M,A1,REPEAT-033
23194,15495,Vidya Kumar,43,F,A2,
23195,15495,Shivaraj Gowda,37,M,A3,
23196,15496,Lakshmi Murthy,44,F,A1,REPEAT-044
23197,15497,Nandini Kumar,42,F,A1,REPEAT-012
23198,15498,Suresh Iyer,46,M,A1,
23199,15499,Naveen Shetty,32,M,A1,
23200,15500,Nagaraj Shetty,18,M,A1,
23201,15500,Naveen Bhat,22,M,A2,
23202,15500,Shivaraj Rao,41,M,A3,
23203,15501,Shobha Shetty,31,F,A1,REPEAT-017
23204,15502,Raghu Patil,20,M,A1,
23205,15502,Ganesh Hegde,48,M,A2,
23206,15502,Prakash Kumar,35,M,A3,
23207,15503,Sowmya Achar,27,F,A1,
23208,15503,Nagaraj Gowda,37,M,A2,
23209,15504,Girish Naidu,51,M,A1,
23210,15505,Sowmya Reddy,32,F,A1,
23211,15505,Sunita Achar,48,F,A2,
23212,15506,Ravi Shetty,45,M,A1,
23213,15507,Ravi Murthy,32,M,A1,
23214,15507,Sowmya Poojary,25,F,A2,
23215,15507,Shobha Iyer,55,F,A3,
23216,15508,Rekha Iyer,33,F,A1,
23217,15508,Ravi Setty,46,M,A2,
23218,15509,Yogesh Hegde,30,M,A1,
23219,15510,Naveen Murthy,44,M,A1,REPEAT-002
23220,15511,Nagaraj Setty,46,M,A1,REPEAT-003
23221,15511,Deepa Bhat,30,F,A2,
23222,15512,Srinivas Kumar,40,M,A1,
23223,15512,Roopa Poojary,25,F,A2,
23224,15513,Harish Gowda,38,M,A1,
23225,15513,Girish Murthy,44,M,A2,
23226,15514,Bhagya Reddy,46,F,A1,
23227,15515,Vidya Rao,52,F,A1,
23228,15515,Sowmya Naik,21,F,A2,
23229,15516,Mahesh Iyer,25,M,A1,
23230,15516,Girish Patil,38,M,A2,
23231,15517,Harish Reddy,29,M,A1,
23232,15518,Anita Shetty,28,F,A1,REPEAT-019
23233,15519,Vidya Hegde,19,F,A1,REPEAT-041
23234,15520,Kavya Naidu,19,F,A1,
23235,15520,Yogesh Bhat,29,M,A2,
23236,15521,Vijay Reddy,26,M,A1,
23237,15522,Rekha Bhat,42,F,A1,REPEAT-047
23238,15523,Srinivas Naidu,38,M,A1,REPEAT-049
23239,15524,Deepa Patil,45,F,A1,
23240,15524,Radha Rao,22,F,A2,
23241,15525,Naveen Murthy,43,M,A1,REPEAT-002
23242,15526,Yogesh Iyer,42,M,A1,
23243,15526,Naveen Kumar,33,M,A2,
23244,15527,Shivaraj Naidu,22,M,A1,
23245,15528,Nagaraj Naidu,36,M,A1,REPEAT-035
23246,15529,Ganesh Kumar,38,M,A1,
23247,15530,Shwetha Iyer,18,F,A1,
23248,15531,Deepa Achar,30,F,A1,
23249,15531,Kavya Rao,23,F,A2,
23250,15532,Nagaraj Reddy,43,M,A1,
23251,15532,Priya Patil,41,F,A2,
23252,15533,Yogesh Kumar,44,M,A1,REPEAT-050
23253,15533,Priya Patil,55,F,A2,
23254,15534,Basavaraj Achar,31,M,A1,
23255,15535,Harish Gowda,22,M,A1,
23256,15536,Prakash Poojary,28,M,A1,
23257,15537,Mahesh Shetty,41,M,A1,
23258,15538,Raghu Kumar,30,M,A1,
23259,15539,Roopa Hegde,41,F,A1,
23260,15539,Radha Rao,27,F,A2,
23261,15539,Ramesh Murthy,23,M,A3,
23262,15540,Naveen Rao,23,M,A1,
23263,15541,Shivaraj Bhat,29,M,A1,
23264,15542,Santosh Naidu,33,M,A1,
23265,15542,Suresh Setty,34,M,A2,
23266,15543,Basavaraj Poojary,25,M,A1,
23267,15544,Radha Patil,28,F,A1,
23268,15545,Yogesh Shetty,35,M,A1,
23269,15546,Geeta Bhat,37,F,A1,
23270,15546,Deepa Kumar,44,F,A2,
23271,15547,Deepa Bhat,41,F,A1,
23272,15547,Basavaraj Achar,42,M,A2,
23273,15548,Mahesh Shetty,38,M,A1,REPEAT-022
23274,15548,Anita Setty,30,F,A2,
23275,15549,Manjula Murthy,51,F,A1,
23276,15549,Shwetha Murthy,51,F,A2,
23277,15550,Suresh Naik,26,M,A1,
23278,15550,Manjunath Naidu,47,M,A2,
23279,15551,Santosh Reddy,54,M,A1,
23280,15551,Yogesh Reddy,49,M,A2,
23281,15552,Anil Naidu,50,M,A1,
23282,15552,Sunita Gowda,34,F,A2,
23283,15552,Vijay Achar,31,M,A3,
23284,15553,Suresh Setty,55,M,A1,
23285,15553,Sowmya Rao,26,F,A2,
23286,15554,Kumar Rao,44,M,A1,REPEAT-018
23287,15554,Ganesh Naidu,34,M,A2,
23288,15555,Anil Bhat,41,M,A1,REPEAT-054
23289,15556,Nagaraj Patil,22,M,A1,
23290,15556,Basavaraj Rao,46,M,A2,
23291,15557,Srinivas Poojary,31,M,A1,
23292,15558,Manjunath Hegde,24,M,A1,
23293,15559,Naveen Iyer,38,M,A1,
23294,15559,Manjunath Iyer,40,M,A2,
23295,15559,Srinivas Hegde,25,M,A3,
23296,15560,Mahesh Shetty,37,M,A1,REPEAT-022
23297,15560,Vidya Hegde,51,F,A2,
23298,15561,Srinivas Shetty,29,M,A1,
23299,15561,Manjula Kumar,40,F,A2,
23300,15562,Ganesh Shetty,42,M,A1,
23301,15563,Kumar Reddy,21,M,A1,
23302,15564,Radha Reddy,44,F,A1,REPEAT-055
23303,15564,Raghu Gowda,34,M,A2,
23304,15564,Naveen Patil,44,M,A3,
23305,15565,Srinivas Hegde,31,M,A1,REPEAT-046
23306,15565,Manjunath Naik,35,M,A2,
23307,15565,Deepa Setty,47,F,A3,
23308,15566,Ramesh Bhat,49,M,A1,
23309,15566,Lakshmi Murthy,40,F,A2,
23310,15567,Srinivas Shetty,35,M,A1,
23311,15568,Lakshmi Patil,50,F,A1,
23312,15569,Manjunath Poojary,34,M,A1,REPEAT-004
23313,15570,Naveen Iyer,41,M,A1,
23314,15571,Suresh Naidu,38,M,A1,
23315,15572,Shivaraj Bhat,18,M,A1,
23316,15572,Naveen Naidu,27,M,A2,
23317,15573,Vijay Iyer,19,M,A1,
23318,15574,Nagaraj Hegde,42,M,A1,
23319,15575,Savitha Patil,46,F,A1,
23320,15576,Yogesh Naidu,24,M,A1,REPEAT-001
23321,15576,Santosh Shetty,54,M,A2,
23322,15577,Manjula Poojary,28,F,A1,
23323,15578,Girish Naik,35,M,A1,
23324,15579,Girish Reddy,19,M,A1,
23325,15579,Shivaraj Iyer,23,M,A2,
23326,15580,Suresh Gowda,51,M,A1,
23327,15581,Pooja Gowda,28,F,A1,
23328,15582,Girish Setty,44,M,A1,
23329,15582,Bhagya Naik,24,F,A2,
23330,15583,Basavaraj Kumar,33,M,A1,
23331,15584,Anil Patil,45,M,A1,
23332,15585,Srinivas Naidu,38,M,A1,
23333,15585,Priya Rao,43,F,A2,
23334,15586,Ramesh Achar,49,M,A1,
23335,15586,Naveen Reddy,34,M,A2,
23336,15587,Shwetha Poojary,40,F,A1,
23337,15588,Kavya Poojary,53,F,A1,
23338,15588,Manjunath Poojary,39,M,A2,
23339,15588,Sowmya Bhat,49,F,A3,
23340,15589,Vidya Achar,47,F,A1,
23341,15590,Savitha Naik,53,F,A1,
23342,15590,Manjunath Rao,30,M,A2,
23343,15591,Nagaraj Naidu,36,M,A1,REPEAT-035
23344,15591,Savitha Iyer,22,F,A2,
23345,15592,Vijay Murthy,31,M,A1,
23346,15593,Santosh Hegde,32,M,A1,
23347,15594,Radha Reddy,45,F,A1,REPEAT-055
23348,15595,Radha Naidu,23,F,A1,
23349,15596,Naveen Iyer,47,M,A1,
23350,15597,Bhagya Shetty,29,F,A1,
23351,15597,Pooja Iyer,29,F,A2,
23352,15598,Naveen Shetty,27,M,A1,
23353,15599,Yogesh Bhat,22,M,A1,
23354,15600,Roopa Hegde,42,F,A1,
23355,15601,Prakash Iyer,18,M,A1,
23356,15602,Mahesh Bhat,21,M,A1,
23357,15603,Shobha Gowda,31,F,A1,
23358,15604,Ganesh Gowda,20,M,A1,REPEAT-020
23359,15605,Harish Poojary,25,M,A1,
23360,15606,Ravi Patil,34,M,A1,
23361,15606,Anil Kumar,28,M,A2,
23362,15607,Manjunath Gowda,34,M,A1,
23363,15608,Mahesh Shetty,37,M,A1,REPEAT-022
23364,15609,Yogesh Setty,18,M,A1,
23365,15610,Naveen Iyer,25,M,A1,
23366,15610,Vijay Poojary,39,M,A2,
23367,15611,Basavaraj Patil,42,M,A1,
23368,15612,Priya Poojary,51,F,A1,
23369,15613,Ramesh Achar,45,M,A1,
23370,15613,Prakash Naik,50,M,A2,
23371,15613,Girish Shetty,36,M,A3,
23372,15614,Sunita Shetty,21,F,A1,
23373,15614,Deepa Kumar,35,F,A2,
23374,15615,Manjunath Murthy,21,M,A1,
23375,15616,Yogesh Naidu,25,M,A1,REPEAT-001
23376,15617,Vijay Shetty,22,M,A1,
23377,15618,Vijay Shetty,21,M,A1,REPEAT-007
23378,15619,Shwetha Hegde,53,F,A1,
23379,15620,Harish Naidu,36,M,A1,REPEAT-015
23380,15621,Ravi Poojary,18,M,A1,
23381,15622,Manjunath Setty,44,M,A1,REPEAT-016
23382,15623,Sowmya Hegde,21,F,A1,
23383,15623,Santosh Naik,49,M,A2,
23384,15623,Ramesh Naidu,46,M,A3,
23385,15624,Raghu Rao,53,M,A1,
23386,15624,Mahesh Rao,40,M,A2,
23387,15625,Nagaraj Naidu,37,M,A1,REPEAT-035
23388,15625,Anil Naik,24,M,A2,
23389,15626,Nandini Shetty,22,F,A1,REPEAT-011
23390,15626,Naveen Patil,22,M,A2,
23391,15627,Harish Achar,47,M,A1,
23392,15628,Nagaraj Setty,46,M,A1,REPEAT-003
23393,15628,Mahesh Poojary,39,M,A2,
23394,15629,Raghu Naidu,43,M,A1,
23395,15629,Radha Achar,25,F,A2,
23396,15630,Radha Reddy,44,F,A1,REPEAT-055
23397,15631,Shobha Gowda,45,F,A1,
23398,15632,Vijay Murthy,52,M,A1,
23399,15633,Harish Naidu,42,M,A1,
23400,15633,Raghu Patil,23,M,A2,
23401,15633,Raghu Shetty,50,M,A3,
23402,15634,Yogesh Iyer,22,M,A1,
23403,15635,Vijay Achar,24,M,A1,
23404,15636,Manjula Poojary,21,F,A1,
23405,15637,Lakshmi Achar,46,F,A1,
23406,15638,Girish Reddy,43,M,A1,
23407,15639,Naveen Kumar,23,M,A1,
23408,15639,Srinivas Hegde,45,M,A2,
23409,15639,Manjunath Bhat,50,M,A3,
23410,15640,Raghu Reddy,36,M,A1,
23411,15641,Bhagya Bhat,35,F,A1,
23412,15641,Santosh Reddy,31,M,A2,
23413,15642,Savitha Naidu,40,F,A1,
23414,15643,Anita Achar,22,F,A1,
23415,15644,Suresh Bhat,22,M,A1,
23416,15645,Suresh Naik,26,M,A1,
23417,15645,Srinivas Poojary,26,M,A2,
23418,15646,Anil Bhat,41,M,A1,REPEAT-054
23419,15647,Santosh Reddy,48,M,A1,
23420,15648,Shivaraj Patil,40,M,A1,REPEAT-006
23421,15648,Rekha Iyer,26,F,A2,
23422,15648,Vidya Naik,28,F,A3,
23423,15649,Anita Setty,23,F,A1,
23424,15649,Prakash Reddy,26,M,A2,
23425,15650,Savitha Iyer,44,F,A1,
23426,15651,Ravi Murthy,20,M,A1,
23427,15652,Mahesh Achar,24,M,A1,
23428,15653,Ravi Hegde,18,M,A1,
23429,15654,Vijay Kumar,35,M,A1,
23430,15655,Geeta Rao,40,F,A1,
23431,15656,Prakash Naik,35,M,A1,
23432,15657,Ravi Bhat,19,M,A1,
23433,15658,Harish Achar,29,M,A1,
23434,15658,Vidya Rao,44,F,A2,
23435,15659,Nandini Hegde,37,F,A1,
23436,15660,Pooja Rao,45,F,A1,REPEAT-039
23437,15661,Vidya Gowda,55,F,A1,
23438,15662,Roopa Bhat,37,F,A1,
23439,15662,Nagaraj Naik,39,M,A2,
23440,15663,Girish Setty,34,M,A1,
23441,15663,Kumar Poojary,25,M,A2,
23442,15663,Vijay Rao,39,M,A3,
23443,15664,Priya Naik,51,F,A1,
23444,15665,Ganesh Hegde,36,M,A1,REPEAT-060
23445,15665,Pooja Kumar,53,F,A2,
23446,15665,Rekha Gowda,33,F,A3,
23447,15666,Mahesh Hegde,31,M,A1,
23448,15667,Srinivas Naik,54,M,A1,
23449,15668,Srinivas Naidu,37,M,A1,REPEAT-049
23450,15669,Basavaraj Shetty,31,M,A1,
23451,15669,Suresh Reddy,30,M,A2,
23452,15670,Harish Shetty,55,M,A1,
23453,15671,Srinivas Reddy,53,M,A1,
23454,15672,Ravi Iyer,26,M,A1,
23455,15672,Sunita Iyer,36,F,A2,
23456,15673,Vidya Rao,51,F,A1,
23457,15674,Nandini Kumar,42,F,A1,REPEAT-012
23458,15674,Raghu Gowda,47,M,A2,
23459,15675,Girish Achar,19,M,A1,
23460,15676,Harish Naidu,36,M,A1,REPEAT-015
23461,15676,Shivaraj Bhat,18,M,A2,
23462,15677,Ganesh Rao,18,M,A1,
23463,15678,Yogesh Kumar,44,M,A1,REPEAT-050
23464,15678,Manjula Bhat,42,F,A2,
23465,15679,Raghu Setty,48,M,A1,
23466,15680,Basavaraj Gowda,38,M,A1,
23467,15681,Kumar Achar,38,M,A1,
23468,15682,Mahesh Shetty,19,M,A1,
23469,15682,Nandini Shetty,55,F,A2,
23470,15683,Yogesh Achar,22,M,A1,
23471,15684,Naveen Rao,21,M,A1,
23472,15685,Manjunath Iyer,22,M,A1,
23473,15686,Anil Naik,22,M,A1,
23474,15686,Ramesh Iyer,49,M,A2,
23475,15686,Sowmya Rao,21,F,A3,
23476,15687,Bhagya Naik,18,F,A1,
23477,15688,Nagaraj Poojary,28,M,A1,
23478,15688,Raghu Setty,27,M,A2,
23479,15689,Manjunath Poojary,48,M,A1,
23480,15690,Yogesh Bhat,35,M,A1,
23481,15690,Shivaraj Murthy,50,M,A2,
23482,15691,Vijay Naidu,26,M,A1,
23483,15691,Santosh Naidu,18,M,A2,
23484,15692,Yogesh Patil,51,M,A1,
23485,15693,Geeta Murthy,49,F,A1,
23486,15694,Suresh Achar,18,M,A1,
23487,15694,Shwetha Kumar,30,F,A2,
23488,15694,Radha Poojary,40,F,A3,
23489,15695,Anil Bhat,41,M,A1,REPEAT-054
23490,15695,Girish Murthy,23,M,A2,
23491,15696,Shivaraj Kumar,30,M,A1,REPEAT-024
23492,15697,Pooja Murthy,32,F,A1,
23493,15698,Ganesh Bhat,45,M,A1,
23494,15699,Radha Naik,27,F,A1,
23495,15699,Nagaraj Shetty,19,M,A2,
23496,15700,Mahesh Shetty,38,M,A1,REPEAT-022
23497,15701,Anita Shetty,28,F,A1,REPEAT-019
23498,15702,Yogesh Reddy,29,M,A1,
23499,15703,Kavya Setty,21,F,A1,
23500,15703,Shivaraj Murthy,54,M,A2,
23501,15703,Ganesh Iyer,39,M,A3,
23502,15704,Bhagya Naik,47,F,A1,
23503,15705,Priya Rao,18,F,A1,
23504,15705,Srinivas Poojary,43,M,A2,
23505,15706,Sunita Naidu,50,F,A1,
23506,15706,Suresh Kumar,21,M,A2,
23507,15706,Manjula Naik,50,F,A3,
23508,15707,Ganesh Naik,53,M,A1,
23509,15708,Srinivas Naidu,37,M,A1,REPEAT-049
23510,15708,Anil Naik,34,M,A2,
23511,15709,Srinivas Shetty,54,M,A1,
23512,15709,Sowmya Reddy,22,F,A2,
23513,15710,Anil Naik,22,M,A1,
23514,15710,Basavaraj Kumar,18,M,A2,
23515,15711,Ramesh Reddy,31,M,A1,
23516,15712,Radha Patil,18,F,A1,
23517,15713,Savitha Rao,49,F,A1,
23518,15714,Nandini Bhat,27,F,A1,
23519,15714,Basavaraj Iyer,39,M,A2,
23520,15714,Geeta Achar,46,F,A3,
23521,15715,Harish Patil,40,M,A1,REPEAT-053
23522,15715,Nagaraj Gowda,18,M,A2,
23523,15715,Savitha Shetty,53,F,A3,
23524,15716,Shivaraj Setty,38,M,A1,
23525,15717,Ganesh Shetty,40,M,A1,REPEAT-029
23526,15718,Santosh Achar,48,M,A1,
23527,15719,Basavaraj Kumar,43,M,A1,
23528,15720,Mahesh Achar,41,M,A1,
23529,15721,Lakshmi Murthy,44,F,A1,REPEAT-044
23530,15721,Srinivas Murthy,23,M,A2,
23531,15721,Nagaraj Kumar,36,M,A3,
23532,15722,Kumar Shetty,49,M,A1,
23533,15722,Nandini Rao,30,F,A2,
23534,15723,Manjunath Naik,20,M,A1,
23535,15724,Sunita Patil,45,F,A1,
23536,15725,Anita Reddy,30,F,A1,
23537,15726,Mahesh Shetty,37,M,A1,REPEAT-022
23538,15727,Rekha Bhat,42,F,A1,REPEAT-047
23539,15728,Bhagya Rao,44,F,A1,REPEAT-058
23540,15728,Ganesh Achar,47,M,A2,
23541,15728,Manjunath Poojary,19,M,A3,
23542,15729,Ganesh Achar,31,M,A1,
23543,15730,Roopa Patil,28,F,A1,
23544,15731,Harish Poojary,39,M,A1,
23545,15732,Srinivas Naidu,23,M,A1,
23546,15732,Vijay Setty,27,M,A2,
23547,15733,Rekha Rao,37,F,A1,
23548,15733,Ganesh Patil,53,M,A2,
23549,15734,Prakash Patil,47,M,A1,
23550,15735,Srinivas Naidu,38,M,A1,REPEAT-049
23551,15735,Basavaraj Naik,35,M,A2,
23552,15736,Nandini Kumar,42,F,A1,REPEAT-012
23553,15737,Vijay Murthy,49,M,A1,
23554,15737,Shivaraj Reddy,43,M,A2,
23555,15738,Vidya Naik,39,F,A1,
23556,15739,Kumar Setty,37,M,A1,REPEAT-043
23557,15739,Ramesh Patil,25,M,A2,
23558,15740,Srinivas Patil,26,M,A1,
23559,15740,Priya Achar,47,F,A2,
23560,15741,Ravi Bhat,55,M,A1,
23561,15741,Manjunath Murthy,32,M,A2,
23562,15742,Anil Poojary,28,M,A1,
23563,15743,Priya Shetty,54,F,A1,
23564,15744,Nagaraj Bhat,20,M,A1,
23565,15745,Prakash Rao,32,M,A1,
23566,15745,Roopa Naik,30,F,A2,
23567,15746,Suresh Gowda,37,M,A1,
23568,15747,Basavaraj Reddy,43,M,A1,REPEAT-031
23569,15747,Yogesh Iyer,35,M,A2,
23570,15748,Kumar Rao,41,M,A1,
23571,15748,Ganesh Shetty,39,M,A2,
23572,15749,Prakash Shetty,50,M,A1,
23573,15749,Ganesh Murthy,18,M,A2,
23574,15750,Prakash Achar,47,M,A1,
23575,15751,Santosh Shetty,21,M,A1,
23576,15752,Prakash Patil,45,M,A1,
23577,15753,Yogesh Hegde,32,M,A1,
23578,15754,Suresh Naik,39,M,A1,REPEAT-042
23579,15754,Mahesh Kumar,47,M,A2,
23580,15755,Radha Reddy,31,F,A1,
23581,15756,Anita Shetty,28,F,A1,REPEAT-019
23582,15757,Girish Setty,45,M,A1,
23583,15757,Manjunath Gowda,26,M,A2,
23584,15757,Ganesh Kumar,55,M,A3,
23585,15758,Nandini Kumar,43,F,A1,REPEAT-012
23586,15758,Manjunath Bhat,54,M,A2,
23587,15758,Suresh Kumar,37,M,A3,
23588,15759,Shivaraj Poojary,26,M,A1,
23589,15760,Kavya Gowda,49,F,A1,
23590,15761,Yogesh Reddy,36,M,A1,
23591,15761,Deepa Kumar,19,F,A2,
23592,15761,Santosh Iyer,21,M,A3,
23593,15762,Yogesh Naidu,47,M,A1,
23594,15763,Kumar Achar,37,M,A1,
23595,15763,Naveen Setty,33,M,A2,
23596,15763,Pooja Shetty,27,F,A3,
23597,15764,Girish Patil,55,M,A1,
23598,15764,Vijay Reddy,39,M,A2,
23599,15765,Shobha Bhat,25,F,A1,
23600,15766,Nandini Shetty,22,F,A1,REPEAT-011
23601,15767,Harish Achar,25,M,A1,
23602,15768,Pooja Gowda,28,F,A1,
23603,15769,Yogesh Hegde,48,M,A1,
23604,15770,Kavya Patil,27,F,A1,
23605,15770,Ravi Poojary,26,M,A2,
23606,15771,Harish Iyer,35,M,A1,
23607,15771,Anil Achar,25,M,A2,
23608,15771,Vijay Naik,23,M,A3,
23609,15772,Basavaraj Reddy,43,M,A1,REPEAT-031
23610,15772,Manjunath Gowda,39,M,A2,
23611,15772,Santosh Rao,30,M,A3,
23612,15773,Suresh Shetty,42,M,A1,
23613,15774,Yogesh Setty,54,M,A1,
23614,15775,Radha Iyer,37,F,A1,
23615,15775,Ravi Poojary,24,M,A2,
23616,15776,Vijay Bhat,48,M,A1,
23617,15776,Nagaraj Kumar,35,M,A2,
23618,15777,Savitha Murthy,52,F,A1,
23619,15778,Shivaraj Setty,41,M,A1,
23620,15778,Mahesh Reddy,26,M,A2,
23621,15778,Manjula Setty,20,F,A3,
23622,15779,Nandini Patil,45,F,A1,
23623,15779,Savitha Achar,55,F,A2,
23624,15780,Shivaraj Murthy,21,M,A1,
23625,15781,Ganesh Naik,55,M,A1,
23626,15782,Yogesh Kumar,44,M,A1,REPEAT-050
23627,15782,Shwetha Gowda,50,F,A2,
23628,15783,Naveen Setty,32,M,A1,REPEAT-036
23629,15783,Prakash Poojary,30,M,A2,
23630,15784,Rekha Shetty,42,F,A1,
23631,15785,Naveen Murthy,44,M,A1,REPEAT-002
23632,15785,Girish Shetty,21,M,A2,
23633,15786,Vidya Naik,46,F,A1,
23634,15787,Anil Naidu,23,M,A1,
23635,15787,Anil Murthy,45,M,A2,
23636,15788,Pooja Murthy,20,F,A1,
23637,15789,Vidya Naidu,29,F,A1,
23638,15789,Kumar Poojary,36,M,A2,
23639,15789,Shivaraj Iyer,31,M,A3,
23640,15790,Lakshmi Gowda,23,F,A1,
23641,15791,Srinivas Naidu,37,M,A1,REPEAT-049
23642,15792,Shobha Naik,45,F,A1,
23643,15792,Harish Patil,54,M,A2,
23644,15793,Kumar Naik,42,M,A1,
23645,15793,Yogesh Achar,41,M,A2,
23646,15794,Girish Shetty,46,M,A1,
23647,15795,Deepa Poojary,52,F,A1,
23648,15796,Ravi Bhat,19,M,A1,
23649,15797,Basavaraj Naik,21,M,A1,
23650,15798,Vijay Reddy,51,M,A1,
23651,15798,Prakash Gowda,34,M,A2,
23652,15799,Manjunath Patil,23,M,A1,
23653,15800,Harish Setty,49,M,A1,
23654,15801,Mahesh Murthy,24,M,A1,REPEAT-033
23655,15801,Prakash Reddy,25,M,A2,
23656,15801,Srinivas Naik,19,M,A3,
23657,15802,Sunita Bhat,37,F,A1,
23658,15803,Naveen Murthy,43,M,A1,REPEAT-002
23659,15803,Ganesh Iyer,18,M,A2,
23660,15803,Manjunath Kumar,54,M,A3,
23661,15804,Naveen Rao,53,M,A1,
23662,15804,Kavya Naik,34,F,A2,
23663,15804,Manjula Reddy,53,F,A3,
23664,15805,Manjunath Rao,42,M,A1,
23665,15806,Kumar Rao,44,M,A1,REPEAT-018
23666,15806,Nagaraj Reddy,55,M,A2,
23667,15807,Sunita Naidu,49,F,A1,
23668,15807,Manjunath Naidu,23,M,A2,
23669,15808,Anita Poojary,30,F,A1,
23670,15808,Manjunath Hegde,32,M,A2,
23671,15809,Kumar Hegde,28,M,A1,REPEAT-040
23672,15810,Raghu Achar,33,M,A1,
23673,15810,Sunita Hegde,22,F,A2,
23674,15811,Anil Naik,22,M,A1,
23675,15812,Anita Poojary,32,F,A1,
23676,15813,Ganesh Setty,53,M,A1,
23677,15813,Sowmya Gowda,37,F,A2,
23678,15814,Ravi Bhat,22,M,A1,
23679,15814,Ganesh Hegde,21,M,A2,
23680,15815,Ravi Hegde,18,M,A1,
23681,15816,Nagaraj Kumar,52,M,A1,
23682,15817,Manjula Gowda,19,F,A1,
23683,15818,Naveen Murthy,44,M,A1,REPEAT-002
23684,15818,Nagaraj Shetty,48,M,A2,
23685,15819,Girish Kumar,45,M,A1,
23686,15819,Yogesh Naik,51,M,A2,
23687,15820,Kumar Hegde,19,M,A1,
23688,15821,Rekha Murthy,22,F,A1,
23689,15822,Geeta Naidu,28,F,A1,
23690,15823,Shivaraj Patil,27,M,A1,
23691,15824,Rekha Bhat,25,F,A1,
23692,15825,Mahesh Murthy,23,M,A1,REPEAT-033
23693,15826,Anita Gowda,48,F,A1,
23694,15827,Suresh Kumar,47,M,A1,
23695,15828,Manjunath Setty,54,M,A1,
23696,15829,Priya Setty,35,F,A1,
23697,15830,Kavya Patil,33,F,A1,
23698,15830,Radha Setty,54,F,A2,
23699,15830,Vidya Shetty,51,F,A3,
23700,15831,Rekha Poojary,49,F,A1,
23701,15831,Yogesh Iyer,50,M,A2,
23702,15832,Manjunath Bhat,32,M,A1,REPEAT-030
23703,15833,Nagaraj Setty,45,M,A1,REPEAT-003
23704,15833,Anita Murthy,51,F,A2,
23705,15834,Srinivas Achar,20,M,A1,
23706,15835,Vidya Kumar,48,F,A1,
23707,15836,Basavaraj Patil,37,M,A1,
23708,15837,Basavaraj Naidu,18,M,A1,
23709,15837,Anil Gowda,33,M,A2,
23710,15837,Sowmya Reddy,28,F,A3,
23711,15838,Manjunath Murthy,26,M,A1,REPEAT-025
23712,15838,Srinivas Achar,41,M,A2,
23713,15839,Lakshmi Murthy,45,F,A1,REPEAT-044
23714,15840,Geeta Poojary,46,F,A1,
23715,15840,Anil Hegde,36,M,A2,
23716,15841,Ganesh Kumar,55,M,A1,
23717,15842,Yogesh Poojary,30,M,A1,
23718,15842,Nandini Achar,52,F,A2,
23719,15843,Naveen Hegde,40,M,A1,
23720,15843,Sowmya Bhat,21,F,A2,
23721,15843,Yogesh Naidu,46,M,A3,
23722,15844,Srinivas Naik,50,M,A1,
23723,15845,Manjunath Setty,44,M,A1,REPEAT-016
23724,15845,Suresh Rao,19,M,A2,
23725,15845,Girish Bhat,31,M,A3,
23726,15846,Prakash Poojary,53,M,A1,
23727,15847,Suresh Poojary,36,M,A1,
23728,15847,Geeta Achar,34,F,A2,
23729,15847,Nagaraj Naidu,30,M,A3,
23730,15848,Ravi Patil,20,M,A1,
23731,15849,Deepa Hegde,38,F,A1,
23732,15850,Manjunath Iyer,49,M,A1,
23733,15851,Yogesh Naidu,34,M,A1,
23734,15851,Roopa Iyer,30,F,A2,
23735,15852,Girish Naidu,30,M,A1,
23736,15852,Rekha Kumar,23,F,A2,
23737,15852,Pooja Rao,33,F,A3,
23738,15853,Sowmya Naik,47,F,A1,
23739,15853,Raghu Bhat,21,M,A2,
23740,15853,Sowmya Patil,39,F,A3,
23741,15854,Yogesh Naik,35,M,A1,
23742,15854,Prakash Shetty,30,M,A2,
23743,15855,Mahesh Murthy,23,M,A1,REPEAT-033
23744,15855,Shobha Hegde,24,F,A2,
23745,15856,Chaya Kumar,36,F,A1,
23746,15856,Shivaraj Hegde,48,M,A2,
23747,15857,Priya Rao,21,F,A1,
23748,15858,Prakash Kumar,34,M,A1,
23749,15859,Kumar Achar,25,M,A1,
23750,15860,Lakshmi Achar,47,F,A1,
23751,15860,Raghu Murthy,50,M,A2,
23752,15860,Girish Patil,52,M,A3,
23753,15861,Naveen Bhat,39,M,A1,
23754,15862,Nagaraj Setty,45,M,A1,REPEAT-003
23755,15862,Sowmya Rao,42,F,A2,
23756,15863,Radha Reddy,25,F,A1,
23757,15864,Srinivas Murthy,53,M,A1,
23758,15865,Anita Shetty,28,F,A1,REPEAT-019
23759,15865,Kumar Murthy,42,M,A2,
23760,15865,Naveen Achar,44,M,A3,
23761,15866,Basavaraj Reddy,21,M,A1,
23762,15867,Shivaraj Poojary,40,M,A1,
23763,15868,Ramesh Kumar,51,M,A1,
23764,15869,Ravi Naidu,18,M,A1,
23765,15869,Girish Poojary,28,M,A2,
23766,15870,Anil Murthy,18,M,A1,
23767,15870,Mahesh Kumar,45,M,A2,
23768,15871,Radha Reddy,44,F,A1,REPEAT-055
23769,15872,Raghu Setty,31,M,A1,
23770,15872,Prakash Iyer,42,M,A2,
23771,15873,Ramesh Shetty,46,M,A1,
23772,15873,Ganesh Patil,23,M,A2,
23773,15874,Nandini Bhat,40,F,A1,
23774,15874,Vijay Murthy,45,M,A2,
23775,15875,Naveen Setty,47,M,A1,
23776,15875,Ravi Achar,45,M,A2,
23777,15875,Suresh Shetty,27,M,A3,
23778,15876,Harish Naidu,37,M,A1,REPEAT-015
23779,15877,Girish Rao,22,M,A1,
23780,15878,Ganesh Patil,24,M,A1,
23781,15878,Girish Murthy,24,M,A2,
23782,15879,Kumar Naik,44,M,A1,
23783,15880,Radha Gowda,38,F,A1,
23784,15880,Lakshmi Poojary,42,F,A2,
23785,15881,Nandini Poojary,39,F,A1,
23786,15881,Vidya Rao,26,F,A2,
23787,15882,Prakash Setty,43,M,A1,
23788,15882,Yogesh Naidu,35,M,A2,
23789,15882,Prakash Murthy,29,M,A3,
23790,15883,Radha Kumar,51,F,A1,
23791,15883,Basavaraj Hegde,51,M,A2,
23792,15883,Ramesh Bhat,30,M,A3,
23793,15884,Shivaraj Reddy,29,M,A1,
23794,15884,Sowmya Gowda,18,F,A2,
23795,15885,Yogesh Shetty,21,M,A1,
23796,15886,Nandini Reddy,45,F,A1,
23797,15886,Harish Rao,21,M,A2,
23798,15887,Kumar Gowda,22,M,A1,
23799,15887,Santosh Rao,34,M,A2,
23800,15888,Vijay Poojary,30,M,A1,
23801,15888,Pooja Achar,35,F,A2,
23802,15889,Radha Rao,26,F,A1,
23803,15890,Naveen Murthy,43,M,A1,REPEAT-002
23804,15891,Srinivas Bhat,21,M,A1,
23805,15891,Shivaraj Shetty,46,M,A2,
23806,15892,Radha Shetty,18,F,A1,
23807,15893,Ramesh Rao,40,M,A1,
23808,15894,Girish Gowda,51,M,A1,
23809,15894,Srinivas Achar,45,M,A2,
23810,15895,Harish Naidu,37,M,A1,REPEAT-015
23811,15896,Ganesh Rao,51,M,A1,
23812,15896,Santosh Iyer,32,M,A2,
23813,15897,Geeta Gowda,31,F,A1,
23814,15897,Bhagya Murthy,44,F,A2,
23815,15897,Yogesh Kumar,35,M,A3,
23816,15898,Shivaraj Rao,42,M,A1,
23817,15898,Manjunath Naidu,46,M,A2,
23818,15899,Naveen Setty,32,M,A1,REPEAT-036
23819,15900,Ravi Setty,53,M,A1,
23820,15901,Suresh Murthy,25,M,A1,
23821,15901,Suresh Achar,22,M,A2,
23822,15902,Sunita Gowda,55,F,A1,
23823,15903,Shivaraj Poojary,20,M,A1,
23824,15903,Raghu Iyer,28,M,A2,
23825,15904,Basavaraj Setty,48,M,A1,
23826,15904,Yogesh Murthy,38,M,A2,
23827,15905,Nandini Naidu,19,F,A1,
23828,15906,Harish Naidu,37,M,A1,REPEAT-015
23829,15906,Vijay Gowda,35,M,A2,
23830,15907,Harish Achar,45,M,A1,REPEAT-057
23831,15908,Deepa Iyer,52,F,A1,
23832,15908,Anita Rao,31,F,A2,
23833,15909,Mahesh Setty,44,M,A1,
23834,15910,Yogesh Naidu,24,M,A1,REPEAT-001
23835,15910,Nagaraj Reddy,49,M,A2,
23836,15911,Ganesh Shetty,45,M,A1,
23837,15912,Radha Reddy,44,F,A1,REPEAT-055
23838,15912,Mahesh Patil,33,M,A2,
23839,15912,Santosh Patil,37,M,A3,
23840,15913,Radha Gowda,22,F,A1,
23841,15913,Roopa Gowda,21,F,A2,
23842,15914,Manjunath Murthy,25,M,A1,REPEAT-025
23843,15915,Srinivas Gowda,37,M,A1,
23844,15916,Sowmya Bhat,41,F,A1,
23845,15916,Nagaraj Gowda,51,M,A2,
23846,15916,Girish Naidu,21,M,A3,
23847,15917,Anil Shetty,52,M,A1,
23848,15918,Shivaraj Kumar,45,M,A1,
23849,15919,Harish Iyer,51,M,A1,
23850,15920,Anita Reddy,22,F,A1,
23851,15920,Roopa Rao,45,F,A2,
23852,15920,Yogesh Kumar,37,M,A3,
23853,15921,Manjula Kumar,21,F,A1,
23854,15921,Lakshmi Patil,37,F,A2,
23855,15921,Ramesh Achar,40,M,A3,
23856,15922,Nagaraj Naidu,32,M,A1,
23857,15923,Suresh Naik,38,M,A1,REPEAT-042
23858,15923,Manjula Gowda,39,F,A2,
23859,15924,Pooja Setty,38,F,A1,
23860,15925,Priya Kumar,55,F,A1,
23861,15925,Nagaraj Murthy,42,M,A2,
23862,15925,Sowmya Hegde,48,F,A3,
23863,15926,Harish Achar,45,M,A1,REPEAT-057
23864,15926,Vijay Setty,46,M,A2,
23865,15927,Basavaraj Shetty,25,M,A1,
23866,15928,Mahesh Shetty,37,M,A1,REPEAT-022
23867,15928,Harish Naidu,21,M,A2,
23868,15929,Nagaraj Rao,24,M,A1,REPEAT-026
23869,15930,Chaya Achar,18,F,A1,
23870,15931,Ravi Shetty,40,M,A1,
23871,15931,Raghu Patil,53,M,A2,
23872,15932,Harish Patil,39,M,A1,REPEAT-053
23873,15933,Mahesh Murthy,24,M,A1,REPEAT-033
23874,15934,Mahesh Rao,26,M,A1,
23875,15934,Sowmya Shetty,19,F,A2,
23876,15935,Roopa Setty,40,F,A1,
23877,15936,Nagaraj Patil,19,M,A1,
23878,15937,Yogesh Patil,35,M,A1,
23879,15938,Raghu Naik,20,M,A1,
23880,15939,Vijay Murthy,34,M,A1,
23881,15939,Rekha Patil,51,F,A2,
23882,15940,Shivaraj Poojary,38,M,A1,
23883,15941,Mahesh Iyer,25,M,A1,
23884,15942,Vijay Hegde,20,M,A1,
23885,15943,Basavaraj Reddy,42,M,A1,REPEAT-031
23886,15944,Suresh Patil,25,M,A1,
23887,15945,Vidya Achar,21,F,A1,
23888,15945,Basavaraj Patil,19,M,A2,
23889,15946,Manjunath Reddy,23,M,A1,
23890,15947,Shivaraj Rao,41,M,A1,
23891,15948,Lakshmi Murthy,45,F,A1,REPEAT-044
23892,15949,Manjunath Patil,47,M,A1,
23893,15950,Kavya Gowda,31,F,A1,
23894,15950,Ramesh Kumar,35,M,A2,
23895,15951,Geeta Naik,42,F,A1,
23896,15952,Ganesh Naik,39,M,A1,
23897,15952,Chaya Murthy,36,F,A2,
23898,15953,Nagaraj Reddy,27,M,A1,
23899,15954,Radha Naik,33,F,A1,
23900,15955,Ganesh Reddy,22,M,A1,
23901,15955,Anita Setty,52,F,A2,
23902,15955,Shwetha Hegde,35,F,A3,
23903,15956,Manjunath Shetty,52,M,A1,
23904,15957,Shwetha Shetty,48,F,A1,
23905,15957,Bhagya Reddy,26,F,A2,
23906,15957,Suresh Hegde,32,M,A3,
23907,15958,Ganesh Shetty,36,M,A1,
23908,15958,Yogesh Rao,29,M,A2,
23909,15959,Radha Bhat,34,F,A1,
23910,15960,Srinivas Hegde,32,M,A1,REPEAT-046
23911,15960,Pooja Patil,41,F,A2,
23912,15961,Ravi Reddy,30,M,A1,
23913,15962,Pooja Naik,18,F,A1,
23914,15962,Girish Iyer,29,M,A2,
23915,15963,Mahesh Gowda,19,M,A1,
23916,15964,Radha Reddy,44,F,A1,REPEAT-055
23917,15964,Sowmya Patil,28,F,A2,
23918,15965,Shivaraj Kumar,30,M,A1,REPEAT-024
23919,15965,Sunita Reddy,37,F,A2,
23920,15966,Naveen Iyer,34,M,A1,
23921,15967,Bhagya Murthy,47,F,A1,
23922,15968,Santosh Reddy,39,M,A1,
23923,15969,Rekha Naidu,47,F,A1,
23924,15969,Mahesh Gowda,50,M,A2,
23925,15970,Harish Naidu,48,M,A1,
23926,15971,Vijay Poojary,29,M,A1,
23927,15972,Shivaraj Reddy,28,M,A1,
23928,15973,Shwetha Naik,43,F,A1,
23929,15973,Vidya Achar,52,F,A2,
23930,15974,Basavaraj Naik,38,M,A1,
23931,15974,Priya Reddy,35,F,A2,
23932,15974,Anita Achar,53,F,A3,
23933,15975,Raghu Murthy,27,M,A1,
23934,15975,Ganesh Setty,51,M,A2,
23935,15976,Ravi Rao,45,M,A1,
23936,15977,Roopa Murthy,41,F,A1,
23937,15977,Chaya Shetty,28,F,A2,
23938,15978,Savitha Poojary,39,F,A1,
23939,15979,Ganesh Achar,30,M,A1,
23940,15980,Srinivas Naidu,27,M,A1,
23941,15980,Girish Naik,29,M,A2,
23942,15981,Yogesh Patil,28,M,A1,
23943,15982,Naveen Murthy,43,M,A1,REPEAT-002
23944,15983,Priya Murthy,23,F,A1,REPEAT-010
23945,15983,Ramesh Poojary,50,M,A2,
23946,15983,Deepa Rao,53,F,A3,
23947,15984,Prakash Naidu,21,M,A1,
23948,15985,Prakash Bhat,47,M,A1,
23949,15986,Srinivas Setty,39,M,A1,
23950,15987,Geeta Shetty,30,F,A1,
23951,15988,Ravi Setty,31,M,A1,
23952,15988,Basavaraj Rao,39,M,A2,
23953,15989,Anil Bhat,35,M,A1,REPEAT-005
23954,15990,Manjula Naidu,18,F,A1,
23955,15990,Ganesh Naik,55,M,A2,
23956,15990,Harish Gowda,25,M,A3,
23957,15991,Mahesh Setty,42,M,A1,
23958,15992,Mahesh Rao,32,M,A1,
23959,15993,Manjunath Murthy,20,M,A1,
23960,15994,Roopa Reddy,36,F,A1,
23961,15995,Srinivas Naik,18,M,A1,
23962,15995,Anil Murthy,18,M,A2,
23963,15996,Geeta Naik,40,F,A1,
23964,15997,Ramesh Reddy,33,M,A1,
23965,15997,Yogesh Gowda,49,M,A2,
23966,15997,Ramesh Gowda,42,M,A3,
23967,15998,Ganesh Gowda,52,M,A1,
23968,15999,Nagaraj Murthy,51,M,A1,
23969,16000,Kavya Achar,27,F,A1,
23970,16000,Ramesh Rao,55,M,A2,
23971,16001,Manjunath Bhat,33,M,A1,REPEAT-030
23972,16002,Manjula Poojary,32,F,A1,
23973,16003,Shivaraj Patil,22,M,A1,
23974,16004,Ramesh Poojary,54,M,A1,
23975,16005,Kumar Rao,44,M,A1,REPEAT-018
23976,16006,Srinivas Poojary,42,M,A1,
23977,16006,Naveen Rao,26,M,A2,
23978,16007,Roopa Iyer,22,F,A1,
23979,16008,Manjunath Naidu,53,M,A1,
23980,16009,Savitha Bhat,25,F,A1,
23981,16010,Prakash Shetty,34,M,A1,
23982,16011,Yogesh Naik,18,M,A1,
23983,16011,Shivaraj Setty,25,M,A2,
23984,16012,Kumar Patil,24,M,A1,
23985,16012,Ganesh Kumar,55,M,A2,
23986,16013,Savitha Kumar,26,F,A1,
23987,16013,Suresh Naik,40,M,A2,
23988,16013,Ganesh Kumar,35,M,A3,
23989,16014,Manjula Setty,46,F,A1,
23990,16014,Priya Gowda,37,F,A2,
23991,16014,Anita Reddy,31,F,A3,
23992,16015,Nagaraj Naidu,36,M,A1,REPEAT-035
23993,16015,Anil Rao,20,M,A2,
23994,16016,Vijay Shetty,21,M,A1,REPEAT-007
23995,16016,Santosh Naik,20,M,A2,
23996,16017,Harish Poojary,44,M,A1,
23997,16018,Manjula Naidu,35,F,A1,
23998,16019,Nandini Setty,32,F,A1,
23999,16019,Anil Setty,34,M,A2,
24000,16019,Prakash Patil,45,M,A3,
24001,16020,Geeta Kumar,51,F,A1,
24002,16021,Suresh Setty,34,M,A1,
24003,16022,Mahesh Murthy,23,M,A1,REPEAT-033
24004,16023,Nandini Kumar,42,F,A1,REPEAT-012
24005,16024,Nandini Bhat,36,F,A1,
24006,16024,Nandini Naik,35,F,A2,
24007,16025,Santosh Kumar,45,M,A1,
24008,16026,Girish Naidu,26,M,A1,
24009,16027,Nagaraj Setty,45,M,A1,REPEAT-003
24010,16028,Ramesh Gowda,28,M,A1,
24011,16029,Shobha Gowda,45,F,A1,
24012,16030,Raghu Iyer,50,M,A1,
24013,16031,Nandini Kumar,25,F,A1,
24014,16031,Mahesh Murthy,39,M,A2,
24015,16032,Shobha Rao,35,F,A1,
24016,16032,Yogesh Gowda,29,M,A2,
24017,16032,Raghu Bhat,34,M,A3,
24018,16033,Vijay Bhat,18,M,A1,
24019,16033,Shwetha Achar,37,F,A2,
24020,16034,Raghu Reddy,37,M,A1,
24021,16035,Suresh Reddy,33,M,A1,
24022,16035,Chaya Rao,43,F,A2,
24023,16035,Mahesh Setty,43,M,A3,
24024,16036,Kavya Poojary,41,F,A1,
24025,16036,Mahesh Achar,22,M,A2,
24026,16036,Lakshmi Murthy,40,F,A3,
24027,16037,Anita Shetty,28,F,A1,REPEAT-019
24028,16037,Ramesh Setty,47,M,A2,
24029,16038,Santosh Setty,41,M,A1,
24030,16038,Shwetha Gowda,49,F,A2,
24031,16039,Basavaraj Hegde,19,M,A1,
24032,16039,Ramesh Patil,36,M,A2,
24033,16040,Nandini Shetty,22,F,A1,REPEAT-011
24034,16040,Raghu Gowda,18,M,A2,
24035,16041,Shivaraj Setty,36,M,A1,
24036,16042,Deepa Naik,55,F,A1,
24037,16042,Rekha Shetty,49,F,A2,
24038,16043,Santosh Naidu,42,M,A1,
24039,16044,Anil Rao,43,M,A1,
24040,16045,Mahesh Murthy,23,M,A1,REPEAT-033
24041,16045,Suresh Bhat,28,M,A2,
24042,16046,Manjunath Setty,44,M,A1,REPEAT-016
24043,16047,Basavaraj Iyer,52,M,A1,
24044,16048,Savitha Naidu,41,F,A1,
24045,16049,Anita Patil,24,F,A1,REPEAT-014
24046,16049,Harish Reddy,37,M,A2,
24047,16049,Lakshmi Achar,50,F,A3,
24048,16050,Girish Setty,49,M,A1,
24049,16051,Radha Setty,44,F,A1,
24050,16051,Yogesh Patil,19,M,A2,
24051,16052,Kumar Gowda,33,M,A1,
24052,16052,Anita Patil,50,F,A2,
24053,16053,Mahesh Shetty,37,M,A1,REPEAT-022
24054,16054,Suresh Shetty,37,M,A1,
24055,16054,Santosh Rao,37,M,A2,
24056,16054,Srinivas Hegde,29,M,A3,
24057,16055,Mahesh Shetty,27,M,A1,
24058,16055,Girish Gowda,28,M,A2,
24059,16056,Nagaraj Naidu,36,M,A1,REPEAT-035
24060,16057,Vijay Shetty,21,M,A1,REPEAT-007
24061,16058,Bhagya Hegde,37,F,A1,
24062,16058,Vijay Murthy,31,M,A2,
24063,16059,Nagaraj Reddy,44,M,A1,
24064,16060,Manjunath Setty,43,M,A1,REPEAT-016
24065,16061,Ramesh Iyer,24,M,A1,
24066,16062,Vijay Shetty,21,M,A1,REPEAT-007
24067,16063,Vijay Naik,53,M,A1,
24068,16063,Raghu Murthy,38,M,A2,
24069,16064,Bhagya Murthy,55,F,A1,
24070,16065,Shobha Rao,51,F,A1,
24071,16065,Srinivas Iyer,25,M,A2,
24072,16066,Naveen Naidu,47,M,A1,
24073,16066,Girish Shetty,38,M,A2,
24074,16067,Sowmya Rao,55,F,A1,
24075,16068,Yogesh Gowda,21,M,A1,
24076,16069,Sunita Naidu,33,F,A1,
24077,16070,Shobha Achar,30,F,A1,
24078,16071,Vijay Naik,52,M,A1,
24079,16072,Radha Reddy,44,F,A1,REPEAT-055
24080,16073,Mahesh Shetty,37,M,A1,REPEAT-022
24081,16073,Naveen Setty,38,M,A2,
24082,16074,Mahesh Shetty,38,M,A1,REPEAT-022
24083,16075,Roopa Kumar,42,F,A1,
24084,16076,Chaya Naik,23,F,A1,
24085,16076,Yogesh Achar,28,M,A2,
24086,16077,Radha Reddy,44,F,A1,REPEAT-055
24087,16078,Ganesh Kumar,51,M,A1,
24088,16079,Ravi Naik,41,M,A1,REPEAT-008
24089,16080,Kavya Naik,35,F,A1,
24090,16081,Priya Iyer,31,F,A1,
24091,16082,Rekha Hegde,40,F,A1,
24092,16082,Ravi Rao,41,M,A2,
24093,16083,Srinivas Setty,32,M,A1,
24094,16084,Vidya Naidu,49,F,A1,
24095,16085,Mahesh Shetty,37,M,A1,REPEAT-022
24096,16086,Vijay Shetty,21,M,A1,REPEAT-007
24097,16087,Prakash Naidu,38,M,A1,
24098,16088,Srinivas Naidu,21,M,A1,
24099,16089,Anil Gowda,21,M,A1,REPEAT-052
24100,16089,Ganesh Hegde,54,M,A2,
24101,16090,Naveen Murthy,43,M,A1,REPEAT-002
24102,16090,Roopa Gowda,19,F,A2,
24103,16091,Naveen Murthy,21,M,A1,
24104,16091,Shwetha Shetty,23,F,A2,
24105,16092,Sowmya Achar,33,F,A1,
24106,16093,Girish Poojary,55,M,A1,
24107,16093,Girish Naik,40,M,A2,
24108,16094,Priya Murthy,23,F,A1,REPEAT-010
24109,16095,Shwetha Gowda,26,F,A1,
24110,16095,Nandini Achar,47,F,A2,
24111,16095,Kumar Reddy,35,M,A3,
24112,16096,Chaya Bhat,26,F,A1,
24113,16097,Sunita Kumar,54,F,A1,
24114,16098,Basavaraj Reddy,42,M,A1,REPEAT-031
24115,16099,Vijay Reddy,22,M,A1,
24116,16099,Sunita Poojary,26,F,A2,
24117,16099,Manjunath Shetty,54,M,A3,
24118,16100,Naveen Shetty,48,M,A1,
24119,16101,Yogesh Naidu,25,M,A1,REPEAT-001
24120,16101,Raghu Kumar,18,M,A2,
24121,16101,Kumar Poojary,21,M,A3,
24122,16102,Girish Patil,24,M,A1,
24123,16102,Vijay Achar,41,M,A2,
24124,16103,Manjunath Bhat,33,M,A1,REPEAT-030
24125,16104,Prakash Patil,35,M,A1,
24126,16104,Chaya Murthy,39,F,A2,
24127,16105,Raghu Hegde,39,M,A1,
24128,16106,Raghu Gowda,27,M,A1,
24129,16106,Prakash Gowda,29,M,A2,
24130,16107,Santosh Rao,41,M,A1,REPEAT-027
24131,16108,Yogesh Patil,23,M,A1,
24132,16109,Anil Naik,36,M,A1,
24133,16109,Chaya Poojary,49,F,A2,
24134,16110,Santosh Kumar,44,M,A1,
24135,16110,Basavaraj Bhat,42,M,A2,
24136,16111,Harish Naidu,36,M,A1,REPEAT-015
24137,16111,Chaya Shetty,48,F,A2,
24138,16112,Srinivas Naidu,37,M,A1,REPEAT-049
24139,16113,Anil Poojary,54,M,A1,
24140,16113,Girish Patil,45,M,A2,
24141,16113,Bhagya Rao,53,F,A3,
24142,16114,Manjunath Gowda,18,M,A1,
24143,16115,Basavaraj Shetty,40,M,A1,REPEAT-023
24144,16116,Mahesh Shetty,38,M,A1,REPEAT-022
24145,16117,Mahesh Hegde,26,M,A1,
24146,16118,Shobha Iyer,33,F,A1,
24147,16118,Shwetha Shetty,28,F,A2,
24148,16118,Girish Murthy,55,M,A3,
24149,16119,Rekha Iyer,20,F,A1,
24150,16120,Shwetha Poojary,47,F,A1,
24151,16121,Ravi Gowda,20,M,A1,
24152,16121,Geeta Iyer,26,F,A2,
24153,16122,Anil Bhat,34,M,A1,REPEAT-005
24154,16123,Anil Bhat,35,M,A1,REPEAT-005
24155,16124,Manjunath Murthy,25,M,A1,REPEAT-025
24156,16125,Shobha Hegde,54,F,A1,
24157,16125,Vijay Naik,27,M,A2,
24158,16126,Ramesh Bhat,48,M,A1,
24159,16127,Basavaraj Iyer,53,M,A1,
24160,16128,Srinivas Naidu,37,M,A1,REPEAT-049
24161,16128,Ravi Iyer,33,M,A2,
24162,16129,Chaya Murthy,44,F,A1,
24163,16130,Lakshmi Bhat,51,F,A1,
24164,16130,Raghu Naik,40,M,A2,
24165,16131,Ravi Rao,46,M,A1,
24166,16131,Vijay Naik,40,M,A2,
24167,16132,Chaya Patil,39,F,A1,
24168,16133,Santosh Naidu,37,M,A1,
24169,16134,Lakshmi Bhat,27,F,A1,
24170,16135,Prakash Poojary,36,M,A1,
24171,16135,Nagaraj Setty,28,M,A2,
24172,16136,Harish Achar,46,M,A1,REPEAT-057
24173,16137,Vijay Naik,38,M,A1,
24174,16138,Radha Hegde,32,F,A1,
24175,16139,Suresh Bhat,50,M,A1,
24176,16140,Harish Naidu,36,M,A1,REPEAT-015
24177,16141,Shivaraj Shetty,30,M,A1,
24178,16141,Nagaraj Patil,19,M,A2,
24179,16142,Manjunath Iyer,19,M,A1,
24180,16143,Nagaraj Gowda,26,M,A1,
24181,16143,Ravi Patil,38,M,A2,
24182,16144,Shivaraj Poojary,20,M,A1,
24183,16145,Roopa Reddy,38,F,A1,
24184,16146,Nandini Kumar,43,F,A1,REPEAT-012
24185,16147,Manjula Shetty,36,F,A1,
24186,16148,Roopa Reddy,49,F,A1,
24187,16148,Savitha Rao,45,F,A2,
24188,16149,Ramesh Kumar,39,M,A1,
24189,16150,Suresh Naik,54,M,A1,
24190,16151,Shobha Shetty,31,F,A1,REPEAT-017
24191,16151,Raghu Murthy,21,M,A2,
24192,16151,Manjunath Iyer,47,M,A3,
24193,16152,Anil Achar,42,M,A1,
24194,16153,Harish Shetty,18,M,A1,
24195,16153,Santosh Gowda,46,M,A2,
24196,16154,Chaya Poojary,47,F,A1,
24197,16154,Savitha Gowda,42,F,A2,
24198,16155,Yogesh Murthy,37,M,A1,
24199,16156,Santosh Shetty,33,M,A1,
24200,16157,Suresh Naik,21,M,A1,
24201,16158,Pooja Naidu,55,F,A1,
24202,16158,Naveen Poojary,35,M,A2,
24203,16159,Mahesh Iyer,43,M,A1,
24204,16159,Vijay Hegde,28,M,A2,
24205,16160,Manjunath Reddy,48,M,A1,
24206,16161,Nandini Gowda,31,F,A1,
24207,16162,Mahesh Shetty,38,M,A1,REPEAT-022
24208,16163,Girish Achar,33,M,A1,
24209,16164,Ravi Rao,41,M,A1,
24210,16165,Geeta Naik,24,F,A1,
24211,16166,Nagaraj Poojary,55,M,A1,
24212,16166,Kumar Reddy,53,M,A2,
24213,16167,Sunita Rao,19,F,A1,
24214,16168,Harish Bhat,33,M,A1,
24215,16169,Manjula Poojary,34,F,A1,
24216,16169,Harish Rao,18,M,A2,
24217,16169,Nandini Bhat,36,F,A3,
24218,16170,Pooja Naik,35,F,A1,
24219,16170,Harish Naik,23,M,A2,
24220,16171,Manjunath Setty,18,M,A1,
24221,16171,Harish Poojary,27,M,A2,
24222,16172,Radha Patil,44,F,A1,
24223,16172,Vijay Naidu,43,M,A2,
24224,16172,Anil Iyer,32,M,A3,
24225,16173,Ganesh Patil,40,M,A1,
24226,16174,Ganesh Rao,37,M,A1,
24227,16174,Nagaraj Reddy,47,M,A2,
24228,16175,Srinivas Iyer,25,M,A1,
24229,16176,Raghu Naidu,29,M,A1,
24230,16177,Sunita Patil,45,F,A1,
24231,16178,Nandini Patil,30,F,A1,
24232,16179,Harish Hegde,37,M,A1,
24233,16180,Vijay Shetty,21,M,A1,REPEAT-007
24234,16181,Anil Bhat,35,M,A1,REPEAT-005
24235,16182,Shwetha Naidu,36,F,A1,
24236,16183,Prakash Bhat,28,M,A1,
24237,16183,Harish Poojary,54,M,A2,
24238,16184,Shivaraj Gowda,49,M,A1,
24239,16185,Shivaraj Achar,38,M,A1,
24240,16185,Vijay Murthy,40,M,A2,
24241,16185,Srinivas Hegde,26,M,A3,
24242,16186,Chaya Reddy,49,F,A1,
24243,16187,Yogesh Hegde,33,M,A1,
24244,16188,Suresh Setty,31,M,A1,REPEAT-034
24245,16188,Ravi Hegde,50,M,A2,
24246,16189,Anil Bhat,41,M,A1,REPEAT-054
24247,16189,Yogesh Iyer,25,M,A2,
24248,16190,Nandini Gowda,28,F,A1,
24249,16191,Ravi Iyer,22,M,A1,
24250,16192,Lakshmi Murthy,44,F,A1,REPEAT-044
24251,16193,Vijay Murthy,19,M,A1,
24252,16193,Geeta Poojary,55,F,A2,
24253,16194,Kumar Gowda,50,M,A1,
24254,16195,Manjunath Bhat,39,M,A1,
24255,16195,Anil Rao,37,M,A2,
24256,16196,Girish Naik,44,M,A1,
24257,16196,Harish Shetty,29,M,A2,
24258,16196,Vijay Reddy,39,M,A3,
24259,16197,Geeta Shetty,28,F,A1,
24260,16198,Sowmya Bhat,21,F,A1,
24261,16199,Ramesh Patil,52,M,A1,
24262,16200,Basavaraj Kumar,45,M,A1,
24263,16201,Ramesh Reddy,39,M,A1,
24264,16202,Ravi Kumar,27,M,A1,
24265,16203,Vidya Bhat,28,F,A1,
24266,16204,Santosh Murthy,32,M,A1,
24267,16204,Naveen Gowda,27,M,A2,
24268,16204,Srinivas Reddy,48,M,A3,
24269,16205,Vijay Rao,23,M,A1,
24270,16205,Rekha Naik,51,F,A2,
24271,16206,Geeta Murthy,27,F,A1,
24272,16206,Kumar Rao,53,M,A2,
24273,16207,Prakash Patil,29,M,A1,
24274,16208,Anil Achar,26,M,A1,
24275,16209,Suresh Hegde,44,M,A1,
24276,16209,Roopa Hegde,30,F,A2,
24277,16210,Srinivas Naik,45,M,A1,
24278,16211,Nagaraj Iyer,23,M,A1,
24279,16211,Priya Hegde,32,F,A2,
24280,16212,Harish Achar,45,M,A1,REPEAT-057
24281,16213,Nandini Shetty,22,F,A1,REPEAT-011
24282,16214,Kumar Hegde,24,M,A1,
24283,16214,Savitha Patil,44,F,A2,
24284,16214,Suresh Murthy,33,M,A3,
24285,16215,Naveen Murthy,43,M,A1,REPEAT-002
24286,16216,Priya Hegde,33,F,A1,
24287,16217,Nagaraj Rao,25,M,A1,REPEAT-026
24288,16218,Ganesh Achar,39,M,A1,
24289,16218,Lakshmi Iyer,55,F,A2,
24290,16218,Ramesh Shetty,31,M,A3,
24291,16219,Vidya Iyer,23,F,A1,
24292,16219,Santosh Iyer,54,M,A2,
24293,16220,Naveen Bhat,55,M,A1,
24294,16221,Chaya Setty,38,F,A1,
24295,16222,Basavaraj Poojary,43,M,A1,
24296,16222,Yogesh Rao,40,M,A2,
24297,16223,Radha Hegde,54,F,A1,
24298,16223,Girish Murthy,28,M,A2,
24299,16224,Kavya Gowda,49,F,A1,
24300,16224,Suresh Murthy,28,M,A2,
24301,16225,Harish Reddy,38,M,A1,
24302,16225,Ravi Patil,22,M,A2,
24303,16226,Mahesh Naidu,55,M,A1,
24304,16227,Roopa Hegde,29,F,A1,
24305,16228,Mahesh Reddy,36,M,A1,
24306,16228,Shobha Rao,29,F,A2,
24307,16228,Roopa Hegde,47,F,A3,
24308,16229,Harish Naidu,37,M,A1,REPEAT-015
24309,16230,Anita Murthy,55,F,A1,
24310,16231,Basavaraj Poojary,29,M,A1,
24311,16231,Lakshmi Achar,44,F,A2,
24312,16232,Ganesh Shetty,33,M,A1,
24313,16233,Rekha Poojary,24,F,A1,
24314,16234,Nandini Shetty,22,F,A1,REPEAT-011
24315,16235,Srinivas Achar,18,M,A1,
24316,16235,Anil Naidu,36,M,A2,
24317,16236,Geeta Naik,36,F,A1,
24318,16236,Chaya Hegde,26,F,A2,
24319,16237,Nagaraj Rao,55,M,A1,
24320,16238,Anil Bhat,42,M,A1,REPEAT-054
24321,16239,Ganesh Poojary,25,M,A1,
24322,16240,Anita Shetty,29,F,A1,REPEAT-019
24323,16240,Srinivas Naidu,34,M,A2,
24324,16240,Kumar Setty,50,M,A3,
24325,16241,Nagaraj Poojary,29,M,A1,
24326,16242,Harish Reddy,26,M,A1,
24327,16243,Raghu Shetty,19,M,A1,
24328,16243,Basavaraj Rao,27,M,A2,
24329,16244,Mahesh Bhat,45,M,A1,
24330,16244,Ramesh Naik,23,M,A2,
24331,16245,Bhagya Shetty,55,F,A1,
24332,16245,Girish Setty,43,M,A2,
24333,16246,Ravi Rao,38,M,A1,
24334,16247,Naveen Patil,53,M,A1,
24335,16247,Sowmya Reddy,26,F,A2,
24336,16248,Kumar Naidu,41,M,A1,
24337,16249,Nandini Naik,29,F,A1,
24338,16249,Kavya Shetty,51,F,A2,
24339,16250,Nagaraj Setty,46,M,A1,REPEAT-003
24340,16251,Harish Achar,45,M,A1,REPEAT-057
24341,16252,Bhagya Rao,29,F,A1,
24342,16253,Manjunath Bhat,25,M,A1,
24343,16254,Vijay Shetty,21,M,A1,REPEAT-007
24344,16255,Radha Reddy,31,F,A1,
24345,16256,Srinivas Murthy,32,M,A1,
24346,16257,Shivaraj Achar,38,M,A1,
24347,16257,Shobha Rao,36,F,A2,
24348,16257,Geeta Naik,40,F,A3,
24349,16258,Vijay Reddy,19,M,A1,
24350,16258,Anita Naik,23,F,A2,
24351,16259,Shivaraj Patil,50,M,A1,
24352,16260,Sunita Iyer,27,F,A1,
24353,16260,Mahesh Shetty,18,M,A2,
24354,16261,Nagaraj Setty,22,M,A1,
24355,16261,Harish Hegde,55,M,A2,
24356,16261,Roopa Murthy,32,F,A3,
24357,16262,Sunita Kumar,42,F,A1,
24358,16263,Yogesh Poojary,33,M,A1,
24359,16263,Manjunath Naidu,36,M,A2,
24360,16264,Nandini Reddy,49,F,A1,
24361,16264,Suresh Rao,23,M,A2,
24362,16264,Shobha Naik,32,F,A3,
24363,16265,Manjunath Bhat,32,M,A1,REPEAT-030
24364,16265,Shobha Kumar,33,F,A2,
24365,16266,Vijay Naik,42,M,A1,
24366,16267,Manjunath Hegde,33,M,A1,
24367,16268,Nagaraj Setty,46,M,A1,REPEAT-003
24368,16269,Raghu Achar,24,M,A1,
24369,16270,Anil Murthy,35,M,A1,
24370,16270,Roopa Naik,54,F,A2,
24371,16271,Ganesh Hegde,19,M,A1,
24372,16271,Vijay Patil,32,M,A2,
24373,16272,Yogesh Patil,38,M,A1,
24374,16273,Yogesh Patil,52,M,A1,
24375,16274,Manjunath Shetty,30,M,A1,
24376,16274,Priya Kumar,28,F,A2,
24377,16275,Mahesh Hegde,52,M,A1,
24378,16275,Shobha Patil,24,F,A2,
24379,16276,Nagaraj Achar,18,M,A1,
24380,16277,Ganesh Shetty,20,M,A1,
24381,16278,Anil Bhat,34,M,A1,REPEAT-005
24382,16278,Prakash Naidu,28,M,A2,
24383,16279,Ganesh Gowda,20,M,A1,REPEAT-020
24384,16280,Anil Naik,49,M,A1,
24385,16281,Harish Hegde,24,M,A1,
24386,16282,Yogesh Naidu,24,M,A1,REPEAT-001
24387,16282,Vidya Naik,23,F,A2,
24388,16283,Harish Patil,40,M,A1,REPEAT-053
24389,16284,Santosh Kumar,45,M,A1,
24390,16285,Lakshmi Murthy,44,F,A1,REPEAT-044
24391,16285,Raghu Poojary,22,M,A2,
24392,16285,Pooja Rao,33,F,A3,
24393,16286,Vidya Shetty,53,F,A1,
24394,16286,Ravi Hegde,40,M,A2,
24395,16287,Prakash Naik,36,M,A1,
24396,16288,Nandini Kumar,42,F,A1,REPEAT-012
24397,16289,Nagaraj Murthy,51,M,A1,
24398,16289,Shwetha Setty,49,F,A2,
24399,16289,Shivaraj Shetty,40,M,A3,
24400,16290,Shivaraj Gowda,50,M,A1,
24401,16290,Srinivas Poojary,49,M,A2,
24402,16291,Harish Achar,45,M,A1,REPEAT-057
24403,16292,Kumar Rao,44,M,A1,REPEAT-018
24404,16293,Mahesh Shetty,37,M,A1,REPEAT-022
24405,16293,Raghu Kumar,34,M,A2,
24406,16294,Santosh Rao,40,M,A1,REPEAT-027
24407,16294,Geeta Achar,23,F,A2,
24408,16295,Anil Bhat,41,M,A1,REPEAT-054
24409,16296,Manjula Bhat,31,F,A1,
24410,16297,Prakash Murthy,22,M,A1,
24411,16297,Anil Patil,53,M,A2,
24412,16298,Ramesh Naik,25,M,A1,
24413,16299,Manjunath Setty,43,M,A1,REPEAT-016
24414,16300,Prakash Shetty,55,M,A1,
24415,16301,Santosh Murthy,34,M,A1,
24416,16301,Vidya Patil,18,F,A2,
24417,16302,Nandini Patil,18,F,A1,
24418,16302,Shwetha Naidu,44,F,A2,
24419,16303,Anita Shetty,28,F,A1,REPEAT-019
24420,16304,Shivaraj Patil,55,M,A1,
24421,16305,Savitha Iyer,38,F,A1,
24422,16306,Anil Kumar,41,M,A1,
24423,16307,Harish Patil,40,M,A1,REPEAT-053
24424,16308,Radha Naik,43,F,A1,
24425,16308,Vijay Setty,43,M,A2,
24426,16309,Sowmya Murthy,35,F,A1,
24427,16310,Yogesh Iyer,24,M,A1,
24428,16310,Chaya Bhat,23,F,A2,
24429,16311,Ganesh Bhat,25,M,A1,
24430,16311,Girish Shetty,37,M,A2,
24431,16312,Manjunath Achar,35,M,A1,
24432,16313,Lakshmi Murthy,31,F,A1,
24433,16313,Shivaraj Murthy,46,M,A2,
24434,16314,Anil Kumar,53,M,A1,
24435,16315,Mahesh Gowda,39,M,A1,
24436,16315,Vijay Bhat,18,M,A2,
24437,16316,Basavaraj Rao,33,M,A1,
24438,16316,Santosh Achar,38,M,A2,
24439,16316,Basavaraj Achar,41,M,A3,
24440,16317,Nagaraj Achar,55,M,A1,
24441,16318,Rekha Naidu,33,F,A1,
24442,16319,Anil Bhat,41,M,A1,REPEAT-054
24443,16319,Ramesh Iyer,43,M,A2,
24444,16320,Nagaraj Gowda,42,M,A1,
24445,16320,Ramesh Poojary,47,M,A2,
24446,16321,Santosh Patil,53,M,A1,
24447,16321,Girish Achar,40,M,A2,
24448,16322,Kumar Rao,44,M,A1,REPEAT-018
24449,16323,Srinivas Patil,29,M,A1,
24450,16323,Suresh Shetty,47,M,A2,
24451,16324,Raghu Murthy,20,M,A1,
24452,16324,Vijay Patil,48,M,A2,
24453,16325,Anil Bhat,34,M,A1,REPEAT-005
24454,16325,Sowmya Naik,54,F,A2,
24455,16325,Ganesh Gowda,25,M,A3,
24456,16326,Mahesh Reddy,38,M,A1,
24457,16327,Girish Poojary,28,M,A1,
24458,16327,Priya Gowda,28,F,A2,
24459,16327,Basavaraj Iyer,52,M,A3,
24460,16328,Vijay Shetty,21,M,A1,REPEAT-007
24461,16328,Mahesh Murthy,48,M,A2,
24462,16329,Santosh Gowda,18,M,A1,
24463,16330,Kumar Iyer,20,M,A1,REPEAT-038
24464,16331,Vijay Shetty,21,M,A1,REPEAT-007
24465,16332,Raghu Patil,39,M,A1,
24466,16332,Chaya Gowda,33,F,A2,
24467,16332,Suresh Hegde,19,M,A3,
24468,16333,Santosh Rao,40,M,A1,REPEAT-027
24469,16334,Sowmya Poojary,55,F,A1,
24470,16335,Srinivas Gowda,55,M,A1,
24471,16335,Ganesh Iyer,43,M,A2,
24472,16336,Pooja Poojary,47,F,A1,
24473,16337,Santosh Iyer,46,M,A1,
24474,16338,Roopa Patil,26,F,A1,
24475,16338,Naveen Naik,18,M,A2,
24476,16339,Vijay Shetty,21,M,A1,REPEAT-007
24477,16340,Priya Gowda,46,F,A1,
24478,16340,Girish Naik,28,M,A2,
24479,16341,Ramesh Setty,52,M,A1,
24480,16341,Shobha Patil,44,F,A2,
24481,16342,Anita Patil,25,F,A1,REPEAT-014
24482,16343,Ganesh Gowda,20,M,A1,REPEAT-020
24483,16344,Shobha Setty,49,F,A1,
24484,16345,Kavya Naik,33,F,A1,
24485,16346,Geeta Rao,52,F,A1,
24486,16346,Harish Rao,55,M,A2,
24487,16347,Srinivas Murthy,18,M,A1,
24488,16348,Mahesh Patil,51,M,A1,
24489,16348,Suresh Naik,24,M,A2,
24490,16348,Raghu Setty,36,M,A3,
24491,16349,Vidya Murthy,29,F,A1,
24492,16350,Geeta Bhat,38,F,A1,
24493,16350,Ramesh Iyer,28,M,A2,
24494,16351,Ravi Hegde,37,M,A1,
24495,16352,Harish Reddy,44,M,A1,REPEAT-056
24496,16353,Deepa Naik,18,F,A1,
24497,16354,Srinivas Setty,37,M,A1,
24498,16354,Anil Bhat,18,M,A2,
24499,16355,Ganesh Murthy,48,M,A1,
24500,16355,Anil Iyer,53,M,A2,
24501,16355,Kumar Naik,38,M,A3,
24502,16356,Shobha Shetty,28,F,A1,
24503,16357,Manjunath Bhat,33,M,A1,REPEAT-030
24504,16357,Raghu Achar,34,M,A2,
24505,16358,Mahesh Murthy,23,M,A1,REPEAT-033
24506,16358,Prakash Naik,19,M,A2,
24507,16359,Shivaraj Reddy,18,M,A1,
24508,16360,Anil Setty,33,M,A1,
24509,16360,Shivaraj Naik,47,M,A2,
24510,16361,Nagaraj Reddy,55,M,A1,
24511,16362,Shivaraj Reddy,25,M,A1,
24512,16363,Harish Reddy,49,M,A1,
24513,16363,Savitha Naik,27,F,A2,
24514,16364,Vidya Naik,45,F,A1,
24515,16365,Shivaraj Rao,29,M,A1,
24516,16366,Yogesh Murthy,42,M,A1,
24517,16367,Raghu Gowda,44,M,A1,
24518,16367,Shwetha Murthy,23,F,A2,
24519,16367,Sunita Naik,50,F,A3,
24520,16368,Harish Reddy,54,M,A1,
24521,16369,Shwetha Hegde,55,F,A1,
24522,16370,Prakash Setty,21,M,A1,
24523,16371,Sunita Reddy,42,F,A1,
24524,16372,Naveen Setty,32,M,A1,REPEAT-036
24525,16373,Priya Naidu,33,F,A1,
24526,16373,Ravi Murthy,51,M,A2,
24527,16374,Vijay Kumar,23,M,A1,
24528,16375,Roopa Kumar,32,F,A1,
24529,16376,Anil Iyer,22,M,A1,
24530,16377,Prakash Kumar,41,M,A1,
24531,16378,Bhagya Rao,43,F,A1,REPEAT-058
24532,16378,Suresh Reddy,53,M,A2,
24533,16379,Shwetha Gowda,55,F,A1,
24534,16379,Prakash Bhat,20,M,A2,
24535,16380,Manjunath Patil,44,M,A1,
24536,16381,Srinivas Hegde,34,M,A1,
24537,16382,Naveen Naik,45,M,A1,
24538,16382,Vijay Naik,42,M,A2,
24539,16383,Harish Murthy,47,M,A1,
24540,16384,Lakshmi Murthy,45,F,A1,REPEAT-044
24541,16385,Vidya Naidu,44,F,A1,
24542,16385,Ganesh Naidu,39,M,A2,
24543,16386,Yogesh Naik,37,M,A1,
24544,16387,Basavaraj Poojary,53,M,A1,
24545,16388,Nandini Rao,44,F,A1,
24546,16388,Vijay Setty,22,M,A2,
24547,16389,Lakshmi Murthy,44,F,A1,REPEAT-044
24548,16390,Yogesh Bhat,35,M,A1,
24549,16391,Manjula Achar,53,F,A1,
24550,16391,Bhagya Hegde,46,F,A2,
24551,16392,Shivaraj Naidu,45,M,A1,
24552,16393,Manjunath Murthy,24,M,A1,
24553,16394,Kumar Iyer,23,M,A1,
24554,16395,Santosh Iyer,52,M,A1,
24555,16395,Naveen Reddy,26,M,A2,
24556,16396,Savitha Achar,47,F,A1,
24557,16396,Vijay Rao,41,M,A2,
24558,16396,Harish Naidu,38,M,A3,
24559,16397,Radha Naidu,53,F,A1,
24560,16398,Roopa Reddy,55,F,A1,
24561,16398,Srinivas Reddy,29,M,A2,
24562,16399,Srinivas Hegde,31,M,A1,REPEAT-046
24563,16400,Bhagya Rao,43,F,A1,REPEAT-058
24564,16401,Raghu Naik,27,M,A1,
24565,16401,Naveen Gowda,42,M,A2,
24566,16402,Priya Shetty,35,F,A1,
24567,16403,Shivaraj Patil,34,M,A1,
24568,16403,Kumar Bhat,55,M,A2,
24569,16404,Mahesh Shetty,25,M,A1,
24570,16405,Manjunath Murthy,25,M,A1,REPEAT-025
24571,16405,Kumar Naidu,53,M,A2,
24572,16406,Shobha Gowda,32,F,A1,
24573,16406,Manjula Setty,42,F,A2,
24574,16407,Raghu Rao,37,M,A1,
24575,16408,Pooja Gowda,33,F,A1,
24576,16408,Suresh Gowda,21,M,A2,
24577,16409,Harish Patil,39,M,A1,REPEAT-053
24578,16410,Harish Bhat,46,M,A1,
24579,16411,Geeta Bhat,46,F,A1,
24580,16412,Suresh Achar,27,M,A1,
24581,16413,Naveen Shetty,28,M,A1,
24582,16413,Santosh Hegde,29,M,A2,
24583,16413,Vidya Naidu,26,F,A3,
24584,16414,Deepa Naik,23,F,A1,
24585,16415,Vidya Patil,18,F,A1,
24586,16415,Anil Murthy,33,M,A2,
24587,16416,Srinivas Setty,30,M,A1,
24588,16416,Kavya Patil,45,F,A2,
24589,16417,Roopa Rao,26,F,A1,
24590,16418,Ravi Rao,35,M,A1,
24591,16419,Suresh Iyer,55,M,A1,
24592,16420,Ganesh Gowda,20,M,A1,REPEAT-020
24593,16421,Mahesh Murthy,23,M,A1,REPEAT-033
24594,16422,Suresh Murthy,33,M,A1,
24595,16423,Mahesh Shetty,37,M,A1,REPEAT-022
24596,16424,Girish Murthy,49,M,A1,
24597,16425,Girish Iyer,18,M,A1,
24598,16425,Sowmya Achar,53,F,A2,
24599,16426,Sowmya Gowda,28,F,A1,
24600,16427,Ganesh Patil,53,M,A1,
24601,16428,Yogesh Poojary,31,M,A1,
24602,16428,Vidya Setty,41,F,A2,
24603,16429,Srinivas Naidu,32,M,A1,
24604,16429,Suresh Reddy,41,M,A2,
24605,16430,Shobha Naidu,39,F,A1,
24606,16430,Prakash Iyer,51,M,A2,
24607,16431,Ramesh Achar,20,M,A1,
24608,16431,Manjula Setty,48,F,A2,
24609,16432,Vidya Shetty,50,F,A1,
24610,16432,Kumar Achar,42,M,A2,
24611,16433,Pooja Naidu,33,F,A1,
24612,16434,Radha Naidu,36,F,A1,
24613,16435,Kumar Naidu,40,M,A1,
24614,16436,Sowmya Bhat,26,F,A1,
24615,16437,Savitha Reddy,49,F,A1,
24616,16438,Anita Shetty,28,F,A1,REPEAT-019
24617,16438,Deepa Hegde,49,F,A2,
24618,16439,Priya Naidu,52,F,A1,
24619,16439,Basavaraj Hegde,42,M,A2,
24620,16440,Shwetha Gowda,51,F,A1,
24621,16440,Raghu Achar,28,M,A2,
24622,16441,Yogesh Shetty,47,M,A1,
24623,16441,Raghu Setty,26,M,A2,
24624,16442,Prakash Iyer,43,M,A1,
24625,16442,Vijay Achar,29,M,A2,
24626,16443,Girish Poojary,48,M,A1,
24627,16443,Kumar Reddy,34,M,A2,
24628,16444,Raghu Setty,38,M,A1,
24629,16445,Kumar Kumar,44,M,A1,
24630,16446,Nagaraj Setty,45,M,A1,REPEAT-003
24631,16446,Srinivas Setty,29,M,A2,
24632,16447,Mahesh Murthy,23,M,A1,REPEAT-033
24633,16447,Manjunath Iyer,24,M,A2,
24634,16448,Chaya Gowda,31,F,A1,
24635,16448,Shivaraj Naik,45,M,A2,
24636,16448,Nagaraj Hegde,33,M,A3,
24637,16449,Prakash Rao,53,M,A1,
24638,16450,Mahesh Hegde,34,M,A1,
24639,16450,Nandini Poojary,31,F,A2,
24640,16450,Anil Achar,36,M,A3,
24641,16451,Shivaraj Kumar,29,M,A1,REPEAT-024
24642,16451,Mahesh Achar,40,M,A2,
24643,16452,Harish Kumar,54,M,A1,
24644,16453,Pooja Bhat,35,F,A1,
24645,16453,Nagaraj Achar,46,M,A2,
24646,16454,Yogesh Murthy,31,M,A1,
24647,16455,Roopa Poojary,38,F,A1,
24648,16456,Sowmya Rao,30,F,A1,
24649,16457,Ravi Bhat,25,M,A1,
24650,16458,Prakash Achar,23,M,A1,
24651,16459,Sowmya Kumar,48,F,A1,
24652,16459,Priya Setty,18,F,A2,
24653,16460,Shwetha Naidu,38,F,A1,
24654,16460,Naveen Kumar,41,M,A2,
24655,16461,Kumar Iyer,41,M,A1,
24656,16462,Yogesh Poojary,21,M,A1,
24657,16462,Shivaraj Iyer,33,M,A2,
24658,16462,Ravi Naidu,38,M,A3,
24659,16463,Mahesh Iyer,37,M,A1,
24660,16464,Priya Murthy,23,F,A1,REPEAT-010
24661,16465,Ganesh Rao,23,M,A1,
24662,16466,Anil Bhat,34,M,A1,REPEAT-005
24663,16467,Vijay Murthy,29,M,A1,
24664,16467,Nandini Reddy,22,F,A2,
24665,16468,Basavaraj Reddy,43,M,A1,REPEAT-031
24666,16468,Shivaraj Shetty,42,M,A2,
24667,16469,Anil Gowda,43,M,A1,
24668,16470,Vidya Reddy,21,F,A1,
24669,16470,Srinivas Murthy,49,M,A2,
24670,16470,Shivaraj Murthy,43,M,A3,
24671,16471,Girish Bhat,34,M,A1,
24672,16471,Ramesh Setty,49,M,A2,
24673,16472,Vijay Shetty,21,M,A1,REPEAT-007
24674,16473,Basavaraj Bhat,33,M,A1,
24675,16474,Manjunath Poojary,47,M,A1,
24676,16475,Shobha Shetty,31,F,A1,REPEAT-017
24677,16476,Girish Hegde,42,M,A1,
24678,16476,Nagaraj Murthy,54,M,A2,
24679,16476,Ramesh Setty,36,M,A3,
24680,16477,Ravi Iyer,28,M,A1,
24681,16478,Ramesh Achar,40,M,A1,
24682,16479,Kumar Murthy,46,M,A1,REPEAT-048
24683,16479,Nandini Poojary,42,F,A2,
24684,16479,Priya Naik,48,F,A3,
24685,16480,Kavya Achar,19,F,A1,
24686,16481,Yogesh Iyer,22,M,A1,
24687,16481,Kumar Naidu,45,M,A2,
24688,16481,Raghu Rao,25,M,A3,
24689,16482,Raghu Poojary,20,M,A1,
24690,16482,Kumar Bhat,43,M,A2,
24691,16482,Anita Shetty,18,F,A3,
24692,16483,Mahesh Bhat,47,M,A1,
24693,16483,Srinivas Setty,36,M,A2,
24694,16483,Priya Shetty,20,F,A3,
24695,16484,Shivaraj Naidu,38,M,A1,
24696,16485,Raghu Kumar,29,M,A1,
24697,16486,Mahesh Kumar,45,M,A1,
24698,16486,Kumar Reddy,30,M,A2,
24699,16487,Raghu Iyer,49,M,A1,
24700,16488,Ramesh Poojary,30,M,A1,
24701,16488,Ramesh Murthy,41,M,A2,
24702,16489,Ravi Iyer,40,M,A1,
24703,16490,Nagaraj Setty,45,M,A1,REPEAT-003
24704,16490,Anita Setty,49,F,A2,
24705,16490,Suresh Setty,23,M,A3,
24706,16491,Deepa Iyer,36,F,A1,
24707,16491,Ramesh Murthy,43,M,A2,
24708,16492,Mahesh Patil,45,M,A1,
24709,16493,Anita Shetty,28,F,A1,REPEAT-019
24710,16493,Ramesh Reddy,22,M,A2,
24711,16494,Kavya Rao,44,F,A1,
24712,16495,Nandini Naik,28,F,A1,
24713,16496,Harish Reddy,53,M,A1,
24714,16496,Nandini Setty,44,F,A2,
24715,16497,Harish Achar,50,M,A1,
24716,16498,Srinivas Iyer,36,M,A1,
24717,16499,Yogesh Shetty,44,M,A1,
24718,16499,Chaya Shetty,54,F,A2,
24719,16500,Naveen Setty,32,M,A1,REPEAT-036
24720,16501,Radha Naidu,35,F,A1,
24721,16502,Ganesh Kumar,40,M,A1,
24722,16502,Harish Naik,27,M,A2,
24723,16503,Vijay Patil,43,M,A1,
24724,16504,Yogesh Naidu,24,M,A1,REPEAT-001
24725,16505,Harish Naidu,37,M,A1,REPEAT-015
24726,16506,Yogesh Rao,21,M,A1,
24727,16506,Vijay Kumar,21,M,A2,
24728,16507,Basavaraj Patil,51,M,A1,
24729,16507,Geeta Gowda,22,F,A2,
24730,16508,Mahesh Setty,50,M,A1,
24731,16508,Anil Achar,43,M,A2,
24732,16509,Rekha Poojary,36,F,A1,
24733,16510,Ravi Gowda,30,M,A1,
24734,16510,Nagaraj Rao,39,M,A2,
24735,16511,Manjunath Shetty,30,M,A1,
24736,16512,Vidya Iyer,34,F,A1,
24737,16513,Ganesh Gowda,20,M,A1,REPEAT-020
24738,16514,Kumar Kumar,51,M,A1,
24739,16515,Manjula Iyer,24,F,A1,
24740,16516,Kavya Shetty,28,F,A1,
24741,16516,Raghu Murthy,31,M,A2,
24742,16516,Radha Naik,34,F,A3,
24743,16517,Nagaraj Murthy,29,M,A1,
24744,16518,Harish Rao,18,M,A1,
24745,16519,Santosh Naidu,30,M,A1,
24746,16520,Ganesh Gowda,21,M,A1,REPEAT-020
24747,16520,Anil Naidu,31,M,A2,
24748,16521,Priya Murthy,24,F,A1,REPEAT-010
24749,16521,Kavya Murthy,39,F,A2,
24750,16522,Yogesh Naidu,25,M,A1,REPEAT-001
24751,16522,Ramesh Achar,45,M,A2,
24752,16523,Basavaraj Reddy,49,M,A1,
24753,16523,Raghu Kumar,25,M,A2,
24754,16523,Naveen Achar,43,M,A3,
24755,16524,Sunita Iyer,31,F,A1,
24756,16525,Manjula Reddy,32,F,A1,
24757,16526,Naveen Poojary,46,M,A1,
24758,16527,Anil Rao,44,M,A1,
24759,16527,Yogesh Naidu,41,M,A2,
24760,16527,Girish Kumar,53,M,A3,
24761,16528,Kumar Achar,39,M,A1,
24762,16528,Shivaraj Shetty,25,M,A2,
24763,16529,Anil Achar,37,M,A1,
24764,16529,Roopa Naik,37,F,A2,
24765,16530,Mahesh Murthy,23,M,A1,REPEAT-033
24766,16530,Shivaraj Iyer,47,M,A2,
24767,16531,Ramesh Shetty,41,M,A1,
24768,16531,Kumar Rao,55,M,A2,
24769,16531,Roopa Bhat,25,F,A3,
24770,16532,Sowmya Reddy,55,F,A1,
24771,16532,Mahesh Bhat,18,M,A2,
24772,16533,Ravi Kumar,46,M,A1,
24773,16534,Suresh Setty,30,M,A1,REPEAT-034
24774,16535,Kumar Naidu,47,M,A1,
24775,16536,Naveen Setty,32,M,A1,REPEAT-036
24776,16536,Prakash Shetty,47,M,A2,
24777,16537,Priya Poojary,42,F,A1,
24778,16537,Sunita Reddy,28,F,A2,
24779,16538,Prakash Reddy,49,M,A1,
24780,16538,Savitha Iyer,46,F,A2,
24781,16539,Manjula Shetty,41,F,A1,
24782,16539,Sowmya Murthy,27,F,A2,
24783,16540,Suresh Naidu,32,M,A1,
24784,16540,Manjunath Setty,18,M,A2,
24785,16541,Raghu Shetty,50,M,A1,
24786,16542,Suresh Naik,38,M,A1,REPEAT-042
24787,16543,Shivaraj Reddy,19,M,A1,
24788,16544,Manjunath Murthy,25,M,A1,REPEAT-025
24789,16545,Manjunath Achar,19,M,A1,
24790,16546,Harish Gowda,27,M,A1,
24791,16547,Srinivas Naidu,41,M,A1,
24792,16548,Harish Iyer,33,M,A1,
24793,16549,Girish Rao,18,M,A1,
24794,16550,Harish Achar,43,M,A1,
24795,16550,Kavya Naidu,31,F,A2,
24796,16551,Santosh Gowda,45,M,A1,
24797,16551,Roopa Bhat,54,F,A2,
24798,16552,Suresh Naik,39,M,A1,REPEAT-042
24799,16553,Ramesh Hegde,28,M,A1,
24800,16553,Vidya Iyer,39,F,A2,
24801,16554,Pooja Kumar,55,F,A1,
24802,16555,Radha Achar,34,F,A1,
24803,16556,Shivaraj Naik,45,M,A1,
24804,16556,Kumar Poojary,42,M,A2,
24805,16557,Priya Setty,55,F,A1,
24806,16558,Sunita Rao,19,F,A1,
24807,16558,Ravi Hegde,33,M,A2,
24808,16558,Santosh Patil,42,M,A3,
24809,16559,Kavya Naidu,40,F,A1,
24810,16560,Suresh Murthy,47,M,A1,
24811,16561,Ravi Kumar,48,M,A1,
24812,16562,Anil Setty,26,M,A1,
24813,16562,Kavya Iyer,47,F,A2,
24814,16562,Kavya Kumar,27,F,A3,
24815,16563,Girish Achar,35,M,A1,
24816,16563,Kumar Achar,54,M,A2,
24817,16563,Prakash Gowda,54,M,A3,
24818,16564,Sowmya Gowda,25,F,A1,
24819,16564,Nandini Gowda,55,F,A2,
24820,16564,Sowmya Reddy,22,F,A3,
24821,16565,Mahesh Shetty,37,M,A1,REPEAT-022
24822,16566,Prakash Hegde,25,M,A1,
24823,16566,Nandini Patil,33,F,A2,
24824,16566,Radha Rao,43,F,A3,
24825,16567,Geeta Rao,43,F,A1,
24826,16568,Girish Gowda,33,M,A1,
24827,16569,Srinivas Hegde,32,M,A1,REPEAT-046
24828,16569,Shobha Murthy,21,F,A2,
24829,16570,Naveen Hegde,24,M,A1,
24830,16570,Kumar Achar,20,M,A2,
24831,16571,Shobha Setty,19,F,A1,
24832,16572,Prakash Shetty,50,M,A1,
24833,16573,Naveen Setty,32,M,A1,REPEAT-036
24834,16574,Ganesh Gowda,54,M,A1,
24835,16574,Priya Hegde,28,F,A2,
24836,16575,Ramesh Gowda,25,M,A1,
24837,16575,Shwetha Shetty,40,F,A2,
24838,16576,Anil Bhat,34,M,A1,REPEAT-005
24839,16576,Anil Naidu,36,M,A2,
24840,16577,Ravi Bhat,48,M,A1,
24841,16578,Yogesh Naidu,25,M,A1,REPEAT-001
24842,16578,Savitha Shetty,28,F,A2,
24843,16579,Bhagya Gowda,25,F,A1,
24844,16579,Ravi Rao,38,M,A2,
24845,16580,Manjula Gowda,38,F,A1,
24846,16580,Suresh Achar,43,M,A2,
24847,16581,Suresh Setty,20,M,A1,
24848,16582,Ganesh Achar,40,M,A1,
24849,16582,Girish Gowda,45,M,A2,
24850,16583,Sunita Shetty,43,F,A1,
24851,16583,Mahesh Iyer,51,M,A2,
24852,16584,Ravi Patil,25,M,A1,
24853,16585,Ramesh Bhat,23,M,A1,
24854,16585,Sunita Shetty,18,F,A2,
24855,16585,Chaya Poojary,43,F,A3,
24856,16586,Srinivas Achar,49,M,A1,
24857,16587,Shivaraj Poojary,43,M,A1,
24858,16588,Kumar Murthy,45,M,A1,REPEAT-048
24859,16588,Naveen Naidu,44,M,A2,
24860,16588,Basavaraj Setty,36,M,A3,
24861,16589,Kumar Hegde,37,M,A1,
24862,16589,Manjunath Reddy,42,M,A2,
24863,16590,Naveen Achar,27,M,A1,
24864,16590,Shivaraj Shetty,50,M,A2,
24865,16590,Srinivas Murthy,18,M,A3,
24866,16591,Sunita Setty,21,F,A1,
24867,16592,Ganesh Patil,38,M,A1,
24868,16592,Nagaraj Naidu,24,M,A2,
24869,16593,Srinivas Naidu,38,M,A1,REPEAT-049
24870,16594,Manjunath Patil,43,M,A1,
24871,16594,Naveen Hegde,32,M,A2,
24872,16595,Vijay Poojary,46,M,A1,
24873,16596,Ganesh Setty,47,M,A1,
24874,16596,Prakash Hegde,25,M,A2,
24875,16596,Santosh Rao,39,M,A3,
24876,16597,Nandini Kumar,42,F,A1,REPEAT-012
24877,16598,Harish Gowda,25,M,A1,
24878,16599,Santosh Reddy,27,M,A1,
24879,16600,Suresh Naik,38,M,A1,REPEAT-042
24880,16601,Savitha Rao,29,F,A1,
24881,16602,Harish Reddy,44,M,A1,REPEAT-056
24882,16603,Srinivas Hegde,30,M,A1,
24883,16604,Naveen Setty,33,M,A1,REPEAT-036
24884,16605,Roopa Shetty,38,F,A1,
24885,16606,Rekha Bhat,23,F,A1,
24886,16607,Priya Murthy,23,F,A1,REPEAT-010
24887,16607,Raghu Murthy,23,M,A2,
24888,16608,Sunita Iyer,26,F,A1,
24889,16609,Kavya Hegde,19,F,A1,
24890,16609,Savitha Reddy,40,F,A2,
24891,16610,Nagaraj Naidu,37,M,A1,REPEAT-035
24892,16610,Kumar Bhat,18,M,A2,
24893,16611,Nagaraj Setty,46,M,A1,REPEAT-003
24894,16612,Pooja Reddy,38,F,A1,
24895,16613,Mahesh Achar,40,M,A1,
24896,16613,Srinivas Setty,35,M,A2,
24897,16614,Prakash Hegde,25,M,A1,
24898,16614,Shivaraj Hegde,22,M,A2,
24899,16615,Ramesh Naik,45,M,A1,
24900,16615,Savitha Murthy,34,F,A2,
24901,16616,Mahesh Bhat,41,M,A1,
24902,16617,Lakshmi Murthy,44,F,A1,REPEAT-044
24903,16617,Shwetha Murthy,27,F,A2,
24904,16618,Nandini Achar,26,F,A1,
24905,16618,Ganesh Naidu,54,M,A2,
24906,16619,Naveen Murthy,43,M,A1,REPEAT-002
24907,16619,Suresh Bhat,40,M,A2,
24908,16620,Anil Hegde,18,M,A1,
24909,16621,Nandini Kumar,18,F,A1,
24910,16621,Shobha Reddy,21,F,A2,
24911,16622,Pooja Patil,19,F,A1,
24912,16623,Girish Iyer,43,M,A1,
24913,16624,Naveen Murthy,44,M,A1,REPEAT-002
24914,16624,Lakshmi Naidu,42,F,A2,
24915,16625,Deepa Achar,26,F,A1,
24916,16625,Yogesh Iyer,33,M,A2,
24917,16626,Vijay Shetty,22,M,A1,REPEAT-007
24918,16626,Roopa Kumar,33,F,A2,
24919,16626,Basavaraj Setty,39,M,A3,
24920,16627,Nandini Naidu,18,F,A1,
24921,16627,Nagaraj Bhat,23,M,A2,
24922,16628,Priya Rao,55,F,A1,
24923,16629,Manjunath Shetty,38,M,A1,
24924,16630,Ganesh Gowda,20,M,A1,REPEAT-020
24925,16631,Vijay Patil,47,M,A1,
24926,16632,Bhagya Rao,44,F,A1,REPEAT-058
24927,16632,Naveen Gowda,49,M,A2,
24928,16633,Basavaraj Poojary,25,M,A1,
24929,16634,Mahesh Shetty,37,M,A1,REPEAT-022
24930,16634,Suresh Bhat,45,M,A2,
24931,16634,Suresh Patil,18,M,A3,
24932,16635,Pooja Iyer,24,F,A1,
24933,16635,Ravi Bhat,34,M,A2,
24934,16635,Shobha Bhat,23,F,A3,
24935,16636,Ravi Poojary,25,M,A1,
24936,16636,Geeta Rao,39,F,A2,
24937,16637,Savitha Shetty,50,F,A1,
24938,16637,Kumar Setty,32,M,A2,
24939,16638,Basavaraj Setty,33,M,A1,
24940,16638,Nandini Reddy,20,F,A2,
24941,16639,Manjunath Patil,19,M,A1,
24942,16639,Anil Poojary,24,M,A2,
24943,16639,Yogesh Hegde,53,M,A3,
24944,16640,Anil Gowda,20,M,A1,REPEAT-052
24945,16640,Prakash Setty,39,M,A2,
24946,16640,Santosh Reddy,37,M,A3,
24947,16641,Harish Achar,44,M,A1,
24948,16642,Vijay Shetty,21,M,A1,REPEAT-007
24949,16642,Pooja Achar,54,F,A2,
24950,16643,Prakash Naik,42,M,A1,REPEAT-032
24951,16643,Rekha Iyer,53,F,A2,
24952,16643,Vidya Bhat,51,F,A3,
24953,16644,Rekha Gowda,52,F,A1,
24954,16644,Geeta Poojary,46,F,A2,
24955,16645,Anil Rao,21,M,A1,
24956,16646,Kumar Shetty,54,M,A1,
24957,16647,Ravi Rao,42,M,A1,
24958,16648,Rekha Bhat,43,F,A1,
24959,16648,Anil Bhat,26,M,A2,
24960,16649,Srinivas Murthy,22,M,A1,
24961,16650,Nandini Kumar,43,F,A1,REPEAT-012
24962,16650,Basavaraj Murthy,47,M,A2,
24963,16651,Savitha Murthy,45,F,A1,
24964,16651,Srinivas Setty,48,M,A2,
24965,16651,Chaya Hegde,27,F,A3,
24966,16652,Naveen Iyer,39,M,A1,
24967,16653,Chaya Poojary,18,F,A1,
24968,16654,Santosh Rao,54,M,A1,
24969,16654,Chaya Poojary,20,F,A2,
24970,16655,Lakshmi Naik,21,F,A1,
24971,16655,Shivaraj Gowda,29,M,A2,
24972,16656,Srinivas Achar,33,M,A1,
24973,16656,Vidya Rao,30,F,A2,
24974,16657,Naveen Naik,38,M,A1,REPEAT-021
24975,16658,Naveen Poojary,43,M,A1,
24976,16658,Prakash Poojary,27,M,A2,
24977,16659,Chaya Setty,48,F,A1,
24978,16659,Ramesh Achar,19,M,A2,
24979,16660,Nandini Kumar,43,F,A1,REPEAT-012
24980,16661,Santosh Bhat,24,M,A1,
24981,16661,Girish Reddy,24,M,A2,
24982,16661,Manjunath Kumar,25,M,A3,
24983,16662,Sowmya Hegde,33,F,A1,
24984,16663,Sunita Achar,26,F,A1,
24985,16663,Mahesh Poojary,27,M,A2,
24986,16664,Roopa Achar,35,F,A1,
24987,16664,Raghu Murthy,43,M,A2,
24988,16665,Roopa Iyer,39,F,A1,
24989,16666,Harish Bhat,42,M,A1,
24990,16667,Nagaraj Setty,45,M,A1,REPEAT-003
24991,16668,Mahesh Setty,19,M,A1,
24992,16669,Mahesh Iyer,28,M,A1,
24993,16670,Mahesh Murthy,23,M,A1,REPEAT-033
24994,16671,Radha Hegde,47,F,A1,
24995,16672,Harish Achar,45,M,A1,
24996,16673,Santosh Bhat,35,M,A1,
24997,16673,Chaya Naidu,52,F,A2,
24998,16674,Naveen Setty,55,M,A1,
24999,16674,Lakshmi Setty,53,F,A2,
25000,16675,Kumar Bhat,50,M,A1,
25001,16676,Rekha Rao,52,F,A1,
25002,16677,Bhagya Setty,52,F,A1,
25003,16678,Ramesh Reddy,19,M,A1,
25004,16678,Chaya Poojary,23,F,A2,
25005,16678,Manjula Naidu,51,F,A3,
25006,16679,Manjunath Murthy,43,M,A1,
25007,16680,Yogesh Iyer,32,M,A1,
25008,16681,Harish Gowda,23,M,A1,
25009,16681,Manjula Hegde,19,F,A2,
25010,16682,Nagaraj Shetty,36,M,A1,
25011,16682,Santosh Achar,37,M,A2,
25012,16683,Naveen Hegde,42,M,A1,
25013,16684,Manjula Bhat,46,F,A1,
25014,16685,Raghu Iyer,50,M,A1,
25015,16686,Nagaraj Setty,45,M,A1,REPEAT-003
25016,16687,Manjunath Bhat,33,M,A1,REPEAT-030
25017,16688,Ravi Hegde,49,M,A1,
25018,16689,Santosh Iyer,38,M,A1,
25019,16690,Priya Naidu,22,F,A1,
25020,16691,Vidya Hegde,20,F,A1,REPEAT-041
25021,16691,Geeta Reddy,35,F,A2,
25022,16692,Priya Murthy,24,F,A1,REPEAT-010
25023,16692,Roopa Bhat,27,F,A2,
25024,16692,Srinivas Hegde,23,M,A3,
25025,16693,Santosh Reddy,43,M,A1,
25026,16693,Shobha Iyer,29,F,A2,
25027,16694,Naveen Murthy,44,M,A1,REPEAT-002
25028,16694,Raghu Iyer,41,M,A2,
25029,16695,Shivaraj Rao,31,M,A1,
25030,16695,Nandini Hegde,44,F,A2,
25031,16696,Manjunath Achar,21,M,A1,
25032,16696,Shwetha Naik,21,F,A2,
25033,16696,Santosh Achar,51,M,A3,
25034,16697,Anita Naik,54,F,A1,
25035,16697,Anil Naik,53,M,A2,
25036,16698,Mahesh Shetty,37,M,A1,REPEAT-022
25037,16699,Santosh Gowda,35,M,A1,
25038,16699,Naveen Shetty,45,M,A2,
25039,16700,Radha Bhat,55,F,A1,
25040,16701,Vijay Kumar,43,M,A1,
25041,16701,Ramesh Naidu,21,M,A2,
25042,16702,Anita Rao,19,F,A1,
25043,16702,Ganesh Poojary,38,M,A2,
25044,16703,Suresh Bhat,38,M,A1,
25045,16703,Ravi Poojary,51,M,A2,
25046,16704,Prakash Naidu,22,M,A1,
25047,16704,Priya Rao,35,F,A2,
25048,16704,Srinivas Iyer,33,M,A3,
25049,16705,Shwetha Shetty,30,F,A1,
25050,16706,Savitha Naik,31,F,A1,
25051,16707,Vidya Setty,54,F,A1,
25052,16707,Shivaraj Shetty,30,M,A2,
25053,16707,Manjula Shetty,20,F,A3,
25054,16708,Girish Kumar,30,M,A1,
25055,16709,Kumar Achar,54,M,A1,
25056,16710,Radha Reddy,44,F,A1,REPEAT-055
25057,16711,Naveen Murthy,18,M,A1,
25058,16712,Yogesh Achar,45,M,A1,
25059,16712,Srinivas Iyer,27,M,A2,
25060,16713,Mahesh Naidu,24,M,A1,
25061,16713,Prakash Rao,40,M,A2,
25062,16714,Anita Shetty,28,F,A1,REPEAT-019
25063,16714,Kumar Reddy,20,M,A2,
25064,16715,Radha Setty,52,F,A1,
25065,16715,Prakash Achar,35,M,A2,
25066,16716,Ravi Naik,35,M,A1,
25067,16716,Prakash Naidu,38,M,A2,
25068,16717,Savitha Murthy,53,F,A1,
25069,16717,Rekha Reddy,31,F,A2,
25070,16718,Srinivas Naidu,37,M,A1,REPEAT-049
25071,16719,Shivaraj Setty,52,M,A1,
25072,16719,Kumar Reddy,19,M,A2,
25073,16720,Anil Poojary,46,M,A1,
25074,16721,Srinivas Gowda,42,M,A1,
25075,16722,Savitha Achar,55,F,A1,
25076,16723,Naveen Murthy,44,M,A1,REPEAT-002
25077,16723,Raghu Poojary,23,M,A2,
25078,16724,Kavya Iyer,24,F,A1,
25079,16725,Deepa Bhat,24,F,A1,
25080,16726,Lakshmi Gowda,43,F,A1,
25081,16727,Raghu Achar,25,M,A1,
25082,16727,Manjula Setty,36,F,A2,
25083,16728,Shivaraj Iyer,20,M,A1,
25084,16728,Naveen Hegde,49,M,A2,
25085,16729,Girish Poojary,41,M,A1,
25086,16730,Priya Kumar,52,F,A1,
25087,16731,Mahesh Poojary,34,M,A1,
25088,16731,Vijay Hegde,25,M,A2,
25089,16732,Vijay Kumar,54,M,A1,
25090,16732,Anita Iyer,22,F,A2,
25091,16733,Ramesh Rao,23,M,A1,
25092,16734,Ravi Rao,54,M,A1,
25093,16734,Prakash Iyer,52,M,A2,
25094,16735,Basavaraj Reddy,49,M,A1,
25095,16736,Shwetha Hegde,53,F,A1,
25096,16737,Anil Achar,25,M,A1,
25097,16737,Ramesh Bhat,37,M,A2,
25098,16738,Girish Patil,31,M,A1,
25099,16739,Raghu Hegde,52,M,A1,
25100,16740,Girish Hegde,18,M,A1,
25101,16741,Mahesh Gowda,39,M,A1,
25102,16742,Ganesh Patil,28,M,A1,
25103,16743,Ganesh Gowda,20,M,A1,REPEAT-020
25104,16744,Mahesh Murthy,54,M,A1,
25105,16744,Vijay Achar,31,M,A2,
25106,16745,Mahesh Murthy,23,M,A1,REPEAT-033
25107,16746,Manjunath Gowda,52,M,A1,
25108,16747,Chaya Poojary,42,F,A1,
25109,16748,Ganesh Bhat,40,M,A1,
25110,16748,Rekha Naik,46,F,A2,
25111,16749,Shobha Reddy,44,F,A1,
25112,16749,Vijay Achar,50,M,A2,
25113,16750,Girish Gowda,47,M,A1,
25114,16751,Girish Poojary,40,M,A1,
25115,16752,Naveen Hegde,44,M,A1,
25116,16753,Bhagya Gowda,45,F,A1,
25117,16753,Basavaraj Achar,28,M,A2,
25118,16754,Vidya Achar,28,F,A1,
25119,16755,Srinivas Naidu,38,M,A1,REPEAT-049
25120,16755,Srinivas Achar,40,M,A2,
25121,16756,Shobha Shetty,19,F,A1,
25122,16757,Suresh Bhat,35,M,A1,
25123,16758,Vijay Naidu,26,M,A1,
25124,16758,Rekha Gowda,29,F,A2,
25125,16758,Girish Naik,42,M,A3,
25126,16759,Santosh Gowda,29,M,A1,
25127,16759,Girish Gowda,19,M,A2,
25128,16760,Manjunath Patil,50,M,A1,
25129,16761,Harish Hegde,33,M,A1,
25130,16762,Kumar Rao,44,M,A1,REPEAT-018
25131,16762,Ramesh Poojary,55,M,A2,
25132,16763,Ganesh Iyer,39,M,A1,
25133,16764,Shwetha Reddy,19,F,A1,
25134,16764,Mahesh Achar,20,M,A2,
25135,16765,Roopa Naik,19,F,A1,
25136,16766,Prakash Hegde,24,M,A1,
25137,16766,Manjula Poojary,25,F,A2,
25138,16767,Harish Gowda,29,M,A1,
25139,16768,Radha Reddy,44,F,A1,REPEAT-055
25140,16768,Chaya Rao,43,F,A2,
25141,16769,Ravi Gowda,45,M,A1,
25142,16770,Mahesh Murthy,24,M,A1,REPEAT-033
25143,16771,Shivaraj Shetty,39,M,A1,
25144,16772,Ganesh Achar,51,M,A1,
25145,16772,Nagaraj Reddy,31,M,A2,
25146,16773,Deepa Kumar,43,F,A1,
25147,16774,Anil Patil,48,M,A1,
25148,16775,Ramesh Hegde,28,M,A1,
25149,16776,Anita Shetty,28,F,A1,REPEAT-019
25150,16777,Basavaraj Murthy,21,M,A1,
25151,16778,Vidya Gowda,32,F,A1,
25152,16778,Ramesh Shetty,35,M,A2,
25153,16779,Raghu Naidu,24,M,A1,
25154,16780,Vidya Hegde,22,F,A1,
25155,16781,Vidya Murthy,42,F,A1,
25156,16782,Shivaraj Gowda,35,M,A1,
25157,16782,Shwetha Naik,26,F,A2,
25158,16783,Girish Reddy,29,M,A1,
25159,16784,Nandini Patil,50,F,A1,
25160,16785,Raghu Bhat,22,M,A1,
25161,16786,Nagaraj Naik,55,M,A1,
25162,16786,Yogesh Naik,33,M,A2,
25163,16787,Manjunath Bhat,32,M,A1,REPEAT-030
25164,16788,Shivaraj Kumar,30,M,A1,REPEAT-024
25165,16789,Raghu Achar,38,M,A1,
25166,16790,Manjula Reddy,41,F,A1,
25167,16791,Kumar Shetty,18,M,A1,
25168,16792,Anil Bhat,41,M,A1,REPEAT-054
25169,16793,Vijay Patil,41,M,A1,
25170,16793,Pooja Setty,31,F,A2,
25171,16794,Mahesh Shetty,54,M,A1,
25172,16794,Raghu Hegde,49,M,A2,
25173,16795,Nandini Kumar,42,F,A1,REPEAT-012
25174,16796,Anil Rao,39,M,A1,
25175,16796,Prakash Achar,44,M,A2,
25176,16797,Ramesh Naidu,40,M,A1,
25177,16798,Anil Bhat,34,M,A1,REPEAT-005
25178,16799,Naveen Murthy,44,M,A1,REPEAT-002
25179,16799,Girish Poojary,21,M,A2,
25180,16800,Basavaraj Achar,51,M,A1,
25181,16801,Harish Achar,46,M,A1,REPEAT-057
25182,16801,Ramesh Poojary,23,M,A2,
25183,16802,Roopa Naidu,45,F,A1,
25184,16802,Bhagya Shetty,53,F,A2,
25185,16803,Lakshmi Naidu,51,F,A1,
25186,16803,Anil Gowda,48,M,A2,
25187,16804,Harish Achar,45,M,A1,REPEAT-057
25188,16805,Anil Shetty,45,M,A1,
25189,16805,Sowmya Naidu,51,F,A2,
25190,16806,Sowmya Naidu,30,F,A1,
25191,16806,Srinivas Naik,43,M,A2,
25192,16807,Rekha Poojary,39,F,A1,
25193,16808,Shwetha Naik,36,F,A1,
25194,16808,Manjunath Hegde,34,M,A2,
25195,16808,Prakash Iyer,44,M,A3,
25196,16809,Raghu Achar,27,M,A1,
25197,16810,Bhagya Murthy,46,F,A1,
25198,16811,Manjula Reddy,50,F,A1,
25199,16811,Vijay Murthy,49,M,A2,
25200,16812,Naveen Murthy,43,M,A1,REPEAT-002
25201,16813,Harish Poojary,51,M,A1,
25202,16814,Vijay Shetty,51,M,A1,
25203,16815,Vijay Shetty,21,M,A1,REPEAT-007
25204,16816,Naveen Murthy,44,M,A1,REPEAT-002
25205,16817,Radha Gowda,52,F,A1,
25206,16817,Ramesh Bhat,20,M,A2,
25207,16818,Manjula Bhat,51,F,A1,
25208,16818,Sowmya Bhat,28,F,A2,
25209,16819,Harish Achar,19,M,A1,
25210,16820,Anita Shetty,29,F,A1,REPEAT-019
25211,16820,Kavya Reddy,49,F,A2,
25212,16821,Santosh Patil,24,M,A1,
25213,16821,Basavaraj Shetty,20,M,A2,
25214,16821,Girish Patil,39,M,A3,
25215,16822,Srinivas Naidu,37,M,A1,REPEAT-049
25216,16823,Radha Naidu,54,F,A1,
25217,16823,Suresh Naik,55,M,A2,
25218,16823,Suresh Setty,51,M,A3,
25219,16824,Harish Naidu,32,M,A1,
25220,16825,Harish Iyer,55,M,A1,
25221,16825,Roopa Bhat,18,F,A2,
25222,16825,Shivaraj Gowda,19,M,A3,
25223,16826,Mahesh Iyer,41,M,A1,
25224,16827,Lakshmi Naidu,47,F,A1,
25225,16828,Shobha Poojary,54,F,A1,
25226,16828,Manjunath Achar,35,M,A2,
25227,16829,Srinivas Murthy,27,M,A1,
25228,16830,Basavaraj Naik,28,M,A1,
25229,16831,Nagaraj Setty,45,M,A1,REPEAT-003
25230,16831,Bhagya Rao,55,F,A2,
25231,16831,Basavaraj Poojary,48,M,A3,
25232,16832,Lakshmi Naik,51,F,A1,
25233,16833,Shwetha Naidu,53,F,A1,
25234,16834,Roopa Kumar,52,F,A1,
25235,16834,Vidya Poojary,42,F,A2,
25236,16835,Naveen Gowda,50,M,A1,
25237,16836,Srinivas Reddy,55,M,A1,
25238,16836,Ramesh Poojary,21,M,A2,
25239,16837,Pooja Reddy,22,F,A1,
25240,16837,Ravi Kumar,51,M,A2,
25241,16838,Sunita Iyer,36,F,A1,
25242,16839,Rekha Naidu,46,F,A1,
25243,16840,Manjula Reddy,32,F,A1,
25244,16841,Anil Bhat,41,M,A1,REPEAT-054
25245,16842,Ganesh Iyer,18,M,A1,
25246,16843,Naveen Achar,50,M,A1,
25247,16843,Basavaraj Rao,31,M,A2,
25248,16843,Basavaraj Achar,51,M,A3,
25249,16844,Pooja Murthy,51,F,A1,
25250,16845,Nagaraj Naidu,33,M,A1,
25251,16845,Suresh Rao,26,M,A2,
25252,16846,Suresh Iyer,52,M,A1,
25253,16846,Naveen Setty,45,M,A2,
25254,16847,Manjunath Setty,44,M,A1,REPEAT-016
25255,16847,Geeta Patil,53,F,A2,
25256,16848,Kumar Hegde,28,M,A1,REPEAT-040
25257,16849,Nagaraj Setty,45,M,A1,REPEAT-003
25258,16849,Suresh Poojary,32,M,A2,
25259,16850,Naveen Murthy,43,M,A1,REPEAT-002
25260,16851,Mahesh Shetty,37,M,A1,REPEAT-022
25261,16852,Basavaraj Poojary,34,M,A1,
25262,16852,Ramesh Naidu,50,M,A2,
25263,16853,Anita Gowda,41,F,A1,
25264,16853,Basavaraj Kumar,51,M,A2,
25265,16854,Yogesh Bhat,35,M,A1,
25266,16854,Rekha Iyer,20,F,A2,
25267,16854,Kavya Kumar,31,F,A3,
25268,16855,Priya Setty,51,F,A1,
25269,16855,Srinivas Poojary,54,M,A2,
25270,16856,Prakash Gowda,20,M,A1,
25271,16856,Girish Iyer,51,M,A2,
25272,16857,Suresh Naik,38,M,A1,REPEAT-042
25273,16858,Yogesh Kumar,32,M,A1,
25274,16859,Basavaraj Reddy,42,M,A1,REPEAT-031
25275,16860,Harish Kumar,19,M,A1,
25276,16861,Sunita Iyer,39,F,A1,
25277,16862,Prakash Rao,46,M,A1,
25278,16862,Chaya Hegde,39,F,A2,
25279,16863,Anil Setty,28,M,A1,
25280,16864,Prakash Patil,25,M,A1,
25281,16865,Naveen Iyer,42,M,A1,
25282,16866,Ravi Bhat,19,M,A1,
25283,16866,Manjunath Poojary,40,M,A2,
25284,16867,Ravi Shetty,26,M,A1,
25285,16868,Radha Rao,44,F,A1,
25286,16868,Vidya Reddy,25,F,A2,
25287,16869,Manjunath Gowda,24,M,A1,
25288,16870,Kumar Kumar,51,M,A1,
25289,16870,Deepa Poojary,28,F,A2,
25290,16871,Ganesh Reddy,40,M,A1,
25291,16872,Santosh Rao,40,M,A1,REPEAT-027
25292,16873,Ramesh Rao,25,M,A1,
25293,16874,Nagaraj Rao,24,M,A1,REPEAT-026
25294,16874,Nagaraj Naik,33,M,A2,
25295,16874,Radha Reddy,53,F,A3,
25296,16875,Harish Naidu,37,M,A1,REPEAT-015
25297,16875,Pooja Bhat,41,F,A2,
25298,16876,Mahesh Bhat,52,M,A1,
25299,16877,Vidya Reddy,50,F,A1,
25300,16877,Girish Shetty,30,M,A2,
25301,16877,Deepa Murthy,20,F,A3,
25302,16878,Vijay Rao,48,M,A1,
25303,16878,Girish Bhat,33,M,A2,
25304,16879,Naveen Reddy,32,M,A1,
25305,16880,Ravi Gowda,27,M,A1,
25306,16881,Anita Reddy,29,F,A1,
25307,16882,Manjunath Iyer,34,M,A1,
25308,16883,Yogesh Hegde,21,M,A1,
25309,16884,Sowmya Achar,53,F,A1,
25310,16885,Kumar Iyer,28,M,A1,
25311,16886,Srinivas Hegde,31,M,A1,REPEAT-046
25312,16887,Nandini Iyer,55,F,A1,
25313,16888,Shwetha Shetty,45,F,A1,
25314,16888,Anil Naidu,38,M,A2,
25315,16889,Manjula Hegde,54,F,A1,
25316,16890,Sunita Poojary,18,F,A1,
25317,16891,Girish Murthy,32,M,A1,
25318,16892,Kumar Reddy,46,M,A1,
25319,16893,Vijay Bhat,54,M,A1,
25320,16894,Srinivas Hegde,32,M,A1,REPEAT-046
25321,16895,Nandini Hegde,44,F,A1,
25322,16896,Mahesh Shetty,37,M,A1,REPEAT-022
25323,16896,Ramesh Gowda,51,M,A2,
25324,16897,Vijay Rao,39,M,A1,
25325,16898,Vijay Bhat,55,M,A1,
25326,16899,Suresh Kumar,52,M,A1,
25327,16900,Radha Kumar,19,F,A1,
25328,16900,Manjunath Bhat,18,M,A2,
25329,16900,Chaya Patil,40,F,A3,
25330,16901,Lakshmi Murthy,44,F,A1,REPEAT-044
25331,16902,Mahesh Naidu,32,M,A1,
25332,16903,Mahesh Hegde,46,M,A1,
25333,16904,Prakash Hegde,38,M,A1,
25334,16905,Santosh Naik,49,M,A1,
25335,16906,Manjunath Kumar,49,M,A1,
25336,16907,Girish Poojary,52,M,A1,
25337,16908,Kavya Reddy,50,F,A1,
25338,16908,Priya Gowda,53,F,A2,
25339,16908,Basavaraj Iyer,38,M,A3,
25340,16909,Lakshmi Kumar,54,F,A1,
25341,16909,Basavaraj Shetty,53,M,A2,
25342,16910,Manjula Reddy,47,F,A1,
25343,16910,Basavaraj Patil,39,M,A2,
25344,16911,Yogesh Naidu,25,M,A1,REPEAT-001
25345,16912,Harish Murthy,49,M,A1,
25346,16913,Shwetha Patil,40,F,A1,
25347,16913,Shobha Shetty,42,F,A2,
25348,16913,Ganesh Poojary,51,M,A3,
25349,16914,Basavaraj Bhat,47,M,A1,
25350,16915,Shivaraj Poojary,46,M,A1,
25351,16915,Vijay Poojary,54,M,A2,
25352,16916,Ganesh Reddy,55,M,A1,
25353,16917,Rekha Reddy,23,F,A1,
25354,16918,Kavya Setty,25,F,A1,
25355,16919,Savitha Poojary,18,F,A1,
25356,16920,Bhagya Rao,21,F,A1,
25357,16921,Santosh Naidu,33,M,A1,
25358,16922,Nagaraj Naidu,36,M,A1,
25359,16922,Prakash Poojary,20,M,A2,
25360,16923,Nagaraj Poojary,32,M,A1,
25361,16923,Radha Shetty,49,F,A2,
25362,16924,Anil Shetty,31,M,A1,
25363,16924,Nagaraj Achar,45,M,A2,
25364,16925,Yogesh Shetty,30,M,A1,
25365,16925,Priya Achar,39,F,A2,
25366,16926,Suresh Gowda,49,M,A1,
25367,16927,Mahesh Shetty,41,M,A1,
25368,16927,Ramesh Naidu,34,M,A2,
25369,16928,Harish Kumar,33,M,A1,
25370,16929,Shivaraj Reddy,53,M,A1,
25371,16929,Geeta Patil,48,F,A2,
25372,16929,Sunita Poojary,50,F,A3,
25373,16930,Sunita Rao,26,F,A1,
25374,16931,Shivaraj Achar,41,M,A1,
25375,16932,Anita Shetty,28,F,A1,REPEAT-019
25376,16932,Kavya Setty,20,F,A2,
25377,16933,Raghu Patil,32,M,A1,
25378,16934,Chaya Murthy,33,F,A1,
25379,16935,Suresh Bhat,43,M,A1,
25380,16935,Ravi Achar,50,M,A2,
25381,16936,Harish Hegde,23,M,A1,
25382,16936,Ramesh Patil,30,M,A2,
25383,16937,Harish Bhat,52,M,A1,
25384,16938,Bhagya Poojary,46,F,A1,
25385,16939,Mahesh Patil,38,M,A1,
25386,16939,Nagaraj Kumar,42,M,A2,
25387,16940,Manjunath Murthy,26,M,A1,REPEAT-025
25388,16941,Girish Rao,42,M,A1,
25389,16942,Ramesh Bhat,37,M,A1,
25390,16942,Sowmya Hegde,36,F,A2,
25391,16943,Manjunath Gowda,21,M,A1,
25392,16944,Deepa Rao,45,F,A1,
25393,16945,Sowmya Naidu,21,F,A1,
25394,16946,Shwetha Reddy,43,F,A1,
25395,16946,Chaya Patil,21,F,A2,
25396,16947,Naveen Setty,32,M,A1,REPEAT-036
25397,16948,Ravi Rao,53,M,A1,
25398,16948,Nagaraj Bhat,41,M,A2,
25399,16949,Kavya Hegde,43,F,A1,
25400,16949,Mahesh Achar,26,M,A2,
25401,16950,Santosh Naik,39,M,A1,
25402,16950,Sunita Setty,27,F,A2,
25403,16951,Basavaraj Setty,37,M,A1,
25404,16952,Priya Rao,33,F,A1,
25405,16953,Radha Reddy,45,F,A1,REPEAT-055
25406,16954,Naveen Hegde,52,M,A1,
25407,16955,Kumar Setty,37,M,A1,REPEAT-043
25408,16955,Lakshmi Bhat,26,F,A2,
25409,16956,Savitha Kumar,42,F,A1,
25410,16957,Girish Kumar,39,M,A1,
25411,16957,Harish Reddy,50,M,A2,
25412,16958,Sowmya Shetty,46,F,A1,
25413,16959,Manjunath Achar,24,M,A1,
25414,16960,Yogesh Kumar,27,M,A1,
25415,16960,Suresh Patil,52,M,A2,
25416,16961,Yogesh Shetty,50,M,A1,
25417,16962,Anil Bhat,52,M,A1,
25418,16962,Santosh Setty,34,M,A2,
25419,16963,Manjunath Bhat,32,M,A1,REPEAT-030
25420,16963,Deepa Setty,53,F,A2,
25421,16963,Ganesh Rao,40,M,A3,
25422,16964,Girish Patil,22,M,A1,
25423,16965,Ravi Patil,37,M,A1,
25424,16966,Vidya Reddy,45,F,A1,
25425,16967,Srinivas Naik,36,M,A1,
25426,16968,Prakash Patil,55,M,A1,
25427,16969,Prakash Naik,28,M,A1,
25428,16970,Vijay Hegde,36,M,A1,
25429,16971,Anil Shetty,36,M,A1,
25430,16971,Sunita Rao,33,F,A2,
25431,16972,Deepa Bhat,28,F,A1,
25432,16973,Anil Gowda,26,M,A1,
25433,16974,Yogesh Patil,36,M,A1,
25434,16974,Shivaraj Naidu,49,M,A2,
25435,16975,Radha Reddy,44,F,A1,REPEAT-055
25436,16975,Nagaraj Rao,37,M,A2,
25437,16976,Yogesh Naidu,25,M,A1,REPEAT-001
25438,16977,Shivaraj Bhat,55,M,A1,
25439,16978,Rekha Murthy,22,F,A1,
25440,16979,Harish Shetty,33,M,A1,
25441,16980,Rekha Murthy,21,F,A1,
25442,16981,Yogesh Kumar,44,M,A1,
25443,16981,Yogesh Setty,21,M,A2,
25444,16982,Pooja Rao,38,F,A1,
25445,16983,Harish Patil,23,M,A1,
25446,16983,Shivaraj Shetty,43,M,A2,
25447,16983,Ravi Hegde,38,M,A3,
25448,16984,Shivaraj Patil,40,M,A1,REPEAT-006
25449,16984,Srinivas Kumar,54,M,A2,
25450,16984,Priya Gowda,23,F,A3,
25451,16985,Shwetha Shetty,33,F,A1,
25452,16985,Savitha Kumar,50,F,A2,
25453,16986,Yogesh Naidu,25,M,A1,REPEAT-001
25454,16987,Santosh Achar,21,M,A1,
25455,16987,Nandini Naik,34,F,A2,
25456,16988,Sowmya Kumar,33,F,A1,
25457,16988,Ramesh Patil,32,M,A2,
25458,16989,Shwetha Bhat,51,F,A1,
25459,16990,Radha Setty,25,F,A1,
25460,16990,Basavaraj Naidu,35,M,A2,
25461,16991,Prakash Shetty,30,M,A1,
25462,16991,Srinivas Reddy,42,M,A2,
25463,16991,Anil Kumar,55,M,A3,
25464,16992,Shivaraj Naik,21,M,A1,
25465,16992,Nagaraj Rao,50,M,A2,
25466,16993,Nagaraj Setty,46,M,A1,REPEAT-003
25467,16993,Basavaraj Shetty,48,M,A2,
25468,16994,Girish Gowda,43,M,A1,
25469,16995,Vijay Hegde,33,M,A1,
25470,16996,Rekha Shetty,53,F,A1,
25471,16997,Raghu Poojary,21,M,A1,
25472,16997,Ravi Gowda,19,M,A2,
25473,16997,Anil Patil,49,M,A3,
25474,16998,Mahesh Gowda,39,M,A1,
25475,16999,Radha Reddy,44,F,A1,REPEAT-055
25476,17000,Mahesh Rao,43,M,A1,
25477,17000,Prakash Reddy,35,M,A2,
25478,17001,Lakshmi Rao,29,F,A1,
25479,17002,Naveen Naik,20,M,A1,
25480,17003,Radha Reddy,32,F,A1,
25481,17004,Yogesh Setty,27,M,A1,
25482,17004,Srinivas Iyer,48,M,A2,
25483,17005,Geeta Naik,40,F,A1,
25484,17006,Santosh Murthy,53,M,A1,
25485,17007,Mahesh Hegde,36,M,A1,
25486,17008,Naveen Bhat,21,M,A1,
25487,17009,Rekha Kumar,55,F,A1,
25488,17010,Manjunath Naik,38,M,A1,
25489,17010,Basavaraj Gowda,32,M,A2,
25490,17010,Prakash Naik,52,M,A3,
25491,17011,Raghu Naik,39,M,A1,
25492,17011,Savitha Patil,23,F,A2,
25493,17012,Nagaraj Achar,34,M,A1,
25494,17013,Sowmya Gowda,41,F,A1,
25495,17013,Manjunath Reddy,30,M,A2,
25496,17014,Nandini Shetty,22,F,A1,REPEAT-011
25497,17014,Suresh Bhat,43,M,A2,
25498,17015,Srinivas Naidu,40,M,A1,REPEAT-037
25499,17016,Anil Setty,51,M,A1,
25500,17017,Ganesh Kumar,24,M,A1,
25501,17018,Anita Shetty,29,F,A1,REPEAT-019
25502,17019,Ganesh Gowda,20,M,A1,REPEAT-020
25503,17020,Vidya Bhat,23,F,A1,
25504,17021,Manjunath Naik,38,M,A1,
25505,17021,Prakash Achar,39,M,A2,
25506,17021,Roopa Shetty,20,F,A3,
25507,17022,Sunita Bhat,33,F,A1,
25508,17022,Savitha Iyer,37,F,A2,
25509,17022,Mahesh Rao,55,M,A3,
25510,17023,Priya Hegde,40,F,A1,
25511,17023,Radha Setty,34,F,A2,
25512,17024,Geeta Iyer,48,F,A1,
25513,17024,Basavaraj Patil,25,M,A2,
25514,17025,Prakash Kumar,52,M,A1,
25515,17025,Anil Achar,47,M,A2,
25516,17026,Girish Naik,47,M,A1,
25517,17027,Radha Kumar,38,F,A1,
25518,17027,Ganesh Gowda,53,M,A2,
25519,17028,Girish Reddy,20,M,A1,
25520,17029,Sowmya Iyer,31,F,A1,
25521,17030,Suresh Kumar,48,M,A1,
25522,17031,Kumar Setty,37,M,A1,REPEAT-043
25523,17032,Lakshmi Achar,34,F,A1,
25524,17033,Manjunath Hegde,42,M,A1,
25525,17034,Ravi Poojary,43,M,A1,
25526,17034,Prakash Setty,27,M,A2,
25527,17034,Vijay Rao,40,M,A3,
25528,17035,Harish Achar,41,M,A1,
25529,17036,Ramesh Patil,43,M,A1,
25530,17037,Mahesh Shetty,37,M,A1,REPEAT-022
25531,17038,Mahesh Kumar,23,M,A1,
25532,17038,Priya Patil,24,F,A2,
25533,17039,Geeta Hegde,49,F,A1,
25534,17039,Pooja Reddy,24,F,A2,
25535,17040,Manjunath Bhat,32,M,A1,REPEAT-030
25536,17040,Chaya Patil,52,F,A2,
25537,17041,Nandini Shetty,22,F,A1,REPEAT-011
25538,17042,Radha Reddy,44,F,A1,REPEAT-055
25539,17043,Radha Patil,36,F,A1,
25540,17044,Srinivas Kumar,51,M,A1,
25541,17045,Mahesh Murthy,23,M,A1,REPEAT-033
25542,17045,Savitha Poojary,41,F,A2,
25543,17046,Manjunath Naidu,21,M,A1,
25544,17047,Savitha Naidu,44,F,A1,
25545,17047,Vijay Hegde,29,M,A2,
25546,17047,Kumar Kumar,34,M,A3,
25547,17048,Bhagya Gowda,34,F,A1,
25548,17049,Roopa Reddy,34,F,A1,
25549,17050,Nagaraj Hegde,30,M,A1,
25550,17051,Yogesh Rao,52,M,A1,
25551,17052,Pooja Hegde,50,F,A1,
25552,17052,Srinivas Hegde,51,M,A2,
25553,17052,Nagaraj Patil,19,M,A3,
25554,17053,Yogesh Setty,23,M,A1,
25555,17054,Lakshmi Murthy,44,F,A1,REPEAT-044
25556,17055,Manjula Patil,37,F,A1,
25557,17056,Manjunath Bhat,33,M,A1,REPEAT-030
25558,17057,Roopa Bhat,52,F,A1,
25559,17058,Harish Naidu,37,M,A1,REPEAT-015
25560,17058,Anil Murthy,52,M,A2,
25561,17059,Priya Reddy,46,F,A1,
25562,17059,Girish Naidu,43,M,A2,
25563,17059,Sowmya Rao,19,F,A3,
25564,17060,Harish Patil,39,M,A1,REPEAT-053
25565,17061,Raghu Poojary,34,M,A1,
25566,17062,Ramesh Kumar,43,M,A1,
25567,17063,Srinivas Reddy,26,M,A1,
25568,17064,Anil Setty,32,M,A1,
25569,17064,Girish Bhat,21,M,A2,
25570,17064,Girish Rao,42,M,A3,
25571,17065,Prakash Achar,52,M,A1,
25572,17066,Vijay Murthy,20,M,A1,
25573,17066,Prakash Reddy,31,M,A2,
25574,17067,Geeta Naik,46,F,A1,
25575,17068,Ganesh Patil,39,M,A1,
25576,17069,Nagaraj Setty,46,M,A1,REPEAT-003
25577,17069,Girish Murthy,22,M,A2,
25578,17070,Anil Patil,27,M,A1,
25579,17071,Harish Reddy,45,M,A1,REPEAT-056
25580,17071,Geeta Shetty,21,F,A2,
25581,17072,Deepa Hegde,23,F,A1,
25582,17072,Nagaraj Rao,24,M,A2,
25583,17072,Prakash Murthy,28,M,A3,
25584,17073,Priya Murthy,22,F,A1,
25585,17073,Anita Rao,49,F,A2,
25586,17074,Santosh Setty,54,M,A1,
25587,17074,Yogesh Murthy,29,M,A2,
25588,17074,Vijay Patil,45,M,A3,
25589,17075,Vidya Kumar,32,F,A1,
25590,17075,Mahesh Patil,42,M,A2,
25591,17076,Lakshmi Murthy,44,F,A1,REPEAT-044
25592,17076,Mahesh Gowda,53,M,A2,
25593,17076,Vijay Reddy,42,M,A3,
25594,17077,Nandini Achar,27,F,A1,
25595,17078,Naveen Kumar,34,M,A1,
25596,17079,Priya Murthy,24,F,A1,REPEAT-010
25597,17080,Mahesh Naik,43,M,A1,
25598,17081,Ganesh Murthy,25,M,A1,
25599,17081,Naveen Naik,30,M,A2,
25600,17081,Vijay Achar,44,M,A3,
25601,17082,Shivaraj Kumar,48,M,A1,
25602,17083,Mahesh Shetty,38,M,A1,REPEAT-022
25603,17084,Shobha Shetty,31,F,A1,REPEAT-017
25604,17084,Nagaraj Achar,27,M,A2,
25605,17085,Mahesh Naidu,51,M,A1,
25606,17086,Yogesh Murthy,53,M,A1,
25607,17087,Harish Patil,52,M,A1,
25608,17088,Lakshmi Naidu,46,F,A1,
25609,17089,Ganesh Naik,36,M,A1,REPEAT-009
25610,17089,Geeta Hegde,23,F,A2,
25611,17090,Raghu Bhat,35,M,A1,
25612,17090,Manjunath Naik,32,M,A2,
25613,17091,Rekha Murthy,36,F,A1,
25614,17092,Lakshmi Murthy,45,F,A1,REPEAT-044
25615,17092,Deepa Bhat,28,F,A2,
25616,17092,Nagaraj Achar,21,M,A3,
25617,17093,Prakash Naidu,38,M,A1,
25618,17093,Vijay Hegde,49,M,A2,
25619,17094,Roopa Gowda,52,F,A1,
25620,17094,Basavaraj Rao,47,M,A2,
25621,17095,Manjunath Naik,51,M,A1,
25622,17096,Anita Shetty,28,F,A1,REPEAT-019
25623,17097,Basavaraj Naik,45,M,A1,
25624,17097,Roopa Murthy,49,F,A2,
25625,17098,Srinivas Patil,41,M,A1,
25626,17099,Girish Patil,55,M,A1,
25627,17100,Roopa Rao,41,F,A1,
25628,17101,Girish Bhat,33,M,A1,
25629,17101,Srinivas Patil,41,M,A2,
25630,17102,Harish Reddy,21,M,A1,
25631,17102,Radha Naidu,36,F,A2,
25632,17102,Raghu Rao,24,M,A3,
25633,17103,Mahesh Shetty,37,M,A1,REPEAT-022
25634,17104,Suresh Patil,55,M,A1,
25635,17104,Ramesh Reddy,54,M,A2,
25636,17105,Nandini Hegde,42,F,A1,
25637,17105,Nandini Rao,39,F,A2,
25638,17106,Chaya Bhat,43,F,A1,
25639,17107,Shivaraj Murthy,34,M,A1,
25640,17108,Priya Gowda,44,F,A1,
25641,17109,Basavaraj Shetty,34,M,A1,
25642,17110,Naveen Reddy,24,M,A1,
25643,17110,Shobha Achar,52,F,A2,
25644,17111,Yogesh Naidu,24,M,A1,REPEAT-001
25645,17112,Mahesh Patil,49,M,A1,
25646,17113,Ravi Reddy,28,M,A1,
25647,17113,Ganesh Naik,41,M,A2,
25648,17114,Roopa Patil,39,F,A1,
25649,17114,Srinivas Naidu,54,M,A2,
25650,17115,Prakash Hegde,53,M,A1,
25651,17115,Shwetha Patil,44,F,A2,
25652,17116,Prakash Naik,36,M,A1,
25653,17117,Girish Gowda,47,M,A1,
25654,17117,Ganesh Murthy,42,M,A2,
25655,17117,Mahesh Iyer,55,M,A3,
25656,17118,Mahesh Shetty,38,M,A1,REPEAT-022
25657,17119,Naveen Shetty,33,M,A1,
25658,17120,Radha Reddy,44,F,A1,REPEAT-055
25659,17121,Anita Poojary,32,F,A1,
25660,17122,Roopa Setty,51,F,A1,
25661,17122,Ganesh Poojary,52,M,A2,
25662,17122,Srinivas Rao,38,M,A3,
25663,17123,Basavaraj Setty,50,M,A1,
25664,17123,Santosh Iyer,30,M,A2,
25665,17124,Raghu Kumar,40,M,A1,
25666,17125,Anil Naidu,26,M,A1,
25667,17126,Chaya Reddy,54,F,A1,
25668,17126,Kumar Poojary,43,M,A2,
25669,17126,Basavaraj Poojary,47,M,A3,
25670,17127,Chaya Poojary,55,F,A1,
25671,17127,Pooja Rao,19,F,A2,
25672,17128,Vidya Kumar,25,F,A1,
25673,17128,Ganesh Hegde,36,M,A2,
25674,17129,Kumar Achar,49,M,A1,
25675,17130,Ravi Patil,28,M,A1,
25676,17131,Nagaraj Poojary,39,M,A1,
25677,17132,Manjunath Shetty,52,M,A1,
25678,17133,Savitha Gowda,40,F,A1,
25679,17133,Basavaraj Bhat,43,M,A2,
25680,17134,Naveen Murthy,24,M,A1,
25681,17134,Kavya Murthy,38,F,A2,
25682,17135,Anita Kumar,47,F,A1,
25683,17136,Pooja Setty,35,F,A1,
25684,17137,Ganesh Gowda,20,M,A1,REPEAT-020
25685,17137,Savitha Kumar,22,F,A2,
25686,17138,Mahesh Murthy,24,M,A1,REPEAT-033
25687,17138,Priya Patil,53,F,A2,
25688,17139,Harish Naidu,36,M,A1,REPEAT-015
25689,17140,Sunita Setty,23,F,A1,
25690,17140,Girish Achar,50,M,A2,
25691,17141,Ganesh Bhat,26,M,A1,
25692,17141,Anita Naik,31,F,A2,
25693,17142,Radha Kumar,29,F,A1,
25694,17142,Srinivas Patil,27,M,A2,
25695,17143,Sowmya Rao,24,F,A1,
25696,17144,Mahesh Shetty,37,M,A1,REPEAT-022
25697,17145,Nagaraj Gowda,32,M,A1,
25698,17146,Ravi Naik,51,M,A1,
25699,17147,Srinivas Poojary,37,M,A1,
25700,17148,Sowmya Achar,29,F,A1,
25701,17148,Kumar Patil,28,M,A2,
25702,17149,Ganesh Bhat,48,M,A1,
25703,17149,Shivaraj Hegde,25,M,A2,
25704,17150,Srinivas Hegde,31,M,A1,REPEAT-046
25705,17151,Anita Shetty,28,F,A1,REPEAT-019
25706,17152,Radha Rao,33,F,A1,REPEAT-059
25707,17152,Girish Bhat,33,M,A2,
25708,17153,Bhagya Murthy,23,F,A1,
25709,17154,Srinivas Poojary,24,M,A1,
25710,17154,Radha Poojary,22,F,A2,
25711,17154,Shivaraj Naidu,43,M,A3,
25712,17155,Manjula Setty,33,F,A1,
25713,17155,Chaya Hegde,49,F,A2,
25714,17155,Anil Achar,47,M,A3,
25715,17156,Naveen Setty,30,M,A1,
25716,17156,Prakash Murthy,36,M,A2,
25717,17157,Suresh Shetty,47,M,A1,
25718,17157,Kumar Rao,51,M,A2,
25719,17158,Prakash Naidu,35,M,A1,
25720,17159,Lakshmi Murthy,45,F,A1,REPEAT-044
25721,17160,Shivaraj Hegde,31,M,A1,
25722,17161,Basavaraj Hegde,45,M,A1,
25723,17161,Ravi Kumar,42,M,A2,
25724,17162,Deepa Iyer,45,F,A1,
25725,17163,Prakash Setty,45,M,A1,
25726,17164,Raghu Iyer,33,M,A1,
25727,17164,Rekha Patil,28,F,A2,
25728,17165,Harish Patil,39,M,A1,REPEAT-053
25729,17165,Raghu Shetty,34,M,A2,
25730,17166,Harish Naidu,37,M,A1,REPEAT-015
25731,17166,Ravi Naidu,36,M,A2,
25732,17167,Shobha Rao,27,F,A1,
25733,17167,Shivaraj Naidu,41,M,A2,
25734,17168,Priya Bhat,41,F,A1,
25735,17169,Shobha Shetty,52,F,A1,
25736,17170,Manjunath Bhat,32,M,A1,REPEAT-030
25737,17170,Girish Achar,18,M,A2,
25738,17171,Mahesh Murthy,23,M,A1,REPEAT-033
25739,17172,Ganesh Poojary,48,M,A1,
25740,17172,Srinivas Kumar,18,M,A2,
25741,17173,Girish Achar,44,M,A1,
25742,17173,Naveen Setty,28,M,A2,
25743,17173,Ganesh Naik,37,M,A3,
25744,17174,Santosh Rao,40,M,A1,REPEAT-027
25745,17174,Pooja Reddy,39,F,A2,
25746,17175,Savitha Patil,41,F,A1,
25747,17176,Bhagya Reddy,20,F,A1,
25748,17176,Vijay Poojary,48,M,A2,
25749,17177,Raghu Murthy,21,M,A1,
25750,17178,Roopa Gowda,48,F,A1,
25751,17179,Shivaraj Naidu,44,M,A1,
25752,17180,Prakash Achar,51,M,A1,
25753,17180,Rekha Naik,31,F,A2,
25754,17181,Manjula Reddy,38,F,A1,
25755,17182,Manjunath Rao,55,M,A1,
25756,17183,Ganesh Patil,32,M,A1,
25757,17183,Kumar Reddy,37,M,A2,
25758,17184,Raghu Kumar,52,M,A1,
25759,17185,Suresh Achar,24,M,A1,
25760,17185,Naveen Naik,20,M,A2,
25761,17186,Manjunath Reddy,39,M,A1,
25762,17186,Srinivas Patil,20,M,A2,
25763,17187,Basavaraj Reddy,43,M,A1,REPEAT-031
25764,17188,Girish Achar,55,M,A1,
25765,17189,Anita Setty,19,F,A1,
25766,17189,Basavaraj Hegde,52,M,A2,
25767,17190,Girish Poojary,39,M,A1,
25768,17190,Anil Achar,51,M,A2,
25769,17191,Vidya Iyer,40,F,A1,
25770,17191,Srinivas Poojary,29,M,A2,
25771,17191,Manjunath Rao,46,M,A3,
25772,17192,Sowmya Naik,22,F,A1,
25773,17193,Yogesh Achar,36,M,A1,
25774,17193,Girish Kumar,40,M,A2,
25775,17194,Ramesh Patil,29,M,A1,
25776,17195,Shwetha Shetty,44,F,A1,
25777,17196,Radha Poojary,47,F,A1,
25778,17197,Suresh Iyer,39,M,A1,
25779,17197,Nandini Reddy,23,F,A2,
25780,17198,Mahesh Murthy,23,M,A1,REPEAT-033
25781,17199,Vijay Poojary,48,M,A1,
25782,17199,Nandini Naidu,36,F,A2,
25783,17200,Priya Iyer,24,F,A1,
25784,17200,Sunita Patil,19,F,A2,
25785,17201,Anita Hegde,28,F,A1,
25786,17202,Basavaraj Setty,27,M,A1,
25787,17203,Radha Reddy,45,F,A1,REPEAT-055
25788,17203,Prakash Bhat,18,M,A2,
25789,17204,Ravi Rao,25,M,A1,
25790,17204,Naveen Naik,35,M,A2,
25791,17205,Radha Naik,37,F,A1,
25792,17206,Vijay Gowda,26,M,A1,
25793,17207,Kavya Reddy,44,F,A1,
25794,17207,Roopa Reddy,39,F,A2,
25795,17208,Girish Reddy,22,M,A1,
25796,17209,Naveen Murthy,36,M,A1,
25797,17209,Vijay Naidu,30,M,A2,
25798,17210,Roopa Hegde,23,F,A1,
25799,17211,Nagaraj Murthy,43,M,A1,
25800,17212,Kumar Achar,34,M,A1,
25801,17213,Srinivas Rao,33,M,A1,
25802,17214,Raghu Hegde,40,M,A1,REPEAT-045
25803,17214,Basavaraj Reddy,24,M,A2,
25804,17215,Bhagya Poojary,24,F,A1,
25805,17216,Naveen Murthy,43,M,A1,REPEAT-002
25806,17216,Nandini Setty,28,F,A2,
25807,17216,Raghu Murthy,53,M,A3,
25808,17217,Ganesh Poojary,40,M,A1,
25809,17217,Kumar Naik,18,M,A2,
25810,17217,Rekha Shetty,46,F,A3,
25811,17218,Shivaraj Bhat,24,M,A1,
25812,17219,Kumar Iyer,20,M,A1,REPEAT-038
25813,17220,Suresh Naik,38,M,A1,REPEAT-042
25814,17221,Shobha Setty,32,F,A1,
25815,17222,Shwetha Patil,23,F,A1,
25816,17223,Ramesh Reddy,49,M,A1,
25817,17224,Nandini Kumar,43,F,A1,REPEAT-012
25818,17224,Harish Setty,30,M,A2,
25819,17225,Nandini Hegde,25,F,A1,
25820,17225,Shwetha Naik,35,F,A2,
25821,17226,Raghu Naik,18,M,A1,
25822,17227,Basavaraj Iyer,20,M,A1,
25823,17227,Harish Setty,33,M,A2,
25824,17228,Kumar Kumar,29,M,A1,
25825,17229,Raghu Patil,36,M,A1,
25826,17230,Ramesh Reddy,35,M,A1,
25827,17231,Nagaraj Naik,40,M,A1,
25828,17231,Raghu Iyer,19,M,A2,
25829,17232,Vidya Shetty,36,F,A1,
25830,17233,Shivaraj Patil,40,M,A1,REPEAT-006
25831,17233,Srinivas Gowda,35,M,A2,
25832,17234,Harish Bhat,55,M,A1,
25833,17234,Nagaraj Bhat,39,M,A2,
25834,17235,Nagaraj Gowda,32,M,A1,
25835,17235,Raghu Iyer,38,M,A2,
25836,17236,Roopa Patil,25,F,A1,
25837,17237,Girish Iyer,19,M,A1,
25838,17238,Ravi Gowda,19,M,A1,
25839,17238,Mahesh Bhat,31,M,A2,
25840,17239,Mahesh Shetty,37,M,A1,REPEAT-022
25841,17240,Ramesh Naik,51,M,A1,
25842,17241,Ganesh Hegde,36,M,A1,REPEAT-060
25843,17241,Prakash Gowda,39,M,A2,
25844,17242,Girish Reddy,40,M,A1,
25845,17243,Basavaraj Poojary,49,M,A1,
25846,17244,Anil Bhat,41,M,A1,REPEAT-054
25847,17245,Suresh Naik,39,M,A1,REPEAT-042
25848,17245,Kumar Naik,25,M,A2,
25849,17246,Manjunath Naidu,43,M,A1,
25850,17247,Vijay Shetty,21,M,A1,REPEAT-007
25851,17248,Naveen Bhat,40,M,A1,
25852,17249,Yogesh Naidu,24,M,A1,REPEAT-001
25853,17250,Raghu Reddy,40,M,A1,
25854,17251,Naveen Patil,30,M,A1,
25855,17252,Kumar Patil,45,M,A1,
25856,17252,Lakshmi Naidu,22,F,A2,
25857,17253,Mahesh Naidu,37,M,A1,
25858,17253,Vidya Shetty,50,F,A2,
25859,17254,Shivaraj Setty,55,M,A1,
25860,17254,Shivaraj Reddy,51,M,A2,
25861,17255,Raghu Naik,29,M,A1,
25862,17255,Santosh Bhat,55,M,A2,
25863,17256,Vijay Gowda,18,M,A1,
25864,17257,Suresh Setty,31,M,A1,REPEAT-034
25865,17258,Bhagya Shetty,37,F,A1,
25866,17258,Ravi Shetty,36,M,A2,
25867,17259,Vidya Poojary,47,F,A1,
25868,17260,Girish Murthy,21,M,A1,
25869,17260,Savitha Iyer,46,F,A2,
25870,17260,Priya Setty,50,F,A3,
25871,17261,Shivaraj Achar,35,M,A1,
25872,17262,Geeta Achar,49,F,A1,
25873,17263,Shivaraj Naik,53,M,A1,
25874,17264,Anil Bhat,34,M,A1,REPEAT-005
25875,17265,Mahesh Naik,21,M,A1,
25876,17265,Basavaraj Iyer,25,M,A2,
25877,17266,Kumar Poojary,27,M,A1,
25878,17266,Girish Gowda,30,M,A2,
25879,17267,Anil Reddy,26,M,A1,
25880,17268,Mahesh Shetty,37,M,A1,REPEAT-022
25881,17269,Mahesh Shetty,37,M,A1,REPEAT-022
25882,17270,Vijay Bhat,44,M,A1,
25883,17271,Shivaraj Reddy,35,M,A1,
25884,17272,Raghu Reddy,45,M,A1,
25885,17273,Ganesh Gowda,20,M,A1,REPEAT-020
25886,17273,Mahesh Hegde,21,M,A2,
25887,17274,Harish Patil,39,M,A1,REPEAT-053
25888,17275,Priya Patil,27,F,A1,
25889,17275,Radha Murthy,45,F,A2,
25890,17276,Manjunath Murthy,40,M,A1,
25891,17277,Kumar Rao,33,M,A1,
25892,17278,Harish Hegde,26,M,A1,
25893,17279,Shwetha Kumar,21,F,A1,
25894,17279,Prakash Rao,30,M,A2,
25895,17280,Nandini Reddy,27,F,A1,
25896,17281,Sowmya Naik,34,F,A1,
25897,17282,Ganesh Setty,43,M,A1,
25898,17282,Anita Shetty,29,F,A2,
25899,17283,Basavaraj Naik,41,M,A1,
25900,17284,Sunita Gowda,42,F,A1,
25901,17285,Harish Naidu,36,M,A1,REPEAT-015
25902,17285,Manjunath Iyer,25,M,A2,
25903,17285,Santosh Patil,19,M,A3,
25904,17286,Ramesh Achar,55,M,A1,
25905,17286,Yogesh Bhat,20,M,A2,
25906,17286,Manjunath Murthy,52,M,A3,
25907,17287,Mahesh Poojary,36,M,A1,
25908,17287,Yogesh Setty,51,M,A2,
25909,17287,Naveen Patil,21,M,A3,
25910,17288,Suresh Gowda,28,M,A1,
25911,17289,Yogesh Iyer,18,M,A1,
25912,17290,Nagaraj Setty,46,M,A1,REPEAT-003
25913,17291,Yogesh Poojary,20,M,A1,
25914,17292,Kumar Hegde,30,M,A1,
25915,17292,Manjunath Gowda,34,M,A2,
25916,17293,Prakash Poojary,43,M,A1,
25917,17294,Nagaraj Rao,24,M,A1,REPEAT-026
25918,17295,Kumar Naik,49,M,A1,
25919,17296,Lakshmi Murthy,45,F,A1,REPEAT-044
25920,17297,Shwetha Hegde,42,F,A1,
25921,17298,Girish Iyer,25,M,A1,
25922,17299,Chaya Hegde,28,F,A1,
25923,17300,Ganesh Rao,27,M,A1,
25924,17301,Lakshmi Gowda,37,F,A1,
25925,17301,Shivaraj Poojary,43,M,A2,
25926,17302,Anil Shetty,46,M,A1,
25927,17303,Nagaraj Bhat,40,M,A1,
25928,17304,Geeta Naik,37,F,A1,
25929,17305,Sowmya Hegde,37,F,A1,
25930,17306,Savitha Setty,32,F,A1,
25931,17307,Naveen Naik,38,M,A1,REPEAT-021
25932,17307,Shivaraj Shetty,23,M,A2,
25933,17308,Shivaraj Bhat,22,M,A1,
25934,17308,Geeta Kumar,26,F,A2,
25935,17308,Sunita Achar,36,F,A3,
25936,17309,Vijay Shetty,22,M,A1,REPEAT-007
25937,17310,Ganesh Achar,41,M,A1,
25938,17311,Mahesh Murthy,24,M,A1,REPEAT-033
25939,17312,Santosh Shetty,22,M,A1,
25940,17313,Savitha Kumar,47,F,A1,
25941,17314,Vijay Naik,51,M,A1,
25942,17315,Srinivas Poojary,28,M,A1,
25943,17316,Priya Achar,34,F,A1,
25944,17317,Nagaraj Naik,20,M,A1,
25945,17318,Shivaraj Patil,40,M,A1,REPEAT-006
25946,17319,Vijay Murthy,45,M,A1,
25947,17319,Yogesh Achar,28,M,A2,
25948,17320,Vidya Naidu,41,F,A1,
25949,17320,Savitha Murthy,52,F,A2,
25950,17321,Ravi Rao,18,M,A1,
25951,17322,Ramesh Rao,38,M,A1,
25952,17322,Bhagya Shetty,32,F,A2,
25953,17323,Suresh Naik,38,M,A1,REPEAT-042
25954,17324,Ravi Achar,33,M,A1,
25955,17324,Vijay Gowda,48,M,A2,
25956,17325,Yogesh Kumar,45,M,A1,REPEAT-050
25957,17325,Srinivas Gowda,42,M,A2,
25958,17325,Manjunath Iyer,29,M,A3,
25959,17326,Priya Iyer,47,F,A1,
25960,17327,Shivaraj Murthy,45,M,A1,
25961,17327,Anil Naik,33,M,A2,
25962,17328,Santosh Iyer,49,M,A1,
25963,17329,Kumar Reddy,49,M,A1,
25964,17329,Geeta Naik,37,F,A2,
25965,17330,Santosh Poojary,18,M,A1,
25966,17331,Lakshmi Murthy,45,F,A1,REPEAT-044
25967,17332,Naveen Murthy,43,M,A1,REPEAT-002
25968,17333,Mahesh Murthy,23,M,A1,REPEAT-033
25969,17334,Ganesh Patil,37,M,A1,
25970,17335,Bhagya Setty,42,F,A1,
25971,17336,Raghu Reddy,21,M,A1,
25972,17336,Radha Setty,35,F,A2,
25973,17336,Santosh Iyer,48,M,A3,
25974,17337,Manjunath Murthy,25,M,A1,REPEAT-025
25975,17338,Suresh Setty,30,M,A1,REPEAT-034
25976,17339,Nagaraj Poojary,45,M,A1,
25977,17340,Deepa Bhat,38,F,A1,
25978,17341,Manjunath Murthy,25,M,A1,REPEAT-025
25979,17342,Santosh Patil,47,M,A1,
25980,17342,Srinivas Achar,25,M,A2,
25981,17343,Kavya Rao,55,F,A1,
25982,17344,Harish Gowda,23,M,A1,
25983,17344,Deepa Kumar,20,F,A2,
25984,17344,Radha Iyer,30,F,A3,
25985,17345,Yogesh Poojary,40,M,A1,
25986,17345,Shivaraj Shetty,40,M,A2,
25987,17346,Shwetha Bhat,53,F,A1,
25988,17347,Bhagya Reddy,32,F,A1,
25989,17348,Basavaraj Reddy,43,M,A1,REPEAT-031
25990,17348,Bhagya Bhat,48,F,A2,
25991,17349,Basavaraj Poojary,50,M,A1,
25992,17350,Manjunath Murthy,26,M,A1,REPEAT-025
25993,17351,Ravi Naik,49,M,A1,
25994,17351,Girish Setty,36,M,A2,
25995,17351,Bhagya Shetty,22,F,A3,
25996,17352,Kumar Naidu,53,M,A1,
25997,17352,Vidya Poojary,34,F,A2,
25998,17353,Shwetha Reddy,23,F,A1,
25999,17354,Santosh Rao,37,M,A1,
26000,17354,Chaya Murthy,45,F,A2,
26001,17355,Harish Poojary,34,M,A1,
26002,17356,Rekha Murthy,26,F,A1,
26003,17356,Yogesh Reddy,48,M,A2,
26004,17357,Manjunath Murthy,25,M,A1,REPEAT-025
26005,17358,Manjula Patil,24,F,A1,
26006,17359,Savitha Naidu,22,F,A1,REPEAT-013
26007,17359,Srinivas Patil,21,M,A2,
26008,17360,Nandini Hegde,25,F,A1,
26009,17361,Lakshmi Gowda,55,F,A1,
26010,17362,Lakshmi Murthy,44,F,A1,REPEAT-044
26011,17363,Vidya Iyer,24,F,A1,
26012,17363,Raghu Murthy,46,M,A2,
26013,17363,Suresh Kumar,53,M,A3,
26014,17364,Prakash Rao,48,M,A1,
26015,17365,Sunita Iyer,21,F,A1,
26016,17365,Prakash Poojary,51,M,A2,
26017,17365,Santosh Reddy,37,M,A3,
26018,17366,Girish Murthy,31,M,A1,
26019,17366,Shivaraj Kumar,28,M,A2,
26020,17367,Naveen Poojary,35,M,A1,
26021,17368,Anil Bhat,35,M,A1,REPEAT-005
26022,17368,Yogesh Rao,23,M,A2,
26023,17369,Srinivas Shetty,40,M,A1,
26024,17369,Prakash Shetty,38,M,A2,
26025,17370,Basavaraj Shetty,44,M,A1,
26026,17370,Chaya Gowda,26,F,A2,
26027,17371,Ganesh Hegde,55,M,A1,
26028,17371,Anil Setty,18,M,A2,
26029,17372,Shwetha Naidu,39,F,A1,
26030,17372,Girish Iyer,40,M,A2,
26031,17373,Prakash Patil,53,M,A1,
26032,17373,Yogesh Patil,48,M,A2,
26033,17374,Manjunath Murthy,25,M,A1,REPEAT-025
26034,17375,Radha Hegde,27,F,A1,
26035,17375,Shwetha Iyer,54,F,A2,
26036,17375,Ravi Shetty,38,M,A3,
26037,17376,Anil Gowda,20,M,A1,REPEAT-052
26038,17377,Santosh Setty,47,M,A1,
26039,17377,Roopa Naidu,48,F,A2,
26040,17377,Kumar Reddy,25,M,A3,
26041,17378,Ganesh Naik,47,M,A1,
26042,17379,Sowmya Rao,33,F,A1,
26043,17379,Chaya Kumar,48,F,A2,
26044,17379,Basavaraj Gowda,29,M,A3,
26045,17380,Kumar Rao,48,M,A1,
26046,17381,Kavya Rao,22,F,A1,
26047,17382,Srinivas Bhat,35,M,A1,
26048,17382,Manjula Iyer,48,F,A2,
26049,17383,Ramesh Rao,31,M,A1,
26050,17384,Nandini Bhat,55,F,A1,
26051,17385,Girish Achar,48,M,A1,
26052,17386,Naveen Patil,18,M,A1,
26053,17387,Lakshmi Murthy,45,F,A1,REPEAT-044
26054,17388,Suresh Naik,39,M,A1,REPEAT-042
26055,17388,Naveen Setty,23,M,A2,
26056,17389,Manjunath Bhat,32,M,A1,REPEAT-030
26057,17389,Radha Shetty,41,F,A2,
26058,17389,Mahesh Naidu,48,M,A3,
26059,17390,Suresh Setty,30,M,A1,REPEAT-034
26060,17391,Naveen Iyer,45,M,A1,
26061,17392,Srinivas Kumar,21,M,A1,
26062,17392,Naveen Poojary,42,M,A2,
26063,17393,Ravi Iyer,44,M,A1,
26064,17393,Mahesh Shetty,40,M,A2,
26065,17394,Suresh Bhat,22,M,A1,
26066,17395,Ramesh Reddy,40,M,A1,
26067,17396,Nandini Kumar,42,F,A1,REPEAT-012
26068,17396,Mahesh Poojary,24,M,A2,
26069,17397,Santosh Hegde,39,M,A1,
26070,17397,Ravi Rao,42,M,A2,
26071,17398,Basavaraj Reddy,43,M,A1,REPEAT-031
26072,17399,Basavaraj Shetty,41,M,A1,REPEAT-023
26073,17399,Manjunath Naidu,33,M,A2,
26074,17400,Prakash Setty,20,M,A1,
26075,17401,Naveen Setty,30,M,A1,
26076,17401,Ganesh Bhat,27,M,A2,
26077,17402,Manjunath Hegde,30,M,A1,
26078,17402,Savitha Naik,55,F,A2,
26079,17403,Srinivas Naidu,38,M,A1,REPEAT-049
26080,17404,Shivaraj Naidu,18,M,A1,
26081,17405,Vijay Shetty,21,M,A1,REPEAT-007
26082,17406,Bhagya Iyer,29,F,A1,
26083,17406,Prakash Bhat,23,M,A2,
26084,17407,Savitha Reddy,54,F,A1,
26085,17407,Raghu Reddy,29,M,A2,
26086,17408,Nandini Kumar,42,F,A1,REPEAT-012
26087,17408,Suresh Kumar,45,M,A2,
26088,17409,Nagaraj Naik,28,M,A1,
26089,17409,Basavaraj Reddy,30,M,A2,
26090,17409,Kumar Reddy,47,M,A3,
26091,17410,Suresh Murthy,25,M,A1,
26092,17411,Yogesh Murthy,23,M,A1,
26093,17412,Chaya Patil,30,F,A1,
26094,17413,Santosh Naik,30,M,A1,
26095,17414,Nagaraj Naidu,36,M,A1,REPEAT-035
26096,17415,Mahesh Shetty,37,M,A1,REPEAT-022
26097,17415,Harish Patil,42,M,A2,
26098,17416,Girish Naidu,32,M,A1,
26099,17416,Priya Rao,47,F,A2,
26100,17417,Savitha Bhat,47,F,A1,
26101,17417,Santosh Hegde,30,M,A2,
26102,17418,Ravi Setty,23,M,A1,
26103,17418,Naveen Bhat,50,M,A2,
26104,17419,Harish Reddy,38,M,A1,
26105,17419,Manjula Reddy,40,F,A2,
26106,17420,Shivaraj Naidu,20,M,A1,
26107,17420,Suresh Setty,51,M,A2,
26108,17421,Ganesh Gowda,21,M,A1,REPEAT-020
26109,17421,Ravi Kumar,46,M,A2,
26110,17421,Raghu Setty,30,M,A3,
26111,17422,Naveen Murthy,43,M,A1,REPEAT-002
26112,17422,Basavaraj Poojary,21,M,A2,
26113,17423,Pooja Bhat,41,F,A1,
26114,17424,Nandini Shetty,22,F,A1,REPEAT-011
26115,17424,Geeta Kumar,43,F,A2,
26116,17425,Deepa Murthy,39,F,A1,
26117,17425,Anil Bhat,25,M,A2,
26118,17426,Kavya Iyer,25,F,A1,
26119,17426,Ravi Setty,49,M,A2,
26120,17426,Rekha Reddy,26,F,A3,
26121,17427,Lakshmi Murthy,44,F,A1,REPEAT-044
26122,17428,Raghu Naidu,19,M,A1,
26123,17429,Anil Bhat,41,M,A1,REPEAT-054
26124,17429,Rekha Hegde,48,F,A2,
26125,17430,Manjunath Naidu,20,M,A1,
26126,17431,Vidya Kumar,35,F,A1,
26127,17431,Priya Kumar,35,F,A2,
26128,17431,Mahesh Iyer,25,M,A3,
26129,17432,Radha Murthy,37,F,A1,
26130,17433,Sowmya Achar,25,F,A1,
26131,17433,Basavaraj Shetty,45,M,A2,
26132,17434,Vijay Murthy,27,M,A1,
26133,17434,Anil Gowda,47,M,A2,
26134,17435,Santosh Patil,24,M,A1,
26135,17436,Girish Iyer,25,M,A1,
26136,17436,Ravi Setty,51,M,A2,
26137,17437,Shwetha Gowda,18,F,A1,
26138,17438,Girish Reddy,43,M,A1,
26139,17439,Deepa Bhat,45,F,A1,
26140,17440,Radha Rao,24,F,A1,
26141,17441,Prakash Patil,30,M,A1,
26142,17441,Ravi Bhat,42,M,A2,
26143,17441,Basavaraj Achar,43,M,A3,
26144,17442,Harish Setty,29,M,A1,
26145,17442,Ramesh Naik,29,M,A2,
26146,17443,Nagaraj Setty,24,M,A1,
26147,17444,Yogesh Bhat,49,M,A1,
26148,17445,Radha Reddy,45,F,A1,REPEAT-055
26149,17445,Vijay Gowda,36,M,A2,
26150,17445,Sunita Reddy,32,F,A3,
26151,17446,Priya Achar,54,F,A1,
26152,17447,Nagaraj Reddy,45,M,A1,
26153,17448,Mahesh Setty,25,M,A1,
26154,17449,Nandini Naidu,41,F,A1,
26155,17450,Santosh Shetty,20,M,A1,
26156,17450,Vijay Shetty,38,M,A2,
26157,17451,Yogesh Naidu,24,M,A1,REPEAT-001
26158,17452,Girish Hegde,36,M,A1,
26159,17453,Santosh Kumar,43,M,A1,
26160,17453,Ravi Kumar,55,M,A2,
26161,17454,Naveen Murthy,55,M,A1,
26162,17455,Prakash Kumar,24,M,A1,
26163,17456,Ravi Achar,42,M,A1,
26164,17456,Shivaraj Naik,23,M,A2,
26165,17457,Naveen Patil,30,M,A1,
26166,17458,Srinivas Shetty,39,M,A1,
26167,17459,Vidya Gowda,43,F,A1,
26168,17459,Vidya Patil,29,F,A2,
26169,17459,Shobha Bhat,29,F,A3,
26170,17460,Raghu Poojary,35,M,A1,
26171,17460,Ravi Bhat,19,M,A2,
26172,17461,Anil Achar,54,M,A1,
26173,17461,Suresh Patil,51,M,A2,
26174,17462,Bhagya Naik,24,F,A1,
26175,17462,Anil Naidu,35,M,A2,
26176,17463,Santosh Poojary,22,M,A1,
26177,17463,Geeta Rao,46,F,A2,
26178,17464,Shwetha Naik,47,F,A1,
26179,17464,Naveen Iyer,48,M,A2,
26180,17465,Basavaraj Iyer,41,M,A1,
26181,17465,Nagaraj Bhat,52,M,A2,
26182,17466,Savitha Bhat,51,F,A1,
26183,17467,Ganesh Hegde,37,M,A1,REPEAT-060
26184,17467,Girish Reddy,20,M,A2,
26185,17468,Lakshmi Poojary,32,F,A1,
26186,17469,Ramesh Bhat,48,M,A1,
26187,17470,Manjula Patil,31,F,A1,
26188,17471,Nandini Setty,23,F,A1,
26189,17471,Suresh Hegde,43,M,A2,
26190,17472,Priya Patil,50,F,A1,
26191,17473,Anil Bhat,34,M,A1,REPEAT-005
26192,17474,Suresh Hegde,23,M,A1,
26193,17475,Nagaraj Setty,46,M,A1,REPEAT-003
26194,17475,Pooja Hegde,21,F,A2,
26195,17476,Nandini Kumar,42,F,A1,REPEAT-012
26196,17476,Roopa Iyer,55,F,A2,
26197,17476,Suresh Achar,18,M,A3,
26198,17477,Suresh Naik,38,M,A1,REPEAT-042
26199,17478,Anita Naidu,54,F,A1,
26200,17478,Basavaraj Rao,26,M,A2,
26201,17479,Ganesh Murthy,36,M,A1,
26202,17480,Kumar Murthy,46,M,A1,REPEAT-048
26203,17480,Santosh Gowda,33,M,A2,
26204,17481,Srinivas Naidu,38,M,A1,REPEAT-049
26205,17482,Roopa Gowda,34,F,A1,
26206,17482,Vijay Rao,51,M,A2,
26207,17483,Savitha Murthy,54,F,A1,
26208,17483,Vijay Murthy,34,M,A2,
26209,17484,Suresh Naidu,44,M,A1,
26210,17485,Nandini Gowda,29,F,A1,
26211,17486,Mahesh Setty,27,M,A1,
26212,17487,Radha Kumar,45,F,A1,
26213,17488,Mahesh Poojary,46,M,A1,
26214,17489,Harish Setty,51,M,A1,
26215,17489,Anita Murthy,19,F,A2,
26216,17490,Mahesh Shetty,38,M,A1,REPEAT-022
26217,17490,Raghu Reddy,54,M,A2,
26218,17491,Yogesh Naidu,25,M,A1,REPEAT-001
26219,17492,Pooja Poojary,36,F,A1,
26220,17492,Shobha Iyer,35,F,A2,
26221,17493,Ramesh Naik,55,M,A1,
26222,17494,Ramesh Poojary,23,M,A1,
26223,17495,Anil Naik,50,M,A1,
26224,17496,Anita Setty,33,F,A1,
26225,17497,Ganesh Bhat,41,M,A1,
26226,17498,Anil Shetty,35,M,A1,
26227,17498,Anil Iyer,49,M,A2,
26228,17499,Rekha Naik,50,F,A1,
26229,17500,Ganesh Shetty,50,M,A1,
26230,17500,Vijay Hegde,23,M,A2,
26231,17501,Anita Achar,39,F,A1,
26232,17502,Manjunath Gowda,19,M,A1,
26233,17503,Kavya Kumar,42,F,A1,
26234,17503,Basavaraj Kumar,26,M,A2,
26235,17503,Harish Reddy,30,M,A3,
26236,17504,Manjunath Shetty,48,M,A1,
26237,17505,Raghu Gowda,49,M,A1,
26238,17506,Naveen Murthy,44,M,A1,REPEAT-002
26239,17507,Naveen Patil,22,M,A1,
26240,17508,Anil Bhat,42,M,A1,REPEAT-054
26241,17509,Ganesh Achar,44,M,A1,
26242,17510,Naveen Murthy,44,M,A1,REPEAT-002
26243,17511,Anil Bhat,41,M,A1,REPEAT-054
26244,17512,Anil Bhat,41,M,A1,REPEAT-054
26245,17513,Harish Murthy,25,M,A1,
26246,17514,Yogesh Kumar,44,M,A1,REPEAT-050
26247,17515,Kumar Hegde,38,M,A1,
26248,17516,Shwetha Naik,37,F,A1,
26249,17516,Kumar Iyer,27,M,A2,
26250,17517,Suresh Kumar,43,M,A1,
26251,17517,Savitha Iyer,31,F,A2,
26252,17518,Basavaraj Patil,43,M,A1,
26253,17518,Sunita Hegde,52,F,A2,
26254,17519,Mahesh Shetty,37,M,A1,REPEAT-022
26255,17520,Suresh Naik,38,M,A1,REPEAT-042
26256,17520,Raghu Iyer,19,M,A2,
26257,17521,Naveen Murthy,43,M,A1,REPEAT-002
26258,17521,Anil Murthy,51,M,A2,
26259,17521,Anil Rao,54,M,A3,
26260,17522,Yogesh Patil,37,M,A1,
26261,17523,Rekha Naik,50,F,A1,
26262,17524,Naveen Murthy,44,M,A1,REPEAT-002
26263,17524,Shobha Reddy,35,F,A2,
26264,17524,Shwetha Naidu,47,F,A3,
26265,17525,Santosh Shetty,44,M,A1,
26266,17526,Kavya Hegde,26,F,A1,
26267,17526,Basavaraj Murthy,20,M,A2,
26268,17527,Shwetha Shetty,18,F,A1,
26269,17528,Savitha Naik,36,F,A1,
26270,17529,Girish Hegde,34,M,A1,
26271,17530,Harish Reddy,45,M,A1,REPEAT-056
26272,17531,Naveen Gowda,50,M,A1,
26273,17532,Srinivas Naik,35,M,A1,
26274,17533,Rekha Patil,30,F,A1,
26275,17533,Vidya Naik,40,F,A2,
26276,17534,Mahesh Setty,22,M,A1,
26277,17534,Basavaraj Shetty,40,M,A2,
26278,17535,Basavaraj Shetty,40,M,A1,REPEAT-023
26279,17535,Shivaraj Achar,44,M,A2,
26280,17536,Raghu Hegde,21,M,A1,
26281,17536,Anita Patil,34,F,A2,
26282,17537,Shivaraj Kumar,29,M,A1,REPEAT-024
26283,17538,Nandini Gowda,41,F,A1,
26284,17539,Mahesh Naik,48,M,A1,
26285,17540,Nandini Iyer,27,F,A1,
26286,17541,Anita Poojary,45,F,A1,
26287,17541,Prakash Poojary,30,M,A2,
26288,17542,Savitha Naidu,28,F,A1,
26289,17542,Ravi Iyer,50,M,A2,
26290,17542,Manjula Poojary,55,F,A3,
26291,17543,Yogesh Naidu,24,M,A1,REPEAT-001
26292,17544,Ganesh Iyer,46,M,A1,
26293,17545,Shivaraj Hegde,23,M,A1,
26294,17546,Sowmya Kumar,21,F,A1,
26295,17547,Suresh Rao,35,M,A1,
26296,17548,Raghu Hegde,40,M,A1,REPEAT-045
26297,17548,Naveen Achar,40,M,A2,
26298,17549,Ramesh Gowda,20,M,A1,
26299,17550,Shwetha Bhat,18,F,A1,
26300,17551,Nagaraj Bhat,41,M,A1,
26301,17551,Mahesh Patil,48,M,A2,
26302,17552,Nandini Shetty,22,F,A1,REPEAT-011
26303,17552,Manjunath Achar,23,M,A2,
26304,17552,Manjunath Reddy,32,M,A3,
26305,17553,Prakash Murthy,25,M,A1,
26306,17553,Nagaraj Kumar,25,M,A2,
26307,17554,Radha Reddy,44,F,A1,REPEAT-055
26308,17555,Ganesh Murthy,26,M,A1,
26309,17556,Harish Shetty,48,M,A1,
26310,17556,Rekha Shetty,48,F,A2,
26311,17557,Sowmya Gowda,34,F,A1,
26312,17557,Yogesh Bhat,40,M,A2,
26313,17557,Srinivas Reddy,46,M,A3,
26314,17558,Geeta Reddy,39,F,A1,
26315,17558,Prakash Iyer,35,M,A2,
26316,17558,Ravi Naidu,41,M,A3,
26317,17559,Shivaraj Bhat,19,M,A1,
26318,17560,Radha Reddy,44,F,A1,REPEAT-055
26319,17561,Bhagya Gowda,44,F,A1,
26320,17562,Ravi Reddy,43,M,A1,
26321,17563,Harish Bhat,41,M,A1,
26322,17564,Nandini Naidu,27,F,A1,
26323,17564,Priya Murthy,40,F,A2,
26324,17564,Savitha Naidu,25,F,A3,
26325,17565,Shivaraj Naik,47,M,A1,
26326,17566,Manjula Patil,43,F,A1,
26327,17567,Raghu Patil,38,M,A1,
26328,17567,Vijay Murthy,50,M,A2,
26329,17568,Harish Naik,20,M,A1,
26330,17569,Suresh Naidu,46,M,A1,
26331,17570,Ganesh Shetty,40,M,A1,REPEAT-029
26332,17571,Kumar Bhat,19,M,A1,
26333,17572,Sunita Naik,42,F,A1,
26334,17573,Shivaraj Bhat,38,M,A1,
26335,17574,Raghu Kumar,26,M,A1,
26336,17575,Ganesh Kumar,24,M,A1,
26337,17575,Basavaraj Hegde,25,M,A2,
26338,17576,Sunita Shetty,46,F,A1,
26339,17577,Mahesh Reddy,24,M,A1,
26340,17578,Kumar Rao,45,M,A1,REPEAT-018
26341,17579,Srinivas Patil,30,M,A1,
26342,17579,Santosh Kumar,21,M,A2,
26343,17579,Geeta Kumar,20,F,A3,
26344,17580,Priya Poojary,41,F,A1,
26345,17581,Roopa Rao,34,F,A1,
26346,17582,Sunita Reddy,55,F,A1,
26347,17583,Nandini Kumar,42,F,A1,REPEAT-012
26348,17584,Ramesh Achar,49,M,A1,
26349,17585,Prakash Shetty,53,M,A1,
26350,17585,Prakash Kumar,38,M,A2,
26351,17586,Sowmya Rao,46,F,A1,
26352,17587,Ganesh Gowda,20,M,A1,REPEAT-020
26353,17587,Suresh Hegde,43,M,A2,
26354,17588,Kavya Achar,38,F,A1,
26355,17589,Kumar Setty,28,M,A1,
26356,17589,Mahesh Naidu,45,M,A2,
26357,17590,Vijay Shetty,21,M,A1,REPEAT-007
26358,17590,Shivaraj Rao,51,M,A2,
26359,17590,Yogesh Poojary,20,M,A3,
26360,17591,Nagaraj Achar,53,M,A1,
26361,17592,Anil Iyer,33,M,A1,
26362,17592,Vijay Naik,20,M,A2,
26363,17593,Girish Reddy,45,M,A1,
26364,17594,Raghu Iyer,45,M,A1,
26365,17594,Harish Patil,38,M,A2,
26366,17594,Naveen Hegde,53,M,A3,
26367,17595,Mahesh Naidu,40,M,A1,
26368,17595,Prakash Patil,49,M,A2,
26369,17596,Geeta Reddy,53,F,A1,
26370,17596,Anita Reddy,27,F,A2,
26371,17596,Ganesh Bhat,52,M,A3,
26372,17597,Radha Reddy,44,F,A1,REPEAT-055
26373,17597,Girish Kumar,51,M,A2,
26374,17597,Pooja Patil,48,F,A3,
26375,17598,Shwetha Reddy,18,F,A1,
26376,17598,Nagaraj Achar,43,M,A2,
26377,17598,Basavaraj Achar,35,M,A3,
26378,17599,Mahesh Hegde,23,M,A1,
26379,17599,Nandini Rao,55,F,A2,
26380,17600,Prakash Gowda,54,M,A1,
26381,17601,Ganesh Iyer,25,M,A1,
26382,17601,Harish Bhat,25,M,A2,
26383,17602,Shobha Naik,45,F,A1,
26384,17603,Santosh Murthy,46,M,A1,
26385,17604,Harish Rao,42,M,A1,
26386,17605,Ravi Murthy,24,M,A1,
26387,17605,Srinivas Naidu,47,M,A2,
26388,17606,Kumar Hegde,52,M,A1,
26389,17607,Srinivas Naidu,24,M,A1,
26390,17608,Harish Naidu,36,M,A1,REPEAT-015
26391,17608,Basavaraj Kumar,39,M,A2,
26392,17608,Bhagya Setty,47,F,A3,
26393,17609,Harish Naidu,36,M,A1,REPEAT-015
26394,17610,Srinivas Naidu,40,M,A1,REPEAT-037
26395,17611,Geeta Rao,40,F,A1,
26396,17612,Santosh Reddy,35,M,A1,
26397,17613,Srinivas Achar,51,M,A1,
26398,17614,Harish Achar,45,M,A1,REPEAT-057
26399,17615,Girish Iyer,24,M,A1,
26400,17616,Harish Setty,37,M,A1,
26401,17617,Mahesh Rao,48,M,A1,
26402,17618,Santosh Gowda,50,M,A1,
26403,17619,Yogesh Hegde,19,M,A1,
26404,17619,Nandini Rao,27,F,A2,
26405,17620,Manjunath Bhat,32,M,A1,REPEAT-030
26406,17620,Anil Naik,21,M,A2,
26407,17621,Yogesh Setty,25,M,A1,
26408,17622,Radha Shetty,34,F,A1,
26409,17623,Priya Naidu,50,F,A1,
26410,17624,Raghu Reddy,39,M,A1,
26411,17624,Pooja Shetty,22,F,A2,
26412,17625,Kavya Naidu,40,F,A1,
26413,17625,Ganesh Iyer,23,M,A2,
26414,17625,Raghu Rao,52,M,A3,
26415,17626,Srinivas Shetty,36,M,A1,
26416,17627,Shobha Rao,54,F,A1,
26417,17627,Suresh Poojary,21,M,A2,
26418,17628,Shwetha Poojary,53,F,A1,
26419,17628,Nagaraj Bhat,26,M,A2,
26420,17629,Geeta Naidu,50,F,A1,
26421,17630,Santosh Patil,33,M,A1,
26422,17631,Srinivas Bhat,26,M,A1,
26423,17632,Kavya Achar,37,F,A1,
26424,17633,Mahesh Kumar,26,M,A1,
26425,17634,Ganesh Naik,27,M,A1,
26426,17635,Anil Hegde,54,M,A1,
26427,17635,Anita Hegde,50,F,A2,
26428,17636,Roopa Naidu,26,F,A1,
26429,17637,Shivaraj Kumar,30,M,A1,REPEAT-024
26430,17638,Anita Patil,39,F,A1,
26431,17638,Anita Hegde,22,F,A2,
26432,17638,Harish Murthy,37,M,A3,
26433,17639,Ravi Shetty,44,M,A1,
26434,17639,Anita Murthy,37,F,A2,
26435,17640,Srinivas Murthy,36,M,A1,
26436,17640,Mahesh Gowda,19,M,A2,
26437,17641,Naveen Hegde,30,M,A1,
26438,17641,Radha Poojary,21,F,A2,
26439,17642,Yogesh Murthy,39,M,A1,
26440,17642,Shivaraj Setty,30,M,A2,
26441,17643,Basavaraj Naik,34,M,A1,
26442,17644,Suresh Rao,47,M,A1,
26443,17645,Raghu Poojary,22,M,A1,
26444,17645,Lakshmi Naidu,23,F,A2,
26445,17646,Bhagya Gowda,43,F,A1,
26446,17647,Yogesh Poojary,34,M,A1,
26447,17647,Sunita Achar,37,F,A2,
26448,17647,Savitha Rao,35,F,A3,
26449,17648,Prakash Setty,53,M,A1,
26450,17649,Yogesh Bhat,54,M,A1,
26451,17649,Shobha Naidu,51,F,A2,
26452,17649,Ramesh Poojary,39,M,A3,
26453,17650,Kumar Bhat,29,M,A1,
26454,17651,Lakshmi Murthy,44,F,A1,REPEAT-044
26455,17651,Mahesh Murthy,22,M,A2,
26456,17652,Santosh Iyer,54,M,A1,
26457,17653,Santosh Naik,52,M,A1,
26458,17654,Ganesh Kumar,20,M,A1,
26459,17655,Rekha Shetty,23,F,A1,
26460,17655,Anita Achar,22,F,A2,
26461,17656,Harish Patil,39,M,A1,REPEAT-053
26462,17656,Santosh Poojary,50,M,A2,
26463,17656,Prakash Naik,52,M,A3,
26464,17657,Mahesh Murthy,23,M,A1,REPEAT-033
26465,17657,Mahesh Patil,29,M,A2,
26466,17658,Geeta Patil,29,F,A1,
26467,17659,Naveen Kumar,28,M,A1,
26468,17660,Girish Murthy,46,M,A1,
26469,17660,Prakash Setty,39,M,A2,
26470,17661,Mahesh Shetty,37,M,A1,REPEAT-022
26471,17661,Rekha Achar,21,F,A2,
26472,17662,Chaya Naik,28,F,A1,
26473,17663,Nagaraj Rao,24,M,A1,REPEAT-026
26474,17664,Bhagya Kumar,45,F,A1,
26475,17665,Srinivas Naidu,37,M,A1,REPEAT-049
26476,17666,Shwetha Murthy,28,F,A1,
26477,17667,Sunita Iyer,47,F,A1,
26478,17667,Santosh Kumar,34,M,A2,
26479,17668,Anil Hegde,25,M,A1,
26480,17668,Ganesh Bhat,29,M,A2,
26481,17669,Anil Rao,19,M,A1,
26482,17670,Manjunath Reddy,30,M,A1,
26483,17670,Yogesh Kumar,36,M,A2,
26484,17671,Manjunath Murthy,25,M,A1,REPEAT-025
26485,17671,Basavaraj Murthy,21,M,A2,
26486,17672,Sowmya Naik,45,F,A1,
26487,17673,Kumar Iyer,34,M,A1,
26488,17673,Manjunath Patil,34,M,A2,
26489,17674,Vijay Naidu,45,M,A1,
26490,17675,Harish Rao,37,M,A1,
26491,17676,Vijay Bhat,48,M,A1,
26492,17676,Vijay Iyer,40,M,A2,
26493,17677,Vijay Kumar,55,M,A1,
26494,17677,Ravi Iyer,53,M,A2,
26495,17677,Raghu Gowda,52,M,A3,
26496,17678,Radha Bhat,23,F,A1,
26497,17678,Shwetha Iyer,48,F,A2,
26498,17678,Vijay Patil,43,M,A3,
26499,17679,Nagaraj Rao,54,M,A1,
26500,17680,Basavaraj Setty,49,M,A1,
26501,17681,Nagaraj Naidu,36,M,A1,REPEAT-035
26502,17682,Geeta Reddy,50,F,A1,
26503,17682,Santosh Setty,22,M,A2,
26504,17683,Kumar Rao,44,M,A1,REPEAT-018
26505,17684,Kumar Rao,44,M,A1,REPEAT-018
26506,17685,Manjula Shetty,52,F,A1,
26507,17686,Srinivas Murthy,37,M,A1,
26508,17687,Anil Naidu,44,M,A1,
26509,17688,Anil Bhat,42,M,A1,REPEAT-054
26510,17689,Vijay Shetty,52,M,A1,
26511,17690,Yogesh Poojary,22,M,A1,
26512,17690,Savitha Achar,24,F,A2,
26513,17691,Manjula Shetty,37,F,A1,
26514,17692,Lakshmi Bhat,46,F,A1,
26515,17692,Ramesh Reddy,28,M,A2,
26516,17693,Santosh Naik,35,M,A1,
26517,17694,Deepa Bhat,53,F,A1,
26518,17694,Nagaraj Rao,54,M,A2,
26519,17695,Kavya Bhat,22,F,A1,
26520,17696,Priya Reddy,37,F,A1,
26521,17697,Yogesh Rao,24,M,A1,
26522,17698,Ganesh Gowda,20,M,A1,REPEAT-020
26523,17699,Anil Reddy,39,M,A1,
26524,17700,Lakshmi Patil,41,F,A1,
26525,17700,Ravi Poojary,36,M,A2,
26526,17701,Nagaraj Setty,45,M,A1,REPEAT-003
26527,17702,Prakash Setty,20,M,A1,
26528,17703,Yogesh Naidu,25,M,A1,REPEAT-001
26529,17703,Manjunath Reddy,20,M,A2,
26530,17704,Nagaraj Shetty,25,M,A1,
26531,17705,Yogesh Hegde,52,M,A1,
26532,17705,Anita Naik,24,F,A2,
26533,17706,Sunita Reddy,29,F,A1,
26534,17706,Girish Murthy,26,M,A2,
26535,17707,Priya Rao,37,F,A1,
26536,17707,Prakash Naik,47,M,A2,
26537,17707,Prakash Naik,41,M,A3,
26538,17708,Shivaraj Achar,29,M,A1,
26539,17709,Vidya Naidu,19,F,A1,
26540,17710,Sowmya Hegde,23,F,A1,
26541,17711,Shivaraj Poojary,35,M,A1,
26542,17711,Prakash Patil,51,M,A2,
26543,17712,Shobha Poojary,19,F,A1,
26544,17713,Naveen Shetty,51,M,A1,
26545,17714,Prakash Naidu,29,M,A1,
26546,17714,Kumar Patil,28,M,A2,
26547,17715,Savitha Setty,45,F,A1,
26548,17716,Naveen Setty,32,M,A1,REPEAT-036
26549,17717,Raghu Hegde,40,M,A1,REPEAT-045
26550,17717,Vijay Achar,52,M,A2,
26551,17717,Rekha Murthy,44,F,A3,
26552,17718,Mahesh Murthy,24,M,A1,REPEAT-033
26553,17719,Santosh Patil,38,M,A1,
26554,17720,Prakash Achar,52,M,A1,
26555,17720,Srinivas Achar,36,M,A2,
26556,17721,Roopa Bhat,31,F,A1,
26557,17722,Manjunath Poojary,34,M,A1,REPEAT-004
26558,17722,Prakash Reddy,25,M,A2,
26559,17723,Shwetha Naidu,22,F,A1,
26560,17724,Nagaraj Gowda,28,M,A1,
26561,17725,Santosh Poojary,34,M,A1,
26562,17726,Harish Naidu,55,M,A1,
26563,17727,Shobha Shetty,31,F,A1,REPEAT-017
26564,17727,Santosh Iyer,29,M,A2,
26565,17728,Kavya Shetty,26,F,A1,
26566,17729,Naveen Murthy,43,M,A1,REPEAT-002
26567,17729,Mahesh Patil,22,M,A2,
26568,17730,Manjunath Bhat,32,M,A1,REPEAT-030
26569,17731,Naveen Hegde,40,M,A1,
26570,17732,Ramesh Rao,37,M,A1,
26571,17733,Lakshmi Hegde,20,F,A1,
26572,17733,Radha Achar,53,F,A2,
26573,17733,Prakash Reddy,44,M,A3,
26574,17734,Yogesh Naidu,24,M,A1,REPEAT-001
26575,17735,Ganesh Kumar,27,M,A1,
26576,17736,Basavaraj Naik,48,M,A1,
26577,17737,Basavaraj Reddy,19,M,A1,
26578,17738,Harish Achar,46,M,A1,REPEAT-057
26579,17739,Radha Reddy,44,F,A1,REPEAT-055
26580,17740,Anil Murthy,33,M,A1,
26581,17741,Kumar Naik,55,M,A1,
26582,17742,Harish Setty,44,M,A1,
26583,17742,Kumar Murthy,52,M,A2,
26584,17742,Radha Poojary,28,F,A3,
26585,17743,Harish Hegde,49,M,A1,
26586,17744,Girish Bhat,55,M,A1,
26587,17745,Chaya Murthy,38,F,A1,
26588,17746,Sowmya Naidu,18,F,A1,
26589,17746,Ganesh Reddy,50,M,A2,
26590,17747,Prakash Achar,42,M,A1,
26591,17748,Savitha Naik,26,F,A1,
26592,17749,Kumar Gowda,31,M,A1,
26593,17749,Srinivas Patil,22,M,A2,
26594,17750,Manjunath Kumar,52,M,A1,
26595,17751,Srinivas Patil,39,M,A1,
26596,17752,Basavaraj Setty,19,M,A1,
26597,17753,Ganesh Setty,35,M,A1,
26598,17753,Mahesh Iyer,18,M,A2,
26599,17753,Mahesh Achar,33,M,A3,
26600,17754,Ravi Rao,42,M,A1,
26601,17755,Rekha Poojary,52,F,A1,
26602,17755,Pooja Rao,27,F,A2,
26603,17756,Sowmya Bhat,32,F,A1,
26604,17757,Yogesh Naidu,24,M,A1,REPEAT-001
26605,17758,Radha Iyer,51,F,A1,
26606,17759,Naveen Murthy,43,M,A1,REPEAT-002
26607,17760,Manjunath Patil,46,M,A1,
26608,17761,Naveen Hegde,28,M,A1,
26609,17762,Naveen Reddy,26,M,A1,
26610,17763,Naveen Reddy,45,M,A1,
26611,17763,Sunita Bhat,26,F,A2,
26612,17764,Shobha Kumar,49,F,A1,
26613,17765,Vijay Patil,26,M,A1,
26614,17766,Harish Kumar,42,M,A1,
26615,17767,Sowmya Naidu,29,F,A1,
26616,17768,Vijay Shetty,32,M,A1,
26617,17769,Manjunath Hegde,33,M,A1,
26618,17770,Ganesh Gowda,20,M,A1,REPEAT-020
26619,17770,Ramesh Hegde,52,M,A2,
26620,17771,Nagaraj Setty,46,M,A1,REPEAT-003
26621,17771,Bhagya Setty,48,F,A2,
26622,17771,Vidya Iyer,53,F,A3,
26623,17772,Mahesh Murthy,23,M,A1,REPEAT-033
26624,17773,Geeta Rao,30,F,A1,
26625,17774,Manjunath Setty,53,M,A1,
26626,17775,Shivaraj Naik,20,M,A1,
26627,17776,Nagaraj Bhat,31,M,A1,
26628,17777,Basavaraj Hegde,20,M,A1,
26629,17778,Kumar Rao,44,M,A1,REPEAT-018
26630,17779,Srinivas Rao,36,M,A1,
26631,17780,Vidya Setty,44,F,A1,
26632,17780,Basavaraj Reddy,46,M,A2,
26633,17781,Shwetha Naik,32,F,A1,
26634,17782,Naveen Murthy,44,M,A1,REPEAT-002
26635,17782,Srinivas Naik,32,M,A2,
26636,17783,Ramesh Bhat,45,M,A1,
26637,17784,Shivaraj Patil,22,M,A1,
26638,17784,Vijay Reddy,25,M,A2,
26639,17784,Suresh Rao,22,M,A3,
26640,17785,Manjula Setty,35,F,A1,
26641,17786,Bhagya Patil,52,F,A1,
26642,17787,Rekha Bhat,42,F,A1,REPEAT-047
26643,17788,Suresh Kumar,38,M,A1,
26644,17789,Nagaraj Reddy,53,M,A1,
26645,17789,Priya Rao,23,F,A2,
26646,17790,Naveen Iyer,49,M,A1,
26647,17791,Nagaraj Setty,45,M,A1,REPEAT-003
26648,17791,Ganesh Kumar,24,M,A2,
26649,17792,Pooja Naik,36,F,A1,
26650,17792,Shivaraj Gowda,23,M,A2,
26651,17793,Manjula Poojary,48,F,A1,
26652,17794,Naveen Poojary,29,M,A1,
26653,17794,Radha Poojary,28,F,A2,
26654,17794,Santosh Shetty,55,M,A3,
26655,17795,Ramesh Iyer,22,M,A1,
26656,17795,Ganesh Reddy,43,M,A2,
26657,17796,Ramesh Setty,52,M,A1,
26658,17797,Harish Bhat,40,M,A1,
26659,17798,Anita Kumar,29,F,A1,
26660,17799,Santosh Reddy,36,M,A1,
26661,17799,Sunita Kumar,23,F,A2,
26662,17800,Kumar Poojary,30,M,A1,
26663,17801,Priya Setty,40,F,A1,
26664,17801,Nagaraj Rao,41,M,A2,
26665,17802,Anil Bhat,35,M,A1,REPEAT-005
26666,17802,Ravi Hegde,45,M,A2,
26667,17803,Ramesh Naik,45,M,A1,
26668,17803,Manjunath Iyer,32,M,A2,
26669,17804,Anita Shetty,55,F,A1,
26670,17805,Shivaraj Patil,40,M,A1,
26671,17806,Shivaraj Hegde,24,M,A1,
26672,17807,Srinivas Naidu,38,M,A1,REPEAT-049
26673,17808,Manjunath Achar,32,M,A1,
26674,17809,Ravi Achar,36,M,A1,
26675,17810,Lakshmi Murthy,19,F,A1,
26676,17810,Kumar Gowda,50,M,A2,
26677,17811,Manjunath Murthy,46,M,A1,
26678,17812,Prakash Achar,35,M,A1,
26679,17813,Harish Shetty,52,M,A1,
26680,17814,Kumar Bhat,51,M,A1,
26681,17815,Mahesh Murthy,24,M,A1,REPEAT-033
26682,17815,Harish Achar,49,M,A2,
26683,17816,Suresh Naidu,52,M,A1,
26684,17816,Santosh Patil,50,M,A2,
26685,17817,Kumar Iyer,46,M,A1,
26686,17817,Radha Naidu,53,F,A2,
26687,17818,Shobha Iyer,52,F,A1,
26688,17819,Nandini Patil,34,F,A1,
26689,17820,Manjunath Bhat,55,M,A1,
26690,17821,Anil Bhat,36,M,A1,
26691,17821,Yogesh Patil,35,M,A2,
26692,17822,Geeta Achar,26,F,A1,
26693,17822,Sowmya Shetty,37,F,A2,
26694,17823,Ramesh Rao,26,M,A1,
26695,17824,Mahesh Bhat,18,M,A1,
26696,17825,Shwetha Achar,42,F,A1,
26697,17825,Srinivas Kumar,53,M,A2,
26698,17826,Srinivas Naidu,38,M,A1,REPEAT-049
26699,17827,Suresh Hegde,49,M,A1,
26700,17828,Shwetha Poojary,35,F,A1,
26701,17829,Rekha Naik,46,F,A1,
26702,17829,Shivaraj Hegde,55,M,A2,
26703,17829,Srinivas Gowda,27,M,A3,
26704,17830,Roopa Murthy,24,F,A1,
26705,17831,Suresh Shetty,29,M,A1,
26706,17832,Ganesh Setty,50,M,A1,
26707,17833,Rekha Hegde,54,F,A1,
26708,17833,Kumar Kumar,30,M,A2,
26709,17833,Priya Iyer,47,F,A3,
26710,17834,Naveen Murthy,21,M,A1,
26711,17835,Harish Reddy,44,M,A1,REPEAT-056
26712,17836,Rekha Rao,28,F,A1,
26713,17837,Anil Kumar,43,M,A1,
26714,17838,Nagaraj Achar,38,M,A1,
26715,17838,Mahesh Kumar,38,M,A2,
26716,17839,Nagaraj Naidu,44,M,A1,
26717,17840,Mahesh Naik,47,M,A1,
26718,17840,Deepa Naidu,38,F,A2,
26719,17841,Mahesh Naik,55,M,A1,
26720,17841,Geeta Setty,33,F,A2,
26721,17841,Nandini Kumar,33,F,A3,
26722,17842,Anil Rao,44,M,A1,
26723,17843,Yogesh Naidu,24,M,A1,REPEAT-001
26724,17844,Kumar Reddy,52,M,A1,
26725,17844,Priya Iyer,42,F,A2,
26726,17845,Ravi Achar,28,M,A1,
26727,17846,Yogesh Kumar,45,M,A1,REPEAT-050
26728,17847,Ramesh Setty,34,M,A1,
26729,17848,Nandini Gowda,53,F,A1,
26730,17849,Sowmya Naidu,40,F,A1,
26731,17849,Yogesh Reddy,39,M,A2,
26732,17850,Shivaraj Shetty,21,M,A1,
26733,17851,Manjunath Bhat,33,M,A1,REPEAT-030
26734,17851,Nandini Kumar,33,F,A2,
26735,17851,Shivaraj Bhat,34,M,A3,
26736,17852,Santosh Rao,41,M,A1,REPEAT-027
26737,17853,Yogesh Patil,38,M,A1,
26738,17854,Lakshmi Hegde,21,F,A1,
26739,17855,Vijay Naidu,26,M,A1,
26740,17856,Shobha Hegde,32,F,A1,
26741,17856,Pooja Naidu,28,F,A2,
26742,17857,Sowmya Hegde,55,F,A1,
26743,17858,Raghu Naidu,55,M,A1,
26744,17858,Kumar Achar,48,M,A2,
26745,17858,Sowmya Achar,49,F,A3,
26746,17859,Harish Hegde,37,M,A1,
26747,17859,Suresh Rao,32,M,A2,
26748,17860,Vidya Hegde,23,F,A1,
26749,17860,Naveen Bhat,26,M,A2,
26750,17861,Kumar Rao,44,M,A1,REPEAT-018
26751,17862,Basavaraj Shetty,55,M,A1,
26752,17863,Anil Bhat,41,M,A1,REPEAT-054
26753,17864,Srinivas Patil,29,M,A1,
26754,17864,Pooja Bhat,24,F,A2,
26755,17864,Vijay Murthy,26,M,A3,
26756,17865,Basavaraj Rao,33,M,A1,
26757,17866,Manjunath Naidu,27,M,A1,
26758,17866,Shivaraj Patil,21,M,A2,
26759,17866,Kumar Bhat,48,M,A3,
26760,17867,Yogesh Naik,38,M,A1,
26761,17868,Priya Bhat,55,F,A1,
26762,17869,Anil Bhat,35,M,A1,REPEAT-005
26763,17869,Manjunath Bhat,50,M,A2,
26764,17870,Ramesh Gowda,21,M,A1,
26765,17870,Prakash Poojary,40,M,A2,
26766,17871,Ramesh Iyer,45,M,A1,
26767,17872,Basavaraj Shetty,41,M,A1,REPEAT-023
26768,17873,Bhagya Iyer,29,F,A1,
26769,17874,Vijay Shetty,21,M,A1,REPEAT-007
26770,17875,Manjunath Bhat,39,M,A1,
26771,17876,Raghu Reddy,45,M,A1,
26772,17877,Santosh Setty,21,M,A1,
26773,17878,Vijay Poojary,33,M,A1,
26774,17879,Manjunath Reddy,41,M,A1,
26775,17880,Anil Naidu,34,M,A1,
26776,17881,Santosh Hegde,39,M,A1,
26777,17881,Kumar Hegde,55,M,A2,
26778,17882,Manjunath Shetty,39,M,A1,
26779,17882,Chaya Kumar,35,F,A2,
26780,17883,Ramesh Patil,36,M,A1,
26781,17883,Ravi Reddy,21,M,A2,
26782,17884,Nagaraj Naidu,32,M,A1,
26783,17884,Manjunath Murthy,54,M,A2,
26784,17884,Mahesh Bhat,19,M,A3,
26785,17885,Naveen Murthy,43,M,A1,REPEAT-002
26786,17886,Chaya Achar,31,F,A1,
26787,17887,Anil Bhat,42,M,A1,REPEAT-054
26788,17887,Roopa Shetty,25,F,A2,
26789,17887,Vidya Murthy,33,F,A3,
26790,17888,Naveen Rao,37,M,A1,
26791,17889,Santosh Iyer,47,M,A1,
26792,17889,Anita Shetty,29,F,A2,
26793,17890,Harish Achar,45,M,A1,REPEAT-057
26794,17891,Kavya Achar,24,F,A1,
26795,17892,Harish Shetty,22,M,A1,
26796,17892,Shobha Reddy,31,F,A2,
26797,17893,Savitha Bhat,36,F,A1,
26798,17894,Yogesh Bhat,41,M,A1,
26799,17894,Girish Patil,50,M,A2,
26800,17895,Mahesh Murthy,23,M,A1,REPEAT-033
26801,17895,Girish Iyer,24,M,A2,
26802,17896,Kumar Hegde,19,M,A1,
26803,17896,Nagaraj Kumar,47,M,A2,
26804,17897,Manjunath Murthy,38,M,A1,
26805,17897,Ganesh Hegde,21,M,A2,
26806,17898,Kumar Murthy,41,M,A1,
26807,17898,Anil Rao,48,M,A2,
26808,17899,Girish Rao,53,M,A1,
26809,17899,Manjunath Achar,40,M,A2,
26810,17900,Naveen Shetty,18,M,A1,
26811,17900,Manjunath Hegde,25,M,A2,
26812,17900,Pooja Rao,34,F,A3,
26813,17901,Mahesh Rao,19,M,A1,
26814,17901,Anil Iyer,26,M,A2,
26815,17902,Raghu Gowda,42,M,A1,
26816,17902,Srinivas Rao,44,M,A2,
26817,17903,Naveen Patil,54,M,A1,
26818,17903,Girish Shetty,18,M,A2,
26819,17903,Shivaraj Iyer,20,M,A3,
26820,17904,Deepa Achar,48,F,A1,
26821,17904,Bhagya Iyer,30,F,A2,
26822,17905,Vijay Achar,19,M,A1,
26823,17906,Prakash Hegde,37,M,A1,
26824,17906,Deepa Reddy,52,F,A2,
26825,17906,Yogesh Bhat,52,M,A3,
26826,17907,Raghu Patil,41,M,A1,
26827,17907,Srinivas Patil,55,M,A2,
26828,17907,Shwetha Poojary,34,F,A3,
26829,17908,Srinivas Achar,32,M,A1,
26830,17908,Srinivas Patil,32,M,A2,
26831,17909,Ganesh Shetty,40,M,A1,REPEAT-029
26832,17910,Ganesh Kumar,42,M,A1,
26833,17911,Naveen Setty,32,M,A1,REPEAT-036
26834,17912,Anil Bhat,41,M,A1,REPEAT-054
26835,17912,Naveen Setty,22,M,A2,
26836,17913,Shivaraj Kumar,30,M,A1,REPEAT-024
26837,17914,Shobha Shetty,31,F,A1,REPEAT-017
26838,17914,Mahesh Reddy,31,M,A2,
26839,17915,Santosh Naidu,36,M,A1,
26840,17915,Vijay Achar,51,M,A2,
26841,17915,Pooja Patil,52,F,A3,
26842,17916,Suresh Gowda,33,M,A1,
26843,17917,Anil Bhat,35,M,A1,REPEAT-005
26844,17917,Savitha Naik,26,F,A2,
26845,17918,Suresh Setty,21,M,A1,
26846,17918,Pooja Rao,21,F,A2,
26847,17919,Naveen Poojary,44,M,A1,
26848,17919,Suresh Naik,40,M,A2,
26849,17920,Yogesh Kumar,45,M,A1,REPEAT-050
26850,17920,Ganesh Naidu,50,M,A2,
26851,17921,Kumar Rao,44,M,A1,REPEAT-018
26852,17922,Anil Bhat,41,M,A1,REPEAT-054
26853,17922,Anita Patil,23,F,A2,
26854,17923,Suresh Naik,38,M,A1,REPEAT-042
26855,17924,Nandini Naik,20,F,A1,
26856,17925,Vijay Murthy,21,M,A1,
26857,17925,Anil Setty,44,M,A2,
26858,17926,Shobha Bhat,40,F,A1,
26859,17926,Raghu Patil,20,M,A2,
26860,17926,Nandini Naidu,31,F,A3,
26861,17927,Kumar Achar,28,M,A1,
26862,17928,Suresh Setty,27,M,A1,
26863,17929,Anil Rao,45,M,A1,
26864,17929,Manjula Gowda,55,F,A2,
26865,17930,Bhagya Poojary,27,F,A1,
26866,17931,Ganesh Poojary,46,M,A1,
26867,17932,Nagaraj Naidu,52,M,A1,
26868,17932,Kumar Shetty,20,M,A2,
26869,17933,Girish Hegde,54,M,A1,
26870,17934,Sunita Kumar,35,F,A1,
26871,17935,Shwetha Setty,30,F,A1,
26872,17935,Nandini Setty,52,F,A2,
26873,17936,Anita Patil,25,F,A1,REPEAT-014
26874,17937,Nandini Bhat,53,F,A1,
26875,17937,Harish Kumar,25,M,A2,
26876,17937,Manjunath Hegde,34,M,A3,
26877,17938,Santosh Gowda,55,M,A1,
26878,17939,Mahesh Naidu,37,M,A1,
26879,17939,Kumar Achar,24,M,A2,
26880,17939,Naveen Bhat,38,M,A3,
26881,17940,Radha Achar,32,F,A1,
26882,17940,Vijay Bhat,25,M,A2,
26883,17940,Basavaraj Kumar,18,M,A3,
26884,17941,Manjunath Murthy,25,M,A1,REPEAT-025
26885,17941,Prakash Murthy,29,M,A2,
26886,17942,Vidya Iyer,38,F,A1,
26887,17942,Savitha Hegde,48,F,A2,
26888,17942,Rekha Shetty,47,F,A3,
26889,17943,Raghu Hegde,41,M,A1,REPEAT-045
26890,17943,Vidya Bhat,39,F,A2,
26891,17943,Shwetha Hegde,47,F,A3,
26892,17944,Deepa Setty,21,F,A1,
26893,17944,Deepa Iyer,22,F,A2,
26894,17944,Suresh Shetty,25,M,A3,
26895,17945,Savitha Poojary,23,F,A1,
26896,17945,Kumar Achar,29,M,A2,
26897,17946,Basavaraj Gowda,49,M,A1,
26898,17947,Sowmya Iyer,19,F,A1,
26899,17947,Manjunath Naik,44,M,A2,
26900,17948,Mahesh Shetty,38,M,A1,REPEAT-022
26901,17948,Girish Bhat,44,M,A2,
26902,17949,Nagaraj Patil,22,M,A1,
26903,17949,Deepa Rao,23,F,A2,
26904,17949,Kavya Naidu,44,F,A3,
26905,17950,Manjunath Murthy,25,M,A1,REPEAT-025
26906,17951,Sowmya Bhat,20,F,A1,
26907,17952,Nagaraj Patil,31,M,A1,
26908,17953,Naveen Setty,53,M,A1,
26909,17954,Suresh Achar,53,M,A1,
26910,17955,Ramesh Naidu,51,M,A1,
26911,17956,Yogesh Naidu,25,M,A1,REPEAT-001
26912,17956,Srinivas Reddy,50,M,A2,
26913,17957,Pooja Bhat,28,F,A1,
26914,17958,Vijay Iyer,32,M,A1,
26915,17959,Naveen Murthy,44,M,A1,REPEAT-002
26916,17960,Sunita Poojary,18,F,A1,
26917,17960,Basavaraj Iyer,22,M,A2,
26918,17961,Vijay Naidu,45,M,A1,
26919,17961,Lakshmi Patil,46,F,A2,
26920,17962,Lakshmi Setty,41,F,A1,
26921,17963,Sowmya Patil,47,F,A1,
26922,17964,Rekha Gowda,48,F,A1,
26923,17965,Vijay Poojary,41,M,A1,
26924,17965,Ganesh Naidu,38,M,A2,
26925,17965,Nagaraj Murthy,28,M,A3,
26926,17966,Srinivas Bhat,43,M,A1,
26927,17967,Anita Kumar,31,F,A1,
26928,17968,Basavaraj Rao,44,M,A1,
26929,17969,Manjula Shetty,49,F,A1,
26930,17970,Shivaraj Achar,29,M,A1,
26931,17970,Yogesh Bhat,44,M,A2,
26932,17971,Rekha Gowda,32,F,A1,
26933,17972,Lakshmi Rao,37,F,A1,
26934,17973,Yogesh Naik,25,M,A1,
26935,17974,Savitha Achar,23,F,A1,
26936,17975,Raghu Poojary,46,M,A1,
26937,17976,Basavaraj Murthy,20,M,A1,
26938,17976,Anil Achar,37,M,A2,
26939,17976,Nagaraj Poojary,21,M,A3,
26940,17977,Prakash Murthy,25,M,A1,
26941,17978,Lakshmi Gowda,40,F,A1,
26942,17978,Santosh Hegde,34,M,A2,
26943,17979,Harish Naidu,20,M,A1,
26944,17980,Prakash Hegde,33,M,A1,
26945,17981,Prakash Murthy,50,M,A1,
26946,17981,Vidya Naik,40,F,A2,
26947,17982,Ganesh Hegde,36,M,A1,REPEAT-060
26948,17983,Srinivas Rao,41,M,A1,
26949,17984,Ganesh Kumar,37,M,A1,
26950,17985,Radha Reddy,28,F,A1,
26951,17986,Pooja Patil,44,F,A1,
26952,17987,Raghu Setty,32,M,A1,
26953,17988,Nagaraj Naik,48,M,A1,
26954,17988,Savitha Gowda,21,F,A2,
26955,17989,Naveen Murthy,44,M,A1,REPEAT-002
26956,17989,Santosh Shetty,55,M,A2,
26957,17990,Manjunath Achar,39,M,A1,
26958,17990,Raghu Naik,24,M,A2,
26959,17990,Suresh Setty,53,M,A3,
26960,17991,Anil Naik,27,M,A1,
26961,17992,Anil Iyer,20,M,A1,
26962,17992,Radha Bhat,52,F,A2,
26963,17993,Savitha Iyer,41,F,A1,
26964,17994,Kavya Iyer,41,F,A1,
26965,17994,Girish Patil,37,M,A2,
26966,17995,Nandini Shetty,22,F,A1,REPEAT-011
26967,17995,Nagaraj Shetty,27,M,A2,
26968,17996,Mahesh Rao,45,M,A1,
26969,17996,Srinivas Achar,32,M,A2,
26970,17996,Sunita Hegde,53,F,A3,
26971,17997,Shivaraj Iyer,27,M,A1,
26972,17998,Savitha Naik,46,F,A1,
26973,17999,Rekha Patil,52,F,A1,
26974,17999,Anil Gowda,50,M,A2,
26975,18000,Suresh Naik,37,M,A1,
