VictimMasterID,CaseMasterID,VictimName,AgeYear,GenderID,VictimPolice
1,1,Vidya Hegde,41,F,0
2,2,Basavaraj Gowda,11,M,0
3,3,Santosh Reddy,32,M,0
4,3,Bhagya Kumar,57,F,0
5,4,Sunita Bhat,34,F,0
6,5,Shwetha Naik,64,F,0
7,6,Kavya Poojary,62,F,0
8,6,Deepa Setty,57,F,0
9,7,Santosh Bhat,36,M,0
10,8,Geeta Achar,12,F,0
11,9,Shwetha Shetty,70,F,0
12,10,Kumar Murthy,37,M,0
13,11,Kavya Naik,41,F,0
14,12,Deepa Kumar,29,F,0
15,12,Ganesh Gowda,69,M,0
16,13,Manjunath Patil,58,M,0
17,14,Savitha Shetty,18,F,0
18,15,Anil Reddy,16,M,0
19,16,Lakshmi Rao,65,F,0
20,17,Santosh Achar,56,M,0
21,18,Santosh Murthy,69,M,0
22,19,Vidya Kumar,62,F,0
23,20,Ramesh Murthy,43,M,0
24,21,Naveen Kumar,35,M,0
25,22,Sowmya Hegde,24,F,0
26,23,Basavaraj Murthy,51,M,0
27,23,Suresh Achar,73,M,0
28,24,Suresh Achar,39,M,0
29,25,Chaya Patil,21,F,0
30,26,Radha Setty,46,F,0
31,26,Girish Gowda,69,M,0
32,27,Yogesh Achar,39,M,0
33,28,Kumar Setty,55,M,0
34,29,Santosh Reddy,32,M,0
35,29,Nandini Hegde,73,F,0
36,30,Shobha Iyer,55,F,0
37,31,Geeta Shetty,42,F,0
38,32,Manjunath Hegde,12,M,0
39,33,Radha Iyer,66,F,0
40,34,Vijay Shetty,70,M,0
41,35,Manjunath Naidu,74,M,0
42,36,Shwetha Achar,57,F,0
43,37,Pooja Naidu,46,F,0
44,38,Ravi Setty,7,M,0
45,39,Girish Shetty,6,M,0
46,40,Ganesh Murthy,49,M,0
47,40,Raghu Naidu,5,M,0
48,41,Ramesh Murthy,25,M,0
49,42,Nandini Poojary,18,F,0
50,42,Rekha Naidu,11,F,0
51,43,Vidya Poojary,24,F,0
52,44,Nagaraj Patil,5,M,0
53,44,Manjunath Poojary,25,M,0
54,45,Nagaraj Naidu,71,M,0
55,46,Shivaraj Rao,54,M,0
56,47,Santosh Hegde,38,M,0
57,48,Manjunath Hegde,69,M,0
58,49,Manjula Murthy,10,F,0
59,50,Srinivas Rao,68,M,0
60,51,Ramesh Hegde,11,M,0
61,51,Pooja Achar,22,F,0
62,52,Ravi Reddy,75,M,0
63,53,Ganesh Setty,39,M,0
64,54,Manjunath Setty,51,M,0
65,55,Anita Rao,49,F,0
66,56,Kavya Naidu,6,F,0
67,57,Nandini Patil,75,F,0
68,57,Kavya Kumar,29,F,0
69,58,Sowmya Kumar,5,F,0
70,58,Rekha Reddy,40,F,0
71,59,Nandini Poojary,68,F,0
72,60,Bhagya Iyer,23,F,0
73,61,Radha Achar,26,F,0
74,62,Naveen Bhat,37,M,0
75,62,Pooja Rao,51,F,0
76,63,Pooja Reddy,7,F,0
77,64,Kumar Naidu,68,M,0
78,64,Anil Shetty,19,M,0
79,65,Roopa Reddy,29,F,0
80,66,Deepa Reddy,9,F,0
81,67,Yogesh Poojary,52,M,0
82,67,Prakash Achar,32,M,0
83,68,Geeta Rao,42,F,0
84,69,Sowmya Kumar,57,F,0
85,70,Ganesh Reddy,38,M,0
86,71,Pooja Murthy,32,F,0
87,72,Lakshmi Setty,36,F,0
88,73,Sowmya Bhat,13,F,0
89,74,Nagaraj Setty,17,M,0
90,75,Basavaraj Bhat,34,M,0
91,76,Roopa Iyer,32,F,0
92,77,Radha Poojary,67,F,0
93,78,Shwetha Iyer,38,F,0
94,79,Raghu Hegde,66,M,0
95,80,Kavya Gowda,11,F,0
96,81,Santosh Shetty,55,M,0
97,82,Priya Naik,12,F,0
98,83,Lakshmi Reddy,36,F,0
99,84,Rekha Naik,40,F,0
100,85,Radha Hegde,64,F,0
101,86,Shobha Reddy,13,F,0
102,86,Prakash Bhat,66,M,0
103,87,Shwetha Rao,37,F,0
104,88,Yogesh Reddy,24,M,0
105,89,Sowmya Poojary,51,F,0
106,90,Harish Shetty,57,M,0
107,91,Vidya Naidu,36,F,0
108,91,Geeta Murthy,69,F,0
109,92,Raghu Setty,31,M,0
110,93,Suresh Setty,13,M,0
111,94,Rekha Setty,40,F,0
112,95,Roopa Gowda,43,F,0
113,95,Suresh Gowda,39,M,0
114,96,Vijay Poojary,36,M,0
115,97,Kumar Shetty,56,M,0
116,98,Raghu Poojary,32,M,0
117,99,Kavya Iyer,20,F,0
118,100,Girish Shetty,59,M,0
119,101,Anil Reddy,63,M,0
120,102,Nagaraj Naik,18,M,0
121,103,Harish Naidu,44,M,0
122,104,Rekha Setty,36,F,0
123,105,Bhagya Hegde,74,F,0
124,106,Nagaraj Murthy,56,M,0
125,106,Yogesh Hegde,15,M,0
126,107,Nagaraj Rao,61,M,0
127,108,Sowmya Murthy,34,F,0
128,109,Harish Bhat,59,M,0
129,110,Nagaraj Bhat,63,M,0
130,111,Savitha Gowda,5,F,0
131,112,Vijay Kumar,29,M,0
132,113,Shwetha Setty,5,F,0
133,114,Manjula Rao,9,F,0
134,115,Anita Murthy,13,F,0
135,116,Suresh Gowda,27,M,0
136,117,Srinivas Naik,46,M,0
137,118,Girish Bhat,60,M,0
138,119,Roopa Hegde,64,F,0
139,120,Santosh Reddy,37,M,0
140,121,Suresh Poojary,54,M,0
141,121,Yogesh Murthy,6,M,0
142,122,Bhagya Reddy,27,F,0
143,123,Ramesh Setty,26,M,0
144,124,Santosh Hegde,30,M,0
145,125,Shivaraj Gowda,56,M,0
146,125,Manjula Naik,35,F,0
147,126,Chaya Iyer,64,F,0
148,126,Savitha Gowda,20,F,0
149,127,Mahesh Murthy,71,M,0
150,127,Mahesh Poojary,45,M,0
151,128,Srinivas Hegde,61,M,0
152,129,Chaya Bhat,19,F,0
153,130,Suresh Hegde,9,M,0
154,131,Yogesh Reddy,7,M,0
155,132,Roopa Kumar,49,F,0
156,133,Prakash Naidu,32,M,0
157,134,Vidya Rao,49,F,0
158,135,Nandini Iyer,50,F,0
159,136,Basavaraj Poojary,59,M,0
160,137,Yogesh Naik,37,M,0
161,138,Chaya Naidu,66,F,0
162,138,Radha Poojary,28,F,0
163,139,Vidya Patil,12,F,0
164,140,Srinivas Hegde,42,M,0
165,141,Sowmya Reddy,22,F,0
166,142,Pooja Shetty,26,F,0
167,143,Chaya Hegde,44,F,0
168,144,Nagaraj Setty,11,M,0
169,145,Vijay Patil,35,M,0
170,146,Bhagya Setty,10,F,0
171,146,Ramesh Rao,57,M,0
172,147,Basavaraj Gowda,42,M,0
173,148,Vijay Naik,9,M,0
174,149,Santosh Bhat,27,M,0
175,150,Kavya Poojary,12,F,0
176,151,Lakshmi Reddy,11,F,0
177,152,Sowmya Setty,48,F,0
178,153,Shobha Setty,69,F,0
179,154,Shwetha Rao,41,F,0
180,155,Manjula Murthy,37,F,0
181,155,Lakshmi Iyer,56,F,0
182,156,Ravi Shetty,40,M,0
183,157,Shobha Hegde,19,F,0
184,158,Girish Naidu,36,M,0
185,159,Ganesh Kumar,74,M,0
186,160,Chaya Shetty,28,F,0
187,161,Yogesh Shetty,72,M,0
188,162,Vijay Kumar,17,M,0
189,162,Chaya Bhat,35,F,0
190,163,Sowmya Shetty,12,F,0
191,164,Deepa Patil,47,F,0
192,165,Lakshmi Setty,52,F,0
193,166,Radha Achar,59,F,0
194,166,Pooja Rao,60,F,0
195,167,Srinivas Setty,53,M,0
196,168,Vidya Bhat,63,F,0
197,169,Priya Iyer,24,F,0
198,170,Prakash Hegde,47,M,0
199,171,Yogesh Kumar,14,M,0
200,172,Girish Bhat,15,M,0
201,173,Rekha Reddy,28,F,0
202,174,Ramesh Iyer,36,M,0
203,175,Harish Patil,63,M,0
204,176,Nandini Gowda,59,F,0
205,177,Sowmya Hegde,42,F,0
206,178,Basavaraj Gowda,70,M,0
207,179,Geeta Poojary,61,F,0
208,180,Kumar Rao,69,M,0
209,181,Harish Naidu,5,M,0
210,182,Ganesh Murthy,50,M,0
211,183,Vijay Naik,19,M,0
212,184,Mahesh Hegde,5,M,0
213,185,Mahesh Rao,11,M,0
214,186,Nagaraj Shetty,71,M,0
215,187,Ramesh Setty,56,M,0
216,188,Bhagya Kumar,18,F,0
217,189,Radha Reddy,39,F,0
218,189,Harish Reddy,43,M,0
219,190,Nandini Patil,56,F,0
220,191,Shobha Kumar,75,F,0
221,192,Sunita Naik,50,F,0
222,193,Roopa Shetty,8,F,0
223,193,Prakash Reddy,10,M,0
224,194,Chaya Kumar,27,F,0
225,195,Naveen Murthy,10,M,0
226,196,Bhagya Iyer,39,F,0
227,197,Srinivas Reddy,31,M,0
228,198,Sowmya Setty,64,F,0
229,199,Sunita Hegde,48,F,0
230,200,Yogesh Hegde,70,M,0
231,201,Prakash Bhat,8,M,0
232,202,Vidya Patil,33,F,0
233,202,Sunita Kumar,68,F,0
234,203,Priya Naik,48,F,0
235,204,Anil Kumar,66,M,0
236,205,Harish Poojary,72,M,0
237,206,Anil Bhat,66,M,0
238,207,Raghu Setty,6,M,0
239,207,Kavya Reddy,66,F,0
240,208,Bhagya Murthy,16,F,0
241,209,Kavya Reddy,60,F,0
242,210,Radha Achar,19,F,0
243,211,Vidya Hegde,31,F,0
244,212,Anil Bhat,53,M,0
245,212,Kavya Setty,58,F,0
246,213,Pooja Bhat,13,F,0
247,214,Chaya Poojary,42,F,0
248,215,Nandini Iyer,62,F,0
249,215,Anita Setty,72,F,0
250,216,Sunita Bhat,71,F,0
251,217,Vijay Reddy,28,M,0
252,218,Chaya Shetty,27,F,0
253,219,Girish Bhat,38,M,0
254,220,Manjunath Murthy,35,M,0
255,221,Kumar Reddy,20,M,0
256,222,Chaya Bhat,60,F,0
257,223,Santosh Hegde,47,M,0
258,223,Geeta Patil,31,F,0
259,224,Kavya Iyer,38,F,0
260,225,Deepa Naidu,46,F,0
261,226,Ramesh Hegde,23,M,0
262,227,Sunita Hegde,42,F,0
263,228,Anita Patil,35,F,0
264,229,Prakash Rao,75,M,0
265,230,Roopa Gowda,37,F,0
266,231,Vidya Kumar,52,F,0
267,232,Naveen Naik,45,M,0
268,233,Ganesh Hegde,63,M,0
269,234,Vidya Kumar,14,F,0
270,235,Vijay Shetty,59,M,0
271,236,Basavaraj Naik,66,M,0
272,237,Nandini Achar,59,F,0
273,238,Suresh Iyer,71,M,0
274,239,Roopa Rao,63,F,0
275,240,Chaya Patil,29,F,0
276,241,Raghu Rao,65,M,0
277,242,Harish Setty,15,M,0
278,243,Srinivas Poojary,41,M,0
279,243,Sowmya Rao,67,F,0
280,244,Prakash Patil,36,M,0
281,245,Shwetha Bhat,48,F,0
282,246,Bhagya Gowda,13,F,0
283,247,Savitha Naidu,33,F,0
284,248,Anil Kumar,67,M,0
285,249,Harish Naidu,29,M,0
286,249,Kumar Shetty,35,M,0
287,250,Geeta Reddy,58,F,0
288,251,Ganesh Iyer,67,M,0
289,252,Anita Setty,41,F,0
290,253,Vijay Kumar,23,M,0
291,254,Savitha Shetty,17,F,0
292,255,Sowmya Rao,32,F,0
293,256,Raghu Naidu,9,M,0
294,257,Manjunath Rao,52,M,0
295,257,Vidya Rao,11,F,0
296,258,Kavya Bhat,54,F,0
297,259,Vidya Bhat,41,F,0
298,260,Harish Patil,65,M,0
299,261,Ravi Murthy,40,M,0
300,261,Sunita Iyer,44,F,0
301,262,Shivaraj Shetty,68,M,0
302,263,Rekha Naidu,35,F,0
303,263,Shwetha Gowda,66,F,0
304,264,Sowmya Naidu,37,F,0
305,265,Shwetha Poojary,28,F,0
306,266,Shobha Achar,72,F,0
307,267,Priya Gowda,16,F,0
308,267,Radha Setty,54,F,0
309,268,Manjunath Kumar,73,M,0
310,269,Pooja Kumar,31,F,0
311,270,Santosh Poojary,18,M,0
312,270,Kumar Hegde,43,M,0
313,271,Rekha Achar,41,F,0
314,272,Nagaraj Murthy,58,M,0
315,273,Chaya Murthy,31,F,0
316,274,Prakash Poojary,11,M,0
317,275,Radha Setty,9,F,0
318,276,Mahesh Iyer,7,M,0
319,277,Vidya Setty,6,F,0
320,278,Kavya Naidu,24,F,0
321,279,Anil Patil,66,M,0
322,279,Sowmya Poojary,21,F,0
323,280,Harish Reddy,12,M,0
324,281,Vijay Achar,8,M,0
325,282,Yogesh Setty,23,M,0
326,283,Sowmya Iyer,72,F,0
327,284,Savitha Poojary,43,F,0
328,285,Sunita Naidu,37,F,0
329,286,Manjula Naik,63,F,0
330,286,Nagaraj Bhat,68,M,0
331,287,Harish Kumar,33,M,0
332,287,Roopa Reddy,73,F,0
333,288,Basavaraj Hegde,29,M,0
334,288,Priya Naidu,48,F,0
335,289,Geeta Naidu,35,F,0
336,289,Chaya Rao,12,F,0
337,290,Nagaraj Naidu,21,M,0
338,291,Mahesh Patil,55,M,0
339,291,Raghu Naik,72,M,0
340,292,Roopa Setty,75,F,0
341,293,Rekha Iyer,53,F,0
342,294,Vidya Bhat,18,F,0
343,295,Ramesh Naik,50,M,0
344,295,Lakshmi Hegde,69,F,0
345,296,Ganesh Shetty,64,M,0
346,297,Pooja Bhat,54,F,0
347,298,Vijay Hegde,65,M,0
348,299,Shivaraj Poojary,7,M,0
349,300,Basavaraj Reddy,45,M,0
350,300,Ramesh Naik,58,M,0
351,301,Nandini Setty,53,F,0
352,302,Rekha Naidu,9,F,0
353,303,Vijay Murthy,8,M,0
354,304,Vijay Setty,48,M,0
355,304,Anil Shetty,5,M,0
356,305,Kumar Bhat,42,M,0
357,306,Geeta Murthy,40,F,0
358,307,Yogesh Kumar,29,M,0
359,308,Sunita Kumar,60,F,0
360,309,Geeta Iyer,64,F,0
361,309,Roopa Naik,40,F,0
362,310,Savitha Poojary,51,F,0
363,311,Srinivas Kumar,42,M,0
364,311,Mahesh Bhat,60,M,0
365,312,Kumar Gowda,66,M,0
366,313,Manjunath Bhat,52,M,0
367,314,Shwetha Naik,75,F,0
368,315,Girish Naik,75,M,0
369,316,Ravi Achar,54,M,0
370,317,Pooja Rao,29,F,0
371,318,Sowmya Murthy,7,F,0
372,319,Raghu Achar,10,M,0
373,320,Bhagya Rao,59,F,0
374,321,Prakash Gowda,62,M,0
375,322,Harish Setty,50,M,0
376,323,Kavya Gowda,49,F,0
377,324,Ganesh Setty,33,M,0
378,325,Bhagya Reddy,73,F,0
379,326,Anil Achar,61,M,0
380,326,Rekha Achar,19,F,0
381,327,Savitha Iyer,7,F,0
382,328,Nagaraj Rao,61,M,0
383,328,Ganesh Iyer,38,M,0
384,329,Basavaraj Patil,47,M,0
385,330,Radha Kumar,71,F,0
386,331,Shivaraj Iyer,56,M,0
387,332,Anil Iyer,47,M,0
388,333,Sunita Bhat,15,F,0
389,334,Rekha Gowda,29,F,0
390,335,Santosh Murthy,21,M,0
391,336,Ravi Gowda,6,M,0
392,337,Vijay Shetty,15,M,0
393,338,Manjula Murthy,46,F,0
394,339,Nagaraj Iyer,74,M,0
395,339,Bhagya Iyer,66,F,0
396,340,Kavya Naik,49,F,0
397,341,Basavaraj Gowda,9,M,0
398,342,Ganesh Kumar,37,M,0
399,343,Manjula Gowda,62,F,0
400,344,Savitha Patil,10,F,0
401,345,Geeta Shetty,10,F,0
402,346,Basavaraj Setty,38,M,0
403,346,Ramesh Hegde,20,M,0
404,347,Ravi Setty,25,M,0
405,347,Rekha Iyer,25,F,0
406,348,Kavya Gowda,38,F,0
407,349,Bhagya Setty,9,F,0
408,350,Prakash Setty,70,M,0
409,351,Ganesh Murthy,64,M,0
410,352,Prakash Achar,62,M,0
411,353,Shivaraj Kumar,66,M,0
412,354,Girish Patil,46,M,0
413,355,Yogesh Gowda,63,M,0
414,356,Manjunath Bhat,22,M,0
415,357,Basavaraj Kumar,24,M,0
416,358,Deepa Naik,43,F,0
417,358,Ravi Bhat,70,M,0
418,359,Shwetha Patil,31,F,0
419,359,Anita Achar,22,F,0
420,360,Shobha Patil,14,F,0
421,360,Priya Naik,30,F,0
422,361,Rekha Achar,35,F,0
423,361,Shwetha Naidu,49,F,0
424,362,Manjula Setty,50,F,0
425,363,Deepa Naik,45,F,0
426,364,Prakash Reddy,20,M,0
427,365,Geeta Rao,45,F,0
428,366,Chaya Shetty,62,F,0
429,367,Naveen Rao,56,M,0
430,367,Savitha Naidu,43,F,0
431,368,Bhagya Hegde,54,F,0
432,369,Harish Poojary,70,M,0
433,370,Kumar Shetty,18,M,0
434,371,Sunita Naidu,60,F,0
435,372,Ravi Rao,64,M,0
436,372,Rekha Reddy,32,F,0
437,373,Naveen Murthy,63,M,0
438,374,Naveen Naidu,24,M,0
439,375,Lakshmi Bhat,24,F,0
440,376,Vijay Hegde,63,M,0
441,376,Yogesh Bhat,62,M,0
442,377,Nagaraj Gowda,8,M,0
443,378,Anil Shetty,28,M,0
444,379,Harish Naik,55,M,0
445,380,Vidya Setty,21,F,0
446,381,Anil Naidu,16,M,0
447,382,Srinivas Iyer,19,M,0
448,383,Radha Achar,59,F,0
449,383,Bhagya Reddy,7,F,0
450,384,Sunita Hegde,54,F,0
451,385,Vijay Kumar,58,M,0
452,385,Srinivas Achar,21,M,0
453,386,Nagaraj Reddy,7,M,0
454,387,Manjula Rao,49,F,0
455,388,Shobha Achar,18,F,0
456,389,Shobha Patil,43,F,0
457,390,Santosh Iyer,24,M,0
458,391,Radha Reddy,60,F,0
459,392,Anita Poojary,50,F,0
460,393,Deepa Rao,21,F,0
461,393,Roopa Gowda,49,F,0
462,394,Deepa Naidu,53,F,0
463,395,Naveen Kumar,25,M,0
464,396,Sunita Reddy,69,F,0
465,397,Rekha Shetty,9,F,0
466,398,Sunita Achar,10,F,0
467,399,Kumar Murthy,36,M,0
468,400,Yogesh Naik,15,M,0
469,401,Ramesh Naidu,16,M,0
470,402,Rekha Iyer,52,F,0
471,403,Naveen Naidu,24,M,0
472,404,Deepa Kumar,74,F,0
473,405,Shobha Murthy,49,F,0
474,406,Girish Achar,24,M,0
475,407,Girish Bhat,18,M,0
476,408,Bhagya Shetty,27,F,0
477,409,Bhagya Shetty,9,F,0
478,410,Sowmya Naik,68,F,0
479,410,Yogesh Murthy,57,M,0
480,411,Kumar Achar,46,M,0
481,412,Vidya Poojary,17,F,0
482,413,Manjula Murthy,69,F,0
483,414,Radha Shetty,72,F,0
484,415,Girish Naik,41,M,0
485,415,Srinivas Setty,60,M,0
486,416,Savitha Hegde,52,F,0
487,417,Savitha Naidu,19,F,0
488,418,Deepa Poojary,47,F,0
489,419,Kavya Setty,15,F,0
490,420,Pooja Bhat,61,F,0
491,421,Kavya Achar,73,F,0
492,422,Mahesh Setty,62,M,0
493,423,Basavaraj Hegde,46,M,0
494,423,Priya Setty,14,F,0
495,424,Geeta Reddy,26,F,0
496,425,Pooja Patil,37,F,0
497,426,Anil Rao,64,M,0
498,427,Lakshmi Patil,71,F,0
499,428,Harish Hegde,24,M,0
500,429,Chaya Hegde,20,F,0
501,430,Yogesh Rao,25,M,0
502,430,Shwetha Hegde,53,F,0
503,431,Pooja Gowda,17,F,0
504,432,Anil Naidu,32,M,0
505,433,Radha Kumar,34,F,0
506,434,Nagaraj Achar,35,M,0
507,435,Chaya Gowda,48,F,0
508,436,Nagaraj Iyer,27,M,0
509,437,Shwetha Gowda,17,F,0
510,438,Harish Setty,59,M,0
511,439,Deepa Achar,39,F,0
512,439,Kavya Patil,70,F,0
513,440,Chaya Murthy,23,F,0
514,441,Srinivas Setty,42,M,0
515,441,Lakshmi Bhat,53,F,0
516,442,Manjunath Rao,46,M,0
517,443,Mahesh Naik,65,M,0
518,443,Srinivas Reddy,38,M,0
519,444,Ravi Naidu,68,M,0
520,445,Bhagya Poojary,75,F,0
521,446,Raghu Hegde,49,M,0
522,447,Roopa Patil,30,F,0
523,448,Shobha Reddy,15,F,0
524,449,Roopa Shetty,18,F,0
525,450,Manjula Setty,42,F,0
526,451,Suresh Poojary,27,M,0
527,452,Shwetha Naidu,62,F,0
528,453,Deepa Rao,59,F,0
529,454,Anita Patil,44,F,0
530,455,Sunita Gowda,20,F,0
531,456,Mahesh Naik,42,M,0
532,457,Naveen Reddy,17,M,0
533,458,Kumar Kumar,61,M,0
534,458,Deepa Hegde,46,F,0
535,459,Shivaraj Reddy,11,M,0
536,460,Manjula Kumar,53,F,0
537,461,Pooja Patil,43,F,0
538,462,Raghu Shetty,45,M,0
539,463,Yogesh Reddy,33,M,0
540,464,Basavaraj Gowda,72,M,0
541,465,Shobha Kumar,34,F,0
542,466,Ravi Setty,13,M,0
543,467,Chaya Rao,48,F,0
544,468,Santosh Naidu,49,M,0
545,469,Vidya Naidu,62,F,0
546,470,Naveen Reddy,50,M,0
547,471,Yogesh Setty,21,M,0
548,471,Shwetha Hegde,9,F,0
549,472,Kumar Patil,27,M,0
550,473,Chaya Patil,16,F,0
551,474,Priya Poojary,38,F,0
552,475,Santosh Achar,51,M,0
553,476,Ramesh Bhat,19,M,0
554,477,Prakash Bhat,14,M,0
555,477,Shobha Iyer,11,F,0
556,478,Yogesh Gowda,56,M,0
557,478,Santosh Shetty,72,M,0
558,479,Basavaraj Kumar,49,M,0
559,480,Pooja Naidu,21,F,0
560,480,Raghu Murthy,35,M,0
561,481,Rekha Hegde,5,F,0
562,482,Pooja Setty,10,F,0
563,483,Chaya Naidu,52,F,0
564,483,Sunita Poojary,13,F,0
565,484,Shwetha Bhat,14,F,0
566,485,Geeta Poojary,54,F,0
567,486,Sowmya Setty,34,F,0
568,487,Basavaraj Patil,60,M,0
569,488,Deepa Poojary,46,F,0
570,489,Anil Naidu,22,M,0
571,490,Lakshmi Hegde,58,F,0
572,491,Lakshmi Murthy,13,F,0
573,492,Nandini Patil,13,F,0
574,493,Priya Achar,52,F,0
575,493,Geeta Reddy,58,F,0
576,494,Radha Bhat,58,F,0
577,494,Bhagya Poojary,34,F,0
578,495,Chaya Shetty,21,F,0
579,496,Lakshmi Reddy,12,F,0
580,497,Chaya Naidu,66,F,0
581,498,Prakash Naidu,50,M,0
582,499,Vijay Setty,65,M,0
583,500,Mahesh Reddy,21,M,0
584,501,Sowmya Naik,22,F,0
585,502,Vijay Hegde,69,M,0
586,503,Raghu Naidu,55,M,0
587,504,Prakash Patil,38,M,0
588,505,Sunita Murthy,65,F,0
589,506,Vidya Poojary,35,F,0
590,507,Radha Kumar,53,F,0
591,508,Yogesh Rao,5,M,0
592,509,Ramesh Naidu,75,M,0
593,510,Shwetha Bhat,16,F,0
594,511,Sunita Shetty,68,F,0
595,512,Anil Achar,66,M,0
596,513,Rekha Poojary,29,F,0
597,514,Pooja Patil,15,F,0
598,515,Basavaraj Shetty,19,M,0
599,516,Bhagya Hegde,12,F,0
600,517,Shivaraj Bhat,7,M,0
601,517,Ganesh Naik,22,M,0
602,518,Yogesh Rao,8,M,0
603,519,Ganesh Naik,46,M,0
604,520,Rekha Kumar,55,F,0
605,521,Manjunath Gowda,64,M,0
606,522,Kumar Gowda,58,M,0
607,523,Nagaraj Murthy,47,M,0
608,524,Lakshmi Gowda,13,F,0
609,525,Ramesh Rao,38,M,0
610,526,Yogesh Poojary,42,M,0
611,526,Shivaraj Shetty,15,M,0
612,527,Ganesh Hegde,20,M,0
613,528,Nagaraj Bhat,41,M,0
614,529,Vijay Setty,32,M,0
615,530,Yogesh Iyer,17,M,0
616,531,Kavya Gowda,54,F,0
617,532,Mahesh Shetty,48,M,0
618,533,Ganesh Naik,44,M,0
619,534,Basavaraj Rao,39,M,0
620,534,Chaya Bhat,19,F,0
621,535,Shwetha Poojary,71,F,0
622,536,Girish Setty,26,M,0
623,537,Harish Kumar,42,M,0
624,538,Sowmya Naidu,20,F,0
625,539,Rekha Murthy,67,F,0
626,539,Sunita Kumar,67,F,0
627,540,Vijay Gowda,55,M,0
628,541,Savitha Naik,54,F,0
629,542,Ganesh Shetty,40,M,0
630,543,Kavya Naidu,68,F,0
631,544,Suresh Kumar,35,M,0
632,545,Ganesh Patil,62,M,0
633,546,Suresh Bhat,45,M,0
634,547,Suresh Hegde,28,M,0
635,548,Priya Achar,63,F,0
636,549,Chaya Gowda,14,F,0
637,550,Vidya Murthy,65,F,0
638,551,Kumar Poojary,67,M,0
639,552,Naveen Naidu,15,M,0
640,553,Deepa Setty,35,F,0
641,554,Prakash Iyer,13,M,0
642,555,Nandini Setty,24,F,0
643,556,Ramesh Bhat,46,M,0
644,557,Vijay Naidu,45,M,0
645,558,Vijay Patil,46,M,0
646,559,Srinivas Bhat,12,M,0
647,560,Radha Patil,6,F,0
648,561,Chaya Naik,54,F,0
649,562,Deepa Poojary,9,F,0
650,563,Shobha Murthy,61,F,0
651,564,Shivaraj Gowda,27,M,0
652,565,Manjunath Poojary,35,M,0
653,566,Shivaraj Bhat,51,M,0
654,567,Shwetha Bhat,16,F,0
655,567,Vijay Poojary,43,M,0
656,568,Nagaraj Rao,24,M,0
657,569,Yogesh Poojary,15,M,0
658,570,Geeta Kumar,19,F,0
659,570,Kumar Kumar,20,M,0
660,571,Geeta Patil,22,F,0
661,572,Shivaraj Shetty,13,M,0
662,573,Shobha Murthy,26,F,0
663,573,Ravi Poojary,64,M,0
664,574,Yogesh Naidu,74,M,0
665,575,Radha Kumar,61,F,0
666,576,Priya Murthy,60,F,0
667,577,Yogesh Shetty,34,M,0
668,578,Priya Kumar,67,F,0
669,579,Basavaraj Rao,31,M,0
670,579,Bhagya Murthy,7,F,0
671,580,Pooja Bhat,9,F,0
672,581,Anil Reddy,19,M,0
673,581,Roopa Setty,36,F,0
674,582,Priya Naik,45,F,0
675,583,Prakash Bhat,14,M,0
676,584,Srinivas Achar,48,M,0
677,585,Savitha Bhat,25,F,0
678,586,Ramesh Naidu,11,M,0
679,587,Srinivas Iyer,43,M,0
680,588,Bhagya Iyer,21,F,0
681,589,Girish Reddy,48,M,0
682,590,Bhagya Iyer,15,F,0
683,591,Vijay Kumar,58,M,0
684,592,Geeta Poojary,20,F,0
685,593,Vidya Hegde,50,F,0
686,594,Bhagya Hegde,61,F,0
687,595,Sunita Reddy,68,F,0
688,596,Naveen Naidu,71,M,0
689,597,Rekha Gowda,44,F,0
690,598,Prakash Bhat,58,M,0
691,599,Mahesh Hegde,7,M,0
692,599,Ganesh Kumar,30,M,0
693,600,Vidya Poojary,59,F,0
694,600,Savitha Patil,8,F,0
695,601,Roopa Naik,19,F,0
696,602,Nagaraj Patil,21,M,0
697,602,Savitha Gowda,40,F,0
698,603,Vijay Patil,17,M,0
699,604,Nagaraj Patil,53,M,0
700,605,Shivaraj Murthy,15,M,0
701,606,Shivaraj Rao,21,M,0
702,607,Bhagya Kumar,23,F,0
703,608,Roopa Achar,59,F,0
704,609,Ravi Iyer,14,M,0
705,610,Geeta Iyer,30,F,0
706,611,Nagaraj Setty,52,M,0
707,611,Raghu Kumar,56,M,0
708,612,Deepa Achar,16,F,0
709,613,Ramesh Reddy,15,M,0
710,614,Ganesh Patil,14,M,0
711,615,Shwetha Bhat,17,F,0
712,616,Kavya Iyer,23,F,0
713,617,Kumar Rao,47,M,0
714,618,Lakshmi Naidu,44,F,0
715,619,Sunita Poojary,70,F,0
716,620,Geeta Murthy,11,F,0
717,621,Srinivas Reddy,34,M,0
718,622,Anil Bhat,32,M,0
719,623,Yogesh Hegde,22,M,0
720,624,Sunita Hegde,45,F,0
721,625,Girish Murthy,33,M,0
722,626,Priya Hegde,63,F,0
723,627,Bhagya Naik,15,F,0
724,628,Santosh Reddy,70,M,0
725,629,Girish Murthy,74,M,0
726,629,Mahesh Gowda,33,M,0
727,630,Chaya Hegde,75,F,0
728,631,Sowmya Murthy,54,F,0
729,632,Manjula Kumar,32,F,0
730,633,Raghu Setty,52,M,0
731,634,Lakshmi Shetty,41,F,0
732,635,Chaya Reddy,65,F,0
733,636,Manjula Poojary,53,F,0
734,636,Girish Rao,38,M,0
735,637,Basavaraj Shetty,47,M,0
736,638,Girish Bhat,9,M,0
737,639,Raghu Bhat,38,M,0
738,640,Ramesh Patil,37,M,0
739,641,Sunita Naik,41,F,0
740,642,Manjula Reddy,62,F,0
741,643,Ravi Setty,9,M,0
742,644,Kavya Hegde,46,F,0
743,645,Nandini Hegde,23,F,0
744,646,Mahesh Hegde,53,M,0
745,647,Kumar Murthy,16,M,0
746,648,Priya Hegde,58,F,0
747,649,Raghu Iyer,11,M,0
748,650,Savitha Bhat,73,F,0
749,651,Yogesh Bhat,33,M,0
750,651,Bhagya Achar,33,F,0
751,652,Vidya Patil,40,F,0
752,653,Basavaraj Shetty,31,M,0
753,654,Anil Achar,14,M,0
754,655,Chaya Iyer,64,F,0
755,655,Yogesh Kumar,71,M,0
756,656,Manjula Achar,74,F,0
757,657,Shwetha Bhat,63,F,0
758,658,Vijay Shetty,73,M,0
759,659,Sowmya Bhat,71,F,0
760,660,Shivaraj Rao,28,M,0
761,661,Deepa Kumar,43,F,0
762,662,Girish Patil,38,M,0
763,663,Vidya Kumar,27,F,0
764,664,Priya Naidu,48,F,0
765,665,Priya Murthy,54,F,0
766,666,Vijay Murthy,30,M,0
767,667,Manjunath Naik,61,M,0
768,668,Vidya Achar,56,F,0
769,669,Geeta Bhat,26,F,0
770,670,Vijay Naidu,27,M,0
771,671,Shobha Hegde,38,F,0
772,672,Suresh Naik,44,M,0
773,673,Prakash Gowda,29,M,0
774,674,Santosh Iyer,42,M,0
775,675,Sunita Setty,15,F,0
776,676,Rekha Reddy,61,F,0
777,677,Chaya Hegde,32,F,0
778,677,Srinivas Achar,42,M,0
779,678,Santosh Hegde,37,M,0
780,679,Sunita Naidu,18,F,0
781,680,Ravi Bhat,35,M,0
782,680,Ravi Bhat,41,M,0
783,681,Nagaraj Reddy,58,M,0
784,681,Raghu Bhat,15,M,0
785,682,Geeta Rao,46,F,0
786,683,Roopa Setty,52,F,0
787,684,Santosh Iyer,25,M,0
788,685,Shobha Hegde,29,F,0
789,686,Manjula Murthy,47,F,0
790,687,Roopa Hegde,53,F,0
791,688,Ramesh Rao,67,M,0
792,688,Deepa Naik,17,F,0
793,689,Naveen Hegde,72,M,0
794,690,Vidya Rao,20,F,0
795,691,Savitha Hegde,5,F,0
796,692,Mahesh Kumar,33,M,0
797,692,Vidya Naik,27,F,0
798,693,Girish Patil,25,M,0
799,694,Girish Naidu,72,M,0
800,695,Mahesh Gowda,54,M,0
801,696,Manjula Shetty,38,F,0
802,697,Lakshmi Poojary,44,F,0
803,698,Bhagya Poojary,10,F,0
804,699,Nagaraj Reddy,55,M,0
805,700,Suresh Setty,12,M,0
806,701,Prakash Poojary,28,M,0
807,702,Sowmya Rao,30,F,0
808,703,Pooja Iyer,17,F,0
809,704,Suresh Murthy,61,M,0
810,704,Shobha Poojary,15,F,0
811,705,Nandini Reddy,71,F,0
812,706,Sunita Setty,69,F,0
813,707,Roopa Rao,58,F,0
814,708,Yogesh Murthy,70,M,0
815,709,Kavya Bhat,34,F,0
816,710,Srinivas Murthy,73,M,0
817,711,Bhagya Murthy,10,F,0
818,712,Manjunath Gowda,23,M,0
819,713,Savitha Rao,14,F,0
820,714,Geeta Iyer,12,F,0
821,714,Harish Reddy,44,M,0
822,715,Ganesh Shetty,42,M,0
823,716,Ganesh Bhat,45,M,0
824,717,Mahesh Naidu,60,M,0
825,717,Raghu Reddy,70,M,0
826,718,Manjula Iyer,52,F,0
827,718,Pooja Naik,57,F,0
828,719,Kumar Achar,34,M,0
829,720,Nandini Kumar,28,F,0
830,721,Sunita Hegde,5,F,0
831,722,Shwetha Bhat,24,F,0
832,723,Pooja Shetty,31,F,0
833,724,Deepa Gowda,72,F,0
834,724,Kumar Naik,60,M,0
835,725,Pooja Bhat,53,F,0
836,726,Naveen Naik,40,M,0
837,727,Savitha Gowda,35,F,0
838,728,Lakshmi Kumar,54,F,0
839,729,Raghu Reddy,21,M,0
840,730,Ramesh Bhat,57,M,0
841,731,Anita Setty,25,F,0
842,732,Nandini Setty,53,F,0
843,733,Bhagya Setty,34,F,0
844,733,Nagaraj Gowda,20,M,0
845,734,Lakshmi Naidu,46,F,0
846,735,Deepa Rao,47,F,0
847,736,Anita Rao,18,F,0
848,737,Sowmya Gowda,45,F,0
849,738,Basavaraj Shetty,39,M,0
850,739,Ganesh Reddy,70,M,0
851,740,Kumar Naik,31,M,0
852,741,Lakshmi Poojary,28,F,0
853,742,Sunita Achar,64,F,0
854,743,Ramesh Iyer,40,M,0
855,743,Bhagya Murthy,57,F,0
856,744,Priya Naik,7,F,0
857,745,Sowmya Kumar,8,F,0
858,746,Manjunath Kumar,55,M,0
859,747,Basavaraj Setty,41,M,0
860,748,Srinivas Reddy,22,M,0
861,749,Rekha Iyer,25,F,0
862,750,Prakash Bhat,29,M,0
863,751,Ganesh Poojary,59,M,0
864,752,Harish Naik,62,M,0
865,753,Kumar Iyer,34,M,0
866,754,Shobha Rao,63,F,0
867,754,Sowmya Hegde,13,F,0
868,755,Santosh Iyer,41,M,0
869,756,Sowmya Shetty,6,F,0
870,757,Vijay Kumar,7,M,0
871,758,Shwetha Naik,47,F,0
872,759,Ravi Rao,41,M,0
873,760,Pooja Reddy,8,F,0
874,761,Santosh Naik,51,M,0
875,762,Prakash Naidu,16,M,0
876,762,Kavya Kumar,60,F,0
877,763,Vidya Setty,21,F,0
878,763,Srinivas Naidu,51,M,0
879,764,Sunita Shetty,67,F,0
880,765,Ravi Naidu,11,M,0
881,766,Mahesh Shetty,20,M,0
882,767,Mahesh Patil,41,M,0
883,768,Anil Achar,51,M,0
884,769,Lakshmi Patil,55,F,0
885,770,Srinivas Poojary,46,M,0
886,770,Yogesh Shetty,45,M,0
887,771,Shwetha Reddy,58,F,0
888,771,Bhagya Hegde,16,F,0
889,772,Rekha Bhat,24,F,0
890,773,Suresh Achar,27,M,0
891,774,Pooja Naidu,59,F,0
892,775,Ravi Murthy,12,M,0
893,776,Savitha Reddy,31,F,0
894,777,Kavya Gowda,11,F,0
895,778,Ramesh Reddy,42,M,0
896,779,Manjula Naidu,62,F,0
897,780,Naveen Bhat,22,M,0
898,781,Anita Bhat,11,F,0
899,782,Kumar Achar,67,M,0
900,783,Mahesh Poojary,36,M,0
901,784,Pooja Patil,45,F,0
902,784,Harish Iyer,30,M,0
903,785,Vidya Achar,24,F,0
904,785,Yogesh Kumar,19,M,0
905,786,Pooja Bhat,55,F,0
906,787,Chaya Poojary,44,F,0
907,788,Raghu Shetty,46,M,0
908,789,Sowmya Setty,69,F,0
909,790,Nagaraj Murthy,52,M,0
910,791,Anita Achar,25,F,0
911,792,Shivaraj Bhat,28,M,0
912,792,Srinivas Kumar,45,M,0
913,793,Harish Achar,74,M,0
914,794,Naveen Iyer,53,M,0
915,795,Srinivas Setty,26,M,0
916,796,Sunita Reddy,75,F,0
917,796,Ganesh Iyer,15,M,0
918,797,Ganesh Naik,48,M,0
919,798,Shwetha Reddy,50,F,0
920,799,Suresh Iyer,49,M,0
921,799,Priya Shetty,64,F,0
922,800,Kumar Rao,44,M,0
923,801,Deepa Shetty,57,F,0
924,802,Girish Gowda,37,M,0
925,803,Naveen Iyer,24,M,0
926,804,Savitha Bhat,9,F,0
927,805,Ganesh Murthy,68,M,0
928,806,Lakshmi Hegde,44,F,0
929,807,Srinivas Naidu,18,M,0
930,807,Savitha Kumar,49,F,0
931,808,Vijay Murthy,41,M,0
932,809,Harish Achar,12,M,0
933,810,Yogesh Naik,23,M,0
934,811,Ramesh Naik,15,M,0
935,812,Radha Kumar,27,F,0
936,813,Lakshmi Poojary,61,F,0
937,814,Vijay Rao,41,M,0
938,815,Chaya Kumar,74,F,0
939,816,Geeta Shetty,27,F,0
940,817,Shwetha Naik,25,F,0
941,818,Anita Murthy,43,F,0
942,818,Lakshmi Shetty,42,F,0
943,819,Harish Iyer,29,M,0
944,820,Kumar Bhat,60,M,0
945,821,Harish Kumar,31,M,0
946,822,Kavya Setty,43,F,0
947,823,Chaya Kumar,46,F,0
948,823,Vijay Kumar,7,M,0
949,824,Harish Iyer,59,M,0
950,825,Suresh Iyer,45,M,0
951,826,Nagaraj Murthy,53,M,0
952,826,Girish Kumar,43,M,0
953,827,Vijay Patil,61,M,0
954,828,Savitha Patil,63,F,0
955,829,Ramesh Hegde,59,M,0
956,830,Ganesh Naidu,44,M,0
957,831,Girish Achar,75,M,0
958,832,Geeta Gowda,57,F,0
959,833,Chaya Naik,17,F,0
960,834,Vidya Murthy,25,F,0
961,835,Nandini Patil,22,F,0
962,836,Kumar Reddy,38,M,0
963,837,Shobha Shetty,13,F,0
964,838,Prakash Setty,21,M,0
965,839,Anil Murthy,46,M,0
966,840,Prakash Poojary,61,M,0
967,841,Girish Setty,28,M,0
968,842,Manjunath Achar,17,M,0
969,843,Girish Patil,70,M,0
970,844,Rekha Patil,45,F,0
971,845,Geeta Gowda,12,F,0
972,846,Chaya Poojary,12,F,0
973,847,Ramesh Patil,61,M,0
974,847,Basavaraj Kumar,66,M,0
975,848,Santosh Reddy,50,M,0
976,849,Naveen Murthy,27,M,0
977,849,Rekha Naik,58,F,0
978,850,Ganesh Naidu,69,M,0
979,851,Manjunath Rao,20,M,0
980,852,Pooja Shetty,56,F,0
981,853,Priya Rao,16,F,0
982,854,Rekha Achar,24,F,0
983,855,Geeta Shetty,64,F,0
984,856,Shobha Gowda,29,F,0
985,857,Pooja Reddy,20,F,0
986,858,Srinivas Patil,61,M,0
987,859,Suresh Gowda,73,M,0
988,859,Prakash Iyer,58,M,0
989,860,Nandini Naidu,72,F,0
990,860,Savitha Rao,64,F,0
991,861,Srinivas Shetty,27,M,0
992,862,Kumar Gowda,58,M,0
993,863,Kumar Iyer,74,M,0
994,864,Raghu Hegde,19,M,0
995,865,Vidya Naidu,49,F,0
996,866,Chaya Poojary,37,F,0
997,867,Lakshmi Rao,73,F,0
998,868,Bhagya Reddy,32,F,0
999,869,Ravi Naidu,20,M,0
1000,870,Sowmya Hegde,23,F,0
1001,871,Kumar Setty,25,M,0
1002,872,Harish Kumar,27,M,0
1003,872,Basavaraj Murthy,50,M,0
1004,873,Sowmya Hegde,70,F,0
1005,874,Vijay Gowda,27,M,0
1006,875,Shwetha Patil,30,F,0
1007,876,Deepa Naidu,7,F,0
1008,876,Mahesh Reddy,34,M,0
1009,877,Pooja Murthy,30,F,0
1010,877,Anil Rao,44,M,0
1011,878,Mahesh Setty,31,M,0
1012,879,Manjunath Setty,72,M,0
1013,880,Sunita Hegde,45,F,0
1014,881,Santosh Rao,57,M,0
1015,882,Harish Naik,9,M,0
1016,882,Raghu Poojary,72,M,0
1017,883,Anil Naidu,15,M,0
1018,884,Yogesh Naik,27,M,0
1019,885,Sowmya Rao,21,F,0
1020,886,Suresh Achar,48,M,0
1021,887,Bhagya Hegde,29,F,0
1022,888,Srinivas Poojary,9,M,0
1023,889,Radha Iyer,63,F,0
1024,889,Roopa Reddy,23,F,0
1025,890,Priya Murthy,65,F,0
1026,890,Kavya Setty,37,F,0
1027,891,Girish Rao,69,M,0
1028,892,Ganesh Reddy,53,M,0
1029,893,Shobha Iyer,11,F,0
1030,893,Chaya Naidu,10,F,0
1031,894,Yogesh Achar,17,M,0
1032,895,Savitha Reddy,8,F,0
1033,895,Bhagya Iyer,48,F,0
1034,896,Priya Gowda,28,F,0
1035,896,Naveen Achar,19,M,0
1036,897,Chaya Rao,52,F,0
1037,898,Kavya Gowda,61,F,0
1038,899,Kumar Gowda,54,M,0
1039,900,Anil Hegde,14,M,0
1040,900,Radha Hegde,8,F,0
1041,901,Vijay Naidu,17,M,0
1042,902,Anita Poojary,9,F,0
1043,903,Deepa Naik,32,F,0
1044,904,Santosh Patil,27,M,0
1045,905,Pooja Reddy,25,F,0
1046,905,Lakshmi Hegde,66,F,0
1047,906,Ramesh Murthy,7,M,0
1048,907,Lakshmi Achar,59,F,0
1049,908,Vijay Kumar,70,M,0
1050,909,Suresh Patil,34,M,0
1051,910,Santosh Gowda,21,M,0
1052,911,Nandini Kumar,48,F,0
1053,912,Shobha Shetty,67,F,0
1054,913,Sowmya Poojary,14,F,0
1055,914,Yogesh Bhat,51,M,0
1056,915,Radha Naik,44,F,0
1057,915,Anil Iyer,24,M,0
1058,916,Basavaraj Reddy,70,M,0
1059,917,Ravi Rao,41,M,0
1060,918,Shobha Kumar,29,F,0
1061,919,Ravi Iyer,43,M,0
1062,920,Ganesh Patil,45,M,0
1063,921,Shwetha Achar,20,F,0
1064,922,Roopa Reddy,8,F,0
1065,923,Rekha Iyer,53,F,0
1066,924,Kavya Naidu,58,F,0
1067,925,Shwetha Murthy,27,F,0
1068,925,Basavaraj Shetty,61,M,0
1069,926,Geeta Iyer,54,F,0
1070,927,Anita Naidu,20,F,0
1071,928,Manjunath Murthy,10,M,0
1072,929,Kavya Kumar,75,F,0
1073,930,Kumar Gowda,43,M,0
1074,931,Deepa Reddy,16,F,0
1075,932,Shwetha Reddy,59,F,0
1076,933,Shwetha Rao,47,F,0
1077,934,Manjunath Naidu,11,M,0
1078,935,Roopa Kumar,46,F,0
1079,936,Lakshmi Kumar,8,F,0
1080,936,Yogesh Murthy,29,M,0
1081,937,Roopa Gowda,39,F,0
1082,938,Kumar Hegde,16,M,0
1083,939,Lakshmi Setty,49,F,0
1084,939,Shobha Bhat,28,F,0
1085,940,Girish Bhat,55,M,0
1086,941,Santosh Achar,49,M,0
1087,942,Deepa Poojary,69,F,0
1088,943,Harish Achar,64,M,0
1089,944,Kumar Poojary,59,M,0
1090,945,Yogesh Rao,17,M,0
1091,945,Lakshmi Reddy,33,F,0
1092,946,Sowmya Bhat,45,F,0
1093,946,Bhagya Patil,5,F,0
1094,947,Radha Iyer,27,F,0
1095,948,Nagaraj Achar,26,M,0
1096,948,Nandini Kumar,67,F,0
1097,949,Geeta Naidu,11,F,0
1098,950,Mahesh Naidu,10,M,0
1099,951,Naveen Patil,18,M,0
1100,952,Anil Murthy,34,M,0
1101,953,Ravi Gowda,42,M,0
1102,954,Srinivas Achar,34,M,0
1103,955,Vidya Shetty,73,F,0
1104,956,Kumar Gowda,23,M,0
1105,956,Savitha Iyer,30,F,0
1106,957,Radha Rao,53,F,0
1107,958,Bhagya Kumar,10,F,0
1108,959,Radha Bhat,44,F,0
1109,959,Vijay Patil,24,M,0
1110,960,Ramesh Shetty,24,M,0
1111,960,Raghu Setty,23,M,0
1112,961,Roopa Murthy,38,F,0
1113,962,Geeta Patil,24,F,0
1114,963,Ramesh Gowda,22,M,0
1115,963,Bhagya Rao,74,F,0
1116,964,Kumar Murthy,21,M,0
1117,965,Savitha Bhat,26,F,0
1118,966,Roopa Murthy,24,F,0
1119,967,Srinivas Bhat,57,M,0
1120,968,Prakash Iyer,73,M,0
1121,968,Shivaraj Shetty,39,M,0
1122,969,Chaya Achar,24,F,0
1123,970,Girish Patil,34,M,0
1124,970,Vidya Reddy,34,F,0
1125,971,Radha Reddy,33,F,0
1126,972,Priya Naik,65,F,0
1127,972,Chaya Reddy,68,F,0
1128,973,Mahesh Patil,14,M,0
1129,974,Manjula Reddy,31,F,0
1130,975,Priya Shetty,15,F,0
1131,976,Priya Murthy,28,F,0
1132,977,Nandini Bhat,24,F,0
1133,978,Vidya Naik,58,F,0
1134,979,Priya Iyer,26,F,0
1135,980,Shwetha Naidu,35,F,0
1136,981,Kavya Hegde,52,F,0
1137,982,Bhagya Poojary,73,F,0
1138,983,Yogesh Hegde,44,M,0
1139,983,Vidya Shetty,20,F,0
1140,984,Roopa Bhat,6,F,0
1141,985,Shwetha Murthy,11,F,0
1142,986,Savitha Naidu,75,F,0
1143,987,Pooja Achar,33,F,0
1144,987,Vidya Setty,38,F,0
1145,988,Shobha Gowda,11,F,0
1146,989,Santosh Setty,73,M,0
1147,990,Shobha Poojary,31,F,0
1148,991,Pooja Naidu,56,F,0
1149,992,Savitha Patil,9,F,0
1150,992,Vijay Hegde,70,M,0
1151,993,Kumar Setty,38,M,0
1152,994,Shwetha Poojary,43,F,0
1153,995,Roopa Achar,56,F,0
1154,996,Anil Hegde,8,M,0
1155,997,Suresh Setty,22,M,0
1156,998,Lakshmi Iyer,66,F,0
1157,999,Kavya Rao,20,F,0
1158,1000,Suresh Reddy,43,M,0
1159,1001,Harish Iyer,31,M,0
1160,1002,Kavya Patil,53,F,0
1161,1003,Manjula Setty,44,F,0
1162,1004,Deepa Naidu,54,F,0
1163,1005,Kumar Naik,53,M,0
1164,1006,Girish Rao,75,M,0
1165,1007,Vijay Poojary,71,M,0
1166,1007,Santosh Murthy,43,M,0
1167,1008,Bhagya Patil,26,F,0
1168,1009,Pooja Hegde,51,F,0
1169,1010,Suresh Shetty,73,M,0
1170,1011,Shobha Bhat,17,F,0
1171,1012,Manjula Kumar,39,F,0
1172,1013,Nagaraj Poojary,20,M,0
1173,1014,Suresh Patil,9,M,0
1174,1015,Ganesh Setty,49,M,0
1175,1016,Roopa Naidu,42,F,0
1176,1017,Suresh Poojary,59,M,0
1177,1018,Kumar Kumar,64,M,0
1178,1019,Basavaraj Rao,66,M,0
1179,1020,Anita Shetty,34,F,0
1180,1021,Roopa Iyer,42,F,0
1181,1022,Anita Poojary,9,F,0
1182,1023,Shivaraj Naik,7,M,0
1183,1024,Kavya Naidu,54,F,0
1184,1025,Sunita Achar,56,F,0
1185,1026,Manjula Poojary,11,F,0
1186,1027,Girish Poojary,10,M,0
1187,1028,Kavya Patil,54,F,0
1188,1029,Ramesh Murthy,33,M,0
1189,1030,Santosh Iyer,28,M,0
1190,1031,Anil Shetty,14,M,0
1191,1032,Pooja Naik,26,F,0
1192,1033,Deepa Poojary,66,F,0
1193,1034,Kavya Bhat,35,F,0
1194,1035,Manjula Gowda,68,F,0
1195,1035,Chaya Poojary,24,F,0
1196,1036,Sowmya Poojary,70,F,0
1197,1037,Ravi Naik,5,M,0
1198,1038,Manjunath Gowda,62,M,0
1199,1039,Rekha Kumar,60,F,0
1200,1040,Vidya Iyer,35,F,0
1201,1041,Naveen Iyer,8,M,0
1202,1042,Raghu Murthy,21,M,0
1203,1043,Naveen Poojary,30,M,0
1204,1044,Manjunath Setty,41,M,0
1205,1045,Deepa Iyer,49,F,0
1206,1046,Rekha Poojary,47,F,0
1207,1047,Prakash Setty,28,M,0
1208,1048,Shobha Poojary,7,F,0
1209,1049,Raghu Iyer,43,M,0
1210,1050,Kavya Iyer,24,F,0
1211,1051,Nagaraj Naik,38,M,0
1212,1052,Yogesh Gowda,61,M,0
1213,1053,Shwetha Hegde,63,F,0
1214,1054,Mahesh Naidu,44,M,0
1215,1055,Pooja Rao,35,F,0
1216,1056,Basavaraj Poojary,54,M,0
1217,1057,Nandini Setty,42,F,0
1218,1058,Sowmya Reddy,30,F,0
1219,1059,Basavaraj Hegde,64,M,0
1220,1060,Anita Achar,40,F,0
1221,1060,Girish Naik,32,M,0
1222,1061,Deepa Shetty,61,F,0
1223,1062,Deepa Kumar,58,F,0
1224,1063,Kavya Rao,47,F,0
1225,1064,Raghu Reddy,42,M,0
1226,1065,Basavaraj Naidu,6,M,0
1227,1066,Mahesh Shetty,48,M,0
1228,1067,Roopa Naidu,25,F,0
1229,1068,Deepa Poojary,8,F,0
1230,1069,Anil Naik,35,M,0
1231,1070,Prakash Naidu,14,M,0
1232,1071,Deepa Naik,42,F,0
1233,1072,Harish Shetty,67,M,0
1234,1072,Raghu Murthy,10,M,0
1235,1073,Rekha Poojary,47,F,0
1236,1074,Ganesh Poojary,65,M,0
1237,1075,Shivaraj Hegde,44,M,0
1238,1076,Shwetha Naidu,22,F,0
1239,1077,Deepa Iyer,5,F,0
1240,1077,Geeta Rao,17,F,0
1241,1078,Pooja Naidu,18,F,0
1242,1079,Bhagya Poojary,29,F,0
1243,1080,Kavya Reddy,25,F,0
1244,1081,Savitha Patil,47,F,0
1245,1082,Naveen Shetty,58,M,0
1246,1083,Geeta Patil,50,F,0
1247,1084,Sunita Reddy,70,F,0
1248,1085,Naveen Setty,26,M,0
1249,1086,Shivaraj Naidu,9,M,0
1250,1087,Kumar Poojary,22,M,0
1251,1088,Roopa Setty,31,F,0
1252,1089,Shobha Patil,69,F,0
1253,1090,Suresh Poojary,72,M,0
1254,1090,Radha Achar,50,F,0
1255,1091,Suresh Naik,10,M,0
1256,1092,Nandini Setty,26,F,0
1257,1093,Geeta Iyer,34,F,0
1258,1093,Kavya Naidu,67,F,0
1259,1094,Raghu Rao,43,M,0
1260,1095,Harish Gowda,11,M,0
1261,1096,Shivaraj Reddy,13,M,0
1262,1097,Deepa Achar,30,F,0
1263,1098,Girish Murthy,41,M,0
1264,1099,Vidya Rao,47,F,0
1265,1100,Nagaraj Kumar,62,M,0
1266,1101,Rekha Naik,64,F,0
1267,1101,Srinivas Patil,42,M,0
1268,1102,Shobha Naidu,20,F,0
1269,1103,Basavaraj Bhat,38,M,0
1270,1104,Deepa Bhat,66,F,0
1271,1105,Lakshmi Setty,29,F,0
1272,1106,Anita Reddy,53,F,0
1273,1107,Savitha Reddy,56,F,0
1274,1108,Raghu Setty,64,M,0
1275,1109,Roopa Setty,72,F,0
1276,1110,Pooja Bhat,27,F,0
1277,1111,Lakshmi Poojary,63,F,0
1278,1112,Vijay Iyer,62,M,0
1279,1113,Ravi Bhat,55,M,0
1280,1114,Srinivas Naidu,27,M,0
1281,1114,Manjunath Reddy,41,M,0
1282,1115,Suresh Hegde,54,M,0
1283,1116,Bhagya Iyer,55,F,0
1284,1116,Yogesh Bhat,16,M,0
1285,1117,Pooja Bhat,32,F,0
1286,1117,Mahesh Hegde,17,M,0
1287,1118,Priya Patil,65,F,0
1288,1119,Prakash Gowda,18,M,0
1289,1120,Naveen Gowda,71,M,0
1290,1121,Shwetha Achar,64,F,0
1291,1122,Shobha Bhat,71,F,0
1292,1123,Deepa Bhat,50,F,0
1293,1124,Lakshmi Setty,56,F,0
1294,1125,Manjunath Hegde,32,M,0
1295,1126,Savitha Poojary,65,F,0
1296,1127,Savitha Shetty,52,F,0
1297,1128,Pooja Setty,44,F,0
1298,1129,Savitha Hegde,47,F,0
1299,1130,Basavaraj Rao,52,M,0
1300,1131,Naveen Hegde,12,M,0
1301,1132,Lakshmi Rao,8,F,0
1302,1132,Ganesh Iyer,65,M,0
1303,1133,Lakshmi Shetty,58,F,0
1304,1134,Manjula Hegde,12,F,0
1305,1135,Manjunath Rao,50,M,0
1306,1135,Pooja Gowda,50,F,0
1307,1136,Geeta Hegde,45,F,0
1308,1137,Roopa Murthy,10,F,0
1309,1138,Geeta Hegde,26,F,0
1310,1139,Shobha Rao,59,F,0
1311,1140,Manjula Achar,26,F,0
1312,1140,Girish Naidu,18,M,0
1313,1141,Harish Rao,27,M,0
1314,1142,Nagaraj Reddy,50,M,0
1315,1143,Ramesh Murthy,54,M,0
1316,1144,Ramesh Achar,44,M,0
1317,1145,Radha Patil,48,F,0
1318,1146,Shwetha Shetty,39,F,0
1319,1147,Raghu Gowda,9,M,0
1320,1148,Rekha Hegde,72,F,0
1321,1149,Ganesh Poojary,40,M,0
1322,1150,Roopa Gowda,74,F,0
1323,1151,Manjula Setty,63,F,0
1324,1152,Shivaraj Bhat,71,M,0
1325,1153,Naveen Bhat,44,M,0
1326,1153,Kumar Reddy,67,M,0
1327,1154,Bhagya Naidu,30,F,0
1328,1155,Rekha Reddy,71,F,0
1329,1156,Ganesh Hegde,48,M,0
1330,1157,Rekha Bhat,25,F,0
1331,1158,Girish Reddy,22,M,0
1332,1159,Vijay Bhat,22,M,0
1333,1160,Suresh Achar,36,M,0
1334,1161,Srinivas Rao,75,M,0
1335,1162,Nandini Achar,46,F,0
1336,1163,Anil Iyer,23,M,0
1337,1164,Pooja Achar,53,F,0
1338,1165,Harish Shetty,39,M,0
1339,1165,Ramesh Gowda,25,M,0
1340,1166,Geeta Kumar,13,F,0
1341,1167,Priya Achar,25,F,0
1342,1168,Roopa Shetty,29,F,0
1343,1168,Manjunath Poojary,19,M,0
1344,1169,Vijay Poojary,14,M,0
1345,1170,Geeta Setty,21,F,0
1346,1171,Deepa Achar,65,F,0
1347,1172,Shwetha Naik,65,F,0
1348,1172,Anil Achar,20,M,0
1349,1173,Pooja Hegde,14,F,0
1350,1174,Nandini Shetty,21,F,0
1351,1175,Sunita Hegde,54,F,0
1352,1176,Sunita Shetty,75,F,0
1353,1177,Pooja Murthy,27,F,0
1354,1177,Ravi Patil,42,M,0
1355,1178,Yogesh Bhat,49,M,0
1356,1179,Nagaraj Gowda,28,M,0
1357,1180,Bhagya Kumar,21,F,0
1358,1181,Kumar Achar,57,M,0
1359,1182,Shivaraj Gowda,45,M,0
1360,1183,Raghu Iyer,14,M,0
1361,1184,Raghu Bhat,65,M,0
1362,1185,Girish Shetty,70,M,0
1363,1186,Priya Iyer,58,F,0
1364,1187,Harish Murthy,52,M,0
1365,1188,Deepa Naik,66,F,0
1366,1189,Chaya Murthy,8,F,0
1367,1190,Suresh Kumar,10,M,0
1368,1190,Srinivas Naik,14,M,0
1369,1191,Yogesh Shetty,70,M,0
1370,1192,Roopa Rao,42,F,0
1371,1193,Bhagya Kumar,27,F,0
1372,1193,Deepa Hegde,51,F,0
1373,1194,Mahesh Naik,63,M,0
1374,1194,Bhagya Poojary,59,F,0
1375,1195,Kumar Poojary,44,M,0
1376,1195,Girish Hegde,58,M,0
1377,1196,Priya Gowda,60,F,0
1378,1197,Lakshmi Hegde,69,F,0
1379,1197,Girish Naidu,36,M,0
1380,1198,Santosh Iyer,32,M,0
1381,1199,Vijay Patil,60,M,0
1382,1200,Geeta Iyer,53,F,0
1383,1201,Sowmya Naidu,9,F,0
1384,1202,Nagaraj Gowda,30,M,0
1385,1203,Sowmya Murthy,41,F,0
1386,1203,Geeta Reddy,5,F,0
1387,1204,Anil Gowda,45,M,0
1388,1205,Prakash Setty,14,M,0
1389,1206,Rekha Iyer,10,F,0
1390,1206,Radha Naidu,38,F,0
1391,1207,Lakshmi Poojary,16,F,0
1392,1208,Manjula Reddy,67,F,0
1393,1209,Radha Naidu,7,F,0
1394,1210,Kumar Gowda,72,M,0
1395,1211,Anil Poojary,21,M,0
1396,1212,Ramesh Naidu,11,M,0
1397,1213,Harish Hegde,55,M,0
1398,1214,Shobha Gowda,28,F,0
1399,1215,Raghu Poojary,26,M,0
1400,1215,Ramesh Hegde,44,M,0
1401,1216,Deepa Rao,24,F,0
1402,1217,Kumar Rao,22,M,0
1403,1218,Yogesh Naik,60,M,0
1404,1219,Bhagya Hegde,36,F,0
1405,1220,Rekha Bhat,5,F,0
1406,1221,Ganesh Naidu,33,M,0
1407,1222,Vijay Naik,24,M,0
1408,1223,Savitha Achar,59,F,0
1409,1224,Mahesh Kumar,56,M,0
1410,1225,Savitha Murthy,37,F,0
1411,1226,Nagaraj Naik,64,M,0
1412,1227,Vidya Naik,28,F,0
1413,1228,Sunita Gowda,22,F,0
1414,1229,Yogesh Kumar,48,M,0
1415,1230,Sowmya Hegde,60,F,0
1416,1231,Ganesh Murthy,67,M,0
1417,1232,Vijay Reddy,62,M,0
1418,1233,Kavya Naidu,75,F,0
1419,1234,Girish Reddy,55,M,0
1420,1234,Shobha Shetty,18,F,0
1421,1235,Vijay Setty,68,M,0
1422,1236,Geeta Gowda,48,F,0
1423,1237,Savitha Naik,32,F,0
1424,1238,Girish Naik,19,M,0
1425,1239,Rekha Poojary,28,F,0
1426,1240,Anil Setty,33,M,0
1427,1241,Radha Shetty,21,F,0
1428,1242,Srinivas Shetty,51,M,0
1429,1242,Santosh Naidu,19,M,0
1430,1243,Srinivas Poojary,48,M,0
1431,1244,Vidya Iyer,39,F,0
1432,1245,Chaya Iyer,27,F,0
1433,1246,Naveen Naik,53,M,0
1434,1247,Kumar Rao,34,M,0
1435,1247,Mahesh Rao,60,M,0
1436,1248,Ganesh Poojary,40,M,0
1437,1249,Basavaraj Patil,43,M,0
1438,1250,Rekha Patil,68,F,0
1439,1251,Geeta Kumar,74,F,0
1440,1251,Anil Setty,41,M,0
1441,1252,Suresh Murthy,53,M,0
1442,1253,Naveen Achar,32,M,0
1443,1254,Radha Poojary,70,F,0
1444,1255,Prakash Shetty,37,M,0
1445,1256,Naveen Setty,43,M,0
1446,1256,Manjula Murthy,17,F,0
1447,1257,Deepa Rao,18,F,0
1448,1258,Manjula Patil,49,F,0
1449,1259,Savitha Reddy,68,F,0
1450,1260,Rekha Achar,74,F,0
1451,1260,Ramesh Naidu,57,M,0
1452,1261,Naveen Reddy,8,M,0
1453,1262,Savitha Gowda,58,F,0
1454,1263,Mahesh Achar,60,M,0
1455,1264,Prakash Iyer,42,M,0
1456,1265,Mahesh Iyer,19,M,0
1457,1266,Sunita Naik,18,F,0
1458,1267,Vijay Shetty,12,M,0
1459,1268,Priya Rao,43,F,0
1460,1269,Savitha Hegde,21,F,0
1461,1270,Vijay Achar,61,M,0
1462,1271,Geeta Achar,31,F,0
1463,1272,Vijay Rao,6,M,0
1464,1273,Priya Hegde,61,F,0
1465,1274,Santosh Poojary,75,M,0
1466,1275,Prakash Patil,66,M,0
1467,1275,Ramesh Setty,58,M,0
1468,1276,Yogesh Reddy,20,M,0
1469,1277,Anil Gowda,10,M,0
1470,1277,Manjula Achar,56,F,0
1471,1278,Girish Setty,63,M,0
1472,1279,Ravi Murthy,43,M,0
1473,1279,Ravi Iyer,67,M,0
1474,1280,Sowmya Reddy,65,F,0
1475,1280,Manjula Bhat,58,F,0
1476,1281,Radha Reddy,26,F,0
1477,1282,Suresh Naik,41,M,0
1478,1283,Ravi Naidu,28,M,0
1479,1284,Mahesh Murthy,49,M,0
1480,1285,Manjula Poojary,39,F,0
1481,1286,Ramesh Murthy,67,M,0
1482,1287,Ganesh Poojary,52,M,0
1483,1288,Nagaraj Naidu,7,M,0
1484,1289,Vijay Achar,8,M,0
1485,1290,Basavaraj Naik,5,M,0
1486,1291,Priya Reddy,53,F,0
1487,1292,Shobha Achar,32,F,0
1488,1293,Rekha Reddy,25,F,0
1489,1294,Shobha Kumar,30,F,0
1490,1295,Manjunath Achar,23,M,0
1491,1296,Sunita Kumar,51,F,0
1492,1297,Shwetha Hegde,24,F,0
1493,1297,Ramesh Naidu,61,M,0
1494,1298,Basavaraj Naik,74,M,0
1495,1299,Sunita Naik,73,F,0
1496,1300,Shivaraj Naidu,13,M,0
1497,1301,Bhagya Iyer,19,F,0
1498,1302,Mahesh Reddy,70,M,0
1499,1303,Mahesh Shetty,58,M,0
1500,1304,Ganesh Bhat,46,M,0
1501,1305,Lakshmi Naik,5,F,0
1502,1306,Nandini Gowda,14,F,0
1503,1307,Geeta Shetty,18,F,0
1504,1308,Anita Poojary,65,F,0
1505,1309,Shobha Naik,52,F,0
1506,1310,Mahesh Naidu,64,M,0
1507,1311,Girish Shetty,62,M,0
1508,1311,Basavaraj Bhat,59,M,0
1509,1312,Bhagya Setty,5,F,0
1510,1313,Shobha Naik,40,F,0
1511,1313,Shobha Reddy,54,F,0
1512,1314,Manjunath Iyer,65,M,0
1513,1315,Lakshmi Naidu,32,F,0
1514,1316,Anil Rao,52,M,0
1515,1317,Yogesh Achar,21,M,0
1516,1318,Anil Rao,74,M,0
1517,1319,Chaya Patil,65,F,0
1518,1320,Manjula Patil,38,F,0
1519,1321,Pooja Naik,24,F,0
1520,1322,Shwetha Hegde,54,F,0
1521,1323,Savitha Gowda,75,F,0
1522,1323,Ravi Setty,51,M,0
1523,1324,Vijay Hegde,25,M,0
1524,1325,Chaya Murthy,70,F,0
1525,1326,Kumar Naik,35,M,0
1526,1327,Naveen Hegde,57,M,0
1527,1328,Vidya Poojary,10,F,0
1528,1329,Ganesh Hegde,71,M,0
1529,1330,Pooja Bhat,61,F,0
1530,1331,Harish Shetty,51,M,0
1531,1331,Santosh Reddy,11,M,0
1532,1332,Priya Iyer,49,F,0
1533,1332,Nagaraj Reddy,45,M,0
1534,1333,Raghu Setty,64,M,0
1535,1334,Roopa Naik,13,F,0
1536,1335,Roopa Poojary,43,F,0
1537,1335,Lakshmi Shetty,51,F,0
1538,1336,Ganesh Bhat,34,M,0
1539,1337,Geeta Achar,64,F,0
1540,1338,Raghu Gowda,9,M,0
1541,1338,Anil Naidu,18,M,0
1542,1339,Deepa Hegde,14,F,0
1543,1340,Priya Setty,34,F,0
1544,1341,Shivaraj Naidu,64,M,0
1545,1342,Santosh Gowda,62,M,0
1546,1343,Roopa Achar,43,F,0
1547,1343,Shivaraj Achar,36,M,0
1548,1344,Geeta Murthy,68,F,0
1549,1345,Naveen Kumar,13,M,0
1550,1346,Anil Murthy,21,M,0
1551,1347,Vidya Poojary,30,F,0
1552,1348,Anita Naidu,40,F,0
1553,1349,Chaya Murthy,26,F,0
1554,1350,Vijay Shetty,31,M,0
1555,1351,Ramesh Setty,16,M,0
1556,1351,Pooja Patil,68,F,0
1557,1352,Santosh Iyer,27,M,0
1558,1353,Vijay Kumar,53,M,0
1559,1354,Girish Murthy,25,M,0
1560,1355,Lakshmi Naik,49,F,0
1561,1356,Sowmya Rao,38,F,0
1562,1356,Savitha Patil,49,F,0
1563,1357,Geeta Poojary,48,F,0
1564,1358,Bhagya Naik,9,F,0
1565,1359,Kavya Murthy,57,F,0
1566,1359,Vidya Iyer,63,F,0
1567,1360,Raghu Achar,45,M,0
1568,1361,Deepa Iyer,8,F,0
1569,1362,Savitha Poojary,59,F,0
1570,1363,Lakshmi Hegde,30,F,0
1571,1364,Kumar Naik,40,M,0
1572,1365,Shobha Murthy,29,F,0
1573,1366,Sowmya Gowda,39,F,0
1574,1367,Geeta Reddy,70,F,0
1575,1368,Basavaraj Patil,60,M,0
1576,1369,Pooja Bhat,58,F,0
1577,1370,Srinivas Murthy,74,M,0
1578,1371,Rekha Naik,65,F,0
1579,1371,Mahesh Naik,34,M,0
1580,1372,Harish Naik,61,M,0
1581,1373,Mahesh Gowda,11,M,0
1582,1374,Roopa Shetty,24,F,0
1583,1375,Srinivas Iyer,53,M,0
1584,1376,Srinivas Achar,58,M,0
1585,1377,Sunita Rao,67,F,0
1586,1378,Suresh Kumar,64,M,0
1587,1379,Lakshmi Bhat,60,F,0
1588,1380,Srinivas Bhat,58,M,0
1589,1381,Sowmya Bhat,63,F,0
1590,1381,Yogesh Iyer,65,M,0
1591,1382,Prakash Setty,15,M,0
1592,1383,Vidya Hegde,22,F,0
1593,1384,Mahesh Reddy,28,M,0
1594,1385,Vijay Murthy,55,M,0
1595,1386,Harish Naidu,68,M,0
1596,1387,Harish Murthy,62,M,0
1597,1388,Radha Naidu,57,F,0
1598,1389,Sunita Poojary,68,F,0
1599,1390,Santosh Hegde,37,M,0
1600,1391,Pooja Kumar,48,F,0
1601,1392,Basavaraj Poojary,28,M,0
1602,1392,Priya Rao,46,F,0
1603,1393,Chaya Setty,34,F,0
1604,1394,Bhagya Setty,23,F,0
1605,1395,Shobha Kumar,43,F,0
1606,1396,Ganesh Rao,49,M,0
1607,1397,Suresh Setty,19,M,0
1608,1398,Kumar Iyer,63,M,0
1609,1399,Ravi Kumar,15,M,0
1610,1400,Nagaraj Shetty,21,M,0
1611,1400,Ramesh Achar,35,M,0
1612,1401,Deepa Patil,73,F,0
1613,1402,Anil Naik,12,M,0
1614,1403,Girish Setty,66,M,0
1615,1404,Nandini Rao,31,F,0
1616,1405,Shwetha Poojary,52,F,0
1617,1406,Nandini Naik,13,F,0
1618,1407,Prakash Shetty,60,M,0
1619,1408,Shivaraj Iyer,5,M,0
1620,1409,Harish Murthy,42,M,0
1621,1410,Geeta Shetty,21,F,0
1622,1411,Geeta Shetty,36,F,0
1623,1412,Ravi Iyer,70,M,0
1624,1413,Geeta Reddy,34,F,0
1625,1414,Chaya Kumar,6,F,0
1626,1415,Santosh Naik,9,M,0
1627,1416,Naveen Kumar,6,M,0
1628,1417,Ramesh Shetty,23,M,0
1629,1418,Anil Murthy,36,M,0
1630,1419,Bhagya Iyer,67,F,0
1631,1420,Vidya Patil,51,F,0
1632,1421,Priya Gowda,57,F,0
1633,1422,Nagaraj Hegde,5,M,0
1634,1422,Priya Achar,23,F,0
1635,1423,Ravi Naik,64,M,0
1636,1423,Kavya Achar,35,F,0
1637,1424,Harish Bhat,36,M,0
1638,1425,Roopa Kumar,30,F,0
1639,1425,Naveen Kumar,37,M,0
1640,1426,Anil Iyer,59,M,0
1641,1427,Shwetha Bhat,69,F,0
1642,1428,Geeta Setty,40,F,0
1643,1428,Basavaraj Bhat,65,M,0
1644,1429,Manjula Hegde,8,F,0
1645,1429,Roopa Patil,33,F,0
1646,1430,Mahesh Rao,28,M,0
1647,1431,Nandini Setty,42,F,0
1648,1431,Deepa Shetty,49,F,0
1649,1432,Vidya Setty,38,F,0
1650,1433,Roopa Rao,50,F,0
1651,1434,Chaya Poojary,56,F,0
1652,1435,Ramesh Patil,31,M,0
1653,1436,Radha Setty,55,F,0
1654,1437,Rekha Naidu,39,F,0
1655,1438,Raghu Patil,72,M,0
1656,1438,Pooja Patil,48,F,0
1657,1439,Basavaraj Shetty,74,M,0
1658,1440,Shobha Gowda,57,F,0
1659,1441,Chaya Patil,56,F,0
1660,1442,Manjunath Shetty,15,M,0
1661,1443,Savitha Achar,55,F,0
1662,1444,Nagaraj Shetty,11,M,0
1663,1445,Anita Achar,17,F,0
1664,1446,Manjula Murthy,67,F,0
1665,1447,Srinivas Bhat,68,M,0
1666,1448,Priya Poojary,27,F,0
1667,1449,Basavaraj Reddy,37,M,0
1668,1450,Sowmya Iyer,16,F,0
1669,1451,Nandini Reddy,6,F,0
1670,1452,Manjunath Naidu,69,M,0
1671,1452,Anil Naidu,53,M,0
1672,1453,Nandini Rao,22,F,0
1673,1453,Santosh Gowda,70,M,0
1674,1454,Shivaraj Bhat,52,M,0
1675,1455,Mahesh Naik,74,M,0
1676,1456,Sowmya Gowda,11,F,0
1677,1457,Vidya Hegde,32,F,0
1678,1457,Lakshmi Reddy,60,F,0
1679,1458,Manjula Shetty,59,F,0
1680,1459,Sunita Patil,10,F,0
1681,1460,Vidya Achar,60,F,0
1682,1461,Lakshmi Poojary,13,F,0
1683,1462,Kumar Patil,32,M,0
1684,1463,Kumar Achar,37,M,0
1685,1464,Ganesh Kumar,9,M,0
1686,1465,Ramesh Setty,64,M,0
1687,1466,Savitha Reddy,10,F,0
1688,1467,Nandini Naidu,10,F,0
1689,1468,Mahesh Patil,21,M,0
1690,1469,Bhagya Naik,49,F,0
1691,1470,Manjunath Murthy,73,M,0
1692,1470,Kavya Naik,34,F,0
1693,1471,Shivaraj Iyer,30,M,0
1694,1472,Yogesh Naik,51,M,0
1695,1473,Kavya Iyer,28,F,0
1696,1474,Pooja Hegde,74,F,0
1697,1475,Shobha Naik,39,F,0
1698,1476,Nagaraj Bhat,74,M,0
1699,1477,Raghu Patil,7,M,0
1700,1477,Shivaraj Hegde,12,M,0
1701,1478,Ravi Poojary,9,M,0
1702,1479,Priya Reddy,32,F,0
1703,1479,Santosh Murthy,20,M,0
1704,1480,Savitha Hegde,69,F,0
1705,1481,Basavaraj Naik,20,M,0
1706,1482,Savitha Hegde,54,F,0
1707,1482,Vijay Iyer,24,M,0
1708,1483,Nagaraj Rao,23,M,0
1709,1484,Chaya Shetty,73,F,0
1710,1485,Chaya Reddy,41,F,0
1711,1486,Prakash Naidu,75,M,0
1712,1487,Prakash Rao,5,M,0
1713,1487,Prakash Achar,5,M,0
1714,1488,Vijay Reddy,59,M,0
1715,1489,Vidya Setty,41,F,0
1716,1489,Rekha Hegde,46,F,0
1717,1490,Girish Bhat,58,M,0
1718,1491,Manjula Rao,10,F,0
1719,1491,Santosh Reddy,69,M,0
1720,1492,Vidya Kumar,72,F,0
1721,1493,Rekha Setty,31,F,0
1722,1494,Roopa Bhat,54,F,0
1723,1495,Prakash Poojary,20,M,0
1724,1496,Sowmya Achar,15,F,0
1725,1497,Roopa Naidu,47,F,0
1726,1498,Bhagya Patil,37,F,0
1727,1499,Deepa Shetty,46,F,0
1728,1500,Ganesh Shetty,50,M,0
1729,1501,Lakshmi Achar,74,F,0
1730,1501,Shivaraj Setty,62,M,0
1731,1502,Suresh Murthy,53,M,0
1732,1502,Basavaraj Murthy,43,M,0
1733,1503,Shobha Iyer,30,F,0
1734,1504,Sowmya Naik,55,F,0
1735,1505,Lakshmi Achar,64,F,0
1736,1506,Prakash Hegde,39,M,0
1737,1507,Ramesh Poojary,68,M,0
1738,1508,Pooja Poojary,55,F,0
1739,1509,Prakash Rao,33,M,0
1740,1510,Naveen Poojary,45,M,0
1741,1511,Prakash Patil,58,M,0
1742,1512,Priya Shetty,20,F,0
1743,1513,Shivaraj Rao,15,M,0
1744,1514,Bhagya Poojary,11,F,0
1745,1515,Ramesh Setty,59,M,0
1746,1516,Anita Bhat,49,F,0
1747,1517,Kavya Naik,66,F,0
1748,1518,Yogesh Poojary,33,M,0
1749,1518,Chaya Murthy,57,F,0
1750,1519,Kumar Setty,16,M,0
1751,1519,Ramesh Naik,50,M,0
1752,1520,Kavya Iyer,75,F,0
1753,1521,Lakshmi Rao,71,F,0
1754,1522,Kumar Bhat,71,M,0
1755,1523,Savitha Kumar,56,F,0
1756,1524,Savitha Iyer,13,F,0
1757,1525,Ravi Murthy,41,M,0
1758,1526,Raghu Achar,69,M,0
1759,1527,Deepa Kumar,69,F,0
1760,1527,Nandini Reddy,15,F,0
1761,1528,Sowmya Reddy,69,F,0
1762,1529,Deepa Hegde,31,F,0
1763,1530,Ravi Rao,30,M,0
1764,1531,Suresh Patil,12,M,0
1765,1531,Nandini Rao,16,F,0
1766,1532,Savitha Bhat,39,F,0
1767,1533,Manjunath Murthy,59,M,0
1768,1533,Kavya Poojary,49,F,0
1769,1534,Shivaraj Kumar,31,M,0
1770,1535,Vijay Patil,43,M,0
1771,1535,Prakash Poojary,71,M,0
1772,1536,Suresh Reddy,71,M,0
1773,1536,Naveen Murthy,57,M,0
1774,1537,Vijay Achar,43,M,0
1775,1538,Kumar Poojary,60,M,0
1776,1538,Nagaraj Rao,36,M,0
1777,1539,Shwetha Patil,19,F,0
1778,1540,Basavaraj Kumar,30,M,0
1779,1540,Ravi Achar,13,M,0
1780,1541,Girish Hegde,66,M,0
1781,1542,Chaya Shetty,12,F,0
1782,1542,Anil Gowda,75,M,0
1783,1543,Shwetha Bhat,5,F,0
1784,1544,Manjula Setty,7,F,0
1785,1544,Savitha Naidu,41,F,0
1786,1545,Kumar Shetty,31,M,0
1787,1546,Sunita Reddy,20,F,0
1788,1547,Shobha Patil,9,F,0
1789,1548,Roopa Reddy,61,F,0
1790,1549,Geeta Patil,56,F,0
1791,1549,Srinivas Poojary,57,M,0
1792,1550,Deepa Poojary,67,F,0
1793,1551,Kavya Naidu,53,F,0
1794,1552,Srinivas Poojary,66,M,0
1795,1553,Shwetha Bhat,32,F,0
1796,1554,Sunita Poojary,30,F,0
1797,1554,Suresh Murthy,36,M,0
1798,1555,Chaya Murthy,48,F,0
1799,1556,Chaya Gowda,42,F,0
1800,1556,Yogesh Reddy,12,M,0
1801,1557,Girish Achar,60,M,0
1802,1558,Chaya Murthy,31,F,0
1803,1559,Priya Achar,8,F,0
1804,1560,Bhagya Shetty,56,F,0
1805,1561,Savitha Iyer,17,F,0
1806,1562,Manjunath Naidu,47,M,0
1807,1562,Deepa Hegde,39,F,0
1808,1563,Anita Naidu,47,F,0
1809,1564,Kumar Rao,29,M,0
1810,1565,Anita Bhat,36,F,0
1811,1566,Bhagya Shetty,16,F,0
1812,1567,Mahesh Naidu,20,M,0
1813,1567,Bhagya Poojary,48,F,0
1814,1568,Girish Naidu,23,M,0
1815,1569,Anita Rao,27,F,0
1816,1570,Manjula Shetty,24,F,0
1817,1571,Kavya Bhat,53,F,0
1818,1572,Sowmya Naik,17,F,0
1819,1573,Vijay Hegde,13,M,0
1820,1574,Manjula Kumar,74,F,0
1821,1575,Yogesh Shetty,24,M,0
1822,1576,Kumar Reddy,39,M,0
1823,1577,Suresh Achar,23,M,0
1824,1578,Raghu Murthy,72,M,0
1825,1579,Shivaraj Naidu,52,M,0
1826,1580,Shwetha Poojary,75,F,0
1827,1581,Prakash Reddy,21,M,0
1828,1582,Rekha Shetty,13,F,0
1829,1583,Nandini Reddy,22,F,0
1830,1584,Shwetha Bhat,70,F,0
1831,1585,Basavaraj Gowda,27,M,0
1832,1586,Harish Rao,75,M,0
1833,1587,Deepa Bhat,51,F,0
1834,1588,Roopa Setty,42,F,0
1835,1588,Chaya Gowda,19,F,0
1836,1589,Basavaraj Achar,71,M,0
1837,1590,Santosh Reddy,23,M,0
1838,1591,Rekha Achar,27,F,0
1839,1592,Santosh Poojary,61,M,0
1840,1593,Nandini Reddy,42,F,0
1841,1594,Priya Rao,31,F,0
1842,1595,Manjula Gowda,31,F,0
1843,1596,Roopa Iyer,18,F,0
1844,1597,Vidya Rao,17,F,0
1845,1598,Manjula Naidu,24,F,0
1846,1599,Kumar Poojary,62,M,0
1847,1600,Priya Poojary,74,F,0
1848,1600,Anita Naik,33,F,0
1849,1601,Manjula Poojary,72,F,0
1850,1602,Vijay Murthy,75,M,0
1851,1603,Prakash Setty,47,M,0
1852,1604,Priya Rao,41,F,0
1853,1605,Prakash Bhat,27,M,0
1854,1606,Geeta Kumar,38,F,0
1855,1607,Shivaraj Poojary,29,M,0
1856,1607,Savitha Shetty,27,F,0
1857,1608,Naveen Naik,46,M,0
1858,1609,Priya Setty,31,F,0
1859,1610,Manjula Setty,8,F,0
1860,1611,Anil Reddy,47,M,0
1861,1612,Prakash Iyer,48,M,0
1862,1613,Priya Reddy,63,F,0
1863,1614,Naveen Achar,23,M,0
1864,1614,Bhagya Shetty,39,F,0
1865,1615,Savitha Bhat,33,F,0
1866,1616,Kumar Gowda,17,M,0
1867,1617,Chaya Setty,40,F,0
1868,1617,Deepa Setty,45,F,0
1869,1618,Anita Naik,56,F,0
1870,1618,Santosh Gowda,47,M,0
1871,1619,Roopa Achar,52,F,0
1872,1620,Harish Murthy,62,M,0
1873,1620,Kavya Rao,65,F,0
1874,1621,Manjula Naidu,59,F,0
1875,1622,Kavya Poojary,25,F,0
1876,1623,Chaya Reddy,29,F,0
1877,1623,Naveen Shetty,18,M,0
1878,1624,Radha Setty,62,F,0
1879,1625,Raghu Bhat,17,M,0
1880,1626,Deepa Naik,32,F,0
1881,1627,Srinivas Reddy,64,M,0
1882,1628,Kumar Hegde,43,M,0
1883,1629,Rekha Achar,55,F,0
1884,1630,Bhagya Rao,21,F,0
1885,1631,Santosh Reddy,35,M,0
1886,1632,Priya Patil,58,F,0
1887,1633,Rekha Reddy,69,F,0
1888,1634,Shivaraj Achar,42,M,0
1889,1635,Girish Rao,30,M,0
1890,1636,Manjunath Patil,7,M,0
1891,1637,Ganesh Hegde,36,M,0
1892,1638,Rekha Naik,73,F,0
1893,1638,Pooja Naik,33,F,0
1894,1639,Deepa Shetty,69,F,0
1895,1639,Santosh Poojary,14,M,0
1896,1640,Naveen Setty,32,M,0
1897,1641,Naveen Gowda,44,M,0
1898,1642,Anil Patil,5,M,0
1899,1643,Sunita Hegde,5,F,0
1900,1644,Srinivas Rao,75,M,0
1901,1645,Savitha Naik,71,F,0
1902,1646,Vidya Shetty,36,F,0
1903,1647,Raghu Patil,48,M,0
1904,1648,Kavya Shetty,40,F,0
1905,1649,Radha Gowda,48,F,0
1906,1650,Anil Achar,23,M,0
1907,1651,Vidya Achar,37,F,0
1908,1652,Ganesh Bhat,32,M,0
1909,1653,Manjunath Setty,12,M,0
1910,1653,Geeta Naidu,74,F,0
1911,1654,Vijay Patil,10,M,0
1912,1654,Rekha Setty,39,F,0
1913,1655,Rekha Iyer,7,F,0
1914,1656,Nagaraj Kumar,19,M,0
1915,1657,Vidya Shetty,13,F,0
1916,1658,Naveen Setty,25,M,0
1917,1659,Naveen Patil,62,M,0
1918,1660,Anita Kumar,45,F,0
1919,1660,Nandini Naidu,56,F,0
1920,1661,Nandini Kumar,21,F,0
1921,1661,Sunita Patil,61,F,0
1922,1662,Kavya Reddy,50,F,0
1923,1662,Girish Setty,37,M,0
1924,1663,Mahesh Hegde,71,M,0
1925,1664,Raghu Poojary,12,M,0
1926,1664,Raghu Achar,48,M,0
1927,1665,Rekha Bhat,7,F,0
1928,1666,Prakash Reddy,55,M,0
1929,1667,Harish Hegde,38,M,0
1930,1667,Kumar Shetty,43,M,0
1931,1668,Bhagya Gowda,14,F,0
1932,1669,Pooja Shetty,34,F,0
1933,1670,Geeta Naik,6,F,0
1934,1671,Kavya Rao,73,F,0
1935,1672,Shwetha Patil,18,F,0
1936,1673,Ramesh Shetty,41,M,0
1937,1674,Nandini Rao,21,F,0
1938,1675,Geeta Rao,69,F,0
1939,1676,Prakash Setty,68,M,0
1940,1677,Yogesh Reddy,54,M,0
1941,1678,Harish Poojary,11,M,0
1942,1679,Pooja Bhat,32,F,0
1943,1680,Basavaraj Gowda,42,M,0
1944,1681,Santosh Murthy,30,M,0
1945,1682,Anita Reddy,40,F,0
1946,1682,Shobha Achar,36,F,0
1947,1683,Manjula Gowda,58,F,0
1948,1683,Sowmya Poojary,64,F,0
1949,1684,Shobha Murthy,59,F,0
1950,1685,Kumar Iyer,17,M,0
1951,1685,Manjunath Naik,51,M,0
1952,1686,Shwetha Shetty,60,F,0
1953,1687,Priya Poojary,10,F,0
1954,1688,Radha Achar,59,F,0
1955,1689,Sunita Shetty,59,F,0
1956,1690,Shobha Rao,21,F,0
1957,1691,Deepa Murthy,9,F,0
1958,1692,Savitha Iyer,13,F,0
1959,1693,Shobha Iyer,48,F,0
1960,1694,Yogesh Setty,73,M,0
1961,1695,Srinivas Achar,71,M,0
1962,1696,Bhagya Murthy,67,F,0
1963,1697,Ramesh Iyer,60,M,0
1964,1698,Chaya Iyer,55,F,0
1965,1698,Ganesh Poojary,13,M,0
1966,1699,Girish Poojary,62,M,0
1967,1700,Kumar Gowda,27,M,0
1968,1701,Bhagya Reddy,53,F,0
1969,1702,Kavya Murthy,49,F,0
1970,1703,Ravi Patil,28,M,0
1971,1704,Harish Setty,39,M,0
1972,1705,Ramesh Rao,54,M,0
1973,1706,Yogesh Poojary,24,M,0
1974,1707,Ravi Murthy,64,M,0
1975,1708,Anita Achar,8,F,0
1976,1709,Harish Naidu,11,M,0
1977,1710,Shwetha Bhat,14,F,0
1978,1711,Roopa Shetty,75,F,0
1979,1711,Mahesh Bhat,23,M,0
1980,1712,Yogesh Reddy,17,M,0
1981,1713,Bhagya Poojary,8,F,0
1982,1714,Ramesh Bhat,72,M,0
1983,1715,Ramesh Rao,34,M,0
1984,1716,Raghu Setty,17,M,0
1985,1717,Priya Rao,56,F,0
1986,1717,Pooja Patil,24,F,0
1987,1718,Ganesh Hegde,34,M,0
1988,1719,Mahesh Shetty,29,M,0
1989,1720,Ganesh Rao,47,M,0
1990,1721,Manjunath Naik,65,M,0
1991,1722,Mahesh Achar,38,M,0
1992,1723,Pooja Reddy,64,F,0
1993,1724,Ganesh Shetty,39,M,0
1994,1724,Naveen Hegde,53,M,0
1995,1725,Geeta Kumar,15,F,0
1996,1725,Sowmya Setty,22,F,0
1997,1726,Raghu Achar,37,M,0
1998,1727,Savitha Murthy,65,F,0
1999,1728,Shobha Setty,57,F,0
2000,1729,Shobha Bhat,27,F,0
2001,1730,Kavya Naidu,39,F,0
2002,1731,Rekha Rao,9,F,0
2003,1732,Naveen Achar,16,M,0
2004,1733,Ravi Murthy,12,M,0
2005,1734,Prakash Gowda,22,M,0
2006,1735,Suresh Gowda,19,M,0
2007,1736,Yogesh Naidu,49,M,0
2008,1737,Sunita Patil,64,F,0
2009,1738,Anita Naidu,23,F,0
2010,1739,Chaya Poojary,40,F,0
2011,1740,Shwetha Shetty,18,F,0
2012,1741,Lakshmi Hegde,72,F,0
2013,1741,Pooja Murthy,27,F,0
2014,1742,Girish Rao,12,M,0
2015,1743,Yogesh Shetty,26,M,0
2016,1743,Nandini Hegde,16,F,0
2017,1744,Yogesh Murthy,63,M,0
2018,1744,Rekha Rao,38,F,0
2019,1745,Yogesh Gowda,39,M,0
2020,1746,Anil Naidu,9,M,0
2021,1746,Raghu Bhat,56,M,0
2022,1747,Lakshmi Iyer,8,F,0
2023,1748,Deepa Bhat,62,F,0
2024,1749,Santosh Setty,11,M,0
2025,1749,Harish Murthy,64,M,0
2026,1750,Radha Kumar,51,F,0
2027,1751,Nagaraj Rao,39,M,0
2028,1752,Geeta Hegde,37,F,0
2029,1753,Ravi Setty,16,M,0
2030,1754,Shwetha Patil,28,F,0
2031,1755,Kavya Poojary,28,F,0
2032,1756,Anil Reddy,55,M,0
2033,1757,Shivaraj Gowda,48,M,0
2034,1758,Kavya Kumar,5,F,0
2035,1759,Basavaraj Shetty,52,M,0
2036,1760,Shobha Naidu,75,F,0
2037,1761,Nagaraj Patil,42,M,0
2038,1762,Savitha Reddy,69,F,0
2039,1763,Ramesh Naik,12,M,0
2040,1764,Chaya Naik,68,F,0
2041,1765,Girish Rao,24,M,0
2042,1765,Mahesh Bhat,71,M,0
2043,1766,Girish Naik,22,M,0
2044,1767,Santosh Naik,67,M,0
2045,1768,Priya Iyer,19,F,0
2046,1769,Deepa Gowda,14,F,0
2047,1770,Shwetha Iyer,69,F,0
2048,1771,Sowmya Murthy,38,F,0
2049,1771,Savitha Iyer,62,F,0
2050,1772,Bhagya Bhat,65,F,0
2051,1773,Anil Iyer,63,M,0
2052,1774,Priya Achar,10,F,0
2053,1775,Geeta Shetty,13,F,0
2054,1776,Bhagya Shetty,50,F,0
2055,1777,Bhagya Rao,42,F,0
2056,1778,Sowmya Reddy,17,F,0
2057,1779,Santosh Patil,30,M,0
2058,1780,Anita Iyer,29,F,0
2059,1780,Kumar Shetty,10,M,0
2060,1781,Shwetha Rao,13,F,0
2061,1782,Shobha Kumar,42,F,0
2062,1783,Rekha Shetty,22,F,0
2063,1784,Vijay Iyer,48,M,0
2064,1785,Geeta Gowda,69,F,0
2065,1786,Ramesh Kumar,26,M,0
2066,1787,Prakash Reddy,64,M,0
2067,1788,Ravi Poojary,69,M,0
2068,1789,Santosh Iyer,73,M,0
2069,1790,Srinivas Reddy,36,M,0
2070,1790,Manjunath Iyer,17,M,0
2071,1791,Santosh Setty,40,M,0
2072,1792,Suresh Naidu,68,M,0
2073,1793,Shivaraj Reddy,64,M,0
2074,1794,Bhagya Achar,61,F,0
2075,1795,Kavya Hegde,75,F,0
2076,1796,Geeta Kumar,21,F,0
2077,1797,Nagaraj Setty,14,M,0
2078,1798,Ganesh Naik,45,M,0
2079,1799,Yogesh Rao,60,M,0
2080,1800,Shwetha Reddy,38,F,0
2081,1801,Deepa Naik,53,F,0
2082,1802,Nagaraj Patil,75,M,0
2083,1803,Radha Reddy,24,F,0
2084,1804,Vijay Iyer,32,M,0
2085,1804,Pooja Patil,64,F,0
2086,1805,Shwetha Setty,51,F,0
2087,1806,Bhagya Murthy,45,F,0
2088,1807,Nandini Achar,53,F,0
2089,1808,Harish Setty,18,M,0
2090,1808,Deepa Shetty,74,F,0
2091,1809,Radha Reddy,73,F,0
2092,1810,Anil Achar,72,M,0
2093,1811,Chaya Setty,25,F,0
2094,1812,Bhagya Setty,68,F,0
2095,1813,Radha Iyer,71,F,0
2096,1814,Sunita Achar,73,F,0
2097,1815,Kumar Patil,25,M,0
2098,1816,Roopa Poojary,55,F,0
2099,1817,Sunita Kumar,75,F,0
2100,1818,Deepa Reddy,10,F,0
2101,1819,Santosh Hegde,6,M,0
2102,1820,Ramesh Naik,66,M,0
2103,1820,Savitha Setty,22,F,0
2104,1821,Pooja Naidu,26,F,0
2105,1822,Chaya Gowda,22,F,0
2106,1823,Savitha Murthy,22,F,0
2107,1824,Bhagya Hegde,67,F,0
2108,1825,Geeta Reddy,54,F,0
2109,1825,Vidya Hegde,72,F,0
2110,1826,Raghu Hegde,68,M,0
2111,1826,Girish Kumar,66,M,0
2112,1827,Sunita Bhat,52,F,0
2113,1827,Kumar Shetty,56,M,0
2114,1828,Deepa Naik,27,F,0
2115,1828,Shobha Achar,20,F,0
2116,1829,Sowmya Naik,65,F,0
2117,1830,Anita Hegde,67,F,0
2118,1831,Harish Setty,15,M,0
2119,1832,Nandini Hegde,71,F,0
2120,1833,Naveen Achar,66,M,0
2121,1834,Rekha Murthy,43,F,0
2122,1834,Nagaraj Poojary,64,M,0
2123,1835,Sowmya Shetty,64,F,0
2124,1836,Lakshmi Iyer,46,F,0
2125,1837,Savitha Murthy,17,F,0
2126,1838,Geeta Gowda,66,F,0
2127,1839,Anil Bhat,71,M,0
2128,1840,Pooja Hegde,61,F,0
2129,1841,Manjula Iyer,55,F,0
2130,1842,Ravi Iyer,24,M,0
2131,1842,Kavya Iyer,73,F,0
2132,1843,Ramesh Kumar,62,M,0
2133,1843,Nandini Shetty,55,F,0
2134,1844,Shwetha Bhat,65,F,0
2135,1844,Anita Poojary,19,F,0
2136,1845,Lakshmi Naidu,23,F,0
2137,1846,Ganesh Hegde,5,M,0
2138,1847,Yogesh Rao,35,M,0
2139,1847,Ramesh Patil,57,M,0
2140,1848,Mahesh Poojary,43,M,0
2141,1849,Priya Reddy,64,F,0
2142,1850,Anil Rao,21,M,0
2143,1851,Ganesh Murthy,22,M,0
2144,1851,Vijay Hegde,73,M,0
2145,1852,Shobha Shetty,22,F,0
2146,1852,Raghu Setty,26,M,0
2147,1853,Mahesh Gowda,13,M,0
2148,1854,Anil Hegde,36,M,0
2149,1855,Anita Kumar,44,F,0
2150,1856,Anil Shetty,38,M,0
2151,1857,Sunita Bhat,62,F,0
2152,1857,Sowmya Naidu,5,F,0
2153,1858,Pooja Hegde,35,F,0
2154,1859,Sowmya Murthy,14,F,0
2155,1860,Vijay Shetty,8,M,0
2156,1861,Pooja Iyer,64,F,0
2157,1862,Srinivas Hegde,29,M,0
2158,1863,Srinivas Iyer,18,M,0
2159,1864,Srinivas Kumar,35,M,0
2160,1865,Mahesh Murthy,13,M,0
2161,1866,Vijay Murthy,33,M,0
2162,1867,Shivaraj Gowda,70,M,0
2163,1867,Raghu Gowda,74,M,0
2164,1868,Mahesh Hegde,68,M,0
2165,1869,Naveen Kumar,27,M,0
2166,1869,Vijay Shetty,17,M,0
2167,1870,Nandini Reddy,20,F,0
2168,1871,Priya Rao,15,F,0
2169,1872,Deepa Reddy,67,F,0
2170,1873,Priya Iyer,37,F,0
2171,1873,Priya Setty,53,F,0
2172,1874,Shivaraj Murthy,10,M,0
2173,1875,Geeta Poojary,31,F,0
2174,1876,Bhagya Rao,48,F,0
2175,1877,Anil Hegde,32,M,0
2176,1877,Shwetha Naik,27,F,0
2177,1878,Deepa Gowda,9,F,0
2178,1879,Yogesh Rao,70,M,0
2179,1879,Girish Rao,11,M,0
2180,1880,Roopa Gowda,53,F,0
2181,1881,Srinivas Bhat,39,M,0
2182,1882,Basavaraj Gowda,23,M,0
2183,1882,Srinivas Achar,41,M,0
2184,1883,Shwetha Gowda,8,F,0
2185,1883,Vijay Bhat,37,M,0
2186,1884,Deepa Poojary,28,F,0
2187,1885,Deepa Iyer,56,F,0
2188,1886,Mahesh Naidu,66,M,0
2189,1886,Manjunath Hegde,61,M,0
2190,1887,Savitha Reddy,29,F,0
2191,1888,Ramesh Naidu,63,M,0
2192,1889,Chaya Murthy,30,F,0
2193,1890,Rekha Hegde,28,F,0
2194,1891,Naveen Patil,8,M,0
2195,1892,Naveen Setty,26,M,0
2196,1893,Pooja Kumar,19,F,0
2197,1894,Ramesh Poojary,39,M,0
2198,1895,Ganesh Bhat,68,M,0
2199,1896,Anita Achar,70,F,0
2200,1897,Harish Rao,17,M,0
2201,1898,Deepa Patil,44,F,0
2202,1899,Shobha Bhat,6,F,0
2203,1900,Girish Iyer,65,M,0
2204,1901,Basavaraj Rao,35,M,0
2205,1902,Kavya Naik,29,F,0
2206,1903,Deepa Patil,33,F,0
2207,1904,Ramesh Naik,30,M,0
2208,1905,Yogesh Naidu,41,M,0
2209,1906,Kumar Naidu,10,M,0
2210,1906,Shivaraj Bhat,8,M,0
2211,1907,Savitha Bhat,41,F,0
2212,1907,Harish Rao,14,M,0
2213,1908,Kavya Hegde,30,F,0
2214,1909,Bhagya Murthy,25,F,0
2215,1910,Radha Setty,66,F,0
2216,1911,Shwetha Patil,23,F,0
2217,1912,Basavaraj Iyer,23,M,0
2218,1913,Rekha Naik,13,F,0
2219,1914,Kavya Bhat,33,F,0
2220,1915,Radha Naidu,53,F,0
2221,1916,Sunita Setty,12,F,0
2222,1916,Bhagya Iyer,34,F,0
2223,1917,Anita Naidu,54,F,0
2224,1918,Bhagya Naik,51,F,0
2225,1919,Kavya Poojary,49,F,0
2226,1920,Naveen Poojary,42,M,0
2227,1921,Shivaraj Reddy,22,M,0
2228,1922,Prakash Setty,45,M,0
2229,1922,Anita Shetty,67,F,0
2230,1923,Sowmya Naik,55,F,0
2231,1924,Manjunath Achar,45,M,0
2232,1925,Rekha Rao,13,F,0
2233,1926,Vidya Rao,63,F,0
2234,1927,Savitha Hegde,65,F,0
2235,1927,Geeta Rao,16,F,0
2236,1928,Deepa Bhat,25,F,0
2237,1929,Deepa Bhat,25,F,0
2238,1930,Yogesh Setty,46,M,0
2239,1931,Mahesh Setty,50,M,0
2240,1932,Kavya Achar,31,F,0
2241,1933,Sowmya Iyer,60,F,0
2242,1934,Anita Reddy,30,F,0
2243,1935,Shivaraj Poojary,20,M,0
2244,1936,Radha Poojary,13,F,0
2245,1937,Santosh Hegde,57,M,0
2246,1937,Nandini Naidu,33,F,0
2247,1938,Priya Reddy,46,F,0
2248,1939,Yogesh Poojary,15,M,0
2249,1940,Nandini Gowda,59,F,0
2250,1941,Suresh Poojary,18,M,0
2251,1942,Kumar Achar,75,M,0
2252,1943,Vijay Shetty,13,M,0
2253,1944,Sunita Achar,51,F,0
2254,1945,Raghu Bhat,38,M,0
2255,1945,Naveen Iyer,30,M,0
2256,1946,Raghu Gowda,51,M,0
2257,1946,Manjula Naidu,40,F,0
2258,1947,Suresh Poojary,9,M,0
2259,1948,Harish Murthy,36,M,0
2260,1949,Pooja Kumar,63,F,0
2261,1950,Basavaraj Hegde,41,M,0
2262,1950,Basavaraj Rao,51,M,0
2263,1951,Deepa Naik,52,F,0
2264,1952,Anita Achar,39,F,0
2265,1953,Priya Gowda,49,F,0
2266,1954,Shwetha Iyer,69,F,0
2267,1955,Harish Gowda,64,M,0
2268,1956,Ravi Setty,65,M,0
2269,1957,Manjula Patil,8,F,0
2270,1957,Nandini Poojary,30,F,0
2271,1958,Anil Rao,59,M,0
2272,1959,Anita Shetty,41,F,0
2273,1960,Nandini Rao,37,F,0
2274,1961,Bhagya Achar,9,F,0
2275,1962,Yogesh Rao,31,M,0
2276,1962,Ravi Achar,55,M,0
2277,1963,Nandini Bhat,26,F,0
2278,1964,Yogesh Rao,52,M,0
2279,1965,Sunita Murthy,12,F,0
2280,1966,Kumar Rao,14,M,0
2281,1967,Harish Setty,75,M,0
2282,1968,Srinivas Patil,54,M,0
2283,1969,Sowmya Setty,32,F,0
2284,1970,Harish Kumar,14,M,0
2285,1971,Kumar Hegde,60,M,0
2286,1972,Deepa Naidu,36,F,0
2287,1972,Ganesh Shetty,43,M,0
2288,1973,Vijay Rao,43,M,0
2289,1974,Bhagya Murthy,59,F,0
2290,1975,Basavaraj Iyer,30,M,0
2291,1976,Prakash Setty,71,M,0
2292,1977,Chaya Shetty,63,F,0
2293,1978,Anita Hegde,44,F,0
2294,1979,Naveen Reddy,13,M,0
2295,1979,Manjula Kumar,42,F,0
2296,1980,Ramesh Bhat,10,M,0
2297,1981,Geeta Kumar,32,F,0
2298,1982,Basavaraj Bhat,52,M,0
2299,1983,Pooja Hegde,20,F,0
2300,1984,Harish Achar,18,M,0
2301,1985,Basavaraj Setty,15,M,0
2302,1985,Nagaraj Rao,11,M,0
2303,1986,Basavaraj Reddy,39,M,0
2304,1987,Roopa Bhat,73,F,0
2305,1987,Chaya Gowda,71,F,0
2306,1988,Prakash Setty,23,M,0
2307,1989,Manjunath Reddy,60,M,0
2308,1990,Ramesh Achar,58,M,0
2309,1991,Pooja Reddy,29,F,0
2310,1992,Girish Rao,9,M,0
2311,1993,Shwetha Poojary,5,F,0
2312,1994,Pooja Patil,70,F,0
2313,1995,Yogesh Naidu,48,M,0
2314,1996,Sunita Achar,14,F,0
2315,1997,Kumar Setty,38,M,0
2316,1997,Srinivas Kumar,49,M,0
2317,1998,Basavaraj Patil,54,M,0
2318,1999,Ganesh Murthy,24,M,0
2319,2000,Naveen Murthy,57,M,0
2320,2001,Ravi Naidu,42,M,0
2321,2002,Kumar Patil,22,M,0
2322,2003,Harish Setty,62,M,0
2323,2004,Vijay Kumar,20,M,0
2324,2005,Girish Gowda,53,M,0
2325,2006,Ramesh Rao,19,M,0
2326,2007,Shivaraj Bhat,7,M,0
2327,2008,Manjula Iyer,48,F,0
2328,2008,Vijay Achar,55,M,0
2329,2009,Rekha Iyer,21,F,0
2330,2010,Lakshmi Poojary,67,F,0
2331,2011,Sunita Rao,57,F,0
2332,2012,Vijay Patil,56,M,0
2333,2013,Vidya Rao,44,F,0
2334,2014,Santosh Bhat,8,M,0
2335,2015,Savitha Naik,43,F,0
2336,2015,Lakshmi Shetty,39,F,0
2337,2016,Shivaraj Naidu,36,M,0
2338,2017,Raghu Shetty,68,M,0
2339,2017,Prakash Reddy,56,M,0
2340,2018,Nagaraj Setty,11,M,0
2341,2019,Ramesh Iyer,69,M,0
2342,2020,Manjunath Kumar,68,M,0
2343,2021,Rekha Murthy,52,F,0
2344,2022,Vidya Achar,30,F,0
2345,2023,Ganesh Setty,13,M,0
2346,2024,Shivaraj Rao,40,M,0
2347,2025,Vidya Bhat,14,F,0
2348,2026,Harish Iyer,9,M,0
2349,2027,Sunita Naik,71,F,0
2350,2028,Shobha Reddy,63,F,0
2351,2029,Savitha Murthy,13,F,0
2352,2030,Vijay Shetty,58,M,0
2353,2031,Sunita Achar,16,F,0
2354,2032,Nagaraj Achar,31,M,0
2355,2033,Girish Naidu,49,M,0
2356,2033,Mahesh Murthy,7,M,0
2357,2034,Mahesh Poojary,44,M,0
2358,2035,Chaya Poojary,40,F,0
2359,2036,Radha Gowda,68,F,0
2360,2037,Prakash Setty,30,M,0
2361,2038,Naveen Patil,41,M,0
2362,2039,Ganesh Achar,62,M,0
2363,2040,Mahesh Kumar,8,M,0
2364,2041,Lakshmi Setty,31,F,0
2365,2042,Vidya Bhat,6,F,0
2366,2043,Mahesh Iyer,27,M,0
2367,2044,Nandini Kumar,5,F,0
2368,2045,Lakshmi Shetty,29,F,0
2369,2046,Shobha Rao,32,F,0
2370,2047,Raghu Hegde,34,M,0
2371,2048,Santosh Rao,43,M,0
2372,2049,Manjunath Shetty,14,M,0
2373,2050,Santosh Achar,62,M,0
2374,2050,Nandini Kumar,43,F,0
2375,2051,Pooja Achar,36,F,0
2376,2052,Raghu Gowda,36,M,0
2377,2053,Vidya Setty,29,F,0
2378,2054,Prakash Hegde,56,M,0
2379,2055,Naveen Achar,13,M,0
2380,2056,Santosh Naidu,18,M,0
2381,2057,Geeta Murthy,61,F,0
2382,2058,Pooja Achar,13,F,0
2383,2059,Ravi Murthy,12,M,0
2384,2060,Savitha Kumar,39,F,0
2385,2061,Bhagya Hegde,35,F,0
2386,2062,Savitha Rao,39,F,0
2387,2063,Anil Naik,45,M,0
2388,2064,Nandini Rao,50,F,0
2389,2065,Radha Shetty,9,F,0
2390,2065,Manjunath Kumar,74,M,0
2391,2066,Sunita Naik,67,F,0
2392,2067,Raghu Setty,37,M,0
2393,2068,Shwetha Poojary,74,F,0
2394,2069,Anita Murthy,26,F,0
2395,2070,Ganesh Naidu,62,M,0
2396,2071,Shobha Gowda,55,F,0
2397,2072,Basavaraj Achar,35,M,0
2398,2073,Srinivas Shetty,48,M,0
2399,2074,Girish Patil,35,M,0
2400,2075,Anita Reddy,55,F,0
2401,2076,Nagaraj Iyer,9,M,0
2402,2077,Naveen Shetty,33,M,0
2403,2078,Harish Poojary,50,M,0
2404,2079,Girish Kumar,73,M,0
2405,2080,Yogesh Naidu,38,M,0
2406,2081,Sowmya Iyer,28,F,0
2407,2082,Suresh Hegde,43,M,0
2408,2083,Lakshmi Poojary,7,F,0
2409,2083,Ravi Poojary,22,M,0
2410,2084,Lakshmi Poojary,45,F,0
2411,2085,Vijay Kumar,48,M,0
2412,2086,Vijay Naidu,50,M,0
2413,2087,Kavya Poojary,44,F,0
2414,2088,Shobha Naidu,21,F,0
2415,2089,Manjula Kumar,36,F,0
2416,2090,Mahesh Naik,46,M,0
2417,2091,Nandini Poojary,74,F,0
2418,2091,Manjula Bhat,62,F,0
2419,2092,Deepa Setty,45,F,0
2420,2093,Rekha Patil,61,F,0
2421,2094,Girish Shetty,58,M,0
2422,2095,Nagaraj Naidu,5,M,0
2423,2096,Girish Kumar,5,M,0
2424,2096,Basavaraj Setty,64,M,0
2425,2097,Shwetha Reddy,69,F,0
2426,2098,Vidya Rao,56,F,0
2427,2099,Prakash Naik,57,M,0
2428,2100,Sowmya Iyer,56,F,0
2429,2100,Yogesh Naik,59,M,0
2430,2101,Girish Rao,14,M,0
2431,2102,Roopa Iyer,40,F,0
2432,2103,Savitha Setty,70,F,0
2433,2104,Pooja Poojary,57,F,0
2434,2105,Yogesh Kumar,29,M,0
2435,2106,Santosh Achar,31,M,0
2436,2107,Deepa Iyer,6,F,0
2437,2108,Girish Patil,44,M,0
2438,2109,Suresh Kumar,71,M,0
2439,2110,Harish Gowda,31,M,0
2440,2111,Kumar Patil,55,M,0
2441,2111,Priya Hegde,44,F,0
2442,2112,Savitha Gowda,49,F,0
2443,2113,Ramesh Rao,60,M,0
2444,2114,Chaya Achar,58,F,0
2445,2115,Girish Iyer,39,M,0
2446,2116,Kavya Achar,66,F,0
2447,2117,Nandini Naik,22,F,0
2448,2118,Prakash Poojary,32,M,0
2449,2119,Savitha Poojary,34,F,0
2450,2120,Nandini Patil,43,F,0
2451,2120,Shivaraj Reddy,35,M,0
2452,2121,Radha Achar,62,F,0
2453,2122,Kumar Achar,11,M,0
2454,2123,Shobha Setty,61,F,0
2455,2124,Roopa Patil,45,F,0
2456,2125,Anil Achar,24,M,0
2457,2126,Shivaraj Murthy,42,M,0
2458,2126,Lakshmi Hegde,62,F,0
2459,2127,Shivaraj Poojary,65,M,0
2460,2127,Priya Kumar,27,F,0
2461,2128,Shobha Bhat,53,F,0
2462,2129,Shobha Iyer,61,F,0
2463,2130,Ravi Achar,64,M,0
2464,2131,Shwetha Poojary,71,F,0
2465,2131,Srinivas Achar,15,M,0
2466,2132,Bhagya Shetty,43,F,0
2467,2133,Kavya Gowda,64,F,0
2468,2133,Naveen Shetty,38,M,0
2469,2134,Yogesh Patil,65,M,0
2470,2135,Sowmya Reddy,40,F,0
2471,2136,Srinivas Reddy,20,M,0
2472,2137,Prakash Poojary,63,M,0
2473,2138,Nandini Bhat,46,F,0
2474,2139,Ganesh Gowda,29,M,0
2475,2139,Anita Gowda,42,F,0
2476,2140,Shwetha Kumar,10,F,0
2477,2141,Mahesh Shetty,68,M,0
2478,2142,Geeta Shetty,42,F,0
2479,2143,Kavya Iyer,41,F,0
2480,2143,Deepa Shetty,19,F,0
2481,2144,Santosh Kumar,32,M,0
2482,2145,Anil Rao,32,M,0
2483,2146,Bhagya Iyer,23,F,0
2484,2147,Prakash Naidu,5,M,0
2485,2148,Radha Kumar,27,F,0
2486,2149,Srinivas Poojary,34,M,0
2487,2149,Chaya Rao,33,F,0
2488,2150,Shivaraj Shetty,42,M,0
2489,2151,Anil Gowda,48,M,0
2490,2152,Shobha Gowda,28,F,0
2491,2153,Suresh Shetty,75,M,0
2492,2154,Deepa Hegde,57,F,0
2493,2155,Lakshmi Bhat,16,F,0
2494,2156,Nagaraj Achar,6,M,0
2495,2157,Vijay Shetty,17,M,0
2496,2158,Shivaraj Bhat,70,M,0
2497,2159,Girish Setty,41,M,0
2498,2160,Chaya Naidu,65,F,0
2499,2161,Radha Naik,26,F,0
2500,2162,Naveen Gowda,46,M,0
2501,2163,Raghu Hegde,71,M,0
2502,2164,Savitha Naik,52,F,0
2503,2164,Girish Patil,53,M,0
2504,2165,Nandini Murthy,64,F,0
2505,2166,Santosh Gowda,38,M,0
2506,2166,Vidya Hegde,14,F,0
2507,2167,Shobha Achar,33,F,0
2508,2168,Raghu Bhat,75,M,0
2509,2169,Sowmya Iyer,72,F,0
2510,2170,Radha Shetty,56,F,0
2511,2171,Girish Reddy,37,M,0
2512,2172,Roopa Murthy,53,F,0
2513,2173,Lakshmi Kumar,53,F,0
2514,2174,Kavya Bhat,59,F,0
2515,2174,Ganesh Patil,70,M,0
2516,2175,Ravi Achar,11,M,0
2517,2176,Basavaraj Poojary,50,M,0
2518,2177,Mahesh Kumar,71,M,0
2519,2178,Anil Hegde,75,M,0
2520,2179,Anil Naik,62,M,0
2521,2180,Nagaraj Kumar,39,M,0
2522,2181,Pooja Kumar,50,F,0
2523,2182,Girish Naidu,58,M,0
2524,2183,Manjunath Poojary,65,M,0
2525,2184,Roopa Naik,46,F,0
2526,2184,Savitha Naik,8,F,0
2527,2185,Pooja Naik,22,F,0
2528,2186,Manjula Naidu,8,F,0
2529,2187,Anil Murthy,21,M,0
2530,2188,Yogesh Gowda,34,M,0
2531,2189,Sowmya Rao,39,F,0
2532,2190,Sowmya Reddy,12,F,0
2533,2191,Vidya Gowda,59,F,0
2534,2191,Vidya Poojary,34,F,0
2535,2192,Girish Rao,19,M,0
2536,2193,Naveen Naik,21,M,0
2537,2194,Savitha Naik,75,F,0
2538,2195,Shobha Naik,49,F,0
2539,2196,Geeta Naidu,73,F,0
2540,2196,Deepa Gowda,25,F,0
2541,2197,Chaya Achar,53,F,0
2542,2198,Shwetha Rao,34,F,0
2543,2198,Santosh Iyer,73,M,0
2544,2199,Manjunath Hegde,48,M,0
2545,2199,Shivaraj Naidu,66,M,0
2546,2200,Ganesh Naidu,50,M,0
2547,2201,Sowmya Murthy,74,F,0
2548,2202,Suresh Shetty,13,M,0
2549,2203,Radha Setty,31,F,0
2550,2204,Manjunath Naik,30,M,0
2551,2205,Rekha Kumar,56,F,0
2552,2206,Kavya Shetty,69,F,0
2553,2207,Vidya Iyer,22,F,0
2554,2208,Pooja Setty,71,F,0
2555,2209,Deepa Patil,11,F,0
2556,2209,Manjunath Shetty,14,M,0
2557,2210,Manjunath Gowda,8,M,0
2558,2211,Anita Rao,42,F,0
2559,2212,Kumar Hegde,54,M,0
2560,2212,Naveen Poojary,16,M,0
2561,2213,Kavya Shetty,70,F,0
2562,2214,Rekha Murthy,17,F,0
2563,2215,Santosh Gowda,7,M,0
2564,2216,Ravi Setty,9,M,0
2565,2217,Shwetha Naik,7,F,0
2566,2217,Raghu Kumar,21,M,0
2567,2218,Manjula Reddy,58,F,0
2568,2219,Manjunath Naidu,23,M,0
2569,2220,Prakash Rao,58,M,0
2570,2221,Radha Kumar,49,F,0
2571,2222,Suresh Naik,24,M,0
2572,2223,Girish Hegde,41,M,0
2573,2224,Sowmya Poojary,19,F,0
2574,2225,Prakash Reddy,66,M,0
2575,2226,Roopa Setty,64,F,0
2576,2227,Savitha Setty,9,F,0
2577,2228,Raghu Naidu,54,M,0
2578,2229,Sunita Hegde,55,F,0
2579,2230,Manjunath Reddy,37,M,0
2580,2231,Vidya Rao,26,F,0
2581,2232,Santosh Setty,29,M,0
2582,2233,Rekha Achar,23,F,0
2583,2233,Priya Bhat,66,F,0
2584,2234,Manjunath Setty,46,M,0
2585,2234,Geeta Reddy,66,F,0
2586,2235,Priya Gowda,10,F,0
2587,2236,Savitha Murthy,64,F,0
2588,2236,Manjunath Kumar,12,M,0
2589,2237,Geeta Achar,16,F,0
2590,2238,Sowmya Naik,68,F,0
2591,2239,Sunita Naidu,73,F,0
2592,2240,Ravi Poojary,26,M,0
2593,2240,Pooja Naik,63,F,0
2594,2241,Ganesh Bhat,67,M,0
2595,2241,Ramesh Achar,46,M,0
2596,2242,Geeta Patil,43,F,0
2597,2242,Radha Patil,18,F,0
2598,2243,Shobha Naik,58,F,0
2599,2244,Kavya Murthy,45,F,0
2600,2245,Kavya Hegde,9,F,0
2601,2246,Savitha Rao,73,F,0
2602,2247,Priya Naidu,43,F,0
2603,2248,Nandini Hegde,6,F,0
2604,2249,Sowmya Murthy,30,F,0
2605,2250,Anil Iyer,70,M,0
2606,2251,Mahesh Poojary,72,M,0
2607,2252,Santosh Shetty,34,M,0
2608,2252,Nandini Iyer,52,F,0
2609,2253,Anita Poojary,24,F,0
2610,2254,Roopa Murthy,56,F,0
2611,2254,Santosh Murthy,34,M,0
2612,2255,Lakshmi Reddy,40,F,0
2613,2256,Pooja Patil,20,F,0
2614,2257,Savitha Iyer,35,F,0
2615,2258,Nagaraj Naidu,64,M,0
2616,2259,Mahesh Iyer,53,M,0
2617,2260,Prakash Rao,32,M,0
2618,2261,Kumar Iyer,6,M,0
2619,2262,Sowmya Reddy,75,F,0
2620,2263,Ganesh Iyer,23,M,0
2621,2264,Rekha Shetty,57,F,0
2622,2265,Vidya Achar,46,F,0
2623,2266,Yogesh Reddy,31,M,0
2624,2267,Naveen Bhat,27,M,0
2625,2268,Rekha Iyer,12,F,0
2626,2269,Shivaraj Achar,60,M,0
2627,2269,Ramesh Kumar,51,M,0
2628,2270,Naveen Rao,68,M,0
2629,2271,Girish Rao,14,M,0
2630,2272,Raghu Shetty,41,M,0
2631,2273,Santosh Patil,11,M,0
2632,2273,Pooja Poojary,43,F,0
2633,2274,Raghu Gowda,57,M,0
2634,2275,Sowmya Patil,65,F,0
2635,2275,Ramesh Reddy,24,M,0
2636,2276,Vijay Shetty,30,M,0
2637,2277,Harish Bhat,75,M,0
2638,2278,Anita Naik,36,F,0
2639,2278,Ganesh Naidu,73,M,0
2640,2279,Vijay Rao,22,M,0
2641,2280,Harish Reddy,75,M,0
2642,2281,Vidya Setty,66,F,0
2643,2282,Mahesh Kumar,15,M,0
2644,2283,Vijay Poojary,37,M,0
2645,2283,Mahesh Reddy,30,M,0
2646,2284,Anita Iyer,41,F,0
2647,2285,Srinivas Naidu,12,M,0
2648,2286,Savitha Poojary,19,F,0
2649,2286,Kumar Patil,46,M,0
2650,2287,Sunita Reddy,42,F,0
2651,2287,Manjunath Poojary,44,M,0
2652,2288,Naveen Poojary,64,M,0
2653,2289,Shwetha Patil,57,F,0
2654,2289,Shobha Iyer,53,F,0
2655,2290,Sunita Gowda,14,F,0
2656,2291,Shivaraj Iyer,29,M,0
2657,2292,Chaya Gowda,69,F,0
2658,2293,Roopa Naidu,36,F,0
2659,2294,Manjunath Rao,75,M,0
2660,2295,Shwetha Patil,24,F,0
2661,2295,Kumar Murthy,47,M,0
2662,2296,Srinivas Poojary,34,M,0
2663,2296,Mahesh Setty,23,M,0
2664,2297,Lakshmi Naik,5,F,0
2665,2298,Mahesh Rao,60,M,0
2666,2299,Suresh Murthy,58,M,0
2667,2299,Srinivas Hegde,60,M,0
2668,2300,Prakash Setty,18,M,0
2669,2301,Anil Murthy,47,M,0
2670,2302,Shobha Achar,8,F,0
2671,2303,Mahesh Achar,13,M,0
2672,2304,Raghu Rao,16,M,0
2673,2305,Suresh Patil,46,M,0
2674,2305,Sunita Iyer,12,F,0
2675,2306,Suresh Patil,40,M,0
2676,2307,Vidya Bhat,66,F,0
2677,2307,Anil Patil,73,M,0
2678,2308,Naveen Reddy,24,M,0
2679,2309,Shwetha Poojary,46,F,0
2680,2310,Nandini Naik,42,F,0
2681,2311,Roopa Iyer,69,F,0
2682,2312,Shobha Iyer,50,F,0
2683,2313,Rekha Poojary,55,F,0
2684,2314,Vijay Setty,60,M,0
2685,2315,Srinivas Murthy,20,M,0
2686,2316,Kumar Kumar,34,M,0
2687,2317,Mahesh Naik,28,M,0
2688,2318,Geeta Poojary,44,F,0
2689,2319,Yogesh Murthy,20,M,0
2690,2320,Mahesh Bhat,5,M,0
2691,2321,Bhagya Naidu,59,F,0
2692,2322,Mahesh Murthy,38,M,0
2693,2323,Savitha Shetty,50,F,0
2694,2323,Prakash Achar,45,M,0
2695,2324,Radha Hegde,74,F,0
2696,2325,Pooja Bhat,8,F,0
2697,2326,Bhagya Patil,28,F,0
2698,2327,Sowmya Hegde,54,F,0
2699,2328,Kumar Bhat,45,M,0
2700,2329,Girish Murthy,59,M,0
2701,2330,Santosh Setty,25,M,0
2702,2331,Raghu Iyer,25,M,0
2703,2332,Deepa Naidu,21,F,0
2704,2333,Anil Murthy,29,M,0
2705,2334,Shivaraj Naidu,66,M,0
2706,2335,Shivaraj Hegde,47,M,0
2707,2336,Pooja Patil,33,F,0
2708,2337,Girish Shetty,23,M,0
2709,2338,Sunita Naidu,24,F,0
2710,2339,Vidya Poojary,73,F,0
2711,2340,Nandini Gowda,52,F,0
2712,2341,Vidya Iyer,73,F,0
2713,2342,Savitha Murthy,12,F,0
2714,2343,Shivaraj Poojary,52,M,0
2715,2344,Srinivas Kumar,10,M,0
2716,2345,Kavya Hegde,64,F,0
2717,2346,Priya Naik,23,F,0
2718,2347,Savitha Kumar,33,F,0
2719,2348,Vidya Setty,59,F,0
2720,2349,Anita Patil,19,F,0
2721,2350,Roopa Rao,39,F,0
2722,2351,Ramesh Kumar,54,M,0
2723,2352,Roopa Iyer,40,F,0
2724,2352,Nagaraj Reddy,43,M,0
2725,2353,Basavaraj Achar,29,M,0
2726,2354,Naveen Shetty,50,M,0
2727,2355,Prakash Rao,59,M,0
2728,2356,Savitha Gowda,38,F,0
2729,2357,Anil Naidu,16,M,0
2730,2357,Lakshmi Hegde,12,F,0
2731,2358,Girish Kumar,32,M,0
2732,2358,Lakshmi Iyer,51,F,0
2733,2359,Ganesh Murthy,48,M,0
2734,2359,Lakshmi Shetty,75,F,0
2735,2360,Srinivas Setty,36,M,0
2736,2361,Manjunath Rao,16,M,0
2737,2362,Shobha Setty,21,F,0
2738,2363,Ganesh Reddy,33,M,0
2739,2364,Shivaraj Achar,47,M,0
2740,2365,Shwetha Shetty,10,F,0
2741,2366,Geeta Rao,72,F,0
2742,2367,Nandini Murthy,40,F,0
2743,2368,Sowmya Kumar,44,F,0
2744,2369,Priya Patil,53,F,0
2745,2370,Radha Poojary,54,F,0
2746,2371,Shwetha Naik,18,F,0
2747,2372,Vijay Shetty,27,M,0
2748,2373,Anil Hegde,19,M,0
2749,2374,Girish Iyer,47,M,0
2750,2374,Nagaraj Rao,56,M,0
2751,2375,Naveen Gowda,68,M,0
2752,2376,Yogesh Naik,65,M,0
2753,2377,Geeta Iyer,43,F,0
2754,2378,Prakash Poojary,52,M,0
2755,2379,Sunita Setty,70,F,0
2756,2380,Pooja Iyer,60,F,0
2757,2381,Vijay Patil,73,M,0
2758,2382,Srinivas Poojary,57,M,0
2759,2383,Vijay Naik,64,M,0
2760,2384,Bhagya Setty,75,F,0
2761,2384,Pooja Gowda,54,F,0
2762,2385,Sunita Reddy,10,F,0
2763,2386,Sowmya Kumar,19,F,0
2764,2386,Suresh Poojary,57,M,0
2765,2387,Sunita Achar,27,F,0
2766,2388,Mahesh Kumar,6,M,0
2767,2389,Suresh Murthy,73,M,0
2768,2390,Roopa Murthy,10,F,0
2769,2390,Girish Reddy,25,M,0
2770,2391,Savitha Patil,53,F,0
2771,2392,Anita Hegde,61,F,0
2772,2392,Kumar Setty,74,M,0
2773,2393,Basavaraj Setty,75,M,0
2774,2394,Ganesh Naik,34,M,0
2775,2395,Anita Bhat,9,F,0
2776,2396,Priya Reddy,66,F,0
2777,2397,Ramesh Poojary,61,M,0
2778,2398,Chaya Achar,74,F,0
2779,2399,Sowmya Reddy,54,F,0
2780,2400,Geeta Kumar,64,F,0
2781,2401,Mahesh Patil,19,M,0
2782,2402,Deepa Patil,7,F,0
2783,2403,Nandini Achar,47,F,0
2784,2404,Santosh Reddy,5,M,0
2785,2405,Kavya Achar,22,F,0
2786,2405,Mahesh Rao,30,M,0
2787,2406,Anil Bhat,53,M,0
2788,2407,Ramesh Shetty,22,M,0
2789,2408,Rekha Setty,8,F,0
2790,2409,Sowmya Murthy,7,F,0
2791,2409,Chaya Naidu,32,F,0
2792,2410,Kumar Hegde,18,M,0
2793,2411,Chaya Kumar,7,F,0
2794,2412,Yogesh Naidu,31,M,0
2795,2413,Nandini Hegde,34,F,0
2796,2413,Deepa Setty,71,F,0
2797,2414,Pooja Naik,13,F,0
2798,2414,Sunita Kumar,51,F,0
2799,2415,Rekha Achar,34,F,0
2800,2416,Savitha Reddy,41,F,0
2801,2417,Yogesh Naik,10,M,0
2802,2418,Mahesh Iyer,47,M,0
2803,2419,Roopa Rao,14,F,0
2804,2420,Savitha Bhat,32,F,0
2805,2420,Raghu Iyer,20,M,0
2806,2421,Naveen Murthy,74,M,0
2807,2422,Nagaraj Iyer,37,M,0
2808,2423,Mahesh Naik,67,M,0
2809,2424,Harish Poojary,11,M,0
2810,2425,Yogesh Rao,29,M,0
2811,2425,Prakash Shetty,28,M,0
2812,2426,Harish Reddy,28,M,0
2813,2427,Pooja Achar,9,F,0
2814,2428,Ravi Hegde,38,M,0
2815,2429,Vijay Poojary,75,M,0
2816,2430,Sunita Gowda,54,F,0
2817,2431,Vijay Naik,73,M,0
2818,2432,Ganesh Bhat,59,M,0
2819,2433,Nagaraj Hegde,60,M,0
2820,2434,Savitha Naik,59,F,0
2821,2435,Chaya Achar,65,F,0
2822,2436,Ganesh Hegde,52,M,0
2823,2437,Radha Bhat,58,F,0
2824,2438,Ganesh Reddy,38,M,0
2825,2439,Vijay Kumar,47,M,0
2826,2440,Bhagya Kumar,37,F,0
2827,2441,Savitha Murthy,62,F,0
2828,2442,Vidya Naidu,5,F,0
2829,2443,Harish Poojary,42,M,0
2830,2444,Santosh Kumar,69,M,0
2831,2445,Prakash Reddy,62,M,0
2832,2446,Srinivas Naik,28,M,0
2833,2446,Girish Naidu,20,M,0
2834,2447,Raghu Patil,37,M,0
2835,2448,Sunita Gowda,62,F,0
2836,2449,Geeta Patil,47,F,0
2837,2449,Kavya Kumar,46,F,0
2838,2450,Lakshmi Naik,50,F,0
2839,2451,Deepa Naidu,28,F,0
2840,2451,Srinivas Gowda,44,M,0
2841,2452,Ravi Hegde,37,M,0
2842,2453,Harish Rao,5,M,0
2843,2454,Rekha Setty,60,F,0
2844,2455,Vidya Kumar,64,F,0
2845,2456,Lakshmi Bhat,72,F,0
2846,2457,Santosh Kumar,53,M,0
2847,2458,Naveen Poojary,62,M,0
2848,2459,Naveen Shetty,25,M,0
2849,2460,Kavya Hegde,5,F,0
2850,2461,Yogesh Achar,67,M,0
2851,2462,Raghu Gowda,35,M,0
2852,2463,Lakshmi Murthy,63,F,0
2853,2464,Roopa Reddy,8,F,0
2854,2465,Anil Achar,70,M,0
2855,2466,Vidya Achar,41,F,0
2856,2466,Rekha Kumar,25,F,0
2857,2467,Mahesh Setty,23,M,0
2858,2467,Priya Iyer,59,F,0
2859,2468,Chaya Bhat,38,F,0
2860,2469,Lakshmi Achar,9,F,0
2861,2470,Shwetha Rao,59,F,0
2862,2470,Ganesh Iyer,30,M,0
2863,2471,Anita Reddy,62,F,0
2864,2472,Ganesh Achar,63,M,0
2865,2472,Shwetha Achar,12,F,0
2866,2473,Bhagya Patil,7,F,0
2867,2474,Bhagya Hegde,22,F,0
2868,2475,Ravi Naik,33,M,0
2869,2476,Mahesh Achar,14,M,0
2870,2477,Kumar Naidu,65,M,0
2871,2478,Nagaraj Naidu,9,M,0
2872,2479,Santosh Hegde,60,M,0
2873,2480,Roopa Bhat,67,F,0
2874,2481,Raghu Hegde,19,M,0
2875,2481,Girish Achar,41,M,0
2876,2482,Radha Reddy,69,F,0
2877,2483,Naveen Setty,25,M,0
2878,2484,Nagaraj Gowda,55,M,0
2879,2485,Ramesh Hegde,56,M,0
2880,2486,Rekha Rao,17,F,0
2881,2487,Shobha Reddy,69,F,0
2882,2488,Bhagya Hegde,29,F,0
2883,2489,Radha Setty,35,F,0
2884,2490,Rekha Naidu,71,F,0
2885,2491,Mahesh Hegde,74,M,0
2886,2492,Nagaraj Setty,39,M,0
2887,2492,Mahesh Gowda,42,M,0
2888,2493,Sowmya Gowda,30,F,0
2889,2494,Suresh Setty,65,M,0
2890,2495,Kumar Reddy,66,M,0
2891,2496,Basavaraj Kumar,57,M,0
2892,2496,Nagaraj Shetty,40,M,0
2893,2497,Yogesh Patil,36,M,0
2894,2498,Kavya Gowda,38,F,0
2895,2499,Manjula Naik,52,F,0
2896,2500,Nagaraj Naidu,57,M,0
2897,2501,Srinivas Achar,48,M,0
2898,2502,Raghu Iyer,21,M,0
2899,2503,Suresh Bhat,19,M,0
2900,2504,Nandini Shetty,30,F,0
2901,2505,Vijay Gowda,68,M,0
2902,2506,Kavya Achar,50,F,0
2903,2507,Shwetha Shetty,70,F,0
2904,2508,Vijay Shetty,7,M,0
2905,2509,Chaya Achar,29,F,0
2906,2510,Roopa Hegde,68,F,0
2907,2511,Raghu Bhat,25,M,0
2908,2512,Harish Achar,47,M,0
2909,2513,Kavya Reddy,52,F,0
2910,2513,Nagaraj Naidu,44,M,0
2911,2514,Girish Shetty,8,M,0
2912,2515,Manjunath Murthy,69,M,0
2913,2516,Harish Hegde,70,M,0
2914,2517,Rekha Hegde,57,F,0
2915,2518,Harish Patil,58,M,0
2916,2518,Bhagya Hegde,63,F,0
2917,2519,Manjula Achar,19,F,0
2918,2520,Kumar Hegde,24,M,0
2919,2521,Manjunath Naik,11,M,0
2920,2522,Harish Hegde,67,M,0
2921,2523,Ravi Murthy,15,M,0
2922,2524,Roopa Murthy,74,F,0
2923,2525,Ravi Iyer,73,M,0
2924,2526,Manjunath Naik,56,M,0
2925,2527,Lakshmi Naik,50,F,0
2926,2528,Anita Naidu,25,F,0
2927,2529,Bhagya Naik,18,F,0
2928,2530,Kavya Shetty,71,F,0
2929,2531,Ravi Reddy,47,M,0
2930,2532,Savitha Bhat,12,F,0
2931,2533,Pooja Poojary,37,F,0
2932,2534,Srinivas Bhat,61,M,0
2933,2535,Sowmya Setty,37,F,0
2934,2536,Shwetha Kumar,22,F,0
2935,2537,Kumar Poojary,50,M,0
2936,2537,Raghu Poojary,69,M,0
2937,2538,Santosh Gowda,16,M,0
2938,2538,Manjula Hegde,46,F,0
2939,2539,Chaya Reddy,63,F,0
2940,2539,Bhagya Murthy,41,F,0
2941,2540,Kavya Murthy,42,F,0
2942,2540,Girish Gowda,7,M,0
2943,2541,Kavya Achar,38,F,0
2944,2541,Deepa Bhat,14,F,0
2945,2542,Chaya Murthy,74,F,0
2946,2543,Girish Achar,68,M,0
2947,2544,Yogesh Gowda,53,M,0
2948,2545,Shobha Kumar,37,F,0
2949,2546,Naveen Patil,8,M,0
2950,2547,Chaya Poojary,39,F,0
2951,2548,Ramesh Shetty,34,M,0
2952,2549,Nagaraj Shetty,31,M,0
2953,2550,Manjunath Poojary,27,M,0
2954,2551,Shobha Iyer,15,F,0
2955,2552,Ganesh Poojary,17,M,0
2956,2553,Sunita Rao,12,F,0
2957,2553,Vijay Rao,30,M,0
2958,2554,Pooja Kumar,24,F,0
2959,2555,Kavya Iyer,36,F,0
2960,2555,Naveen Kumar,11,M,0
2961,2556,Srinivas Patil,14,M,0
2962,2557,Roopa Kumar,16,F,0
2963,2558,Pooja Rao,61,F,0
2964,2558,Ganesh Gowda,28,M,0
2965,2559,Srinivas Poojary,56,M,0
2966,2560,Sowmya Shetty,5,F,0
2967,2560,Kumar Hegde,9,M,0
2968,2561,Priya Hegde,26,F,0
2969,2562,Vijay Iyer,18,M,0
2970,2562,Rekha Patil,24,F,0
2971,2563,Harish Hegde,18,M,0
2972,2564,Harish Bhat,12,M,0
2973,2564,Pooja Hegde,70,F,0
2974,2565,Lakshmi Naidu,64,F,0
2975,2566,Kavya Patil,44,F,0
2976,2567,Srinivas Rao,73,M,0
2977,2568,Shobha Hegde,17,F,0
2978,2569,Naveen Patil,47,M,0
2979,2570,Sunita Reddy,74,F,0
2980,2571,Lakshmi Naidu,7,F,0
2981,2572,Rekha Poojary,15,F,0
2982,2573,Priya Naik,5,F,0
2983,2574,Vidya Murthy,44,F,0
2984,2575,Ramesh Iyer,26,M,0
2985,2575,Sunita Murthy,13,F,0
2986,2576,Manjula Bhat,9,F,0
2987,2577,Anita Kumar,30,F,0
2988,2578,Nandini Kumar,30,F,0
2989,2579,Shwetha Gowda,58,F,0
2990,2580,Ganesh Murthy,66,M,0
2991,2581,Deepa Iyer,73,F,0
2992,2582,Priya Rao,45,F,0
2993,2583,Deepa Reddy,64,F,0
2994,2583,Ganesh Naik,26,M,0
2995,2584,Vijay Rao,54,M,0
2996,2585,Sowmya Hegde,10,F,0
2997,2586,Mahesh Hegde,58,M,0
2998,2587,Nandini Hegde,42,F,0
2999,2588,Manjunath Shetty,74,M,0
3000,2589,Manjula Patil,71,F,0
3001,2590,Priya Rao,26,F,0
3002,2591,Anil Achar,35,M,0
3003,2592,Shobha Murthy,52,F,0
3004,2593,Prakash Rao,48,M,0
3005,2594,Manjunath Shetty,34,M,0
3006,2595,Anil Hegde,26,M,0
3007,2596,Deepa Patil,40,F,0
3008,2597,Ravi Bhat,16,M,0
3009,2598,Priya Murthy,68,F,0
3010,2599,Ramesh Rao,33,M,0
3011,2600,Srinivas Hegde,41,M,0
3012,2601,Santosh Iyer,15,M,0
3013,2602,Srinivas Naidu,54,M,0
3014,2603,Lakshmi Reddy,32,F,0
3015,2604,Ravi Shetty,21,M,0
3016,2605,Manjunath Poojary,23,M,0
3017,2606,Priya Murthy,48,F,0
3018,2607,Ganesh Kumar,41,M,0
3019,2608,Ramesh Bhat,64,M,0
3020,2609,Manjula Reddy,66,F,0
3021,2610,Vidya Achar,44,F,0
3022,2611,Bhagya Hegde,36,F,0
3023,2612,Prakash Bhat,61,M,0
3024,2613,Shobha Setty,71,F,0
3025,2614,Santosh Setty,57,M,0
3026,2615,Naveen Shetty,42,M,0
3027,2616,Srinivas Naidu,56,M,0
3028,2617,Bhagya Shetty,60,F,0
3029,2618,Yogesh Naik,8,M,0
3030,2619,Raghu Poojary,39,M,0
3031,2620,Manjunath Rao,36,M,0
3032,2621,Radha Naik,42,F,0
3033,2622,Srinivas Naidu,38,M,0
3034,2623,Anil Gowda,9,M,0
3035,2624,Priya Murthy,11,F,0
3036,2624,Girish Naidu,65,M,0
3037,2625,Radha Setty,31,F,0
3038,2625,Lakshmi Rao,28,F,0
3039,2626,Basavaraj Hegde,35,M,0
3040,2627,Vijay Naidu,52,M,0
3041,2628,Srinivas Naik,41,M,0
3042,2629,Radha Naik,42,F,0
3043,2629,Sowmya Achar,21,F,0
3044,2630,Manjunath Rao,7,M,0
3045,2631,Santosh Reddy,53,M,0
3046,2632,Basavaraj Shetty,67,M,0
3047,2633,Vijay Naik,53,M,0
3048,2634,Bhagya Naidu,67,F,0
3049,2635,Lakshmi Murthy,26,F,0
3050,2635,Anil Kumar,8,M,0
3051,2636,Priya Bhat,14,F,0
3052,2637,Suresh Murthy,41,M,0
3053,2638,Ravi Murthy,28,M,0
3054,2639,Nandini Naik,36,F,0
3055,2640,Raghu Achar,29,M,0
3056,2641,Sowmya Naik,25,F,0
3057,2642,Geeta Patil,72,F,0
3058,2643,Vidya Shetty,65,F,0
3059,2644,Rekha Naik,58,F,0
3060,2645,Kavya Achar,63,F,0
3061,2645,Rekha Bhat,21,F,0
3062,2646,Anil Achar,75,M,0
3063,2647,Girish Patil,26,M,0
3064,2648,Ravi Naik,26,M,0
3065,2649,Mahesh Bhat,58,M,0
3066,2650,Priya Iyer,40,F,0
3067,2650,Anil Patil,29,M,0
3068,2651,Anil Gowda,26,M,0
3069,2652,Savitha Achar,53,F,0
3070,2653,Kumar Poojary,52,M,0
3071,2654,Shobha Naik,67,F,0
3072,2655,Shwetha Shetty,17,F,0
3073,2656,Chaya Patil,5,F,0
3074,2657,Radha Setty,71,F,0
3075,2657,Savitha Gowda,13,F,0
3076,2658,Priya Iyer,5,F,0
3077,2659,Girish Rao,28,M,0
3078,2660,Ravi Naidu,10,M,0
3079,2661,Vidya Shetty,50,F,0
3080,2662,Shivaraj Patil,29,M,0
3081,2663,Sowmya Setty,31,F,0
3082,2663,Lakshmi Reddy,45,F,0
3083,2664,Pooja Reddy,49,F,0
3084,2665,Sunita Reddy,69,F,0
3085,2666,Naveen Iyer,55,M,0
3086,2666,Sowmya Patil,45,F,0
3087,2667,Rekha Naidu,50,F,0
3088,2668,Roopa Murthy,56,F,0
3089,2669,Deepa Hegde,53,F,0
3090,2670,Shivaraj Iyer,10,M,0
3091,2671,Vidya Shetty,36,F,0
3092,2672,Pooja Naidu,10,F,0
3093,2672,Sunita Setty,12,F,0
3094,2673,Vijay Kumar,17,M,0
3095,2674,Deepa Poojary,28,F,0
3096,2675,Deepa Kumar,25,F,0
3097,2675,Anil Setty,71,M,0
3098,2676,Suresh Murthy,26,M,0
3099,2677,Kumar Rao,17,M,0
3100,2678,Suresh Poojary,10,M,0
3101,2679,Mahesh Iyer,56,M,0
3102,2680,Lakshmi Murthy,23,F,0
3103,2681,Lakshmi Naik,55,F,0
3104,2682,Nandini Patil,74,F,0
3105,2683,Ravi Patil,70,M,0
3106,2683,Shobha Naik,48,F,0
3107,2684,Priya Bhat,6,F,0
3108,2685,Rekha Iyer,41,F,0
3109,2686,Shwetha Naik,64,F,0
3110,2687,Anita Gowda,23,F,0
3111,2688,Deepa Kumar,11,F,0
3112,2689,Ramesh Rao,6,M,0
3113,2690,Savitha Reddy,75,F,0
3114,2691,Mahesh Achar,35,M,0
3115,2692,Manjula Kumar,63,F,0
3116,2693,Bhagya Gowda,25,F,0
3117,2694,Manjunath Shetty,56,M,0
3118,2695,Rekha Naidu,51,F,0
3119,2696,Santosh Hegde,47,M,0
3120,2697,Priya Setty,7,F,0
3121,2698,Manjunath Hegde,45,M,0
3122,2699,Santosh Hegde,16,M,0
3123,2700,Anita Gowda,24,F,0
3124,2701,Raghu Patil,20,M,0
3125,2702,Kumar Shetty,53,M,0
3126,2703,Raghu Bhat,47,M,0
3127,2704,Anita Patil,49,F,0
3128,2705,Suresh Gowda,33,M,0
3129,2706,Roopa Bhat,46,F,0
3130,2707,Girish Gowda,32,M,0
3131,2708,Bhagya Setty,70,F,0
3132,2709,Suresh Rao,46,M,0
3133,2710,Ganesh Reddy,38,M,0
3134,2711,Radha Achar,21,F,0
3135,2712,Prakash Achar,11,M,0
3136,2713,Sowmya Kumar,73,F,0
3137,2714,Kavya Rao,68,F,0
3138,2715,Anita Gowda,36,F,0
3139,2716,Shobha Naidu,69,F,0
3140,2717,Raghu Setty,8,M,0
3141,2718,Ganesh Hegde,51,M,0
3142,2719,Srinivas Achar,42,M,0
3143,2720,Nandini Iyer,10,F,0
3144,2721,Vijay Achar,25,M,0
3145,2722,Ramesh Murthy,67,M,0
3146,2723,Kumar Kumar,39,M,0
3147,2724,Vidya Gowda,26,F,0
3148,2725,Srinivas Gowda,65,M,0
3149,2726,Anita Iyer,24,F,0
3150,2726,Mahesh Poojary,63,M,0
3151,2727,Anita Kumar,13,F,0
3152,2728,Deepa Iyer,27,F,0
3153,2728,Anita Setty,40,F,0
3154,2729,Sunita Rao,59,F,0
3155,2729,Vidya Bhat,63,F,0
3156,2730,Mahesh Setty,11,M,0
3157,2731,Manjunath Murthy,63,M,0
3158,2732,Harish Achar,30,M,0
3159,2732,Anita Hegde,59,F,0
3160,2733,Harish Naik,72,M,0
3161,2734,Manjunath Murthy,54,M,0
3162,2735,Manjunath Murthy,61,M,0
3163,2736,Anil Poojary,70,M,0
3164,2737,Anil Shetty,10,M,0
3165,2738,Suresh Iyer,34,M,0
3166,2738,Manjula Gowda,15,F,0
3167,2739,Ravi Reddy,14,M,0
3168,2740,Nagaraj Naik,24,M,0
3169,2741,Roopa Poojary,52,F,0
3170,2742,Deepa Reddy,29,F,0
3171,2743,Santosh Naidu,59,M,0
3172,2744,Mahesh Poojary,40,M,0
3173,2745,Lakshmi Poojary,7,F,0
3174,2746,Nandini Murthy,19,F,0
3175,2747,Vidya Poojary,10,F,0
3176,2748,Priya Hegde,11,F,0
3177,2749,Vijay Bhat,57,M,0
3178,2750,Prakash Murthy,17,M,0
3179,2750,Vijay Kumar,46,M,0
3180,2751,Ganesh Patil,20,M,0
3181,2752,Nandini Patil,53,F,0
3182,2752,Prakash Hegde,64,M,0
3183,2753,Sowmya Bhat,57,F,0
3184,2754,Anil Naik,69,M,0
3185,2755,Shobha Setty,74,F,0
3186,2756,Chaya Achar,34,F,0
3187,2757,Shwetha Hegde,55,F,0
3188,2758,Chaya Shetty,70,F,0
3189,2759,Yogesh Achar,7,M,0
3190,2760,Sunita Iyer,29,F,0
3191,2761,Shwetha Naik,51,F,0
3192,2761,Sowmya Murthy,43,F,0
3193,2762,Rekha Iyer,24,F,0
3194,2763,Rekha Gowda,25,F,0
3195,2764,Ravi Reddy,14,M,0
3196,2765,Naveen Kumar,45,M,0
3197,2766,Shivaraj Patil,68,M,0
3198,2766,Lakshmi Naik,40,F,0
3199,2767,Pooja Patil,26,F,0
3200,2768,Vidya Bhat,35,F,0
3201,2769,Pooja Iyer,7,F,0
3202,2770,Ramesh Hegde,46,M,0
3203,2770,Chaya Naidu,59,F,0
3204,2771,Ravi Kumar,71,M,0
3205,2771,Sowmya Rao,45,F,0
3206,2772,Shobha Patil,47,F,0
3207,2772,Bhagya Reddy,17,F,0
3208,2773,Ganesh Reddy,5,M,0
3209,2773,Harish Setty,44,M,0
3210,2774,Nandini Setty,27,F,0
3211,2775,Suresh Naidu,47,M,0
3212,2776,Sunita Patil,39,F,0
3213,2777,Nagaraj Patil,17,M,0
3214,2778,Pooja Iyer,27,F,0
3215,2778,Suresh Patil,25,M,0
3216,2779,Sowmya Setty,18,F,0
3217,2779,Savitha Murthy,51,F,0
3218,2780,Suresh Naik,9,M,0
3219,2781,Ravi Achar,33,M,0
3220,2782,Anil Hegde,39,M,0
3221,2783,Anita Naik,44,F,0
3222,2783,Deepa Achar,16,F,0
3223,2784,Mahesh Naik,74,M,0
3224,2785,Radha Gowda,28,F,0
3225,2785,Prakash Bhat,50,M,0
3226,2786,Radha Shetty,35,F,0
3227,2787,Suresh Rao,43,M,0
3228,2788,Manjula Naidu,25,F,0
3229,2789,Srinivas Patil,22,M,0
3230,2790,Bhagya Iyer,70,F,0
3231,2790,Lakshmi Bhat,19,F,0
3232,2791,Prakash Iyer,12,M,0
3233,2791,Vijay Shetty,6,M,0
3234,2792,Lakshmi Hegde,58,F,0
3235,2792,Manjunath Rao,74,M,0
3236,2793,Roopa Iyer,22,F,0
3237,2794,Anil Setty,53,M,0
3238,2795,Geeta Murthy,16,F,0
3239,2796,Roopa Naidu,67,F,0
3240,2797,Savitha Iyer,57,F,0
3241,2798,Harish Shetty,55,M,0
3242,2799,Roopa Reddy,7,F,0
3243,2800,Deepa Murthy,12,F,0
3244,2800,Naveen Iyer,72,M,0
3245,2801,Basavaraj Achar,57,M,0
3246,2802,Yogesh Naik,49,M,0
3247,2803,Basavaraj Poojary,72,M,0
3248,2804,Manjula Murthy,18,F,0
3249,2804,Roopa Murthy,12,F,0
3250,2805,Shwetha Kumar,29,F,0
3251,2806,Rekha Hegde,34,F,0
3252,2807,Ganesh Reddy,36,M,0
3253,2808,Mahesh Naik,74,M,0
3254,2809,Manjunath Bhat,66,M,0
3255,2810,Ravi Naidu,72,M,0
3256,2811,Kavya Hegde,63,F,0
3257,2812,Kumar Patil,48,M,0
3258,2813,Vidya Bhat,60,F,0
3259,2814,Anita Reddy,43,F,0
3260,2815,Girish Gowda,49,M,0
3261,2816,Basavaraj Bhat,13,M,0
3262,2817,Anita Setty,64,F,0
3263,2818,Chaya Naidu,55,F,0
3264,2819,Ganesh Reddy,32,M,0
3265,2820,Santosh Naik,49,M,0
3266,2821,Chaya Murthy,73,F,0
3267,2822,Girish Reddy,13,M,0
3268,2823,Pooja Naidu,63,F,0
3269,2824,Roopa Naidu,33,F,0
3270,2825,Rekha Achar,24,F,0
3271,2826,Srinivas Iyer,20,M,0
3272,2827,Ravi Naidu,32,M,0
3273,2827,Priya Hegde,15,F,0
3274,2828,Girish Hegde,25,M,0
3275,2829,Kavya Poojary,51,F,0
3276,2830,Prakash Iyer,49,M,0
3277,2831,Kavya Poojary,34,F,0
3278,2832,Ravi Bhat,5,M,0
3279,2833,Manjunath Bhat,24,M,0
3280,2834,Harish Kumar,61,M,0
3281,2835,Ganesh Poojary,19,M,0
3282,2836,Savitha Kumar,46,F,0
3283,2836,Sowmya Hegde,57,F,0
3284,2837,Srinivas Poojary,12,M,0
3285,2838,Shwetha Hegde,43,F,0
3286,2839,Yogesh Patil,52,M,0
3287,2839,Nagaraj Kumar,10,M,0
3288,2840,Ganesh Bhat,54,M,0
3289,2841,Shwetha Naik,40,F,0
3290,2841,Yogesh Kumar,21,M,0
3291,2842,Anil Patil,18,M,0
3292,2843,Anil Poojary,59,M,0
3293,2844,Sowmya Patil,46,F,0
3294,2845,Shwetha Patil,35,F,0
3295,2845,Vijay Kumar,68,M,0
3296,2846,Harish Achar,48,M,0
3297,2847,Sowmya Naik,69,F,0
3298,2848,Santosh Naidu,27,M,0
3299,2849,Raghu Rao,32,M,0
3300,2849,Girish Kumar,27,M,0
3301,2850,Santosh Iyer,7,M,0
3302,2851,Manjula Gowda,46,F,0
3303,2852,Santosh Poojary,16,M,0
3304,2853,Ravi Bhat,21,M,0
3305,2853,Girish Hegde,32,M,0
3306,2854,Anil Gowda,61,M,0
3307,2855,Kumar Setty,41,M,0
3308,2856,Nagaraj Reddy,45,M,0
3309,2857,Basavaraj Kumar,25,M,0
3310,2858,Shivaraj Murthy,28,M,0
3311,2859,Priya Reddy,13,F,0
3312,2860,Manjula Bhat,69,F,0
3313,2861,Prakash Achar,62,M,0
3314,2862,Nagaraj Poojary,37,M,0
3315,2863,Basavaraj Naik,28,M,0
3316,2864,Ganesh Setty,18,M,0
3317,2865,Ganesh Rao,14,M,0
3318,2866,Ganesh Naidu,35,M,0
3319,2867,Raghu Gowda,66,M,0
3320,2867,Girish Hegde,52,M,0
3321,2868,Vidya Poojary,54,F,0
3322,2869,Manjula Setty,21,F,0
3323,2870,Shobha Bhat,68,F,0
3324,2871,Vijay Achar,60,M,0
3325,2872,Kavya Murthy,65,F,0
3326,2872,Ramesh Reddy,58,M,0
3327,2873,Lakshmi Patil,73,F,0
3328,2874,Nagaraj Hegde,33,M,0
3329,2875,Ravi Bhat,23,M,0
3330,2875,Mahesh Reddy,64,M,0
3331,2876,Shwetha Achar,31,F,0
3332,2877,Nagaraj Poojary,35,M,0
3333,2878,Savitha Bhat,44,F,0
3334,2879,Basavaraj Bhat,30,M,0
3335,2879,Bhagya Hegde,56,F,0
3336,2880,Savitha Gowda,41,F,0
3337,2880,Savitha Achar,53,F,0
3338,2881,Kumar Murthy,35,M,0
3339,2882,Geeta Naik,52,F,0
3340,2883,Vijay Gowda,37,M,0
3341,2884,Vijay Naik,58,M,0
3342,2885,Priya Setty,19,F,0
3343,2886,Yogesh Bhat,5,M,0
3344,2887,Shivaraj Patil,19,M,0
3345,2888,Yogesh Kumar,65,M,0
3346,2889,Ravi Achar,5,M,0
3347,2890,Rekha Kumar,47,F,0
3348,2891,Prakash Iyer,75,M,0
3349,2892,Geeta Kumar,65,F,0
3350,2893,Harish Kumar,35,M,0
3351,2894,Prakash Murthy,43,M,0
3352,2895,Anita Reddy,75,F,0
3353,2895,Roopa Kumar,64,F,0
3354,2896,Shivaraj Murthy,32,M,0
3355,2897,Vidya Patil,58,F,0
3356,2898,Shwetha Naik,51,F,0
3357,2899,Shwetha Naidu,29,F,0
3358,2900,Kavya Kumar,6,F,0
3359,2901,Radha Achar,57,F,0
3360,2902,Priya Naidu,6,F,0
3361,2903,Kumar Gowda,14,M,0
3362,2904,Manjunath Rao,11,M,0
3363,2905,Rekha Reddy,48,F,0
3364,2906,Suresh Bhat,27,M,0
3365,2906,Shobha Naik,27,F,0
3366,2907,Harish Achar,58,M,0
3367,2908,Shivaraj Rao,37,M,0
3368,2908,Lakshmi Setty,15,F,0
3369,2909,Chaya Naidu,18,F,0
3370,2909,Ramesh Naidu,58,M,0
3371,2910,Santosh Naidu,13,M,0
3372,2911,Geeta Patil,48,F,0
3373,2912,Shivaraj Naidu,27,M,0
3374,2913,Harish Reddy,70,M,0
3375,2913,Roopa Naidu,72,F,0
3376,2914,Ravi Iyer,29,M,0
3377,2914,Lakshmi Murthy,52,F,0
3378,2915,Ramesh Setty,65,M,0
3379,2916,Priya Naik,62,F,0
3380,2917,Rekha Setty,43,F,0
3381,2918,Sowmya Gowda,30,F,0
3382,2919,Manjula Rao,47,F,0
3383,2919,Vijay Shetty,50,M,0
3384,2920,Ravi Rao,60,M,0
3385,2921,Nandini Murthy,58,F,0
3386,2922,Nandini Murthy,61,F,0
3387,2923,Nagaraj Reddy,20,M,0
3388,2924,Radha Poojary,47,F,0
3389,2925,Bhagya Naidu,64,F,0
3390,2926,Rekha Achar,57,F,0
3391,2927,Raghu Poojary,41,M,0
3392,2928,Anita Naik,31,F,0
3393,2929,Mahesh Reddy,36,M,0
3394,2930,Anita Reddy,70,F,0
3395,2930,Raghu Patil,23,M,0
3396,2931,Mahesh Iyer,72,M,0
3397,2932,Ganesh Setty,41,M,0
3398,2933,Nandini Kumar,9,F,0
3399,2934,Chaya Reddy,23,F,0
3400,2935,Lakshmi Iyer,69,F,0
3401,2935,Radha Achar,6,F,0
3402,2936,Radha Rao,70,F,0
3403,2937,Sunita Rao,16,F,0
3404,2938,Priya Murthy,58,F,0
3405,2939,Nagaraj Murthy,33,M,0
3406,2940,Ramesh Bhat,10,M,0
3407,2941,Shwetha Naidu,7,F,0
3408,2942,Prakash Reddy,70,M,0
3409,2943,Anita Achar,54,F,0
3410,2944,Chaya Bhat,13,F,0
3411,2944,Girish Murthy,18,M,0
3412,2945,Geeta Kumar,60,F,0
3413,2946,Sunita Patil,9,F,0
3414,2947,Manjula Achar,38,F,0
3415,2948,Shivaraj Patil,48,M,0
3416,2949,Santosh Setty,42,M,0
3417,2950,Srinivas Iyer,47,M,0
3418,2951,Manjunath Murthy,49,M,0
3419,2952,Lakshmi Murthy,10,F,0
3420,2953,Ganesh Naidu,60,M,0
3421,2954,Santosh Shetty,10,M,0
3422,2955,Lakshmi Poojary,29,F,0
3423,2956,Shivaraj Reddy,14,M,0
3424,2957,Mahesh Naik,47,M,0
3425,2958,Priya Kumar,63,F,0
3426,2959,Nandini Iyer,13,F,0
3427,2960,Harish Reddy,41,M,0
3428,2961,Srinivas Hegde,42,M,0
3429,2962,Pooja Reddy,12,F,0
3430,2963,Rekha Kumar,8,F,0
3431,2964,Manjunath Iyer,10,M,0
3432,2965,Ramesh Shetty,8,M,0
3433,2966,Harish Setty,30,M,0
3434,2967,Naveen Iyer,47,M,0
3435,2968,Shwetha Iyer,37,F,0
3436,2969,Shwetha Poojary,28,F,0
3437,2970,Yogesh Gowda,47,M,0
3438,2971,Sowmya Reddy,41,F,0
3439,2972,Srinivas Gowda,19,M,0
3440,2973,Anita Patil,12,F,0
3441,2973,Kavya Shetty,54,F,0
3442,2974,Girish Naik,41,M,0
3443,2975,Bhagya Murthy,15,F,0
3444,2976,Kavya Rao,65,F,0
3445,2977,Nagaraj Poojary,30,M,0
3446,2978,Nandini Naidu,43,F,0
3447,2979,Radha Setty,70,F,0
3448,2980,Prakash Bhat,19,M,0
3449,2981,Ganesh Gowda,7,M,0
3450,2982,Chaya Reddy,48,F,0
3451,2983,Girish Rao,12,M,0
3452,2984,Yogesh Poojary,55,M,0
3453,2985,Yogesh Shetty,17,M,0
3454,2986,Priya Setty,42,F,0
3455,2987,Vijay Naik,64,M,0
3456,2988,Anita Achar,33,F,0
3457,2989,Kumar Poojary,43,M,0
3458,2989,Harish Naidu,50,M,0
3459,2990,Basavaraj Kumar,32,M,0
3460,2991,Ramesh Kumar,74,M,0
3461,2992,Vijay Rao,72,M,0
3462,2993,Lakshmi Achar,19,F,0
3463,2994,Anita Setty,6,F,0
3464,2995,Santosh Gowda,26,M,0
3465,2996,Ramesh Gowda,12,M,0
3466,2997,Roopa Setty,38,F,0
3467,2998,Anil Rao,64,M,0
3468,2999,Girish Poojary,33,M,0
3469,3000,Santosh Murthy,38,M,0
3470,3001,Basavaraj Hegde,51,M,0
3471,3002,Geeta Achar,40,F,0
3472,3003,Vidya Setty,16,F,0
3473,3004,Ganesh Shetty,75,M,0
3474,3005,Manjunath Naidu,17,M,0
3475,3006,Sowmya Iyer,50,F,0
3476,3007,Sunita Gowda,46,F,0
3477,3007,Deepa Iyer,29,F,0
3478,3008,Raghu Rao,60,M,0
3479,3009,Savitha Iyer,15,F,0
3480,3010,Srinivas Naik,5,M,0
3481,3011,Yogesh Poojary,52,M,0
3482,3012,Sowmya Shetty,62,F,0
3483,3013,Radha Naik,13,F,0
3484,3014,Ganesh Hegde,71,M,0
3485,3015,Srinivas Hegde,63,M,0
3486,3016,Manjunath Setty,40,M,0
3487,3017,Ganesh Naidu,31,M,0
3488,3018,Suresh Naik,14,M,0
3489,3019,Kavya Poojary,46,F,0
3490,3020,Anil Reddy,54,M,0
3491,3021,Lakshmi Achar,26,F,0
3492,3021,Yogesh Rao,49,M,0
3493,3022,Radha Murthy,67,F,0
3494,3023,Lakshmi Achar,70,F,0
3495,3024,Yogesh Rao,26,M,0
3496,3025,Manjunath Naidu,39,M,0
3497,3026,Shwetha Patil,26,F,0
3498,3027,Ganesh Bhat,33,M,0
3499,3028,Yogesh Poojary,55,M,0
3500,3028,Lakshmi Rao,11,F,0
3501,3029,Ramesh Naik,19,M,0
3502,3030,Sowmya Naidu,18,F,0
3503,3031,Harish Poojary,25,M,0
3504,3032,Shobha Reddy,49,F,0
3505,3033,Shwetha Kumar,17,F,0
3506,3033,Pooja Reddy,52,F,0
3507,3034,Nagaraj Patil,22,M,0
3508,3035,Vijay Reddy,66,M,0
3509,3036,Ganesh Murthy,59,M,0
3510,3037,Shobha Shetty,31,F,0
3511,3038,Girish Bhat,49,M,0
3512,3038,Shwetha Patil,13,F,0
3513,3039,Ramesh Patil,46,M,0
3514,3040,Naveen Naik,9,M,0
3515,3041,Chaya Patil,57,F,0
3516,3042,Shwetha Setty,66,F,0
3517,3043,Nagaraj Patil,6,M,0
3518,3044,Geeta Patil,15,F,0
3519,3045,Nandini Poojary,9,F,0
3520,3046,Basavaraj Achar,37,M,0
3521,3046,Prakash Bhat,46,M,0
3522,3047,Vidya Hegde,11,F,0
3523,3048,Prakash Rao,11,M,0
3524,3049,Bhagya Hegde,46,F,0
3525,3050,Manjunath Reddy,53,M,0
3526,3051,Shivaraj Achar,42,M,0
3527,3052,Yogesh Kumar,42,M,0
3528,3052,Priya Naik,50,F,0
3529,3053,Sowmya Naidu,19,F,0
3530,3054,Prakash Achar,41,M,0
3531,3055,Rekha Patil,14,F,0
3532,3056,Manjula Iyer,5,F,0
3533,3057,Mahesh Gowda,72,M,0
3534,3058,Geeta Gowda,71,F,0
3535,3059,Mahesh Gowda,32,M,0
3536,3060,Naveen Bhat,59,M,0
3537,3061,Shivaraj Naidu,75,M,0
3538,3062,Priya Naidu,59,F,0
3539,3063,Sunita Naidu,47,F,0
3540,3064,Rekha Kumar,69,F,0
3541,3065,Rekha Bhat,47,F,0
3542,3066,Ramesh Reddy,60,M,0
3543,3067,Shwetha Rao,64,F,0
3544,3068,Mahesh Poojary,23,M,0
3545,3069,Mahesh Kumar,16,M,0
3546,3070,Manjunath Reddy,51,M,0
3547,3071,Vijay Achar,12,M,0
3548,3072,Kumar Iyer,70,M,0
3549,3073,Srinivas Shetty,15,M,0
3550,3074,Harish Patil,31,M,0
3551,3075,Shivaraj Shetty,22,M,0
3552,3076,Lakshmi Naidu,68,F,0
3553,3077,Geeta Setty,31,F,0
3554,3078,Lakshmi Poojary,33,F,0
3555,3079,Sunita Iyer,56,F,0
3556,3080,Sowmya Reddy,21,F,0
3557,3081,Pooja Rao,18,F,0
3558,3081,Kumar Naik,30,M,0
3559,3082,Kumar Kumar,15,M,0
3560,3083,Lakshmi Setty,61,F,0
3561,3084,Prakash Bhat,69,M,0
3562,3085,Girish Naik,27,M,0
3563,3086,Santosh Rao,35,M,0
3564,3086,Roopa Rao,60,F,0
3565,3087,Nandini Hegde,11,F,0
3566,3088,Manjunath Naik,7,M,0
3567,3089,Sunita Gowda,52,F,0
3568,3090,Nagaraj Murthy,14,M,0
3569,3091,Manjunath Rao,13,M,0
3570,3091,Shivaraj Bhat,51,M,0
3571,3092,Deepa Kumar,49,F,0
3572,3093,Ramesh Hegde,17,M,0
3573,3094,Pooja Rao,22,F,0
3574,3095,Sunita Patil,48,F,0
3575,3095,Pooja Bhat,15,F,0
3576,3096,Naveen Murthy,58,M,0
3577,3097,Ganesh Gowda,42,M,0
3578,3098,Savitha Naik,75,F,0
3579,3099,Chaya Shetty,27,F,0
3580,3100,Vidya Poojary,7,F,0
3581,3100,Suresh Reddy,7,M,0
3582,3101,Shobha Naidu,8,F,0
3583,3101,Basavaraj Iyer,64,M,0
3584,3102,Sunita Naik,49,F,0
3585,3103,Nandini Naik,26,F,0
3586,3104,Anil Patil,17,M,0
3587,3105,Shwetha Naidu,9,F,0
3588,3106,Suresh Gowda,7,M,0
3589,3107,Sunita Shetty,71,F,0
3590,3108,Manjunath Murthy,32,M,0
3591,3109,Ravi Bhat,49,M,0
3592,3110,Sunita Poojary,16,F,0
3593,3111,Girish Setty,44,M,0
3594,3112,Geeta Poojary,21,F,0
3595,3113,Ramesh Setty,12,M,0
3596,3114,Mahesh Gowda,49,M,0
3597,3115,Manjula Setty,58,F,0
3598,3116,Manjula Shetty,70,F,0
3599,3117,Nandini Naik,28,F,0
3600,3118,Sunita Hegde,35,F,0
3601,3119,Bhagya Gowda,38,F,0
3602,3120,Savitha Patil,42,F,0
3603,3120,Vijay Achar,71,M,0
3604,3121,Lakshmi Murthy,13,F,0
3605,3122,Pooja Bhat,39,F,0
3606,3122,Lakshmi Gowda,39,F,0
3607,3123,Radha Naidu,26,F,0
3608,3124,Manjula Naik,32,F,0
3609,3125,Raghu Setty,37,M,0
3610,3126,Anil Achar,23,M,0
3611,3127,Nandini Achar,5,F,0
3612,3128,Yogesh Setty,69,M,0
3613,3129,Chaya Setty,66,F,0
3614,3130,Raghu Naidu,46,M,0
3615,3130,Basavaraj Naidu,60,M,0
3616,3131,Kumar Iyer,46,M,0
3617,3132,Sowmya Shetty,34,F,0
3618,3133,Raghu Patil,29,M,0
3619,3134,Manjula Iyer,50,F,0
3620,3134,Pooja Gowda,39,F,0
3621,3135,Anil Naik,35,M,0
3622,3136,Sunita Murthy,51,F,0
3623,3137,Rekha Bhat,15,F,0
3624,3138,Geeta Setty,67,F,0
3625,3139,Srinivas Naik,50,M,0
3626,3140,Prakash Achar,50,M,0
3627,3141,Pooja Murthy,53,F,0
3628,3142,Kavya Naidu,15,F,0
3629,3143,Basavaraj Iyer,12,M,0
3630,3144,Sunita Bhat,58,F,0
3631,3145,Basavaraj Rao,41,M,0
3632,3145,Santosh Hegde,14,M,0
3633,3146,Radha Naik,64,F,0
3634,3147,Savitha Iyer,56,F,0
3635,3148,Chaya Setty,29,F,0
3636,3149,Raghu Kumar,43,M,0
3637,3149,Ganesh Setty,21,M,0
3638,3150,Anil Naik,48,M,0
3639,3151,Sowmya Shetty,28,F,0
3640,3152,Harish Shetty,16,M,0
3641,3153,Geeta Naidu,23,F,0
3642,3154,Nagaraj Shetty,49,M,0
3643,3155,Rekha Patil,30,F,0
3644,3156,Shobha Kumar,18,F,0
3645,3157,Suresh Gowda,51,M,0
3646,3157,Shwetha Rao,27,F,0
3647,3158,Kavya Bhat,68,F,0
3648,3159,Bhagya Patil,8,F,0
3649,3160,Srinivas Kumar,9,M,0
3650,3161,Rekha Hegde,9,F,0
3651,3162,Shobha Kumar,42,F,0
3652,3163,Chaya Patil,69,F,0
3653,3164,Raghu Rao,15,M,0
3654,3165,Naveen Patil,8,M,0
3655,3166,Chaya Poojary,46,F,0
3656,3167,Srinivas Rao,71,M,0
3657,3168,Prakash Murthy,63,M,0
3658,3169,Ravi Gowda,16,M,0
3659,3170,Rekha Naik,39,F,0
3660,3171,Sowmya Bhat,51,F,0
3661,3172,Raghu Rao,5,M,0
3662,3172,Bhagya Bhat,57,F,0
3663,3173,Vidya Rao,55,F,0
3664,3174,Kumar Kumar,70,M,0
3665,3175,Santosh Patil,58,M,0
3666,3176,Chaya Kumar,44,F,0
3667,3176,Naveen Naik,10,M,0
3668,3177,Shobha Kumar,39,F,0
3669,3178,Priya Naidu,32,F,0
3670,3179,Shwetha Bhat,71,F,0
3671,3180,Shobha Kumar,13,F,0
3672,3181,Kavya Setty,49,F,0
3673,3182,Nagaraj Shetty,7,M,0
3674,3183,Anita Bhat,59,F,0
3675,3184,Manjunath Setty,44,M,0
3676,3185,Prakash Achar,42,M,0
3677,3186,Priya Bhat,73,F,0
3678,3187,Manjula Achar,26,F,0
3679,3188,Santosh Setty,75,M,0
3680,3189,Nagaraj Bhat,34,M,0
3681,3190,Savitha Poojary,60,F,0
3682,3191,Harish Setty,24,M,0
3683,3192,Kavya Setty,27,F,0
3684,3193,Raghu Hegde,49,M,0
3685,3194,Ramesh Naik,36,M,0
3686,3195,Ganesh Reddy,40,M,0
3687,3196,Santosh Poojary,55,M,0
3688,3197,Chaya Naik,73,F,0
3689,3198,Prakash Naidu,74,M,0
3690,3198,Santosh Patil,32,M,0
3691,3199,Pooja Hegde,49,F,0
3692,3200,Anil Iyer,8,M,0
3693,3201,Geeta Kumar,5,F,0
3694,3202,Srinivas Naidu,30,M,0
3695,3203,Kavya Murthy,38,F,0
3696,3204,Girish Rao,20,M,0
3697,3204,Yogesh Murthy,13,M,0
3698,3205,Deepa Naidu,67,F,0
3699,3206,Chaya Shetty,6,F,0
3700,3207,Girish Iyer,27,M,0
3701,3207,Kumar Iyer,73,M,0
3702,3208,Radha Hegde,43,F,0
3703,3209,Vidya Poojary,54,F,0
3704,3210,Harish Patil,57,M,0
3705,3211,Raghu Achar,9,M,0
3706,3212,Priya Setty,20,F,0
3707,3213,Mahesh Rao,13,M,0
3708,3214,Bhagya Setty,32,F,0
3709,3215,Nagaraj Poojary,48,M,0
3710,3215,Kumar Reddy,28,M,0
3711,3216,Sowmya Iyer,6,F,0
3712,3217,Ganesh Naidu,49,M,0
3713,3218,Yogesh Murthy,29,M,0
3714,3219,Mahesh Poojary,30,M,0
3715,3220,Ravi Murthy,17,M,0
3716,3221,Srinivas Bhat,11,M,0
3717,3222,Ravi Setty,12,M,0
3718,3223,Naveen Patil,48,M,0
3719,3224,Vijay Gowda,24,M,0
3720,3225,Anita Gowda,23,F,0
3721,3226,Srinivas Iyer,38,M,0
3722,3226,Ramesh Murthy,13,M,0
3723,3227,Rekha Shetty,49,F,0
3724,3227,Sowmya Naik,67,F,0
3725,3228,Yogesh Shetty,68,M,0
3726,3229,Sowmya Poojary,54,F,0
3727,3230,Anita Murthy,53,F,0
3728,3231,Vidya Poojary,27,F,0
3729,3232,Nagaraj Achar,59,M,0
3730,3233,Naveen Iyer,50,M,0
3731,3234,Santosh Hegde,19,M,0
3732,3235,Radha Patil,68,F,0
3733,3236,Anita Hegde,72,F,0
3734,3237,Geeta Bhat,15,F,0
3735,3238,Chaya Poojary,15,F,0
3736,3239,Anil Shetty,5,M,0
3737,3240,Vidya Reddy,43,F,0
3738,3241,Sowmya Bhat,14,F,0
3739,3242,Chaya Iyer,44,F,0
3740,3242,Shwetha Achar,43,F,0
3741,3243,Anita Hegde,21,F,0
3742,3244,Srinivas Shetty,74,M,0
3743,3244,Harish Iyer,35,M,0
3744,3245,Raghu Rao,42,M,0
3745,3246,Girish Naidu,11,M,0
3746,3247,Manjula Patil,26,F,0
3747,3248,Roopa Shetty,15,F,0
3748,3249,Harish Rao,44,M,0
3749,3250,Shivaraj Iyer,10,M,0
3750,3251,Harish Patil,6,M,0
3751,3252,Manjula Poojary,48,F,0
3752,3253,Suresh Poojary,33,M,0
3753,3253,Manjula Kumar,75,F,0
3754,3254,Santosh Hegde,62,M,0
3755,3255,Naveen Shetty,53,M,0
3756,3256,Mahesh Naik,50,M,0
3757,3257,Roopa Naidu,10,F,0
3758,3257,Savitha Patil,56,F,0
3759,3258,Girish Murthy,6,M,0
3760,3259,Kavya Iyer,19,F,0
3761,3260,Mahesh Naik,64,M,0
3762,3261,Sunita Poojary,24,F,0
3763,3262,Roopa Setty,20,F,0
3764,3262,Geeta Hegde,74,F,0
3765,3263,Mahesh Reddy,60,M,0
3766,3264,Sunita Kumar,33,F,0
3767,3265,Manjula Patil,35,F,0
3768,3266,Ravi Rao,29,M,0
3769,3266,Harish Gowda,23,M,0
3770,3267,Sunita Kumar,25,F,0
3771,3268,Yogesh Kumar,40,M,0
3772,3269,Mahesh Naik,63,M,0
3773,3270,Shivaraj Patil,23,M,0
3774,3271,Vidya Setty,19,F,0
3775,3272,Vijay Rao,63,M,0
3776,3273,Kavya Patil,62,F,0
3777,3274,Kumar Reddy,37,M,0
3778,3275,Nandini Achar,35,F,0
3779,3276,Vijay Rao,50,M,0
3780,3276,Rekha Gowda,53,F,0
3781,3277,Harish Naik,66,M,0
3782,3278,Manjula Naidu,67,F,0
3783,3279,Girish Setty,27,M,0
3784,3280,Kumar Naik,6,M,0
3785,3281,Ravi Bhat,71,M,0
3786,3282,Lakshmi Rao,54,F,0
3787,3282,Nagaraj Achar,75,M,0
3788,3283,Roopa Shetty,50,F,0
3789,3284,Chaya Iyer,22,F,0
3790,3285,Pooja Achar,59,F,0
3791,3286,Savitha Hegde,49,F,0
3792,3287,Santosh Rao,26,M,0
3793,3288,Chaya Poojary,45,F,0
3794,3288,Basavaraj Patil,62,M,0
3795,3289,Naveen Rao,69,M,0
3796,3290,Priya Achar,50,F,0
3797,3291,Manjunath Reddy,35,M,0
3798,3292,Nandini Reddy,62,F,0
3799,3293,Deepa Shetty,43,F,0
3800,3294,Vidya Reddy,45,F,0
3801,3295,Naveen Murthy,49,M,0
3802,3295,Srinivas Reddy,16,M,0
3803,3296,Raghu Reddy,36,M,0
3804,3297,Bhagya Naik,10,F,0
3805,3298,Harish Hegde,43,M,0
3806,3299,Nandini Hegde,6,F,0
3807,3300,Bhagya Naik,34,F,0
3808,3301,Kumar Hegde,64,M,0
3809,3302,Manjunath Bhat,41,M,0
3810,3303,Basavaraj Bhat,52,M,0
3811,3304,Mahesh Shetty,44,M,0
3812,3305,Bhagya Iyer,10,F,0
3813,3305,Yogesh Achar,55,M,0
3814,3306,Savitha Kumar,33,F,0
3815,3307,Vijay Naidu,14,M,0
3816,3308,Yogesh Naidu,58,M,0
3817,3308,Anita Kumar,24,F,0
3818,3309,Vijay Achar,45,M,0
3819,3310,Raghu Achar,68,M,0
3820,3311,Vidya Naidu,42,F,0
3821,3311,Geeta Gowda,40,F,0
3822,3312,Srinivas Gowda,30,M,0
3823,3313,Naveen Naik,12,M,0
3824,3314,Savitha Setty,34,F,0
3825,3315,Pooja Setty,23,F,0
3826,3315,Kavya Gowda,26,F,0
3827,3316,Shobha Reddy,47,F,0
3828,3316,Pooja Reddy,23,F,0
3829,3317,Ganesh Iyer,12,M,0
3830,3318,Basavaraj Iyer,47,M,0
3831,3319,Raghu Patil,17,M,0
3832,3320,Nandini Shetty,41,F,0
3833,3321,Lakshmi Naidu,73,F,0
3834,3322,Deepa Naidu,35,F,0
3835,3322,Basavaraj Rao,62,M,0
3836,3323,Ramesh Bhat,58,M,0
3837,3324,Suresh Setty,20,M,0
3838,3325,Lakshmi Naik,34,F,0
3839,3325,Yogesh Gowda,38,M,0
3840,3326,Nagaraj Hegde,25,M,0
3841,3327,Prakash Achar,20,M,0
3842,3328,Yogesh Setty,14,M,0
3843,3329,Nandini Naidu,19,F,0
3844,3330,Bhagya Kumar,42,F,0
3845,3331,Kumar Setty,13,M,0
3846,3332,Nandini Achar,70,F,0
3847,3332,Ravi Hegde,23,M,0
3848,3333,Nandini Poojary,65,F,0
3849,3334,Deepa Bhat,53,F,0
3850,3335,Bhagya Naidu,45,F,0
3851,3336,Shobha Patil,17,F,0
3852,3336,Ravi Kumar,45,M,0
3853,3337,Vidya Poojary,38,F,0
3854,3338,Geeta Rao,38,F,0
3855,3339,Geeta Naik,5,F,0
3856,3340,Ganesh Iyer,28,M,0
3857,3340,Sunita Bhat,14,F,0
3858,3341,Girish Murthy,38,M,0
3859,3342,Sowmya Iyer,9,F,0
3860,3343,Suresh Reddy,38,M,0
3861,3344,Radha Shetty,38,F,0
3862,3344,Santosh Shetty,73,M,0
3863,3345,Radha Naidu,28,F,0
3864,3346,Manjunath Gowda,15,M,0
3865,3346,Ravi Naik,22,M,0
3866,3347,Nagaraj Setty,17,M,0
3867,3348,Bhagya Naidu,42,F,0
3868,3349,Deepa Poojary,5,F,0
3869,3350,Suresh Shetty,64,M,0
3870,3351,Deepa Kumar,19,F,0
3871,3352,Vijay Naidu,50,M,0
3872,3353,Geeta Kumar,42,F,0
3873,3353,Lakshmi Hegde,58,F,0
3874,3354,Ganesh Naidu,44,M,0
3875,3355,Anil Setty,38,M,0
3876,3356,Girish Patil,6,M,0
3877,3356,Lakshmi Kumar,35,F,0
3878,3357,Kavya Achar,14,F,0
3879,3358,Ganesh Naidu,75,M,0
3880,3359,Kumar Gowda,74,M,0
3881,3360,Lakshmi Naidu,72,F,0
3882,3361,Shobha Reddy,13,F,0
3883,3362,Ravi Naidu,18,M,0
3884,3363,Deepa Setty,40,F,0
3885,3364,Mahesh Shetty,34,M,0
3886,3365,Geeta Reddy,26,F,0
3887,3366,Savitha Bhat,67,F,0
3888,3367,Anita Iyer,23,F,0
3889,3367,Basavaraj Shetty,56,M,0
3890,3368,Mahesh Poojary,8,M,0
3891,3368,Srinivas Naidu,45,M,0
3892,3369,Anil Bhat,34,M,0
3893,3370,Raghu Achar,50,M,0
3894,3371,Yogesh Setty,65,M,0
3895,3372,Priya Naidu,50,F,0
3896,3372,Rekha Shetty,73,F,0
3897,3373,Santosh Murthy,15,M,0
3898,3374,Radha Gowda,41,F,0
3899,3375,Ramesh Naidu,16,M,0
3900,3376,Anil Iyer,51,M,0
3901,3377,Santosh Naidu,8,M,0
3902,3378,Mahesh Achar,55,M,0
3903,3379,Ravi Gowda,31,M,0
3904,3380,Vijay Bhat,68,M,0
3905,3381,Geeta Naidu,14,F,0
3906,3382,Priya Bhat,48,F,0
3907,3383,Girish Achar,45,M,0
3908,3384,Anita Naik,13,F,0
3909,3385,Kumar Kumar,65,M,0
3910,3386,Sunita Murthy,8,F,0
3911,3387,Kavya Shetty,47,F,0
3912,3387,Shobha Murthy,62,F,0
3913,3388,Radha Reddy,17,F,0
3914,3389,Bhagya Reddy,26,F,0
3915,3390,Priya Achar,29,F,0
3916,3390,Roopa Iyer,34,F,0
3917,3391,Harish Kumar,58,M,0
3918,3392,Geeta Iyer,6,F,0
3919,3393,Basavaraj Kumar,18,M,0
3920,3394,Manjunath Patil,64,M,0
3921,3395,Srinivas Reddy,64,M,0
3922,3395,Vidya Kumar,20,F,0
3923,3396,Roopa Bhat,46,F,0
3924,3397,Bhagya Naik,42,F,0
3925,3398,Basavaraj Reddy,73,M,0
3926,3398,Nagaraj Poojary,67,M,0
3927,3399,Srinivas Naik,36,M,0
3928,3400,Geeta Reddy,38,F,0
3929,3401,Vijay Murthy,42,M,0
3930,3402,Harish Naidu,55,M,0
3931,3403,Kumar Achar,45,M,0
3932,3404,Kumar Naidu,28,M,0
3933,3405,Ganesh Gowda,27,M,0
3934,3406,Deepa Achar,29,F,0
3935,3407,Savitha Achar,55,F,0
3936,3408,Girish Hegde,28,M,0
3937,3409,Vidya Rao,70,F,0
3938,3410,Nagaraj Naidu,35,M,0
3939,3411,Anita Kumar,28,F,0
3940,3411,Naveen Gowda,54,M,0
3941,3412,Roopa Kumar,8,F,0
3942,3413,Sowmya Reddy,68,F,0
3943,3414,Santosh Setty,41,M,0
3944,3415,Shobha Shetty,18,F,0
3945,3415,Bhagya Shetty,38,F,0
3946,3416,Shwetha Poojary,41,F,0
3947,3417,Shivaraj Naik,14,M,0
3948,3418,Pooja Hegde,29,F,0
3949,3419,Raghu Poojary,29,M,0
3950,3420,Vidya Patil,60,F,0
3951,3421,Shwetha Shetty,38,F,0
3952,3422,Manjula Setty,29,F,0
3953,3423,Girish Hegde,65,M,0
3954,3424,Kumar Shetty,68,M,0
3955,3425,Vidya Kumar,12,F,0
3956,3426,Santosh Poojary,66,M,0
3957,3427,Naveen Rao,13,M,0
3958,3428,Manjula Iyer,17,F,0
3959,3429,Ganesh Reddy,68,M,0
3960,3430,Manjula Murthy,33,F,0
3961,3431,Chaya Rao,33,F,0
3962,3431,Deepa Patil,55,F,0
3963,3432,Mahesh Poojary,75,M,0
3964,3433,Roopa Iyer,36,F,0
3965,3434,Chaya Murthy,42,F,0
3966,3435,Raghu Gowda,49,M,0
3967,3436,Deepa Reddy,49,F,0
3968,3437,Mahesh Naidu,50,M,0
3969,3437,Geeta Bhat,64,F,0
3970,3438,Priya Achar,10,F,0
3971,3439,Srinivas Murthy,26,M,0
3972,3440,Sunita Naik,17,F,0
3973,3441,Deepa Hegde,56,F,0
3974,3441,Mahesh Kumar,58,M,0
3975,3442,Priya Gowda,33,F,0
3976,3443,Sowmya Iyer,13,F,0
3977,3444,Anita Naidu,10,F,0
3978,3445,Girish Naik,35,M,0
3979,3446,Suresh Bhat,14,M,0
3980,3447,Pooja Poojary,49,F,0
3981,3447,Srinivas Reddy,52,M,0
3982,3448,Bhagya Patil,43,F,0
3983,3449,Radha Iyer,67,F,0
3984,3450,Sowmya Poojary,55,F,0
3985,3451,Kumar Shetty,6,M,0
3986,3452,Raghu Murthy,8,M,0
3987,3453,Priya Poojary,41,F,0
3988,3454,Prakash Naik,20,M,0
3989,3455,Manjula Iyer,48,F,0
3990,3456,Suresh Poojary,53,M,0
3991,3457,Srinivas Iyer,72,M,0
3992,3457,Girish Kumar,67,M,0
3993,3458,Pooja Naidu,40,F,0
3994,3459,Kumar Bhat,47,M,0
3995,3460,Lakshmi Bhat,25,F,0
3996,3461,Geeta Patil,60,F,0
3997,3462,Suresh Setty,69,M,0
3998,3463,Priya Naik,35,F,0
3999,3464,Manjunath Naidu,51,M,0
4000,3465,Rekha Kumar,10,F,0
4001,3465,Sunita Patil,43,F,0
4002,3466,Nandini Shetty,23,F,0
4003,3467,Basavaraj Gowda,36,M,0
4004,3468,Sunita Iyer,54,F,0
4005,3469,Anita Setty,35,F,0
4006,3470,Prakash Iyer,29,M,0
4007,3471,Sowmya Poojary,33,F,0
4008,3472,Santosh Shetty,54,M,0
4009,3473,Naveen Rao,29,M,0
4010,3474,Girish Naik,44,M,0
4011,3475,Basavaraj Iyer,38,M,0
4012,3476,Vidya Shetty,66,F,0
4013,3477,Manjunath Rao,49,M,0
4014,3478,Suresh Setty,17,M,0
4015,3478,Rekha Shetty,70,F,0
4016,3479,Yogesh Hegde,51,M,0
4017,3480,Anita Kumar,19,F,0
4018,3480,Vidya Hegde,69,F,0
4019,3481,Shobha Achar,27,F,0
4020,3481,Chaya Setty,10,F,0
4021,3482,Shobha Naik,65,F,0
4022,3483,Srinivas Rao,43,M,0
4023,3484,Roopa Bhat,8,F,0
4024,3485,Manjunath Naidu,65,M,0
4025,3486,Pooja Naidu,7,F,0
4026,3486,Harish Achar,52,M,0
4027,3487,Suresh Naik,70,M,0
4028,3488,Manjula Kumar,25,F,0
4029,3489,Sowmya Patil,50,F,0
4030,3490,Kumar Naik,73,M,0
4031,3490,Basavaraj Poojary,12,M,0
4032,3491,Anita Gowda,50,F,0
4033,3492,Anil Setty,29,M,0
4034,3492,Sunita Reddy,65,F,0
4035,3493,Rekha Reddy,15,F,0
4036,3494,Raghu Naidu,39,M,0
4037,3495,Rekha Setty,8,F,0
4038,3496,Suresh Shetty,53,M,0
4039,3497,Anil Poojary,67,M,0
4040,3498,Sowmya Poojary,61,F,0
4041,3499,Radha Murthy,47,F,0
4042,3500,Raghu Gowda,16,M,0
4043,3501,Bhagya Achar,59,F,0
4044,3502,Ramesh Naidu,55,M,0
4045,3503,Kavya Kumar,72,F,0
4046,3503,Basavaraj Naidu,7,M,0
4047,3504,Santosh Naik,40,M,0
4048,3505,Basavaraj Naidu,19,M,0
4049,3506,Yogesh Patil,47,M,0
4050,3507,Manjunath Naik,53,M,0
4051,3508,Priya Setty,60,F,0
4052,3508,Kumar Naik,15,M,0
4053,3509,Girish Kumar,20,M,0
4054,3509,Raghu Poojary,23,M,0
4055,3510,Roopa Murthy,43,F,0
4056,3511,Srinivas Naidu,5,M,0
4057,3512,Vidya Murthy,16,F,0
4058,3513,Naveen Naik,31,M,0
4059,3514,Pooja Setty,38,F,0
4060,3515,Ravi Patil,65,M,0
4061,3516,Sowmya Patil,46,F,0
4062,3517,Nagaraj Gowda,73,M,0
4063,3518,Pooja Reddy,10,F,0
4064,3519,Shwetha Patil,54,F,0
4065,3520,Deepa Achar,27,F,0
4066,3521,Anita Reddy,28,F,0
4067,3522,Kumar Reddy,20,M,0
4068,3523,Kavya Naidu,32,F,0
4069,3523,Ravi Reddy,44,M,0
4070,3524,Anita Bhat,32,F,0
4071,3525,Vidya Achar,6,F,0
4072,3525,Geeta Achar,59,F,0
4073,3526,Kavya Naik,63,F,0
4074,3527,Roopa Reddy,5,F,0
4075,3528,Ravi Murthy,46,M,0
4076,3529,Vidya Shetty,59,F,0
4077,3529,Vidya Iyer,36,F,0
4078,3530,Sunita Rao,29,F,0
4079,3531,Harish Iyer,12,M,0
4080,3532,Shivaraj Naik,68,M,0
4081,3533,Vijay Bhat,8,M,0
4082,3534,Roopa Achar,27,F,0
4083,3535,Prakash Gowda,53,M,0
4084,3536,Ramesh Poojary,19,M,0
4085,3537,Girish Rao,54,M,0
4086,3538,Sowmya Naidu,52,F,0
4087,3538,Radha Naik,21,F,0
4088,3539,Sowmya Murthy,37,F,0
4089,3540,Shwetha Poojary,51,F,0
4090,3541,Yogesh Bhat,72,M,0
4091,3542,Rekha Murthy,25,F,0
4092,3543,Chaya Naidu,31,F,0
4093,3544,Sunita Achar,33,F,0
4094,3545,Sowmya Naidu,47,F,0
4095,3546,Ramesh Poojary,67,M,0
4096,3547,Geeta Achar,33,F,0
4097,3548,Yogesh Reddy,51,M,0
4098,3548,Girish Reddy,24,M,0
4099,3549,Vijay Gowda,60,M,0
4100,3550,Naveen Hegde,5,M,0
4101,3551,Shobha Naik,56,F,0
4102,3552,Nagaraj Naik,36,M,0
4103,3553,Yogesh Achar,49,M,0
4104,3554,Srinivas Reddy,63,M,0
4105,3555,Chaya Bhat,39,F,0
4106,3556,Vijay Naik,40,M,0
4107,3557,Vijay Hegde,32,M,0
4108,3558,Kavya Naidu,41,F,0
4109,3559,Girish Iyer,29,M,0
4110,3560,Vijay Patil,32,M,0
4111,3561,Naveen Kumar,49,M,0
4112,3562,Nagaraj Shetty,11,M,0
4113,3563,Prakash Rao,28,M,0
4114,3564,Ravi Gowda,66,M,0
4115,3564,Chaya Naik,25,F,0
4116,3565,Ramesh Murthy,12,M,0
4117,3566,Yogesh Poojary,30,M,0
4118,3567,Naveen Murthy,41,M,0
4119,3568,Rekha Reddy,43,F,0
4120,3568,Deepa Shetty,30,F,0
4121,3569,Vijay Bhat,22,M,0
4122,3570,Nagaraj Gowda,10,M,0
4123,3571,Geeta Rao,22,F,0
4124,3572,Shivaraj Shetty,71,M,0
4125,3573,Pooja Patil,75,F,0
4126,3574,Pooja Gowda,9,F,0
4127,3575,Santosh Naik,38,M,0
4128,3576,Srinivas Patil,9,M,0
4129,3577,Sowmya Kumar,36,F,0
4130,3578,Lakshmi Rao,45,F,0
4131,3579,Bhagya Iyer,45,F,0
4132,3580,Vijay Poojary,24,M,0
4133,3581,Nandini Shetty,52,F,0
4134,3582,Radha Naik,48,F,0
4135,3583,Naveen Shetty,43,M,0
4136,3584,Savitha Poojary,62,F,0
4137,3585,Chaya Rao,69,F,0
4138,3586,Chaya Patil,50,F,0
4139,3587,Roopa Gowda,17,F,0
4140,3588,Anil Setty,66,M,0
4141,3589,Chaya Setty,71,F,0
4142,3590,Manjula Patil,46,F,0
4143,3591,Deepa Shetty,72,F,0
4144,3592,Naveen Gowda,63,M,0
4145,3593,Yogesh Kumar,62,M,0
4146,3594,Kumar Naik,44,M,0
4147,3595,Radha Gowda,6,F,0
4148,3596,Harish Patil,41,M,0
4149,3597,Kavya Naik,13,F,0
4150,3598,Shivaraj Murthy,53,M,0
4151,3599,Suresh Iyer,71,M,0
4152,3600,Raghu Setty,5,M,0
4153,3601,Geeta Gowda,51,F,0
4154,3602,Nagaraj Naidu,65,M,0
4155,3603,Raghu Shetty,14,M,0
4156,3604,Savitha Setty,9,F,0
4157,3605,Rekha Achar,35,F,0
4158,3606,Rekha Bhat,40,F,0
4159,3607,Suresh Naidu,59,M,0
4160,3608,Shwetha Hegde,48,F,0
4161,3609,Anil Shetty,22,M,0
4162,3609,Suresh Reddy,27,M,0
4163,3610,Shivaraj Kumar,32,M,0
4164,3611,Radha Reddy,35,F,0
4165,3612,Bhagya Bhat,57,F,0
4166,3613,Suresh Reddy,60,M,0
4167,3614,Priya Hegde,10,F,0
4168,3615,Rekha Murthy,74,F,0
4169,3616,Santosh Gowda,5,M,0
4170,3617,Srinivas Rao,19,M,0
4171,3618,Kavya Rao,59,F,0
4172,3618,Srinivas Reddy,20,M,0
4173,3619,Vidya Naik,53,F,0
4174,3620,Bhagya Hegde,8,F,0
4175,3621,Girish Hegde,40,M,0
4176,3622,Yogesh Hegde,71,M,0
4177,3623,Manjula Murthy,36,F,0
4178,3624,Harish Naik,42,M,0
4179,3625,Vidya Patil,19,F,0
4180,3626,Priya Murthy,40,F,0
4181,3627,Shwetha Murthy,49,F,0
4182,3628,Manjunath Achar,49,M,0
4183,3629,Nandini Bhat,67,F,0
4184,3630,Shwetha Patil,27,F,0
4185,3631,Bhagya Patil,8,F,0
4186,3632,Lakshmi Reddy,46,F,0
4187,3633,Harish Kumar,65,M,0
4188,3634,Ganesh Rao,35,M,0
4189,3635,Sunita Setty,34,F,0
4190,3636,Savitha Naik,27,F,0
4191,3637,Manjula Kumar,64,F,0
4192,3638,Harish Rao,64,M,0
4193,3639,Lakshmi Achar,15,F,0
4194,3640,Geeta Achar,66,F,0
4195,3640,Shobha Reddy,47,F,0
4196,3641,Srinivas Hegde,38,M,0
4197,3642,Srinivas Naik,70,M,0
4198,3642,Manjunath Reddy,12,M,0
4199,3643,Harish Reddy,36,M,0
4200,3644,Pooja Naik,59,F,0
4201,3645,Ramesh Hegde,21,M,0
4202,3645,Basavaraj Naik,58,M,0
4203,3646,Rekha Hegde,25,F,0
4204,3647,Bhagya Bhat,38,F,0
4205,3648,Priya Reddy,57,F,0
4206,3649,Ganesh Shetty,71,M,0
4207,3650,Basavaraj Achar,22,M,0
4208,3651,Bhagya Hegde,71,F,0
4209,3651,Nandini Bhat,68,F,0
4210,3652,Harish Gowda,62,M,0
4211,3653,Vijay Bhat,49,M,0
4212,3654,Mahesh Gowda,62,M,0
4213,3655,Naveen Hegde,22,M,0
4214,3656,Savitha Poojary,43,F,0
4215,3656,Pooja Iyer,19,F,0
4216,3657,Santosh Bhat,62,M,0
4217,3658,Lakshmi Poojary,39,F,0
4218,3659,Girish Hegde,51,M,0
4219,3660,Geeta Hegde,63,F,0
4220,3661,Sowmya Poojary,54,F,0
4221,3662,Manjula Poojary,53,F,0
4222,3663,Roopa Iyer,38,F,0
4223,3663,Mahesh Hegde,67,M,0
4224,3664,Priya Naik,20,F,0
4225,3665,Naveen Naik,32,M,0
4226,3665,Harish Naidu,16,M,0
4227,3666,Harish Achar,25,M,0
4228,3667,Ganesh Naik,51,M,0
4229,3667,Mahesh Rao,31,M,0
4230,3668,Savitha Bhat,34,F,0
4231,3669,Sunita Murthy,42,F,0
4232,3670,Basavaraj Naidu,33,M,0
4233,3671,Kumar Bhat,9,M,0
4234,3672,Anita Hegde,12,F,0
4235,3673,Mahesh Hegde,74,M,0
4236,3673,Kavya Hegde,69,F,0
4237,3674,Nandini Setty,67,F,0
4238,3675,Shivaraj Kumar,20,M,0
4239,3676,Bhagya Hegde,8,F,0
4240,3677,Radha Murthy,58,F,0
4241,3678,Deepa Reddy,31,F,0
4242,3679,Nagaraj Iyer,24,M,0
4243,3680,Anita Kumar,26,F,0
4244,3681,Ravi Naik,13,M,0
4245,3681,Deepa Rao,21,F,0
4246,3682,Kumar Shetty,60,M,0
4247,3683,Girish Reddy,64,M,0
4248,3684,Geeta Gowda,31,F,0
4249,3685,Nagaraj Hegde,70,M,0
4250,3686,Mahesh Shetty,25,M,0
4251,3687,Geeta Patil,32,F,0
4252,3688,Anil Patil,48,M,0
4253,3689,Anil Gowda,19,M,0
4254,3690,Girish Shetty,46,M,0
4255,3691,Manjunath Achar,72,M,0
4256,3692,Anita Iyer,51,F,0
4257,3692,Savitha Hegde,60,F,0
4258,3693,Kumar Rao,57,M,0
4259,3694,Santosh Bhat,58,M,0
4260,3695,Kavya Hegde,45,F,0
4261,3696,Priya Poojary,53,F,0
4262,3697,Sowmya Shetty,55,F,0
4263,3698,Raghu Patil,9,M,0
4264,3699,Nagaraj Naik,64,M,0
4265,3700,Manjunath Murthy,5,M,0
4266,3701,Anil Reddy,25,M,0
4267,3702,Lakshmi Shetty,5,F,0
4268,3703,Ravi Shetty,33,M,0
4269,3703,Manjula Achar,75,F,0
4270,3704,Kumar Setty,43,M,0
4271,3705,Roopa Naik,26,F,0
4272,3706,Vidya Setty,33,F,0
4273,3707,Shivaraj Shetty,20,M,0
4274,3708,Priya Shetty,22,F,0
4275,3709,Santosh Shetty,23,M,0
4276,3710,Harish Poojary,8,M,0
4277,3711,Priya Kumar,40,F,0
4278,3712,Roopa Achar,25,F,0
4279,3713,Deepa Murthy,9,F,0
4280,3714,Mahesh Rao,53,M,0
4281,3715,Geeta Reddy,34,F,0
4282,3716,Radha Achar,31,F,0
4283,3717,Lakshmi Shetty,34,F,0
4284,3717,Sowmya Setty,58,F,0
4285,3718,Santosh Patil,73,M,0
4286,3719,Chaya Naidu,36,F,0
4287,3720,Priya Reddy,65,F,0
4288,3721,Ganesh Poojary,52,M,0
4289,3722,Pooja Iyer,50,F,0
4290,3723,Shobha Reddy,39,F,0
4291,3724,Deepa Shetty,72,F,0
4292,3725,Kumar Poojary,34,M,0
4293,3725,Pooja Setty,16,F,0
4294,3726,Shivaraj Achar,69,M,0
4295,3727,Suresh Poojary,15,M,0
4296,3728,Basavaraj Naik,18,M,0
4297,3729,Priya Poojary,35,F,0
4298,3730,Roopa Shetty,64,F,0
4299,3731,Prakash Setty,23,M,0
4300,3731,Sunita Reddy,73,F,0
4301,3732,Roopa Bhat,66,F,0
4302,3733,Nagaraj Rao,43,M,0
4303,3734,Nagaraj Murthy,46,M,0
4304,3735,Basavaraj Naik,30,M,0
4305,3736,Nagaraj Poojary,21,M,0
4306,3736,Suresh Poojary,31,M,0
4307,3737,Basavaraj Gowda,17,M,0
4308,3738,Shivaraj Bhat,35,M,0
4309,3739,Santosh Achar,60,M,0
4310,3739,Girish Bhat,67,M,0
4311,3740,Ramesh Murthy,59,M,0
4312,3741,Shobha Gowda,25,F,0
4313,3742,Vijay Rao,20,M,0
4314,3743,Priya Achar,48,F,0
4315,3743,Suresh Iyer,39,M,0
4316,3744,Manjula Naik,5,F,0
4317,3745,Raghu Poojary,68,M,0
4318,3746,Kumar Patil,70,M,0
4319,3746,Nandini Poojary,51,F,0
4320,3747,Geeta Setty,55,F,0
4321,3748,Ramesh Murthy,6,M,0
4322,3749,Roopa Murthy,13,F,0
4323,3750,Manjunath Achar,13,M,0
4324,3751,Manjula Achar,44,F,0
4325,3752,Rekha Iyer,54,F,0
4326,3752,Radha Shetty,59,F,0
4327,3753,Suresh Shetty,26,M,0
4328,3754,Kavya Murthy,15,F,0
4329,3755,Srinivas Patil,23,M,0
4330,3756,Manjula Kumar,31,F,0
4331,3757,Vijay Bhat,21,M,0
4332,3758,Suresh Reddy,62,M,0
4333,3759,Sunita Naidu,30,F,0
4334,3759,Naveen Murthy,50,M,0
4335,3760,Shivaraj Gowda,33,M,0
4336,3761,Deepa Rao,21,F,0
4337,3762,Rekha Iyer,68,F,0
4338,3763,Roopa Achar,20,F,0
4339,3764,Prakash Naidu,52,M,0
4340,3765,Rekha Kumar,53,F,0
4341,3766,Shivaraj Achar,20,M,0
4342,3766,Shwetha Shetty,26,F,0
4343,3767,Kavya Hegde,48,F,0
4344,3768,Kumar Naik,8,M,0
4345,3769,Savitha Reddy,56,F,0
4346,3770,Santosh Shetty,51,M,0
4347,3771,Sowmya Kumar,75,F,0
4348,3772,Ramesh Reddy,38,M,0
4349,3773,Nagaraj Naik,9,M,0
4350,3774,Vidya Murthy,13,F,0
4351,3774,Raghu Iyer,47,M,0
4352,3775,Lakshmi Patil,44,F,0
4353,3776,Ravi Hegde,58,M,0
4354,3777,Ravi Rao,71,M,0
4355,3778,Kavya Bhat,60,F,0
4356,3779,Anil Patil,53,M,0
4357,3780,Harish Bhat,60,M,0
4358,3781,Naveen Shetty,26,M,0
4359,3782,Priya Gowda,32,F,0
4360,3783,Harish Shetty,56,M,0
4361,3784,Prakash Hegde,60,M,0
4362,3785,Kumar Bhat,37,M,0
4363,3786,Manjunath Reddy,63,M,0
4364,3787,Deepa Poojary,52,F,0
4365,3788,Ganesh Achar,44,M,0
4366,3789,Manjula Kumar,40,F,0
4367,3790,Basavaraj Iyer,61,M,0
4368,3791,Priya Poojary,56,F,0
4369,3791,Ramesh Murthy,26,M,0
4370,3792,Priya Setty,52,F,0
4371,3793,Sunita Hegde,6,F,0
4372,3793,Manjunath Hegde,19,M,0
4373,3794,Manjunath Gowda,18,M,0
4374,3795,Santosh Bhat,28,M,0
4375,3796,Raghu Reddy,68,M,0
4376,3796,Basavaraj Murthy,70,M,0
4377,3797,Lakshmi Hegde,21,F,0
4378,3798,Srinivas Hegde,68,M,0
4379,3798,Bhagya Iyer,48,F,0
4380,3799,Manjula Naik,10,F,0
4381,3800,Lakshmi Murthy,30,F,0
4382,3801,Anita Shetty,57,F,0
4383,3802,Prakash Naik,64,M,0
4384,3803,Kumar Gowda,67,M,0
4385,3804,Pooja Gowda,48,F,0
4386,3805,Basavaraj Patil,70,M,0
4387,3806,Santosh Bhat,49,M,0
4388,3807,Vijay Achar,28,M,0
4389,3808,Yogesh Setty,28,M,0
4390,3809,Pooja Setty,34,F,0
4391,3810,Lakshmi Naidu,5,F,0
4392,3811,Manjula Murthy,25,F,0
4393,3812,Radha Bhat,72,F,0
4394,3813,Radha Patil,15,F,0
4395,3814,Radha Bhat,9,F,0
4396,3814,Ganesh Rao,30,M,0
4397,3815,Ramesh Iyer,63,M,0
4398,3816,Rekha Iyer,23,F,0
4399,3817,Ramesh Bhat,20,M,0
4400,3818,Suresh Rao,66,M,0
4401,3819,Vijay Setty,52,M,0
4402,3820,Manjula Rao,65,F,0
4403,3821,Mahesh Hegde,72,M,0
4404,3822,Ganesh Murthy,66,M,0
4405,3823,Suresh Naidu,41,M,0
4406,3823,Shobha Murthy,62,F,0
4407,3824,Lakshmi Bhat,21,F,0
4408,3825,Kavya Reddy,54,F,0
4409,3826,Geeta Kumar,37,F,0
4410,3827,Shobha Kumar,19,F,0
4411,3828,Shivaraj Kumar,28,M,0
4412,3829,Basavaraj Shetty,57,M,0
4413,3830,Deepa Naik,9,F,0
4414,3831,Prakash Kumar,33,M,0
4415,3832,Prakash Hegde,75,M,0
4416,3833,Shobha Kumar,70,F,0
4417,3834,Ravi Bhat,68,M,0
4418,3835,Mahesh Shetty,38,M,0
4419,3836,Pooja Poojary,41,F,0
4420,3837,Shivaraj Iyer,62,M,0
4421,3838,Srinivas Achar,35,M,0
4422,3839,Prakash Gowda,51,M,0
4423,3840,Geeta Bhat,55,F,0
4424,3841,Raghu Shetty,73,M,0
4425,3841,Shivaraj Gowda,36,M,0
4426,3842,Manjula Hegde,25,F,0
4427,3843,Vidya Reddy,58,F,0
4428,3843,Santosh Naidu,20,M,0
4429,3844,Rekha Reddy,49,F,0
4430,3845,Prakash Iyer,28,M,0
4431,3845,Sunita Murthy,11,F,0
4432,3846,Anita Hegde,23,F,0
4433,3847,Kumar Naik,9,M,0
4434,3847,Pooja Rao,53,F,0
4435,3848,Manjunath Naidu,60,M,0
4436,3849,Yogesh Kumar,54,M,0
4437,3850,Manjunath Kumar,69,M,0
4438,3850,Suresh Shetty,21,M,0
4439,3851,Bhagya Achar,46,F,0
4440,3852,Priya Murthy,64,F,0
4441,3853,Vijay Reddy,35,M,0
4442,3854,Kumar Poojary,68,M,0
4443,3854,Rekha Naik,24,F,0
4444,3855,Ramesh Bhat,8,M,0
4445,3856,Harish Gowda,63,M,0
4446,3857,Anil Naidu,38,M,0
4447,3858,Kavya Shetty,16,F,0
4448,3859,Shivaraj Gowda,21,M,0
4449,3860,Savitha Rao,27,F,0
4450,3861,Shwetha Setty,30,F,0
4451,3862,Nagaraj Setty,26,M,0
4452,3863,Radha Hegde,15,F,0
4453,3864,Savitha Hegde,39,F,0
4454,3865,Mahesh Murthy,58,M,0
4455,3866,Vidya Kumar,52,F,0
4456,3867,Sunita Gowda,71,F,0
4457,3868,Kumar Murthy,9,M,0
4458,3868,Savitha Naidu,29,F,0
4459,3869,Harish Iyer,67,M,0
4460,3870,Ravi Murthy,32,M,0
4461,3870,Yogesh Iyer,51,M,0
4462,3871,Suresh Patil,72,M,0
4463,3871,Pooja Hegde,66,F,0
4464,3872,Kavya Kumar,23,F,0
4465,3873,Sunita Kumar,42,F,0
4466,3874,Srinivas Achar,12,M,0
4467,3875,Sowmya Kumar,19,F,0
4468,3876,Sowmya Reddy,39,F,0
4469,3877,Anil Naidu,56,M,0
4470,3877,Manjula Bhat,55,F,0
4471,3878,Deepa Naik,20,F,0
4472,3879,Vidya Achar,75,F,0
4473,3880,Manjula Murthy,10,F,0
4474,3881,Shwetha Gowda,72,F,0
4475,3882,Manjunath Murthy,25,M,0
4476,3883,Geeta Poojary,55,F,0
4477,3884,Ramesh Naik,20,M,0
4478,3884,Raghu Murthy,32,M,0
4479,3885,Raghu Gowda,68,M,0
4480,3885,Harish Murthy,50,M,0
4481,3886,Roopa Iyer,47,F,0
4482,3886,Nandini Achar,12,F,0
4483,3887,Nagaraj Patil,31,M,0
4484,3887,Shobha Murthy,38,F,0
4485,3888,Kavya Reddy,75,F,0
4486,3889,Suresh Poojary,47,M,0
4487,3890,Priya Setty,5,F,0
4488,3891,Geeta Gowda,74,F,0
4489,3892,Roopa Rao,20,F,0
4490,3893,Vidya Reddy,64,F,0
4491,3894,Ravi Naik,11,M,0
4492,3895,Chaya Murthy,27,F,0
4493,3896,Pooja Naidu,37,F,0
4494,3897,Deepa Kumar,73,F,0
4495,3898,Deepa Murthy,20,F,0
4496,3898,Vidya Naidu,66,F,0
4497,3899,Savitha Hegde,56,F,0
4498,3900,Shobha Reddy,27,F,0
4499,3901,Geeta Poojary,31,F,0
4500,3902,Rekha Hegde,26,F,0
4501,3902,Naveen Gowda,32,M,0
4502,3903,Priya Poojary,70,F,0
4503,3904,Kavya Naidu,40,F,0
4504,3905,Sowmya Patil,59,F,0
4505,3906,Rekha Rao,58,F,0
4506,3907,Shivaraj Murthy,12,M,0
4507,3907,Shwetha Naik,30,F,0
4508,3908,Prakash Murthy,6,M,0
4509,3909,Lakshmi Naik,30,F,0
4510,3910,Nandini Patil,20,F,0
4511,3910,Ganesh Shetty,52,M,0
4512,3911,Anita Achar,52,F,0
4513,3912,Deepa Rao,68,F,0
4514,3912,Geeta Rao,35,F,0
4515,3913,Radha Poojary,48,F,0
4516,3914,Kumar Iyer,11,M,0
4517,3914,Vijay Poojary,12,M,0
4518,3915,Anita Iyer,54,F,0
4519,3916,Naveen Shetty,37,M,0
4520,3917,Sowmya Setty,15,F,0
4521,3918,Shobha Gowda,31,F,0
4522,3919,Anil Gowda,5,M,0
4523,3920,Srinivas Naik,48,M,0
4524,3920,Manjula Achar,25,F,0
4525,3921,Roopa Naik,18,F,0
4526,3922,Lakshmi Rao,48,F,0
4527,3923,Raghu Setty,13,M,0
4528,3924,Pooja Kumar,19,F,0
4529,3925,Chaya Poojary,26,F,0
4530,3926,Shobha Hegde,60,F,0
4531,3927,Suresh Poojary,18,M,0
4532,3927,Bhagya Achar,61,F,0
4533,3928,Harish Rao,27,M,0
4534,3929,Srinivas Setty,62,M,0
4535,3930,Naveen Naik,10,M,0
4536,3931,Rekha Iyer,5,F,0
4537,3932,Geeta Poojary,27,F,0
4538,3933,Anita Patil,46,F,0
4539,3933,Basavaraj Patil,7,M,0
4540,3934,Lakshmi Iyer,20,F,0
4541,3935,Manjula Iyer,20,F,0
4542,3936,Nandini Poojary,9,F,0
4543,3937,Basavaraj Achar,65,M,0
4544,3937,Lakshmi Patil,28,F,0
4545,3938,Nandini Hegde,13,F,0
4546,3939,Ramesh Setty,21,M,0
4547,3940,Basavaraj Shetty,47,M,0
4548,3941,Bhagya Kumar,9,F,0
4549,3942,Savitha Bhat,53,F,0
4550,3943,Shwetha Rao,41,F,0
4551,3943,Deepa Reddy,18,F,0
4552,3944,Harish Bhat,23,M,0
4553,3945,Savitha Iyer,38,F,0
4554,3946,Chaya Shetty,61,F,0
4555,3946,Raghu Gowda,67,M,0
4556,3947,Anita Iyer,69,F,0
4557,3948,Roopa Shetty,51,F,0
4558,3949,Chaya Gowda,12,F,0
4559,3950,Manjunath Iyer,33,M,0
4560,3950,Roopa Poojary,55,F,0
4561,3951,Radha Shetty,73,F,0
4562,3952,Ravi Patil,17,M,0
4563,3953,Shwetha Hegde,56,F,0
4564,3954,Sunita Bhat,29,F,0
4565,3955,Prakash Bhat,9,M,0
4566,3956,Vijay Gowda,17,M,0
4567,3956,Prakash Murthy,26,M,0
4568,3957,Naveen Rao,52,M,0
4569,3957,Manjunath Reddy,58,M,0
4570,3958,Sunita Murthy,37,F,0
4571,3959,Girish Patil,34,M,0
4572,3960,Santosh Hegde,27,M,0
4573,3961,Savitha Iyer,31,F,0
4574,3962,Shobha Patil,60,F,0
4575,3963,Raghu Hegde,28,M,0
4576,3964,Kumar Kumar,60,M,0
4577,3965,Rekha Poojary,49,F,0
4578,3966,Santosh Naidu,62,M,0
4579,3967,Pooja Patil,32,F,0
4580,3968,Naveen Hegde,61,M,0
4581,3969,Naveen Naik,42,M,0
4582,3969,Harish Murthy,18,M,0
4583,3970,Ravi Hegde,68,M,0
4584,3971,Deepa Bhat,64,F,0
4585,3972,Roopa Naik,47,F,0
4586,3973,Roopa Achar,55,F,0
4587,3974,Rekha Naik,39,F,0
4588,3975,Manjunath Patil,46,M,0
4589,3976,Geeta Naidu,36,F,0
4590,3977,Chaya Naidu,47,F,0
4591,3978,Srinivas Reddy,6,M,0
4592,3979,Shivaraj Poojary,41,M,0
4593,3980,Basavaraj Gowda,5,M,0
4594,3981,Sowmya Kumar,5,F,0
4595,3982,Deepa Kumar,69,F,0
4596,3983,Nandini Setty,56,F,0
4597,3983,Anil Kumar,34,M,0
4598,3984,Shivaraj Bhat,6,M,0
4599,3985,Suresh Naidu,58,M,0
4600,3986,Manjula Reddy,32,F,0
4601,3987,Lakshmi Achar,46,F,0
4602,3988,Girish Hegde,34,M,0
4603,3989,Anita Setty,35,F,0
4604,3989,Girish Gowda,14,M,0
4605,3990,Ramesh Rao,14,M,0
4606,3991,Rekha Murthy,45,F,0
4607,3992,Manjula Gowda,48,F,0
4608,3992,Shwetha Murthy,9,F,0
4609,3993,Basavaraj Bhat,26,M,0
4610,3994,Pooja Naidu,23,F,0
4611,3995,Rekha Naidu,18,F,0
4612,3996,Yogesh Patil,44,M,0
4613,3997,Priya Achar,7,F,0
4614,3998,Srinivas Iyer,25,M,0
4615,3999,Prakash Gowda,58,M,0
4616,4000,Nandini Murthy,8,F,0
4617,4001,Harish Bhat,49,M,0
4618,4001,Basavaraj Poojary,10,M,0
4619,4002,Basavaraj Naik,26,M,0
4620,4003,Nandini Naik,65,F,0
4621,4004,Savitha Achar,12,F,0
4622,4005,Deepa Setty,59,F,0
4623,4006,Ravi Rao,71,M,0
4624,4006,Savitha Patil,11,F,0
4625,4007,Rekha Bhat,65,F,0
4626,4008,Srinivas Patil,16,M,0
4627,4008,Manjunath Patil,10,M,0
4628,4009,Nagaraj Patil,70,M,0
4629,4010,Lakshmi Kumar,41,F,0
4630,4011,Srinivas Patil,70,M,0
4631,4012,Vijay Bhat,20,M,0
4632,4012,Ganesh Shetty,51,M,0
4633,4013,Nagaraj Gowda,58,M,0
4634,4013,Sunita Naik,10,F,0
4635,4014,Sowmya Setty,50,F,0
4636,4015,Raghu Poojary,49,M,0
4637,4016,Chaya Kumar,12,F,0
4638,4017,Savitha Bhat,70,F,0
4639,4017,Ravi Setty,62,M,0
4640,4018,Harish Iyer,46,M,0
4641,4019,Anil Hegde,47,M,0
4642,4019,Sowmya Iyer,58,F,0
4643,4020,Shwetha Patil,35,F,0
4644,4021,Kumar Gowda,39,M,0
4645,4022,Raghu Iyer,30,M,0
4646,4022,Kavya Naik,19,F,0
4647,4023,Vijay Hegde,70,M,0
4648,4023,Shwetha Shetty,61,F,0
4649,4024,Radha Patil,68,F,0
4650,4025,Deepa Rao,60,F,0
4651,4026,Roopa Achar,15,F,0
4652,4027,Mahesh Gowda,12,M,0
4653,4028,Ravi Patil,39,M,0
4654,4029,Vijay Naik,61,M,0
4655,4030,Srinivas Kumar,42,M,0
4656,4031,Yogesh Bhat,29,M,0
4657,4032,Ganesh Naidu,68,M,0
4658,4032,Vidya Patil,35,F,0
4659,4033,Yogesh Shetty,67,M,0
4660,4034,Rekha Kumar,30,F,0
4661,4035,Mahesh Bhat,41,M,0
4662,4036,Shwetha Poojary,17,F,0
4663,4037,Radha Kumar,20,F,0
4664,4038,Raghu Reddy,69,M,0
4665,4038,Yogesh Poojary,31,M,0
4666,4039,Manjula Achar,63,F,0
4667,4040,Kumar Hegde,8,M,0
4668,4041,Sowmya Reddy,11,F,0
4669,4042,Naveen Reddy,22,M,0
4670,4043,Harish Gowda,36,M,0
4671,4044,Santosh Patil,59,M,0
4672,4045,Sowmya Gowda,41,F,0
4673,4046,Geeta Naik,66,F,0
4674,4047,Savitha Naidu,18,F,0
4675,4048,Shivaraj Bhat,60,M,0
4676,4049,Savitha Rao,58,F,0
4677,4050,Geeta Bhat,9,F,0
4678,4051,Shobha Kumar,23,F,0
4679,4052,Chaya Kumar,6,F,0
4680,4053,Kumar Setty,12,M,0
4681,4054,Savitha Bhat,8,F,0
4682,4055,Manjula Hegde,74,F,0
4683,4056,Geeta Naik,19,F,0
4684,4057,Priya Kumar,57,F,0
4685,4058,Savitha Setty,65,F,0
4686,4059,Sowmya Naidu,5,F,0
4687,4060,Ganesh Setty,28,M,0
4688,4061,Prakash Kumar,23,M,0
4689,4062,Shivaraj Poojary,29,M,0
4690,4063,Anita Iyer,54,F,0
4691,4063,Lakshmi Hegde,27,F,0
4692,4064,Manjula Poojary,68,F,0
4693,4065,Kumar Bhat,45,M,0
4694,4066,Sowmya Patil,48,F,0
4695,4067,Pooja Gowda,70,F,0
4696,4068,Basavaraj Setty,18,M,0
4697,4069,Srinivas Patil,22,M,0
4698,4070,Girish Iyer,17,M,0
4699,4071,Manjula Murthy,19,F,0
4700,4072,Basavaraj Naik,69,M,0
4701,4073,Radha Gowda,68,F,0
4702,4073,Vidya Rao,10,F,0
4703,4074,Sowmya Rao,15,F,0
4704,4074,Savitha Naidu,15,F,0
4705,4075,Deepa Kumar,20,F,0
4706,4076,Shwetha Naidu,73,F,0
4707,4077,Kavya Shetty,13,F,0
4708,4078,Srinivas Bhat,10,M,0
4709,4079,Geeta Gowda,48,F,0
4710,4080,Ravi Murthy,20,M,0
4711,4081,Pooja Murthy,25,F,0
4712,4082,Nagaraj Poojary,14,M,0
4713,4082,Girish Reddy,16,M,0
4714,4083,Suresh Naik,22,M,0
4715,4084,Manjunath Gowda,18,M,0
4716,4085,Chaya Gowda,12,F,0
4717,4085,Manjunath Bhat,9,M,0
4718,4086,Sunita Poojary,7,F,0
4719,4087,Manjula Naidu,56,F,0
4720,4088,Yogesh Hegde,45,M,0
4721,4089,Shivaraj Bhat,39,M,0
4722,4089,Prakash Naik,45,M,0
4723,4090,Radha Kumar,62,F,0
4724,4090,Anil Hegde,32,M,0
4725,4091,Basavaraj Naik,36,M,0
4726,4092,Prakash Setty,67,M,0
4727,4093,Ravi Achar,21,M,0
4728,4093,Kavya Bhat,7,F,0
4729,4094,Ravi Reddy,35,M,0
4730,4095,Girish Patil,35,M,0
4731,4095,Anil Achar,41,M,0
4732,4096,Harish Poojary,30,M,0
4733,4097,Roopa Rao,58,F,0
4734,4098,Priya Patil,41,F,0
4735,4098,Basavaraj Achar,62,M,0
4736,4099,Mahesh Poojary,57,M,0
4737,4099,Suresh Naidu,32,M,0
4738,4100,Mahesh Achar,25,M,0
4739,4100,Lakshmi Shetty,39,F,0
4740,4101,Kumar Iyer,71,M,0
4741,4102,Radha Naidu,24,F,0
4742,4102,Nandini Shetty,26,F,0
4743,4103,Nandini Kumar,16,F,0
4744,4104,Savitha Rao,27,F,0
4745,4105,Srinivas Naidu,55,M,0
4746,4106,Yogesh Poojary,52,M,0
4747,4106,Santosh Hegde,72,M,0
4748,4107,Kumar Rao,23,M,0
4749,4108,Harish Naik,39,M,0
4750,4109,Sunita Naidu,56,F,0
4751,4110,Anil Hegde,9,M,0
4752,4111,Kumar Patil,64,M,0
4753,4112,Anil Reddy,73,M,0
4754,4112,Vijay Bhat,29,M,0
4755,4113,Manjunath Patil,13,M,0
4756,4114,Lakshmi Patil,16,F,0
4757,4115,Ramesh Kumar,33,M,0
4758,4116,Shivaraj Naik,25,M,0
4759,4117,Suresh Gowda,14,M,0
4760,4118,Roopa Iyer,17,F,0
4761,4119,Prakash Gowda,20,M,0
4762,4120,Suresh Naidu,46,M,0
4763,4120,Nagaraj Hegde,60,M,0
4764,4121,Chaya Patil,65,F,0
4765,4122,Naveen Naidu,36,M,0
4766,4123,Harish Reddy,24,M,0
4767,4124,Radha Poojary,54,F,0
4768,4125,Harish Poojary,60,M,0
4769,4126,Kavya Murthy,5,F,0
4770,4127,Nandini Bhat,53,F,0
4771,4128,Sunita Setty,75,F,0
4772,4129,Suresh Reddy,41,M,0
4773,4130,Shobha Murthy,5,F,0
4774,4131,Manjula Poojary,45,F,0
4775,4132,Mahesh Setty,58,M,0
4776,4133,Pooja Murthy,46,F,0
4777,4134,Naveen Patil,42,M,0
4778,4135,Vijay Reddy,32,M,0
4779,4136,Ramesh Poojary,69,M,0
4780,4137,Radha Naik,60,F,0
4781,4138,Deepa Naik,61,F,0
4782,4139,Sunita Setty,26,F,0
4783,4140,Sunita Hegde,51,F,0
4784,4141,Kavya Gowda,49,F,0
4785,4142,Prakash Hegde,8,M,0
4786,4143,Nagaraj Poojary,42,M,0
4787,4144,Sowmya Iyer,44,F,0
4788,4145,Girish Shetty,72,M,0
4789,4146,Suresh Poojary,18,M,0
4790,4147,Radha Achar,21,F,0
4791,4148,Manjunath Kumar,43,M,0
4792,4149,Shobha Reddy,14,F,0
4793,4150,Santosh Reddy,44,M,0
4794,4151,Deepa Shetty,51,F,0
4795,4152,Radha Naidu,13,F,0
4796,4153,Roopa Rao,58,F,0
4797,4154,Manjula Iyer,67,F,0
4798,4155,Kumar Hegde,37,M,0
4799,4155,Manjunath Rao,19,M,0
4800,4156,Kumar Iyer,20,M,0
4801,4157,Bhagya Murthy,38,F,0
4802,4157,Ramesh Naidu,72,M,0
4803,4158,Vidya Rao,9,F,0
4804,4159,Savitha Reddy,68,F,0
4805,4160,Manjula Murthy,9,F,0
4806,4161,Rekha Naidu,33,F,0
4807,4162,Srinivas Naidu,26,M,0
4808,4163,Sunita Setty,26,F,0
4809,4164,Manjula Kumar,11,F,0
4810,4165,Prakash Shetty,14,M,0
4811,4165,Nagaraj Reddy,12,M,0
4812,4166,Shwetha Reddy,66,F,0
4813,4166,Naveen Patil,11,M,0
4814,4167,Kavya Achar,58,F,0
4815,4167,Kumar Poojary,68,M,0
4816,4168,Santosh Naidu,52,M,0
4817,4169,Prakash Murthy,19,M,0
4818,4170,Anita Gowda,6,F,0
4819,4171,Geeta Gowda,51,F,0
4820,4172,Ravi Setty,73,M,0
4821,4173,Suresh Reddy,49,M,0
4822,4174,Chaya Kumar,24,F,0
4823,4175,Pooja Rao,60,F,0
4824,4176,Shwetha Reddy,73,F,0
4825,4177,Anita Hegde,42,F,0
4826,4178,Chaya Patil,7,F,0
4827,4179,Shwetha Kumar,70,F,0
4828,4180,Nandini Naidu,35,F,0
4829,4181,Radha Setty,14,F,0
4830,4182,Ramesh Kumar,48,M,0
4831,4183,Shwetha Kumar,44,F,0
4832,4184,Shobha Achar,11,F,0
4833,4185,Geeta Bhat,35,F,0
4834,4186,Ravi Setty,67,M,0
4835,4187,Naveen Achar,53,M,0
4836,4188,Ramesh Gowda,72,M,0
4837,4189,Geeta Naik,18,F,0
4838,4190,Sunita Hegde,8,F,0
4839,4191,Radha Gowda,31,F,0
4840,4192,Ganesh Kumar,35,M,0
4841,4193,Suresh Naik,7,M,0
4842,4194,Shwetha Murthy,48,F,0
4843,4194,Ganesh Gowda,67,M,0
4844,4195,Roopa Naidu,15,F,0
4845,4196,Bhagya Iyer,31,F,0
4846,4197,Kavya Hegde,6,F,0
4847,4197,Mahesh Patil,42,M,0
4848,4198,Manjula Bhat,20,F,0
4849,4199,Geeta Rao,41,F,0
4850,4200,Roopa Naidu,12,F,0
4851,4201,Ravi Naik,45,M,0
4852,4202,Naveen Rao,71,M,0
4853,4203,Shwetha Hegde,75,F,0
4854,4204,Anita Naik,39,F,0
4855,4205,Shobha Gowda,72,F,0
4856,4206,Nandini Achar,67,F,0
4857,4207,Roopa Bhat,25,F,0
4858,4208,Geeta Poojary,49,F,0
4859,4209,Nandini Naik,54,F,0
4860,4210,Vidya Achar,36,F,0
4861,4211,Manjunath Murthy,6,M,0
4862,4212,Lakshmi Patil,22,F,0
4863,4213,Manjula Rao,67,F,0
4864,4213,Savitha Poojary,43,F,0
4865,4214,Geeta Gowda,52,F,0
4866,4215,Shivaraj Naik,35,M,0
4867,4216,Basavaraj Reddy,37,M,0
4868,4217,Priya Shetty,46,F,0
4869,4218,Lakshmi Shetty,7,F,0
4870,4219,Nandini Naidu,75,F,0
4871,4220,Suresh Patil,25,M,0
4872,4221,Nagaraj Naik,68,M,0
4873,4222,Priya Poojary,55,F,0
4874,4223,Shivaraj Reddy,68,M,0
4875,4224,Kumar Reddy,69,M,0
4876,4225,Anil Patil,60,M,0
4877,4226,Rekha Poojary,23,F,0
4878,4227,Radha Murthy,72,F,0
4879,4228,Chaya Naik,18,F,0
4880,4229,Shivaraj Gowda,67,M,0
4881,4230,Pooja Reddy,65,F,0
4882,4231,Shwetha Setty,52,F,0
4883,4232,Suresh Naik,14,M,0
4884,4233,Harish Naidu,28,M,0
4885,4234,Harish Shetty,51,M,0
4886,4235,Manjula Setty,7,F,0
4887,4235,Savitha Setty,17,F,0
4888,4236,Manjunath Naik,73,M,0
4889,4237,Naveen Reddy,48,M,0
4890,4237,Sunita Patil,22,F,0
4891,4238,Shwetha Naik,55,F,0
4892,4239,Manjula Iyer,64,F,0
4893,4239,Nagaraj Gowda,70,M,0
4894,4240,Nandini Naik,35,F,0
4895,4241,Shobha Setty,42,F,0
4896,4242,Suresh Naidu,20,M,0
4897,4243,Chaya Hegde,42,F,0
4898,4244,Mahesh Rao,58,M,0
4899,4245,Priya Iyer,68,F,0
4900,4245,Yogesh Bhat,32,M,0
4901,4246,Bhagya Patil,50,F,0
4902,4247,Basavaraj Gowda,28,M,0
4903,4248,Yogesh Achar,56,M,0
4904,4249,Anita Rao,16,F,0
4905,4250,Chaya Kumar,69,F,0
4906,4251,Kumar Gowda,51,M,0
4907,4252,Rekha Patil,8,F,0
4908,4253,Nandini Setty,46,F,0
4909,4254,Manjunath Hegde,11,M,0
4910,4255,Nandini Patil,51,F,0
4911,4256,Kumar Shetty,63,M,0
4912,4257,Kumar Bhat,55,M,0
4913,4258,Raghu Poojary,32,M,0
4914,4259,Radha Iyer,14,F,0
4915,4260,Basavaraj Murthy,72,M,0
4916,4261,Radha Hegde,67,F,0
4917,4262,Suresh Naidu,29,M,0
4918,4263,Priya Achar,32,F,0
4919,4264,Yogesh Hegde,28,M,0
4920,4265,Roopa Hegde,20,F,0
4921,4266,Kavya Shetty,44,F,0
4922,4266,Chaya Poojary,39,F,0
4923,4267,Ganesh Naidu,58,M,0
4924,4268,Roopa Iyer,67,F,0
4925,4269,Suresh Reddy,24,M,0
4926,4269,Ramesh Patil,38,M,0
4927,4270,Nagaraj Achar,39,M,0
4928,4271,Nagaraj Naidu,51,M,0
4929,4272,Priya Poojary,20,F,0
4930,4273,Girish Hegde,61,M,0
4931,4274,Yogesh Setty,35,M,0
4932,4275,Basavaraj Murthy,54,M,0
4933,4275,Shwetha Reddy,30,F,0
4934,4276,Harish Shetty,57,M,0
4935,4277,Raghu Reddy,6,M,0
4936,4278,Sowmya Achar,25,F,0
4937,4279,Anita Reddy,57,F,0
4938,4280,Manjula Patil,44,F,0
4939,4281,Chaya Murthy,14,F,0
4940,4282,Yogesh Kumar,60,M,0
4941,4283,Ravi Rao,72,M,0
4942,4284,Yogesh Bhat,69,M,0
4943,4285,Vijay Murthy,44,M,0
4944,4286,Geeta Iyer,64,F,0
4945,4287,Harish Poojary,70,M,0
4946,4287,Srinivas Naidu,30,M,0
4947,4288,Sunita Murthy,17,F,0
4948,4289,Lakshmi Shetty,58,F,0
4949,4290,Deepa Shetty,50,F,0
4950,4291,Vidya Naidu,47,F,0
4951,4292,Mahesh Hegde,14,M,0
4952,4292,Deepa Iyer,71,F,0
4953,4293,Naveen Kumar,71,M,0
4954,4294,Girish Gowda,70,M,0
4955,4295,Srinivas Murthy,11,M,0
4956,4296,Priya Shetty,59,F,0
4957,4297,Radha Poojary,10,F,0
4958,4298,Nagaraj Hegde,56,M,0
4959,4299,Shobha Naidu,59,F,0
4960,4300,Harish Kumar,62,M,0
4961,4301,Srinivas Iyer,71,M,0
4962,4302,Shobha Reddy,20,F,0
4963,4303,Bhagya Iyer,35,F,0
4964,4304,Prakash Gowda,23,M,0
4965,4305,Manjula Achar,54,F,0
4966,4305,Suresh Setty,44,M,0
4967,4306,Srinivas Naidu,40,M,0
4968,4307,Manjunath Poojary,7,M,0
4969,4308,Rekha Gowda,5,F,0
4970,4309,Santosh Kumar,36,M,0
4971,4310,Savitha Murthy,68,F,0
4972,4311,Kavya Hegde,14,F,0
4973,4312,Girish Hegde,62,M,0
4974,4313,Ravi Shetty,26,M,0
4975,4314,Kavya Achar,70,F,0
4976,4315,Ganesh Bhat,41,M,0
4977,4315,Shivaraj Reddy,59,M,0
4978,4316,Deepa Reddy,70,F,0
4979,4317,Suresh Iyer,9,M,0
4980,4318,Pooja Hegde,10,F,0
4981,4319,Manjula Setty,24,F,0
4982,4320,Sunita Naik,57,F,0
4983,4321,Radha Patil,64,F,0
4984,4322,Nandini Shetty,65,F,0
4985,4323,Savitha Poojary,71,F,0
4986,4324,Srinivas Setty,65,M,0
4987,4325,Manjula Achar,31,F,0
4988,4326,Sowmya Reddy,72,F,0
4989,4327,Kavya Rao,59,F,0
4990,4328,Ravi Poojary,6,M,0
4991,4329,Chaya Naik,16,F,0
4992,4330,Girish Naik,25,M,0
4993,4331,Sowmya Gowda,73,F,0
4994,4331,Bhagya Kumar,15,F,0
4995,4332,Radha Hegde,47,F,0
4996,4333,Lakshmi Patil,22,F,0
4997,4333,Manjula Setty,60,F,0
4998,4334,Chaya Setty,61,F,0
4999,4334,Geeta Naik,6,F,0
5000,4335,Rekha Patil,51,F,0
5001,4336,Nagaraj Hegde,17,M,0
5002,4337,Yogesh Setty,65,M,0
5003,4338,Sunita Shetty,51,F,0
5004,4339,Chaya Rao,42,F,0
5005,4340,Ravi Reddy,67,M,0
5006,4340,Savitha Naidu,33,F,0
5007,4341,Rekha Iyer,43,F,0
5008,4342,Pooja Kumar,28,F,0
5009,4343,Rekha Iyer,8,F,0
5010,4344,Raghu Kumar,35,M,0
5011,4345,Shivaraj Naidu,65,M,0
5012,4346,Radha Patil,74,F,0
5013,4347,Nagaraj Naidu,33,M,0
5014,4348,Kavya Iyer,48,F,0
5015,4349,Savitha Achar,62,F,0
5016,4350,Rekha Iyer,26,F,0
5017,4351,Geeta Bhat,38,F,0
5018,4352,Prakash Achar,31,M,0
5019,4353,Manjula Hegde,56,F,0
5020,4354,Manjunath Reddy,74,M,0
5021,4354,Shwetha Reddy,70,F,0
5022,4355,Basavaraj Setty,53,M,0
5023,4356,Roopa Murthy,49,F,0
5024,4357,Kumar Poojary,67,M,0
5025,4358,Nagaraj Naik,27,M,0
5026,4359,Basavaraj Rao,59,M,0
5027,4360,Prakash Hegde,72,M,0
5028,4361,Kumar Murthy,69,M,0
5029,4362,Chaya Gowda,40,F,0
5030,4363,Raghu Iyer,7,M,0
5031,4363,Nagaraj Patil,40,M,0
5032,4364,Raghu Naidu,57,M,0
5033,4365,Chaya Achar,43,F,0
5034,4366,Ramesh Rao,19,M,0
5035,4367,Nandini Achar,65,F,0
5036,4367,Kumar Rao,22,M,0
5037,4368,Ganesh Murthy,13,M,0
5038,4369,Sowmya Reddy,14,F,0
5039,4370,Anita Poojary,73,F,0
5040,4371,Srinivas Shetty,11,M,0
5041,4372,Lakshmi Setty,36,F,0
5042,4373,Sowmya Gowda,14,F,0
5043,4374,Priya Naik,28,F,0
5044,4375,Prakash Hegde,7,M,0
5045,4376,Sunita Kumar,62,F,0
5046,4377,Harish Naidu,31,M,0
5047,4378,Raghu Naik,27,M,0
5048,4379,Lakshmi Bhat,23,F,0
5049,4380,Santosh Patil,7,M,0
5050,4380,Bhagya Hegde,17,F,0
5051,4381,Shobha Patil,73,F,0
5052,4382,Srinivas Iyer,31,M,0
5053,4383,Anil Naidu,19,M,0
5054,4384,Sunita Reddy,47,F,0
5055,4385,Rekha Hegde,21,F,0
5056,4386,Manjunath Bhat,72,M,0
5057,4387,Santosh Naidu,42,M,0
5058,4388,Suresh Reddy,63,M,0
5059,4388,Manjunath Patil,17,M,0
5060,4389,Girish Naidu,34,M,0
5061,4390,Deepa Poojary,36,F,0
5062,4391,Nagaraj Achar,41,M,0
5063,4392,Yogesh Murthy,31,M,0
5064,4393,Ravi Shetty,63,M,0
5065,4394,Geeta Shetty,28,F,0
5066,4395,Sunita Iyer,6,F,0
5067,4396,Rekha Shetty,52,F,0
5068,4397,Vidya Bhat,19,F,0
5069,4398,Geeta Patil,70,F,0
5070,4399,Mahesh Bhat,8,M,0
5071,4400,Radha Iyer,37,F,0
5072,4401,Mahesh Hegde,7,M,0
5073,4402,Lakshmi Gowda,20,F,0
5074,4402,Kavya Gowda,6,F,0
5075,4403,Santosh Setty,32,M,0
5076,4404,Suresh Rao,7,M,0
5077,4405,Mahesh Reddy,16,M,0
5078,4406,Naveen Achar,8,M,0
5079,4407,Santosh Shetty,51,M,0
5080,4408,Shwetha Bhat,21,F,0
5081,4409,Vijay Naidu,40,M,0
5082,4410,Nagaraj Naidu,5,M,0
5083,4411,Manjunath Naidu,36,M,0
5084,4412,Suresh Rao,70,M,0
5085,4413,Lakshmi Kumar,60,F,0
5086,4414,Basavaraj Achar,48,M,0
5087,4415,Roopa Naik,71,F,0
5088,4416,Nagaraj Naidu,65,M,0
5089,4417,Rekha Achar,69,F,0
5090,4417,Radha Iyer,19,F,0
5091,4418,Ganesh Setty,30,M,0
5092,4418,Pooja Hegde,17,F,0
5093,4419,Rekha Naidu,57,F,0
5094,4419,Deepa Achar,17,F,0
5095,4420,Raghu Murthy,20,M,0
5096,4420,Rekha Setty,68,F,0
5097,4421,Naveen Gowda,40,M,0
5098,4422,Radha Naik,70,F,0
5099,4422,Roopa Naik,48,F,0
5100,4423,Prakash Poojary,58,M,0
5101,4424,Vijay Poojary,41,M,0
5102,4424,Chaya Murthy,65,F,0
5103,4425,Shivaraj Poojary,7,M,0
5104,4426,Yogesh Rao,18,M,0
5105,4426,Naveen Reddy,60,M,0
5106,4427,Prakash Kumar,43,M,0
5107,4428,Suresh Naik,56,M,0
5108,4429,Lakshmi Setty,71,F,0
5109,4429,Nagaraj Reddy,21,M,0
5110,4430,Raghu Naik,62,M,0
5111,4431,Ravi Murthy,41,M,0
5112,4432,Suresh Rao,19,M,0
5113,4433,Harish Achar,9,M,0
5114,4433,Basavaraj Shetty,31,M,0
5115,4434,Nandini Rao,65,F,0
5116,4435,Nandini Patil,37,F,0
5117,4436,Manjula Patil,59,F,0
5118,4437,Manjula Achar,21,F,0
5119,4438,Pooja Naidu,45,F,0
5120,4439,Ramesh Kumar,60,M,0
5121,4440,Geeta Setty,52,F,0
5122,4441,Shwetha Gowda,13,F,0
5123,4441,Lakshmi Gowda,36,F,0
5124,4442,Ravi Shetty,55,M,0
5125,4443,Shivaraj Rao,24,M,0
5126,4444,Nagaraj Kumar,54,M,0
5127,4445,Ramesh Rao,27,M,0
5128,4446,Manjula Bhat,27,F,0
5129,4447,Radha Bhat,46,F,0
5130,4447,Srinivas Murthy,44,M,0
5131,4448,Manjunath Shetty,37,M,0
5132,4449,Yogesh Reddy,36,M,0
5133,4449,Bhagya Shetty,26,F,0
5134,4450,Sowmya Murthy,23,F,0
5135,4451,Srinivas Kumar,33,M,0
5136,4452,Naveen Achar,50,M,0
5137,4453,Sunita Iyer,19,F,0
5138,4454,Anita Poojary,12,F,0
5139,4455,Shobha Poojary,48,F,0
5140,4456,Deepa Hegde,21,F,0
5141,4457,Anita Gowda,47,F,0
5142,4458,Lakshmi Rao,19,F,0
5143,4459,Anil Shetty,14,M,0
5144,4460,Raghu Rao,75,M,0
5145,4460,Anita Poojary,69,F,0
5146,4461,Srinivas Reddy,22,M,0
5147,4462,Shwetha Achar,42,F,0
5148,4463,Ravi Achar,74,M,0
5149,4464,Shivaraj Reddy,49,M,0
5150,4465,Nagaraj Bhat,40,M,0
5151,4466,Manjula Naik,6,F,0
5152,4467,Vijay Iyer,46,M,0
5153,4467,Chaya Achar,53,F,0
5154,4468,Nandini Achar,52,F,0
5155,4469,Vidya Reddy,5,F,0
5156,4470,Chaya Achar,62,F,0
5157,4471,Santosh Rao,63,M,0
5158,4472,Shivaraj Murthy,25,M,0
5159,4473,Shivaraj Poojary,28,M,0
5160,4474,Sunita Iyer,74,F,0
5161,4475,Raghu Rao,47,M,0
5162,4476,Kavya Achar,21,F,0
5163,4477,Sunita Murthy,9,F,0
5164,4478,Kumar Naik,50,M,0
5165,4479,Shwetha Hegde,71,F,0
5166,4479,Sunita Patil,20,F,0
5167,4480,Ganesh Rao,36,M,0
5168,4481,Nandini Hegde,44,F,0
5169,4482,Ganesh Setty,46,M,0
5170,4483,Radha Hegde,48,F,0
5171,4484,Chaya Achar,16,F,0
5172,4485,Geeta Poojary,41,F,0
5173,4485,Harish Iyer,53,M,0
5174,4486,Rekha Rao,24,F,0
5175,4487,Ravi Rao,22,M,0
5176,4488,Savitha Naidu,48,F,0
5177,4489,Radha Hegde,61,F,0
5178,4490,Manjula Naik,66,F,0
5179,4491,Geeta Naidu,37,F,0
5180,4492,Radha Poojary,9,F,0
5181,4493,Kavya Shetty,26,F,0
5182,4494,Shobha Achar,70,F,0
5183,4495,Roopa Setty,11,F,0
5184,4495,Pooja Kumar,59,F,0
5185,4496,Priya Kumar,67,F,0
5186,4497,Ramesh Naik,33,M,0
5187,4498,Bhagya Kumar,13,F,0
5188,4499,Shwetha Murthy,58,F,0
5189,4500,Radha Naidu,32,F,0
5190,4501,Geeta Naik,63,F,0
5191,4502,Naveen Naik,22,M,0
5192,4503,Rekha Achar,70,F,0
5193,4504,Shobha Murthy,44,F,0
5194,4505,Radha Iyer,5,F,0
5195,4506,Sunita Kumar,30,F,0
5196,4506,Vidya Naik,13,F,0
5197,4507,Savitha Naik,14,F,0
5198,4508,Ramesh Hegde,69,M,0
5199,4509,Geeta Kumar,63,F,0
5200,4510,Sowmya Murthy,30,F,0
5201,4511,Kumar Rao,56,M,0
5202,4511,Mahesh Hegde,14,M,0
5203,4512,Raghu Reddy,13,M,0
5204,4513,Vidya Reddy,16,F,0
5205,4513,Anil Achar,9,M,0
5206,4514,Deepa Naik,10,F,0
5207,4514,Radha Patil,15,F,0
5208,4515,Vijay Gowda,42,M,0
5209,4516,Kavya Patil,62,F,0
5210,4517,Pooja Iyer,59,F,0
5211,4518,Kavya Patil,5,F,0
5212,4519,Ramesh Patil,27,M,0
5213,4520,Nagaraj Gowda,63,M,0
5214,4521,Manjula Naidu,54,F,0
5215,4522,Raghu Naidu,53,M,0
5216,4522,Sowmya Setty,8,F,0
5217,4523,Nagaraj Naik,39,M,0
5218,4524,Rekha Bhat,14,F,0
5219,4525,Kavya Iyer,30,F,0
5220,4526,Srinivas Achar,34,M,0
5221,4526,Geeta Iyer,69,F,0
5222,4527,Ganesh Hegde,50,M,0
5223,4528,Radha Setty,51,F,0
5224,4529,Mahesh Achar,9,M,0
5225,4530,Ganesh Reddy,12,M,0
5226,4531,Lakshmi Patil,51,F,0
5227,4532,Yogesh Naidu,31,M,0
5228,4532,Prakash Achar,18,M,0
5229,4533,Vidya Gowda,5,F,0
5230,4534,Anil Naik,66,M,0
5231,4534,Roopa Iyer,51,F,0
5232,4535,Vijay Setty,59,M,0
5233,4536,Vidya Naidu,61,F,0
5234,4537,Kumar Naidu,52,M,0
5235,4538,Radha Hegde,62,F,0
5236,4538,Ganesh Achar,17,M,0
5237,4539,Anita Murthy,69,F,0
5238,4540,Sowmya Kumar,21,F,0
5239,4541,Ganesh Poojary,75,M,0
5240,4542,Geeta Murthy,10,F,0
5241,4542,Nagaraj Patil,65,M,0
5242,4543,Prakash Iyer,19,M,0
5243,4543,Roopa Shetty,9,F,0
5244,4544,Sowmya Shetty,5,F,0
5245,4545,Radha Hegde,46,F,0
5246,4546,Manjunath Poojary,56,M,0
5247,4547,Prakash Poojary,43,M,0
5248,4548,Radha Reddy,28,F,0
5249,4549,Raghu Setty,27,M,0
5250,4550,Bhagya Naidu,11,F,0
5251,4551,Ravi Poojary,11,M,0
5252,4551,Srinivas Naidu,20,M,0
5253,4552,Kumar Naidu,68,M,0
5254,4552,Savitha Naidu,36,F,0
5255,4553,Pooja Setty,9,F,0
5256,4554,Geeta Iyer,38,F,0
5257,4555,Roopa Rao,22,F,0
5258,4556,Pooja Achar,29,F,0
5259,4557,Mahesh Naidu,48,M,0
5260,4558,Raghu Shetty,48,M,0
5261,4558,Kavya Rao,36,F,0
5262,4559,Rekha Murthy,63,F,0
5263,4560,Shobha Setty,52,F,0
5264,4561,Naveen Iyer,30,M,0
5265,4562,Naveen Hegde,64,M,0
5266,4563,Chaya Naik,38,F,0
5267,4563,Priya Gowda,42,F,0
5268,4564,Priya Kumar,47,F,0
5269,4565,Ramesh Patil,67,M,0
5270,4566,Anita Hegde,73,F,0
5271,4567,Shobha Iyer,12,F,0
5272,4568,Srinivas Gowda,44,M,0
5273,4569,Nandini Naik,57,F,0
5274,4570,Anita Kumar,18,F,0
5275,4570,Ganesh Shetty,26,M,0
5276,4571,Manjunath Poojary,7,M,0
5277,4572,Nandini Naidu,61,F,0
5278,4573,Shwetha Rao,13,F,0
5279,4574,Kavya Kumar,72,F,0
5280,4575,Raghu Hegde,9,M,0
5281,4576,Suresh Achar,5,M,0
5282,4577,Manjunath Naik,60,M,0
5283,4578,Chaya Rao,75,F,0
5284,4579,Ganesh Achar,71,M,0
5285,4580,Radha Poojary,61,F,0
5286,4581,Sowmya Setty,42,F,0
5287,4582,Manjunath Naik,56,M,0
5288,4583,Rekha Murthy,13,F,0
5289,4584,Shwetha Murthy,56,F,0
5290,4585,Sunita Iyer,19,F,0
5291,4585,Priya Rao,75,F,0
5292,4586,Anita Reddy,5,F,0
5293,4587,Srinivas Reddy,20,M,0
5294,4588,Ganesh Gowda,59,M,0
5295,4589,Manjunath Shetty,5,M,0
5296,4590,Manjula Achar,25,F,0
5297,4591,Sowmya Bhat,24,F,0
5298,4592,Shwetha Iyer,30,F,0
5299,4593,Radha Rao,60,F,0
5300,4594,Suresh Reddy,60,M,0
5301,4595,Raghu Iyer,16,M,0
5302,4595,Nagaraj Bhat,58,M,0
5303,4596,Radha Poojary,61,F,0
5304,4597,Lakshmi Kumar,54,F,0
5305,4598,Raghu Hegde,75,M,0
5306,4599,Vidya Rao,56,F,0
5307,4600,Naveen Shetty,11,M,0
5308,4601,Geeta Setty,57,F,0
5309,4601,Girish Poojary,20,M,0
5310,4602,Kavya Rao,69,F,0
5311,4603,Ramesh Shetty,17,M,0
5312,4604,Vijay Iyer,75,M,0
5313,4605,Shivaraj Naidu,18,M,0
5314,4606,Manjula Iyer,26,F,0
5315,4607,Shobha Rao,11,F,0
5316,4607,Shivaraj Iyer,66,M,0
5317,4608,Savitha Bhat,48,F,0
5318,4609,Yogesh Murthy,36,M,0
5319,4610,Priya Achar,22,F,0
5320,4610,Kavya Iyer,44,F,0
5321,4611,Deepa Naidu,34,F,0
5322,4611,Yogesh Bhat,51,M,0
5323,4612,Bhagya Reddy,14,F,0
5324,4613,Girish Shetty,50,M,0
5325,4614,Savitha Murthy,41,F,0
5326,4615,Roopa Murthy,63,F,0
5327,4616,Yogesh Shetty,9,M,0
5328,4617,Naveen Gowda,18,M,0
5329,4618,Ramesh Bhat,52,M,0
5330,4619,Girish Poojary,28,M,0
5331,4620,Nagaraj Murthy,75,M,0
5332,4621,Sowmya Gowda,22,F,0
5333,4622,Prakash Patil,30,M,0
5334,4623,Rekha Achar,6,F,0
5335,4624,Pooja Kumar,5,F,0
5336,4625,Naveen Poojary,46,M,0
5337,4626,Vidya Naidu,35,F,0
5338,4627,Lakshmi Hegde,41,F,0
5339,4628,Manjula Gowda,34,F,0
5340,4629,Mahesh Hegde,24,M,0
5341,4630,Sunita Setty,68,F,0
5342,4631,Manjula Naidu,40,F,0
5343,4632,Savitha Poojary,6,F,0
5344,4633,Rekha Reddy,10,F,0
5345,4634,Pooja Achar,30,F,0
5346,4635,Sowmya Iyer,64,F,0
5347,4635,Harish Poojary,30,M,0
5348,4636,Lakshmi Bhat,69,F,0
5349,4637,Ganesh Shetty,11,M,0
5350,4638,Basavaraj Murthy,33,M,0
5351,4639,Radha Naidu,56,F,0
5352,4640,Shobha Gowda,11,F,0
5353,4641,Vidya Patil,44,F,0
5354,4642,Vijay Shetty,71,M,0
5355,4642,Santosh Hegde,44,M,0
5356,4643,Kumar Iyer,61,M,0
5357,4644,Sowmya Gowda,43,F,0
5358,4645,Radha Rao,5,F,0
5359,4646,Santosh Poojary,52,M,0
5360,4646,Savitha Kumar,67,F,0
5361,4647,Ganesh Iyer,29,M,0
5362,4647,Harish Poojary,70,M,0
5363,4648,Vidya Achar,49,F,0
5364,4649,Bhagya Gowda,11,F,0
5365,4650,Rekha Shetty,51,F,0
5366,4650,Geeta Gowda,62,F,0
5367,4651,Shivaraj Achar,40,M,0
5368,4652,Shivaraj Rao,12,M,0
5369,4653,Manjula Iyer,60,F,0
5370,4654,Basavaraj Reddy,51,M,0
5371,4655,Basavaraj Gowda,26,M,0
5372,4656,Sunita Achar,7,F,0
5373,4657,Kumar Rao,39,M,0
5374,4658,Mahesh Naidu,18,M,0
5375,4659,Sowmya Naik,60,F,0
5376,4660,Shivaraj Rao,11,M,0
5377,4661,Prakash Shetty,59,M,0
5378,4661,Naveen Naik,44,M,0
5379,4662,Ramesh Kumar,75,M,0
5380,4663,Harish Naik,18,M,0
5381,4664,Manjula Murthy,10,F,0
5382,4665,Anil Kumar,12,M,0
5383,4666,Vidya Achar,55,F,0
5384,4667,Pooja Setty,66,F,0
5385,4668,Harish Hegde,39,M,0
5386,4669,Anita Setty,8,F,0
5387,4670,Sowmya Naik,70,F,0
5388,4671,Roopa Reddy,52,F,0
5389,4672,Nandini Shetty,37,F,0
5390,4673,Savitha Naidu,34,F,0
5391,4674,Nandini Poojary,55,F,0
5392,4674,Ramesh Gowda,43,M,0
5393,4675,Priya Bhat,46,F,0
5394,4676,Vijay Murthy,51,M,0
5395,4677,Santosh Bhat,27,M,0
5396,4678,Vijay Reddy,23,M,0
5397,4679,Vijay Kumar,47,M,0
5398,4679,Manjula Naidu,38,F,0
5399,4680,Naveen Poojary,68,M,0
5400,4681,Anil Naidu,38,M,0
5401,4682,Yogesh Kumar,59,M,0
5402,4683,Ravi Setty,30,M,0
5403,4684,Lakshmi Naik,60,F,0
5404,4684,Santosh Reddy,58,M,0
5405,4685,Geeta Iyer,49,F,0
5406,4686,Raghu Shetty,54,M,0
5407,4687,Lakshmi Reddy,37,F,0
5408,4688,Bhagya Hegde,57,F,0
5409,4689,Lakshmi Shetty,59,F,0
5410,4689,Anil Achar,18,M,0
5411,4690,Sowmya Murthy,39,F,0
5412,4691,Naveen Reddy,68,M,0
5413,4692,Kumar Reddy,47,M,0
5414,4693,Priya Kumar,70,F,0
5415,4694,Naveen Gowda,40,M,0
5416,4694,Sunita Iyer,23,F,0
5417,4695,Ravi Murthy,59,M,0
5418,4696,Ramesh Patil,58,M,0
5419,4697,Savitha Achar,18,F,0
5420,4698,Santosh Bhat,74,M,0
5421,4699,Deepa Poojary,35,F,0
5422,4700,Mahesh Reddy,37,M,0
5423,4700,Radha Setty,66,F,0
5424,4701,Ravi Iyer,42,M,0
5425,4702,Yogesh Naidu,63,M,0
5426,4703,Rekha Murthy,54,F,0
5427,4703,Nagaraj Patil,47,M,0
5428,4704,Manjula Setty,10,F,0
5429,4705,Ramesh Setty,59,M,0
5430,4705,Roopa Hegde,11,F,0
5431,4706,Anil Kumar,39,M,0
5432,4707,Priya Murthy,26,F,0
5433,4708,Lakshmi Kumar,6,F,0
5434,4709,Prakash Naidu,10,M,0
5435,4710,Ramesh Reddy,73,M,0
5436,4710,Harish Murthy,29,M,0
5437,4711,Naveen Patil,73,M,0
5438,4712,Geeta Patil,58,F,0
5439,4713,Chaya Achar,28,F,0
5440,4713,Deepa Bhat,62,F,0
5441,4714,Pooja Hegde,22,F,0
5442,4715,Bhagya Murthy,13,F,0
5443,4716,Nagaraj Naidu,56,M,0
5444,4717,Deepa Hegde,30,F,0
5445,4717,Yogesh Naidu,73,M,0
5446,4718,Anil Rao,15,M,0
5447,4719,Vidya Gowda,67,F,0
5448,4720,Sunita Bhat,13,F,0
5449,4720,Anita Murthy,32,F,0
5450,4721,Ganesh Patil,54,M,0
5451,4722,Suresh Bhat,25,M,0
5452,4723,Naveen Iyer,71,M,0
5453,4723,Bhagya Naidu,8,F,0
5454,4724,Manjunath Shetty,37,M,0
5455,4724,Rekha Patil,5,F,0
5456,4725,Harish Achar,68,M,0
5457,4726,Sunita Bhat,28,F,0
5458,4726,Ravi Murthy,32,M,0
5459,4727,Harish Naik,57,M,0
5460,4728,Shobha Patil,65,F,0
5461,4729,Naveen Achar,62,M,0
5462,4730,Bhagya Murthy,50,F,0
5463,4731,Girish Poojary,22,M,0
5464,4732,Radha Bhat,53,F,0
5465,4733,Anita Poojary,63,F,0
5466,4734,Sunita Hegde,62,F,0
5467,4734,Girish Naik,69,M,0
5468,4735,Radha Rao,18,F,0
5469,4736,Manjula Patil,62,F,0
5470,4736,Kavya Hegde,69,F,0
5471,4737,Mahesh Patil,50,M,0
5472,4738,Ramesh Gowda,35,M,0
5473,4739,Yogesh Gowda,7,M,0
5474,4740,Chaya Kumar,24,F,0
5475,4741,Nagaraj Setty,67,M,0
5476,4742,Anita Reddy,13,F,0
5477,4743,Pooja Naidu,71,F,0
5478,4744,Suresh Gowda,5,M,0
5479,4745,Chaya Patil,50,F,0
5480,4746,Naveen Naik,74,M,0
5481,4747,Anil Setty,63,M,0
5482,4748,Manjunath Hegde,39,M,0
5483,4749,Geeta Kumar,17,F,0
5484,4749,Anil Naik,11,M,0
5485,4750,Shobha Naidu,27,F,0
5486,4751,Anita Achar,33,F,0
5487,4752,Priya Setty,58,F,0
5488,4753,Manjunath Achar,74,M,0
5489,4754,Savitha Murthy,66,F,0
5490,4755,Manjunath Gowda,54,M,0
5491,4756,Savitha Naik,71,F,0
5492,4757,Sowmya Gowda,15,F,0
5493,4758,Chaya Bhat,54,F,0
5494,4759,Naveen Shetty,25,M,0
5495,4760,Suresh Naik,19,M,0
5496,4760,Kumar Iyer,41,M,0
5497,4761,Ravi Naik,63,M,0
5498,4762,Basavaraj Rao,75,M,0
5499,4763,Ganesh Reddy,11,M,0
5500,4764,Bhagya Gowda,52,F,0
5501,4765,Srinivas Rao,11,M,0
5502,4766,Bhagya Bhat,69,F,0
5503,4767,Yogesh Murthy,57,M,0
5504,4768,Kumar Hegde,27,M,0
5505,4768,Kavya Iyer,41,F,0
5506,4769,Suresh Setty,68,M,0
5507,4770,Shivaraj Bhat,47,M,0
5508,4770,Nagaraj Reddy,40,M,0
5509,4771,Anita Hegde,70,F,0
5510,4772,Suresh Hegde,30,M,0
5511,4773,Shwetha Shetty,14,F,0
5512,4774,Lakshmi Achar,30,F,0
5513,4775,Kavya Achar,12,F,0
5514,4776,Deepa Iyer,50,F,0
5515,4777,Shwetha Poojary,63,F,0
5516,4778,Anita Naidu,63,F,0
5517,4779,Girish Iyer,33,M,0
5518,4780,Pooja Iyer,14,F,0
5519,4781,Sowmya Murthy,52,F,0
5520,4782,Nagaraj Hegde,28,M,0
5521,4783,Harish Iyer,28,M,0
5522,4784,Mahesh Naik,53,M,0
5523,4785,Kumar Reddy,50,M,0
5524,4785,Naveen Reddy,34,M,0
5525,4786,Srinivas Patil,63,M,0
5526,4786,Mahesh Achar,21,M,0
5527,4787,Vijay Rao,41,M,0
5528,4788,Santosh Kumar,45,M,0
5529,4789,Raghu Shetty,31,M,0
5530,4789,Kumar Naidu,69,M,0
5531,4790,Mahesh Reddy,10,M,0
5532,4791,Yogesh Rao,23,M,0
5533,4792,Girish Naidu,11,M,0
5534,4793,Vidya Bhat,12,F,0
5535,4794,Raghu Kumar,9,M,0
5536,4795,Radha Bhat,6,F,0
5537,4796,Suresh Bhat,43,M,0
5538,4796,Nagaraj Shetty,27,M,0
5539,4797,Girish Shetty,23,M,0
5540,4798,Priya Naidu,49,F,0
5541,4799,Girish Patil,12,M,0
5542,4799,Srinivas Hegde,60,M,0
5543,4800,Vidya Kumar,52,F,0
5544,4801,Shobha Achar,25,F,0
5545,4802,Shivaraj Bhat,66,M,0
5546,4803,Anil Reddy,21,M,0
5547,4804,Sunita Hegde,45,F,0
5548,4805,Radha Shetty,11,F,0
5549,4806,Girish Naik,5,M,0
5550,4806,Nagaraj Iyer,26,M,0
5551,4807,Naveen Hegde,54,M,0
5552,4808,Nandini Rao,6,F,0
5553,4809,Vidya Patil,74,F,0
5554,4810,Manjunath Setty,53,M,0
5555,4810,Suresh Shetty,50,M,0
5556,4811,Geeta Gowda,12,F,0
5557,4812,Harish Shetty,14,M,0
5558,4813,Lakshmi Iyer,11,F,0
5559,4814,Nagaraj Kumar,67,M,0
5560,4814,Lakshmi Patil,35,F,0
5561,4815,Basavaraj Reddy,37,M,0
5562,4815,Naveen Reddy,56,M,0
5563,4816,Ganesh Setty,11,M,0
5564,4817,Ravi Naidu,16,M,0
5565,4818,Bhagya Reddy,34,F,0
5566,4819,Prakash Naidu,62,M,0
5567,4820,Prakash Naik,58,M,0
5568,4821,Manjunath Setty,26,M,0
5569,4822,Girish Naidu,56,M,0
5570,4823,Santosh Naidu,24,M,0
5571,4824,Suresh Setty,38,M,0
5572,4825,Santosh Rao,27,M,0
5573,4826,Rekha Reddy,64,F,0
5574,4827,Bhagya Reddy,42,F,0
5575,4828,Kumar Iyer,29,M,0
5576,4829,Sunita Patil,43,F,0
5577,4829,Shivaraj Kumar,31,M,0
5578,4830,Prakash Patil,35,M,0
5579,4831,Mahesh Patil,62,M,0
5580,4831,Prakash Achar,58,M,0
5581,4832,Yogesh Shetty,5,M,0
5582,4832,Vidya Naik,8,F,0
5583,4833,Prakash Hegde,47,M,0
5584,4834,Nagaraj Rao,41,M,0
5585,4835,Chaya Kumar,20,F,0
5586,4836,Ravi Iyer,25,M,0
5587,4837,Nandini Rao,41,F,0
5588,4837,Harish Poojary,28,M,0
5589,4838,Santosh Reddy,28,M,0
5590,4839,Shwetha Shetty,65,F,0
5591,4840,Kumar Naidu,70,M,0
5592,4841,Kavya Poojary,65,F,0
5593,4842,Geeta Kumar,61,F,0
5594,4843,Ganesh Rao,72,M,0
5595,4844,Shivaraj Naidu,45,M,0
5596,4845,Naveen Setty,14,M,0
5597,4846,Lakshmi Patil,27,F,0
5598,4847,Bhagya Gowda,75,F,0
5599,4848,Anil Murthy,25,M,0
5600,4849,Anil Shetty,11,M,0
5601,4850,Shobha Naik,14,F,0
5602,4851,Lakshmi Poojary,18,F,0
5603,4852,Mahesh Shetty,59,M,0
5604,4853,Bhagya Poojary,25,F,0
5605,4854,Yogesh Setty,70,M,0
5606,4854,Yogesh Kumar,47,M,0
5607,4855,Manjula Naik,68,F,0
5608,4856,Lakshmi Iyer,34,F,0
5609,4857,Harish Shetty,6,M,0
5610,4858,Nandini Patil,62,F,0
5611,4859,Mahesh Naik,72,M,0
5612,4860,Chaya Kumar,70,F,0
5613,4861,Ganesh Naik,30,M,0
5614,4862,Lakshmi Murthy,65,F,0
5615,4863,Vidya Setty,20,F,0
5616,4864,Vijay Setty,55,M,0
5617,4865,Vidya Setty,9,F,0
5618,4866,Ravi Kumar,10,M,0
5619,4867,Nagaraj Naidu,53,M,0
5620,4868,Savitha Shetty,63,F,0
5621,4868,Ramesh Patil,8,M,0
5622,4869,Geeta Achar,13,F,0
5623,4870,Raghu Naik,57,M,0
5624,4870,Anita Patil,65,F,0
5625,4871,Nagaraj Murthy,61,M,0
5626,4872,Radha Patil,37,F,0
5627,4872,Mahesh Achar,63,M,0
5628,4873,Girish Setty,53,M,0
5629,4874,Anita Poojary,55,F,0
5630,4875,Roopa Gowda,36,F,0
5631,4875,Priya Reddy,22,F,0
5632,4876,Ramesh Bhat,32,M,0
5633,4877,Yogesh Achar,39,M,0
5634,4877,Raghu Bhat,41,M,0
5635,4878,Nandini Murthy,71,F,0
5636,4879,Chaya Reddy,11,F,0
5637,4880,Chaya Kumar,57,F,0
5638,4881,Shobha Achar,49,F,0
5639,4882,Srinivas Iyer,26,M,0
5640,4883,Nandini Poojary,62,F,0
5641,4884,Radha Hegde,35,F,0
5642,4885,Deepa Gowda,45,F,0
5643,4886,Manjula Kumar,20,F,0
5644,4887,Nagaraj Hegde,7,M,0
5645,4888,Sunita Achar,17,F,0
5646,4889,Naveen Kumar,33,M,0
5647,4889,Srinivas Kumar,20,M,0
5648,4890,Mahesh Gowda,66,M,0
5649,4891,Naveen Bhat,53,M,0
5650,4892,Manjunath Reddy,19,M,0
5651,4893,Shwetha Naidu,51,F,0
5652,4894,Shwetha Bhat,73,F,0
5653,4895,Prakash Shetty,55,M,0
5654,4896,Mahesh Achar,72,M,0
5655,4896,Ravi Naik,54,M,0
5656,4897,Kavya Gowda,31,F,0
5657,4898,Radha Setty,16,F,0
5658,4899,Manjula Poojary,32,F,0
5659,4900,Yogesh Kumar,38,M,0
5660,4901,Prakash Iyer,25,M,0
5661,4902,Bhagya Naik,65,F,0
5662,4903,Sowmya Achar,48,F,0
5663,4903,Priya Shetty,20,F,0
5664,4904,Bhagya Kumar,64,F,0
5665,4905,Chaya Patil,22,F,0
5666,4905,Nandini Hegde,70,F,0
5667,4906,Shivaraj Setty,59,M,0
5668,4907,Sowmya Bhat,36,F,0
5669,4908,Harish Murthy,21,M,0
5670,4909,Vidya Iyer,6,F,0
5671,4910,Manjula Shetty,47,F,0
5672,4911,Priya Gowda,30,F,0
5673,4912,Pooja Murthy,65,F,0
5674,4913,Suresh Poojary,74,M,0
5675,4914,Srinivas Setty,47,M,0
5676,4915,Prakash Hegde,19,M,0
5677,4916,Srinivas Reddy,45,M,0
5678,4916,Prakash Achar,56,M,0
5679,4917,Santosh Naidu,41,M,0
5680,4918,Lakshmi Poojary,21,F,0
5681,4919,Rekha Patil,30,F,0
5682,4920,Suresh Bhat,6,M,0
5683,4921,Sunita Setty,36,F,0
5684,4921,Sowmya Shetty,17,F,0
5685,4922,Raghu Shetty,29,M,0
5686,4923,Radha Poojary,65,F,0
5687,4924,Kavya Achar,50,F,0
5688,4925,Suresh Shetty,15,M,0
5689,4926,Rekha Shetty,12,F,0
5690,4927,Shivaraj Patil,75,M,0
5691,4928,Sowmya Setty,44,F,0
5692,4929,Deepa Reddy,59,F,0
5693,4930,Shwetha Iyer,66,F,0
5694,4931,Lakshmi Rao,9,F,0
5695,4931,Vidya Iyer,40,F,0
5696,4932,Kavya Shetty,46,F,0
5697,4933,Pooja Iyer,55,F,0
5698,4933,Sowmya Bhat,25,F,0
5699,4934,Rekha Bhat,75,F,0
5700,4934,Raghu Kumar,75,M,0
5701,4935,Roopa Naidu,74,F,0
5702,4936,Ganesh Hegde,70,M,0
5703,4936,Santosh Setty,10,M,0
5704,4937,Shivaraj Setty,70,M,0
5705,4938,Naveen Patil,64,M,0
5706,4939,Kumar Hegde,12,M,0
5707,4940,Ganesh Achar,48,M,0
5708,4941,Girish Iyer,9,M,0
5709,4942,Ganesh Bhat,35,M,0
5710,4943,Priya Poojary,62,F,0
5711,4944,Manjunath Patil,14,M,0
5712,4945,Prakash Gowda,52,M,0
5713,4946,Shivaraj Murthy,8,M,0
5714,4947,Pooja Hegde,70,F,0
5715,4947,Vijay Kumar,40,M,0
5716,4948,Sowmya Reddy,19,F,0
5717,4949,Kumar Reddy,61,M,0
5718,4950,Ravi Achar,68,M,0
5719,4951,Shivaraj Hegde,8,M,0
5720,4952,Radha Setty,19,F,0
5721,4953,Shobha Bhat,27,F,0
5722,4954,Naveen Iyer,68,M,0
5723,4954,Deepa Gowda,32,F,0
5724,4955,Savitha Patil,28,F,0
5725,4955,Radha Poojary,43,F,0
5726,4956,Vidya Bhat,48,F,0
5727,4957,Rekha Murthy,70,F,0
5728,4958,Priya Iyer,67,F,0
5729,4959,Vidya Poojary,57,F,0
5730,4959,Priya Shetty,22,F,0
5731,4960,Deepa Setty,75,F,0
5732,4960,Anita Kumar,70,F,0
5733,4961,Chaya Reddy,23,F,0
5734,4962,Naveen Setty,23,M,0
5735,4963,Roopa Achar,49,F,0
5736,4964,Girish Achar,30,M,0
5737,4965,Yogesh Shetty,26,M,0
5738,4966,Manjunath Bhat,74,M,0
5739,4966,Chaya Reddy,20,F,0
5740,4967,Harish Kumar,20,M,0
5741,4968,Vijay Achar,69,M,0
5742,4969,Anita Patil,18,F,0
5743,4969,Pooja Hegde,73,F,0
5744,4970,Shivaraj Poojary,27,M,0
5745,4971,Chaya Achar,51,F,0
5746,4972,Suresh Naidu,55,M,0
5747,4973,Vidya Iyer,68,F,0
5748,4974,Pooja Iyer,57,F,0
5749,4975,Sunita Murthy,30,F,0
5750,4975,Girish Naidu,33,M,0
5751,4976,Kumar Naidu,21,M,0
5752,4977,Shobha Patil,28,F,0
5753,4978,Nagaraj Kumar,21,M,0
5754,4979,Sowmya Rao,51,F,0
5755,4980,Ramesh Rao,61,M,0
5756,4981,Nagaraj Hegde,9,M,0
5757,4982,Shivaraj Iyer,70,M,0
5758,4983,Srinivas Shetty,34,M,0
5759,4984,Shwetha Poojary,49,F,0
5760,4985,Bhagya Iyer,41,F,0
5761,4986,Nagaraj Naik,7,M,0
5762,4987,Manjula Poojary,33,F,0
5763,4988,Anil Gowda,50,M,0
5764,4989,Priya Murthy,59,F,0
5765,4989,Basavaraj Shetty,11,M,0
5766,4990,Roopa Naidu,50,F,0
5767,4990,Radha Achar,48,F,0
5768,4991,Kavya Setty,43,F,0
5769,4992,Geeta Achar,31,F,0
5770,4993,Radha Reddy,28,F,0
5771,4994,Anil Reddy,43,M,0
5772,4995,Kavya Kumar,30,F,0
5773,4996,Bhagya Shetty,45,F,0
5774,4997,Suresh Hegde,14,M,0
5775,4998,Vidya Naidu,29,F,0
5776,4999,Shivaraj Murthy,49,M,0
5777,5000,Roopa Naik,71,F,0
5778,5001,Yogesh Iyer,55,M,0
5779,5002,Vijay Gowda,11,M,0
5780,5003,Ramesh Setty,49,M,0
5781,5004,Vijay Shetty,5,M,0
5782,5005,Ramesh Naidu,56,M,0
5783,5006,Sowmya Poojary,66,F,0
5784,5007,Vijay Shetty,58,M,0
5785,5008,Bhagya Poojary,34,F,0
5786,5009,Shobha Naidu,60,F,0
5787,5010,Bhagya Achar,73,F,0
5788,5010,Kavya Murthy,51,F,0
5789,5011,Raghu Rao,28,M,0
5790,5012,Lakshmi Murthy,36,F,0
5791,5013,Bhagya Rao,8,F,0
5792,5014,Suresh Naidu,21,M,0
5793,5015,Sowmya Rao,44,F,0
5794,5016,Nagaraj Achar,60,M,0
5795,5017,Girish Naik,44,M,0
5796,5018,Anita Hegde,54,F,0
5797,5019,Mahesh Iyer,30,M,0
5798,5020,Bhagya Murthy,26,F,0
5799,5021,Radha Iyer,43,F,0
5800,5022,Mahesh Kumar,32,M,0
5801,5023,Manjunath Naidu,29,M,0
5802,5024,Anil Iyer,37,M,0
5803,5025,Shwetha Rao,25,F,0
5804,5026,Girish Naidu,74,M,0
5805,5027,Radha Reddy,17,F,0
5806,5028,Shobha Achar,71,F,0
5807,5029,Mahesh Iyer,32,M,0
5808,5030,Pooja Patil,24,F,0
5809,5030,Anil Murthy,33,M,0
5810,5031,Ganesh Patil,65,M,0
5811,5032,Girish Hegde,52,M,0
5812,5032,Rekha Kumar,12,F,0
5813,5033,Vidya Iyer,58,F,0
5814,5034,Shwetha Achar,25,F,0
5815,5035,Lakshmi Iyer,60,F,0
5816,5036,Santosh Setty,18,M,0
5817,5037,Sunita Poojary,18,F,0
5818,5038,Rekha Kumar,24,F,0
5819,5039,Sowmya Reddy,23,F,0
5820,5040,Vidya Murthy,6,F,0
5821,5041,Shobha Iyer,46,F,0
5822,5042,Sunita Poojary,12,F,0
5823,5042,Nandini Rao,42,F,0
5824,5043,Kavya Setty,29,F,0
5825,5044,Anita Naidu,53,F,0
5826,5045,Naveen Murthy,14,M,0
5827,5046,Vidya Setty,47,F,0
5828,5046,Pooja Shetty,9,F,0
5829,5047,Anil Hegde,18,M,0
5830,5048,Naveen Achar,55,M,0
5831,5049,Kavya Naik,45,F,0
5832,5050,Radha Murthy,71,F,0
5833,5050,Shwetha Kumar,53,F,0
5834,5051,Rekha Patil,39,F,0
5835,5052,Naveen Naik,13,M,0
5836,5053,Raghu Shetty,64,M,0
5837,5054,Manjunath Achar,12,M,0
5838,5055,Anita Poojary,74,F,0
5839,5056,Nandini Bhat,19,F,0
5840,5057,Deepa Kumar,22,F,0
5841,5057,Shivaraj Bhat,52,M,0
5842,5058,Ramesh Achar,70,M,0
5843,5059,Nagaraj Iyer,60,M,0
5844,5060,Santosh Achar,58,M,0
5845,5060,Lakshmi Rao,70,F,0
5846,5061,Prakash Shetty,16,M,0
5847,5062,Shwetha Reddy,65,F,0
5848,5063,Savitha Achar,55,F,0
5849,5064,Nandini Naidu,35,F,0
5850,5065,Priya Patil,49,F,0
5851,5066,Anil Naidu,59,M,0
5852,5067,Sunita Rao,66,F,0
5853,5068,Sunita Poojary,62,F,0
5854,5069,Suresh Gowda,48,M,0
5855,5070,Basavaraj Hegde,61,M,0
5856,5070,Ravi Bhat,37,M,0
5857,5071,Ravi Kumar,64,M,0
5858,5072,Yogesh Rao,38,M,0
5859,5073,Suresh Achar,23,M,0
5860,5074,Pooja Naik,56,F,0
5861,5075,Anil Reddy,45,M,0
5862,5076,Chaya Shetty,48,F,0
5863,5076,Vidya Murthy,33,F,0
5864,5077,Ravi Shetty,70,M,0
5865,5078,Prakash Gowda,34,M,0
5866,5079,Roopa Rao,33,F,0
5867,5079,Nandini Shetty,26,F,0
5868,5080,Geeta Setty,64,F,0
5869,5081,Manjunath Iyer,62,M,0
5870,5082,Sowmya Naik,47,F,0
5871,5083,Basavaraj Reddy,75,M,0
5872,5084,Deepa Murthy,59,F,0
5873,5085,Manjunath Rao,75,M,0
5874,5086,Sunita Bhat,46,F,0
5875,5087,Raghu Kumar,33,M,0
5876,5088,Roopa Naik,51,F,0
5877,5088,Vidya Bhat,33,F,0
5878,5089,Pooja Naidu,33,F,0
5879,5089,Rekha Achar,10,F,0
5880,5090,Kumar Reddy,54,M,0
5881,5091,Chaya Shetty,48,F,0
5882,5092,Naveen Shetty,67,M,0
5883,5093,Sowmya Bhat,38,F,0
5884,5094,Vijay Bhat,7,M,0
5885,5095,Deepa Patil,56,F,0
5886,5096,Girish Gowda,13,M,0
5887,5097,Ganesh Reddy,24,M,0
5888,5098,Shivaraj Naik,40,M,0
5889,5099,Girish Achar,65,M,0
5890,5099,Raghu Rao,25,M,0
5891,5100,Raghu Shetty,6,M,0
5892,5101,Yogesh Poojary,62,M,0
5893,5102,Radha Shetty,33,F,0
5894,5103,Radha Naidu,44,F,0
5895,5104,Priya Hegde,20,F,0
5896,5105,Ravi Shetty,42,M,0
5897,5106,Lakshmi Patil,23,F,0
5898,5107,Anil Gowda,8,M,0
5899,5108,Kumar Kumar,33,M,0
5900,5109,Savitha Naidu,43,F,0
5901,5110,Anita Setty,45,F,0
5902,5111,Manjula Naik,8,F,0
5903,5112,Anita Patil,70,F,0
5904,5113,Santosh Naik,46,M,0
5905,5114,Anita Naidu,33,F,0
5906,5115,Santosh Iyer,21,M,0
5907,5116,Shobha Rao,62,F,0
5908,5117,Chaya Shetty,49,F,0
5909,5118,Srinivas Naidu,44,M,0
5910,5119,Roopa Gowda,46,F,0
5911,5120,Vijay Bhat,20,M,0
5912,5121,Yogesh Setty,23,M,0
5913,5122,Mahesh Rao,9,M,0
5914,5123,Vijay Naidu,14,M,0
5915,5124,Roopa Bhat,75,F,0
5916,5125,Ramesh Iyer,73,M,0
5917,5126,Girish Bhat,29,M,0
5918,5127,Manjula Kumar,42,F,0
5919,5128,Radha Setty,53,F,0
5920,5129,Anita Shetty,50,F,0
5921,5130,Naveen Murthy,48,M,0
5922,5131,Anita Kumar,66,F,0
5923,5132,Lakshmi Bhat,53,F,0
5924,5132,Anil Bhat,12,M,0
5925,5133,Sowmya Naidu,33,F,0
5926,5134,Rekha Murthy,74,F,0
5927,5135,Vidya Hegde,32,F,0
5928,5136,Prakash Murthy,12,M,0
5929,5137,Girish Murthy,53,M,0
5930,5137,Shivaraj Naidu,46,M,0
5931,5138,Raghu Patil,49,M,0
5932,5139,Nagaraj Naik,61,M,0
5933,5140,Ganesh Murthy,68,M,0
5934,5141,Kumar Kumar,61,M,0
5935,5142,Yogesh Patil,57,M,0
5936,5143,Lakshmi Hegde,7,F,0
5937,5143,Kavya Murthy,44,F,0
5938,5144,Basavaraj Reddy,57,M,0
5939,5145,Bhagya Naidu,15,F,0
5940,5146,Savitha Naik,6,F,0
5941,5147,Shwetha Rao,23,F,0
5942,5148,Basavaraj Gowda,61,M,0
5943,5149,Sowmya Murthy,35,F,0
5944,5150,Shivaraj Reddy,43,M,0
5945,5151,Shwetha Naik,16,F,0
5946,5152,Rekha Hegde,11,F,0
5947,5153,Ganesh Achar,32,M,0
5948,5153,Anita Achar,75,F,0
5949,5154,Vijay Iyer,10,M,0
5950,5155,Geeta Patil,75,F,0
5951,5156,Kumar Rao,65,M,0
5952,5157,Santosh Naidu,24,M,0
5953,5158,Shivaraj Poojary,9,M,0
5954,5159,Radha Shetty,46,F,0
5955,5160,Basavaraj Kumar,47,M,0
5956,5161,Manjunath Hegde,66,M,0
5957,5162,Ganesh Poojary,74,M,0
5958,5163,Sunita Poojary,23,F,0
5959,5163,Shivaraj Kumar,50,M,0
5960,5164,Bhagya Kumar,41,F,0
5961,5165,Manjula Rao,45,F,0
5962,5166,Raghu Naik,41,M,0
5963,5167,Rekha Gowda,68,F,0
5964,5168,Raghu Naidu,19,M,0
5965,5169,Radha Gowda,65,F,0
5966,5170,Lakshmi Setty,66,F,0
5967,5171,Sowmya Gowda,26,F,0
5968,5172,Anita Patil,28,F,0
5969,5173,Bhagya Shetty,42,F,0
5970,5174,Priya Patil,75,F,0
5971,5174,Sowmya Setty,59,F,0
5972,5175,Rekha Bhat,25,F,0
5973,5176,Shivaraj Hegde,8,M,0
5974,5177,Manjunath Shetty,40,M,0
5975,5178,Raghu Patil,38,M,0
5976,5179,Savitha Setty,59,F,0
5977,5180,Pooja Naidu,18,F,0
5978,5180,Nandini Iyer,71,F,0
5979,5181,Priya Achar,53,F,0
5980,5182,Nandini Reddy,72,F,0
5981,5183,Pooja Naidu,61,F,0
5982,5183,Srinivas Poojary,45,M,0
5983,5184,Bhagya Patil,66,F,0
5984,5185,Harish Achar,68,M,0
5985,5186,Roopa Reddy,27,F,0
5986,5187,Vijay Rao,42,M,0
5987,5188,Rekha Shetty,27,F,0
5988,5188,Kavya Bhat,52,F,0
5989,5189,Radha Achar,42,F,0
5990,5190,Mahesh Reddy,61,M,0
5991,5191,Nandini Shetty,74,F,0
5992,5192,Pooja Poojary,13,F,0
5993,5193,Sunita Reddy,7,F,0
5994,5194,Sunita Reddy,61,F,0
5995,5195,Nagaraj Kumar,51,M,0
5996,5195,Anil Kumar,39,M,0
5997,5196,Priya Naidu,43,F,0
5998,5197,Chaya Poojary,23,F,0
5999,5198,Srinivas Kumar,28,M,0
6000,5199,Lakshmi Gowda,70,F,0
6001,5200,Priya Murthy,55,F,0
6002,5201,Shwetha Reddy,29,F,0
6003,5202,Nagaraj Patil,43,M,0
6004,5203,Sunita Patil,73,F,0
6005,5204,Ganesh Poojary,24,M,0
6006,5204,Mahesh Iyer,17,M,0
6007,5205,Shivaraj Poojary,39,M,0
6008,5205,Basavaraj Poojary,25,M,0
6009,5206,Prakash Hegde,72,M,0
6010,5207,Mahesh Achar,30,M,0
6011,5208,Ganesh Iyer,61,M,0
6012,5209,Deepa Bhat,54,F,0
6013,5209,Naveen Gowda,5,M,0
6014,5210,Shwetha Iyer,34,F,0
6015,5211,Srinivas Gowda,75,M,0
6016,5212,Harish Poojary,51,M,0
6017,5213,Lakshmi Reddy,43,F,0
6018,5214,Kumar Shetty,17,M,0
6019,5214,Vidya Poojary,29,F,0
6020,5215,Lakshmi Iyer,27,F,0
6021,5216,Basavaraj Kumar,55,M,0
6022,5217,Savitha Murthy,35,F,0
6023,5217,Deepa Murthy,19,F,0
6024,5218,Deepa Naidu,44,F,0
6025,5219,Prakash Poojary,42,M,0
6026,5220,Raghu Kumar,57,M,0
6027,5221,Naveen Reddy,26,M,0
6028,5222,Pooja Gowda,31,F,0
6029,5223,Sowmya Reddy,24,F,0
6030,5224,Harish Shetty,36,M,0
6031,5225,Bhagya Bhat,15,F,0
6032,5226,Yogesh Naik,54,M,0
6033,5227,Basavaraj Achar,28,M,0
6034,5228,Yogesh Setty,46,M,0
6035,5229,Shobha Naik,31,F,0
6036,5230,Santosh Patil,35,M,0
6037,5231,Manjula Naidu,26,F,0
6038,5232,Chaya Kumar,51,F,0
6039,5233,Priya Rao,51,F,0
6040,5234,Shobha Gowda,55,F,0
6041,5235,Savitha Iyer,33,F,0
6042,5236,Anita Naik,46,F,0
6043,5237,Girish Achar,72,M,0
6044,5238,Priya Rao,7,F,0
6045,5238,Kavya Naik,53,F,0
6046,5239,Geeta Iyer,53,F,0
6047,5240,Bhagya Achar,38,F,0
6048,5241,Nandini Achar,28,F,0
6049,5242,Roopa Gowda,59,F,0
6050,5242,Manjula Shetty,44,F,0
6051,5243,Kavya Murthy,61,F,0
6052,5244,Shivaraj Poojary,71,M,0
6053,5244,Srinivas Reddy,39,M,0
6054,5245,Lakshmi Iyer,44,F,0
6055,5246,Anita Murthy,22,F,0
6056,5247,Savitha Kumar,23,F,0
6057,5248,Geeta Rao,39,F,0
6058,5249,Radha Kumar,19,F,0
6059,5250,Anil Shetty,12,M,0
6060,5250,Kumar Iyer,32,M,0
6061,5251,Vijay Murthy,27,M,0
6062,5252,Ravi Setty,63,M,0
6063,5252,Srinivas Naidu,6,M,0
6064,5253,Manjunath Achar,35,M,0
6065,5254,Basavaraj Rao,16,M,0
6066,5255,Savitha Poojary,62,F,0
6067,5256,Lakshmi Shetty,39,F,0
6068,5257,Chaya Naidu,6,F,0
6069,5258,Srinivas Naidu,61,M,0
6070,5259,Shivaraj Hegde,11,M,0
6071,5260,Bhagya Setty,62,F,0
6072,5261,Savitha Iyer,49,F,0
6073,5262,Savitha Setty,22,F,0
6074,5263,Mahesh Shetty,38,M,0
6075,5264,Kumar Kumar,62,M,0
6076,5265,Ganesh Kumar,65,M,0
6077,5265,Rekha Achar,44,F,0
6078,5266,Nandini Hegde,21,F,0
6079,5267,Srinivas Patil,44,M,0
6080,5268,Lakshmi Setty,69,F,0
6081,5269,Srinivas Bhat,7,M,0
6082,5270,Vijay Iyer,36,M,0
6083,5271,Naveen Achar,39,M,0
6084,5272,Rekha Achar,38,F,0
6085,5273,Manjunath Murthy,34,M,0
6086,5273,Srinivas Setty,52,M,0
6087,5274,Yogesh Hegde,72,M,0
6088,5275,Pooja Patil,40,F,0
6089,5276,Raghu Hegde,11,M,0
6090,5277,Suresh Iyer,50,M,0
6091,5278,Anil Achar,45,M,0
6092,5278,Srinivas Naik,11,M,0
6093,5279,Pooja Iyer,64,F,0
6094,5280,Kumar Shetty,72,M,0
6095,5281,Santosh Patil,75,M,0
6096,5282,Savitha Naidu,25,F,0
6097,5283,Ramesh Shetty,73,M,0
6098,5284,Srinivas Naidu,36,M,0
6099,5285,Mahesh Poojary,38,M,0
6100,5286,Sowmya Rao,65,F,0
6101,5287,Vidya Reddy,47,F,0
6102,5288,Priya Gowda,11,F,0
6103,5289,Naveen Gowda,7,M,0
6104,5290,Lakshmi Achar,42,F,0
6105,5291,Savitha Bhat,10,F,0
6106,5292,Deepa Bhat,32,F,0
6107,5293,Harish Bhat,27,M,0
6108,5294,Bhagya Kumar,42,F,0
6109,5295,Suresh Murthy,66,M,0
6110,5296,Geeta Kumar,6,F,0
6111,5297,Basavaraj Iyer,35,M,0
6112,5298,Santosh Poojary,10,M,0
6113,5299,Raghu Shetty,47,M,0
6114,5299,Sunita Poojary,27,F,0
6115,5300,Chaya Iyer,69,F,0
6116,5301,Santosh Rao,52,M,0
6117,5302,Shobha Bhat,42,F,0
6118,5303,Shobha Kumar,47,F,0
6119,5304,Nandini Shetty,32,F,0
6120,5305,Girish Murthy,14,M,0
6121,5306,Shivaraj Hegde,30,M,0
6122,5307,Kumar Iyer,17,M,0
6123,5308,Sowmya Patil,46,F,0
6124,5309,Kumar Reddy,75,M,0
6125,5309,Ramesh Achar,5,M,0
6126,5310,Santosh Murthy,65,M,0
6127,5311,Rekha Bhat,6,F,0
6128,5312,Yogesh Patil,56,M,0
6129,5313,Shobha Gowda,45,F,0
6130,5314,Basavaraj Setty,72,M,0
6131,5315,Shivaraj Reddy,33,M,0
6132,5316,Santosh Naidu,55,M,0
6133,5317,Sowmya Naik,51,F,0
6134,5318,Manjunath Murthy,38,M,0
6135,5319,Ganesh Gowda,36,M,0
6136,5320,Santosh Poojary,38,M,0
6137,5321,Manjunath Naik,55,M,0
6138,5321,Kumar Gowda,74,M,0
6139,5322,Savitha Kumar,39,F,0
6140,5323,Suresh Naik,54,M,0
6141,5324,Mahesh Gowda,41,M,0
6142,5325,Sunita Naik,7,F,0
6143,5326,Geeta Achar,43,F,0
6144,5326,Santosh Bhat,45,M,0
6145,5327,Rekha Poojary,37,F,0
6146,5328,Nagaraj Rao,29,M,0
6147,5329,Yogesh Setty,70,M,0
6148,5330,Sunita Poojary,74,F,0
6149,5331,Rekha Patil,18,F,0
6150,5331,Anil Poojary,66,M,0
6151,5332,Shivaraj Poojary,16,M,0
6152,5332,Geeta Patil,57,F,0
6153,5333,Bhagya Naik,9,F,0
6154,5334,Priya Naik,67,F,0
6155,5335,Pooja Rao,8,F,0
6156,5336,Shobha Gowda,57,F,0
6157,5337,Srinivas Shetty,13,M,0
6158,5338,Ravi Reddy,14,M,0
6159,5339,Radha Poojary,28,F,0
6160,5340,Bhagya Gowda,18,F,0
6161,5341,Manjunath Achar,11,M,0
6162,5342,Sowmya Patil,61,F,0
6163,5343,Pooja Naik,68,F,0
6164,5344,Priya Setty,60,F,0
6165,5345,Rekha Naik,44,F,0
6166,5346,Mahesh Naik,49,M,0
6167,5347,Vidya Rao,46,F,0
6168,5348,Priya Achar,56,F,0
6169,5349,Mahesh Bhat,71,M,0
6170,5350,Ramesh Rao,69,M,0
6171,5351,Lakshmi Gowda,47,F,0
6172,5352,Santosh Bhat,17,M,0
6173,5353,Kavya Reddy,18,F,0
6174,5354,Harish Iyer,39,M,0
6175,5355,Radha Naik,5,F,0
6176,5356,Yogesh Patil,20,M,0
6177,5357,Vidya Setty,22,F,0
6178,5358,Manjunath Iyer,38,M,0
6179,5359,Girish Rao,42,M,0
6180,5360,Mahesh Iyer,54,M,0
6181,5361,Radha Bhat,44,F,0
6182,5362,Vidya Hegde,59,F,0
6183,5363,Girish Setty,12,M,0
6184,5364,Shobha Reddy,70,F,0
6185,5365,Roopa Murthy,32,F,0
6186,5366,Anita Murthy,25,F,0
6187,5367,Girish Hegde,7,M,0
6188,5368,Nagaraj Reddy,20,M,0
6189,5368,Deepa Setty,68,F,0
6190,5369,Roopa Rao,15,F,0
6191,5370,Anil Rao,40,M,0
6192,5371,Shwetha Hegde,8,F,0
6193,5372,Sowmya Reddy,48,F,0
6194,5373,Girish Patil,12,M,0
6195,5374,Ravi Iyer,27,M,0
6196,5375,Raghu Shetty,43,M,0
6197,5376,Nandini Rao,21,F,0
6198,5377,Kavya Iyer,15,F,0
6199,5378,Nandini Reddy,75,F,0
6200,5379,Manjula Hegde,8,F,0
6201,5380,Prakash Bhat,6,M,0
6202,5381,Shwetha Naidu,23,F,0
6203,5382,Shobha Naidu,61,F,0
6204,5383,Radha Bhat,21,F,0
6205,5384,Harish Hegde,51,M,0
6206,5385,Savitha Iyer,63,F,0
6207,5386,Vidya Poojary,75,F,0
6208,5387,Sunita Hegde,7,F,0
6209,5388,Naveen Patil,69,M,0
6210,5389,Suresh Reddy,58,M,0
6211,5390,Vijay Setty,40,M,0
6212,5391,Kavya Naidu,60,F,0
6213,5392,Deepa Hegde,66,F,0
6214,5393,Kavya Kumar,36,F,0
6215,5394,Anil Patil,16,M,0
6216,5395,Anil Iyer,39,M,0
6217,5396,Manjunath Poojary,65,M,0
6218,5397,Nagaraj Kumar,60,M,0
6219,5398,Mahesh Naik,15,M,0
6220,5399,Harish Murthy,26,M,0
6221,5399,Kavya Murthy,59,F,0
6222,5400,Yogesh Achar,12,M,0
6223,5401,Bhagya Kumar,44,F,0
6224,5402,Naveen Patil,45,M,0
6225,5403,Chaya Iyer,69,F,0
6226,5404,Rekha Kumar,74,F,0
6227,5405,Radha Kumar,36,F,0
6228,5406,Radha Reddy,32,F,0
6229,5406,Manjula Gowda,25,F,0
6230,5407,Santosh Setty,14,M,0
6231,5408,Prakash Rao,28,M,0
6232,5409,Savitha Bhat,34,F,0
6233,5410,Ravi Gowda,62,M,0
6234,5411,Mahesh Gowda,28,M,0
6235,5412,Harish Reddy,31,M,0
6236,5413,Lakshmi Achar,39,F,0
6237,5414,Anil Murthy,38,M,0
6238,5415,Kumar Gowda,47,M,0
6239,5416,Yogesh Rao,6,M,0
6240,5416,Srinivas Bhat,14,M,0
6241,5417,Raghu Shetty,15,M,0
6242,5418,Vidya Iyer,18,F,0
6243,5419,Raghu Naik,33,M,0
6244,5420,Shwetha Iyer,74,F,0
6245,5421,Lakshmi Kumar,29,F,0
6246,5422,Nagaraj Naidu,14,M,0
6247,5423,Ravi Setty,69,M,0
6248,5423,Kavya Naik,34,F,0
6249,5424,Pooja Patil,46,F,0
6250,5425,Nagaraj Gowda,6,M,0
6251,5426,Santosh Setty,34,M,0
6252,5427,Girish Iyer,28,M,0
6253,5428,Kavya Setty,39,F,0
6254,5429,Geeta Iyer,31,F,0
6255,5430,Nagaraj Patil,64,M,0
6256,5431,Suresh Setty,21,M,0
6257,5431,Harish Achar,31,M,0
6258,5432,Geeta Poojary,38,F,0
6259,5433,Shobha Iyer,51,F,0
6260,5434,Manjula Bhat,15,F,0
6261,5435,Deepa Achar,27,F,0
6262,5436,Vijay Reddy,65,M,0
6263,5437,Naveen Naidu,60,M,0
6264,5437,Manjula Gowda,58,F,0
6265,5438,Basavaraj Setty,70,M,0
6266,5439,Rekha Kumar,11,F,0
6267,5440,Yogesh Bhat,16,M,0
6268,5441,Naveen Achar,55,M,0
6269,5442,Roopa Iyer,20,F,0
6270,5443,Mahesh Shetty,55,M,0
6271,5444,Nandini Reddy,34,F,0
6272,5445,Mahesh Setty,47,M,0
6273,5446,Sunita Patil,7,F,0
6274,5447,Santosh Rao,72,M,0
6275,5448,Harish Naik,21,M,0
6276,5449,Rekha Iyer,33,F,0
6277,5450,Santosh Murthy,46,M,0
6278,5451,Kumar Bhat,71,M,0
6279,5452,Roopa Reddy,26,F,0
6280,5453,Sowmya Gowda,40,F,0
6281,5454,Kumar Patil,6,M,0
6282,5455,Shivaraj Iyer,31,M,0
6283,5456,Srinivas Murthy,24,M,0
6284,5457,Rekha Poojary,28,F,0
6285,5458,Srinivas Naidu,50,M,0
6286,5459,Bhagya Bhat,72,F,0
6287,5460,Girish Murthy,15,M,0
6288,5461,Ravi Achar,66,M,0
6289,5461,Anita Setty,10,F,0
6290,5462,Nagaraj Gowda,34,M,0
6291,5463,Manjula Iyer,13,F,0
6292,5464,Lakshmi Gowda,31,F,0
6293,5465,Rekha Rao,16,F,0
6294,5466,Pooja Gowda,23,F,0
6295,5467,Bhagya Kumar,32,F,0
6296,5468,Kavya Murthy,39,F,0
6297,5469,Ramesh Setty,48,M,0
6298,5469,Vijay Hegde,70,M,0
6299,5470,Pooja Naidu,63,F,0
6300,5471,Geeta Hegde,26,F,0
6301,5472,Manjunath Kumar,12,M,0
6302,5473,Savitha Rao,23,F,0
6303,5473,Shobha Reddy,20,F,0
6304,5474,Sowmya Patil,16,F,0
6305,5475,Ganesh Rao,42,M,0
6306,5476,Pooja Hegde,45,F,0
6307,5477,Anil Hegde,16,M,0
6308,5478,Ganesh Gowda,69,M,0
6309,5479,Radha Poojary,64,F,0
6310,5480,Bhagya Shetty,61,F,0
6311,5481,Harish Bhat,55,M,0
6312,5482,Manjunath Naik,32,M,0
6313,5482,Anil Hegde,62,M,0
6314,5483,Manjula Reddy,63,F,0
6315,5484,Yogesh Hegde,66,M,0
6316,5485,Deepa Shetty,10,F,0
6317,5486,Naveen Hegde,42,M,0
6318,5487,Manjula Kumar,58,F,0
6319,5488,Sowmya Shetty,12,F,0
6320,5489,Prakash Poojary,70,M,0
6321,5490,Deepa Kumar,72,F,0
6322,5491,Shwetha Setty,17,F,0
6323,5492,Deepa Hegde,46,F,0
6324,5492,Shwetha Bhat,66,F,0
6325,5493,Geeta Naidu,28,F,0
6326,5494,Suresh Shetty,16,M,0
6327,5495,Ganesh Poojary,38,M,0
6328,5496,Suresh Murthy,13,M,0
6329,5497,Deepa Setty,15,F,0
6330,5498,Santosh Setty,28,M,0
6331,5499,Raghu Naik,17,M,0
6332,5500,Harish Rao,18,M,0
6333,5501,Sunita Patil,54,F,0
6334,5502,Kumar Gowda,68,M,0
6335,5503,Rekha Naik,52,F,0
6336,5504,Yogesh Shetty,46,M,0
6337,5505,Anita Bhat,61,F,0
6338,5506,Kavya Patil,55,F,0
6339,5507,Anita Rao,6,F,0
6340,5508,Girish Hegde,23,M,0
6341,5509,Raghu Setty,6,M,0
6342,5510,Yogesh Rao,10,M,0
6343,5511,Priya Achar,59,F,0
6344,5512,Nagaraj Iyer,11,M,0
6345,5513,Basavaraj Rao,52,M,0
6346,5514,Anita Kumar,70,F,0
6347,5515,Harish Naik,38,M,0
6348,5516,Suresh Iyer,51,M,0
6349,5517,Chaya Patil,44,F,0
6350,5518,Ravi Murthy,65,M,0
6351,5519,Shwetha Poojary,34,F,0
6352,5520,Priya Rao,62,F,0
6353,5521,Ravi Reddy,40,M,0
6354,5522,Anil Kumar,53,M,0
6355,5523,Roopa Murthy,69,F,0
6356,5524,Manjunath Bhat,43,M,0
6357,5525,Anita Rao,34,F,0
6358,5525,Suresh Rao,65,M,0
6359,5526,Priya Patil,48,F,0
6360,5527,Deepa Bhat,10,F,0
6361,5528,Nagaraj Patil,40,M,0
6362,5529,Kumar Naik,49,M,0
6363,5530,Pooja Hegde,48,F,0
6364,5531,Shivaraj Shetty,28,M,0
6365,5532,Priya Naik,13,F,0
6366,5533,Manjunath Shetty,43,M,0
6367,5534,Kumar Kumar,17,M,0
6368,5535,Radha Naik,22,F,0
6369,5536,Nagaraj Rao,23,M,0
6370,5537,Deepa Iyer,17,F,0
6371,5538,Nandini Gowda,60,F,0
6372,5538,Raghu Achar,14,M,0
6373,5539,Harish Shetty,35,M,0
6374,5540,Nagaraj Achar,38,M,0
6375,5540,Anil Patil,15,M,0
6376,5541,Vidya Kumar,65,F,0
6377,5542,Srinivas Rao,10,M,0
6378,5543,Naveen Achar,40,M,0
6379,5544,Anita Poojary,34,F,0
6380,5544,Ganesh Murthy,27,M,0
6381,5545,Shivaraj Rao,72,M,0
6382,5545,Deepa Rao,51,F,0
6383,5546,Yogesh Setty,5,M,0
6384,5546,Kumar Iyer,75,M,0
6385,5547,Yogesh Shetty,55,M,0
6386,5548,Kavya Gowda,27,F,0
6387,5549,Anita Hegde,70,F,0
6388,5550,Kumar Reddy,49,M,0
6389,5551,Nandini Naidu,43,F,0
6390,5552,Pooja Reddy,33,F,0
6391,5553,Ganesh Patil,11,M,0
6392,5554,Mahesh Shetty,56,M,0
6393,5555,Harish Reddy,56,M,0
6394,5555,Vijay Rao,38,M,0
6395,5556,Srinivas Naidu,74,M,0
6396,5557,Radha Hegde,64,F,0
6397,5558,Shwetha Achar,70,F,0
6398,5559,Nagaraj Iyer,43,M,0
6399,5560,Sunita Iyer,71,F,0
6400,5561,Shivaraj Murthy,32,M,0
6401,5562,Santosh Bhat,31,M,0
6402,5562,Shwetha Hegde,35,F,0
6403,5563,Shwetha Kumar,20,F,0
6404,5564,Manjunath Reddy,41,M,0
6405,5565,Deepa Achar,21,F,0
6406,5566,Basavaraj Poojary,34,M,0
6407,5566,Anita Patil,35,F,0
6408,5567,Shobha Shetty,46,F,0
6409,5568,Bhagya Murthy,67,F,0
6410,5569,Nandini Iyer,13,F,0
6411,5570,Geeta Patil,65,F,0
6412,5570,Roopa Achar,22,F,0
6413,5571,Prakash Kumar,56,M,0
6414,5572,Shivaraj Murthy,18,M,0
6415,5573,Pooja Gowda,38,F,0
6416,5574,Vijay Setty,5,M,0
6417,5575,Sowmya Patil,65,F,0
6418,5576,Sunita Hegde,11,F,0
6419,5577,Manjunath Naik,60,M,0
6420,5578,Savitha Murthy,27,F,0
6421,5578,Anil Poojary,39,M,0
6422,5579,Sunita Bhat,46,F,0
6423,5580,Deepa Murthy,12,F,0
6424,5581,Kavya Setty,7,F,0
6425,5582,Shobha Achar,64,F,0
6426,5583,Sowmya Murthy,35,F,0
6427,5584,Vijay Reddy,10,M,0
6428,5585,Nandini Patil,16,F,0
6429,5585,Santosh Hegde,20,M,0
6430,5586,Manjula Shetty,6,F,0
6431,5587,Basavaraj Setty,17,M,0
6432,5588,Savitha Rao,57,F,0
6433,5589,Sowmya Achar,10,F,0
6434,5590,Srinivas Murthy,29,M,0
6435,5591,Manjula Murthy,56,F,0
6436,5592,Basavaraj Kumar,6,M,0
6437,5593,Basavaraj Rao,41,M,0
6438,5594,Yogesh Murthy,65,M,0
6439,5594,Girish Kumar,40,M,0
6440,5595,Basavaraj Shetty,68,M,0
6441,5596,Naveen Setty,37,M,0
6442,5597,Vijay Naidu,38,M,0
6443,5598,Harish Patil,31,M,0
6444,5599,Kumar Achar,32,M,0
6445,5600,Vidya Gowda,6,F,0
6446,5601,Geeta Patil,51,F,0
6447,5602,Prakash Murthy,35,M,0
6448,5603,Shwetha Rao,56,F,0
6449,5604,Savitha Iyer,31,F,0
6450,5605,Naveen Murthy,19,M,0
6451,5606,Manjunath Bhat,16,M,0
6452,5607,Basavaraj Patil,39,M,0
6453,5608,Mahesh Patil,8,M,0
6454,5609,Ravi Setty,52,M,0
6455,5610,Ganesh Kumar,53,M,0
6456,5611,Bhagya Achar,34,F,0
6457,5612,Deepa Kumar,16,F,0
6458,5613,Sowmya Patil,73,F,0
6459,5614,Mahesh Achar,17,M,0
6460,5614,Radha Reddy,29,F,0
6461,5615,Roopa Murthy,57,F,0
6462,5616,Ravi Gowda,58,M,0
6463,5617,Basavaraj Murthy,68,M,0
6464,5618,Lakshmi Hegde,58,F,0
6465,5619,Mahesh Poojary,50,M,0
6466,5620,Radha Bhat,47,F,0
6467,5621,Anita Naik,67,F,0
6468,5622,Naveen Poojary,25,M,0
6469,5623,Vijay Kumar,66,M,0
6470,5624,Basavaraj Shetty,49,M,0
6471,5625,Girish Naik,21,M,0
6472,5626,Vidya Kumar,10,F,0
6473,5627,Lakshmi Murthy,17,F,0
6474,5628,Shobha Hegde,75,F,0
6475,5629,Shobha Poojary,26,F,0
6476,5630,Lakshmi Hegde,72,F,0
6477,5631,Sunita Naidu,70,F,0
6478,5632,Prakash Murthy,25,M,0
6479,5633,Anita Patil,63,F,0
6480,5633,Ramesh Shetty,61,M,0
6481,5634,Suresh Naidu,28,M,0
6482,5635,Shwetha Gowda,70,F,0
6483,5636,Priya Murthy,48,F,0
6484,5636,Sunita Murthy,31,F,0
6485,5637,Anita Bhat,12,F,0
6486,5638,Shivaraj Kumar,66,M,0
6487,5639,Vidya Gowda,11,F,0
6488,5640,Girish Kumar,5,M,0
6489,5641,Yogesh Naidu,45,M,0
6490,5642,Kavya Setty,62,F,0
6491,5643,Mahesh Murthy,10,M,0
6492,5644,Ramesh Shetty,5,M,0
6493,5645,Manjula Iyer,66,F,0
6494,5645,Shwetha Gowda,74,F,0
6495,5646,Geeta Murthy,32,F,0
6496,5647,Vijay Naik,17,M,0
6497,5648,Mahesh Achar,53,M,0
6498,5649,Manjula Setty,35,F,0
6499,5650,Ramesh Gowda,15,M,0
6500,5651,Deepa Naik,56,F,0
6501,5652,Pooja Bhat,19,F,0
6502,5652,Bhagya Kumar,60,F,0
6503,5653,Sowmya Naidu,5,F,0
6504,5654,Ganesh Naik,27,M,0
6505,5655,Girish Rao,50,M,0
6506,5655,Priya Achar,28,F,0
6507,5656,Manjula Setty,50,F,0
6508,5656,Sowmya Reddy,40,F,0
6509,5657,Harish Gowda,66,M,0
6510,5657,Harish Naidu,73,M,0
6511,5658,Nagaraj Gowda,70,M,0
6512,5659,Kavya Rao,68,F,0
6513,5660,Basavaraj Setty,15,M,0
6514,5661,Pooja Hegde,28,F,0
6515,5662,Shwetha Hegde,68,F,0
6516,5663,Sowmya Iyer,48,F,0
6517,5663,Naveen Setty,39,M,0
6518,5664,Radha Reddy,65,F,0
6519,5665,Vidya Iyer,61,F,0
6520,5666,Santosh Iyer,30,M,0
6521,5667,Nagaraj Reddy,12,M,0
6522,5668,Geeta Kumar,5,F,0
6523,5669,Ganesh Shetty,22,M,0
6524,5670,Vijay Setty,65,M,0
6525,5671,Chaya Iyer,6,F,0
6526,5672,Sunita Patil,69,F,0
6527,5673,Shwetha Rao,44,F,0
6528,5674,Mahesh Naik,57,M,0
6529,5675,Lakshmi Naik,39,F,0
6530,5676,Yogesh Murthy,57,M,0
6531,5677,Rekha Patil,54,F,0
6532,5678,Anil Iyer,72,M,0
6533,5678,Priya Naidu,16,F,0
6534,5679,Vidya Iyer,10,F,0
6535,5680,Priya Naik,37,F,0
6536,5681,Anita Naidu,64,F,0
6537,5682,Geeta Hegde,9,F,0
6538,5683,Geeta Naidu,72,F,0
6539,5684,Harish Naidu,64,M,0
6540,5685,Kumar Gowda,53,M,0
6541,5686,Kavya Naik,19,F,0
6542,5687,Manjula Naidu,56,F,0
6543,5688,Ramesh Rao,24,M,0
6544,5689,Vidya Naik,21,F,0
6545,5690,Pooja Gowda,65,F,0
6546,5691,Santosh Iyer,74,M,0
6547,5692,Bhagya Naik,29,F,0
6548,5693,Savitha Shetty,17,F,0
6549,5694,Priya Gowda,37,F,0
6550,5695,Yogesh Setty,15,M,0
6551,5696,Chaya Murthy,18,F,0
6552,5697,Yogesh Reddy,64,M,0
6553,5698,Sowmya Naidu,55,F,0
6554,5698,Anil Naidu,32,M,0
6555,5699,Radha Patil,72,F,0
6556,5700,Pooja Gowda,36,F,0
6557,5701,Lakshmi Hegde,10,F,0
6558,5702,Santosh Reddy,23,M,0
6559,5703,Mahesh Rao,6,M,0
6560,5703,Basavaraj Murthy,45,M,0
6561,5704,Bhagya Reddy,23,F,0
6562,5705,Kavya Murthy,26,F,0
6563,5706,Savitha Shetty,66,F,0
6564,5707,Prakash Naidu,51,M,0
6565,5708,Nandini Murthy,7,F,0
6566,5709,Chaya Shetty,75,F,0
6567,5710,Ganesh Iyer,52,M,0
6568,5711,Roopa Poojary,61,F,0
6569,5712,Anil Rao,69,M,0
6570,5713,Nagaraj Gowda,19,M,0
6571,5714,Shwetha Achar,12,F,0
6572,5715,Girish Murthy,74,M,0
6573,5716,Mahesh Poojary,51,M,0
6574,5717,Bhagya Iyer,33,F,0
6575,5718,Lakshmi Naik,70,F,0
6576,5719,Manjunath Hegde,25,M,0
6577,5720,Raghu Rao,28,M,0
6578,5721,Anita Shetty,24,F,0
6579,5722,Manjula Hegde,61,F,0
6580,5722,Priya Gowda,15,F,0
6581,5723,Shwetha Murthy,56,F,0
6582,5724,Chaya Naik,69,F,0
6583,5725,Deepa Rao,27,F,0
6584,5726,Basavaraj Hegde,19,M,0
6585,5727,Ganesh Bhat,17,M,0
6586,5728,Vidya Shetty,8,F,0
6587,5729,Suresh Bhat,30,M,0
6588,5730,Lakshmi Bhat,25,F,0
6589,5731,Vidya Murthy,29,F,0
6590,5732,Ramesh Setty,22,M,0
6591,5733,Savitha Poojary,60,F,0
6592,5733,Mahesh Iyer,39,M,0
6593,5734,Basavaraj Naidu,72,M,0
6594,5735,Ganesh Shetty,52,M,0
6595,5736,Sowmya Murthy,39,F,0
6596,5737,Chaya Achar,32,F,0
6597,5738,Priya Shetty,5,F,0
6598,5739,Ganesh Patil,38,M,0
6599,5740,Harish Poojary,30,M,0
6600,5741,Manjula Kumar,63,F,0
6601,5742,Geeta Bhat,23,F,0
6602,5742,Anil Reddy,17,M,0
6603,5743,Kumar Iyer,9,M,0
6604,5744,Manjunath Setty,35,M,0
6605,5745,Savitha Setty,26,F,0
6606,5746,Manjunath Poojary,43,M,0
6607,5747,Suresh Patil,66,M,0
6608,5748,Nagaraj Kumar,14,M,0
6609,5749,Basavaraj Shetty,65,M,0
6610,5750,Harish Iyer,75,M,0
6611,5751,Pooja Setty,42,F,0
6612,5752,Ramesh Reddy,21,M,0
6613,5753,Sowmya Murthy,22,F,0
6614,5754,Prakash Setty,66,M,0
6615,5754,Nandini Kumar,39,F,0
6616,5755,Naveen Naidu,71,M,0
6617,5756,Sowmya Shetty,62,F,0
6618,5757,Chaya Iyer,36,F,0
6619,5758,Mahesh Hegde,66,M,0
6620,5759,Manjula Reddy,25,F,0
6621,5760,Manjula Gowda,16,F,0
6622,5761,Nagaraj Patil,31,M,0
6623,5762,Girish Rao,60,M,0
6624,5763,Basavaraj Hegde,23,M,0
6625,5764,Kumar Achar,55,M,0
6626,5765,Nandini Bhat,39,F,0
6627,5766,Raghu Naidu,61,M,0
6628,5767,Shobha Naidu,41,F,0
6629,5768,Deepa Naidu,14,F,0
6630,5769,Santosh Rao,54,M,0
6631,5770,Nandini Murthy,28,F,0
6632,5770,Harish Iyer,12,M,0
6633,5771,Ganesh Poojary,12,M,0
6634,5772,Deepa Naik,71,F,0
6635,5773,Savitha Reddy,47,F,0
6636,5774,Rekha Shetty,39,F,0
6637,5774,Kavya Naik,12,F,0
6638,5775,Anil Naik,44,M,0
6639,5775,Vijay Murthy,32,M,0
6640,5776,Rekha Gowda,6,F,0
6641,5777,Naveen Reddy,57,M,0
6642,5778,Manjunath Iyer,40,M,0
6643,5779,Sowmya Setty,29,F,0
6644,5780,Shobha Bhat,6,F,0
6645,5780,Mahesh Murthy,35,M,0
6646,5781,Vijay Poojary,24,M,0
6647,5782,Manjunath Poojary,41,M,0
6648,5783,Nagaraj Poojary,24,M,0
6649,5784,Kumar Kumar,35,M,0
6650,5785,Rekha Bhat,22,F,0
6651,5786,Vidya Naik,25,F,0
6652,5787,Kavya Rao,14,F,0
6653,5788,Shobha Patil,26,F,0
6654,5789,Sowmya Naik,42,F,0
6655,5790,Lakshmi Reddy,50,F,0
6656,5791,Priya Achar,12,F,0
6657,5792,Prakash Rao,40,M,0
6658,5793,Nagaraj Poojary,17,M,0
6659,5793,Vidya Hegde,68,F,0
6660,5794,Chaya Hegde,18,F,0
6661,5795,Nandini Setty,70,F,0
6662,5796,Radha Murthy,8,F,0
6663,5796,Suresh Naidu,65,M,0
6664,5797,Yogesh Bhat,35,M,0
6665,5798,Suresh Bhat,6,M,0
6666,5799,Deepa Naik,29,F,0
6667,5800,Roopa Gowda,58,F,0
6668,5801,Radha Bhat,28,F,0
6669,5802,Raghu Reddy,42,M,0
6670,5803,Mahesh Murthy,14,M,0
6671,5804,Vijay Shetty,7,M,0
6672,5805,Bhagya Iyer,25,F,0
6673,5806,Ganesh Naik,31,M,0
6674,5807,Mahesh Hegde,19,M,0
6675,5808,Sowmya Kumar,52,F,0
6676,5809,Geeta Bhat,32,F,0
6677,5810,Anita Naidu,21,F,0
6678,5811,Nandini Murthy,56,F,0
6679,5812,Pooja Setty,40,F,0
6680,5813,Shobha Naidu,60,F,0
6681,5814,Rekha Kumar,70,F,0
6682,5815,Sunita Shetty,51,F,0
6683,5816,Radha Poojary,18,F,0
6684,5816,Basavaraj Patil,32,M,0
6685,5817,Nandini Achar,62,F,0
6686,5817,Nagaraj Naik,19,M,0
6687,5818,Yogesh Naik,49,M,0
6688,5819,Roopa Reddy,33,F,0
6689,5820,Rekha Iyer,46,F,0
6690,5821,Raghu Setty,34,M,0
6691,5821,Sunita Gowda,10,F,0
6692,5822,Raghu Iyer,53,M,0
6693,5823,Vidya Naik,26,F,0
6694,5824,Basavaraj Reddy,20,M,0
6695,5825,Prakash Murthy,40,M,0
6696,5826,Nagaraj Gowda,58,M,0
6697,5826,Savitha Murthy,7,F,0
6698,5827,Vijay Achar,39,M,0
6699,5828,Srinivas Kumar,25,M,0
6700,5829,Ravi Poojary,6,M,0
6701,5830,Geeta Gowda,60,F,0
6702,5831,Radha Setty,37,F,0
6703,5832,Sunita Hegde,59,F,0
6704,5833,Ravi Murthy,22,M,0
6705,5833,Ramesh Naik,53,M,0
6706,5834,Savitha Naik,34,F,0
6707,5834,Girish Naidu,56,M,0
6708,5835,Anil Poojary,37,M,0
6709,5836,Naveen Achar,24,M,0
6710,5837,Pooja Shetty,20,F,0
6711,5838,Santosh Gowda,47,M,0
6712,5839,Chaya Achar,10,F,0
6713,5840,Yogesh Rao,9,M,0
6714,5841,Yogesh Rao,53,M,0
6715,5842,Prakash Rao,55,M,0
6716,5842,Prakash Iyer,9,M,0
6717,5843,Roopa Shetty,53,F,0
6718,5844,Shobha Murthy,55,F,0
6719,5845,Ravi Poojary,57,M,0
6720,5846,Raghu Naik,34,M,0
6721,5847,Anil Iyer,36,M,0
6722,5848,Suresh Iyer,29,M,0
6723,5849,Vijay Rao,5,M,0
6724,5850,Raghu Iyer,20,M,0
6725,5851,Manjunath Iyer,26,M,0
6726,5852,Kavya Poojary,42,F,0
6727,5853,Manjula Achar,45,F,0
6728,5854,Shobha Hegde,63,F,0
6729,5855,Sunita Gowda,68,F,0
6730,5856,Vijay Naidu,67,M,0
6731,5857,Kumar Hegde,48,M,0
6732,5858,Srinivas Naidu,67,M,0
6733,5859,Shivaraj Hegde,58,M,0
6734,5860,Shivaraj Reddy,52,M,0
6735,5860,Girish Reddy,65,M,0
6736,5861,Yogesh Achar,61,M,0
6737,5862,Kumar Naidu,52,M,0
6738,5863,Girish Naidu,5,M,0
6739,5864,Manjula Shetty,59,F,0
6740,5865,Nandini Hegde,31,F,0
6741,5866,Manjunath Poojary,13,M,0
6742,5867,Santosh Gowda,33,M,0
6743,5868,Suresh Rao,66,M,0
6744,5868,Prakash Gowda,54,M,0
6745,5869,Girish Poojary,13,M,0
6746,5870,Raghu Hegde,20,M,0
6747,5870,Raghu Naidu,21,M,0
6748,5871,Anil Rao,14,M,0
6749,5872,Chaya Achar,18,F,0
6750,5873,Bhagya Patil,45,F,0
6751,5874,Prakash Shetty,22,M,0
6752,5875,Raghu Hegde,31,M,0
6753,5876,Ganesh Patil,24,M,0
6754,5877,Nagaraj Iyer,42,M,0
6755,5878,Shivaraj Gowda,7,M,0
6756,5879,Savitha Shetty,35,F,0
6757,5880,Manjula Iyer,69,F,0
6758,5880,Ganesh Reddy,49,M,0
6759,5881,Kavya Naik,53,F,0
6760,5882,Pooja Kumar,39,F,0
6761,5883,Rekha Setty,8,F,0
6762,5884,Ganesh Murthy,62,M,0
6763,5885,Savitha Reddy,55,F,0
6764,5886,Priya Shetty,49,F,0
6765,5887,Mahesh Gowda,52,M,0
6766,5887,Anil Gowda,35,M,0
6767,5888,Sowmya Achar,6,F,0
6768,5889,Roopa Poojary,53,F,0
6769,5890,Girish Kumar,63,M,0
6770,5890,Shobha Poojary,66,F,0
6771,5891,Ganesh Patil,36,M,0
6772,5892,Nandini Iyer,23,F,0
6773,5893,Vijay Setty,20,M,0
6774,5894,Anil Setty,18,M,0
6775,5895,Raghu Patil,59,M,0
6776,5896,Ramesh Bhat,10,M,0
6777,5897,Srinivas Setty,47,M,0
6778,5897,Basavaraj Naidu,65,M,0
6779,5898,Deepa Setty,32,F,0
6780,5899,Basavaraj Hegde,23,M,0
6781,5900,Ramesh Shetty,52,M,0
6782,5900,Yogesh Murthy,67,M,0
6783,5901,Suresh Kumar,41,M,0
6784,5902,Kavya Naik,48,F,0
6785,5903,Rekha Setty,73,F,0
6786,5903,Savitha Reddy,70,F,0
6787,5904,Rekha Reddy,24,F,0
6788,5905,Suresh Poojary,11,M,0
6789,5906,Harish Bhat,65,M,0
6790,5906,Bhagya Hegde,63,F,0
6791,5907,Nandini Naik,21,F,0
6792,5908,Anil Shetty,23,M,0
6793,5909,Harish Naidu,57,M,0
6794,5910,Nagaraj Achar,15,M,0
6795,5910,Kumar Gowda,62,M,0
6796,5911,Prakash Bhat,48,M,0
6797,5912,Ganesh Reddy,8,M,0
6798,5913,Manjunath Shetty,27,M,0
6799,5914,Nagaraj Murthy,26,M,0
6800,5915,Srinivas Naidu,37,M,0
6801,5916,Santosh Murthy,7,M,0
6802,5916,Basavaraj Achar,41,M,0
6803,5917,Deepa Achar,36,F,0
6804,5917,Bhagya Shetty,67,F,0
6805,5918,Lakshmi Reddy,39,F,0
6806,5919,Manjunath Gowda,49,M,0
6807,5920,Radha Murthy,25,F,0
6808,5921,Roopa Shetty,57,F,0
6809,5922,Sowmya Setty,67,F,0
6810,5923,Sowmya Achar,45,F,0
6811,5924,Geeta Reddy,9,F,0
6812,5925,Rekha Bhat,75,F,0
6813,5926,Santosh Naidu,68,M,0
6814,5927,Nandini Gowda,41,F,0
6815,5927,Girish Poojary,75,M,0
6816,5928,Rekha Naik,21,F,0
6817,5928,Raghu Hegde,33,M,0
6818,5929,Roopa Gowda,23,F,0
6819,5930,Sunita Naidu,68,F,0
6820,5931,Bhagya Rao,15,F,0
6821,5931,Mahesh Murthy,37,M,0
6822,5932,Kavya Shetty,71,F,0
6823,5933,Savitha Gowda,31,F,0
6824,5934,Radha Hegde,75,F,0
6825,5935,Savitha Murthy,56,F,0
6826,5936,Nandini Gowda,60,F,0
6827,5936,Shivaraj Rao,73,M,0
6828,5937,Shivaraj Naidu,21,M,0
6829,5938,Shobha Gowda,20,F,0
6830,5939,Prakash Poojary,41,M,0
6831,5939,Radha Hegde,37,F,0
6832,5940,Geeta Naidu,34,F,0
6833,5941,Yogesh Rao,57,M,0
6834,5942,Shivaraj Shetty,58,M,0
6835,5943,Sowmya Kumar,43,F,0
6836,5944,Anil Gowda,46,M,0
6837,5945,Srinivas Rao,62,M,0
6838,5946,Radha Shetty,62,F,0
6839,5947,Roopa Naidu,70,F,0
6840,5948,Raghu Setty,43,M,0
6841,5949,Srinivas Naik,65,M,0
6842,5950,Anil Gowda,48,M,0
6843,5951,Santosh Gowda,27,M,0
6844,5952,Manjunath Naik,24,M,0
6845,5953,Radha Setty,12,F,0
6846,5954,Manjunath Iyer,17,M,0
6847,5955,Naveen Reddy,12,M,0
6848,5956,Girish Rao,51,M,0
6849,5957,Sunita Naik,53,F,0
6850,5958,Radha Gowda,49,F,0
6851,5959,Ramesh Reddy,8,M,0
6852,5960,Nagaraj Bhat,71,M,0
6853,5960,Shobha Bhat,57,F,0
6854,5961,Naveen Bhat,41,M,0
6855,5962,Harish Poojary,26,M,0
6856,5963,Roopa Reddy,55,F,0
6857,5964,Bhagya Murthy,67,F,0
6858,5965,Shivaraj Iyer,74,M,0
6859,5966,Manjula Kumar,29,F,0
6860,5967,Ganesh Poojary,26,M,0
6861,5968,Kavya Patil,61,F,0
6862,5969,Deepa Kumar,20,F,0
6863,5970,Priya Hegde,28,F,0
6864,5971,Prakash Patil,19,M,0
6865,5972,Prakash Naik,21,M,0
6866,5973,Shivaraj Gowda,28,M,0
6867,5973,Rekha Gowda,35,F,0
6868,5974,Srinivas Bhat,9,M,0
6869,5975,Kavya Bhat,16,F,0
6870,5976,Vidya Gowda,24,F,0
6871,5977,Yogesh Iyer,33,M,0
6872,5978,Nandini Patil,15,F,0
6873,5979,Prakash Gowda,25,M,0
6874,5979,Savitha Achar,60,F,0
6875,5980,Anita Murthy,55,F,0
6876,5981,Ganesh Setty,27,M,0
6877,5981,Radha Setty,10,F,0
6878,5982,Nandini Bhat,63,F,0
6879,5983,Suresh Setty,12,M,0
6880,5984,Deepa Poojary,73,F,0
6881,5985,Anil Shetty,62,M,0
6882,5985,Shivaraj Rao,71,M,0
6883,5986,Manjula Reddy,62,F,0
6884,5987,Ravi Patil,28,M,0
6885,5988,Kavya Achar,49,F,0
6886,5989,Roopa Murthy,7,F,0
6887,5990,Girish Achar,72,M,0
6888,5991,Shobha Gowda,14,F,0
6889,5992,Suresh Murthy,72,M,0
6890,5993,Suresh Shetty,32,M,0
6891,5994,Kavya Rao,18,F,0
6892,5994,Pooja Gowda,22,F,0
6893,5995,Lakshmi Poojary,44,F,0
6894,5996,Manjula Murthy,30,F,0
6895,5997,Rekha Patil,17,F,0
6896,5998,Savitha Rao,70,F,0
6897,5999,Santosh Achar,61,M,0
6898,6000,Deepa Kumar,47,F,0
6899,6001,Ramesh Naidu,58,M,0
6900,6002,Manjunath Murthy,42,M,0
6901,6003,Manjula Achar,28,F,0
6902,6004,Shivaraj Iyer,28,M,0
6903,6005,Shwetha Setty,69,F,0
6904,6006,Ramesh Naidu,21,M,0
6905,6007,Raghu Poojary,45,M,0
6906,6008,Shivaraj Gowda,34,M,0
6907,6009,Shobha Reddy,62,F,0
6908,6010,Pooja Bhat,75,F,0
6909,6011,Anil Poojary,14,M,0
6910,6012,Sowmya Hegde,12,F,0
6911,6013,Ramesh Bhat,34,M,0
6912,6014,Priya Reddy,62,F,0
6913,6014,Yogesh Iyer,7,M,0
6914,6015,Anil Bhat,42,M,0
6915,6016,Kavya Gowda,44,F,0
6916,6017,Shobha Gowda,15,F,0
6917,6018,Roopa Naidu,34,F,0
6918,6019,Shivaraj Achar,70,M,0
6919,6019,Nagaraj Naidu,35,M,0
6920,6020,Sunita Naik,25,F,0
6921,6020,Radha Murthy,53,F,0
6922,6021,Suresh Setty,30,M,0
6923,6022,Anil Reddy,24,M,0
6924,6023,Pooja Gowda,58,F,0
6925,6024,Shwetha Iyer,42,F,0
6926,6025,Yogesh Iyer,73,M,0
6927,6026,Kavya Naik,66,F,0
6928,6027,Anita Patil,54,F,0
6929,6028,Bhagya Poojary,9,F,0
6930,6029,Suresh Naik,43,M,0
6931,6030,Mahesh Iyer,35,M,0
6932,6031,Mahesh Shetty,54,M,0
6933,6032,Savitha Rao,12,F,0
6934,6033,Sowmya Bhat,18,F,0
6935,6034,Lakshmi Murthy,46,F,0
6936,6035,Geeta Patil,55,F,0
6937,6036,Rekha Poojary,66,F,0
6938,6037,Ganesh Hegde,43,M,0
6939,6038,Harish Reddy,66,M,0
6940,6039,Vijay Shetty,60,M,0
6941,6040,Santosh Kumar,33,M,0
6942,6041,Ravi Naidu,71,M,0
6943,6042,Lakshmi Kumar,72,F,0
6944,6043,Bhagya Kumar,15,F,0
6945,6044,Ramesh Naik,15,M,0
6946,6044,Nagaraj Poojary,9,M,0
6947,6045,Srinivas Shetty,62,M,0
6948,6046,Ganesh Setty,61,M,0
6949,6047,Pooja Reddy,71,F,0
6950,6048,Harish Naik,47,M,0
6951,6049,Kumar Bhat,49,M,0
6952,6050,Basavaraj Hegde,7,M,0
6953,6051,Raghu Reddy,30,M,0
6954,6052,Naveen Naik,70,M,0
6955,6053,Roopa Reddy,55,F,0
6956,6054,Shivaraj Shetty,35,M,0
6957,6055,Srinivas Setty,28,M,0
6958,6056,Vidya Shetty,70,F,0
6959,6057,Shwetha Setty,64,F,0
6960,6058,Shobha Shetty,75,F,0
6961,6059,Yogesh Bhat,28,M,0
6962,6059,Santosh Iyer,22,M,0
6963,6060,Prakash Achar,24,M,0
6964,6061,Ganesh Reddy,35,M,0
6965,6062,Sowmya Reddy,73,F,0
6966,6063,Naveen Patil,50,M,0
6967,6063,Sowmya Setty,60,F,0
6968,6064,Geeta Naik,17,F,0
6969,6065,Shobha Reddy,49,F,0
6970,6066,Basavaraj Achar,34,M,0
6971,6067,Shivaraj Shetty,13,M,0
6972,6068,Savitha Patil,10,F,0
6973,6068,Anita Hegde,15,F,0
6974,6069,Suresh Murthy,53,M,0
6975,6070,Ganesh Rao,73,M,0
6976,6071,Santosh Shetty,12,M,0
6977,6072,Ganesh Kumar,60,M,0
6978,6073,Vidya Naik,52,F,0
6979,6073,Manjula Patil,34,F,0
6980,6074,Shivaraj Naik,63,M,0
6981,6075,Deepa Achar,50,F,0
6982,6076,Shivaraj Hegde,60,M,0
6983,6077,Srinivas Naidu,55,M,0
6984,6078,Nandini Achar,66,F,0
6985,6079,Prakash Naidu,19,M,0
6986,6080,Kumar Patil,19,M,0
6987,6081,Srinivas Rao,49,M,0
6988,6082,Manjunath Setty,10,M,0
6989,6083,Harish Iyer,61,M,0
6990,6084,Sowmya Naik,49,F,0
6991,6084,Shwetha Naik,60,F,0
6992,6085,Ganesh Reddy,53,M,0
6993,6086,Suresh Reddy,24,M,0
6994,6087,Srinivas Naidu,61,M,0
6995,6088,Chaya Bhat,57,F,0
6996,6089,Ganesh Rao,47,M,0
6997,6090,Sowmya Shetty,73,F,0
6998,6091,Savitha Hegde,30,F,0
6999,6092,Yogesh Iyer,34,M,0
7000,6093,Manjula Poojary,28,F,0
7001,6094,Ravi Gowda,24,M,0
7002,6095,Manjunath Setty,33,M,0
7003,6096,Srinivas Iyer,35,M,0
7004,6097,Geeta Murthy,44,F,0
7005,6098,Manjunath Reddy,13,M,0
7006,6099,Harish Bhat,58,M,0
7007,6100,Kavya Shetty,33,F,0
7008,6101,Nagaraj Gowda,38,M,0
7009,6102,Roopa Poojary,37,F,0
7010,6102,Mahesh Gowda,22,M,0
7011,6103,Naveen Murthy,70,M,0
7012,6104,Kavya Kumar,45,F,0
7013,6105,Geeta Gowda,66,F,0
7014,6105,Suresh Reddy,23,M,0
7015,6106,Priya Rao,62,F,0
7016,6107,Shwetha Rao,38,F,0
7017,6108,Lakshmi Setty,52,F,0
7018,6109,Radha Gowda,20,F,0
7019,6109,Shobha Bhat,56,F,0
7020,6110,Vidya Setty,74,F,0
7021,6111,Pooja Gowda,24,F,0
7022,6112,Shwetha Bhat,10,F,0
7023,6113,Raghu Iyer,30,M,0
7024,6113,Harish Naidu,9,M,0
7025,6114,Savitha Naik,5,F,0
7026,6115,Rekha Gowda,23,F,0
7027,6116,Vijay Kumar,54,M,0
7028,6117,Yogesh Achar,26,M,0
7029,6118,Sunita Reddy,28,F,0
7030,6119,Savitha Iyer,11,F,0
7031,6119,Manjunath Naik,68,M,0
7032,6120,Kavya Murthy,7,F,0
7033,6120,Manjunath Hegde,10,M,0
7034,6121,Manjunath Bhat,64,M,0
7035,6122,Vidya Kumar,35,F,0
7036,6123,Harish Shetty,75,M,0
7037,6124,Nandini Iyer,70,F,0
7038,6125,Radha Gowda,7,F,0
7039,6126,Raghu Naik,26,M,0
7040,6126,Ganesh Rao,42,M,0
7041,6127,Roopa Rao,9,F,0
7042,6128,Kavya Naidu,50,F,0
7043,6129,Radha Bhat,58,F,0
7044,6130,Mahesh Rao,47,M,0
7045,6130,Prakash Patil,17,M,0
7046,6131,Shivaraj Achar,13,M,0
7047,6132,Shivaraj Reddy,74,M,0
7048,6133,Manjunath Rao,48,M,0
7049,6134,Shwetha Kumar,46,F,0
7050,6135,Harish Naik,11,M,0
7051,6136,Ravi Patil,18,M,0
7052,6137,Deepa Hegde,25,F,0
7053,6138,Kavya Reddy,17,F,0
7054,6139,Shwetha Rao,56,F,0
7055,6140,Chaya Patil,22,F,0
7056,6141,Prakash Murthy,47,M,0
7057,6142,Radha Hegde,29,F,0
7058,6143,Nandini Bhat,42,F,0
7059,6144,Sowmya Naik,9,F,0
7060,6145,Sunita Iyer,54,F,0
7061,6145,Anil Shetty,12,M,0
7062,6146,Anil Murthy,61,M,0
7063,6147,Srinivas Rao,5,M,0
7064,6148,Yogesh Murthy,44,M,0
7065,6149,Pooja Hegde,61,F,0
7066,6150,Suresh Murthy,59,M,0
7067,6151,Girish Gowda,45,M,0
7068,6152,Harish Kumar,27,M,0
7069,6153,Kumar Murthy,60,M,0
7070,6154,Shwetha Rao,21,F,0
7071,6155,Rekha Iyer,64,F,0
7072,6156,Suresh Kumar,65,M,0
7073,6157,Raghu Hegde,5,M,0
7074,6158,Nagaraj Patil,39,M,0
7075,6159,Suresh Setty,56,M,0
7076,6159,Vijay Naidu,67,M,0
7077,6160,Kumar Murthy,33,M,0
7078,6161,Nandini Naik,25,F,0
7079,6162,Lakshmi Setty,18,F,0
7080,6163,Santosh Poojary,64,M,0
7081,6164,Yogesh Shetty,17,M,0
7082,6165,Shwetha Murthy,11,F,0
7083,6166,Bhagya Bhat,52,F,0
7084,6167,Srinivas Naik,34,M,0
7085,6168,Naveen Achar,15,M,0
7086,6169,Sunita Kumar,63,F,0
7087,6169,Kavya Kumar,52,F,0
7088,6170,Anil Bhat,71,M,0
7089,6171,Shwetha Hegde,49,F,0
7090,6172,Rekha Rao,19,F,0
7091,6172,Ravi Iyer,70,M,0
7092,6173,Anil Kumar,30,M,0
7093,6174,Chaya Naik,51,F,0
7094,6175,Anil Setty,51,M,0
7095,6176,Girish Gowda,71,M,0
7096,6177,Kavya Shetty,34,F,0
7097,6178,Harish Kumar,69,M,0
7098,6178,Mahesh Reddy,65,M,0
7099,6179,Sowmya Bhat,73,F,0
7100,6180,Vidya Kumar,73,F,0
7101,6181,Sunita Reddy,32,F,0
7102,6181,Ramesh Gowda,65,M,0
7103,6182,Manjula Hegde,71,F,0
7104,6182,Girish Hegde,43,M,0
7105,6183,Kavya Shetty,64,F,0
7106,6184,Shwetha Patil,68,F,0
7107,6185,Srinivas Rao,21,M,0
7108,6186,Suresh Murthy,13,M,0
7109,6187,Nagaraj Poojary,37,M,0
7110,6188,Mahesh Gowda,7,M,0
7111,6189,Shobha Rao,74,F,0
7112,6190,Prakash Hegde,52,M,0
7113,6191,Sowmya Achar,20,F,0
7114,6192,Kavya Naik,27,F,0
7115,6193,Manjunath Poojary,33,M,0
7116,6194,Shobha Patil,56,F,0
7117,6194,Deepa Naidu,30,F,0
7118,6195,Nagaraj Bhat,71,M,0
7119,6196,Lakshmi Rao,20,F,0
7120,6197,Ganesh Rao,29,M,0
7121,6198,Nandini Reddy,35,F,0
7122,6199,Suresh Murthy,51,M,0
7123,6200,Sowmya Hegde,35,F,0
7124,6201,Kumar Iyer,51,M,0
7125,6202,Geeta Gowda,6,F,0
7126,6203,Sowmya Achar,25,F,0
7127,6204,Harish Poojary,23,M,0
7128,6204,Vijay Shetty,67,M,0
7129,6205,Savitha Poojary,53,F,0
7130,6206,Anil Reddy,24,M,0
7131,6206,Naveen Patil,37,M,0
7132,6207,Deepa Achar,62,F,0
7133,6208,Ramesh Patil,62,M,0
7134,6209,Priya Patil,17,F,0
7135,6210,Harish Kumar,66,M,0
7136,6211,Manjunath Murthy,72,M,0
7137,6212,Nagaraj Iyer,38,M,0
7138,6213,Prakash Naik,42,M,0
7139,6214,Radha Poojary,49,F,0
7140,6214,Santosh Bhat,7,M,0
7141,6215,Vidya Setty,9,F,0
7142,6216,Sunita Hegde,26,F,0
7143,6217,Shwetha Rao,18,F,0
7144,6218,Manjunath Naik,39,M,0
7145,6219,Raghu Rao,13,M,0
7146,6220,Prakash Achar,74,M,0
7147,6220,Ravi Kumar,65,M,0
7148,6221,Deepa Achar,65,F,0
7149,6222,Kumar Poojary,53,M,0
7150,6223,Anita Murthy,72,F,0
7151,6224,Rekha Setty,22,F,0
7152,6225,Manjula Gowda,48,F,0
7153,6226,Sowmya Iyer,6,F,0
7154,6227,Kavya Patil,35,F,0
7155,6228,Lakshmi Achar,74,F,0
7156,6229,Raghu Shetty,12,M,0
7157,6230,Mahesh Rao,61,M,0
7158,6231,Nagaraj Reddy,11,M,0
7159,6232,Kavya Shetty,26,F,0
7160,6233,Basavaraj Reddy,55,M,0
7161,6234,Ganesh Patil,67,M,0
7162,6235,Chaya Murthy,11,F,0
7163,6236,Sowmya Poojary,57,F,0
7164,6237,Manjula Iyer,46,F,0
7165,6238,Nagaraj Bhat,42,M,0
7166,6239,Girish Naik,27,M,0
7167,6240,Mahesh Setty,29,M,0
7168,6241,Geeta Iyer,54,F,0
7169,6242,Bhagya Iyer,43,F,0
7170,6243,Deepa Achar,74,F,0
7171,6244,Yogesh Shetty,38,M,0
7172,6245,Ganesh Setty,49,M,0
7173,6246,Santosh Rao,52,M,0
7174,6247,Sowmya Setty,21,F,0
7175,6248,Ramesh Hegde,22,M,0
7176,6249,Nandini Rao,15,F,0
7177,6250,Yogesh Rao,9,M,0
7178,6251,Nandini Rao,51,F,0
7179,6252,Nagaraj Patil,70,M,0
7180,6253,Lakshmi Poojary,21,F,0
7181,6254,Manjunath Shetty,22,M,0
7182,6255,Basavaraj Achar,15,M,0
7183,6256,Savitha Poojary,22,F,0
7184,6257,Yogesh Kumar,17,M,0
7185,6258,Deepa Gowda,8,F,0
7186,6259,Anita Patil,67,F,0
7187,6260,Savitha Patil,17,F,0
7188,6261,Sunita Kumar,38,F,0
7189,6262,Vidya Hegde,53,F,0
7190,6263,Nandini Iyer,38,F,0
7191,6264,Prakash Achar,52,M,0
7192,6265,Shwetha Setty,73,F,0
7193,6266,Roopa Hegde,33,F,0
7194,6267,Rekha Shetty,13,F,0
7195,6268,Geeta Hegde,53,F,0
7196,6269,Lakshmi Bhat,16,F,0
7197,6270,Nagaraj Setty,18,M,0
7198,6271,Sowmya Kumar,73,F,0
7199,6272,Vidya Kumar,48,F,0
7200,6272,Lakshmi Murthy,48,F,0
7201,6273,Pooja Setty,41,F,0
7202,6274,Anil Poojary,39,M,0
7203,6275,Deepa Naidu,26,F,0
7204,6276,Rekha Rao,50,F,0
7205,6277,Ramesh Patil,65,M,0
7206,6278,Yogesh Rao,33,M,0
7207,6279,Priya Poojary,35,F,0
7208,6280,Savitha Naidu,72,F,0
7209,6281,Roopa Reddy,60,F,0
7210,6282,Ramesh Kumar,56,M,0
7211,6283,Lakshmi Shetty,7,F,0
7212,6284,Shobha Naidu,70,F,0
7213,6284,Ramesh Patil,41,M,0
7214,6285,Priya Hegde,34,F,0
7215,6286,Anil Naidu,26,M,0
7216,6287,Nagaraj Hegde,23,M,0
7217,6288,Pooja Rao,13,F,0
7218,6289,Nagaraj Gowda,22,M,0
7219,6290,Anita Reddy,74,F,0
7220,6291,Savitha Poojary,55,F,0
7221,6291,Mahesh Gowda,35,M,0
7222,6292,Vijay Poojary,42,M,0
7223,6293,Kavya Patil,43,F,0
7224,6294,Ramesh Shetty,29,M,0
7225,6294,Roopa Rao,22,F,0
7226,6295,Santosh Iyer,68,M,0
7227,6296,Anil Shetty,70,M,0
7228,6297,Anil Murthy,56,M,0
7229,6298,Suresh Iyer,48,M,0
7230,6299,Bhagya Hegde,17,F,0
7231,6300,Shivaraj Poojary,44,M,0
7232,6301,Ravi Shetty,38,M,0
7233,6302,Bhagya Bhat,48,F,0
7234,6302,Sunita Bhat,75,F,0
7235,6303,Basavaraj Reddy,51,M,0
7236,6304,Sowmya Achar,47,F,0
7237,6305,Ganesh Naidu,56,M,0
7238,6306,Roopa Naik,14,F,0
7239,6307,Manjula Iyer,74,F,0
7240,6308,Vijay Setty,51,M,0
7241,6309,Santosh Patil,61,M,0
7242,6309,Suresh Setty,45,M,0
7243,6310,Ganesh Patil,49,M,0
7244,6311,Sowmya Iyer,25,F,0
7245,6312,Anil Poojary,5,M,0
7246,6312,Sowmya Poojary,23,F,0
7247,6313,Suresh Setty,7,M,0
7248,6313,Srinivas Kumar,63,M,0
7249,6314,Savitha Achar,32,F,0
7250,6315,Yogesh Murthy,20,M,0
7251,6315,Kavya Rao,35,F,0
7252,6316,Nagaraj Kumar,20,M,0
7253,6317,Chaya Naik,39,F,0
7254,6317,Vijay Shetty,60,M,0
7255,6318,Yogesh Poojary,25,M,0
7256,6319,Savitha Kumar,6,F,0
7257,6320,Ravi Poojary,35,M,0
7258,6321,Manjula Iyer,50,F,0
7259,6322,Ganesh Naik,50,M,0
7260,6323,Geeta Shetty,33,F,0
7261,6324,Anil Reddy,62,M,0
7262,6325,Nandini Bhat,67,F,0
7263,6326,Radha Setty,13,F,0
7264,6327,Santosh Naidu,62,M,0
7265,6328,Ravi Shetty,33,M,0
7266,6329,Vidya Rao,64,F,0
7267,6330,Santosh Gowda,48,M,0
7268,6331,Radha Iyer,62,F,0
7269,6331,Yogesh Iyer,30,M,0
7270,6332,Sowmya Bhat,49,F,0
7271,6332,Ramesh Bhat,56,M,0
7272,6333,Prakash Poojary,48,M,0
7273,6334,Ravi Setty,69,M,0
7274,6335,Suresh Iyer,41,M,0
7275,6336,Vidya Setty,27,F,0
7276,6337,Ravi Patil,5,M,0
7277,6338,Bhagya Poojary,74,F,0
7278,6339,Naveen Kumar,22,M,0
7279,6340,Sunita Poojary,60,F,0
7280,6340,Ravi Patil,72,M,0
7281,6341,Ravi Murthy,8,M,0
7282,6342,Vidya Murthy,45,F,0
7283,6343,Prakash Hegde,35,M,0
7284,6344,Lakshmi Naik,58,F,0
7285,6345,Vijay Kumar,65,M,0
7286,6345,Ganesh Murthy,23,M,0
7287,6346,Girish Iyer,9,M,0
7288,6347,Ganesh Iyer,5,M,0
7289,6348,Santosh Iyer,9,M,0
7290,6349,Chaya Hegde,20,F,0
7291,6350,Nandini Rao,59,F,0
7292,6351,Lakshmi Gowda,32,F,0
7293,6352,Anita Achar,69,F,0
7294,6353,Naveen Hegde,39,M,0
7295,6354,Shwetha Reddy,61,F,0
7296,6354,Vijay Murthy,36,M,0
7297,6355,Prakash Shetty,12,M,0
7298,6356,Raghu Naik,69,M,0
7299,6357,Sowmya Patil,29,F,0
7300,6358,Radha Iyer,21,F,0
7301,6359,Ramesh Iyer,28,M,0
7302,6360,Anil Achar,71,M,0
7303,6361,Prakash Reddy,16,M,0
7304,6362,Vidya Reddy,50,F,0
7305,6362,Roopa Naidu,65,F,0
7306,6363,Sowmya Naidu,69,F,0
7307,6364,Girish Kumar,49,M,0
7308,6364,Vijay Bhat,64,M,0
7309,6365,Raghu Murthy,36,M,0
7310,6366,Savitha Shetty,28,F,0
7311,6366,Priya Achar,26,F,0
7312,6367,Mahesh Bhat,15,M,0
7313,6368,Nagaraj Patil,70,M,0
7314,6369,Roopa Poojary,10,F,0
7315,6370,Santosh Kumar,71,M,0
7316,6371,Vidya Iyer,40,F,0
7317,6372,Kumar Poojary,25,M,0
7318,6373,Manjunath Iyer,56,M,0
7319,6373,Naveen Bhat,21,M,0
7320,6374,Shobha Gowda,5,F,0
7321,6375,Yogesh Setty,67,M,0
7322,6376,Manjula Naidu,49,F,0
7323,6377,Vidya Naik,67,F,0
7324,6378,Kumar Naik,13,M,0
7325,6379,Vijay Naidu,65,M,0
7326,6380,Manjunath Murthy,54,M,0
7327,6381,Shwetha Bhat,70,F,0
7328,6382,Shobha Naidu,27,F,0
7329,6383,Manjunath Bhat,58,M,0
7330,6384,Anil Hegde,72,M,0
7331,6384,Rekha Hegde,47,F,0
7332,6385,Kumar Setty,73,M,0
7333,6386,Priya Naidu,75,F,0
7334,6387,Nagaraj Kumar,11,M,0
7335,6388,Yogesh Shetty,34,M,0
7336,6389,Mahesh Gowda,19,M,0
7337,6390,Savitha Bhat,61,F,0
7338,6390,Ravi Poojary,16,M,0
7339,6391,Raghu Naik,60,M,0
7340,6392,Anita Kumar,31,F,0
7341,6393,Sowmya Naidu,67,F,0
7342,6393,Lakshmi Bhat,19,F,0
7343,6394,Chaya Iyer,23,F,0
7344,6395,Ganesh Rao,53,M,0
7345,6396,Girish Setty,70,M,0
7346,6397,Ravi Achar,70,M,0
7347,6398,Shobha Gowda,42,F,0
7348,6399,Manjunath Rao,29,M,0
7349,6400,Raghu Murthy,62,M,0
7350,6400,Sunita Achar,37,F,0
7351,6401,Deepa Poojary,7,F,0
7352,6402,Shwetha Rao,66,F,0
7353,6403,Roopa Rao,68,F,0
7354,6404,Suresh Hegde,17,M,0
7355,6405,Naveen Hegde,22,M,0
7356,6406,Savitha Gowda,33,F,0
7357,6407,Savitha Murthy,52,F,0
7358,6408,Geeta Setty,5,F,0
7359,6409,Vijay Shetty,27,M,0
7360,6409,Yogesh Kumar,59,M,0
7361,6410,Shivaraj Murthy,27,M,0
7362,6411,Pooja Poojary,64,F,0
7363,6412,Savitha Kumar,63,F,0
7364,6412,Radha Patil,9,F,0
7365,6413,Yogesh Setty,39,M,0
7366,6414,Deepa Hegde,68,F,0
7367,6415,Radha Iyer,69,F,0
7368,6416,Ravi Gowda,7,M,0
7369,6417,Raghu Iyer,37,M,0
7370,6418,Roopa Reddy,52,F,0
7371,6418,Pooja Achar,32,F,0
7372,6419,Raghu Shetty,19,M,0
7373,6420,Ravi Reddy,39,M,0
7374,6420,Anita Rao,51,F,0
7375,6421,Srinivas Achar,33,M,0
7376,6422,Rekha Poojary,7,F,0
7377,6423,Yogesh Murthy,28,M,0
7378,6424,Rekha Bhat,38,F,0
7379,6425,Savitha Achar,57,F,0
7380,6426,Ravi Bhat,52,M,0
7381,6427,Basavaraj Patil,34,M,0
7382,6428,Chaya Hegde,56,F,0
7383,6429,Basavaraj Murthy,73,M,0
7384,6430,Sowmya Rao,15,F,0
7385,6430,Naveen Shetty,55,M,0
7386,6431,Sowmya Iyer,35,F,0
7387,6432,Manjula Naidu,52,F,0
7388,6433,Rekha Naidu,65,F,0
7389,6434,Sunita Hegde,16,F,0
7390,6434,Anita Poojary,60,F,0
7391,6435,Sunita Patil,18,F,0
7392,6436,Sowmya Gowda,13,F,0
7393,6437,Nagaraj Iyer,67,M,0
7394,6438,Vidya Naidu,11,F,0
7395,6438,Kavya Naik,68,F,0
7396,6439,Pooja Setty,63,F,0
7397,6439,Geeta Bhat,6,F,0
7398,6440,Shivaraj Gowda,7,M,0
7399,6441,Pooja Setty,71,F,0
7400,6441,Pooja Shetty,30,F,0
7401,6442,Shivaraj Achar,35,M,0
7402,6443,Ganesh Naidu,16,M,0
7403,6444,Shobha Reddy,37,F,0
7404,6445,Lakshmi Gowda,67,F,0
7405,6446,Basavaraj Kumar,62,M,0
7406,6447,Prakash Naidu,28,M,0
7407,6448,Rekha Achar,40,F,0
7408,6449,Yogesh Patil,33,M,0
7409,6450,Suresh Reddy,12,M,0
7410,6451,Girish Kumar,74,M,0
7411,6452,Vidya Bhat,9,F,0
7412,6452,Naveen Patil,28,M,0
7413,6453,Kavya Hegde,19,F,0
7414,6454,Suresh Gowda,64,M,0
7415,6455,Naveen Setty,33,M,0
7416,6456,Manjunath Achar,51,M,0
7417,6457,Geeta Shetty,32,F,0
7418,6458,Sunita Hegde,50,F,0
7419,6458,Yogesh Shetty,72,M,0
7420,6459,Santosh Murthy,19,M,0
7421,6460,Naveen Achar,37,M,0
7422,6461,Lakshmi Setty,25,F,0
7423,6461,Manjula Bhat,25,F,0
7424,6462,Raghu Naidu,69,M,0
7425,6463,Girish Iyer,10,M,0
7426,6464,Yogesh Hegde,33,M,0
7427,6464,Vidya Naik,9,F,0
7428,6465,Nagaraj Poojary,22,M,0
7429,6466,Naveen Murthy,24,M,0
7430,6467,Ramesh Reddy,21,M,0
7431,6468,Anil Rao,38,M,0
7432,6469,Chaya Iyer,7,F,0
7433,6470,Pooja Murthy,58,F,0
7434,6470,Mahesh Rao,33,M,0
7435,6471,Yogesh Patil,40,M,0
7436,6471,Basavaraj Setty,45,M,0
7437,6472,Nagaraj Naidu,53,M,0
7438,6473,Sowmya Bhat,72,F,0
7439,6474,Prakash Naidu,68,M,0
7440,6475,Suresh Rao,15,M,0
7441,6476,Geeta Kumar,60,F,0
7442,6477,Ravi Hegde,13,M,0
7443,6478,Srinivas Bhat,69,M,0
7444,6479,Priya Naik,46,F,0
7445,6480,Radha Naik,60,F,0
7446,6481,Manjunath Naidu,30,M,0
7447,6482,Manjunath Naik,55,M,0
7448,6483,Vijay Hegde,65,M,0
7449,6484,Deepa Naik,12,F,0
7450,6485,Basavaraj Iyer,56,M,0
7451,6486,Kumar Naidu,9,M,0
7452,6487,Manjula Achar,26,F,0
7453,6488,Kavya Reddy,17,F,0
7454,6489,Anil Patil,17,M,0
7455,6490,Harish Iyer,75,M,0
7456,6490,Girish Naik,32,M,0
7457,6491,Srinivas Naidu,34,M,0
7458,6492,Prakash Bhat,58,M,0
7459,6493,Sowmya Bhat,64,F,0
7460,6494,Ramesh Poojary,64,M,0
7461,6494,Girish Achar,16,M,0
7462,6495,Rekha Achar,68,F,0
7463,6496,Geeta Naidu,5,F,0
7464,6496,Prakash Hegde,22,M,0
7465,6497,Vijay Hegde,16,M,0
7466,6497,Shwetha Kumar,6,F,0
7467,6498,Savitha Hegde,9,F,0
7468,6498,Raghu Naidu,66,M,0
7469,6499,Shivaraj Reddy,14,M,0
7470,6500,Chaya Rao,18,F,0
7471,6501,Nagaraj Murthy,27,M,0
7472,6502,Radha Iyer,30,F,0
7473,6503,Manjunath Achar,66,M,0
7474,6503,Pooja Setty,54,F,0
7475,6504,Nagaraj Rao,14,M,0
7476,6505,Sowmya Naik,17,F,0
7477,6506,Roopa Naidu,27,F,0
7478,6507,Pooja Murthy,56,F,0
7479,6508,Anil Iyer,11,M,0
7480,6509,Shivaraj Patil,33,M,0
7481,6510,Vijay Reddy,23,M,0
7482,6510,Anita Rao,42,F,0
7483,6511,Shivaraj Kumar,35,M,0
7484,6512,Sunita Naik,6,F,0
7485,6513,Geeta Naik,63,F,0
7486,6514,Santosh Naidu,33,M,0
7487,6515,Nagaraj Rao,57,M,0
7488,6516,Kavya Poojary,75,F,0
7489,6517,Deepa Naik,50,F,0
7490,6517,Kavya Murthy,7,F,0
7491,6518,Sowmya Achar,16,F,0
7492,6519,Ganesh Reddy,57,M,0
7493,6520,Naveen Iyer,47,M,0
7494,6521,Naveen Achar,62,M,0
7495,6522,Girish Reddy,55,M,0
7496,6523,Mahesh Gowda,60,M,0
7497,6524,Sowmya Patil,23,F,0
7498,6525,Manjunath Setty,20,M,0
7499,6526,Anita Setty,21,F,0
7500,6527,Girish Reddy,67,M,0
7501,6528,Anil Poojary,33,M,0
7502,6529,Prakash Patil,22,M,0
7503,6529,Ravi Iyer,71,M,0
7504,6530,Lakshmi Hegde,9,F,0
7505,6531,Mahesh Reddy,8,M,0
7506,6532,Ravi Patil,71,M,0
7507,6533,Rekha Reddy,59,F,0
7508,6534,Nagaraj Reddy,71,M,0
7509,6534,Nagaraj Achar,61,M,0
7510,6535,Srinivas Reddy,14,M,0
7511,6536,Pooja Gowda,48,F,0
7512,6537,Sunita Murthy,36,F,0
7513,6538,Raghu Naidu,28,M,0
7514,6539,Radha Achar,29,F,0
7515,6540,Shobha Naidu,16,F,0
7516,6540,Vijay Setty,68,M,0
7517,6541,Kumar Poojary,44,M,0
7518,6542,Savitha Poojary,11,F,0
7519,6543,Suresh Poojary,36,M,0
7520,6544,Roopa Poojary,35,F,0
7521,6545,Vijay Patil,57,M,0
7522,6546,Vidya Setty,30,F,0
7523,6547,Priya Setty,37,F,0
7524,6548,Yogesh Bhat,36,M,0
7525,6548,Vidya Shetty,34,F,0
7526,6549,Manjunath Murthy,17,M,0
7527,6550,Radha Murthy,20,F,0
7528,6550,Chaya Rao,70,F,0
7529,6551,Sunita Setty,22,F,0
7530,6552,Naveen Poojary,67,M,0
7531,6553,Deepa Iyer,69,F,0
7532,6554,Nagaraj Murthy,29,M,0
7533,6555,Basavaraj Poojary,55,M,0
7534,6556,Lakshmi Iyer,8,F,0
7535,6557,Manjunath Rao,23,M,0
7536,6558,Manjunath Murthy,27,M,0
7537,6559,Kavya Rao,18,F,0
7538,6560,Pooja Poojary,6,F,0
7539,6561,Girish Rao,38,M,0
7540,6562,Srinivas Hegde,10,M,0
7541,6562,Pooja Poojary,51,F,0
7542,6563,Santosh Hegde,69,M,0
7543,6564,Anil Naik,12,M,0
7544,6565,Shobha Shetty,44,F,0
7545,6566,Chaya Setty,34,F,0
7546,6567,Geeta Iyer,70,F,0
7547,6568,Ganesh Setty,61,M,0
7548,6568,Shivaraj Hegde,9,M,0
7549,6569,Nagaraj Shetty,15,M,0
7550,6570,Ramesh Gowda,75,M,0
7551,6571,Bhagya Naidu,17,F,0
7552,6571,Mahesh Reddy,23,M,0
7553,6572,Chaya Poojary,10,F,0
7554,6573,Roopa Patil,68,F,0
7555,6574,Deepa Setty,71,F,0
7556,6575,Vidya Hegde,31,F,0
7557,6576,Vidya Bhat,59,F,0
7558,6577,Sowmya Reddy,55,F,0
7559,6577,Harish Kumar,58,M,0
7560,6578,Shwetha Naik,61,F,0
7561,6579,Roopa Naidu,73,F,0
7562,6580,Kavya Naik,55,F,0
7563,6581,Basavaraj Murthy,46,M,0
7564,6582,Girish Naidu,33,M,0
7565,6582,Yogesh Naik,71,M,0
7566,6583,Roopa Murthy,47,F,0
7567,6584,Priya Shetty,59,F,0
7568,6585,Harish Naik,21,M,0
7569,6585,Chaya Naik,43,F,0
7570,6586,Lakshmi Reddy,8,F,0
7571,6586,Yogesh Reddy,61,M,0
7572,6587,Vijay Poojary,12,M,0
7573,6588,Kavya Naidu,22,F,0
7574,6589,Roopa Naik,14,F,0
7575,6590,Girish Iyer,58,M,0
7576,6591,Ganesh Gowda,52,M,0
7577,6592,Harish Naik,14,M,0
7578,6593,Vidya Reddy,38,F,0
7579,6594,Manjula Patil,36,F,0
7580,6595,Girish Bhat,61,M,0
7581,6596,Sunita Iyer,56,F,0
7582,6597,Pooja Rao,53,F,0
7583,6598,Sowmya Naidu,35,F,0
7584,6598,Ramesh Iyer,68,M,0
7585,6599,Manjula Setty,48,F,0
7586,6600,Nagaraj Achar,30,M,0
7587,6601,Ganesh Setty,11,M,0
7588,6602,Deepa Achar,73,F,0
7589,6603,Geeta Patil,73,F,0
7590,6604,Vidya Iyer,63,F,0
7591,6604,Chaya Gowda,16,F,0
7592,6605,Harish Murthy,59,M,0
7593,6606,Shobha Hegde,37,F,0
7594,6606,Ramesh Patil,60,M,0
7595,6607,Basavaraj Poojary,59,M,0
7596,6608,Girish Patil,40,M,0
7597,6609,Naveen Patil,36,M,0
7598,6610,Suresh Gowda,44,M,0
7599,6611,Kavya Poojary,28,F,0
7600,6612,Deepa Naik,8,F,0
7601,6613,Girish Kumar,48,M,0
7602,6614,Geeta Gowda,30,F,0
7603,6614,Srinivas Achar,41,M,0
7604,6615,Mahesh Reddy,51,M,0
7605,6615,Naveen Iyer,5,M,0
7606,6616,Yogesh Poojary,58,M,0
7607,6617,Santosh Gowda,64,M,0
7608,6618,Sunita Rao,45,F,0
7609,6619,Savitha Rao,69,F,0
7610,6619,Shobha Rao,39,F,0
7611,6620,Bhagya Setty,27,F,0
7612,6621,Bhagya Rao,13,F,0
7613,6622,Chaya Rao,72,F,0
7614,6623,Srinivas Reddy,35,M,0
7615,6624,Srinivas Reddy,28,M,0
7616,6625,Anita Murthy,43,F,0
7617,6626,Yogesh Bhat,53,M,0
7618,6627,Priya Shetty,41,F,0
7619,6628,Kumar Iyer,68,M,0
7620,6629,Sowmya Reddy,66,F,0
7621,6630,Shwetha Rao,52,F,0
7622,6631,Lakshmi Achar,57,F,0
7623,6632,Sowmya Hegde,40,F,0
7624,6633,Radha Murthy,19,F,0
7625,6634,Suresh Patil,66,M,0
7626,6635,Harish Naik,39,M,0
7627,6636,Suresh Kumar,47,M,0
7628,6637,Naveen Rao,51,M,0
7629,6638,Shwetha Setty,30,F,0
7630,6639,Shobha Achar,59,F,0
7631,6640,Savitha Gowda,66,F,0
7632,6641,Santosh Naik,37,M,0
7633,6641,Geeta Hegde,51,F,0
7634,6642,Yogesh Poojary,63,M,0
7635,6643,Suresh Gowda,49,M,0
7636,6644,Girish Setty,29,M,0
7637,6645,Sowmya Naidu,49,F,0
7638,6646,Vijay Naik,59,M,0
7639,6647,Ravi Hegde,58,M,0
7640,6648,Anil Shetty,53,M,0
7641,6649,Lakshmi Achar,54,F,0
7642,6650,Yogesh Naik,26,M,0
7643,6651,Kumar Naik,72,M,0
7644,6652,Ramesh Iyer,56,M,0
7645,6653,Mahesh Naik,31,M,0
7646,6653,Geeta Reddy,59,F,0
7647,6654,Prakash Murthy,51,M,0
7648,6655,Vijay Poojary,26,M,0
7649,6656,Vijay Murthy,11,M,0
7650,6657,Nagaraj Achar,74,M,0
7651,6658,Ganesh Gowda,19,M,0
7652,6659,Harish Bhat,21,M,0
7653,6660,Shwetha Setty,11,F,0
7654,6661,Priya Achar,58,F,0
7655,6662,Basavaraj Poojary,40,M,0
7656,6663,Deepa Poojary,55,F,0
7657,6664,Raghu Naik,22,M,0
7658,6665,Nagaraj Bhat,20,M,0
7659,6666,Santosh Poojary,61,M,0
7660,6666,Rekha Kumar,8,F,0
7661,6667,Vidya Rao,50,F,0
7662,6668,Sowmya Hegde,74,F,0
7663,6669,Suresh Achar,32,M,0
7664,6669,Ravi Murthy,5,M,0
7665,6670,Geeta Reddy,66,F,0
7666,6671,Raghu Gowda,5,M,0
7667,6672,Priya Kumar,16,F,0
7668,6673,Suresh Hegde,28,M,0
7669,6674,Ramesh Naik,24,M,0
7670,6675,Mahesh Bhat,46,M,0
7671,6676,Ganesh Reddy,49,M,0
7672,6677,Geeta Bhat,26,F,0
7673,6678,Vidya Patil,62,F,0
7674,6679,Anita Naidu,36,F,0
7675,6680,Yogesh Murthy,10,M,0
7676,6680,Bhagya Achar,28,F,0
7677,6681,Mahesh Poojary,21,M,0
7678,6682,Srinivas Iyer,66,M,0
7679,6683,Santosh Poojary,10,M,0
7680,6684,Anil Murthy,17,M,0
7681,6685,Ramesh Bhat,73,M,0
7682,6686,Shivaraj Iyer,64,M,0
7683,6687,Sowmya Reddy,11,F,0
7684,6688,Pooja Shetty,13,F,0
7685,6689,Srinivas Naik,49,M,0
7686,6690,Sowmya Gowda,26,F,0
7687,6691,Yogesh Naidu,54,M,0
7688,6692,Radha Bhat,64,F,0
7689,6692,Shivaraj Naik,18,M,0
7690,6693,Savitha Naidu,37,F,0
7691,6694,Shwetha Patil,47,F,0
7692,6695,Srinivas Hegde,50,M,0
7693,6696,Roopa Patil,44,F,0
7694,6697,Bhagya Rao,9,F,0
7695,6698,Prakash Setty,34,M,0
7696,6699,Geeta Iyer,60,F,0
7697,6700,Shivaraj Kumar,5,M,0
7698,6700,Ravi Achar,15,M,0
7699,6701,Sunita Murthy,70,F,0
7700,6702,Savitha Bhat,19,F,0
7701,6703,Ramesh Bhat,28,M,0
7702,6704,Radha Achar,43,F,0
7703,6705,Ganesh Patil,21,M,0
7704,6706,Ramesh Hegde,47,M,0
7705,6707,Mahesh Naidu,62,M,0
7706,6708,Nandini Naik,48,F,0
7707,6709,Manjunath Murthy,15,M,0
7708,6710,Yogesh Murthy,28,M,0
7709,6711,Raghu Iyer,59,M,0
7710,6712,Radha Shetty,34,F,0
7711,6713,Radha Reddy,11,F,0
7712,6714,Manjunath Achar,59,M,0
7713,6715,Manjunath Kumar,53,M,0
7714,6715,Anil Shetty,10,M,0
7715,6716,Mahesh Naik,11,M,0
7716,6717,Lakshmi Bhat,9,F,0
7717,6718,Ramesh Naidu,36,M,0
7718,6719,Nagaraj Rao,8,M,0
7719,6720,Harish Gowda,6,M,0
7720,6721,Srinivas Naik,52,M,0
7721,6722,Basavaraj Bhat,34,M,0
7722,6722,Pooja Iyer,59,F,0
7723,6723,Vidya Patil,44,F,0
7724,6724,Basavaraj Murthy,9,M,0
7725,6724,Geeta Achar,65,F,0
7726,6725,Raghu Murthy,12,M,0
7727,6726,Radha Kumar,18,F,0
7728,6727,Anil Naik,72,M,0
7729,6728,Rekha Hegde,23,F,0
7730,6729,Shivaraj Murthy,32,M,0
7731,6730,Suresh Reddy,24,M,0
7732,6731,Shivaraj Poojary,44,M,0
7733,6731,Nandini Patil,75,F,0
7734,6732,Shobha Iyer,59,F,0
7735,6733,Santosh Rao,45,M,0
7736,6734,Suresh Iyer,6,M,0
7737,6734,Santosh Shetty,55,M,0
7738,6735,Nagaraj Patil,25,M,0
7739,6736,Ramesh Reddy,11,M,0
7740,6737,Bhagya Naik,55,F,0
7741,6738,Girish Shetty,66,M,0
7742,6739,Shobha Rao,37,F,0
7743,6740,Rekha Hegde,31,F,0
7744,6741,Geeta Setty,61,F,0
7745,6742,Sowmya Gowda,19,F,0
7746,6743,Chaya Gowda,60,F,0
7747,6744,Suresh Poojary,21,M,0
7748,6745,Mahesh Poojary,60,M,0
7749,6746,Raghu Iyer,38,M,0
7750,6747,Shwetha Bhat,16,F,0
7751,6748,Anita Shetty,8,F,0
7752,6749,Nandini Naidu,18,F,0
7753,6750,Radha Iyer,18,F,0
7754,6751,Chaya Bhat,46,F,0
7755,6751,Ramesh Patil,35,M,0
7756,6752,Srinivas Poojary,30,M,0
7757,6753,Ramesh Setty,47,M,0
7758,6754,Manjunath Shetty,28,M,0
7759,6755,Deepa Poojary,38,F,0
7760,6756,Vidya Iyer,70,F,0
7761,6757,Savitha Setty,75,F,0
7762,6758,Naveen Poojary,26,M,0
7763,6759,Ganesh Achar,69,M,0
7764,6759,Yogesh Patil,48,M,0
7765,6760,Harish Hegde,23,M,0
7766,6761,Nagaraj Poojary,32,M,0
7767,6762,Kumar Naidu,22,M,0
7768,6763,Shivaraj Murthy,22,M,0
7769,6763,Pooja Setty,28,F,0
7770,6764,Girish Gowda,74,M,0
7771,6764,Anil Hegde,46,M,0
7772,6765,Prakash Shetty,29,M,0
7773,6766,Roopa Bhat,74,F,0
7774,6767,Vidya Patil,48,F,0
7775,6768,Anita Murthy,67,F,0
7776,6769,Vidya Bhat,10,F,0
7777,6769,Geeta Shetty,33,F,0
7778,6770,Harish Iyer,41,M,0
7779,6771,Suresh Reddy,66,M,0
7780,6772,Raghu Naik,11,M,0
7781,6773,Shobha Bhat,34,F,0
7782,6774,Basavaraj Murthy,18,M,0
7783,6775,Manjunath Naidu,41,M,0
7784,6776,Savitha Rao,57,F,0
7785,6777,Deepa Achar,19,F,0
7786,6778,Srinivas Setty,62,M,0
7787,6779,Rekha Naik,36,F,0
7788,6780,Santosh Naidu,11,M,0
7789,6781,Mahesh Gowda,38,M,0
7790,6782,Pooja Kumar,12,F,0
7791,6783,Santosh Patil,22,M,0
7792,6784,Ganesh Reddy,34,M,0
7793,6785,Ramesh Rao,67,M,0
7794,6786,Mahesh Bhat,69,M,0
7795,6787,Yogesh Reddy,52,M,0
7796,6788,Shivaraj Iyer,58,M,0
7797,6789,Shwetha Murthy,53,F,0
7798,6790,Lakshmi Murthy,61,F,0
7799,6791,Radha Shetty,62,F,0
7800,6792,Priya Naik,9,F,0
7801,6793,Yogesh Naik,47,M,0
7802,6794,Sunita Setty,60,F,0
7803,6795,Sowmya Gowda,41,F,0
7804,6796,Srinivas Naidu,73,M,0
7805,6797,Kumar Bhat,42,M,0
7806,6798,Priya Patil,50,F,0
7807,6799,Shivaraj Naidu,27,M,0
7808,6800,Srinivas Kumar,9,M,0
7809,6801,Suresh Patil,53,M,0
7810,6802,Lakshmi Naik,30,F,0
7811,6803,Roopa Achar,15,F,0
7812,6804,Shobha Iyer,69,F,0
7813,6805,Naveen Patil,37,M,0
7814,6806,Anita Murthy,26,F,0
7815,6806,Shobha Kumar,74,F,0
7816,6807,Roopa Naik,49,F,0
7817,6808,Vijay Bhat,45,M,0
7818,6809,Ravi Kumar,63,M,0
7819,6810,Mahesh Bhat,36,M,0
7820,6811,Naveen Iyer,28,M,0
7821,6812,Sowmya Rao,42,F,0
7822,6813,Ravi Shetty,42,M,0
7823,6813,Shivaraj Achar,29,M,0
7824,6814,Girish Hegde,34,M,0
7825,6814,Pooja Reddy,60,F,0
7826,6815,Sunita Poojary,6,F,0
7827,6816,Vijay Poojary,27,M,0
7828,6817,Raghu Reddy,74,M,0
7829,6818,Anita Achar,8,F,0
7830,6818,Geeta Iyer,68,F,0
7831,6819,Chaya Gowda,71,F,0
7832,6820,Priya Achar,54,F,0
7833,6821,Girish Rao,31,M,0
7834,6822,Raghu Patil,53,M,0
7835,6823,Shivaraj Bhat,37,M,0
7836,6824,Raghu Bhat,49,M,0
7837,6825,Prakash Murthy,52,M,0
7838,6826,Manjunath Achar,11,M,0
7839,6827,Lakshmi Shetty,62,F,0
7840,6828,Geeta Setty,72,F,0
7841,6829,Manjula Kumar,14,F,0
7842,6830,Savitha Naidu,57,F,0
7843,6830,Basavaraj Setty,24,M,0
7844,6831,Nagaraj Setty,41,M,0
7845,6832,Vidya Kumar,17,F,0
7846,6833,Prakash Shetty,45,M,0
7847,6834,Bhagya Rao,74,F,0
7848,6835,Vidya Bhat,42,F,0
7849,6836,Deepa Naik,57,F,0
7850,6837,Shivaraj Murthy,48,M,0
7851,6838,Bhagya Poojary,68,F,0
7852,6839,Priya Reddy,14,F,0
7853,6839,Yogesh Patil,74,M,0
7854,6840,Manjula Shetty,39,F,0
7855,6841,Priya Gowda,23,F,0
7856,6842,Chaya Poojary,73,F,0
7857,6843,Pooja Shetty,53,F,0
7858,6843,Lakshmi Murthy,60,F,0
7859,6844,Basavaraj Rao,70,M,0
7860,6845,Raghu Bhat,25,M,0
7861,6846,Raghu Hegde,32,M,0
7862,6846,Manjula Patil,48,F,0
7863,6847,Roopa Shetty,35,F,0
7864,6848,Suresh Kumar,74,M,0
7865,6849,Priya Naik,18,F,0
7866,6850,Girish Rao,26,M,0
7867,6851,Mahesh Kumar,6,M,0
7868,6852,Nandini Rao,35,F,0
7869,6853,Radha Shetty,64,F,0
7870,6854,Basavaraj Iyer,20,M,0
7871,6855,Suresh Naidu,32,M,0
7872,6856,Priya Naidu,47,F,0
7873,6857,Anil Reddy,75,M,0
7874,6858,Chaya Naik,30,F,0
7875,6858,Sowmya Poojary,57,F,0
7876,6859,Anil Achar,8,M,0
7877,6860,Suresh Patil,31,M,0
7878,6860,Shivaraj Setty,56,M,0
7879,6861,Naveen Setty,5,M,0
7880,6862,Raghu Hegde,69,M,0
7881,6863,Shobha Patil,60,F,0
7882,6864,Lakshmi Achar,30,F,0
7883,6865,Sunita Patil,30,F,0
7884,6865,Anita Achar,47,F,0
7885,6866,Anita Rao,57,F,0
7886,6866,Ravi Kumar,58,M,0
7887,6867,Sowmya Rao,29,F,0
7888,6868,Bhagya Hegde,41,F,0
7889,6869,Bhagya Achar,13,F,0
7890,6870,Savitha Gowda,42,F,0
7891,6871,Deepa Naidu,46,F,0
7892,6872,Geeta Hegde,26,F,0
7893,6873,Suresh Rao,40,M,0
7894,6874,Chaya Reddy,42,F,0
7895,6875,Mahesh Poojary,18,M,0
7896,6876,Savitha Setty,47,F,0
7897,6876,Lakshmi Naidu,64,F,0
7898,6877,Prakash Achar,37,M,0
7899,6877,Ganesh Bhat,42,M,0
7900,6878,Vidya Naik,37,F,0
7901,6878,Vijay Achar,12,M,0
7902,6879,Nandini Patil,11,F,0
7903,6880,Prakash Naik,52,M,0
7904,6881,Raghu Reddy,64,M,0
7905,6882,Pooja Patil,69,F,0
7906,6883,Geeta Rao,61,F,0
7907,6884,Chaya Hegde,58,F,0
7908,6885,Savitha Gowda,62,F,0
7909,6886,Geeta Bhat,38,F,0
7910,6887,Vijay Poojary,28,M,0
7911,6887,Pooja Gowda,57,F,0
7912,6888,Anita Shetty,49,F,0
7913,6889,Sowmya Hegde,25,F,0
7914,6890,Kumar Patil,5,M,0
7915,6890,Santosh Naidu,75,M,0
7916,6891,Priya Naidu,69,F,0
7917,6892,Vijay Naik,72,M,0
7918,6893,Roopa Rao,28,F,0
7919,6894,Santosh Poojary,29,M,0
7920,6894,Roopa Achar,43,F,0
7921,6895,Santosh Poojary,11,M,0
7922,6896,Mahesh Achar,58,M,0
7923,6897,Manjunath Achar,44,M,0
7924,6898,Girish Naik,70,M,0
7925,6899,Sowmya Murthy,71,F,0
7926,6900,Manjunath Achar,13,M,0
7927,6901,Rekha Shetty,14,F,0
7928,6902,Geeta Patil,14,F,0
7929,6903,Shwetha Hegde,47,F,0
7930,6904,Roopa Poojary,28,F,0
7931,6905,Srinivas Setty,26,M,0
7932,6905,Radha Poojary,36,F,0
7933,6906,Radha Bhat,71,F,0
7934,6907,Deepa Patil,27,F,0
7935,6908,Chaya Hegde,10,F,0
7936,6908,Ravi Murthy,55,M,0
7937,6909,Prakash Setty,22,M,0
7938,6909,Lakshmi Achar,58,F,0
7939,6910,Anita Shetty,24,F,0
7940,6910,Nandini Naidu,16,F,0
7941,6911,Bhagya Hegde,36,F,0
7942,6912,Harish Iyer,28,M,0
7943,6913,Raghu Patil,62,M,0
7944,6914,Vijay Gowda,21,M,0
7945,6915,Bhagya Kumar,24,F,0
7946,6916,Sowmya Murthy,28,F,0
7947,6917,Basavaraj Murthy,51,M,0
7948,6918,Raghu Achar,55,M,0
7949,6919,Roopa Shetty,75,F,0
7950,6920,Shobha Naidu,25,F,0
7951,6921,Suresh Rao,45,M,0
7952,6922,Nagaraj Naidu,67,M,0
7953,6923,Pooja Gowda,48,F,0
7954,6924,Roopa Patil,57,F,0
7955,6925,Girish Shetty,47,M,0
7956,6926,Priya Naik,60,F,0
7957,6927,Girish Shetty,50,M,0
7958,6928,Bhagya Achar,52,F,0
7959,6929,Manjunath Shetty,67,M,0
7960,6930,Suresh Naidu,59,M,0
7961,6931,Yogesh Iyer,25,M,0
7962,6932,Vijay Bhat,15,M,0
7963,6932,Rekha Rao,59,F,0
7964,6933,Roopa Setty,24,F,0
7965,6934,Suresh Rao,30,M,0
7966,6935,Raghu Hegde,36,M,0
7967,6936,Anil Poojary,20,M,0
7968,6937,Pooja Patil,25,F,0
7969,6938,Kumar Achar,28,M,0
7970,6939,Yogesh Gowda,57,M,0
7971,6940,Roopa Rao,59,F,0
7972,6941,Savitha Naidu,63,F,0
7973,6942,Girish Murthy,37,M,0
7974,6943,Vidya Achar,7,F,0
7975,6944,Ravi Rao,72,M,0
7976,6945,Kumar Naidu,67,M,0
7977,6946,Yogesh Shetty,16,M,0
7978,6947,Manjunath Kumar,36,M,0
7979,6948,Anil Achar,18,M,0
7980,6949,Savitha Achar,39,F,0
7981,6950,Naveen Naik,43,M,0
7982,6951,Suresh Setty,51,M,0
7983,6952,Shobha Hegde,44,F,0
7984,6953,Savitha Naidu,45,F,0
7985,6954,Raghu Murthy,8,M,0
7986,6955,Geeta Patil,68,F,0
7987,6956,Pooja Setty,15,F,0
7988,6956,Shwetha Rao,24,F,0
7989,6957,Rekha Bhat,75,F,0
7990,6958,Suresh Achar,10,M,0
7991,6959,Prakash Reddy,32,M,0
7992,6960,Srinivas Naidu,62,M,0
7993,6961,Anil Naidu,50,M,0
7994,6962,Manjunath Setty,30,M,0
7995,6963,Kumar Poojary,70,M,0
7996,6964,Ramesh Bhat,70,M,0
7997,6965,Girish Naidu,41,M,0
7998,6966,Pooja Hegde,65,F,0
7999,6967,Rekha Patil,72,F,0
8000,6968,Ramesh Shetty,36,M,0
8001,6969,Ramesh Poojary,73,M,0
8002,6970,Srinivas Gowda,55,M,0
8003,6971,Manjula Rao,10,F,0
8004,6972,Sunita Rao,44,F,0
8005,6973,Radha Shetty,23,F,0
8006,6974,Raghu Hegde,49,M,0
8007,6975,Basavaraj Patil,49,M,0
8008,6976,Manjula Naik,9,F,0
8009,6977,Sunita Gowda,43,F,0
8010,6978,Vijay Murthy,57,M,0
8011,6979,Ramesh Setty,51,M,0
8012,6979,Suresh Iyer,18,M,0
8013,6980,Shivaraj Iyer,47,M,0
8014,6981,Suresh Rao,33,M,0
8015,6982,Ganesh Rao,51,M,0
8016,6983,Radha Reddy,22,F,0
8017,6984,Radha Kumar,46,F,0
8018,6985,Ganesh Hegde,64,M,0
8019,6986,Prakash Shetty,66,M,0
8020,6987,Basavaraj Poojary,8,M,0
8021,6988,Sowmya Poojary,51,F,0
8022,6989,Anil Rao,47,M,0
8023,6990,Anita Naidu,15,F,0
8024,6991,Manjunath Setty,55,M,0
8025,6992,Rekha Poojary,26,F,0
8026,6993,Girish Achar,39,M,0
8027,6994,Mahesh Shetty,16,M,0
8028,6994,Kumar Hegde,74,M,0
8029,6995,Prakash Murthy,16,M,0
8030,6996,Lakshmi Kumar,36,F,0
8031,6997,Vidya Setty,60,F,0
8032,6998,Suresh Naidu,27,M,0
8033,6999,Rekha Hegde,60,F,0
8034,6999,Pooja Rao,44,F,0
8035,7000,Girish Reddy,30,M,0
8036,7001,Chaya Patil,26,F,0
8037,7002,Shwetha Achar,24,F,0
8038,7003,Vijay Achar,12,M,0
8039,7004,Sunita Naidu,75,F,0
8040,7005,Vijay Murthy,15,M,0
8041,7005,Vidya Kumar,56,F,0
8042,7006,Ramesh Naidu,75,M,0
8043,7007,Sowmya Achar,45,F,0
8044,7008,Savitha Rao,45,F,0
8045,7008,Raghu Murthy,65,M,0
8046,7009,Mahesh Gowda,44,M,0
8047,7009,Shwetha Reddy,49,F,0
8048,7010,Lakshmi Poojary,66,F,0
8049,7011,Deepa Patil,12,F,0
8050,7012,Girish Reddy,74,M,0
8051,7013,Radha Naik,51,F,0
8052,7014,Prakash Naidu,7,M,0
8053,7015,Vijay Reddy,41,M,0
8054,7016,Nandini Patil,25,F,0
8055,7017,Yogesh Reddy,25,M,0
8056,7018,Basavaraj Achar,61,M,0
8057,7019,Nandini Kumar,23,F,0
8058,7020,Srinivas Bhat,31,M,0
8059,7021,Kumar Murthy,63,M,0
8060,7022,Priya Hegde,59,F,0
8061,7023,Srinivas Kumar,60,M,0
8062,7024,Nagaraj Achar,25,M,0
8063,7024,Roopa Naik,37,F,0
8064,7025,Shobha Patil,30,F,0
8065,7026,Vidya Naidu,60,F,0
8066,7027,Naveen Naidu,21,M,0
8067,7028,Kavya Setty,62,F,0
8068,7029,Ravi Poojary,67,M,0
8069,7030,Prakash Achar,23,M,0
8070,7031,Ravi Naik,20,M,0
8071,7032,Vijay Patil,39,M,0
8072,7033,Shobha Achar,39,F,0
8073,7034,Srinivas Reddy,57,M,0
8074,7035,Shobha Gowda,5,F,0
8075,7036,Raghu Kumar,18,M,0
8076,7037,Ramesh Rao,68,M,0
8077,7038,Vidya Iyer,24,F,0
8078,7039,Raghu Naik,22,M,0
8079,7039,Ravi Reddy,57,M,0
8080,7040,Nandini Hegde,70,F,0
8081,7041,Raghu Gowda,65,M,0
8082,7042,Harish Murthy,27,M,0
8083,7043,Shwetha Reddy,66,F,0
8084,7044,Rekha Patil,26,F,0
8085,7045,Basavaraj Iyer,57,M,0
8086,7046,Kumar Reddy,17,M,0
8087,7047,Shivaraj Naik,38,M,0
8088,7048,Geeta Poojary,17,F,0
8089,7048,Anil Naidu,21,M,0
8090,7049,Manjunath Naik,49,M,0
8091,7050,Priya Naik,7,F,0
8092,7051,Deepa Murthy,29,F,0
8093,7052,Nagaraj Reddy,73,M,0
8094,7053,Shobha Gowda,27,F,0
8095,7054,Girish Kumar,13,M,0
8096,7055,Shwetha Naidu,18,F,0
8097,7056,Prakash Setty,7,M,0
8098,7057,Suresh Bhat,51,M,0
8099,7058,Radha Rao,19,F,0
8100,7059,Harish Setty,9,M,0
8101,7060,Kavya Naik,43,F,0
8102,7061,Roopa Setty,37,F,0
8103,7062,Basavaraj Achar,9,M,0
8104,7062,Manjunath Naidu,70,M,0
8105,7063,Pooja Iyer,28,F,0
8106,7063,Shivaraj Gowda,35,M,0
8107,7064,Rekha Poojary,29,F,0
8108,7064,Naveen Iyer,17,M,0
8109,7065,Ganesh Setty,73,M,0
8110,7066,Deepa Setty,46,F,0
8111,7067,Bhagya Shetty,9,F,0
8112,7068,Roopa Rao,33,F,0
8113,7069,Rekha Hegde,12,F,0
8114,7069,Ramesh Murthy,7,M,0
8115,7070,Prakash Murthy,49,M,0
8116,7070,Radha Shetty,14,F,0
8117,7071,Suresh Naidu,21,M,0
8118,7071,Ravi Naidu,17,M,0
8119,7072,Girish Kumar,10,M,0
8120,7073,Anil Naik,70,M,0
8121,7074,Deepa Setty,15,F,0
8122,7075,Kavya Patil,15,F,0
8123,7076,Ramesh Reddy,52,M,0
8124,7077,Anil Kumar,30,M,0
8125,7078,Geeta Achar,67,F,0
8126,7079,Srinivas Iyer,69,M,0
8127,7080,Srinivas Naik,20,M,0
8128,7080,Raghu Shetty,8,M,0
8129,7081,Ravi Bhat,48,M,0
8130,7082,Roopa Naik,63,F,0
8131,7083,Sowmya Bhat,69,F,0
8132,7083,Shobha Gowda,28,F,0
8133,7084,Geeta Gowda,28,F,0
8134,7085,Shivaraj Iyer,68,M,0
8135,7086,Kumar Patil,35,M,0
8136,7087,Deepa Reddy,43,F,0
8137,7088,Vidya Kumar,60,F,0
8138,7089,Roopa Setty,31,F,0
8139,7090,Shwetha Iyer,59,F,0
8140,7090,Savitha Reddy,29,F,0
8141,7091,Shivaraj Iyer,35,M,0
8142,7092,Kavya Iyer,29,F,0
8143,7092,Harish Bhat,37,M,0
8144,7093,Roopa Setty,30,F,0
8145,7094,Sunita Kumar,17,F,0
8146,7095,Mahesh Naidu,69,M,0
8147,7096,Basavaraj Reddy,5,M,0
8148,7097,Ravi Setty,23,M,0
8149,7098,Mahesh Patil,35,M,0
8150,7099,Manjula Iyer,30,F,0
8151,7099,Vidya Murthy,64,F,0
8152,7100,Manjula Rao,14,F,0
8153,7101,Ganesh Achar,56,M,0
8154,7102,Savitha Kumar,51,F,0
8155,7103,Vidya Shetty,27,F,0
8156,7104,Sowmya Naik,17,F,0
8157,7105,Shwetha Hegde,15,F,0
8158,7106,Suresh Iyer,7,M,0
8159,7106,Prakash Rao,6,M,0
8160,7107,Deepa Iyer,65,F,0
8161,7108,Srinivas Achar,56,M,0
8162,7109,Basavaraj Naik,68,M,0
8163,7110,Chaya Naik,69,F,0
8164,7111,Shivaraj Setty,62,M,0
8165,7112,Girish Kumar,70,M,0
8166,7112,Kavya Murthy,55,F,0
8167,7113,Priya Setty,16,F,0
8168,7113,Ramesh Gowda,26,M,0
8169,7114,Vijay Shetty,10,M,0
8170,7115,Kavya Shetty,35,F,0
8171,7116,Lakshmi Murthy,69,F,0
8172,7117,Deepa Kumar,27,F,0
8173,7118,Bhagya Reddy,5,F,0
8174,7119,Mahesh Patil,53,M,0
8175,7119,Raghu Kumar,15,M,0
8176,7120,Roopa Poojary,43,F,0
8177,7121,Nagaraj Kumar,28,M,0
8178,7122,Manjunath Gowda,63,M,0
8179,7123,Ramesh Bhat,33,M,0
8180,7124,Lakshmi Naik,6,F,0
8181,7125,Suresh Murthy,52,M,0
8182,7126,Vidya Reddy,72,F,0
8183,7126,Radha Shetty,65,F,0
8184,7127,Kavya Rao,61,F,0
8185,7128,Nagaraj Rao,6,M,0
8186,7128,Savitha Rao,47,F,0
8187,7129,Radha Gowda,17,F,0
8188,7129,Savitha Poojary,13,F,0
8189,7130,Geeta Achar,26,F,0
8190,7131,Radha Gowda,64,F,0
8191,7132,Savitha Poojary,5,F,0
8192,7132,Srinivas Naik,21,M,0
8193,7133,Chaya Setty,22,F,0
8194,7133,Nandini Gowda,34,F,0
8195,7134,Harish Reddy,65,M,0
8196,7134,Shwetha Naidu,53,F,0
8197,7135,Pooja Patil,57,F,0
8198,7136,Roopa Achar,73,F,0
8199,7137,Kavya Bhat,30,F,0
8200,7138,Vijay Bhat,72,M,0
8201,7139,Santosh Setty,67,M,0
8202,7139,Vidya Bhat,63,F,0
8203,7140,Chaya Iyer,51,F,0
8204,7141,Yogesh Kumar,19,M,0
8205,7141,Yogesh Shetty,55,M,0
8206,7142,Prakash Naidu,40,M,0
8207,7143,Nandini Gowda,63,F,0
8208,7144,Deepa Bhat,44,F,0
8209,7145,Manjunath Gowda,64,M,0
8210,7146,Priya Poojary,45,F,0
8211,7147,Geeta Achar,46,F,0
8212,7148,Ramesh Murthy,38,M,0
8213,7149,Savitha Gowda,20,F,0
8214,7150,Radha Naidu,20,F,0
8215,7151,Lakshmi Setty,47,F,0
8216,7152,Nagaraj Iyer,26,M,0
8217,7153,Raghu Iyer,50,M,0
8218,7154,Savitha Poojary,70,F,0
8219,7155,Sunita Naik,36,F,0
8220,7156,Basavaraj Hegde,6,M,0
8221,7157,Naveen Gowda,38,M,0
8222,7158,Nagaraj Reddy,43,M,0
8223,7159,Ramesh Patil,16,M,0
8224,7159,Nandini Gowda,51,F,0
8225,7160,Srinivas Reddy,18,M,0
8226,7161,Rekha Murthy,57,F,0
8227,7162,Roopa Rao,37,F,0
8228,7163,Rekha Naik,13,F,0
8229,7163,Chaya Achar,18,F,0
8230,7164,Srinivas Gowda,6,M,0
8231,7165,Basavaraj Kumar,18,M,0
8232,7166,Lakshmi Achar,30,F,0
8233,7167,Geeta Rao,37,F,0
8234,7167,Kumar Bhat,50,M,0
8235,7168,Rekha Poojary,22,F,0
8236,7169,Anita Naidu,14,F,0
8237,7170,Nandini Hegde,42,F,0
8238,7171,Girish Bhat,21,M,0
8239,7172,Anita Iyer,14,F,0
8240,7173,Anita Naik,12,F,0
8241,7174,Ramesh Shetty,20,M,0
8242,7175,Manjula Patil,54,F,0
8243,7176,Naveen Poojary,33,M,0
8244,7177,Manjula Bhat,41,F,0
8245,7178,Kumar Bhat,44,M,0
8246,7179,Basavaraj Shetty,71,M,0
8247,7179,Nagaraj Naik,51,M,0
8248,7180,Naveen Kumar,37,M,0
8249,7181,Pooja Setty,55,F,0
8250,7182,Anil Gowda,30,M,0
8251,7183,Suresh Patil,74,M,0
8252,7183,Santosh Murthy,40,M,0
8253,7184,Shobha Bhat,19,F,0
8254,7185,Sowmya Achar,12,F,0
8255,7186,Basavaraj Hegde,9,M,0
8256,7187,Kumar Gowda,17,M,0
8257,7188,Kumar Achar,7,M,0
8258,7189,Ramesh Iyer,64,M,0
8259,7190,Roopa Hegde,44,F,0
8260,7191,Bhagya Naik,59,F,0
8261,7192,Harish Hegde,45,M,0
8262,7192,Lakshmi Gowda,46,F,0
8263,7193,Manjula Gowda,21,F,0
8264,7194,Rekha Kumar,7,F,0
8265,7195,Santosh Gowda,53,M,0
8266,7196,Manjula Achar,28,F,0
8267,7196,Suresh Poojary,52,M,0
8268,7197,Girish Hegde,59,M,0
8269,7198,Basavaraj Setty,16,M,0
8270,7199,Chaya Iyer,55,F,0
8271,7200,Rekha Kumar,14,F,0
8272,7201,Pooja Murthy,58,F,0
8273,7202,Savitha Rao,26,F,0
8274,7203,Rekha Naidu,42,F,0
8275,7204,Sunita Poojary,39,F,0
8276,7205,Kumar Rao,45,M,0
8277,7206,Chaya Gowda,25,F,0
8278,7207,Pooja Kumar,57,F,0
8279,7207,Ravi Iyer,40,M,0
8280,7208,Anil Kumar,61,M,0
8281,7208,Prakash Patil,23,M,0
8282,7209,Shwetha Setty,35,F,0
8283,7210,Anita Gowda,30,F,0
8284,7211,Sowmya Kumar,8,F,0
8285,7212,Savitha Kumar,59,F,0
8286,7213,Manjunath Hegde,38,M,0
8287,7213,Kumar Murthy,71,M,0
8288,7214,Raghu Achar,13,M,0
8289,7215,Harish Kumar,64,M,0
8290,7216,Nagaraj Bhat,25,M,0
8291,7217,Nagaraj Bhat,26,M,0
8292,7218,Lakshmi Achar,30,F,0
8293,7219,Ganesh Gowda,37,M,0
8294,7220,Anita Achar,39,F,0
8295,7221,Prakash Naidu,62,M,0
8296,7222,Bhagya Murthy,11,F,0
8297,7223,Naveen Reddy,46,M,0
8298,7224,Suresh Naik,5,M,0
8299,7225,Manjula Murthy,19,F,0
8300,7226,Ramesh Shetty,61,M,0
8301,7227,Basavaraj Shetty,18,M,0
8302,7228,Lakshmi Bhat,57,F,0
8303,7228,Savitha Naidu,14,F,0
8304,7229,Chaya Murthy,49,F,0
8305,7230,Sunita Iyer,31,F,0
8306,7231,Sowmya Kumar,65,F,0
8307,7232,Anil Gowda,74,M,0
8308,7233,Srinivas Hegde,56,M,0
8309,7234,Basavaraj Gowda,31,M,0
8310,7235,Girish Reddy,34,M,0
8311,7236,Bhagya Reddy,49,F,0
8312,7237,Ramesh Reddy,17,M,0
8313,7238,Manjunath Patil,64,M,0
8314,7239,Ravi Kumar,31,M,0
8315,7240,Sunita Iyer,47,F,0
8316,7241,Manjunath Gowda,43,M,0
8317,7242,Priya Iyer,9,F,0
8318,7243,Shivaraj Bhat,33,M,0
8319,7244,Mahesh Rao,63,M,0
8320,7245,Deepa Iyer,33,F,0
8321,7246,Vijay Gowda,13,M,0
8322,7246,Vijay Murthy,36,M,0
8323,7247,Vijay Gowda,59,M,0
8324,7248,Manjunath Reddy,13,M,0
8325,7249,Deepa Gowda,24,F,0
8326,7250,Deepa Bhat,23,F,0
8327,7251,Nandini Gowda,38,F,0
8328,7252,Ramesh Naik,61,M,0
8329,7252,Roopa Gowda,20,F,0
8330,7253,Naveen Achar,20,M,0
8331,7254,Pooja Patil,35,F,0
8332,7254,Shwetha Murthy,54,F,0
8333,7255,Pooja Murthy,42,F,0
8334,7256,Anil Bhat,43,M,0
8335,7257,Pooja Iyer,21,F,0
8336,7258,Shivaraj Gowda,28,M,0
8337,7259,Raghu Naik,30,M,0
8338,7260,Kavya Naidu,49,F,0
8339,7261,Geeta Rao,13,F,0
8340,7262,Bhagya Achar,34,F,0
8341,7263,Anita Hegde,74,F,0
8342,7263,Manjunath Shetty,21,M,0
8343,7264,Ganesh Reddy,51,M,0
8344,7265,Vijay Hegde,59,M,0
8345,7266,Manjunath Reddy,66,M,0
8346,7267,Chaya Achar,72,F,0
8347,7268,Anita Achar,31,F,0
8348,7269,Bhagya Setty,56,F,0
8349,7270,Roopa Rao,13,F,0
8350,7270,Kumar Iyer,62,M,0
8351,7271,Anita Setty,75,F,0
8352,7272,Sowmya Poojary,46,F,0
8353,7273,Nandini Murthy,49,F,0
8354,7273,Ramesh Achar,75,M,0
8355,7274,Manjula Setty,65,F,0
8356,7275,Shobha Hegde,28,F,0
8357,7276,Raghu Naidu,74,M,0
8358,7277,Kumar Iyer,64,M,0
8359,7278,Pooja Gowda,67,F,0
8360,7279,Anita Naik,27,F,0
8361,7280,Basavaraj Murthy,40,M,0
8362,7280,Naveen Poojary,40,M,0
8363,7281,Vidya Setty,51,F,0
8364,7281,Savitha Naik,50,F,0
8365,7282,Deepa Kumar,60,F,0
8366,7283,Nagaraj Gowda,8,M,0
8367,7284,Geeta Achar,6,F,0
8368,7285,Suresh Iyer,70,M,0
8369,7285,Shivaraj Murthy,19,M,0
8370,7286,Mahesh Shetty,33,M,0
8371,7287,Deepa Naidu,40,F,0
8372,7288,Deepa Gowda,47,F,0
8373,7289,Yogesh Achar,19,M,0
8374,7290,Shivaraj Naidu,65,M,0
8375,7291,Sowmya Poojary,46,F,0
8376,7292,Sowmya Rao,53,F,0
8377,7293,Kavya Bhat,61,F,0
8378,7294,Shwetha Shetty,22,F,0
8379,7295,Shobha Achar,33,F,0
8380,7296,Priya Murthy,6,F,0
8381,7297,Nagaraj Kumar,12,M,0
8382,7298,Prakash Achar,46,M,0
8383,7298,Savitha Iyer,32,F,0
8384,7299,Mahesh Rao,62,M,0
8385,7300,Mahesh Bhat,41,M,0
8386,7301,Kavya Shetty,31,F,0
8387,7302,Manjula Kumar,72,F,0
8388,7303,Geeta Iyer,36,F,0
8389,7304,Naveen Shetty,21,M,0
8390,7305,Bhagya Iyer,56,F,0
8391,7306,Harish Rao,36,M,0
8392,7307,Chaya Achar,13,F,0
8393,7307,Lakshmi Shetty,36,F,0
8394,7308,Mahesh Rao,44,M,0
8395,7308,Rekha Patil,52,F,0
8396,7309,Vijay Naik,18,M,0
8397,7310,Anil Naik,43,M,0
8398,7311,Deepa Hegde,41,F,0
8399,7311,Pooja Iyer,51,F,0
8400,7312,Rekha Reddy,65,F,0
8401,7313,Savitha Iyer,63,F,0
8402,7314,Lakshmi Setty,36,F,0
8403,7315,Geeta Setty,17,F,0
8404,7316,Sowmya Naidu,51,F,0
8405,7317,Manjula Rao,35,F,0
8406,7318,Chaya Achar,68,F,0
8407,7319,Sowmya Setty,73,F,0
8408,7319,Mahesh Shetty,15,M,0
8409,7320,Naveen Poojary,58,M,0
8410,7321,Savitha Shetty,46,F,0
8411,7322,Nandini Iyer,7,F,0
8412,7323,Srinivas Patil,56,M,0
8413,7324,Kumar Hegde,56,M,0
8414,7325,Santosh Kumar,63,M,0
8415,7326,Naveen Shetty,7,M,0
8416,7327,Vijay Achar,11,M,0
8417,7328,Savitha Murthy,35,F,0
8418,7329,Roopa Naik,39,F,0
8419,7330,Nagaraj Reddy,43,M,0
8420,7330,Rekha Gowda,49,F,0
8421,7331,Kavya Naidu,41,F,0
8422,7332,Vidya Shetty,19,F,0
8423,7333,Lakshmi Kumar,36,F,0
8424,7334,Anita Gowda,52,F,0
8425,7335,Rekha Achar,33,F,0
8426,7336,Lakshmi Murthy,42,F,0
8427,7336,Roopa Naik,28,F,0
8428,7337,Raghu Iyer,47,M,0
8429,7338,Sowmya Shetty,45,F,0
8430,7339,Bhagya Kumar,72,F,0
8431,7339,Yogesh Achar,44,M,0
8432,7340,Srinivas Shetty,17,M,0
8433,7341,Radha Naik,51,F,0
8434,7342,Roopa Shetty,32,F,0
8435,7343,Ravi Achar,72,M,0
8436,7344,Vijay Shetty,45,M,0
8437,7345,Nandini Hegde,17,F,0
8438,7346,Manjunath Naidu,22,M,0
8439,7347,Girish Bhat,62,M,0
8440,7347,Nandini Kumar,66,F,0
8441,7348,Basavaraj Naidu,25,M,0
8442,7349,Yogesh Kumar,34,M,0
8443,7350,Lakshmi Kumar,21,F,0
8444,7351,Manjunath Poojary,47,M,0
8445,7352,Kumar Patil,61,M,0
8446,7353,Manjula Bhat,52,F,0
8447,7354,Manjunath Setty,69,M,0
8448,7355,Priya Hegde,36,F,0
8449,7356,Nandini Rao,62,F,0
8450,7357,Sunita Gowda,47,F,0
8451,7358,Yogesh Hegde,11,M,0
8452,7359,Pooja Iyer,55,F,0
8453,7360,Shwetha Shetty,57,F,0
8454,7361,Roopa Setty,14,F,0
8455,7362,Savitha Murthy,8,F,0
8456,7363,Santosh Naidu,70,M,0
8457,7363,Nagaraj Rao,49,M,0
8458,7364,Sunita Kumar,74,F,0
8459,7365,Vidya Poojary,17,F,0
8460,7366,Shwetha Naik,22,F,0
8461,7366,Lakshmi Achar,47,F,0
8462,7367,Radha Gowda,32,F,0
8463,7368,Kumar Murthy,55,M,0
8464,7369,Kumar Achar,46,M,0
8465,7369,Santosh Naik,36,M,0
8466,7370,Vidya Naik,47,F,0
8467,7370,Ramesh Iyer,15,M,0
8468,7371,Ganesh Iyer,30,M,0
8469,7372,Shivaraj Kumar,68,M,0
8470,7373,Ganesh Poojary,37,M,0
8471,7373,Basavaraj Naik,73,M,0
8472,7374,Roopa Naik,40,F,0
8473,7375,Nandini Gowda,17,F,0
8474,7376,Nagaraj Reddy,33,M,0
8475,7377,Girish Bhat,19,M,0
8476,7378,Anita Kumar,27,F,0
8477,7379,Basavaraj Murthy,18,M,0
8478,7380,Shobha Setty,62,F,0
8479,7381,Sowmya Gowda,36,F,0
8480,7382,Anita Kumar,50,F,0
8481,7382,Rekha Naik,30,F,0
8482,7383,Basavaraj Kumar,27,M,0
8483,7384,Chaya Naidu,67,F,0
8484,7385,Shivaraj Setty,28,M,0
8485,7386,Bhagya Shetty,70,F,0
8486,7387,Nagaraj Poojary,21,M,0
8487,7388,Radha Naik,65,F,0
8488,7389,Kavya Naidu,42,F,0
8489,7390,Ganesh Iyer,19,M,0
8490,7391,Anil Rao,33,M,0
8491,7392,Pooja Naidu,26,F,0
8492,7393,Basavaraj Hegde,18,M,0
8493,7393,Nagaraj Poojary,33,M,0
8494,7394,Pooja Setty,41,F,0
8495,7395,Ramesh Achar,23,M,0
8496,7396,Deepa Iyer,68,F,0
8497,7397,Naveen Naik,25,M,0
8498,7398,Harish Shetty,73,M,0
8499,7399,Suresh Naik,59,M,0
8500,7400,Prakash Achar,54,M,0
8501,7401,Priya Reddy,30,F,0
8502,7402,Pooja Naik,60,F,0
8503,7403,Sowmya Rao,13,F,0
8504,7404,Radha Naidu,72,F,0
8505,7405,Ganesh Naik,7,M,0
8506,7405,Manjunath Naik,51,M,0
8507,7406,Ravi Poojary,33,M,0
8508,7407,Radha Patil,24,F,0
8509,7408,Geeta Bhat,21,F,0
8510,7409,Prakash Poojary,64,M,0
8511,7409,Rekha Shetty,10,F,0
8512,7410,Manjula Kumar,29,F,0
8513,7410,Anita Bhat,63,F,0
8514,7411,Rekha Bhat,72,F,0
8515,7412,Mahesh Shetty,67,M,0
8516,7413,Pooja Setty,43,F,0
8517,7414,Radha Iyer,32,F,0
8518,7415,Radha Naidu,64,F,0
8519,7415,Anil Reddy,41,M,0
8520,7416,Yogesh Kumar,10,M,0
8521,7417,Anita Poojary,64,F,0
8522,7418,Rekha Poojary,47,F,0
8523,7419,Savitha Naidu,32,F,0
8524,7420,Nagaraj Kumar,65,M,0
8525,7421,Ravi Shetty,20,M,0
8526,7422,Santosh Naidu,44,M,0
8527,7423,Vijay Reddy,19,M,0
8528,7424,Lakshmi Naik,69,F,0
8529,7425,Sunita Kumar,50,F,0
8530,7426,Nandini Iyer,61,F,0
8531,7427,Roopa Setty,52,F,0
8532,7428,Lakshmi Naik,40,F,0
8533,7429,Kumar Reddy,8,M,0
8534,7430,Yogesh Naik,50,M,0
8535,7431,Manjula Setty,67,F,0
8536,7432,Santosh Naidu,11,M,0
8537,7433,Ramesh Murthy,48,M,0
8538,7434,Anita Bhat,14,F,0
8539,7435,Santosh Poojary,65,M,0
8540,7435,Deepa Kumar,48,F,0
8541,7436,Deepa Hegde,67,F,0
8542,7437,Harish Setty,70,M,0
8543,7438,Kavya Naik,74,F,0
8544,7439,Radha Hegde,30,F,0
8545,7440,Harish Bhat,25,M,0
8546,7441,Ravi Kumar,42,M,0
8547,7442,Suresh Iyer,46,M,0
8548,7442,Vijay Hegde,25,M,0
8549,7443,Manjunath Bhat,44,M,0
8550,7444,Girish Poojary,22,M,0
8551,7445,Harish Bhat,8,M,0
8552,7446,Anita Shetty,34,F,0
8553,7447,Rekha Hegde,28,F,0
8554,7448,Vidya Bhat,6,F,0
8555,7449,Yogesh Iyer,42,M,0
8556,7449,Ramesh Achar,34,M,0
8557,7450,Ganesh Naidu,61,M,0
8558,7451,Chaya Achar,45,F,0
8559,7452,Raghu Shetty,49,M,0
8560,7453,Priya Poojary,5,F,0
8561,7454,Rekha Hegde,20,F,0
8562,7455,Deepa Naidu,51,F,0
8563,7455,Manjula Naidu,13,F,0
8564,7456,Girish Reddy,20,M,0
8565,7457,Sowmya Patil,47,F,0
8566,7458,Prakash Shetty,51,M,0
8567,7459,Prakash Patil,27,M,0
8568,7460,Anita Setty,56,F,0
8569,7461,Geeta Patil,43,F,0
8570,7462,Anita Kumar,26,F,0
8571,7463,Kavya Patil,70,F,0
8572,7464,Prakash Achar,19,M,0
8573,7465,Nagaraj Murthy,12,M,0
8574,7466,Pooja Gowda,15,F,0
8575,7467,Anil Naidu,34,M,0
8576,7467,Manjula Reddy,63,F,0
8577,7468,Yogesh Hegde,71,M,0
8578,7469,Sunita Setty,68,F,0
8579,7470,Manjula Murthy,24,F,0
8580,7471,Raghu Setty,74,M,0
8581,7472,Manjunath Achar,53,M,0
8582,7473,Shivaraj Achar,31,M,0
8583,7474,Vijay Naik,46,M,0
8584,7474,Shivaraj Setty,12,M,0
8585,7475,Suresh Iyer,71,M,0
8586,7476,Ganesh Hegde,21,M,0
8587,7477,Anita Rao,69,F,0
8588,7478,Vijay Setty,27,M,0
8589,7479,Ganesh Naidu,62,M,0
8590,7480,Vidya Patil,64,F,0
8591,7481,Ramesh Patil,5,M,0
8592,7482,Chaya Bhat,68,F,0
8593,7483,Vijay Murthy,51,M,0
8594,7484,Priya Hegde,38,F,0
8595,7485,Naveen Shetty,57,M,0
8596,7486,Santosh Shetty,28,M,0
8597,7487,Manjula Naidu,31,F,0
8598,7488,Anil Kumar,15,M,0
8599,7489,Chaya Bhat,17,F,0
8600,7489,Sunita Achar,17,F,0
8601,7490,Harish Kumar,15,M,0
8602,7490,Sunita Hegde,39,F,0
8603,7491,Sowmya Hegde,22,F,0
8604,7492,Srinivas Rao,63,M,0
8605,7492,Ramesh Patil,25,M,0
8606,7493,Radha Naik,57,F,0
8607,7494,Nandini Bhat,16,F,0
8608,7495,Naveen Murthy,11,M,0
8609,7496,Geeta Reddy,58,F,0
8610,7497,Prakash Gowda,32,M,0
8611,7498,Yogesh Naik,36,M,0
8612,7499,Naveen Patil,26,M,0
8613,7500,Shivaraj Reddy,58,M,0
8614,7501,Priya Kumar,20,F,0
8615,7502,Manjula Achar,23,F,0
8616,7503,Anita Iyer,31,F,0
8617,7503,Ramesh Murthy,19,M,0
8618,7504,Radha Setty,32,F,0
8619,7505,Ganesh Poojary,32,M,0
8620,7506,Nagaraj Naidu,42,M,0
8621,7507,Srinivas Patil,11,M,0
8622,7507,Manjunath Achar,61,M,0
8623,7508,Rekha Naidu,51,F,0
8624,7509,Chaya Shetty,11,F,0
8625,7510,Deepa Kumar,41,F,0
8626,7511,Roopa Hegde,18,F,0
8627,7512,Shwetha Reddy,20,F,0
8628,7513,Chaya Naik,34,F,0
8629,7514,Shivaraj Kumar,74,M,0
8630,7515,Kavya Setty,60,F,0
8631,7516,Vijay Murthy,30,M,0
8632,7517,Suresh Reddy,43,M,0
8633,7517,Santosh Shetty,54,M,0
8634,7518,Nagaraj Reddy,43,M,0
8635,7519,Naveen Gowda,64,M,0
8636,7520,Geeta Rao,64,F,0
8637,7521,Lakshmi Hegde,63,F,0
8638,7522,Sowmya Setty,33,F,0
8639,7523,Deepa Hegde,73,F,0
8640,7524,Naveen Naik,33,M,0
8641,7525,Priya Poojary,66,F,0
8642,7526,Harish Bhat,19,M,0
8643,7527,Santosh Naidu,12,M,0
8644,7528,Basavaraj Rao,46,M,0
8645,7529,Deepa Poojary,51,F,0
8646,7530,Anita Hegde,22,F,0
8647,7531,Sunita Patil,48,F,0
8648,7532,Shivaraj Gowda,23,M,0
8649,7533,Shivaraj Rao,13,M,0
8650,7534,Mahesh Naik,59,M,0
8651,7535,Shivaraj Naidu,34,M,0
8652,7535,Savitha Kumar,53,F,0
8653,7536,Shobha Poojary,18,F,0
8654,7537,Santosh Reddy,45,M,0
8655,7538,Vidya Setty,41,F,0
8656,7539,Bhagya Naidu,61,F,0
8657,7540,Priya Hegde,44,F,0
8658,7541,Chaya Reddy,12,F,0
8659,7542,Anita Patil,31,F,0
8660,7543,Manjunath Patil,75,M,0
8661,7544,Manjunath Murthy,14,M,0
8662,7545,Deepa Hegde,65,F,0
8663,7546,Sowmya Hegde,72,F,0
8664,7547,Sowmya Shetty,59,F,0
8665,7548,Anil Gowda,68,M,0
8666,7549,Vijay Reddy,6,M,0
8667,7550,Srinivas Hegde,53,M,0
8668,7551,Girish Bhat,63,M,0
8669,7552,Srinivas Rao,26,M,0
8670,7552,Kumar Patil,7,M,0
8671,7553,Roopa Naik,72,F,0
8672,7554,Rekha Rao,28,F,0
8673,7555,Srinivas Reddy,11,M,0
8674,7556,Bhagya Shetty,41,F,0
8675,7557,Prakash Achar,66,M,0
8676,7558,Shobha Bhat,49,F,0
8677,7559,Naveen Naik,70,M,0
8678,7560,Naveen Bhat,32,M,0
8679,7561,Shivaraj Bhat,50,M,0
8680,7562,Ravi Gowda,30,M,0
8681,7563,Vidya Murthy,36,F,0
8682,7564,Roopa Murthy,33,F,0
8683,7565,Ganesh Patil,33,M,0
8684,7566,Deepa Reddy,18,F,0
8685,7566,Prakash Achar,71,M,0
8686,7567,Harish Patil,68,M,0
8687,7568,Suresh Bhat,59,M,0
8688,7568,Anil Poojary,58,M,0
8689,7569,Raghu Setty,66,M,0
8690,7570,Bhagya Shetty,44,F,0
8691,7571,Anita Reddy,7,F,0
8692,7572,Ravi Poojary,23,M,0
8693,7573,Priya Rao,40,F,0
8694,7574,Manjunath Poojary,67,M,0
8695,7575,Manjula Shetty,39,F,0
8696,7576,Nagaraj Iyer,46,M,0
8697,7577,Savitha Reddy,52,F,0
8698,7578,Rekha Naik,26,F,0
8699,7579,Geeta Bhat,29,F,0
8700,7580,Anil Poojary,26,M,0
8701,7581,Harish Shetty,20,M,0
8702,7582,Vidya Shetty,19,F,0
8703,7582,Harish Bhat,34,M,0
8704,7583,Ganesh Kumar,73,M,0
8705,7584,Prakash Bhat,26,M,0
8706,7585,Santosh Patil,28,M,0
8707,7585,Prakash Gowda,6,M,0
8708,7586,Mahesh Iyer,49,M,0
8709,7587,Ravi Gowda,14,M,0
8710,7588,Harish Gowda,19,M,0
8711,7589,Nandini Poojary,60,F,0
8712,7590,Rekha Kumar,13,F,0
8713,7591,Priya Reddy,14,F,0
8714,7592,Anita Shetty,9,F,0
8715,7593,Mahesh Kumar,49,M,0
8716,7594,Girish Bhat,71,M,0
8717,7595,Sunita Shetty,31,F,0
8718,7596,Vijay Naidu,13,M,0
8719,7596,Shwetha Iyer,19,F,0
8720,7597,Ramesh Patil,9,M,0
8721,7598,Anil Kumar,29,M,0
8722,7599,Chaya Shetty,62,F,0
8723,7600,Chaya Reddy,12,F,0
8724,7601,Nandini Iyer,25,F,0
8725,7602,Priya Reddy,59,F,0
8726,7603,Santosh Naik,5,M,0
8727,7604,Raghu Iyer,14,M,0
8728,7605,Lakshmi Rao,71,F,0
8729,7606,Sunita Setty,66,F,0
8730,7607,Srinivas Murthy,36,M,0
8731,7608,Chaya Iyer,73,F,0
8732,7609,Deepa Naik,21,F,0
8733,7610,Naveen Gowda,67,M,0
8734,7611,Shivaraj Hegde,43,M,0
8735,7612,Radha Setty,69,F,0
8736,7613,Suresh Gowda,49,M,0
8737,7614,Rekha Kumar,33,F,0
8738,7615,Radha Naik,31,F,0
8739,7616,Manjula Achar,35,F,0
8740,7617,Suresh Iyer,43,M,0
8741,7618,Kumar Setty,17,M,0
8742,7619,Kavya Naidu,29,F,0
8743,7620,Srinivas Rao,40,M,0
8744,7620,Ganesh Achar,66,M,0
8745,7621,Anita Poojary,71,F,0
8746,7622,Manjunath Iyer,53,M,0
8747,7623,Anil Bhat,22,M,0
8748,7624,Kavya Rao,41,F,0
8749,7625,Suresh Murthy,60,M,0
8750,7626,Mahesh Poojary,74,M,0
8751,7627,Vijay Hegde,73,M,0
8752,7627,Deepa Naik,12,F,0
8753,7628,Pooja Shetty,22,F,0
8754,7629,Suresh Naidu,29,M,0
8755,7630,Prakash Achar,67,M,0
8756,7631,Kavya Hegde,45,F,0
8757,7631,Sowmya Setty,60,F,0
8758,7632,Manjula Shetty,52,F,0
8759,7633,Vidya Achar,56,F,0
8760,7634,Prakash Naik,15,M,0
8761,7635,Mahesh Kumar,40,M,0
8762,7636,Deepa Shetty,41,F,0
8763,7637,Ganesh Naik,65,M,0
8764,7637,Girish Rao,27,M,0
8765,7638,Geeta Gowda,66,F,0
8766,7639,Rekha Gowda,61,F,0
8767,7640,Vijay Gowda,35,M,0
8768,7640,Basavaraj Setty,32,M,0
8769,7641,Radha Murthy,12,F,0
8770,7642,Raghu Patil,44,M,0
8771,7643,Sunita Hegde,20,F,0
8772,7644,Sunita Reddy,16,F,0
8773,7645,Anita Patil,63,F,0
8774,7646,Priya Gowda,62,F,0
8775,7646,Sunita Shetty,32,F,0
8776,7647,Srinivas Bhat,56,M,0
8777,7648,Ganesh Poojary,56,M,0
8778,7649,Pooja Kumar,63,F,0
8779,7650,Mahesh Patil,6,M,0
8780,7650,Naveen Poojary,75,M,0
8781,7651,Roopa Hegde,66,F,0
8782,7652,Chaya Poojary,34,F,0
8783,7653,Manjunath Gowda,19,M,0
8784,7654,Rekha Setty,64,F,0
8785,7655,Bhagya Hegde,71,F,0
8786,7656,Mahesh Kumar,73,M,0
8787,7657,Bhagya Kumar,15,F,0
8788,7657,Vijay Setty,9,M,0
8789,7658,Chaya Rao,26,F,0
8790,7659,Sunita Gowda,53,F,0
8791,7660,Priya Poojary,44,F,0
8792,7661,Harish Poojary,69,M,0
8793,7662,Ganesh Naidu,49,M,0
8794,7663,Anil Bhat,21,M,0
8795,7663,Manjunath Kumar,54,M,0
8796,7664,Nandini Naik,60,F,0
8797,7665,Manjunath Setty,45,M,0
8798,7665,Ramesh Setty,64,M,0
8799,7666,Vidya Bhat,52,F,0
8800,7667,Prakash Gowda,69,M,0
8801,7668,Radha Achar,36,F,0
8802,7669,Harish Achar,18,M,0
8803,7670,Mahesh Achar,72,M,0
8804,7671,Shwetha Rao,37,F,0
8805,7672,Vidya Patil,25,F,0
8806,7673,Bhagya Shetty,22,F,0
8807,7674,Lakshmi Achar,12,F,0
8808,7675,Anil Reddy,56,M,0
8809,7676,Chaya Rao,36,F,0
8810,7677,Shivaraj Murthy,35,M,0
8811,7678,Santosh Kumar,54,M,0
8812,7679,Kavya Setty,56,F,0
8813,7680,Nandini Kumar,43,F,0
8814,7681,Ravi Hegde,24,M,0
8815,7682,Manjunath Gowda,6,M,0
8816,7683,Kavya Patil,50,F,0
8817,7684,Harish Achar,56,M,0
8818,7685,Anil Iyer,71,M,0
8819,7686,Pooja Naik,9,F,0
8820,7687,Yogesh Achar,54,M,0
8821,7687,Ganesh Reddy,54,M,0
8822,7688,Kumar Reddy,48,M,0
8823,7688,Geeta Reddy,49,F,0
8824,7689,Prakash Iyer,41,M,0
8825,7690,Shobha Patil,71,F,0
8826,7691,Deepa Naidu,73,F,0
8827,7692,Nandini Murthy,48,F,0
8828,7693,Vidya Naidu,37,F,0
8829,7694,Pooja Reddy,61,F,0
8830,7695,Mahesh Naidu,13,M,0
8831,7696,Manjula Achar,64,F,0
8832,7697,Sunita Murthy,15,F,0
8833,7698,Shwetha Naidu,72,F,0
8834,7699,Nandini Naik,31,F,0
8835,7700,Manjunath Kumar,63,M,0
8836,7700,Geeta Naik,67,F,0
8837,7701,Santosh Murthy,9,M,0
8838,7702,Lakshmi Gowda,73,F,0
8839,7703,Manjula Rao,69,F,0
8840,7704,Shivaraj Rao,71,M,0
8841,7705,Basavaraj Murthy,14,M,0
8842,7706,Naveen Hegde,9,M,0
8843,7707,Mahesh Kumar,75,M,0
8844,7708,Bhagya Achar,25,F,0
8845,7709,Geeta Reddy,74,F,0
8846,7710,Shwetha Naidu,57,F,0
8847,7711,Anita Naik,26,F,0
8848,7712,Harish Achar,44,M,0
8849,7713,Vidya Hegde,39,F,0
8850,7714,Radha Iyer,47,F,0
8851,7715,Anil Hegde,71,M,0
8852,7715,Ganesh Setty,70,M,0
8853,7716,Nagaraj Setty,73,M,0
8854,7717,Sunita Rao,56,F,0
8855,7718,Savitha Shetty,25,F,0
8856,7719,Girish Naidu,16,M,0
8857,7720,Kavya Murthy,25,F,0
8858,7721,Yogesh Iyer,22,M,0
8859,7722,Girish Achar,43,M,0
8860,7723,Ganesh Shetty,12,M,0
8861,7724,Geeta Naik,16,F,0
8862,7725,Anil Murthy,25,M,0
8863,7726,Mahesh Reddy,37,M,0
8864,7727,Chaya Rao,50,F,0
8865,7728,Mahesh Bhat,12,M,0
8866,7729,Priya Patil,58,F,0
8867,7730,Suresh Naik,68,M,0
8868,7731,Girish Setty,7,M,0
8869,7732,Harish Bhat,62,M,0
8870,7733,Savitha Achar,5,F,0
8871,7734,Mahesh Shetty,69,M,0
8872,7735,Nagaraj Setty,40,M,0
8873,7736,Manjula Kumar,73,F,0
8874,7737,Mahesh Bhat,12,M,0
8875,7737,Manjula Iyer,55,F,0
8876,7738,Priya Gowda,18,F,0
8877,7739,Savitha Murthy,22,F,0
8878,7740,Prakash Bhat,60,M,0
8879,7741,Shwetha Poojary,36,F,0
8880,7742,Ramesh Shetty,22,M,0
8881,7743,Ramesh Poojary,62,M,0
8882,7744,Shivaraj Hegde,50,M,0
8883,7745,Chaya Poojary,71,F,0
8884,7745,Santosh Patil,43,M,0
8885,7746,Anita Gowda,43,F,0
8886,7746,Roopa Gowda,57,F,0
8887,7747,Anita Naik,58,F,0
8888,7748,Manjula Patil,24,F,0
8889,7749,Srinivas Naidu,52,M,0
8890,7750,Roopa Shetty,32,F,0
8891,7751,Nandini Iyer,39,F,0
8892,7751,Chaya Hegde,57,F,0
8893,7752,Basavaraj Murthy,65,M,0
8894,7752,Ravi Achar,10,M,0
8895,7753,Radha Murthy,27,F,0
8896,7754,Shwetha Iyer,16,F,0
8897,7755,Shwetha Shetty,68,F,0
8898,7756,Shwetha Naik,31,F,0
8899,7757,Pooja Iyer,34,F,0
8900,7758,Raghu Achar,8,M,0
8901,7759,Lakshmi Achar,19,F,0
8902,7760,Shivaraj Achar,38,M,0
8903,7761,Srinivas Iyer,38,M,0
8904,7762,Naveen Shetty,44,M,0
8905,7763,Pooja Achar,62,F,0
8906,7764,Savitha Bhat,17,F,0
8907,7764,Kavya Reddy,29,F,0
8908,7765,Lakshmi Rao,75,F,0
8909,7765,Manjunath Naidu,42,M,0
8910,7766,Rekha Bhat,18,F,0
8911,7767,Ravi Reddy,36,M,0
8912,7768,Mahesh Bhat,41,M,0
8913,7769,Savitha Murthy,55,F,0
8914,7770,Mahesh Kumar,12,M,0
8915,7771,Suresh Kumar,37,M,0
8916,7772,Sunita Reddy,60,F,0
8917,7773,Ravi Gowda,61,M,0
8918,7773,Shobha Gowda,32,F,0
8919,7774,Chaya Kumar,22,F,0
8920,7774,Vijay Achar,8,M,0
8921,7775,Geeta Reddy,66,F,0
8922,7776,Anil Gowda,27,M,0
8923,7777,Suresh Naidu,64,M,0
8924,7778,Sunita Poojary,67,F,0
8925,7778,Pooja Shetty,36,F,0
8926,7779,Sowmya Reddy,32,F,0
8927,7780,Harish Reddy,21,M,0
8928,7780,Kumar Reddy,57,M,0
8929,7781,Vijay Naidu,27,M,0
8930,7782,Ramesh Naidu,16,M,0
8931,7783,Radha Murthy,75,F,0
8932,7784,Manjula Poojary,26,F,0
8933,7785,Vijay Iyer,39,M,0
8934,7786,Suresh Naidu,41,M,0
8935,7787,Kumar Naidu,63,M,0
8936,7788,Nandini Poojary,15,F,0
8937,7789,Rekha Patil,74,F,0
8938,7790,Anita Shetty,28,F,0
8939,7791,Srinivas Achar,54,M,0
8940,7792,Harish Reddy,27,M,0
8941,7793,Basavaraj Hegde,23,M,0
8942,7794,Sowmya Reddy,24,F,0
8943,7795,Sowmya Poojary,12,F,0
8944,7796,Girish Naidu,37,M,0
8945,7797,Girish Achar,37,M,0
8946,7798,Kumar Rao,10,M,0
8947,7799,Vidya Patil,8,F,0
8948,7799,Nagaraj Murthy,58,M,0
8949,7800,Shobha Poojary,38,F,0
8950,7801,Nagaraj Murthy,72,M,0
8951,7802,Chaya Gowda,25,F,0
8952,7803,Girish Murthy,69,M,0
8953,7803,Ganesh Bhat,25,M,0
8954,7804,Priya Reddy,18,F,0
8955,7805,Chaya Gowda,63,F,0
8956,7806,Rekha Bhat,71,F,0
8957,7806,Ramesh Naidu,13,M,0
8958,7807,Shivaraj Shetty,13,M,0
8959,7808,Pooja Achar,25,F,0
8960,7808,Srinivas Patil,32,M,0
8961,7809,Shwetha Naik,6,F,0
8962,7810,Anita Rao,60,F,0
8963,7811,Santosh Shetty,30,M,0
8964,7812,Anil Naidu,34,M,0
8965,7813,Anil Shetty,28,M,0
8966,7814,Naveen Rao,55,M,0
8967,7814,Ravi Shetty,29,M,0
8968,7815,Sunita Poojary,32,F,0
8969,7816,Nagaraj Bhat,38,M,0
8970,7817,Roopa Bhat,59,F,0
8971,7818,Radha Hegde,16,F,0
8972,7819,Rekha Hegde,29,F,0
8973,7820,Prakash Naik,53,M,0
8974,7820,Ramesh Naik,21,M,0
8975,7821,Vijay Kumar,71,M,0
8976,7822,Lakshmi Naidu,70,F,0
8977,7823,Pooja Reddy,22,F,0
8978,7824,Suresh Naidu,34,M,0
8979,7825,Mahesh Shetty,61,M,0
8980,7826,Manjula Bhat,56,F,0
8981,7827,Manjunath Shetty,25,M,0
8982,7828,Sowmya Achar,60,F,0
8983,7829,Srinivas Setty,13,M,0
8984,7830,Srinivas Rao,15,M,0
8985,7831,Radha Iyer,70,F,0
8986,7831,Vidya Kumar,5,F,0
8987,7832,Ramesh Naidu,14,M,0
8988,7833,Bhagya Setty,50,F,0
8989,7833,Vijay Shetty,50,M,0
8990,7834,Shivaraj Rao,39,M,0
8991,7835,Priya Iyer,25,F,0
8992,7836,Shwetha Poojary,39,F,0
8993,7837,Mahesh Murthy,61,M,0
8994,7838,Roopa Poojary,54,F,0
8995,7839,Lakshmi Achar,9,F,0
8996,7839,Chaya Setty,44,F,0
8997,7840,Prakash Gowda,70,M,0
8998,7841,Shwetha Murthy,35,F,0
8999,7842,Harish Shetty,50,M,0
9000,7842,Ganesh Hegde,33,M,0
9001,7843,Bhagya Hegde,61,F,0
9002,7844,Basavaraj Murthy,58,M,0
9003,7845,Naveen Murthy,56,M,0
9004,7845,Savitha Naidu,46,F,0
9005,7846,Ramesh Murthy,47,M,0
9006,7847,Ravi Reddy,69,M,0
9007,7848,Sowmya Rao,61,F,0
9008,7848,Shobha Reddy,30,F,0
9009,7849,Nagaraj Bhat,51,M,0
9010,7850,Sunita Naik,49,F,0
9011,7851,Shwetha Reddy,7,F,0
9012,7851,Savitha Naik,25,F,0
9013,7852,Deepa Naik,35,F,0
9014,7853,Shwetha Kumar,59,F,0
9015,7854,Nandini Kumar,32,F,0
9016,7855,Geeta Patil,53,F,0
9017,7855,Manjunath Hegde,60,M,0
9018,7856,Vijay Murthy,10,M,0
9019,7857,Naveen Reddy,51,M,0
9020,7858,Bhagya Setty,51,F,0
9021,7859,Yogesh Hegde,71,M,0
9022,7860,Sunita Rao,68,F,0
9023,7861,Roopa Naidu,30,F,0
9024,7862,Shivaraj Murthy,5,M,0
9025,7863,Radha Achar,16,F,0
9026,7864,Mahesh Achar,46,M,0
9027,7865,Anil Reddy,61,M,0
9028,7866,Prakash Naidu,74,M,0
9029,7867,Prakash Murthy,66,M,0
9030,7868,Chaya Achar,55,F,0
9031,7869,Manjula Naidu,58,F,0
9032,7869,Nagaraj Rao,5,M,0
9033,7870,Ganesh Kumar,41,M,0
9034,7871,Manjunath Achar,31,M,0
9035,7872,Bhagya Rao,72,F,0
9036,7873,Nandini Murthy,6,F,0
9037,7874,Kavya Naik,34,F,0
9038,7874,Mahesh Patil,52,M,0
9039,7875,Anita Iyer,8,F,0
9040,7876,Nagaraj Iyer,39,M,0
9041,7877,Harish Rao,61,M,0
9042,7877,Bhagya Setty,61,F,0
9043,7878,Sunita Bhat,36,F,0
9044,7879,Nagaraj Shetty,32,M,0
9045,7880,Sunita Murthy,14,F,0
9046,7881,Nagaraj Naidu,43,M,0
9047,7881,Shwetha Rao,11,F,0
9048,7882,Kumar Achar,74,M,0
9049,7883,Rekha Poojary,72,F,0
9050,7883,Roopa Gowda,54,F,0
9051,7884,Girish Setty,62,M,0
9052,7885,Radha Shetty,52,F,0
9053,7886,Shivaraj Hegde,69,M,0
9054,7886,Basavaraj Naidu,50,M,0
9055,7887,Anil Gowda,57,M,0
9056,7888,Kavya Murthy,51,F,0
9057,7889,Radha Gowda,71,F,0
9058,7890,Anita Shetty,9,F,0
9059,7891,Nagaraj Murthy,21,M,0
9060,7891,Nandini Gowda,45,F,0
9061,7892,Yogesh Reddy,51,M,0
9062,7893,Srinivas Achar,24,M,0
9063,7894,Pooja Patil,7,F,0
9064,7895,Chaya Murthy,43,F,0
9065,7895,Shivaraj Gowda,15,M,0
9066,7896,Shwetha Patil,47,F,0
9067,7897,Geeta Kumar,30,F,0
9068,7898,Priya Rao,16,F,0
9069,7899,Anita Gowda,75,F,0
9070,7900,Yogesh Shetty,23,M,0
9071,7901,Sunita Poojary,14,F,0
9072,7902,Deepa Poojary,75,F,0
9073,7903,Nandini Naidu,39,F,0
9074,7904,Srinivas Rao,57,M,0
9075,7905,Shivaraj Kumar,62,M,0
9076,7905,Radha Hegde,32,F,0
9077,7906,Shivaraj Achar,59,M,0
9078,7907,Shobha Achar,69,F,0
9079,7907,Nagaraj Naidu,27,M,0
9080,7908,Suresh Setty,54,M,0
9081,7909,Anita Shetty,58,F,0
9082,7910,Harish Gowda,30,M,0
9083,7911,Prakash Iyer,62,M,0
9084,7912,Ramesh Hegde,6,M,0
9085,7913,Rekha Poojary,16,F,0
9086,7914,Deepa Achar,21,F,0
9087,7915,Deepa Reddy,18,F,0
9088,7916,Ramesh Naik,41,M,0
9089,7917,Bhagya Murthy,33,F,0
9090,7918,Anita Setty,48,F,0
9091,7919,Sowmya Shetty,26,F,0
9092,7920,Basavaraj Setty,18,M,0
9093,7921,Pooja Rao,44,F,0
9094,7922,Savitha Iyer,32,F,0
9095,7923,Girish Iyer,64,M,0
9096,7924,Geeta Setty,54,F,0
9097,7925,Anita Hegde,45,F,0
9098,7926,Prakash Naidu,11,M,0
9099,7927,Kavya Naik,56,F,0
9100,7928,Pooja Hegde,17,F,0
9101,7929,Basavaraj Reddy,64,M,0
9102,7930,Girish Naik,47,M,0
9103,7931,Sowmya Gowda,28,F,0
9104,7931,Anil Achar,21,M,0
9105,7932,Roopa Naik,21,F,0
9106,7933,Srinivas Poojary,72,M,0
9107,7933,Mahesh Murthy,28,M,0
9108,7934,Kavya Hegde,72,F,0
9109,7935,Pooja Iyer,56,F,0
9110,7936,Deepa Rao,33,F,0
9111,7936,Nandini Naidu,73,F,0
9112,7937,Srinivas Achar,58,M,0
9113,7938,Vijay Naidu,11,M,0
9114,7939,Deepa Bhat,54,F,0
9115,7940,Nagaraj Achar,72,M,0
9116,7941,Pooja Patil,67,F,0
9117,7942,Vijay Kumar,9,M,0
9118,7943,Shivaraj Gowda,26,M,0
9119,7944,Prakash Setty,58,M,0
9120,7945,Prakash Iyer,34,M,0
9121,7946,Savitha Achar,57,F,0
9122,7946,Girish Kumar,16,M,0
9123,7947,Manjunath Rao,43,M,0
9124,7948,Savitha Iyer,21,F,0
9125,7949,Sowmya Achar,10,F,0
9126,7949,Savitha Shetty,63,F,0
9127,7950,Raghu Poojary,48,M,0
9128,7951,Naveen Iyer,44,M,0
9129,7952,Anil Bhat,55,M,0
9130,7953,Sowmya Naidu,8,F,0
9131,7954,Raghu Achar,21,M,0
9132,7955,Vijay Patil,59,M,0
9133,7956,Ramesh Patil,35,M,0
9134,7957,Nagaraj Kumar,20,M,0
9135,7958,Ganesh Iyer,73,M,0
9136,7959,Geeta Patil,16,F,0
9137,7959,Deepa Hegde,21,F,0
9138,7960,Radha Setty,61,F,0
9139,7961,Srinivas Rao,9,M,0
9140,7961,Srinivas Reddy,61,M,0
9141,7962,Suresh Murthy,48,M,0
9142,7963,Priya Iyer,72,F,0
9143,7964,Chaya Kumar,20,F,0
9144,7965,Yogesh Bhat,66,M,0
9145,7966,Yogesh Naik,39,M,0
9146,7967,Bhagya Patil,74,F,0
9147,7968,Kumar Gowda,35,M,0
9148,7969,Manjula Hegde,56,F,0
9149,7970,Shivaraj Rao,8,M,0
9150,7971,Prakash Setty,39,M,0
9151,7972,Rekha Setty,61,F,0
9152,7973,Priya Achar,26,F,0
9153,7974,Deepa Hegde,51,F,0
9154,7975,Sunita Kumar,15,F,0
9155,7976,Harish Rao,24,M,0
9156,7977,Deepa Patil,52,F,0
9157,7978,Suresh Patil,26,M,0
9158,7979,Anil Bhat,5,M,0
9159,7979,Vidya Bhat,36,F,0
9160,7980,Vidya Reddy,75,F,0
9161,7981,Girish Iyer,43,M,0
9162,7981,Roopa Iyer,63,F,0
9163,7982,Priya Bhat,8,F,0
9164,7983,Kumar Patil,33,M,0
9165,7984,Radha Naik,75,F,0
9166,7984,Santosh Achar,13,M,0
9167,7985,Deepa Shetty,23,F,0
9168,7986,Shivaraj Poojary,61,M,0
9169,7987,Mahesh Naik,71,M,0
9170,7987,Shivaraj Kumar,42,M,0
9171,7988,Ganesh Murthy,27,M,0
9172,7989,Ramesh Rao,9,M,0
9173,7990,Suresh Bhat,39,M,0
9174,7991,Roopa Poojary,32,F,0
9175,7992,Shivaraj Naik,47,M,0
9176,7993,Girish Kumar,47,M,0
9177,7994,Shwetha Kumar,59,F,0
9178,7995,Radha Gowda,7,F,0
9179,7995,Roopa Gowda,17,F,0
9180,7996,Kumar Naidu,61,M,0
9181,7997,Naveen Achar,33,M,0
9182,7998,Basavaraj Gowda,31,M,0
9183,7998,Manjula Hegde,61,F,0
9184,7999,Shwetha Naik,41,F,0
9185,8000,Radha Naidu,69,F,0
9186,8001,Sunita Setty,58,F,0
9187,8001,Anita Setty,66,F,0
9188,8002,Yogesh Bhat,64,M,0
9189,8002,Basavaraj Poojary,26,M,0
9190,8003,Mahesh Hegde,63,M,0
9191,8003,Manjula Shetty,70,F,0
9192,8004,Nagaraj Kumar,6,M,0
9193,8005,Yogesh Murthy,30,M,0
9194,8006,Yogesh Naik,38,M,0
9195,8006,Nagaraj Poojary,29,M,0
9196,8007,Kumar Kumar,58,M,0
9197,8008,Vijay Patil,50,M,0
9198,8009,Prakash Rao,42,M,0
9199,8010,Santosh Hegde,43,M,0
9200,8011,Sowmya Murthy,41,F,0
9201,8012,Prakash Patil,67,M,0
9202,8013,Mahesh Hegde,56,M,0
9203,8014,Harish Gowda,74,M,0
9204,8014,Shivaraj Achar,71,M,0
9205,8015,Ganesh Kumar,29,M,0
9206,8016,Vidya Kumar,15,F,0
9207,8017,Vidya Poojary,68,F,0
9208,8018,Mahesh Iyer,57,M,0
9209,8018,Geeta Achar,45,F,0
9210,8019,Raghu Achar,31,M,0
9211,8019,Pooja Achar,49,F,0
9212,8020,Shwetha Setty,40,F,0
9213,8021,Basavaraj Patil,54,M,0
9214,8022,Manjula Bhat,46,F,0
9215,8023,Rekha Naidu,73,F,0
9216,8024,Mahesh Iyer,49,M,0
9217,8025,Manjunath Iyer,7,M,0
9218,8026,Girish Reddy,27,M,0
9219,8027,Girish Rao,27,M,0
9220,8028,Mahesh Reddy,68,M,0
9221,8029,Rekha Shetty,32,F,0
9222,8030,Srinivas Poojary,46,M,0
9223,8030,Srinivas Bhat,23,M,0
9224,8031,Raghu Murthy,57,M,0
9225,8031,Ravi Iyer,34,M,0
9226,8032,Nandini Kumar,22,F,0
9227,8033,Rekha Hegde,49,F,0
9228,8034,Pooja Gowda,62,F,0
9229,8035,Sowmya Murthy,15,F,0
9230,8035,Santosh Naidu,32,M,0
9231,8036,Mahesh Reddy,65,M,0
9232,8037,Shivaraj Shetty,70,M,0
9233,8038,Roopa Kumar,46,F,0
9234,8039,Yogesh Setty,74,M,0
9235,8040,Rekha Patil,37,F,0
9236,8041,Prakash Patil,9,M,0
9237,8041,Nagaraj Rao,73,M,0
9238,8042,Vidya Achar,5,F,0
9239,8043,Basavaraj Kumar,52,M,0
9240,8044,Sowmya Bhat,11,F,0
9241,8044,Sowmya Poojary,43,F,0
9242,8045,Mahesh Rao,51,M,0
9243,8046,Sowmya Bhat,50,F,0
9244,8047,Pooja Setty,17,F,0
9245,8048,Srinivas Gowda,61,M,0
9246,8049,Nagaraj Poojary,25,M,0
9247,8050,Nandini Iyer,62,F,0
9248,8051,Chaya Naik,49,F,0
9249,8051,Shwetha Poojary,58,F,0
9250,8052,Roopa Kumar,75,F,0
9251,8053,Anita Hegde,41,F,0
9252,8054,Suresh Murthy,10,M,0
9253,8054,Bhagya Naidu,54,F,0
9254,8055,Priya Setty,20,F,0
9255,8056,Santosh Patil,53,M,0
9256,8057,Pooja Murthy,8,F,0
9257,8058,Anita Iyer,14,F,0
9258,8059,Prakash Gowda,8,M,0
9259,8060,Sunita Setty,68,F,0
9260,8061,Nagaraj Bhat,24,M,0
9261,8062,Lakshmi Shetty,5,F,0
9262,8063,Basavaraj Bhat,9,M,0
9263,8064,Basavaraj Iyer,52,M,0
9264,8065,Kumar Setty,69,M,0
9265,8066,Pooja Shetty,44,F,0
9266,8067,Radha Shetty,13,F,0
9267,8067,Nandini Reddy,32,F,0
9268,8068,Geeta Iyer,71,F,0
9269,8069,Suresh Naik,43,M,0
9270,8070,Suresh Naik,17,M,0
9271,8071,Mahesh Setty,12,M,0
9272,8072,Raghu Reddy,38,M,0
9273,8073,Yogesh Iyer,41,M,0
9274,8074,Anita Naidu,29,F,0
9275,8074,Mahesh Murthy,8,M,0
9276,8075,Geeta Poojary,9,F,0
9277,8076,Chaya Patil,15,F,0
9278,8077,Ganesh Kumar,27,M,0
9279,8078,Harish Shetty,6,M,0
9280,8079,Sunita Hegde,53,F,0
9281,8080,Priya Hegde,47,F,0
9282,8080,Manjula Gowda,50,F,0
9283,8081,Pooja Iyer,51,F,0
9284,8082,Radha Murthy,23,F,0
9285,8083,Harish Shetty,41,M,0
9286,8084,Shobha Reddy,69,F,0
9287,8084,Kavya Rao,16,F,0
9288,8085,Chaya Naik,49,F,0
9289,8085,Manjula Setty,58,F,0
9290,8086,Srinivas Naidu,72,M,0
9291,8087,Vijay Patil,55,M,0
9292,8087,Roopa Rao,41,F,0
9293,8088,Manjunath Kumar,33,M,0
9294,8089,Manjunath Achar,66,M,0
9295,8090,Deepa Achar,16,F,0
9296,8091,Mahesh Gowda,27,M,0
9297,8092,Nagaraj Naik,41,M,0
9298,8093,Chaya Achar,66,F,0
9299,8094,Girish Iyer,6,M,0
9300,8095,Radha Patil,37,F,0
9301,8096,Kumar Kumar,17,M,0
9302,8096,Mahesh Poojary,33,M,0
9303,8097,Ganesh Naik,56,M,0
9304,8098,Geeta Hegde,66,F,0
9305,8099,Priya Naik,16,F,0
9306,8100,Vijay Setty,66,M,0
9307,8101,Raghu Setty,20,M,0
9308,8102,Geeta Naik,60,F,0
9309,8103,Nandini Achar,46,F,0
9310,8104,Deepa Hegde,42,F,0
9311,8105,Bhagya Murthy,42,F,0
9312,8106,Anil Kumar,74,M,0
9313,8107,Vidya Hegde,67,F,0
9314,8108,Rekha Kumar,29,F,0
9315,8109,Rekha Patil,69,F,0
9316,8110,Vidya Gowda,48,F,0
9317,8111,Sowmya Kumar,38,F,0
9318,8112,Priya Iyer,39,F,0
9319,8113,Pooja Naidu,59,F,0
9320,8114,Sunita Patil,22,F,0
9321,8115,Ganesh Reddy,51,M,0
9322,8115,Deepa Iyer,64,F,0
9323,8116,Radha Rao,49,F,0
9324,8117,Anita Bhat,42,F,0
9325,8118,Manjunath Murthy,11,M,0
9326,8119,Vijay Murthy,60,M,0
9327,8120,Yogesh Poojary,60,M,0
9328,8121,Anil Kumar,23,M,0
9329,8122,Naveen Naidu,24,M,0
9330,8122,Radha Gowda,72,F,0
9331,8123,Kavya Bhat,5,F,0
9332,8124,Deepa Hegde,60,F,0
9333,8124,Vijay Reddy,8,M,0
9334,8125,Basavaraj Reddy,43,M,0
9335,8126,Sowmya Gowda,43,F,0
9336,8127,Vidya Shetty,60,F,0
9337,8128,Girish Poojary,45,M,0
9338,8129,Srinivas Patil,23,M,0
9339,8129,Mahesh Kumar,32,M,0
9340,8130,Kavya Shetty,45,F,0
9341,8131,Bhagya Murthy,13,F,0
9342,8132,Ramesh Setty,56,M,0
9343,8133,Shobha Reddy,39,F,0
9344,8134,Anita Kumar,62,F,0
9345,8134,Manjula Poojary,58,F,0
9346,8135,Pooja Bhat,25,F,0
9347,8136,Santosh Shetty,73,M,0
9348,8137,Bhagya Rao,36,F,0
9349,8138,Vidya Bhat,60,F,0
9350,8138,Basavaraj Shetty,36,M,0
9351,8139,Shivaraj Murthy,33,M,0
9352,8140,Deepa Poojary,46,F,0
9353,8141,Radha Reddy,44,F,0
9354,8142,Yogesh Hegde,6,M,0
9355,8143,Anil Naik,11,M,0
9356,8144,Anil Iyer,41,M,0
9357,8145,Yogesh Achar,46,M,0
9358,8146,Ramesh Iyer,59,M,0
9359,8147,Naveen Bhat,44,M,0
9360,8148,Srinivas Naidu,25,M,0
9361,8149,Ravi Naik,37,M,0
9362,8150,Kavya Patil,41,F,0
9363,8151,Vidya Murthy,72,F,0
9364,8151,Suresh Bhat,6,M,0
9365,8152,Savitha Murthy,54,F,0
9366,8153,Kumar Naik,64,M,0
9367,8154,Rekha Naidu,16,F,0
9368,8154,Vijay Kumar,6,M,0
9369,8155,Pooja Murthy,51,F,0
9370,8156,Prakash Shetty,73,M,0
9371,8156,Nagaraj Bhat,24,M,0
9372,8157,Kumar Poojary,31,M,0
9373,8158,Lakshmi Kumar,18,F,0
9374,8159,Naveen Shetty,59,M,0
9375,8160,Shivaraj Bhat,36,M,0
9376,8161,Manjunath Naik,71,M,0
9377,8162,Lakshmi Gowda,47,F,0
9378,8162,Basavaraj Kumar,30,M,0
9379,8163,Pooja Naik,36,F,0
9380,8164,Santosh Achar,29,M,0
9381,8165,Mahesh Reddy,19,M,0
9382,8166,Sunita Kumar,21,F,0
9383,8166,Suresh Poojary,73,M,0
9384,8167,Deepa Iyer,50,F,0
9385,8168,Nagaraj Achar,61,M,0
9386,8169,Mahesh Iyer,10,M,0
9387,8169,Ganesh Naidu,68,M,0
9388,8170,Anil Hegde,56,M,0
9389,8171,Kavya Bhat,27,F,0
9390,8172,Nagaraj Naik,18,M,0
9391,8173,Pooja Reddy,40,F,0
9392,8174,Raghu Murthy,61,M,0
9393,8175,Vidya Gowda,64,F,0
9394,8176,Manjunath Bhat,45,M,0
9395,8177,Bhagya Murthy,16,F,0
9396,8178,Geeta Gowda,74,F,0
9397,8178,Kavya Gowda,55,F,0
9398,8179,Lakshmi Rao,20,F,0
9399,8180,Prakash Rao,55,M,0
9400,8180,Ganesh Shetty,7,M,0
9401,8181,Ravi Kumar,27,M,0
9402,8182,Deepa Shetty,39,F,0
9403,8182,Shwetha Setty,23,F,0
9404,8183,Nagaraj Murthy,36,M,0
9405,8184,Nagaraj Setty,65,M,0
9406,8185,Basavaraj Shetty,11,M,0
9407,8186,Deepa Naidu,56,F,0
9408,8187,Geeta Patil,33,F,0
9409,8188,Shivaraj Rao,68,M,0
9410,8189,Geeta Naidu,37,F,0
9411,8190,Deepa Shetty,51,F,0
9412,8191,Deepa Shetty,75,F,0
9413,8192,Shivaraj Reddy,35,M,0
9414,8193,Srinivas Reddy,50,M,0
9415,8194,Santosh Rao,10,M,0
9416,8195,Kavya Naidu,57,F,0
9417,8196,Rekha Iyer,23,F,0
9418,8197,Savitha Naidu,56,F,0
9419,8197,Vidya Setty,24,F,0
9420,8198,Prakash Iyer,69,M,0
9421,8199,Harish Naidu,41,M,0
9422,8200,Vijay Poojary,7,M,0
9423,8201,Girish Kumar,21,M,0
9424,8201,Radha Shetty,14,F,0
9425,8202,Radha Kumar,24,F,0
9426,8203,Chaya Shetty,63,F,0
9427,8204,Naveen Poojary,71,M,0
9428,8205,Lakshmi Shetty,53,F,0
9429,8206,Rekha Setty,39,F,0
9430,8207,Shivaraj Naidu,25,M,0
9431,8208,Kumar Iyer,72,M,0
9432,8208,Priya Kumar,15,F,0
9433,8209,Manjula Naik,44,F,0
9434,8210,Kavya Rao,49,F,0
9435,8211,Shwetha Naidu,52,F,0
9436,8212,Anil Shetty,71,M,0
9437,8213,Savitha Iyer,58,F,0
9438,8214,Sowmya Naik,69,F,0
9439,8215,Chaya Achar,7,F,0
9440,8216,Radha Bhat,35,F,0
9441,8217,Bhagya Murthy,15,F,0
9442,8218,Priya Bhat,28,F,0
9443,8219,Sowmya Bhat,22,F,0
9444,8220,Prakash Achar,24,M,0
9445,8221,Manjula Gowda,17,F,0
9446,8222,Nagaraj Patil,71,M,0
9447,8223,Kumar Setty,35,M,0
9448,8223,Vidya Poojary,6,F,0
9449,8224,Shivaraj Patil,10,M,0
9450,8225,Prakash Murthy,6,M,0
9451,8226,Pooja Naik,12,F,0
9452,8227,Vidya Rao,8,F,0
9453,8228,Manjula Reddy,10,F,0
9454,8228,Mahesh Poojary,71,M,0
9455,8229,Sowmya Setty,48,F,0
9456,8230,Anita Reddy,53,F,0
9457,8230,Manjula Patil,70,F,0
9458,8231,Ganesh Rao,50,M,0
9459,8232,Prakash Shetty,46,M,0
9460,8233,Nandini Achar,21,F,0
9461,8233,Kumar Shetty,32,M,0
9462,8234,Shobha Setty,10,F,0
9463,8235,Srinivas Achar,10,M,0
9464,8236,Girish Achar,63,M,0
9465,8237,Ravi Achar,5,M,0
9466,8238,Ramesh Rao,58,M,0
9467,8239,Vidya Naidu,38,F,0
9468,8240,Vijay Poojary,41,M,0
9469,8241,Anita Poojary,43,F,0
9470,8242,Radha Iyer,64,F,0
9471,8242,Ramesh Iyer,40,M,0
9472,8243,Ganesh Murthy,29,M,0
9473,8244,Manjula Naidu,68,F,0
9474,8245,Sunita Kumar,63,F,0
9475,8246,Chaya Murthy,31,F,0
9476,8247,Priya Bhat,28,F,0
9477,8248,Radha Murthy,52,F,0
9478,8249,Shivaraj Murthy,43,M,0
9479,8250,Prakash Naidu,37,M,0
9480,8251,Basavaraj Shetty,31,M,0
9481,8252,Shivaraj Bhat,71,M,0
9482,8252,Ganesh Poojary,17,M,0
9483,8253,Suresh Iyer,44,M,0
9484,8254,Deepa Rao,62,F,0
9485,8255,Santosh Poojary,37,M,0
9486,8256,Ganesh Setty,11,M,0
9487,8256,Sunita Reddy,33,F,0
9488,8257,Nagaraj Gowda,72,M,0
9489,8258,Santosh Naik,19,M,0
9490,8259,Deepa Rao,32,F,0
9491,8260,Geeta Reddy,44,F,0
9492,8261,Suresh Reddy,58,M,0
9493,8262,Raghu Gowda,29,M,0
9494,8262,Geeta Murthy,23,F,0
9495,8263,Kavya Poojary,46,F,0
9496,8263,Ramesh Naidu,59,M,0
9497,8264,Ganesh Patil,58,M,0
9498,8265,Nandini Patil,22,F,0
9499,8266,Anil Bhat,20,M,0
9500,8267,Kumar Bhat,8,M,0
9501,8268,Naveen Naidu,40,M,0
9502,8269,Ganesh Murthy,11,M,0
9503,8270,Nandini Kumar,42,F,0
9504,8271,Bhagya Shetty,35,F,0
9505,8272,Harish Gowda,62,M,0
9506,8273,Manjula Patil,27,F,0
9507,8273,Geeta Poojary,45,F,0
9508,8274,Chaya Setty,64,F,0
9509,8275,Mahesh Murthy,48,M,0
9510,8276,Yogesh Bhat,55,M,0
9511,8277,Shivaraj Kumar,38,M,0
9512,8278,Geeta Setty,54,F,0
9513,8279,Santosh Poojary,58,M,0
9514,8280,Rekha Achar,12,F,0
9515,8281,Anita Reddy,10,F,0
9516,8282,Sowmya Poojary,9,F,0
9517,8283,Yogesh Bhat,7,M,0
9518,8284,Raghu Murthy,74,M,0
9519,8284,Naveen Reddy,41,M,0
9520,8285,Manjula Rao,5,F,0
9521,8286,Pooja Hegde,66,F,0
9522,8287,Shivaraj Patil,11,M,0
9523,8288,Srinivas Hegde,18,M,0
9524,8289,Radha Iyer,75,F,0
9525,8290,Harish Setty,5,M,0
9526,8291,Ganesh Shetty,41,M,0
9527,8291,Vidya Murthy,66,F,0
9528,8292,Deepa Setty,58,F,0
9529,8292,Santosh Reddy,33,M,0
9530,8293,Chaya Kumar,61,F,0
9531,8293,Vidya Reddy,74,F,0
9532,8294,Sunita Setty,14,F,0
9533,8295,Manjunath Hegde,50,M,0
9534,8296,Savitha Hegde,37,F,0
9535,8297,Naveen Gowda,34,M,0
9536,8298,Kavya Poojary,61,F,0
9537,8298,Manjula Naik,33,F,0
9538,8299,Deepa Bhat,22,F,0
9539,8300,Ramesh Achar,44,M,0
9540,8301,Suresh Naik,72,M,0
9541,8302,Pooja Reddy,19,F,0
9542,8303,Anita Achar,14,F,0
9543,8304,Sowmya Patil,16,F,0
9544,8305,Roopa Naidu,41,F,0
9545,8306,Sowmya Hegde,39,F,0
9546,8307,Shobha Murthy,29,F,0
9547,8308,Raghu Murthy,8,M,0
9548,8309,Deepa Bhat,48,F,0
9549,8310,Raghu Setty,61,M,0
9550,8311,Roopa Hegde,36,F,0
9551,8311,Bhagya Achar,35,F,0
9552,8312,Vidya Hegde,51,F,0
9553,8313,Shwetha Gowda,17,F,0
9554,8314,Geeta Kumar,15,F,0
9555,8314,Vijay Naidu,25,M,0
9556,8315,Rekha Iyer,14,F,0
9557,8315,Basavaraj Shetty,27,M,0
9558,8316,Manjula Rao,28,F,0
9559,8317,Deepa Iyer,46,F,0
9560,8317,Geeta Patil,44,F,0
9561,8318,Deepa Gowda,46,F,0
9562,8319,Mahesh Rao,41,M,0
9563,8320,Nandini Achar,58,F,0
9564,8321,Suresh Poojary,21,M,0
9565,8322,Sowmya Hegde,50,F,0
9566,8323,Chaya Patil,5,F,0
9567,8324,Manjunath Bhat,38,M,0
9568,8325,Prakash Naik,60,M,0
9569,8326,Mahesh Kumar,44,M,0
9570,8327,Basavaraj Reddy,45,M,0
9571,8328,Harish Reddy,10,M,0
9572,8329,Kumar Reddy,27,M,0
9573,8329,Naveen Patil,57,M,0
9574,8330,Ramesh Naik,21,M,0
9575,8331,Pooja Shetty,24,F,0
9576,8332,Ganesh Patil,5,M,0
9577,8333,Harish Patil,73,M,0
9578,8334,Deepa Rao,75,F,0
9579,8335,Anita Naidu,14,F,0
9580,8336,Basavaraj Naidu,11,M,0
9581,8337,Shobha Naik,9,F,0
9582,8338,Nandini Shetty,63,F,0
9583,8338,Shobha Kumar,24,F,0
9584,8339,Savitha Rao,42,F,0
9585,8340,Geeta Shetty,54,F,0
9586,8341,Shivaraj Gowda,14,M,0
9587,8342,Prakash Kumar,10,M,0
9588,8343,Savitha Shetty,37,F,0
9589,8344,Basavaraj Hegde,65,M,0
9590,8345,Rekha Patil,5,F,0
9591,8345,Vidya Hegde,49,F,0
9592,8346,Deepa Bhat,33,F,0
9593,8346,Kumar Patil,74,M,0
9594,8347,Rekha Rao,11,F,0
9595,8348,Basavaraj Rao,40,M,0
9596,8349,Manjula Iyer,41,F,0
9597,8350,Manjula Achar,32,F,0
9598,8350,Geeta Patil,12,F,0
9599,8351,Suresh Murthy,46,M,0
9600,8352,Roopa Kumar,32,F,0
9601,8353,Shivaraj Reddy,43,M,0
9602,8354,Rekha Shetty,54,F,0
9603,8355,Naveen Setty,25,M,0
9604,8356,Suresh Reddy,58,M,0
9605,8357,Chaya Naik,11,F,0
9606,8358,Priya Murthy,55,F,0
9607,8359,Deepa Kumar,68,F,0
9608,8360,Bhagya Naidu,33,F,0
9609,8361,Shobha Patil,64,F,0
9610,8362,Anita Hegde,27,F,0
9611,8363,Anita Naik,48,F,0
9612,8364,Lakshmi Poojary,69,F,0
9613,8364,Rekha Naidu,51,F,0
9614,8365,Mahesh Gowda,56,M,0
9615,8366,Savitha Bhat,13,F,0
9616,8367,Savitha Naik,41,F,0
9617,8368,Manjula Rao,49,F,0
9618,8369,Naveen Reddy,24,M,0
9619,8370,Ramesh Gowda,17,M,0
9620,8371,Shwetha Rao,40,F,0
9621,8372,Harish Naidu,7,M,0
9622,8373,Priya Poojary,44,F,0
9623,8374,Bhagya Achar,37,F,0
9624,8375,Ramesh Achar,27,M,0
9625,8376,Kavya Naik,32,F,0
9626,8377,Bhagya Gowda,12,F,0
9627,8378,Kavya Reddy,10,F,0
9628,8379,Shobha Patil,49,F,0
9629,8380,Harish Reddy,71,M,0
9630,8381,Harish Bhat,47,M,0
9631,8382,Mahesh Achar,48,M,0
9632,8383,Kumar Murthy,46,M,0
9633,8384,Nagaraj Naik,10,M,0
9634,8384,Deepa Murthy,71,F,0
9635,8385,Anil Shetty,36,M,0
9636,8386,Priya Murthy,17,F,0
9637,8387,Nandini Patil,23,F,0
9638,8388,Santosh Shetty,58,M,0
9639,8389,Sunita Reddy,60,F,0
9640,8390,Basavaraj Rao,74,M,0
9641,8391,Vijay Gowda,37,M,0
9642,8392,Mahesh Setty,69,M,0
9643,8393,Yogesh Shetty,10,M,0
9644,8394,Ramesh Kumar,46,M,0
9645,8395,Nandini Reddy,59,F,0
9646,8396,Shwetha Setty,12,F,0
9647,8397,Lakshmi Poojary,47,F,0
9648,8398,Ravi Murthy,49,M,0
9649,8399,Chaya Hegde,19,F,0
9650,8400,Srinivas Gowda,70,M,0
9651,8401,Manjunath Murthy,70,M,0
9652,8402,Nagaraj Naidu,32,M,0
9653,8403,Priya Hegde,55,F,0
9654,8404,Vidya Gowda,43,F,0
9655,8405,Raghu Gowda,75,M,0
9656,8406,Shobha Setty,66,F,0
9657,8406,Chaya Kumar,43,F,0
9658,8407,Nandini Shetty,18,F,0
9659,8408,Nagaraj Iyer,49,M,0
9660,8409,Vijay Naik,60,M,0
9661,8410,Ganesh Shetty,75,M,0
9662,8411,Harish Naidu,42,M,0
9663,8412,Vidya Hegde,30,F,0
9664,8413,Ramesh Patil,30,M,0
9665,8414,Vidya Naik,34,F,0
9666,8414,Manjula Poojary,34,F,0
9667,8415,Santosh Reddy,61,M,0
9668,8416,Kumar Setty,41,M,0
9669,8417,Manjunath Murthy,45,M,0
9670,8418,Bhagya Rao,45,F,0
9671,8419,Geeta Hegde,54,F,0
9672,8420,Priya Iyer,9,F,0
9673,8421,Raghu Murthy,21,M,0
9674,8422,Kavya Patil,64,F,0
9675,8423,Savitha Reddy,40,F,0
9676,8423,Roopa Setty,25,F,0
9677,8424,Manjula Shetty,10,F,0
9678,8425,Radha Rao,57,F,0
9679,8426,Sowmya Bhat,31,F,0
9680,8427,Santosh Naik,45,M,0
9681,8428,Srinivas Naik,52,M,0
9682,8429,Anil Bhat,27,M,0
9683,8430,Shwetha Shetty,12,F,0
9684,8431,Deepa Murthy,26,F,0
9685,8431,Shwetha Bhat,71,F,0
9686,8432,Anita Murthy,49,F,0
9687,8433,Anil Shetty,11,M,0
9688,8434,Roopa Achar,68,F,0
9689,8435,Harish Reddy,72,M,0
9690,8436,Srinivas Poojary,43,M,0
9691,8437,Kavya Rao,40,F,0
9692,8438,Vidya Achar,70,F,0
9693,8439,Vijay Achar,26,M,0
9694,8440,Anil Achar,75,M,0
9695,8441,Geeta Iyer,45,F,0
9696,8442,Harish Iyer,57,M,0
9697,8443,Naveen Gowda,34,M,0
9698,8444,Basavaraj Shetty,49,M,0
9699,8445,Ganesh Achar,30,M,0
9700,8446,Shobha Patil,38,F,0
9701,8447,Yogesh Setty,16,M,0
9702,8448,Manjula Patil,57,F,0
9703,8449,Bhagya Achar,13,F,0
9704,8450,Nagaraj Rao,19,M,0
9705,8451,Naveen Naidu,13,M,0
9706,8452,Shivaraj Murthy,42,M,0
9707,8452,Rekha Kumar,60,F,0
9708,8453,Vijay Iyer,37,M,0
9709,8454,Vijay Naik,66,M,0
9710,8455,Suresh Kumar,44,M,0
9711,8456,Shobha Naik,42,F,0
9712,8457,Geeta Achar,48,F,0
9713,8458,Anil Bhat,62,M,0
9714,8459,Anil Naik,38,M,0
9715,8460,Manjula Setty,53,F,0
9716,8461,Chaya Bhat,57,F,0
9717,8462,Manjunath Naidu,71,M,0
9718,8463,Manjunath Gowda,29,M,0
9719,8464,Shivaraj Naidu,27,M,0
9720,8465,Kavya Reddy,40,F,0
9721,8466,Rekha Gowda,43,F,0
9722,8467,Deepa Naidu,27,F,0
9723,8468,Shivaraj Patil,17,M,0
9724,8468,Raghu Achar,6,M,0
9725,8469,Manjunath Gowda,39,M,0
9726,8470,Ganesh Gowda,5,M,0
9727,8471,Basavaraj Bhat,43,M,0
9728,8471,Rekha Rao,35,F,0
9729,8472,Vidya Iyer,71,F,0
9730,8473,Pooja Naidu,8,F,0
9731,8474,Mahesh Hegde,40,M,0
9732,8475,Deepa Shetty,28,F,0
9733,8475,Vidya Rao,65,F,0
9734,8476,Basavaraj Rao,34,M,0
9735,8477,Ravi Reddy,60,M,0
9736,8478,Ganesh Murthy,45,M,0
9737,8479,Shwetha Achar,25,F,0
9738,8479,Vidya Setty,17,F,0
9739,8480,Savitha Kumar,40,F,0
9740,8481,Nagaraj Reddy,23,M,0
9741,8482,Bhagya Achar,23,F,0
9742,8483,Bhagya Patil,65,F,0
9743,8483,Manjula Iyer,45,F,0
9744,8484,Srinivas Iyer,31,M,0
9745,8485,Radha Patil,64,F,0
9746,8485,Basavaraj Gowda,63,M,0
9747,8486,Roopa Iyer,47,F,0
9748,8487,Bhagya Achar,10,F,0
9749,8488,Anita Murthy,8,F,0
9750,8489,Geeta Achar,23,F,0
9751,8490,Basavaraj Iyer,33,M,0
9752,8490,Bhagya Naidu,71,F,0
9753,8491,Raghu Gowda,55,M,0
9754,8492,Manjunath Shetty,64,M,0
9755,8493,Radha Reddy,26,F,0
9756,8494,Sunita Hegde,75,F,0
9757,8495,Anita Naidu,58,F,0
9758,8496,Shobha Poojary,19,F,0
9759,8497,Raghu Gowda,28,M,0
9760,8498,Ramesh Shetty,58,M,0
9761,8499,Ravi Poojary,50,M,0
9762,8500,Shobha Reddy,33,F,0
9763,8501,Savitha Naidu,41,F,0
9764,8502,Chaya Shetty,39,F,0
9765,8503,Raghu Achar,62,M,0
9766,8504,Mahesh Kumar,10,M,0
9767,8504,Nagaraj Bhat,63,M,0
9768,8505,Anita Patil,42,F,0
9769,8506,Priya Rao,31,F,0
9770,8507,Priya Setty,61,F,0
9771,8508,Vijay Setty,10,M,0
9772,8508,Kumar Shetty,25,M,0
9773,8509,Lakshmi Murthy,44,F,0
9774,8509,Suresh Hegde,37,M,0
9775,8510,Yogesh Rao,53,M,0
9776,8511,Yogesh Bhat,40,M,0
9777,8512,Manjula Rao,38,F,0
9778,8513,Prakash Murthy,43,M,0
9779,8514,Priya Bhat,72,F,0
9780,8515,Anita Patil,45,F,0
9781,8516,Yogesh Bhat,33,M,0
9782,8516,Vidya Murthy,14,F,0
9783,8517,Vidya Naidu,29,F,0
9784,8518,Ramesh Naidu,21,M,0
9785,8519,Nandini Naik,45,F,0
9786,8519,Suresh Bhat,46,M,0
9787,8520,Naveen Murthy,46,M,0
9788,8521,Roopa Rao,26,F,0
9789,8522,Savitha Patil,29,F,0
9790,8523,Shivaraj Gowda,45,M,0
9791,8524,Rekha Poojary,55,F,0
9792,8525,Mahesh Patil,18,M,0
9793,8526,Geeta Naidu,33,F,0
9794,8527,Priya Bhat,54,F,0
9795,8528,Nandini Shetty,74,F,0
9796,8529,Nagaraj Poojary,6,M,0
9797,8530,Prakash Murthy,65,M,0
9798,8531,Shivaraj Naidu,11,M,0
9799,8532,Radha Iyer,41,F,0
9800,8533,Ramesh Iyer,29,M,0
9801,8534,Shobha Gowda,73,F,0
9802,8535,Nagaraj Naik,72,M,0
9803,8536,Priya Rao,6,F,0
9804,8537,Yogesh Reddy,28,M,0
9805,8538,Roopa Hegde,24,F,0
9806,8539,Ravi Setty,23,M,0
9807,8540,Ganesh Kumar,57,M,0
9808,8541,Rekha Poojary,10,F,0
9809,8542,Vidya Setty,43,F,0
9810,8543,Raghu Reddy,11,M,0
9811,8544,Savitha Poojary,38,F,0
9812,8544,Kumar Poojary,73,M,0
9813,8545,Girish Gowda,32,M,0
9814,8546,Manjula Achar,58,F,0
9815,8546,Vidya Achar,49,F,0
9816,8547,Prakash Iyer,65,M,0
9817,8548,Manjula Setty,44,F,0
9818,8549,Harish Naik,33,M,0
9819,8550,Mahesh Patil,14,M,0
9820,8551,Anil Hegde,14,M,0
9821,8552,Bhagya Achar,16,F,0
9822,8553,Girish Naik,16,M,0
9823,8553,Pooja Gowda,59,F,0
9824,8554,Geeta Gowda,22,F,0
9825,8555,Sowmya Shetty,37,F,0
9826,8556,Mahesh Rao,69,M,0
9827,8557,Yogesh Setty,53,M,0
9828,8558,Shivaraj Reddy,73,M,0
9829,8558,Srinivas Reddy,49,M,0
9830,8559,Vijay Achar,36,M,0
9831,8560,Manjunath Gowda,61,M,0
9832,8560,Mahesh Naidu,21,M,0
9833,8561,Shivaraj Kumar,22,M,0
9834,8561,Lakshmi Poojary,19,F,0
9835,8562,Raghu Naik,22,M,0
9836,8563,Roopa Reddy,41,F,0
9837,8564,Ganesh Rao,45,M,0
9838,8565,Yogesh Patil,60,M,0
9839,8566,Sowmya Iyer,54,F,0
9840,8567,Srinivas Bhat,57,M,0
9841,8567,Vidya Rao,64,F,0
9842,8568,Chaya Naidu,27,F,0
9843,8568,Manjunath Iyer,37,M,0
9844,8569,Sunita Iyer,22,F,0
9845,8570,Yogesh Bhat,68,M,0
9846,8571,Nagaraj Hegde,34,M,0
9847,8572,Anil Patil,20,M,0
9848,8572,Priya Naidu,20,F,0
9849,8573,Yogesh Shetty,14,M,0
9850,8574,Radha Patil,69,F,0
9851,8574,Srinivas Poojary,61,M,0
9852,8575,Radha Hegde,34,F,0
9853,8575,Roopa Hegde,64,F,0
9854,8576,Srinivas Reddy,37,M,0
9855,8577,Yogesh Iyer,32,M,0
9856,8578,Ganesh Murthy,20,M,0
9857,8579,Vidya Naik,24,F,0
9858,8580,Shobha Poojary,15,F,0
9859,8581,Sunita Achar,44,F,0
9860,8582,Manjula Iyer,58,F,0
9861,8583,Harish Patil,25,M,0
9862,8584,Nagaraj Setty,44,M,0
9863,8585,Shivaraj Achar,60,M,0
9864,8586,Manjunath Murthy,7,M,0
9865,8587,Sunita Gowda,59,F,0
9866,8588,Yogesh Reddy,33,M,0
9867,8589,Kumar Poojary,72,M,0
9868,8590,Kumar Bhat,74,M,0
9869,8591,Raghu Bhat,17,M,0
9870,8592,Anil Kumar,15,M,0
9871,8592,Priya Iyer,51,F,0
9872,8593,Nagaraj Rao,46,M,0
9873,8594,Santosh Kumar,73,M,0
9874,8595,Santosh Achar,31,M,0
9875,8595,Priya Iyer,19,F,0
9876,8596,Basavaraj Gowda,46,M,0
9877,8597,Harish Iyer,12,M,0
9878,8598,Vidya Shetty,10,F,0
9879,8599,Deepa Achar,44,F,0
9880,8600,Vijay Shetty,14,M,0
9881,8600,Kavya Naik,5,F,0
9882,8601,Raghu Patil,56,M,0
9883,8602,Geeta Rao,65,F,0
9884,8603,Basavaraj Hegde,69,M,0
9885,8604,Lakshmi Murthy,28,F,0
9886,8604,Srinivas Setty,44,M,0
9887,8605,Nandini Naidu,50,F,0
9888,8606,Deepa Bhat,38,F,0
9889,8607,Shwetha Setty,13,F,0
9890,8608,Naveen Hegde,16,M,0
9891,8609,Yogesh Shetty,50,M,0
9892,8609,Santosh Naidu,69,M,0
9893,8610,Mahesh Setty,5,M,0
9894,8611,Rekha Setty,43,F,0
9895,8612,Ravi Bhat,58,M,0
9896,8613,Yogesh Hegde,46,M,0
9897,8614,Rekha Reddy,16,F,0
9898,8614,Bhagya Shetty,36,F,0
9899,8615,Ganesh Iyer,7,M,0
9900,8616,Chaya Setty,31,F,0
9901,8617,Nagaraj Patil,11,M,0
9902,8617,Kavya Patil,13,F,0
9903,8618,Naveen Naidu,14,M,0
9904,8619,Rekha Naik,33,F,0
9905,8620,Roopa Shetty,12,F,0
9906,8621,Basavaraj Naik,75,M,0
9907,8622,Ravi Hegde,54,M,0
9908,8623,Shobha Hegde,68,F,0
9909,8623,Girish Kumar,71,M,0
9910,8624,Santosh Reddy,48,M,0
9911,8625,Pooja Poojary,18,F,0
9912,8626,Yogesh Iyer,39,M,0
9913,8627,Santosh Hegde,55,M,0
9914,8628,Shivaraj Shetty,32,M,0
9915,8628,Kavya Reddy,56,F,0
9916,8629,Ganesh Reddy,52,M,0
9917,8630,Rekha Naidu,50,F,0
9918,8631,Kavya Reddy,65,F,0
9919,8632,Yogesh Poojary,75,M,0
9920,8633,Vijay Naik,51,M,0
9921,8634,Sowmya Iyer,38,F,0
9922,8635,Lakshmi Iyer,70,F,0
9923,8636,Geeta Gowda,12,F,0
9924,8636,Shobha Gowda,72,F,0
9925,8637,Lakshmi Poojary,75,F,0
9926,8638,Kumar Rao,20,M,0
9927,8639,Lakshmi Reddy,49,F,0
9928,8640,Radha Bhat,60,F,0
9929,8641,Manjula Patil,48,F,0
9930,8642,Radha Bhat,27,F,0
9931,8643,Srinivas Poojary,43,M,0
9932,8644,Harish Naik,46,M,0
9933,8645,Pooja Reddy,45,F,0
9934,8646,Shwetha Hegde,41,F,0
9935,8647,Suresh Naik,16,M,0
9936,8648,Shobha Hegde,49,F,0
9937,8649,Nagaraj Naidu,29,M,0
9938,8649,Vijay Setty,56,M,0
9939,8650,Prakash Shetty,72,M,0
9940,8650,Chaya Hegde,62,F,0
9941,8651,Santosh Iyer,48,M,0
9942,8652,Prakash Shetty,41,M,0
9943,8652,Radha Reddy,64,F,0
9944,8653,Savitha Gowda,52,F,0
9945,8654,Rekha Poojary,75,F,0
9946,8655,Manjula Achar,72,F,0
9947,8655,Mahesh Bhat,32,M,0
9948,8656,Srinivas Gowda,67,M,0
9949,8657,Sowmya Patil,72,F,0
9950,8658,Nagaraj Naik,57,M,0
9951,8658,Harish Setty,40,M,0
9952,8659,Girish Patil,39,M,0
9953,8660,Vijay Murthy,28,M,0
9954,8661,Lakshmi Shetty,42,F,0
9955,8662,Santosh Iyer,8,M,0
9956,8663,Shivaraj Bhat,10,M,0
9957,8664,Sowmya Shetty,57,F,0
9958,8665,Prakash Hegde,9,M,0
9959,8666,Shobha Shetty,55,F,0
9960,8667,Shobha Bhat,56,F,0
9961,8668,Prakash Achar,41,M,0
9962,8669,Suresh Poojary,20,M,0
9963,8670,Shwetha Poojary,26,F,0
9964,8671,Geeta Naik,54,F,0
9965,8672,Vidya Naidu,54,F,0
9966,8673,Sowmya Setty,46,F,0
9967,8674,Shobha Shetty,19,F,0
9968,8675,Geeta Murthy,71,F,0
9969,8676,Srinivas Rao,72,M,0
9970,8677,Radha Reddy,56,F,0
9971,8678,Srinivas Murthy,67,M,0
9972,8679,Vijay Rao,28,M,0
9973,8680,Priya Iyer,61,F,0
9974,8681,Basavaraj Setty,20,M,0
9975,8682,Vijay Reddy,45,M,0
9976,8682,Srinivas Setty,68,M,0
9977,8683,Naveen Gowda,13,M,0
9978,8684,Geeta Hegde,42,F,0
9979,8685,Shivaraj Rao,44,M,0
9980,8686,Yogesh Naik,43,M,0
9981,8686,Bhagya Murthy,26,F,0
9982,8687,Anita Gowda,8,F,0
9983,8688,Sowmya Bhat,20,F,0
9984,8689,Bhagya Achar,34,F,0
9985,8690,Naveen Naik,39,M,0
9986,8691,Yogesh Murthy,38,M,0
9987,8692,Nagaraj Naidu,61,M,0
9988,8692,Lakshmi Reddy,21,F,0
9989,8693,Prakash Naidu,67,M,0
9990,8694,Raghu Iyer,20,M,0
9991,8695,Radha Kumar,24,F,0
9992,8696,Suresh Murthy,46,M,0
9993,8697,Radha Bhat,72,F,0
9994,8698,Anita Kumar,11,F,0
9995,8699,Shobha Hegde,72,F,0
9996,8700,Nagaraj Rao,63,M,0
9997,8700,Harish Gowda,42,M,0
9998,8701,Ganesh Shetty,51,M,0
9999,8702,Nandini Bhat,75,F,0
10000,8703,Roopa Bhat,56,F,0
10001,8703,Pooja Bhat,37,F,0
10002,8704,Nagaraj Reddy,24,M,0
10003,8705,Geeta Shetty,26,F,0
10004,8706,Raghu Naik,46,M,0
10005,8707,Harish Achar,44,M,0
10006,8707,Raghu Rao,54,M,0
10007,8708,Santosh Iyer,44,M,0
10008,8708,Raghu Gowda,40,M,0
10009,8709,Nandini Kumar,26,F,0
10010,8710,Srinivas Iyer,71,M,0
10011,8710,Suresh Poojary,47,M,0
10012,8711,Manjula Poojary,42,F,0
10013,8712,Kavya Rao,50,F,0
10014,8713,Sunita Rao,73,F,0
10015,8714,Raghu Iyer,36,M,0
10016,8715,Yogesh Shetty,38,M,0
10017,8716,Vidya Achar,15,F,0
10018,8717,Ravi Gowda,30,M,0
10019,8718,Harish Hegde,26,M,0
10020,8719,Harish Gowda,5,M,0
10021,8720,Raghu Kumar,5,M,0
10022,8721,Rekha Gowda,21,F,0
10023,8722,Kumar Gowda,9,M,0
10024,8723,Ganesh Gowda,62,M,0
10025,8724,Geeta Iyer,57,F,0
10026,8725,Shwetha Gowda,37,F,0
10027,8726,Chaya Poojary,52,F,0
10028,8727,Raghu Naidu,29,M,0
10029,8728,Chaya Achar,57,F,0
10030,8729,Anil Naik,52,M,0
10031,8729,Shivaraj Gowda,50,M,0
10032,8730,Nandini Gowda,48,F,0
10033,8731,Prakash Achar,74,M,0
10034,8732,Vidya Setty,12,F,0
10035,8733,Raghu Rao,35,M,0
10036,8734,Anita Iyer,18,F,0
10037,8735,Nagaraj Murthy,35,M,0
10038,8736,Raghu Gowda,38,M,0
10039,8737,Srinivas Naik,36,M,0
10040,8738,Anita Reddy,61,F,0
10041,8739,Kumar Reddy,14,M,0
10042,8740,Shobha Iyer,65,F,0
10043,8740,Geeta Gowda,66,F,0
10044,8741,Mahesh Hegde,27,M,0
10045,8742,Pooja Poojary,25,F,0
10046,8743,Harish Shetty,60,M,0
10047,8744,Chaya Bhat,54,F,0
10048,8745,Anita Shetty,6,F,0
10049,8746,Naveen Hegde,71,M,0
10050,8747,Ravi Hegde,72,M,0
10051,8748,Priya Gowda,36,F,0
10052,8749,Mahesh Rao,62,M,0
10053,8750,Shwetha Bhat,74,F,0
10054,8751,Nandini Reddy,60,F,0
10055,8751,Harish Iyer,32,M,0
10056,8752,Geeta Iyer,75,F,0
10057,8753,Chaya Patil,29,F,0
10058,8753,Priya Naik,54,F,0
10059,8754,Shwetha Shetty,58,F,0
10060,8755,Radha Kumar,8,F,0
10061,8756,Kavya Iyer,30,F,0
10062,8757,Priya Rao,29,F,0
10063,8758,Srinivas Poojary,43,M,0
10064,8759,Priya Murthy,31,F,0
10065,8760,Anita Setty,75,F,0
10066,8761,Anil Bhat,20,M,0
10067,8762,Pooja Iyer,75,F,0
10068,8763,Kumar Naidu,73,M,0
10069,8764,Nandini Iyer,47,F,0
10070,8765,Kavya Naik,31,F,0
10071,8766,Chaya Patil,66,F,0
10072,8767,Rekha Achar,45,F,0
10073,8768,Ramesh Reddy,75,M,0
10074,8769,Manjunath Poojary,6,M,0
10075,8770,Vidya Naik,24,F,0
10076,8770,Sunita Naik,10,F,0
10077,8771,Nandini Shetty,22,F,0
10078,8772,Radha Gowda,38,F,0
10079,8773,Kumar Murthy,7,M,0
10080,8774,Sowmya Patil,16,F,0
10081,8775,Shivaraj Shetty,44,M,0
10082,8776,Anita Bhat,8,F,0
10083,8777,Shobha Kumar,16,F,0
10084,8778,Mahesh Shetty,62,M,0
10085,8779,Roopa Naidu,14,F,0
10086,8780,Mahesh Setty,52,M,0
10087,8780,Ramesh Naik,71,M,0
10088,8781,Basavaraj Bhat,65,M,0
10089,8782,Sowmya Iyer,26,F,0
10090,8783,Santosh Poojary,36,M,0
10091,8784,Nandini Murthy,58,F,0
10092,8784,Prakash Patil,51,M,0
10093,8785,Ganesh Patil,59,M,0
10094,8786,Ganesh Kumar,75,M,0
10095,8787,Yogesh Naik,45,M,0
10096,8788,Rekha Bhat,11,F,0
10097,8789,Yogesh Rao,59,M,0
10098,8790,Nagaraj Murthy,52,M,0
10099,8791,Prakash Hegde,60,M,0
10100,8792,Chaya Rao,68,F,0
10101,8793,Naveen Poojary,47,M,0
10102,8794,Santosh Patil,48,M,0
10103,8795,Ganesh Shetty,48,M,0
10104,8796,Geeta Bhat,48,F,0
10105,8797,Deepa Achar,54,F,0
10106,8798,Raghu Gowda,12,M,0
10107,8799,Ganesh Setty,56,M,0
10108,8799,Shwetha Iyer,9,F,0
10109,8800,Chaya Murthy,26,F,0
10110,8800,Vijay Setty,62,M,0
10111,8801,Shivaraj Reddy,74,M,0
10112,8802,Radha Murthy,20,F,0
10113,8803,Nandini Naidu,67,F,0
10114,8804,Rekha Kumar,21,F,0
10115,8804,Santosh Bhat,49,M,0
10116,8805,Ramesh Murthy,34,M,0
10117,8806,Raghu Reddy,59,M,0
10118,8806,Vidya Naik,62,F,0
10119,8807,Naveen Setty,39,M,0
10120,8808,Chaya Murthy,57,F,0
10121,8809,Anita Setty,7,F,0
10122,8810,Srinivas Achar,46,M,0
10123,8811,Manjula Shetty,31,F,0
10124,8812,Basavaraj Naik,64,M,0
10125,8812,Chaya Murthy,55,F,0
10126,8813,Vidya Patil,74,F,0
10127,8814,Srinivas Reddy,10,M,0
10128,8815,Vidya Setty,57,F,0
10129,8816,Anita Naik,13,F,0
10130,8816,Chaya Achar,61,F,0
10131,8817,Manjunath Naidu,50,M,0
10132,8818,Santosh Reddy,43,M,0
10133,8819,Ravi Kumar,29,M,0
10134,8820,Rekha Iyer,50,F,0
10135,8821,Santosh Poojary,34,M,0
10136,8822,Anil Naik,25,M,0
10137,8823,Santosh Achar,18,M,0
10138,8824,Nandini Achar,22,F,0
10139,8824,Kavya Kumar,63,F,0
10140,8825,Ganesh Rao,8,M,0
10141,8826,Sunita Shetty,46,F,0
10142,8827,Vidya Reddy,26,F,0
10143,8828,Shobha Iyer,5,F,0
10144,8829,Geeta Rao,15,F,0
10145,8830,Yogesh Patil,40,M,0
10146,8831,Manjunath Naidu,61,M,0
10147,8832,Shwetha Reddy,46,F,0
10148,8833,Kumar Kumar,52,M,0
10149,8834,Radha Shetty,11,F,0
10150,8835,Shwetha Setty,74,F,0
10151,8835,Chaya Naik,49,F,0
10152,8836,Kumar Murthy,60,M,0
10153,8837,Vidya Setty,17,F,0
10154,8838,Girish Murthy,16,M,0
10155,8839,Roopa Hegde,48,F,0
10156,8840,Santosh Murthy,15,M,0
10157,8841,Ramesh Setty,26,M,0
10158,8842,Sunita Hegde,43,F,0
10159,8843,Roopa Reddy,56,F,0
10160,8844,Prakash Murthy,12,M,0
10161,8845,Deepa Naik,25,F,0
10162,8846,Raghu Rao,41,M,0
10163,8847,Naveen Bhat,75,M,0
10164,8848,Ravi Bhat,29,M,0
10165,8849,Manjunath Iyer,42,M,0
10166,8849,Vidya Reddy,60,F,0
10167,8850,Yogesh Reddy,59,M,0
10168,8851,Santosh Hegde,48,M,0
10169,8852,Yogesh Poojary,24,M,0
10170,8853,Raghu Murthy,50,M,0
10171,8854,Bhagya Achar,64,F,0
10172,8855,Santosh Gowda,74,M,0
10173,8856,Raghu Gowda,30,M,0
10174,8857,Kavya Setty,19,F,0
10175,8858,Rekha Hegde,33,F,0
10176,8859,Priya Rao,59,F,0
10177,8860,Santosh Setty,31,M,0
10178,8861,Basavaraj Poojary,10,M,0
10179,8862,Shivaraj Naik,56,M,0
10180,8863,Nandini Rao,33,F,0
10181,8864,Shivaraj Kumar,60,M,0
10182,8864,Kavya Rao,30,F,0
10183,8865,Basavaraj Poojary,40,M,0
10184,8866,Nagaraj Iyer,21,M,0
10185,8867,Shobha Iyer,40,F,0
10186,8867,Raghu Patil,74,M,0
10187,8868,Kavya Hegde,65,F,0
10188,8869,Manjunath Achar,10,M,0
10189,8870,Harish Shetty,20,M,0
10190,8871,Sowmya Hegde,19,F,0
10191,8872,Vidya Bhat,42,F,0
10192,8873,Rekha Setty,58,F,0
10193,8874,Shwetha Setty,73,F,0
10194,8875,Manjula Shetty,15,F,0
10195,8875,Anil Shetty,24,M,0
10196,8876,Pooja Setty,67,F,0
10197,8877,Naveen Patil,52,M,0
10198,8877,Naveen Murthy,24,M,0
10199,8878,Ramesh Rao,14,M,0
10200,8879,Rekha Iyer,52,F,0
10201,8880,Ravi Rao,41,M,0
10202,8881,Vidya Naik,49,F,0
10203,8882,Prakash Murthy,36,M,0
10204,8883,Srinivas Reddy,18,M,0
10205,8884,Ramesh Reddy,51,M,0
10206,8884,Naveen Shetty,20,M,0
10207,8885,Shivaraj Poojary,60,M,0
10208,8886,Shivaraj Setty,38,M,0
10209,8887,Kavya Naidu,55,F,0
10210,8888,Pooja Naik,44,F,0
10211,8889,Prakash Naidu,30,M,0
10212,8890,Rekha Kumar,41,F,0
10213,8891,Srinivas Poojary,33,M,0
10214,8892,Santosh Achar,55,M,0
10215,8893,Santosh Hegde,13,M,0
10216,8893,Ramesh Kumar,75,M,0
10217,8894,Anil Gowda,35,M,0
10218,8895,Nagaraj Hegde,34,M,0
10219,8896,Bhagya Naik,22,F,0
10220,8897,Anil Naik,49,M,0
10221,8898,Nagaraj Gowda,25,M,0
10222,8899,Ramesh Patil,37,M,0
10223,8900,Ramesh Reddy,61,M,0
10224,8901,Shobha Rao,38,F,0
10225,8902,Anita Patil,48,F,0
10226,8902,Chaya Patil,33,F,0
10227,8903,Ramesh Shetty,6,M,0
10228,8904,Savitha Patil,63,F,0
10229,8905,Suresh Reddy,65,M,0
10230,8906,Nagaraj Hegde,11,M,0
10231,8907,Priya Reddy,28,F,0
10232,8908,Priya Naik,5,F,0
10233,8909,Rekha Naidu,10,F,0
10234,8910,Geeta Naidu,50,F,0
10235,8911,Lakshmi Murthy,31,F,0
10236,8912,Basavaraj Shetty,13,M,0
10237,8913,Sowmya Naik,58,F,0
10238,8914,Kumar Reddy,56,M,0
10239,8914,Chaya Reddy,40,F,0
10240,8915,Priya Murthy,7,F,0
10241,8916,Suresh Bhat,67,M,0
10242,8917,Basavaraj Achar,69,M,0
10243,8918,Anita Naidu,42,F,0
10244,8919,Manjula Naik,22,F,0
10245,8920,Shobha Iyer,20,F,0
10246,8920,Shwetha Rao,35,F,0
10247,8921,Raghu Iyer,50,M,0
10248,8922,Girish Hegde,33,M,0
10249,8923,Sowmya Gowda,19,F,0
10250,8924,Priya Hegde,41,F,0
10251,8925,Priya Iyer,29,F,0
10252,8926,Sunita Naik,40,F,0
10253,8927,Anil Naidu,16,M,0
10254,8927,Ravi Kumar,40,M,0
10255,8928,Ravi Hegde,26,M,0
10256,8929,Savitha Hegde,58,F,0
10257,8930,Priya Poojary,36,F,0
10258,8931,Vidya Bhat,8,F,0
10259,8932,Priya Bhat,56,F,0
10260,8933,Manjula Murthy,66,F,0
10261,8934,Pooja Hegde,18,F,0
10262,8935,Rekha Shetty,55,F,0
10263,8936,Basavaraj Hegde,10,M,0
10264,8937,Rekha Bhat,71,F,0
10265,8938,Deepa Kumar,30,F,0
10266,8939,Ramesh Shetty,45,M,0
10267,8940,Bhagya Shetty,13,F,0
10268,8941,Roopa Bhat,31,F,0
10269,8942,Manjula Patil,14,F,0
10270,8943,Roopa Poojary,66,F,0
10271,8943,Sowmya Rao,46,F,0
10272,8944,Roopa Murthy,68,F,0
10273,8945,Shobha Iyer,64,F,0
10274,8946,Anita Achar,50,F,0
10275,8947,Raghu Murthy,55,M,0
10276,8948,Prakash Bhat,37,M,0
10277,8949,Shivaraj Murthy,40,M,0
10278,8949,Nagaraj Naik,54,M,0
10279,8950,Pooja Patil,74,F,0
10280,8951,Mahesh Murthy,50,M,0
10281,8952,Naveen Naidu,20,M,0
10282,8953,Nandini Naidu,60,F,0
10283,8954,Ramesh Naidu,57,M,0
10284,8955,Rekha Shetty,9,F,0
10285,8955,Rekha Patil,49,F,0
10286,8956,Harish Gowda,17,M,0
10287,8957,Prakash Achar,20,M,0
10288,8958,Bhagya Gowda,43,F,0
10289,8959,Lakshmi Murthy,61,F,0
10290,8960,Roopa Patil,54,F,0
10291,8961,Ganesh Gowda,61,M,0
10292,8961,Anita Kumar,67,F,0
10293,8962,Nagaraj Naik,13,M,0
10294,8962,Nandini Poojary,5,F,0
10295,8963,Chaya Murthy,17,F,0
10296,8964,Vidya Poojary,55,F,0
10297,8965,Raghu Reddy,34,M,0
10298,8966,Naveen Iyer,59,M,0
10299,8967,Bhagya Reddy,69,F,0
10300,8968,Shobha Poojary,60,F,0
10301,8969,Shwetha Naidu,61,F,0
10302,8970,Vijay Shetty,31,M,0
10303,8971,Geeta Bhat,21,F,0
10304,8972,Girish Naidu,44,M,0
10305,8973,Pooja Achar,64,F,0
10306,8974,Rekha Setty,70,F,0
10307,8975,Nandini Rao,23,F,0
10308,8976,Yogesh Setty,38,M,0
10309,8977,Basavaraj Hegde,57,M,0
10310,8978,Roopa Shetty,74,F,0
10311,8979,Ravi Bhat,21,M,0
10312,8980,Vidya Murthy,27,F,0
10313,8980,Manjunath Bhat,5,M,0
10314,8981,Shobha Achar,54,F,0
10315,8981,Mahesh Shetty,22,M,0
10316,8982,Nandini Reddy,31,F,0
10317,8983,Shivaraj Iyer,5,M,0
10318,8984,Ravi Iyer,24,M,0
10319,8985,Ganesh Murthy,70,M,0
10320,8986,Deepa Shetty,72,F,0
10321,8987,Harish Achar,26,M,0
10322,8988,Harish Naik,27,M,0
10323,8989,Basavaraj Poojary,9,M,0
10324,8990,Sowmya Gowda,62,F,0
10325,8991,Basavaraj Gowda,60,M,0
10326,8992,Ganesh Poojary,42,M,0
10327,8993,Shivaraj Hegde,13,M,0
10328,8994,Sowmya Naik,49,F,0
10329,8995,Girish Kumar,58,M,0
10330,8996,Santosh Shetty,19,M,0
10331,8997,Girish Naidu,46,M,0
10332,8998,Naveen Hegde,34,M,0
10333,8999,Roopa Achar,25,F,0
10334,8999,Vijay Reddy,45,M,0
10335,9000,Harish Poojary,52,M,0
10336,9001,Anil Hegde,45,M,0
10337,9002,Anita Shetty,16,F,0
10338,9003,Girish Reddy,52,M,0
10339,9004,Yogesh Bhat,46,M,0
10340,9005,Vidya Setty,58,F,0
10341,9006,Shobha Murthy,74,F,0
10342,9007,Roopa Murthy,24,F,0
10343,9008,Nandini Naidu,64,F,0
10344,9009,Savitha Naidu,59,F,0
10345,9009,Manjula Naik,75,F,0
10346,9010,Raghu Shetty,46,M,0
10347,9011,Rekha Hegde,73,F,0
10348,9011,Suresh Iyer,15,M,0
10349,9012,Ramesh Patil,32,M,0
10350,9013,Shwetha Achar,45,F,0
10351,9014,Raghu Reddy,23,M,0
10352,9015,Naveen Patil,29,M,0
10353,9016,Srinivas Naik,74,M,0
10354,9017,Nagaraj Hegde,62,M,0
10355,9018,Radha Bhat,15,F,0
10356,9018,Kavya Reddy,53,F,0
10357,9019,Vidya Reddy,74,F,0
10358,9019,Sowmya Bhat,58,F,0
10359,9020,Ramesh Rao,11,M,0
10360,9021,Kavya Achar,24,F,0
10361,9022,Naveen Kumar,16,M,0
10362,9023,Pooja Naidu,7,F,0
10363,9024,Santosh Patil,41,M,0
10364,9025,Vijay Patil,39,M,0
10365,9026,Srinivas Kumar,68,M,0
10366,9027,Shivaraj Gowda,15,M,0
10367,9028,Harish Hegde,35,M,0
10368,9029,Ganesh Kumar,64,M,0
10369,9029,Shivaraj Hegde,42,M,0
10370,9030,Ravi Poojary,46,M,0
10371,9031,Suresh Bhat,59,M,0
10372,9032,Manjula Iyer,31,F,0
10373,9033,Manjula Setty,9,F,0
10374,9033,Vijay Patil,14,M,0
10375,9034,Rekha Iyer,74,F,0
10376,9035,Radha Patil,60,F,0
10377,9036,Chaya Setty,42,F,0
10378,9037,Rekha Patil,51,F,0
10379,9038,Kavya Iyer,23,F,0
10380,9038,Shobha Patil,6,F,0
10381,9039,Girish Patil,45,M,0
10382,9039,Harish Kumar,8,M,0
10383,9040,Chaya Setty,33,F,0
10384,9041,Anil Murthy,53,M,0
10385,9042,Suresh Poojary,11,M,0
10386,9043,Pooja Setty,29,F,0
10387,9044,Prakash Naik,9,M,0
10388,9045,Radha Murthy,64,F,0
10389,9046,Raghu Iyer,13,M,0
10390,9046,Mahesh Gowda,70,M,0
10391,9047,Pooja Shetty,17,F,0
10392,9047,Deepa Bhat,55,F,0
10393,9048,Shobha Naik,54,F,0
10394,9049,Roopa Hegde,59,F,0
10395,9050,Manjula Naidu,58,F,0
10396,9051,Suresh Reddy,29,M,0
10397,9052,Shwetha Hegde,6,F,0
10398,9053,Geeta Gowda,67,F,0
10399,9054,Shivaraj Bhat,60,M,0
10400,9055,Yogesh Shetty,19,M,0
10401,9055,Anil Patil,46,M,0
10402,9056,Savitha Murthy,54,F,0
10403,9057,Manjula Poojary,46,F,0
10404,9058,Vijay Poojary,35,M,0
10405,9059,Srinivas Patil,17,M,0
10406,9060,Naveen Kumar,75,M,0
10407,9061,Ramesh Patil,26,M,0
10408,9062,Raghu Reddy,23,M,0
10409,9063,Shwetha Hegde,23,F,0
10410,9063,Raghu Setty,67,M,0
10411,9064,Basavaraj Bhat,58,M,0
10412,9065,Shivaraj Achar,25,M,0
10413,9066,Pooja Poojary,74,F,0
10414,9066,Srinivas Reddy,47,M,0
10415,9067,Mahesh Murthy,48,M,0
10416,9068,Radha Poojary,24,F,0
10417,9069,Anil Setty,70,M,0
10418,9070,Sunita Gowda,65,F,0
10419,9070,Chaya Poojary,24,F,0
10420,9071,Nagaraj Setty,74,M,0
10421,9072,Roopa Poojary,70,F,0
10422,9073,Shwetha Naik,25,F,0
10423,9074,Nandini Gowda,64,F,0
10424,9075,Bhagya Hegde,67,F,0
10425,9076,Shobha Patil,7,F,0
10426,9077,Naveen Kumar,29,M,0
10427,9078,Sunita Patil,17,F,0
10428,9079,Chaya Shetty,66,F,0
10429,9080,Shobha Shetty,40,F,0
10430,9081,Radha Rao,21,F,0
10431,9081,Suresh Naidu,36,M,0
10432,9082,Lakshmi Kumar,74,F,0
10433,9083,Rekha Bhat,35,F,0
10434,9084,Anil Poojary,52,M,0
10435,9085,Basavaraj Gowda,23,M,0
10436,9086,Nandini Gowda,34,F,0
10437,9087,Deepa Bhat,69,F,0
10438,9088,Vidya Hegde,9,F,0
10439,9089,Lakshmi Reddy,53,F,0
10440,9089,Ravi Iyer,28,M,0
10441,9090,Kavya Rao,26,F,0
10442,9091,Shivaraj Bhat,38,M,0
10443,9092,Nandini Hegde,33,F,0
10444,9093,Roopa Setty,26,F,0
10445,9094,Basavaraj Achar,5,M,0
10446,9095,Ravi Kumar,11,M,0
10447,9095,Rekha Shetty,43,F,0
10448,9096,Vidya Bhat,32,F,0
10449,9097,Sowmya Hegde,23,F,0
10450,9098,Geeta Bhat,71,F,0
10451,9098,Suresh Achar,70,M,0
10452,9099,Suresh Gowda,56,M,0
10453,9099,Shobha Hegde,46,F,0
10454,9100,Anita Gowda,18,F,0
10455,9101,Nagaraj Iyer,32,M,0
10456,9101,Santosh Poojary,59,M,0
10457,9102,Priya Poojary,75,F,0
10458,9103,Savitha Setty,33,F,0
10459,9104,Harish Bhat,39,M,0
10460,9105,Bhagya Shetty,12,F,0
10461,9105,Ravi Poojary,16,M,0
10462,9106,Santosh Naik,55,M,0
10463,9107,Nagaraj Poojary,58,M,0
10464,9108,Santosh Rao,23,M,0
10465,9109,Manjula Rao,21,F,0
10466,9110,Shwetha Shetty,55,F,0
10467,9111,Raghu Poojary,47,M,0
10468,9112,Shwetha Gowda,73,F,0
10469,9113,Rekha Naik,33,F,0
10470,9114,Sunita Shetty,25,F,0
10471,9115,Roopa Murthy,44,F,0
10472,9116,Shobha Naidu,75,F,0
10473,9117,Sunita Iyer,28,F,0
10474,9118,Mahesh Shetty,40,M,0
10475,9119,Suresh Murthy,59,M,0
10476,9120,Shobha Bhat,54,F,0
10477,9121,Naveen Gowda,59,M,0
10478,9122,Vidya Patil,69,F,0
10479,9122,Ravi Shetty,41,M,0
10480,9123,Shobha Hegde,41,F,0
10481,9123,Srinivas Poojary,51,M,0
10482,9124,Srinivas Reddy,68,M,0
10483,9125,Pooja Shetty,16,F,0
10484,9126,Sowmya Achar,33,F,0
10485,9127,Naveen Setty,36,M,0
10486,9128,Harish Hegde,37,M,0
10487,9129,Anil Setty,75,M,0
10488,9130,Anil Bhat,18,M,0
10489,9131,Anita Poojary,51,F,0
10490,9132,Deepa Achar,10,F,0
10491,9133,Harish Rao,73,M,0
10492,9134,Yogesh Bhat,74,M,0
10493,9135,Deepa Iyer,52,F,0
10494,9136,Rekha Iyer,45,F,0
10495,9137,Srinivas Kumar,60,M,0
10496,9138,Nagaraj Poojary,20,M,0
10497,9139,Pooja Shetty,23,F,0
10498,9140,Sunita Shetty,31,F,0
10499,9141,Vijay Kumar,57,M,0
10500,9142,Ganesh Patil,20,M,0
10501,9143,Ramesh Setty,39,M,0
10502,9144,Shobha Murthy,52,F,0
10503,9145,Priya Bhat,35,F,0
10504,9146,Shobha Patil,6,F,0
10505,9147,Radha Shetty,74,F,0
10506,9148,Roopa Gowda,29,F,0
10507,9149,Harish Rao,52,M,0
10508,9150,Vidya Murthy,53,F,0
10509,9151,Kumar Rao,71,M,0
10510,9152,Radha Reddy,9,F,0
10511,9153,Sunita Hegde,5,F,0
10512,9153,Mahesh Rao,5,M,0
10513,9154,Roopa Setty,23,F,0
10514,9154,Shobha Murthy,17,F,0
10515,9155,Ravi Hegde,9,M,0
10516,9156,Ramesh Setty,9,M,0
10517,9157,Naveen Hegde,12,M,0
10518,9158,Srinivas Setty,68,M,0
10519,9159,Basavaraj Reddy,65,M,0
10520,9160,Ravi Murthy,71,M,0
10521,9161,Anita Gowda,49,F,0
10522,9162,Savitha Poojary,54,F,0
10523,9163,Anita Murthy,20,F,0
10524,9164,Kumar Achar,59,M,0
10525,9165,Roopa Kumar,5,F,0
10526,9166,Deepa Murthy,64,F,0
10527,9167,Mahesh Iyer,42,M,0
10528,9168,Suresh Iyer,35,M,0
10529,9169,Chaya Bhat,59,F,0
10530,9170,Kavya Kumar,47,F,0
10531,9171,Harish Murthy,57,M,0
10532,9172,Nagaraj Naidu,30,M,0
10533,9173,Kavya Hegde,6,F,0
10534,9174,Savitha Gowda,75,F,0
10535,9175,Lakshmi Rao,43,F,0
10536,9176,Ravi Kumar,33,M,0
10537,9177,Anil Iyer,12,M,0
10538,9178,Ravi Hegde,33,M,0
10539,9179,Bhagya Gowda,30,F,0
10540,9180,Priya Achar,62,F,0
10541,9181,Pooja Murthy,19,F,0
10542,9182,Harish Naidu,52,M,0
10543,9183,Rekha Rao,42,F,0
10544,9184,Ganesh Hegde,52,M,0
10545,9185,Anita Poojary,60,F,0
10546,9186,Shwetha Poojary,50,F,0
10547,9187,Basavaraj Rao,21,M,0
10548,9187,Manjula Shetty,35,F,0
10549,9188,Rekha Hegde,34,F,0
10550,9189,Roopa Rao,15,F,0
10551,9190,Vijay Achar,10,M,0
10552,9191,Naveen Kumar,70,M,0
10553,9192,Roopa Naidu,21,F,0
10554,9193,Rekha Iyer,40,F,0
10555,9194,Shwetha Naidu,64,F,0
10556,9194,Bhagya Naik,11,F,0
10557,9195,Manjula Patil,33,F,0
10558,9196,Savitha Reddy,47,F,0
10559,9197,Vidya Shetty,43,F,0
10560,9198,Raghu Rao,11,M,0
10561,9198,Ramesh Kumar,66,M,0
10562,9199,Naveen Bhat,23,M,0
10563,9200,Rekha Rao,10,F,0
10564,9201,Anita Kumar,26,F,0
10565,9202,Mahesh Rao,36,M,0
10566,9203,Lakshmi Setty,73,F,0
10567,9204,Shwetha Bhat,37,F,0
10568,9204,Nagaraj Reddy,52,M,0
10569,9205,Deepa Iyer,19,F,0
10570,9206,Sowmya Kumar,56,F,0
10571,9207,Harish Rao,59,M,0
10572,9208,Basavaraj Naik,8,M,0
10573,9209,Basavaraj Patil,57,M,0
10574,9210,Shivaraj Shetty,25,M,0
10575,9211,Kavya Shetty,7,F,0
10576,9212,Pooja Shetty,34,F,0
10577,9213,Harish Achar,43,M,0
10578,9213,Kavya Murthy,47,F,0
10579,9214,Deepa Rao,60,F,0
10580,9215,Nandini Achar,31,F,0
10581,9216,Shwetha Shetty,24,F,0
10582,9217,Yogesh Setty,13,M,0
10583,9218,Anil Achar,69,M,0
10584,9219,Priya Rao,19,F,0
10585,9220,Naveen Gowda,40,M,0
10586,9221,Deepa Iyer,11,F,0
10587,9221,Rekha Naik,29,F,0
10588,9222,Sowmya Kumar,40,F,0
10589,9223,Nagaraj Reddy,49,M,0
10590,9224,Vijay Reddy,43,M,0
10591,9225,Deepa Murthy,29,F,0
10592,9226,Nandini Naidu,49,F,0
10593,9227,Sunita Kumar,19,F,0
10594,9228,Santosh Hegde,13,M,0
10595,9229,Bhagya Iyer,6,F,0
10596,9230,Chaya Bhat,13,F,0
10597,9231,Srinivas Iyer,46,M,0
10598,9232,Roopa Patil,25,F,0
10599,9232,Sunita Kumar,61,F,0
10600,9233,Geeta Gowda,31,F,0
10601,9234,Shivaraj Reddy,43,M,0
10602,9234,Shwetha Rao,58,F,0
10603,9235,Kavya Achar,30,F,0
10604,9236,Naveen Rao,32,M,0
10605,9237,Basavaraj Rao,42,M,0
10606,9237,Kavya Kumar,12,F,0
10607,9238,Ramesh Poojary,7,M,0
10608,9239,Vidya Bhat,74,F,0
10609,9240,Suresh Hegde,62,M,0
10610,9241,Girish Murthy,54,M,0
10611,9242,Ganesh Iyer,16,M,0
10612,9243,Ramesh Murthy,43,M,0
10613,9244,Anil Bhat,20,M,0
10614,9245,Anil Iyer,40,M,0
10615,9246,Rekha Setty,19,F,0
10616,9246,Manjula Shetty,56,F,0
10617,9247,Shwetha Hegde,72,F,0
10618,9248,Vijay Bhat,69,M,0
10619,9249,Savitha Hegde,48,F,0
10620,9250,Naveen Naidu,49,M,0
10621,9251,Vijay Shetty,20,M,0
10622,9251,Ravi Poojary,24,M,0
10623,9252,Suresh Setty,13,M,0
10624,9253,Basavaraj Naidu,45,M,0
10625,9253,Ravi Naik,7,M,0
10626,9254,Srinivas Setty,58,M,0
10627,9255,Bhagya Achar,45,F,0
10628,9256,Harish Setty,17,M,0
10629,9257,Vidya Bhat,57,F,0
10630,9258,Basavaraj Kumar,39,M,0
10631,9259,Geeta Gowda,37,F,0
10632,9260,Basavaraj Naidu,57,M,0
10633,9261,Manjunath Patil,18,M,0
10634,9262,Santosh Rao,29,M,0
10635,9263,Shobha Iyer,25,F,0
10636,9264,Lakshmi Murthy,24,F,0
10637,9265,Vidya Bhat,69,F,0
10638,9266,Lakshmi Bhat,74,F,0
10639,9267,Harish Kumar,45,M,0
10640,9268,Mahesh Iyer,68,M,0
10641,9269,Deepa Naik,13,F,0
10642,9270,Suresh Iyer,49,M,0
10643,9271,Manjunath Patil,75,M,0
10644,9272,Anita Poojary,58,F,0
10645,9273,Shobha Kumar,44,F,0
10646,9274,Santosh Bhat,56,M,0
10647,9275,Deepa Achar,27,F,0
10648,9276,Basavaraj Iyer,38,M,0
10649,9277,Nagaraj Kumar,15,M,0
10650,9278,Geeta Setty,24,F,0
10651,9279,Shivaraj Patil,17,M,0
10652,9280,Prakash Naidu,8,M,0
10653,9281,Vidya Patil,30,F,0
10654,9281,Lakshmi Naidu,30,F,0
10655,9282,Sunita Bhat,55,F,0
10656,9283,Girish Naik,16,M,0
10657,9284,Nandini Achar,23,F,0
10658,9285,Priya Naidu,5,F,0
10659,9286,Prakash Patil,74,M,0
10660,9287,Mahesh Murthy,14,M,0
10661,9288,Santosh Patil,9,M,0
10662,9289,Harish Naik,28,M,0
10663,9290,Suresh Murthy,43,M,0
10664,9291,Nandini Setty,21,F,0
10665,9292,Yogesh Poojary,18,M,0
10666,9293,Geeta Rao,37,F,0
10667,9294,Chaya Achar,28,F,0
10668,9294,Roopa Naidu,16,F,0
10669,9295,Suresh Reddy,52,M,0
10670,9296,Deepa Naidu,58,F,0
10671,9296,Naveen Rao,33,M,0
10672,9297,Vijay Murthy,18,M,0
10673,9298,Manjula Iyer,57,F,0
10674,9299,Priya Poojary,64,F,0
10675,9299,Geeta Naik,50,F,0
10676,9300,Shivaraj Bhat,29,M,0
10677,9301,Suresh Kumar,64,M,0
10678,9302,Rekha Poojary,44,F,0
10679,9303,Rekha Gowda,16,F,0
10680,9304,Nagaraj Kumar,23,M,0
10681,9305,Shivaraj Murthy,13,M,0
10682,9306,Savitha Rao,47,F,0
10683,9307,Manjunath Achar,63,M,0
10684,9308,Lakshmi Gowda,41,F,0
10685,9309,Chaya Naidu,52,F,0
10686,9309,Nandini Shetty,24,F,0
10687,9310,Mahesh Patil,16,M,0
10688,9311,Shobha Naidu,19,F,0
10689,9311,Shivaraj Gowda,37,M,0
10690,9312,Vidya Setty,36,F,0
10691,9313,Harish Kumar,8,M,0
10692,9314,Basavaraj Naidu,43,M,0
10693,9315,Prakash Naik,23,M,0
10694,9315,Radha Naik,20,F,0
10695,9316,Priya Shetty,18,F,0
10696,9316,Manjunath Naik,40,M,0
10697,9317,Ganesh Murthy,59,M,0
10698,9318,Shobha Poojary,49,F,0
10699,9319,Nagaraj Bhat,30,M,0
10700,9320,Prakash Bhat,52,M,0
10701,9321,Chaya Setty,7,F,0
10702,9322,Priya Bhat,20,F,0
10703,9323,Anil Reddy,43,M,0
10704,9323,Girish Setty,24,M,0
10705,9324,Manjula Setty,17,F,0
10706,9324,Roopa Iyer,33,F,0
10707,9325,Priya Shetty,25,F,0
10708,9326,Bhagya Poojary,55,F,0
10709,9327,Shobha Poojary,21,F,0
10710,9328,Basavaraj Murthy,21,M,0
10711,9329,Santosh Kumar,40,M,0
10712,9330,Bhagya Setty,43,F,0
10713,9331,Shivaraj Iyer,18,M,0
10714,9332,Pooja Setty,44,F,0
10715,9332,Savitha Patil,33,F,0
10716,9333,Naveen Reddy,25,M,0
10717,9334,Girish Poojary,36,M,0
10718,9334,Srinivas Reddy,52,M,0
10719,9335,Nagaraj Achar,52,M,0
10720,9336,Lakshmi Naik,26,F,0
10721,9337,Ganesh Hegde,45,M,0
10722,9337,Mahesh Shetty,39,M,0
10723,9338,Raghu Gowda,38,M,0
10724,9339,Prakash Bhat,11,M,0
10725,9340,Kumar Bhat,64,M,0
10726,9341,Shwetha Naik,52,F,0
10727,9342,Yogesh Naik,22,M,0
10728,9343,Ramesh Gowda,11,M,0
10729,9344,Chaya Reddy,43,F,0
10730,9345,Sunita Achar,23,F,0
10731,9346,Nagaraj Shetty,72,M,0
10732,9347,Lakshmi Bhat,73,F,0
10733,9348,Savitha Naik,28,F,0
10734,9349,Kumar Naidu,23,M,0
10735,9350,Naveen Setty,63,M,0
10736,9351,Kavya Rao,53,F,0
10737,9352,Radha Naidu,62,F,0
10738,9353,Yogesh Gowda,18,M,0
10739,9354,Chaya Poojary,60,F,0
10740,9355,Raghu Iyer,11,M,0
10741,9356,Nagaraj Murthy,67,M,0
10742,9357,Shwetha Shetty,6,F,0
10743,9358,Nandini Shetty,9,F,0
10744,9358,Shivaraj Rao,75,M,0
10745,9359,Sunita Patil,63,F,0
10746,9360,Sowmya Bhat,37,F,0
10747,9361,Sowmya Gowda,15,F,0
10748,9362,Vidya Murthy,13,F,0
10749,9363,Srinivas Gowda,13,M,0
10750,9364,Sunita Gowda,70,F,0
10751,9365,Lakshmi Shetty,21,F,0
10752,9366,Bhagya Rao,48,F,0
10753,9367,Manjula Rao,50,F,0
10754,9368,Shwetha Naidu,27,F,0
10755,9369,Santosh Setty,53,M,0
10756,9369,Basavaraj Iyer,17,M,0
10757,9370,Nandini Hegde,37,F,0
10758,9371,Harish Naidu,22,M,0
10759,9372,Manjunath Achar,35,M,0
10760,9373,Manjula Iyer,39,F,0
10761,9374,Naveen Poojary,9,M,0
10762,9375,Lakshmi Setty,19,F,0
10763,9376,Savitha Kumar,14,F,0
10764,9377,Vidya Setty,9,F,0
10765,9378,Vijay Poojary,13,M,0
10766,9379,Mahesh Poojary,24,M,0
10767,9380,Sowmya Poojary,27,F,0
10768,9381,Savitha Murthy,47,F,0
10769,9382,Yogesh Murthy,50,M,0
10770,9383,Srinivas Patil,34,M,0
10771,9383,Nandini Rao,22,F,0
10772,9384,Ramesh Murthy,64,M,0
10773,9385,Priya Naik,7,F,0
10774,9385,Manjunath Achar,13,M,0
10775,9386,Raghu Rao,6,M,0
10776,9387,Yogesh Poojary,21,M,0
10777,9388,Geeta Iyer,51,F,0
10778,9389,Nagaraj Bhat,7,M,0
10779,9390,Basavaraj Hegde,71,M,0
10780,9390,Nandini Setty,13,F,0
10781,9391,Basavaraj Rao,14,M,0
10782,9392,Naveen Gowda,53,M,0
10783,9393,Pooja Hegde,59,F,0
10784,9394,Savitha Kumar,51,F,0
10785,9395,Savitha Reddy,14,F,0
10786,9395,Roopa Rao,12,F,0
10787,9396,Girish Hegde,31,M,0
10788,9397,Yogesh Gowda,25,M,0
10789,9398,Vidya Patil,40,F,0
10790,9399,Rekha Rao,48,F,0
10791,9400,Rekha Iyer,53,F,0
10792,9401,Harish Bhat,34,M,0
10793,9401,Santosh Kumar,6,M,0
10794,9402,Geeta Naidu,52,F,0
10795,9403,Bhagya Setty,19,F,0
10796,9404,Shobha Rao,24,F,0
10797,9405,Girish Rao,59,M,0
10798,9406,Girish Patil,34,M,0
10799,9407,Kavya Kumar,52,F,0
10800,9408,Radha Patil,5,F,0
10801,9409,Raghu Kumar,32,M,0
10802,9410,Kumar Naidu,44,M,0
10803,9411,Vijay Naik,70,M,0
10804,9411,Shivaraj Naidu,59,M,0
10805,9412,Anita Iyer,58,F,0
10806,9413,Lakshmi Setty,43,F,0
10807,9414,Kumar Shetty,39,M,0
10808,9415,Lakshmi Hegde,35,F,0
10809,9416,Deepa Achar,13,F,0
10810,9417,Srinivas Bhat,53,M,0
10811,9418,Sunita Rao,8,F,0
10812,9419,Naveen Setty,8,M,0
10813,9420,Srinivas Reddy,61,M,0
10814,9421,Lakshmi Reddy,12,F,0
10815,9422,Vidya Naidu,32,F,0
10816,9423,Roopa Naik,17,F,0
10817,9424,Prakash Bhat,26,M,0
10818,9425,Manjula Kumar,13,F,0
10819,9426,Nandini Naik,44,F,0
10820,9427,Pooja Naidu,53,F,0
10821,9427,Deepa Murthy,28,F,0
10822,9428,Rekha Murthy,65,F,0
10823,9429,Anita Murthy,25,F,0
10824,9430,Santosh Kumar,18,M,0
10825,9431,Santosh Murthy,25,M,0
10826,9432,Srinivas Bhat,24,M,0
10827,9433,Sunita Poojary,66,F,0
10828,9434,Anil Shetty,35,M,0
10829,9435,Sowmya Poojary,69,F,0
10830,9436,Girish Patil,62,M,0
10831,9437,Suresh Setty,10,M,0
10832,9438,Ganesh Shetty,56,M,0
10833,9439,Nagaraj Murthy,50,M,0
10834,9440,Shwetha Hegde,6,F,0
10835,9441,Kavya Reddy,40,F,0
10836,9441,Sowmya Patil,44,F,0
10837,9442,Vijay Gowda,71,M,0
10838,9443,Roopa Reddy,41,F,0
10839,9443,Kavya Naik,70,F,0
10840,9444,Vijay Naik,65,M,0
10841,9444,Nagaraj Naidu,13,M,0
10842,9445,Bhagya Hegde,40,F,0
10843,9445,Srinivas Rao,13,M,0
10844,9446,Ganesh Patil,55,M,0
10845,9447,Radha Rao,69,F,0
10846,9448,Priya Poojary,59,F,0
10847,9448,Harish Murthy,48,M,0
10848,9449,Chaya Iyer,46,F,0
10849,9450,Ravi Rao,36,M,0
10850,9451,Raghu Bhat,21,M,0
10851,9452,Sowmya Bhat,64,F,0
10852,9453,Basavaraj Murthy,74,M,0
10853,9454,Manjula Setty,67,F,0
10854,9455,Sowmya Hegde,7,F,0
10855,9456,Santosh Rao,62,M,0
10856,9456,Anil Shetty,12,M,0
10857,9457,Girish Iyer,67,M,0
10858,9458,Deepa Shetty,13,F,0
10859,9459,Vijay Shetty,74,M,0
10860,9460,Kavya Kumar,14,F,0
10861,9461,Yogesh Murthy,30,M,0
10862,9462,Pooja Naidu,51,F,0
10863,9463,Savitha Murthy,26,F,0
10864,9464,Shwetha Hegde,47,F,0
10865,9465,Basavaraj Rao,62,M,0
10866,9466,Nandini Poojary,46,F,0
10867,9467,Geeta Reddy,44,F,0
10868,9468,Nandini Patil,45,F,0
10869,9469,Ganesh Patil,19,M,0
10870,9470,Nagaraj Patil,52,M,0
10871,9471,Raghu Rao,75,M,0
10872,9472,Deepa Poojary,37,F,0
10873,9473,Deepa Shetty,71,F,0
10874,9474,Manjula Bhat,39,F,0
10875,9475,Radha Naik,38,F,0
10876,9476,Chaya Naik,49,F,0
10877,9476,Deepa Achar,6,F,0
10878,9477,Nagaraj Setty,25,M,0
10879,9478,Anil Gowda,12,M,0
10880,9479,Geeta Naidu,66,F,0
10881,9480,Ravi Patil,7,M,0
10882,9481,Shobha Hegde,53,F,0
10883,9482,Shobha Shetty,33,F,0
10884,9483,Basavaraj Iyer,34,M,0
10885,9484,Lakshmi Kumar,69,F,0
10886,9485,Harish Naik,53,M,0
10887,9486,Manjula Poojary,48,F,0
10888,9487,Prakash Bhat,39,M,0
10889,9488,Anita Rao,13,F,0
10890,9489,Girish Rao,59,M,0
10891,9490,Vijay Shetty,9,M,0
10892,9491,Ravi Gowda,71,M,0
10893,9491,Basavaraj Murthy,31,M,0
10894,9492,Kumar Iyer,45,M,0
10895,9493,Shivaraj Naik,68,M,0
10896,9494,Nandini Naik,69,F,0
10897,9495,Vidya Gowda,43,F,0
10898,9496,Shwetha Setty,29,F,0
10899,9496,Naveen Naidu,69,M,0
10900,9497,Priya Naik,35,F,0
10901,9497,Pooja Patil,25,F,0
10902,9498,Ravi Iyer,63,M,0
10903,9499,Naveen Hegde,40,M,0
10904,9500,Shwetha Reddy,66,F,0
10905,9501,Shivaraj Shetty,30,M,0
10906,9502,Vidya Poojary,23,F,0
10907,9503,Bhagya Reddy,61,F,0
10908,9504,Yogesh Bhat,60,M,0
10909,9505,Raghu Reddy,48,M,0
10910,9505,Ganesh Shetty,53,M,0
10911,9506,Geeta Naik,59,F,0
10912,9507,Vidya Poojary,51,F,0
10913,9508,Nandini Gowda,47,F,0
10914,9509,Santosh Patil,70,M,0
10915,9510,Nandini Naidu,35,F,0
10916,9511,Santosh Naik,25,M,0
10917,9512,Suresh Poojary,45,M,0
10918,9513,Ramesh Iyer,15,M,0
10919,9514,Kavya Iyer,73,F,0
10920,9515,Harish Iyer,53,M,0
10921,9516,Sowmya Gowda,9,F,0
10922,9517,Shwetha Naidu,50,F,0
10923,9518,Vidya Achar,68,F,0
10924,9519,Pooja Hegde,13,F,0
10925,9520,Prakash Iyer,53,M,0
10926,9521,Savitha Setty,18,F,0
10927,9521,Raghu Patil,50,M,0
10928,9522,Ganesh Reddy,66,M,0
10929,9523,Pooja Bhat,18,F,0
10930,9524,Kavya Iyer,10,F,0
10931,9525,Anil Iyer,65,M,0
10932,9526,Kumar Setty,49,M,0
10933,9527,Shobha Gowda,34,F,0
10934,9528,Kumar Shetty,37,M,0
10935,9529,Shobha Rao,34,F,0
10936,9530,Rekha Hegde,51,F,0
10937,9531,Sunita Rao,7,F,0
10938,9532,Manjula Setty,19,F,0
10939,9532,Geeta Bhat,62,F,0
10940,9533,Kumar Setty,26,M,0
10941,9534,Anita Naidu,53,F,0
10942,9535,Nandini Patil,29,F,0
10943,9536,Savitha Hegde,20,F,0
10944,9537,Kumar Achar,54,M,0
10945,9538,Vidya Achar,61,F,0
10946,9539,Raghu Bhat,65,M,0
10947,9539,Bhagya Kumar,22,F,0
10948,9540,Vijay Kumar,74,M,0
10949,9541,Basavaraj Rao,31,M,0
10950,9542,Manjula Murthy,16,F,0
10951,9543,Manjunath Shetty,5,M,0
10952,9543,Ganesh Hegde,64,M,0
10953,9544,Sowmya Hegde,21,F,0
10954,9544,Girish Patil,49,M,0
10955,9545,Chaya Setty,20,F,0
10956,9546,Rekha Murthy,5,F,0
10957,9547,Basavaraj Bhat,62,M,0
10958,9548,Ravi Achar,32,M,0
10959,9549,Shwetha Patil,23,F,0
10960,9550,Suresh Murthy,47,M,0
10961,9551,Raghu Hegde,47,M,0
10962,9552,Vijay Naik,44,M,0
10963,9553,Ravi Iyer,28,M,0
10964,9554,Manjunath Rao,33,M,0
10965,9555,Anita Rao,44,F,0
10966,9556,Kavya Shetty,68,F,0
10967,9557,Raghu Poojary,50,M,0
10968,9558,Nagaraj Bhat,57,M,0
10969,9559,Shivaraj Patil,68,M,0
10970,9560,Raghu Bhat,74,M,0
10971,9561,Vidya Kumar,16,F,0
10972,9561,Suresh Kumar,14,M,0
10973,9562,Radha Shetty,20,F,0
10974,9563,Chaya Bhat,49,F,0
10975,9563,Sunita Iyer,57,F,0
10976,9564,Raghu Reddy,13,M,0
10977,9564,Bhagya Naik,62,F,0
10978,9565,Anita Setty,49,F,0
10979,9566,Rekha Hegde,33,F,0
10980,9567,Yogesh Murthy,24,M,0
10981,9568,Girish Rao,59,M,0
10982,9569,Manjunath Achar,60,M,0
10983,9570,Geeta Bhat,40,F,0
10984,9570,Kavya Poojary,48,F,0
10985,9571,Manjula Bhat,62,F,0
10986,9571,Srinivas Poojary,45,M,0
10987,9572,Mahesh Patil,10,M,0
10988,9573,Bhagya Setty,64,F,0
10989,9574,Manjula Naidu,28,F,0
10990,9574,Rekha Poojary,49,F,0
10991,9575,Srinivas Shetty,38,M,0
10992,9576,Kumar Iyer,8,M,0
10993,9576,Srinivas Iyer,19,M,0
10994,9577,Sowmya Hegde,65,F,0
10995,9578,Nagaraj Gowda,44,M,0
10996,9578,Shwetha Shetty,25,F,0
10997,9579,Santosh Kumar,42,M,0
10998,9580,Roopa Bhat,48,F,0
10999,9580,Radha Murthy,68,F,0
11000,9581,Savitha Reddy,73,F,0
11001,9582,Srinivas Gowda,54,M,0
11002,9582,Lakshmi Reddy,70,F,0
11003,9583,Nagaraj Patil,64,M,0
11004,9584,Prakash Shetty,73,M,0
11005,9584,Geeta Naik,65,F,0
11006,9585,Priya Achar,12,F,0
11007,9586,Santosh Poojary,8,M,0
11008,9587,Lakshmi Reddy,63,F,0
11009,9588,Ganesh Reddy,14,M,0
11010,9589,Lakshmi Patil,38,F,0
11011,9590,Manjula Shetty,17,F,0
11012,9590,Shivaraj Iyer,71,M,0
11013,9591,Naveen Naik,34,M,0
11014,9592,Radha Achar,33,F,0
11015,9593,Kumar Patil,41,M,0
11016,9594,Santosh Gowda,52,M,0
11017,9595,Bhagya Patil,45,F,0
11018,9596,Suresh Gowda,75,M,0
11019,9597,Rekha Patil,18,F,0
11020,9598,Shivaraj Rao,63,M,0
11021,9599,Yogesh Bhat,69,M,0
11022,9600,Kumar Achar,8,M,0
11023,9601,Harish Bhat,24,M,0
11024,9601,Anil Rao,25,M,0
11025,9602,Basavaraj Gowda,8,M,0
11026,9603,Priya Kumar,42,F,0
11027,9604,Chaya Murthy,69,F,0
11028,9605,Nagaraj Shetty,48,M,0
11029,9606,Chaya Naik,47,F,0
11030,9607,Nandini Hegde,56,F,0
11031,9608,Radha Setty,28,F,0
11032,9609,Mahesh Shetty,25,M,0
11033,9610,Sowmya Poojary,25,F,0
11034,9610,Srinivas Murthy,40,M,0
11035,9611,Bhagya Patil,50,F,0
11036,9612,Roopa Achar,48,F,0
11037,9613,Srinivas Iyer,37,M,0
11038,9614,Ganesh Rao,38,M,0
11039,9615,Ganesh Murthy,24,M,0
11040,9616,Ramesh Naik,12,M,0
11041,9617,Shobha Patil,24,F,0
11042,9618,Ravi Naik,34,M,0
11043,9618,Manjunath Murthy,48,M,0
11044,9619,Srinivas Hegde,25,M,0
11045,9620,Ramesh Hegde,8,M,0
11046,9621,Sunita Rao,36,F,0
11047,9622,Shobha Murthy,65,F,0
11048,9623,Bhagya Setty,26,F,0
11049,9624,Anil Naidu,39,M,0
11050,9624,Kumar Bhat,42,M,0
11051,9625,Anil Iyer,32,M,0
11052,9626,Santosh Naik,52,M,0
11053,9627,Ganesh Hegde,59,M,0
11054,9628,Nandini Setty,12,F,0
11055,9629,Yogesh Bhat,18,M,0
11056,9630,Savitha Kumar,57,F,0
11057,9631,Roopa Iyer,56,F,0
11058,9632,Anil Murthy,24,M,0
11059,9633,Srinivas Rao,22,M,0
11060,9634,Lakshmi Achar,15,F,0
11061,9635,Raghu Naidu,33,M,0
11062,9636,Basavaraj Gowda,46,M,0
11063,9636,Anil Patil,26,M,0
11064,9637,Vijay Gowda,24,M,0
11065,9638,Ganesh Poojary,31,M,0
11066,9639,Harish Setty,26,M,0
11067,9640,Priya Reddy,17,F,0
11068,9641,Geeta Poojary,68,F,0
11069,9642,Santosh Iyer,49,M,0
11070,9642,Mahesh Naidu,23,M,0
11071,9643,Manjunath Gowda,50,M,0
11072,9644,Bhagya Naik,68,F,0
11073,9645,Kumar Reddy,19,M,0
11074,9646,Girish Patil,45,M,0
11075,9646,Sowmya Setty,71,F,0
11076,9647,Priya Patil,41,F,0
11077,9648,Kavya Achar,12,F,0
11078,9648,Shivaraj Gowda,12,M,0
11079,9649,Kavya Patil,28,F,0
11080,9650,Yogesh Reddy,31,M,0
11081,9651,Anita Poojary,51,F,0
11082,9651,Vidya Naik,49,F,0
11083,9652,Anita Shetty,13,F,0
11084,9652,Suresh Murthy,56,M,0
11085,9653,Ganesh Naik,28,M,0
11086,9654,Ganesh Hegde,59,M,0
11087,9655,Shwetha Murthy,37,F,0
11088,9656,Vidya Setty,73,F,0
11089,9657,Kumar Setty,64,M,0
11090,9658,Geeta Naik,27,F,0
11091,9659,Shobha Setty,56,F,0
11092,9660,Shivaraj Poojary,13,M,0
11093,9661,Geeta Achar,27,F,0
11094,9662,Shwetha Bhat,71,F,0
11095,9663,Shobha Achar,21,F,0
11096,9664,Ramesh Naik,33,M,0
11097,9665,Shwetha Shetty,36,F,0
11098,9666,Chaya Reddy,9,F,0
11099,9667,Kavya Bhat,29,F,0
11100,9667,Sunita Hegde,64,F,0
11101,9668,Priya Setty,37,F,0
11102,9669,Basavaraj Reddy,65,M,0
11103,9670,Anita Patil,8,F,0
11104,9671,Girish Murthy,46,M,0
11105,9672,Nandini Rao,52,F,0
11106,9673,Shwetha Kumar,61,F,0
11107,9674,Pooja Shetty,6,F,0
11108,9674,Savitha Hegde,42,F,0
11109,9675,Shwetha Naik,5,F,0
11110,9676,Harish Murthy,59,M,0
11111,9676,Ganesh Poojary,49,M,0
11112,9677,Nandini Shetty,59,F,0
11113,9678,Geeta Reddy,5,F,0
11114,9678,Chaya Patil,18,F,0
11115,9679,Chaya Naidu,52,F,0
11116,9680,Sunita Kumar,49,F,0
11117,9681,Radha Setty,11,F,0
11118,9681,Roopa Hegde,50,F,0
11119,9682,Radha Poojary,25,F,0
11120,9683,Srinivas Achar,14,M,0
11121,9684,Ramesh Gowda,9,M,0
11122,9685,Radha Gowda,19,F,0
11123,9686,Deepa Reddy,62,F,0
11124,9687,Srinivas Rao,75,M,0
11125,9688,Rekha Patil,26,F,0
11126,9688,Sowmya Gowda,7,F,0
11127,9689,Nagaraj Murthy,23,M,0
11128,9690,Shivaraj Kumar,59,M,0
11129,9691,Srinivas Hegde,72,M,0
11130,9692,Shobha Hegde,8,F,0
11131,9693,Radha Reddy,74,F,0
11132,9693,Prakash Poojary,41,M,0
11133,9694,Anil Bhat,59,M,0
11134,9695,Basavaraj Patil,38,M,0
11135,9696,Yogesh Achar,69,M,0
11136,9697,Pooja Poojary,42,F,0
11137,9697,Raghu Shetty,38,M,0
11138,9698,Priya Patil,13,F,0
11139,9698,Chaya Hegde,54,F,0
11140,9699,Vidya Shetty,34,F,0
11141,9700,Vijay Hegde,75,M,0
11142,9701,Vidya Hegde,42,F,0
11143,9702,Kumar Iyer,21,M,0
11144,9703,Shobha Setty,32,F,0
11145,9704,Shivaraj Setty,42,M,0
11146,9705,Suresh Shetty,40,M,0
11147,9706,Priya Kumar,36,F,0
11148,9706,Shwetha Naidu,52,F,0
11149,9707,Anil Achar,61,M,0
11150,9708,Lakshmi Hegde,39,F,0
11151,9709,Manjula Setty,36,F,0
11152,9710,Manjula Achar,44,F,0
11153,9711,Nagaraj Reddy,69,M,0
11154,9712,Raghu Hegde,35,M,0
11155,9713,Kumar Murthy,67,M,0
11156,9714,Geeta Naik,56,F,0
11157,9715,Anil Setty,73,M,0
11158,9715,Shobha Bhat,19,F,0
11159,9716,Basavaraj Rao,24,M,0
11160,9717,Prakash Naik,60,M,0
11161,9718,Ganesh Achar,46,M,0
11162,9719,Savitha Hegde,56,F,0
11163,9720,Priya Shetty,36,F,0
11164,9721,Shivaraj Gowda,64,M,0
11165,9722,Santosh Kumar,63,M,0
11166,9722,Chaya Naik,38,F,0
11167,9723,Chaya Setty,16,F,0
11168,9724,Sunita Bhat,42,F,0
11169,9725,Naveen Poojary,14,M,0
11170,9725,Shivaraj Bhat,37,M,0
11171,9726,Santosh Setty,10,M,0
11172,9727,Priya Naik,55,F,0
11173,9728,Deepa Reddy,56,F,0
11174,9729,Anil Patil,18,M,0
11175,9729,Ganesh Kumar,22,M,0
11176,9730,Santosh Naidu,27,M,0
11177,9731,Rekha Shetty,75,F,0
11178,9732,Mahesh Patil,49,M,0
11179,9733,Vijay Murthy,13,M,0
11180,9734,Sowmya Reddy,9,F,0
11181,9735,Pooja Setty,60,F,0
11182,9736,Raghu Iyer,8,M,0
11183,9736,Raghu Kumar,65,M,0
11184,9737,Shobha Naidu,65,F,0
11185,9737,Anita Reddy,57,F,0
11186,9738,Shwetha Iyer,73,F,0
11187,9739,Manjula Hegde,12,F,0
11188,9740,Savitha Setty,35,F,0
11189,9741,Anil Reddy,23,M,0
11190,9742,Suresh Setty,5,M,0
11191,9743,Priya Iyer,33,F,0
11192,9743,Mahesh Hegde,63,M,0
11193,9744,Nagaraj Patil,44,M,0
11194,9745,Kumar Reddy,72,M,0
11195,9746,Sunita Naidu,51,F,0
11196,9747,Deepa Setty,16,F,0
11197,9748,Bhagya Bhat,61,F,0
11198,9748,Vidya Naik,13,F,0
11199,9749,Santosh Iyer,45,M,0
11200,9749,Geeta Murthy,40,F,0
11201,9750,Lakshmi Naidu,11,F,0
11202,9751,Mahesh Reddy,65,M,0
11203,9752,Ganesh Iyer,73,M,0
11204,9753,Nagaraj Gowda,22,M,0
11205,9754,Ravi Achar,48,M,0
11206,9755,Rekha Poojary,66,F,0
11207,9756,Shobha Naidu,12,F,0
11208,9757,Shwetha Murthy,7,F,0
11209,9758,Raghu Murthy,7,M,0
11210,9759,Girish Patil,44,M,0
11211,9760,Manjula Naidu,45,F,0
11212,9761,Sowmya Setty,30,F,0
11213,9762,Girish Poojary,29,M,0
11214,9762,Roopa Hegde,54,F,0
11215,9763,Shobha Murthy,36,F,0
11216,9764,Yogesh Setty,37,M,0
11217,9765,Ramesh Achar,20,M,0
11218,9765,Vidya Iyer,59,F,0
11219,9766,Anita Poojary,43,F,0
11220,9767,Mahesh Murthy,39,M,0
11221,9767,Prakash Bhat,68,M,0
11222,9768,Pooja Rao,22,F,0
11223,9769,Srinivas Murthy,6,M,0
11224,9770,Harish Naik,35,M,0
11225,9771,Harish Reddy,16,M,0
11226,9772,Ramesh Iyer,6,M,0
11227,9772,Basavaraj Shetty,39,M,0
11228,9773,Vijay Shetty,48,M,0
11229,9774,Kumar Naidu,55,M,0
11230,9775,Radha Gowda,69,F,0
11231,9776,Mahesh Poojary,43,M,0
11232,9777,Vijay Rao,6,M,0
11233,9777,Kumar Setty,37,M,0
11234,9778,Savitha Naidu,55,F,0
11235,9778,Geeta Shetty,14,F,0
11236,9779,Vijay Patil,54,M,0
11237,9780,Prakash Iyer,57,M,0
11238,9781,Mahesh Poojary,21,M,0
11239,9782,Nandini Rao,53,F,0
11240,9783,Ramesh Poojary,45,M,0
11241,9784,Mahesh Rao,59,M,0
11242,9785,Kumar Patil,33,M,0
11243,9786,Yogesh Hegde,7,M,0
11244,9787,Suresh Bhat,58,M,0
11245,9787,Radha Bhat,63,F,0
11246,9788,Anita Iyer,10,F,0
11247,9789,Raghu Setty,54,M,0
11248,9790,Sowmya Gowda,8,F,0
11249,9790,Vidya Shetty,74,F,0
11250,9791,Srinivas Bhat,27,M,0
11251,9792,Ganesh Shetty,69,M,0
11252,9792,Yogesh Naik,28,M,0
11253,9793,Roopa Patil,15,F,0
11254,9794,Srinivas Naik,43,M,0
11255,9795,Kumar Rao,43,M,0
11256,9796,Kumar Gowda,22,M,0
11257,9797,Suresh Shetty,14,M,0
11258,9798,Pooja Achar,20,F,0
11259,9799,Ravi Gowda,43,M,0
11260,9800,Manjula Bhat,17,F,0
11261,9801,Girish Setty,16,M,0
11262,9802,Ramesh Achar,44,M,0
11263,9803,Nandini Bhat,52,F,0
11264,9804,Lakshmi Naik,68,F,0
11265,9805,Kavya Reddy,33,F,0
11266,9806,Bhagya Shetty,35,F,0
11267,9806,Kavya Poojary,36,F,0
11268,9807,Srinivas Poojary,47,M,0
11269,9808,Vidya Rao,44,F,0
11270,9809,Sowmya Shetty,36,F,0
11271,9810,Savitha Reddy,11,F,0
11272,9811,Bhagya Naidu,29,F,0
11273,9811,Girish Iyer,22,M,0
11274,9812,Bhagya Reddy,49,F,0
11275,9813,Basavaraj Achar,8,M,0
11276,9814,Manjula Gowda,8,F,0
11277,9815,Savitha Shetty,46,F,0
11278,9816,Sowmya Rao,6,F,0
11279,9817,Sowmya Reddy,65,F,0
11280,9817,Lakshmi Setty,75,F,0
11281,9818,Nagaraj Naidu,61,M,0
11282,9818,Raghu Kumar,7,M,0
11283,9819,Srinivas Reddy,45,M,0
11284,9820,Pooja Shetty,29,F,0
11285,9820,Ravi Naik,25,M,0
11286,9821,Naveen Shetty,6,M,0
11287,9822,Ganesh Naik,11,M,0
11288,9823,Anita Naik,67,F,0
11289,9824,Srinivas Naidu,59,M,0
11290,9825,Yogesh Hegde,72,M,0
11291,9826,Anita Iyer,11,F,0
11292,9827,Geeta Shetty,28,F,0
11293,9828,Priya Murthy,71,F,0
11294,9829,Ganesh Patil,34,M,0
11295,9830,Lakshmi Bhat,45,F,0
11296,9831,Pooja Bhat,71,F,0
11297,9832,Anil Rao,36,M,0
11298,9833,Nagaraj Murthy,10,M,0
11299,9834,Geeta Bhat,68,F,0
11300,9834,Yogesh Rao,24,M,0
11301,9835,Nagaraj Shetty,52,M,0
11302,9836,Naveen Iyer,12,M,0
11303,9837,Pooja Achar,49,F,0
11304,9838,Suresh Bhat,74,M,0
11305,9839,Priya Bhat,51,F,0
11306,9840,Shobha Gowda,21,F,0
11307,9840,Kavya Naidu,33,F,0
11308,9841,Mahesh Naik,37,M,0
11309,9842,Ganesh Patil,39,M,0
11310,9843,Sunita Gowda,36,F,0
11311,9844,Prakash Reddy,21,M,0
11312,9845,Rekha Murthy,58,F,0
11313,9846,Ravi Patil,60,M,0
11314,9847,Ravi Achar,13,M,0
11315,9848,Sowmya Gowda,14,F,0
11316,9849,Deepa Naik,7,F,0
11317,9850,Raghu Kumar,59,M,0
11318,9851,Lakshmi Patil,68,F,0
11319,9852,Anita Naidu,38,F,0
11320,9853,Ganesh Bhat,31,M,0
11321,9854,Savitha Bhat,70,F,0
11322,9855,Sowmya Bhat,47,F,0
11323,9856,Raghu Patil,53,M,0
11324,9857,Vijay Hegde,34,M,0
11325,9858,Suresh Poojary,49,M,0
11326,9859,Priya Bhat,55,F,0
11327,9860,Radha Bhat,10,F,0
11328,9861,Ravi Bhat,10,M,0
11329,9862,Girish Setty,11,M,0
11330,9863,Vidya Hegde,10,F,0
11331,9863,Roopa Achar,69,F,0
11332,9864,Nandini Achar,23,F,0
11333,9865,Manjula Reddy,29,F,0
11334,9866,Vijay Shetty,48,M,0
11335,9867,Shwetha Iyer,41,F,0
11336,9868,Basavaraj Iyer,25,M,0
11337,9869,Prakash Murthy,65,M,0
11338,9869,Ravi Shetty,15,M,0
11339,9870,Savitha Kumar,34,F,0
11340,9871,Shivaraj Kumar,22,M,0
11341,9871,Geeta Achar,22,F,0
11342,9872,Manjula Achar,27,F,0
11343,9872,Prakash Naidu,12,M,0
11344,9873,Nandini Kumar,49,F,0
11345,9874,Ravi Setty,22,M,0
11346,9875,Suresh Hegde,56,M,0
11347,9876,Kumar Setty,71,M,0
11348,9877,Sunita Rao,21,F,0
11349,9878,Deepa Shetty,63,F,0
11350,9879,Naveen Gowda,56,M,0
11351,9879,Kavya Iyer,31,F,0
11352,9880,Bhagya Naik,55,F,0
11353,9881,Ravi Achar,61,M,0
11354,9882,Priya Achar,44,F,0
11355,9883,Santosh Patil,61,M,0
11356,9883,Basavaraj Achar,23,M,0
11357,9884,Prakash Iyer,25,M,0
11358,9884,Srinivas Kumar,9,M,0
11359,9885,Kavya Patil,63,F,0
11360,9886,Yogesh Naik,36,M,0
11361,9886,Manjunath Gowda,52,M,0
11362,9887,Naveen Setty,71,M,0
11363,9888,Prakash Bhat,22,M,0
11364,9889,Suresh Kumar,6,M,0
11365,9890,Priya Hegde,17,F,0
11366,9891,Radha Achar,35,F,0
11367,9892,Manjunath Gowda,32,M,0
11368,9892,Sowmya Naidu,55,F,0
11369,9893,Manjunath Setty,51,M,0
11370,9893,Anita Naidu,60,F,0
11371,9894,Vidya Reddy,16,F,0
11372,9895,Santosh Shetty,13,M,0
11373,9895,Bhagya Naik,33,F,0
11374,9896,Santosh Bhat,7,M,0
11375,9897,Lakshmi Hegde,24,F,0
11376,9898,Naveen Bhat,49,M,0
11377,9898,Rekha Iyer,29,F,0
11378,9899,Nandini Gowda,37,F,0
11379,9900,Srinivas Reddy,7,M,0
11380,9901,Rekha Murthy,52,F,0
11381,9902,Santosh Hegde,38,M,0
11382,9903,Manjula Murthy,19,F,0
11383,9904,Shwetha Kumar,72,F,0
11384,9904,Ravi Murthy,45,M,0
11385,9905,Nagaraj Bhat,35,M,0
11386,9906,Basavaraj Iyer,5,M,0
11387,9907,Sowmya Bhat,51,F,0
11388,9908,Vidya Rao,66,F,0
11389,9909,Ganesh Hegde,37,M,0
11390,9910,Vidya Hegde,73,F,0
11391,9911,Shivaraj Bhat,13,M,0
11392,9912,Nandini Naidu,24,F,0
11393,9913,Ganesh Bhat,37,M,0
11394,9914,Santosh Rao,50,M,0
11395,9915,Anita Bhat,61,F,0
11396,9916,Geeta Gowda,75,F,0
11397,9916,Manjunath Shetty,20,M,0
11398,9917,Harish Reddy,49,M,0
11399,9918,Ramesh Bhat,8,M,0
11400,9919,Basavaraj Hegde,27,M,0
11401,9920,Pooja Naidu,18,F,0
11402,9920,Girish Naik,43,M,0
11403,9921,Radha Hegde,53,F,0
11404,9922,Chaya Kumar,5,F,0
11405,9923,Sunita Kumar,28,F,0
11406,9924,Basavaraj Poojary,10,M,0
11407,9925,Shivaraj Hegde,6,M,0
11408,9926,Radha Poojary,58,F,0
11409,9927,Vidya Setty,52,F,0
11410,9928,Yogesh Iyer,27,M,0
11411,9929,Girish Setty,25,M,0
11412,9930,Manjula Reddy,61,F,0
11413,9931,Vidya Shetty,52,F,0
11414,9932,Bhagya Hegde,38,F,0
11415,9933,Vidya Patil,42,F,0
11416,9934,Anita Rao,52,F,0
11417,9935,Pooja Bhat,20,F,0
11418,9935,Shobha Iyer,72,F,0
11419,9936,Bhagya Kumar,51,F,0
11420,9937,Yogesh Iyer,38,M,0
11421,9937,Ganesh Shetty,66,M,0
11422,9938,Raghu Murthy,16,M,0
11423,9939,Santosh Iyer,52,M,0
11424,9940,Ravi Naik,8,M,0
11425,9940,Sunita Poojary,47,F,0
11426,9941,Girish Achar,53,M,0
11427,9942,Santosh Iyer,47,M,0
11428,9943,Mahesh Shetty,68,M,0
11429,9944,Basavaraj Bhat,58,M,0
11430,9945,Santosh Gowda,69,M,0
11431,9946,Radha Rao,29,F,0
11432,9946,Shobha Gowda,72,F,0
11433,9947,Ganesh Achar,57,M,0
11434,9948,Bhagya Bhat,50,F,0
11435,9949,Girish Patil,11,M,0
11436,9950,Naveen Shetty,47,M,0
11437,9951,Vijay Iyer,26,M,0
11438,9952,Bhagya Shetty,21,F,0
11439,9953,Pooja Bhat,7,F,0
11440,9954,Roopa Achar,47,F,0
11441,9955,Yogesh Bhat,53,M,0
11442,9956,Anil Patil,29,M,0
11443,9957,Nagaraj Murthy,39,M,0
11444,9958,Anita Shetty,43,F,0
11445,9959,Prakash Iyer,19,M,0
11446,9960,Bhagya Iyer,9,F,0
11447,9961,Lakshmi Murthy,18,F,0
11448,9962,Geeta Gowda,69,F,0
11449,9963,Mahesh Hegde,66,M,0
11450,9964,Girish Setty,29,M,0
11451,9965,Girish Iyer,16,M,0
11452,9966,Rekha Patil,6,F,0
11453,9967,Srinivas Rao,14,M,0
11454,9968,Bhagya Naidu,8,F,0
11455,9969,Suresh Hegde,5,M,0
11456,9970,Santosh Naik,49,M,0
11457,9970,Prakash Setty,23,M,0
11458,9971,Shivaraj Rao,29,M,0
11459,9972,Naveen Kumar,12,M,0
11460,9972,Ramesh Iyer,35,M,0
11461,9973,Santosh Gowda,69,M,0
11462,9974,Yogesh Hegde,27,M,0
11463,9975,Shobha Gowda,56,F,0
11464,9976,Manjula Shetty,14,F,0
11465,9977,Suresh Gowda,32,M,0
11466,9977,Manjunath Naidu,22,M,0
11467,9978,Priya Poojary,6,F,0
11468,9979,Ramesh Hegde,50,M,0
11469,9980,Geeta Murthy,51,F,0
11470,9981,Kumar Setty,17,M,0
11471,9982,Sunita Shetty,28,F,0
11472,9983,Chaya Rao,51,F,0
11473,9984,Yogesh Shetty,35,M,0
11474,9985,Shobha Poojary,13,F,0
11475,9986,Pooja Poojary,51,F,0
11476,9987,Harish Naik,40,M,0
11477,9988,Kumar Naik,25,M,0
11478,9989,Shobha Achar,72,F,0
11479,9990,Yogesh Rao,19,M,0
11480,9991,Priya Achar,30,F,0
11481,9991,Bhagya Poojary,7,F,0
11482,9992,Shivaraj Setty,11,M,0
11483,9993,Anita Rao,37,F,0
11484,9994,Chaya Poojary,52,F,0
11485,9995,Manjula Shetty,32,F,0
11486,9996,Anil Iyer,12,M,0
11487,9997,Kumar Murthy,8,M,0
11488,9998,Deepa Rao,12,F,0
11489,9999,Vijay Naidu,26,M,0
11490,10000,Sowmya Hegde,45,F,0
11491,10001,Ramesh Reddy,60,M,0
11492,10002,Basavaraj Gowda,6,M,0
11493,10003,Shivaraj Shetty,6,M,0
11494,10004,Chaya Iyer,15,F,0
11495,10005,Radha Naidu,31,F,0
11496,10006,Anil Murthy,64,M,0
11497,10006,Manjula Achar,54,F,0
11498,10007,Prakash Naidu,60,M,0
11499,10008,Ganesh Reddy,36,M,0
11500,10009,Priya Naik,12,F,0
11501,10010,Priya Bhat,47,F,0
11502,10011,Sunita Shetty,35,F,0
11503,10012,Sowmya Shetty,33,F,0
11504,10013,Radha Kumar,11,F,0
11505,10013,Harish Patil,34,M,0
11506,10014,Yogesh Naik,54,M,0
11507,10015,Anil Murthy,52,M,0
11508,10016,Priya Bhat,6,F,0
11509,10017,Shivaraj Patil,60,M,0
11510,10017,Ravi Achar,66,M,0
11511,10018,Basavaraj Achar,10,M,0
11512,10019,Nandini Achar,40,F,0
11513,10020,Shobha Poojary,75,F,0
11514,10021,Harish Patil,66,M,0
11515,10021,Nandini Naik,69,F,0
11516,10022,Mahesh Achar,26,M,0
11517,10023,Chaya Murthy,17,F,0
11518,10024,Anita Rao,28,F,0
11519,10025,Anita Naidu,34,F,0
11520,10026,Lakshmi Bhat,29,F,0
11521,10027,Bhagya Poojary,22,F,0
11522,10028,Naveen Bhat,39,M,0
11523,10029,Suresh Poojary,31,M,0
11524,10030,Manjunath Reddy,8,M,0
11525,10031,Shivaraj Rao,42,M,0
11526,10032,Girish Gowda,9,M,0
11527,10033,Suresh Reddy,33,M,0
11528,10034,Srinivas Gowda,23,M,0
11529,10034,Mahesh Shetty,73,M,0
11530,10035,Lakshmi Rao,40,F,0
11531,10035,Girish Naidu,23,M,0
11532,10036,Bhagya Patil,45,F,0
11533,10037,Mahesh Hegde,32,M,0
11534,10038,Bhagya Iyer,71,F,0
11535,10039,Kavya Iyer,18,F,0
11536,10040,Kumar Hegde,7,M,0
11537,10041,Kumar Naidu,30,M,0
11538,10041,Chaya Patil,40,F,0
11539,10042,Rekha Bhat,56,F,0
11540,10043,Santosh Shetty,66,M,0
11541,10043,Radha Murthy,67,F,0
11542,10044,Pooja Bhat,23,F,0
11543,10045,Ramesh Poojary,55,M,0
11544,10046,Priya Naidu,40,F,0
11545,10047,Anil Gowda,15,M,0
11546,10048,Suresh Naik,5,M,0
11547,10049,Sunita Setty,50,F,0
11548,10050,Nagaraj Reddy,24,M,0
11549,10051,Kumar Patil,5,M,0
11550,10052,Geeta Setty,31,F,0
11551,10052,Santosh Naidu,72,M,0
11552,10053,Ramesh Poojary,75,M,0
11553,10054,Geeta Poojary,18,F,0
11554,10055,Anil Reddy,62,M,0
11555,10056,Shobha Murthy,67,F,0
11556,10057,Sunita Hegde,16,F,0
11557,10058,Srinivas Patil,33,M,0
11558,10059,Yogesh Bhat,47,M,0
11559,10060,Shobha Gowda,49,F,0
11560,10061,Nandini Setty,72,F,0
11561,10062,Bhagya Reddy,34,F,0
11562,10063,Lakshmi Bhat,61,F,0
11563,10064,Kavya Iyer,12,F,0
11564,10065,Kumar Naidu,8,M,0
11565,10065,Deepa Kumar,60,F,0
11566,10066,Suresh Shetty,24,M,0
11567,10067,Lakshmi Naidu,31,F,0
11568,10068,Santosh Poojary,18,M,0
11569,10069,Savitha Naik,32,F,0
11570,10069,Srinivas Hegde,48,M,0
11571,10070,Ramesh Murthy,40,M,0
11572,10071,Lakshmi Murthy,68,F,0
11573,10072,Lakshmi Murthy,7,F,0
11574,10073,Kavya Rao,64,F,0
11575,10074,Kumar Iyer,15,M,0
11576,10074,Vidya Kumar,39,F,0
11577,10075,Sowmya Rao,11,F,0
11578,10076,Priya Setty,10,F,0
11579,10077,Raghu Rao,50,M,0
11580,10078,Harish Reddy,20,M,0
11581,10079,Sunita Setty,62,F,0
11582,10080,Manjunath Setty,52,M,0
11583,10081,Bhagya Rao,20,F,0
11584,10081,Ramesh Gowda,69,M,0
11585,10082,Santosh Setty,73,M,0
11586,10083,Pooja Setty,30,F,0
11587,10084,Geeta Patil,60,F,0
11588,10085,Kumar Setty,49,M,0
11589,10086,Sunita Hegde,23,F,0
11590,10087,Chaya Kumar,66,F,0
11591,10087,Vijay Gowda,72,M,0
11592,10088,Radha Kumar,65,F,0
11593,10089,Savitha Reddy,51,F,0
11594,10090,Rekha Gowda,41,F,0
11595,10090,Anil Shetty,5,M,0
11596,10091,Naveen Murthy,73,M,0
11597,10092,Naveen Setty,48,M,0
11598,10093,Shivaraj Naik,72,M,0
11599,10094,Roopa Naik,17,F,0
11600,10095,Shivaraj Iyer,65,M,0
11601,10096,Priya Naik,15,F,0
11602,10097,Ganesh Rao,29,M,0
11603,10098,Geeta Iyer,61,F,0
11604,10099,Manjula Iyer,10,F,0
11605,10100,Mahesh Hegde,51,M,0
11606,10100,Girish Shetty,65,M,0
11607,10101,Shivaraj Achar,19,M,0
11608,10102,Prakash Naik,57,M,0
11609,10103,Santosh Gowda,41,M,0
11610,10103,Shobha Kumar,65,F,0
11611,10104,Srinivas Poojary,40,M,0
11612,10105,Yogesh Hegde,36,M,0
11613,10106,Manjula Kumar,32,F,0
11614,10107,Kavya Achar,9,F,0
11615,10108,Basavaraj Shetty,40,M,0
11616,10108,Mahesh Kumar,47,M,0
11617,10109,Harish Gowda,33,M,0
11618,10109,Vidya Poojary,8,F,0
11619,10110,Sunita Shetty,57,F,0
11620,10111,Suresh Shetty,20,M,0
11621,10111,Raghu Naidu,49,M,0
11622,10112,Nandini Iyer,50,F,0
11623,10113,Santosh Reddy,58,M,0
11624,10114,Shobha Rao,65,F,0
11625,10115,Prakash Achar,32,M,0
11626,10116,Basavaraj Setty,55,M,0
11627,10117,Priya Achar,42,F,0
11628,10118,Ravi Naik,13,M,0
11629,10119,Naveen Achar,5,M,0
11630,10120,Harish Shetty,48,M,0
11631,10121,Pooja Poojary,19,F,0
11632,10122,Ramesh Hegde,73,M,0
11633,10123,Ravi Poojary,64,M,0
11634,10124,Mahesh Iyer,64,M,0
11635,10125,Deepa Hegde,72,F,0
11636,10126,Harish Reddy,68,M,0
11637,10127,Yogesh Reddy,74,M,0
11638,10128,Mahesh Poojary,5,M,0
11639,10129,Sunita Bhat,71,F,0
11640,10130,Rekha Murthy,41,F,0
11641,10131,Anil Bhat,26,M,0
11642,10132,Savitha Reddy,8,F,0
11643,10133,Harish Rao,6,M,0
11644,10134,Shobha Setty,74,F,0
11645,10135,Srinivas Setty,65,M,0
11646,10136,Nandini Rao,56,F,0
11647,10137,Ravi Gowda,48,M,0
11648,10137,Shobha Naik,53,F,0
11649,10138,Roopa Achar,5,F,0
11650,10138,Savitha Hegde,75,F,0
11651,10139,Basavaraj Naik,33,M,0
11652,10140,Bhagya Achar,9,F,0
11653,10141,Ganesh Setty,5,M,0
11654,10142,Bhagya Gowda,33,F,0
11655,10143,Roopa Patil,68,F,0
11656,10144,Santosh Poojary,36,M,0
11657,10145,Geeta Naik,8,F,0
11658,10146,Anil Kumar,70,M,0
11659,10147,Pooja Hegde,48,F,0
11660,10148,Lakshmi Naik,34,F,0
11661,10149,Priya Shetty,34,F,0
11662,10150,Nagaraj Gowda,42,M,0
11663,10151,Naveen Achar,20,M,0
11664,10152,Bhagya Setty,5,F,0
11665,10153,Savitha Reddy,50,F,0
11666,10154,Shivaraj Naidu,17,M,0
11667,10155,Ramesh Naik,73,M,0
11668,10156,Kumar Poojary,55,M,0
11669,10157,Shobha Achar,68,F,0
11670,10158,Radha Hegde,10,F,0
11671,10159,Geeta Naik,19,F,0
11672,10160,Deepa Poojary,6,F,0
11673,10161,Mahesh Achar,52,M,0
11674,10162,Savitha Naik,68,F,0
11675,10163,Priya Iyer,7,F,0
11676,10164,Roopa Patil,47,F,0
11677,10165,Geeta Kumar,10,F,0
11678,10166,Basavaraj Murthy,54,M,0
11679,10167,Naveen Gowda,26,M,0
11680,10168,Ganesh Naik,47,M,0
11681,10169,Sunita Naik,49,F,0
11682,10170,Yogesh Reddy,50,M,0
11683,10171,Basavaraj Poojary,32,M,0
11684,10172,Sunita Setty,42,F,0
11685,10173,Basavaraj Rao,51,M,0
11686,10173,Manjunath Gowda,59,M,0
11687,10174,Deepa Hegde,29,F,0
11688,10175,Shwetha Achar,46,F,0
11689,10176,Rekha Achar,15,F,0
11690,10177,Sowmya Poojary,7,F,0
11691,10178,Sunita Hegde,14,F,0
11692,10179,Rekha Shetty,17,F,0
11693,10179,Ganesh Reddy,28,M,0
11694,10180,Girish Patil,23,M,0
11695,10181,Anita Hegde,45,F,0
11696,10182,Radha Kumar,32,F,0
11697,10183,Pooja Naik,46,F,0
11698,10184,Savitha Gowda,71,F,0
11699,10185,Chaya Iyer,38,F,0
11700,10186,Bhagya Patil,55,F,0
11701,10187,Girish Murthy,21,M,0
11702,10187,Manjula Poojary,52,F,0
11703,10188,Shivaraj Poojary,53,M,0
11704,10189,Girish Setty,63,M,0
11705,10189,Prakash Murthy,27,M,0
11706,10190,Sunita Poojary,71,F,0
11707,10191,Yogesh Bhat,43,M,0
11708,10191,Prakash Reddy,56,M,0
11709,10192,Geeta Reddy,43,F,0
11710,10193,Radha Reddy,51,F,0
11711,10194,Prakash Achar,17,M,0
11712,10194,Geeta Setty,62,F,0
11713,10195,Harish Shetty,28,M,0
11714,10195,Yogesh Achar,27,M,0
11715,10196,Roopa Poojary,29,F,0
11716,10197,Ramesh Achar,59,M,0
11717,10198,Manjunath Iyer,39,M,0
11718,10199,Srinivas Poojary,15,M,0
11719,10199,Deepa Patil,39,F,0
11720,10200,Nandini Kumar,8,F,0
11721,10201,Manjula Hegde,5,F,0
11722,10202,Sunita Shetty,37,F,0
11723,10203,Manjula Hegde,50,F,0
11724,10204,Kumar Setty,42,M,0
11725,10205,Lakshmi Bhat,69,F,0
11726,10205,Manjula Setty,20,F,0
11727,10206,Anita Naidu,25,F,0
11728,10207,Yogesh Reddy,72,M,0
11729,10208,Rekha Kumar,61,F,0
11730,10208,Bhagya Iyer,57,F,0
11731,10209,Deepa Murthy,71,F,0
11732,10210,Pooja Naik,44,F,0
11733,10210,Suresh Iyer,26,M,0
11734,10211,Lakshmi Kumar,8,F,0
11735,10212,Raghu Achar,72,M,0
11736,10213,Geeta Bhat,54,F,0
11737,10214,Anita Shetty,34,F,0
11738,10214,Sunita Poojary,59,F,0
11739,10215,Srinivas Naik,13,M,0
11740,10216,Ramesh Bhat,38,M,0
11741,10217,Pooja Kumar,64,F,0
11742,10218,Radha Shetty,59,F,0
11743,10219,Sowmya Iyer,19,F,0
11744,10220,Radha Setty,75,F,0
11745,10221,Priya Achar,52,F,0
11746,10222,Sunita Shetty,17,F,0
11747,10223,Nagaraj Naik,23,M,0
11748,10224,Prakash Achar,52,M,0
11749,10225,Anita Patil,37,F,0
11750,10226,Manjunath Poojary,47,M,0
11751,10227,Roopa Naik,12,F,0
11752,10228,Shivaraj Gowda,40,M,0
11753,10229,Lakshmi Murthy,68,F,0
11754,10230,Anil Kumar,60,M,0
11755,10231,Priya Bhat,38,F,0
11756,10232,Anita Iyer,73,F,0
11757,10233,Sowmya Rao,61,F,0
11758,10234,Prakash Patil,21,M,0
11759,10235,Nandini Poojary,25,F,0
11760,10236,Radha Hegde,41,F,0
11761,10236,Savitha Poojary,58,F,0
11762,10237,Harish Achar,17,M,0
11763,10238,Mahesh Hegde,74,M,0
11764,10239,Bhagya Iyer,18,F,0
11765,10240,Rekha Hegde,60,F,0
11766,10241,Roopa Bhat,38,F,0
11767,10242,Sunita Bhat,69,F,0
11768,10242,Deepa Patil,7,F,0
11769,10243,Sunita Rao,32,F,0
11770,10244,Bhagya Naidu,13,F,0
11771,10245,Anil Achar,47,M,0
11772,10246,Vijay Kumar,32,M,0
11773,10247,Savitha Achar,40,F,0
11774,10248,Santosh Patil,35,M,0
11775,10249,Raghu Bhat,50,M,0
11776,10250,Girish Naidu,53,M,0
11777,10250,Kavya Naik,20,F,0
11778,10251,Lakshmi Reddy,26,F,0
11779,10252,Chaya Achar,27,F,0
11780,10253,Chaya Reddy,31,F,0
11781,10254,Lakshmi Iyer,35,F,0
11782,10255,Suresh Achar,7,M,0
11783,10256,Anita Naik,10,F,0
11784,10257,Harish Naidu,47,M,0
11785,10258,Manjunath Shetty,47,M,0
11786,10259,Anil Bhat,59,M,0
11787,10260,Basavaraj Achar,41,M,0
11788,10261,Manjunath Hegde,50,M,0
11789,10262,Deepa Poojary,38,F,0
11790,10263,Shwetha Naidu,22,F,0
11791,10264,Shivaraj Gowda,45,M,0
11792,10265,Shobha Shetty,14,F,0
11793,10266,Sowmya Reddy,74,F,0
11794,10267,Santosh Reddy,16,M,0
11795,10267,Nagaraj Bhat,64,M,0
11796,10268,Radha Reddy,30,F,0
11797,10269,Santosh Reddy,10,M,0
11798,10270,Ganesh Naik,48,M,0
11799,10271,Anita Shetty,50,F,0
11800,10272,Priya Shetty,65,F,0
11801,10273,Anil Hegde,8,M,0
11802,10274,Bhagya Iyer,62,F,0
11803,10275,Anita Iyer,75,F,0
11804,10275,Vidya Poojary,62,F,0
11805,10276,Shobha Murthy,55,F,0
11806,10277,Raghu Hegde,27,M,0
11807,10278,Girish Hegde,54,M,0
11808,10279,Srinivas Hegde,10,M,0
11809,10280,Geeta Shetty,25,F,0
11810,10281,Manjula Bhat,53,F,0
11811,10282,Kavya Setty,30,F,0
11812,10282,Naveen Reddy,11,M,0
11813,10283,Shivaraj Gowda,73,M,0
11814,10284,Kumar Poojary,6,M,0
11815,10285,Priya Patil,66,F,0
11816,10286,Ramesh Achar,8,M,0
11817,10286,Vijay Naik,38,M,0
11818,10287,Savitha Hegde,62,F,0
11819,10288,Girish Rao,60,M,0
11820,10288,Roopa Achar,64,F,0
11821,10289,Priya Achar,24,F,0
11822,10290,Shobha Setty,72,F,0
11823,10290,Bhagya Poojary,64,F,0
11824,10291,Priya Kumar,65,F,0
11825,10291,Mahesh Iyer,68,M,0
11826,10292,Girish Patil,58,M,0
11827,10292,Ramesh Hegde,74,M,0
11828,10293,Rekha Patil,61,F,0
11829,10294,Nandini Setty,22,F,0
11830,10294,Anil Naidu,5,M,0
11831,10295,Roopa Bhat,15,F,0
11832,10296,Nagaraj Bhat,45,M,0
11833,10297,Manjula Setty,24,F,0
11834,10297,Nandini Naidu,31,F,0
11835,10298,Kumar Naik,44,M,0
11836,10299,Shobha Murthy,8,F,0
11837,10300,Ramesh Hegde,38,M,0
11838,10301,Lakshmi Naidu,56,F,0
11839,10302,Lakshmi Achar,37,F,0
11840,10303,Yogesh Naik,49,M,0
11841,10304,Mahesh Reddy,18,M,0
11842,10305,Nagaraj Poojary,37,M,0
11843,10306,Savitha Achar,35,F,0
11844,10307,Vidya Rao,41,F,0
11845,10307,Ganesh Iyer,12,M,0
11846,10308,Shobha Shetty,42,F,0
11847,10308,Sunita Hegde,19,F,0
11848,10309,Mahesh Rao,17,M,0
11849,10310,Mahesh Achar,38,M,0
11850,10311,Ganesh Hegde,10,M,0
11851,10312,Ramesh Hegde,21,M,0
11852,10313,Deepa Patil,69,F,0
11853,10314,Kavya Iyer,36,F,0
11854,10315,Nandini Setty,51,F,0
11855,10315,Raghu Setty,48,M,0
11856,10316,Sowmya Murthy,61,F,0
11857,10317,Anil Hegde,56,M,0
11858,10318,Anita Reddy,22,F,0
11859,10319,Naveen Iyer,58,M,0
11860,10319,Manjula Patil,44,F,0
11861,10320,Naveen Reddy,27,M,0
11862,10321,Lakshmi Bhat,63,F,0
11863,10321,Vidya Hegde,14,F,0
11864,10322,Savitha Kumar,16,F,0
11865,10323,Rekha Murthy,13,F,0
11866,10324,Vidya Gowda,24,F,0
11867,10325,Shobha Rao,50,F,0
11868,10325,Ganesh Setty,14,M,0
11869,10326,Prakash Shetty,74,M,0
11870,10327,Savitha Bhat,45,F,0
11871,10328,Ravi Patil,46,M,0
11872,10329,Shwetha Setty,69,F,0
11873,10330,Deepa Kumar,65,F,0
11874,10331,Deepa Rao,53,F,0
11875,10332,Kumar Murthy,36,M,0
11876,10333,Bhagya Naik,33,F,0
11877,10334,Kumar Rao,56,M,0
11878,10335,Naveen Gowda,58,M,0
11879,10336,Ramesh Setty,6,M,0
11880,10337,Naveen Hegde,14,M,0
11881,10338,Savitha Achar,32,F,0
11882,10339,Roopa Rao,50,F,0
11883,10340,Geeta Shetty,7,F,0
11884,10341,Kumar Iyer,55,M,0
11885,10342,Ganesh Kumar,23,M,0
11886,10342,Yogesh Shetty,38,M,0
11887,10343,Lakshmi Setty,55,F,0
11888,10343,Harish Bhat,9,M,0
11889,10344,Santosh Achar,55,M,0
11890,10344,Manjula Kumar,25,F,0
11891,10345,Ramesh Gowda,61,M,0
11892,10346,Deepa Setty,59,F,0
11893,10346,Harish Murthy,36,M,0
11894,10347,Anil Achar,67,M,0
11895,10348,Vidya Kumar,25,F,0
11896,10349,Rekha Bhat,72,F,0
11897,10350,Vijay Shetty,45,M,0
11898,10351,Roopa Iyer,64,F,0
11899,10352,Harish Naik,28,M,0
11900,10353,Radha Achar,6,F,0
11901,10354,Anita Setty,36,F,0
11902,10355,Nagaraj Achar,5,M,0
11903,10356,Vijay Hegde,22,M,0
11904,10357,Ramesh Shetty,62,M,0
11905,10358,Anita Setty,55,F,0
11906,10359,Basavaraj Poojary,51,M,0
11907,10359,Geeta Murthy,21,F,0
11908,10360,Geeta Poojary,16,F,0
11909,10361,Manjunath Naidu,43,M,0
11910,10362,Sowmya Murthy,12,F,0
11911,10363,Naveen Poojary,33,M,0
11912,10364,Anil Hegde,49,M,0
11913,10365,Kavya Iyer,32,F,0
11914,10365,Lakshmi Iyer,11,F,0
11915,10366,Kavya Reddy,36,F,0
11916,10367,Nandini Gowda,59,F,0
11917,10368,Manjula Naik,21,F,0
11918,10369,Savitha Murthy,24,F,0
11919,10369,Prakash Naik,16,M,0
11920,10370,Pooja Naik,20,F,0
11921,10371,Sunita Gowda,51,F,0
11922,10372,Savitha Bhat,7,F,0
11923,10373,Shwetha Achar,69,F,0
11924,10374,Yogesh Poojary,47,M,0
11925,10375,Ravi Kumar,72,M,0
11926,10376,Shivaraj Iyer,65,M,0
11927,10377,Savitha Achar,69,F,0
11928,10378,Shobha Patil,74,F,0
11929,10379,Sowmya Naik,67,F,0
11930,10380,Vidya Kumar,53,F,0
11931,10381,Rekha Rao,31,F,0
11932,10382,Shwetha Iyer,7,F,0
11933,10383,Raghu Rao,71,M,0
11934,10384,Girish Achar,70,M,0
11935,10385,Srinivas Murthy,51,M,0
11936,10386,Sowmya Gowda,67,F,0
11937,10387,Lakshmi Patil,72,F,0
11938,10387,Roopa Poojary,68,F,0
11939,10388,Ganesh Naidu,62,M,0
11940,10389,Kavya Naidu,53,F,0
11941,10390,Anil Kumar,73,M,0
11942,10391,Ganesh Rao,33,M,0
11943,10392,Nandini Iyer,59,F,0
11944,10393,Pooja Poojary,18,F,0
11945,10394,Kumar Setty,49,M,0
11946,10395,Ramesh Rao,71,M,0
11947,10396,Sowmya Kumar,16,F,0
11948,10397,Suresh Reddy,16,M,0
11949,10398,Basavaraj Kumar,28,M,0
11950,10399,Ravi Reddy,60,M,0
11951,10399,Ravi Poojary,5,M,0
11952,10400,Prakash Naik,40,M,0
11953,10401,Bhagya Patil,44,F,0
11954,10402,Raghu Reddy,35,M,0
11955,10403,Anil Poojary,7,M,0
11956,10404,Shivaraj Hegde,32,M,0
11957,10405,Girish Kumar,14,M,0
11958,10406,Rekha Achar,62,F,0
11959,10407,Naveen Shetty,44,M,0
11960,10408,Anil Shetty,43,M,0
11961,10409,Yogesh Rao,45,M,0
11962,10410,Yogesh Hegde,49,M,0
11963,10411,Mahesh Setty,49,M,0
11964,10411,Basavaraj Poojary,58,M,0
11965,10412,Bhagya Kumar,7,F,0
11966,10413,Roopa Reddy,13,F,0
11967,10414,Vidya Gowda,26,F,0
11968,10415,Manjunath Kumar,61,M,0
11969,10415,Pooja Gowda,50,F,0
11970,10416,Manjunath Achar,44,M,0
11971,10417,Kavya Setty,19,F,0
11972,10418,Vidya Achar,42,F,0
11973,10419,Nagaraj Hegde,72,M,0
11974,10419,Yogesh Reddy,16,M,0
11975,10420,Vidya Reddy,6,F,0
11976,10421,Srinivas Poojary,24,M,0
11977,10422,Savitha Hegde,75,F,0
11978,10423,Girish Achar,6,M,0
11979,10424,Suresh Shetty,16,M,0
11980,10425,Roopa Hegde,6,F,0
11981,10426,Vidya Reddy,63,F,0
11982,10427,Shobha Hegde,7,F,0
11983,10428,Suresh Gowda,65,M,0
11984,10429,Harish Naik,57,M,0
11985,10429,Priya Gowda,68,F,0
11986,10430,Vidya Iyer,34,F,0
11987,10431,Raghu Iyer,51,M,0
11988,10432,Nagaraj Rao,42,M,0
11989,10433,Srinivas Gowda,33,M,0
11990,10434,Shivaraj Bhat,14,M,0
11991,10435,Kavya Iyer,60,F,0
11992,10436,Basavaraj Gowda,16,M,0
11993,10437,Girish Naik,27,M,0
11994,10438,Roopa Murthy,29,F,0
11995,10439,Harish Patil,27,M,0
11996,10440,Pooja Naidu,16,F,0
11997,10440,Raghu Reddy,18,M,0
11998,10441,Rekha Kumar,20,F,0
11999,10442,Yogesh Naidu,41,M,0
12000,10443,Anil Rao,30,M,0
12001,10444,Nagaraj Murthy,31,M,0
12002,10445,Roopa Iyer,29,F,0
12003,10445,Nagaraj Hegde,31,M,0
12004,10446,Savitha Rao,38,F,0
12005,10446,Raghu Achar,5,M,0
12006,10447,Shwetha Iyer,8,F,0
12007,10448,Ganesh Kumar,22,M,0
12008,10448,Ganesh Patil,29,M,0
12009,10449,Manjunath Bhat,42,M,0
12010,10450,Anita Bhat,70,F,0
12011,10451,Chaya Achar,75,F,0
12012,10452,Kumar Bhat,63,M,0
12013,10453,Anil Patil,33,M,0
12014,10454,Ramesh Iyer,46,M,0
12015,10455,Yogesh Poojary,26,M,0
12016,10456,Santosh Gowda,33,M,0
12017,10457,Kavya Naik,59,F,0
12018,10458,Priya Achar,62,F,0
12019,10458,Suresh Achar,54,M,0
12020,10459,Raghu Iyer,29,M,0
12021,10460,Harish Bhat,37,M,0
12022,10461,Chaya Kumar,45,F,0
12023,10462,Prakash Bhat,59,M,0
12024,10463,Rekha Achar,19,F,0
12025,10464,Nagaraj Murthy,18,M,0
12026,10465,Mahesh Reddy,12,M,0
12027,10466,Deepa Murthy,64,F,0
12028,10467,Manjula Naik,71,F,0
12029,10468,Bhagya Patil,13,F,0
12030,10469,Savitha Rao,45,F,0
12031,10470,Anita Reddy,46,F,0
12032,10471,Ravi Naidu,70,M,0
12033,10472,Priya Naidu,8,F,0
12034,10473,Kumar Shetty,72,M,0
12035,10473,Harish Hegde,8,M,0
12036,10474,Vidya Setty,59,F,0
12037,10475,Kumar Achar,36,M,0
12038,10475,Savitha Iyer,18,F,0
12039,10476,Pooja Bhat,7,F,0
12040,10477,Santosh Naidu,58,M,0
12041,10478,Manjula Reddy,27,F,0
12042,10479,Anita Murthy,5,F,0
12043,10480,Deepa Bhat,22,F,0
12044,10481,Lakshmi Shetty,71,F,0
12045,10482,Raghu Shetty,38,M,0
12046,10483,Kumar Iyer,30,M,0
12047,10483,Rekha Achar,42,F,0
12048,10484,Ramesh Gowda,33,M,0
12049,10485,Sunita Gowda,34,F,0
12050,10486,Manjunath Hegde,9,M,0
12051,10487,Manjula Poojary,24,F,0
12052,10488,Ganesh Poojary,8,M,0
12053,10489,Nandini Bhat,16,F,0
12054,10490,Mahesh Kumar,72,M,0
12055,10491,Sowmya Gowda,31,F,0
12056,10492,Vijay Murthy,41,M,0
12057,10493,Ramesh Iyer,20,M,0
12058,10494,Savitha Naidu,43,F,0
12059,10495,Lakshmi Murthy,42,F,0
12060,10496,Raghu Kumar,71,M,0
12061,10497,Santosh Reddy,70,M,0
12062,10498,Shivaraj Naidu,51,M,0
12063,10499,Priya Naidu,47,F,0
12064,10500,Anil Naidu,43,M,0
12065,10501,Yogesh Rao,19,M,0
12066,10501,Basavaraj Rao,9,M,0
12067,10502,Raghu Gowda,32,M,0
12068,10503,Santosh Poojary,5,M,0
12069,10504,Anil Iyer,56,M,0
12070,10504,Yogesh Murthy,37,M,0
12071,10505,Raghu Bhat,42,M,0
12072,10506,Savitha Murthy,19,F,0
12073,10507,Sowmya Rao,43,F,0
12074,10508,Kumar Patil,65,M,0
12075,10509,Ravi Bhat,31,M,0
12076,10510,Anil Kumar,13,M,0
12077,10510,Anil Murthy,33,M,0
12078,10511,Nandini Achar,63,F,0
12079,10512,Rekha Rao,70,F,0
12080,10513,Kumar Reddy,11,M,0
12081,10514,Anita Iyer,6,F,0
12082,10514,Pooja Hegde,36,F,0
12083,10515,Girish Bhat,28,M,0
12084,10516,Bhagya Bhat,73,F,0
12085,10516,Deepa Achar,70,F,0
12086,10517,Kumar Shetty,17,M,0
12087,10517,Ganesh Naik,47,M,0
12088,10518,Anil Bhat,63,M,0
12089,10519,Priya Naidu,71,F,0
12090,10520,Raghu Iyer,28,M,0
12091,10521,Priya Gowda,61,F,0
12092,10522,Harish Achar,21,M,0
12093,10523,Naveen Kumar,20,M,0
12094,10524,Rekha Iyer,39,F,0
12095,10525,Roopa Bhat,28,F,0
12096,10526,Ganesh Shetty,52,M,0
12097,10527,Harish Rao,25,M,0
12098,10528,Savitha Murthy,66,F,0
12099,10528,Naveen Gowda,51,M,0
12100,10529,Shwetha Shetty,61,F,0
12101,10530,Ravi Gowda,37,M,0
12102,10531,Vijay Bhat,59,M,0
12103,10532,Kumar Achar,33,M,0
12104,10533,Basavaraj Iyer,39,M,0
12105,10534,Shivaraj Reddy,72,M,0
12106,10535,Vijay Gowda,60,M,0
12107,10536,Santosh Naidu,50,M,0
12108,10537,Pooja Naidu,68,F,0
12109,10538,Ramesh Kumar,66,M,0
12110,10538,Bhagya Achar,9,F,0
12111,10539,Geeta Iyer,65,F,0
12112,10540,Shivaraj Iyer,71,M,0
12113,10541,Radha Reddy,19,F,0
12114,10542,Pooja Reddy,73,F,0
12115,10543,Harish Bhat,48,M,0
12116,10544,Yogesh Iyer,23,M,0
12117,10545,Kumar Setty,45,M,0
12118,10546,Manjula Patil,60,F,0
12119,10546,Sunita Murthy,14,F,0
12120,10547,Nandini Gowda,52,F,0
12121,10547,Mahesh Poojary,19,M,0
12122,10548,Lakshmi Achar,35,F,0
12123,10549,Manjunath Bhat,74,M,0
12124,10550,Deepa Setty,24,F,0
12125,10551,Ravi Patil,37,M,0
12126,10552,Prakash Achar,9,M,0
12127,10553,Deepa Achar,41,F,0
12128,10554,Geeta Reddy,57,F,0
12129,10555,Vidya Reddy,37,F,0
12130,10555,Rekha Shetty,13,F,0
12131,10556,Shwetha Gowda,34,F,0
12132,10557,Nagaraj Hegde,58,M,0
12133,10558,Priya Kumar,47,F,0
12134,10559,Ramesh Achar,38,M,0
12135,10560,Shwetha Poojary,48,F,0
12136,10561,Srinivas Rao,23,M,0
12137,10562,Nagaraj Hegde,54,M,0
12138,10563,Raghu Setty,37,M,0
12139,10564,Harish Kumar,74,M,0
12140,10565,Sunita Shetty,53,F,0
12141,10566,Kavya Bhat,7,F,0
12142,10567,Raghu Kumar,28,M,0
12143,10568,Sowmya Achar,23,F,0
12144,10569,Bhagya Achar,6,F,0
12145,10570,Anita Shetty,58,F,0
12146,10571,Basavaraj Achar,59,M,0
12147,10572,Basavaraj Bhat,63,M,0
12148,10572,Nagaraj Naidu,6,M,0
12149,10573,Anil Reddy,18,M,0
12150,10574,Vijay Bhat,15,M,0
12151,10575,Ramesh Poojary,36,M,0
12152,10576,Savitha Murthy,30,F,0
12153,10577,Yogesh Achar,55,M,0
12154,10577,Lakshmi Shetty,28,F,0
12155,10578,Manjunath Reddy,46,M,0
12156,10579,Santosh Murthy,50,M,0
12157,10580,Basavaraj Naidu,10,M,0
12158,10581,Chaya Naik,42,F,0
12159,10582,Vidya Poojary,68,F,0
12160,10583,Lakshmi Naidu,72,F,0
12161,10584,Harish Hegde,15,M,0
12162,10585,Kavya Achar,31,F,0
12163,10586,Shobha Iyer,5,F,0
12164,10587,Roopa Naidu,15,F,0
12165,10588,Vijay Murthy,26,M,0
12166,10589,Roopa Naidu,53,F,0
12167,10590,Sowmya Gowda,8,F,0
12168,10591,Savitha Reddy,68,F,0
12169,10592,Basavaraj Setty,32,M,0
12170,10593,Ramesh Naik,34,M,0
12171,10594,Kumar Hegde,57,M,0
12172,10595,Sunita Rao,74,F,0
12173,10596,Shivaraj Kumar,42,M,0
12174,10597,Vijay Poojary,70,M,0
12175,10598,Sowmya Bhat,19,F,0
12176,10599,Kavya Shetty,57,F,0
12177,10599,Suresh Naik,47,M,0
12178,10600,Lakshmi Naidu,37,F,0
12179,10601,Rekha Naidu,20,F,0
12180,10602,Rekha Poojary,59,F,0
12181,10603,Harish Kumar,16,M,0
12182,10604,Pooja Reddy,66,F,0
12183,10605,Girish Gowda,58,M,0
12184,10606,Savitha Shetty,64,F,0
12185,10607,Chaya Iyer,42,F,0
12186,10608,Priya Patil,53,F,0
12187,10609,Pooja Achar,47,F,0
12188,10610,Girish Poojary,44,M,0
12189,10611,Vijay Murthy,18,M,0
12190,10612,Lakshmi Achar,31,F,0
12191,10613,Manjunath Naidu,15,M,0
12192,10614,Suresh Hegde,7,M,0
12193,10615,Santosh Gowda,44,M,0
12194,10615,Ramesh Reddy,48,M,0
12195,10616,Nandini Patil,43,F,0
12196,10617,Ravi Naidu,12,M,0
12197,10618,Girish Shetty,50,M,0
12198,10619,Savitha Poojary,17,F,0
12199,10620,Suresh Shetty,46,M,0
12200,10621,Bhagya Hegde,27,F,0
12201,10622,Priya Iyer,48,F,0
12202,10623,Girish Rao,26,M,0
12203,10624,Lakshmi Poojary,54,F,0
12204,10624,Mahesh Bhat,58,M,0
12205,10625,Manjunath Kumar,51,M,0
12206,10626,Geeta Rao,63,F,0
12207,10627,Raghu Kumar,46,M,0
12208,10627,Bhagya Poojary,72,F,0
12209,10628,Shobha Reddy,21,F,0
12210,10629,Roopa Murthy,23,F,0
12211,10629,Santosh Achar,72,M,0
12212,10630,Chaya Bhat,41,F,0
12213,10631,Ravi Shetty,73,M,0
12214,10632,Pooja Murthy,52,F,0
12215,10633,Ravi Rao,27,M,0
12216,10634,Manjula Kumar,37,F,0
12217,10635,Raghu Kumar,69,M,0
12218,10636,Nagaraj Patil,22,M,0
12219,10637,Girish Hegde,69,M,0
12220,10637,Harish Reddy,27,M,0
12221,10638,Sowmya Reddy,5,F,0
12222,10638,Vidya Murthy,8,F,0
12223,10639,Raghu Reddy,64,M,0
12224,10640,Kumar Rao,46,M,0
12225,10640,Anita Iyer,29,F,0
12226,10641,Anita Naik,10,F,0
12227,10642,Bhagya Reddy,70,F,0
12228,10643,Geeta Iyer,65,F,0
12229,10644,Manjunath Naik,51,M,0
12230,10644,Vijay Achar,62,M,0
12231,10645,Ravi Rao,33,M,0
12232,10646,Srinivas Bhat,36,M,0
12233,10647,Sunita Kumar,58,F,0
12234,10647,Vijay Naidu,72,M,0
12235,10648,Naveen Gowda,36,M,0
12236,10649,Harish Naik,75,M,0
12237,10650,Naveen Iyer,66,M,0
12238,10651,Lakshmi Reddy,33,F,0
12239,10651,Girish Murthy,8,M,0
12240,10652,Bhagya Kumar,32,F,0
12241,10653,Rekha Achar,74,F,0
12242,10654,Naveen Iyer,26,M,0
12243,10655,Srinivas Reddy,42,M,0
12244,10656,Shobha Naidu,9,F,0
12245,10657,Ravi Bhat,7,M,0
12246,10657,Pooja Iyer,5,F,0
12247,10658,Shwetha Reddy,34,F,0
12248,10658,Radha Achar,54,F,0
12249,10659,Deepa Poojary,72,F,0
12250,10660,Radha Gowda,55,F,0
12251,10661,Bhagya Setty,59,F,0
12252,10662,Harish Bhat,57,M,0
12253,10663,Yogesh Reddy,8,M,0
12254,10664,Ramesh Setty,38,M,0
12255,10664,Ravi Bhat,67,M,0
12256,10665,Srinivas Setty,46,M,0
12257,10666,Lakshmi Kumar,12,F,0
12258,10667,Manjula Bhat,14,F,0
12259,10667,Anil Iyer,23,M,0
12260,10668,Manjunath Iyer,43,M,0
12261,10669,Nagaraj Rao,26,M,0
12262,10669,Ramesh Naidu,39,M,0
12263,10670,Manjula Naik,26,F,0
12264,10671,Rekha Setty,32,F,0
12265,10672,Raghu Naik,42,M,0
12266,10673,Bhagya Bhat,59,F,0
12267,10673,Santosh Naidu,45,M,0
12268,10674,Nandini Naik,40,F,0
12269,10675,Anil Hegde,69,M,0
12270,10676,Manjula Bhat,46,F,0
12271,10677,Sowmya Poojary,21,F,0
12272,10677,Nagaraj Iyer,22,M,0
12273,10678,Yogesh Reddy,23,M,0
12274,10679,Nandini Reddy,12,F,0
12275,10680,Anil Gowda,30,M,0
12276,10681,Prakash Iyer,15,M,0
12277,10682,Prakash Shetty,40,M,0
12278,10683,Anil Reddy,53,M,0
12279,10684,Ramesh Gowda,32,M,0
12280,10685,Manjula Hegde,47,F,0
12281,10686,Santosh Gowda,71,M,0
12282,10687,Radha Murthy,24,F,0
12283,10688,Yogesh Bhat,10,M,0
12284,10688,Savitha Gowda,7,F,0
12285,10689,Harish Murthy,35,M,0
12286,10690,Geeta Achar,62,F,0
12287,10691,Priya Achar,49,F,0
12288,10692,Priya Achar,56,F,0
12289,10692,Prakash Murthy,16,M,0
12290,10693,Naveen Naidu,27,M,0
12291,10694,Radha Poojary,51,F,0
12292,10695,Yogesh Hegde,11,M,0
12293,10696,Raghu Reddy,45,M,0
12294,10697,Shivaraj Setty,22,M,0
12295,10698,Yogesh Naidu,33,M,0
12296,10698,Yogesh Setty,59,M,0
12297,10699,Manjula Poojary,43,F,0
12298,10700,Prakash Bhat,11,M,0
12299,10701,Srinivas Shetty,39,M,0
12300,10702,Sowmya Murthy,35,F,0
12301,10703,Kavya Reddy,68,F,0
12302,10704,Roopa Murthy,39,F,0
12303,10705,Ramesh Rao,32,M,0
12304,10705,Vijay Achar,47,M,0
12305,10706,Kumar Naidu,12,M,0
12306,10707,Manjunath Murthy,64,M,0
12307,10708,Vidya Hegde,72,F,0
12308,10709,Shobha Rao,35,F,0
12309,10710,Anil Poojary,21,M,0
12310,10711,Sowmya Iyer,28,F,0
12311,10712,Deepa Naidu,39,F,0
12312,10713,Bhagya Iyer,48,F,0
12313,10714,Raghu Achar,20,M,0
12314,10715,Ramesh Setty,37,M,0
12315,10716,Lakshmi Reddy,69,F,0
12316,10717,Vijay Achar,62,M,0
12317,10718,Nandini Hegde,24,F,0
12318,10719,Shobha Shetty,17,F,0
12319,10719,Shwetha Shetty,35,F,0
12320,10720,Chaya Poojary,19,F,0
12321,10721,Ravi Bhat,54,M,0
12322,10722,Rekha Poojary,51,F,0
12323,10723,Ravi Setty,59,M,0
12324,10723,Lakshmi Naik,19,F,0
12325,10724,Chaya Setty,56,F,0
12326,10725,Priya Gowda,23,F,0
12327,10726,Santosh Rao,49,M,0
12328,10727,Srinivas Hegde,45,M,0
12329,10728,Ravi Setty,25,M,0
12330,10729,Mahesh Hegde,45,M,0
12331,10730,Lakshmi Hegde,7,F,0
12332,10731,Shwetha Achar,56,F,0
12333,10732,Shobha Kumar,46,F,0
12334,10733,Pooja Achar,23,F,0
12335,10733,Roopa Rao,31,F,0
12336,10734,Vidya Kumar,16,F,0
12337,10735,Manjula Murthy,60,F,0
12338,10736,Kavya Naik,37,F,0
12339,10737,Shobha Murthy,69,F,0
12340,10738,Radha Bhat,38,F,0
12341,10739,Ramesh Hegde,40,M,0
12342,10739,Anita Achar,64,F,0
12343,10740,Mahesh Shetty,75,M,0
12344,10741,Sunita Poojary,56,F,0
12345,10742,Ravi Naik,75,M,0
12346,10743,Anita Naidu,11,F,0
12347,10744,Pooja Reddy,74,F,0
12348,10745,Basavaraj Iyer,18,M,0
12349,10746,Santosh Hegde,49,M,0
12350,10746,Vidya Iyer,58,F,0
12351,10747,Rekha Bhat,47,F,0
12352,10747,Kumar Naik,25,M,0
12353,10748,Pooja Iyer,52,F,0
12354,10749,Ramesh Kumar,37,M,0
12355,10750,Ganesh Murthy,52,M,0
12356,10751,Roopa Murthy,73,F,0
12357,10752,Sunita Bhat,40,F,0
12358,10753,Vijay Rao,8,M,0
12359,10754,Santosh Murthy,20,M,0
12360,10755,Shobha Naidu,38,F,0
12361,10756,Sowmya Bhat,16,F,0
12362,10757,Pooja Achar,38,F,0
12363,10758,Priya Setty,42,F,0
12364,10759,Naveen Setty,72,M,0
12365,10760,Priya Bhat,74,F,0
12366,10761,Vidya Kumar,45,F,0
12367,10762,Raghu Naik,9,M,0
12368,10763,Rekha Setty,5,F,0
12369,10763,Shobha Setty,63,F,0
12370,10764,Kumar Reddy,71,M,0
12371,10764,Roopa Shetty,70,F,0
12372,10765,Ramesh Reddy,52,M,0
12373,10765,Santosh Achar,28,M,0
12374,10766,Geeta Naidu,11,F,0
12375,10767,Nandini Reddy,51,F,0
12376,10768,Harish Iyer,33,M,0
12377,10769,Srinivas Patil,37,M,0
12378,10770,Roopa Reddy,68,F,0
12379,10770,Savitha Hegde,45,F,0
12380,10771,Vidya Reddy,71,F,0
12381,10771,Savitha Murthy,38,F,0
12382,10772,Shivaraj Gowda,17,M,0
12383,10773,Pooja Iyer,19,F,0
12384,10774,Anita Poojary,11,F,0
12385,10775,Harish Rao,26,M,0
12386,10775,Nandini Hegde,49,F,0
12387,10776,Anil Gowda,6,M,0
12388,10777,Yogesh Iyer,55,M,0
12389,10778,Yogesh Hegde,45,M,0
12390,10778,Rekha Rao,21,F,0
12391,10779,Geeta Setty,60,F,0
12392,10780,Pooja Patil,6,F,0
12393,10781,Prakash Achar,46,M,0
12394,10782,Suresh Achar,61,M,0
12395,10783,Shivaraj Hegde,63,M,0
12396,10784,Nagaraj Iyer,68,M,0
12397,10785,Geeta Reddy,60,F,0
12398,10786,Shobha Hegde,24,F,0
12399,10787,Vijay Achar,51,M,0
12400,10788,Basavaraj Patil,48,M,0
12401,10789,Geeta Rao,49,F,0
12402,10790,Prakash Naidu,75,M,0
12403,10791,Nandini Achar,21,F,0
12404,10791,Priya Gowda,42,F,0
12405,10792,Pooja Achar,9,F,0
12406,10793,Savitha Hegde,32,F,0
12407,10794,Nandini Naik,17,F,0
12408,10795,Vijay Reddy,27,M,0
12409,10796,Vidya Hegde,24,F,0
12410,10797,Mahesh Setty,19,M,0
12411,10798,Raghu Naik,10,M,0
12412,10799,Kumar Murthy,5,M,0
12413,10800,Roopa Patil,49,F,0
12414,10801,Chaya Bhat,17,F,0
12415,10802,Sowmya Hegde,71,F,0
12416,10803,Bhagya Bhat,8,F,0
12417,10804,Manjula Setty,30,F,0
12418,10805,Shwetha Reddy,75,F,0
12419,10806,Girish Bhat,48,M,0
12420,10807,Roopa Patil,58,F,0
12421,10808,Lakshmi Gowda,33,F,0
12422,10808,Geeta Rao,5,F,0
12423,10809,Sunita Hegde,20,F,0
12424,10810,Shwetha Poojary,58,F,0
12425,10811,Radha Naidu,18,F,0
12426,10812,Manjunath Naik,60,M,0
12427,10813,Suresh Naik,46,M,0
12428,10814,Priya Murthy,60,F,0
12429,10815,Naveen Murthy,55,M,0
12430,10816,Raghu Shetty,38,M,0
12431,10817,Ganesh Reddy,48,M,0
12432,10818,Kavya Rao,56,F,0
12433,10819,Yogesh Bhat,47,M,0
12434,10820,Prakash Gowda,21,M,0
12435,10821,Srinivas Naik,15,M,0
12436,10822,Ramesh Setty,12,M,0
12437,10822,Ramesh Murthy,69,M,0
12438,10823,Ganesh Patil,48,M,0
12439,10823,Shobha Achar,30,F,0
12440,10824,Vidya Reddy,46,F,0
12441,10825,Ganesh Setty,56,M,0
12442,10825,Rekha Patil,63,F,0
12443,10826,Shobha Rao,56,F,0
12444,10826,Anil Bhat,29,M,0
12445,10827,Shwetha Poojary,22,F,0
12446,10827,Sowmya Murthy,23,F,0
12447,10828,Chaya Setty,26,F,0
12448,10829,Ramesh Shetty,74,M,0
12449,10830,Radha Kumar,53,F,0
12450,10831,Yogesh Rao,34,M,0
12451,10832,Priya Naidu,34,F,0
12452,10833,Priya Naik,65,F,0
12453,10834,Anita Kumar,21,F,0
12454,10835,Yogesh Shetty,5,M,0
12455,10836,Basavaraj Hegde,69,M,0
12456,10837,Manjula Shetty,52,F,0
12457,10837,Manjunath Bhat,6,M,0
12458,10838,Sunita Gowda,31,F,0
12459,10839,Naveen Shetty,28,M,0
12460,10840,Roopa Naik,40,F,0
12461,10841,Vijay Iyer,19,M,0
12462,10842,Vijay Setty,5,M,0
12463,10843,Naveen Naidu,20,M,0
12464,10844,Savitha Hegde,47,F,0
12465,10845,Santosh Naidu,49,M,0
12466,10846,Sunita Hegde,14,F,0
12467,10847,Nagaraj Iyer,74,M,0
12468,10848,Nandini Achar,45,F,0
12469,10849,Girish Poojary,64,M,0
12470,10850,Ramesh Rao,66,M,0
12471,10851,Lakshmi Naik,70,F,0
12472,10852,Roopa Kumar,19,F,0
12473,10853,Kumar Naidu,46,M,0
12474,10854,Naveen Poojary,8,M,0
12475,10854,Deepa Setty,36,F,0
12476,10855,Pooja Murthy,67,F,0
12477,10856,Yogesh Iyer,22,M,0
12478,10857,Prakash Iyer,68,M,0
12479,10858,Chaya Patil,17,F,0
12480,10859,Nagaraj Bhat,52,M,0
12481,10860,Suresh Patil,12,M,0
12482,10860,Kavya Naik,14,F,0
12483,10861,Sunita Setty,24,F,0
12484,10862,Kavya Setty,36,F,0
12485,10863,Ramesh Setty,49,M,0
12486,10864,Roopa Reddy,41,F,0
12487,10865,Deepa Iyer,70,F,0
12488,10866,Radha Hegde,45,F,0
12489,10867,Shivaraj Murthy,25,M,0
12490,10867,Rekha Reddy,14,F,0
12491,10868,Anita Naidu,25,F,0
12492,10869,Geeta Iyer,11,F,0
12493,10870,Kavya Patil,10,F,0
12494,10871,Prakash Patil,40,M,0
12495,10872,Shwetha Bhat,59,F,0
12496,10873,Deepa Hegde,57,F,0
12497,10874,Srinivas Poojary,14,M,0
12498,10875,Vijay Naik,56,M,0
12499,10876,Yogesh Iyer,9,M,0
12500,10876,Geeta Shetty,20,F,0
12501,10877,Lakshmi Iyer,72,F,0
12502,10878,Shwetha Reddy,36,F,0
12503,10879,Bhagya Shetty,51,F,0
12504,10880,Shivaraj Gowda,14,M,0
12505,10881,Radha Kumar,31,F,0
12506,10882,Girish Achar,9,M,0
12507,10882,Radha Iyer,23,F,0
12508,10883,Kumar Patil,24,M,0
12509,10884,Vijay Shetty,33,M,0
12510,10885,Vijay Kumar,53,M,0
12511,10886,Suresh Setty,43,M,0
12512,10886,Nagaraj Poojary,50,M,0
12513,10887,Ramesh Naidu,17,M,0
12514,10888,Bhagya Patil,6,F,0
12515,10889,Manjunath Patil,40,M,0
12516,10889,Santosh Hegde,52,M,0
12517,10890,Bhagya Gowda,34,F,0
12518,10891,Nagaraj Iyer,74,M,0
12519,10891,Nagaraj Iyer,56,M,0
12520,10892,Ganesh Gowda,24,M,0
12521,10892,Nagaraj Achar,29,M,0
12522,10893,Shobha Patil,42,F,0
12523,10894,Sunita Murthy,71,F,0
12524,10895,Ganesh Shetty,39,M,0
12525,10896,Mahesh Achar,52,M,0
12526,10897,Shivaraj Hegde,21,M,0
12527,10898,Pooja Gowda,48,F,0
12528,10898,Sunita Reddy,47,F,0
12529,10899,Srinivas Poojary,24,M,0
12530,10900,Radha Setty,70,F,0
12531,10901,Shivaraj Kumar,47,M,0
12532,10902,Nandini Iyer,50,F,0
12533,10903,Rekha Setty,73,F,0
12534,10904,Chaya Reddy,62,F,0
12535,10905,Suresh Poojary,51,M,0
12536,10906,Lakshmi Kumar,75,F,0
12537,10907,Geeta Iyer,8,F,0
12538,10908,Rekha Reddy,30,F,0
12539,10908,Vidya Murthy,20,F,0
12540,10909,Mahesh Achar,41,M,0
12541,10910,Bhagya Hegde,9,F,0
12542,10911,Kumar Achar,8,M,0
12543,10912,Anil Reddy,23,M,0
12544,10912,Santosh Achar,66,M,0
12545,10913,Prakash Hegde,71,M,0
12546,10914,Sowmya Setty,9,F,0
12547,10915,Shivaraj Naik,58,M,0
12548,10916,Shwetha Achar,31,F,0
12549,10917,Srinivas Hegde,24,M,0
12550,10918,Deepa Kumar,41,F,0
12551,10919,Prakash Poojary,64,M,0
12552,10920,Shivaraj Shetty,64,M,0
12553,10921,Naveen Murthy,20,M,0
12554,10922,Manjunath Hegde,58,M,0
12555,10923,Ganesh Naidu,30,M,0
12556,10924,Basavaraj Achar,58,M,0
12557,10925,Manjula Shetty,43,F,0
12558,10926,Shobha Bhat,75,F,0
12559,10927,Manjunath Kumar,73,M,0
12560,10928,Kumar Setty,72,M,0
12561,10929,Lakshmi Patil,49,F,0
12562,10930,Vidya Reddy,27,F,0
12563,10931,Ravi Bhat,24,M,0
12564,10932,Basavaraj Hegde,16,M,0
12565,10933,Roopa Bhat,13,F,0
12566,10934,Deepa Gowda,59,F,0
12567,10935,Shobha Rao,8,F,0
12568,10936,Roopa Shetty,70,F,0
12569,10937,Nandini Murthy,20,F,0
12570,10938,Sowmya Murthy,51,F,0
12571,10938,Sowmya Shetty,62,F,0
12572,10939,Suresh Hegde,49,M,0
12573,10940,Lakshmi Iyer,8,F,0
12574,10941,Ganesh Murthy,75,M,0
12575,10942,Naveen Naidu,74,M,0
12576,10943,Bhagya Shetty,67,F,0
12577,10944,Sunita Murthy,15,F,0
12578,10945,Geeta Reddy,44,F,0
12579,10946,Ramesh Bhat,16,M,0
12580,10947,Naveen Shetty,6,M,0
12581,10948,Anil Gowda,6,M,0
12582,10949,Deepa Shetty,20,F,0
12583,10950,Geeta Murthy,69,F,0
12584,10951,Deepa Iyer,70,F,0
12585,10952,Naveen Kumar,49,M,0
12586,10953,Santosh Achar,42,M,0
12587,10954,Chaya Naik,72,F,0
12588,10954,Vidya Rao,50,F,0
12589,10955,Deepa Murthy,26,F,0
12590,10955,Pooja Gowda,68,F,0
12591,10956,Shobha Iyer,12,F,0
12592,10957,Harish Setty,16,M,0
12593,10958,Bhagya Iyer,63,F,0
12594,10959,Deepa Gowda,41,F,0
12595,10959,Prakash Setty,63,M,0
12596,10960,Anita Rao,56,F,0
12597,10960,Ravi Rao,45,M,0
12598,10961,Kavya Naik,18,F,0
12599,10962,Santosh Murthy,68,M,0
12600,10963,Rekha Iyer,31,F,0
12601,10963,Vijay Setty,6,M,0
12602,10964,Basavaraj Poojary,68,M,0
12603,10965,Ravi Shetty,61,M,0
12604,10966,Pooja Naidu,35,F,0
12605,10967,Rekha Iyer,20,F,0
12606,10968,Ganesh Hegde,20,M,0
12607,10969,Raghu Patil,17,M,0
12608,10970,Basavaraj Hegde,5,M,0
12609,10971,Raghu Gowda,58,M,0
12610,10972,Kumar Iyer,15,M,0
12611,10973,Suresh Achar,23,M,0
12612,10973,Nagaraj Setty,49,M,0
12613,10974,Deepa Poojary,32,F,0
12614,10975,Roopa Patil,40,F,0
12615,10976,Girish Bhat,5,M,0
12616,10977,Shobha Kumar,28,F,0
12617,10978,Rekha Reddy,37,F,0
12618,10979,Bhagya Gowda,41,F,0
12619,10980,Deepa Naik,67,F,0
12620,10981,Basavaraj Achar,27,M,0
12621,10982,Girish Kumar,58,M,0
12622,10982,Radha Iyer,5,F,0
12623,10983,Ganesh Shetty,48,M,0
12624,10984,Pooja Rao,61,F,0
12625,10985,Manjunath Setty,70,M,0
12626,10986,Roopa Hegde,32,F,0
12627,10987,Sunita Rao,54,F,0
12628,10988,Pooja Gowda,37,F,0
12629,10989,Anita Bhat,42,F,0
12630,10990,Nandini Patil,5,F,0
12631,10991,Anil Shetty,57,M,0
12632,10991,Anita Hegde,71,F,0
12633,10992,Lakshmi Murthy,15,F,0
12634,10993,Kavya Poojary,75,F,0
12635,10994,Nandini Shetty,47,F,0
12636,10995,Yogesh Naik,5,M,0
12637,10996,Radha Naik,70,F,0
12638,10997,Yogesh Kumar,15,M,0
12639,10997,Shwetha Naik,22,F,0
12640,10998,Shivaraj Iyer,5,M,0
12641,10999,Chaya Naidu,40,F,0
12642,11000,Bhagya Achar,68,F,0
12643,11001,Girish Naidu,53,M,0
12644,11002,Radha Murthy,60,F,0
12645,11002,Srinivas Iyer,32,M,0
12646,11003,Santosh Naik,73,M,0
12647,11004,Chaya Poojary,60,F,0
12648,11005,Srinivas Shetty,67,M,0
12649,11005,Rekha Naik,65,F,0
12650,11006,Manjula Reddy,33,F,0
12651,11006,Ramesh Naidu,13,M,0
12652,11007,Nandini Patil,57,F,0
12653,11008,Geeta Achar,52,F,0
12654,11009,Sowmya Patil,24,F,0
12655,11010,Ramesh Reddy,7,M,0
12656,11011,Raghu Iyer,9,M,0
12657,11011,Kumar Murthy,16,M,0
12658,11012,Chaya Shetty,42,F,0
12659,11013,Sowmya Patil,44,F,0
12660,11013,Suresh Poojary,53,M,0
12661,11014,Roopa Hegde,34,F,0
12662,11014,Kavya Shetty,65,F,0
12663,11015,Harish Bhat,62,M,0
12664,11016,Priya Iyer,71,F,0
12665,11017,Manjula Achar,23,F,0
12666,11018,Priya Naidu,57,F,0
12667,11019,Priya Hegde,13,F,0
12668,11020,Kumar Naik,12,M,0
12669,11020,Savitha Rao,14,F,0
12670,11021,Mahesh Patil,65,M,0
12671,11022,Shwetha Rao,28,F,0
12672,11022,Geeta Reddy,8,F,0
12673,11023,Kavya Patil,19,F,0
12674,11024,Chaya Patil,73,F,0
12675,11025,Rekha Kumar,20,F,0
12676,11026,Roopa Iyer,64,F,0
12677,11027,Sunita Rao,65,F,0
12678,11027,Lakshmi Kumar,15,F,0
12679,11028,Chaya Naidu,64,F,0
12680,11029,Naveen Murthy,35,M,0
12681,11030,Santosh Naidu,14,M,0
12682,11031,Priya Bhat,36,F,0
12683,11032,Radha Murthy,28,F,0
12684,11033,Srinivas Bhat,17,M,0
12685,11034,Srinivas Naidu,62,M,0
12686,11035,Pooja Poojary,61,F,0
12687,11036,Suresh Iyer,60,M,0
12688,11037,Santosh Poojary,68,M,0
12689,11038,Santosh Poojary,34,M,0
12690,11039,Kumar Poojary,38,M,0
12691,11040,Vidya Rao,58,F,0
12692,11041,Anita Gowda,52,F,0
12693,11041,Pooja Naidu,7,F,0
12694,11042,Harish Kumar,55,M,0
12695,11043,Radha Naik,27,F,0
12696,11044,Radha Rao,68,F,0
12697,11045,Naveen Poojary,62,M,0
12698,11046,Shwetha Iyer,57,F,0
12699,11047,Shwetha Naidu,40,F,0
12700,11048,Harish Bhat,64,M,0
12701,11049,Prakash Iyer,34,M,0
12702,11050,Naveen Gowda,23,M,0
12703,11051,Kavya Setty,29,F,0
12704,11052,Kumar Bhat,60,M,0
12705,11052,Deepa Naik,58,F,0
12706,11053,Manjula Iyer,61,F,0
12707,11054,Shwetha Patil,61,F,0
12708,11055,Sunita Gowda,31,F,0
12709,11055,Suresh Poojary,37,M,0
12710,11056,Nandini Murthy,8,F,0
12711,11056,Yogesh Naidu,38,M,0
12712,11057,Manjula Patil,63,F,0
12713,11058,Geeta Achar,16,F,0
12714,11059,Ramesh Bhat,15,M,0
12715,11060,Suresh Bhat,31,M,0
12716,11061,Roopa Hegde,14,F,0
12717,11062,Yogesh Bhat,36,M,0
12718,11063,Lakshmi Patil,39,F,0
12719,11064,Pooja Naidu,39,F,0
12720,11065,Raghu Achar,31,M,0
12721,11066,Vijay Reddy,24,M,0
12722,11067,Girish Naik,36,M,0
12723,11068,Harish Patil,13,M,0
12724,11069,Roopa Hegde,64,F,0
12725,11070,Santosh Gowda,20,M,0
12726,11071,Basavaraj Kumar,52,M,0
12727,11072,Shobha Naidu,72,F,0
12728,11073,Roopa Iyer,17,F,0
12729,11074,Shivaraj Reddy,14,M,0
12730,11074,Mahesh Reddy,71,M,0
12731,11075,Lakshmi Setty,27,F,0
12732,11076,Anita Rao,14,F,0
12733,11077,Manjunath Patil,48,M,0
12734,11078,Mahesh Patil,68,M,0
12735,11078,Bhagya Patil,15,F,0
12736,11079,Manjula Shetty,30,F,0
12737,11080,Suresh Bhat,58,M,0
12738,11081,Vijay Hegde,51,M,0
12739,11082,Ganesh Patil,44,M,0
12740,11083,Chaya Achar,15,F,0
12741,11084,Harish Setty,57,M,0
12742,11084,Kumar Patil,46,M,0
12743,11085,Ramesh Patil,62,M,0
12744,11086,Raghu Patil,65,M,0
12745,11087,Deepa Shetty,9,F,0
12746,11088,Lakshmi Iyer,64,F,0
12747,11089,Srinivas Kumar,16,M,0
12748,11090,Radha Setty,22,F,0
12749,11091,Shobha Rao,51,F,0
12750,11092,Naveen Hegde,14,M,0
12751,11093,Harish Reddy,56,M,0
12752,11094,Manjunath Bhat,42,M,0
12753,11095,Priya Kumar,68,F,0
12754,11095,Santosh Shetty,70,M,0
12755,11096,Lakshmi Naik,47,F,0
12756,11097,Basavaraj Rao,75,M,0
12757,11098,Rekha Rao,51,F,0
12758,11098,Santosh Patil,71,M,0
12759,11099,Sowmya Patil,40,F,0
12760,11100,Nandini Kumar,33,F,0
12761,11101,Vidya Patil,69,F,0
12762,11101,Kavya Reddy,42,F,0
12763,11102,Basavaraj Gowda,7,M,0
12764,11103,Geeta Gowda,40,F,0
12765,11104,Pooja Bhat,72,F,0
12766,11105,Geeta Hegde,28,F,0
12767,11106,Pooja Bhat,60,F,0
12768,11107,Roopa Shetty,15,F,0
12769,11108,Suresh Reddy,68,M,0
12770,11109,Geeta Murthy,68,F,0
12771,11110,Girish Bhat,47,M,0
12772,11111,Sowmya Bhat,32,F,0
12773,11112,Kumar Shetty,54,M,0
12774,11112,Nandini Hegde,23,F,0
12775,11113,Harish Rao,29,M,0
12776,11114,Radha Reddy,53,F,0
12777,11114,Ravi Naik,70,M,0
12778,11115,Vidya Iyer,67,F,0
12779,11116,Kumar Setty,18,M,0
12780,11117,Kavya Reddy,47,F,0
12781,11117,Shivaraj Murthy,60,M,0
12782,11118,Ravi Bhat,26,M,0
12783,11118,Anil Hegde,32,M,0
12784,11119,Raghu Naidu,19,M,0
12785,11120,Shivaraj Setty,46,M,0
12786,11120,Vidya Rao,13,F,0
12787,11121,Sunita Bhat,17,F,0
12788,11122,Anil Iyer,35,M,0
12789,11123,Ravi Achar,11,M,0
12790,11124,Chaya Naik,71,F,0
12791,11125,Manjula Setty,45,F,0
12792,11126,Nandini Naik,12,F,0
12793,11127,Kumar Poojary,19,M,0
12794,11128,Bhagya Kumar,41,F,0
12795,11128,Girish Naik,13,M,0
12796,11129,Ramesh Naidu,58,M,0
12797,11130,Roopa Gowda,49,F,0
12798,11131,Kumar Murthy,25,M,0
12799,11132,Girish Iyer,62,M,0
12800,11132,Mahesh Patil,58,M,0
12801,11133,Anil Kumar,60,M,0
12802,11134,Sunita Murthy,12,F,0
12803,11135,Sunita Murthy,45,F,0
12804,11136,Nagaraj Iyer,19,M,0
12805,11137,Naveen Poojary,72,M,0
12806,11138,Vijay Hegde,68,M,0
12807,11139,Geeta Bhat,16,F,0
12808,11140,Manjula Murthy,70,F,0
12809,11141,Santosh Iyer,63,M,0
12810,11142,Srinivas Setty,29,M,0
12811,11143,Anita Rao,41,F,0
12812,11143,Kavya Shetty,19,F,0
12813,11144,Prakash Patil,26,M,0
12814,11145,Manjunath Patil,26,M,0
12815,11146,Lakshmi Naik,36,F,0
12816,11147,Prakash Achar,29,M,0
12817,11148,Vidya Poojary,61,F,0
12818,11149,Deepa Shetty,35,F,0
12819,11149,Manjula Murthy,12,F,0
12820,11150,Sunita Reddy,43,F,0
12821,11151,Santosh Poojary,42,M,0
12822,11152,Shivaraj Hegde,10,M,0
12823,11153,Radha Bhat,54,F,0
12824,11154,Nandini Rao,49,F,0
12825,11155,Savitha Hegde,12,F,0
12826,11156,Chaya Reddy,38,F,0
12827,11157,Ganesh Setty,74,M,0
12828,11158,Shwetha Rao,61,F,0
12829,11158,Sowmya Rao,26,F,0
12830,11159,Yogesh Bhat,39,M,0
12831,11160,Roopa Poojary,54,F,0
12832,11161,Anil Hegde,27,M,0
12833,11162,Geeta Gowda,43,F,0
12834,11162,Priya Hegde,57,F,0
12835,11163,Harish Kumar,9,M,0
12836,11164,Rekha Rao,58,F,0
12837,11164,Sunita Achar,31,F,0
12838,11165,Rekha Reddy,50,F,0
12839,11166,Kumar Rao,7,M,0
12840,11167,Manjula Hegde,62,F,0
12841,11168,Manjula Iyer,24,F,0
12842,11168,Nandini Hegde,31,F,0
12843,11169,Sunita Kumar,27,F,0
12844,11169,Shivaraj Shetty,34,M,0
12845,11170,Chaya Reddy,29,F,0
12846,11171,Kavya Setty,29,F,0
12847,11172,Yogesh Rao,35,M,0
12848,11173,Naveen Patil,35,M,0
12849,11173,Manjula Shetty,60,F,0
12850,11174,Pooja Naidu,17,F,0
12851,11175,Shivaraj Naik,47,M,0
12852,11176,Kumar Patil,28,M,0
12853,11177,Sunita Gowda,49,F,0
12854,11178,Anita Murthy,73,F,0
12855,11179,Chaya Achar,73,F,0
12856,11180,Ramesh Poojary,41,M,0
12857,11181,Sunita Gowda,8,F,0
12858,11182,Srinivas Rao,22,M,0
12859,11183,Manjunath Setty,15,M,0
12860,11184,Ramesh Gowda,44,M,0
12861,11184,Sowmya Poojary,28,F,0
12862,11185,Rekha Iyer,62,F,0
12863,11186,Manjunath Murthy,17,M,0
12864,11187,Priya Iyer,42,F,0
12865,11188,Harish Bhat,12,M,0
12866,11189,Shobha Setty,20,F,0
12867,11189,Lakshmi Hegde,50,F,0
12868,11190,Suresh Iyer,66,M,0
12869,11191,Naveen Naidu,48,M,0
12870,11192,Harish Reddy,47,M,0
12871,11192,Sowmya Naik,18,F,0
12872,11193,Manjula Hegde,11,F,0
12873,11194,Vidya Poojary,6,F,0
12874,11195,Suresh Setty,43,M,0
12875,11196,Nandini Naidu,57,F,0
12876,11197,Girish Poojary,42,M,0
12877,11198,Prakash Poojary,33,M,0
12878,11199,Naveen Hegde,38,M,0
12879,11199,Harish Naik,23,M,0
12880,11200,Shwetha Patil,54,F,0
12881,11201,Vidya Reddy,29,F,0
12882,11202,Nagaraj Setty,56,M,0
12883,11203,Roopa Murthy,59,F,0
12884,11204,Manjula Kumar,55,F,0
12885,11204,Girish Bhat,21,M,0
12886,11205,Savitha Poojary,62,F,0
12887,11205,Anita Poojary,13,F,0
12888,11206,Kumar Kumar,72,M,0
12889,11207,Priya Hegde,66,F,0
12890,11207,Bhagya Kumar,50,F,0
12891,11208,Roopa Naik,45,F,0
12892,11209,Lakshmi Naidu,56,F,0
12893,11210,Vijay Hegde,36,M,0
12894,11211,Kumar Murthy,54,M,0
12895,11212,Anil Rao,26,M,0
12896,11213,Sowmya Rao,68,F,0
12897,11213,Deepa Bhat,29,F,0
12898,11214,Sunita Patil,63,F,0
12899,11215,Sowmya Iyer,48,F,0
12900,11216,Basavaraj Achar,67,M,0
12901,11217,Shivaraj Achar,22,M,0
12902,11218,Geeta Poojary,41,F,0
12903,11219,Chaya Achar,36,F,0
12904,11220,Raghu Shetty,65,M,0
12905,11221,Sunita Rao,59,F,0
12906,11222,Ganesh Gowda,69,M,0
12907,11223,Deepa Murthy,31,F,0
12908,11224,Suresh Murthy,59,M,0
12909,11225,Ravi Reddy,45,M,0
12910,11225,Geeta Rao,59,F,0
12911,11226,Sowmya Reddy,53,F,0
12912,11227,Ravi Poojary,59,M,0
12913,11228,Pooja Rao,21,F,0
12914,11228,Sunita Rao,35,F,0
12915,11229,Manjunath Rao,13,M,0
12916,11230,Naveen Reddy,56,M,0
12917,11231,Ravi Setty,58,M,0
12918,11232,Kumar Poojary,50,M,0
12919,11233,Kumar Hegde,75,M,0
12920,11234,Kumar Rao,61,M,0
12921,11235,Suresh Poojary,8,M,0
12922,11236,Ramesh Bhat,34,M,0
12923,11237,Raghu Naidu,11,M,0
12924,11238,Basavaraj Rao,26,M,0
12925,11239,Raghu Poojary,65,M,0
12926,11240,Manjula Bhat,11,F,0
12927,11240,Priya Gowda,8,F,0
12928,11241,Chaya Kumar,9,F,0
12929,11242,Kumar Rao,25,M,0
12930,11243,Nandini Setty,47,F,0
12931,11244,Kumar Shetty,53,M,0
12932,11244,Deepa Naik,53,F,0
12933,11245,Nandini Naik,32,F,0
12934,11246,Kumar Setty,31,M,0
12935,11247,Harish Patil,75,M,0
12936,11247,Manjunath Gowda,67,M,0
12937,11248,Prakash Poojary,5,M,0
12938,11249,Santosh Iyer,23,M,0
12939,11250,Rekha Kumar,7,F,0
12940,11251,Savitha Rao,39,F,0
12941,11251,Shwetha Poojary,58,F,0
12942,11252,Raghu Iyer,70,M,0
12943,11253,Rekha Patil,70,F,0
12944,11254,Lakshmi Hegde,27,F,0
12945,11255,Vidya Iyer,54,F,0
12946,11256,Manjula Iyer,33,F,0
12947,11257,Anil Hegde,39,M,0
12948,11258,Shivaraj Achar,47,M,0
12949,11259,Vijay Gowda,57,M,0
12950,11260,Radha Hegde,7,F,0
12951,11261,Harish Achar,11,M,0
12952,11262,Srinivas Reddy,7,M,0
12953,11263,Pooja Bhat,57,F,0
12954,11264,Santosh Reddy,29,M,0
12955,11265,Kavya Setty,64,F,0
12956,11265,Nandini Iyer,50,F,0
12957,11266,Ganesh Rao,42,M,0
12958,11267,Sowmya Hegde,67,F,0
12959,11268,Santosh Iyer,51,M,0
12960,11269,Naveen Shetty,26,M,0
12961,11269,Srinivas Setty,62,M,0
12962,11270,Geeta Naik,69,F,0
12963,11271,Sowmya Kumar,58,F,0
12964,11272,Priya Setty,14,F,0
12965,11273,Suresh Reddy,13,M,0
12966,11274,Ganesh Rao,6,M,0
12967,11275,Naveen Achar,58,M,0
12968,11276,Vidya Naik,56,F,0
12969,11277,Manjunath Setty,42,M,0
12970,11278,Priya Poojary,44,F,0
12971,11279,Anil Shetty,12,M,0
12972,11279,Sowmya Naik,65,F,0
12973,11280,Sunita Murthy,10,F,0
12974,11280,Naveen Murthy,40,M,0
12975,11281,Santosh Iyer,27,M,0
12976,11282,Sunita Reddy,35,F,0
12977,11283,Roopa Rao,6,F,0
12978,11284,Vidya Naik,51,F,0
12979,11285,Vidya Murthy,74,F,0
12980,11286,Santosh Achar,42,M,0
12981,11286,Kumar Iyer,74,M,0
12982,11287,Yogesh Iyer,38,M,0
12983,11288,Roopa Bhat,70,F,0
12984,11289,Harish Achar,58,M,0
12985,11290,Kumar Rao,49,M,0
12986,11291,Shobha Naik,17,F,0
12987,11292,Yogesh Patil,45,M,0
12988,11293,Manjunath Achar,10,M,0
12989,11294,Deepa Bhat,46,F,0
12990,11295,Ramesh Patil,41,M,0
12991,11296,Roopa Achar,75,F,0
12992,11297,Manjula Iyer,30,F,0
12993,11298,Girish Naik,32,M,0
12994,11299,Manjula Patil,33,F,0
12995,11300,Roopa Kumar,21,F,0
12996,11301,Girish Patil,68,M,0
12997,11302,Naveen Poojary,54,M,0
12998,11303,Pooja Rao,73,F,0
12999,11304,Nandini Rao,28,F,0
13000,11305,Sunita Achar,60,F,0
13001,11306,Savitha Patil,9,F,0
13002,11307,Yogesh Bhat,30,M,0
13003,11307,Ganesh Kumar,69,M,0
13004,11308,Shobha Setty,19,F,0
13005,11309,Roopa Achar,69,F,0
13006,11310,Shwetha Hegde,71,F,0
13007,11311,Yogesh Murthy,38,M,0
13008,11312,Shwetha Poojary,11,F,0
13009,11313,Roopa Achar,75,F,0
13010,11314,Roopa Rao,74,F,0
13011,11315,Deepa Gowda,34,F,0
13012,11316,Suresh Kumar,18,M,0
13013,11317,Ramesh Patil,14,M,0
13014,11317,Harish Poojary,10,M,0
13015,11318,Roopa Patil,75,F,0
13016,11318,Naveen Poojary,69,M,0
13017,11319,Chaya Hegde,25,F,0
13018,11320,Priya Hegde,68,F,0
13019,11321,Savitha Setty,28,F,0
13020,11322,Geeta Iyer,27,F,0
13021,11323,Pooja Poojary,69,F,0
13022,11324,Mahesh Gowda,43,M,0
13023,11325,Roopa Naidu,40,F,0
13024,11326,Nandini Poojary,60,F,0
13025,11327,Deepa Patil,8,F,0
13026,11328,Shivaraj Bhat,51,M,0
13027,11329,Prakash Setty,62,M,0
13028,11330,Shwetha Rao,31,F,0
13029,11331,Yogesh Reddy,42,M,0
13030,11331,Mahesh Reddy,33,M,0
13031,11332,Roopa Gowda,33,F,0
13032,11333,Geeta Reddy,18,F,0
13033,11333,Ganesh Patil,62,M,0
13034,11334,Priya Kumar,5,F,0
13035,11335,Anita Setty,23,F,0
13036,11336,Shivaraj Hegde,32,M,0
13037,11337,Ganesh Naik,58,M,0
13038,11337,Savitha Naik,73,F,0
13039,11338,Suresh Setty,30,M,0
13040,11339,Shivaraj Hegde,56,M,0
13041,11340,Santosh Iyer,40,M,0
13042,11341,Savitha Naik,54,F,0
13043,11342,Raghu Naidu,31,M,0
13044,11343,Manjula Naidu,9,F,0
13045,11344,Sunita Setty,14,F,0
13046,11345,Suresh Poojary,21,M,0
13047,11346,Raghu Bhat,61,M,0
13048,11347,Priya Naik,36,F,0
13049,11348,Nagaraj Hegde,46,M,0
13050,11349,Shivaraj Bhat,41,M,0
13051,11350,Shivaraj Kumar,36,M,0
13052,11350,Naveen Iyer,12,M,0
13053,11351,Mahesh Reddy,30,M,0
13054,11352,Vidya Iyer,22,F,0
13055,11353,Sunita Gowda,24,F,0
13056,11354,Nandini Reddy,7,F,0
13057,11355,Suresh Hegde,49,M,0
13058,11356,Geeta Reddy,69,F,0
13059,11357,Rekha Patil,37,F,0
13060,11357,Savitha Shetty,49,F,0
13061,11358,Suresh Bhat,74,M,0
13062,11359,Suresh Hegde,35,M,0
13063,11360,Suresh Shetty,15,M,0
13064,11361,Shobha Naidu,32,F,0
13065,11362,Kumar Poojary,14,M,0
13066,11363,Manjunath Poojary,33,M,0
13067,11364,Roopa Kumar,7,F,0
13068,11365,Prakash Poojary,42,M,0
13069,11366,Priya Kumar,23,F,0
13070,11367,Santosh Bhat,60,M,0
13071,11368,Deepa Setty,44,F,0
13072,11369,Bhagya Kumar,32,F,0
13073,11370,Savitha Patil,60,F,0
13074,11370,Anita Bhat,62,F,0
13075,11371,Ramesh Shetty,49,M,0
13076,11371,Geeta Kumar,54,F,0
13077,11372,Sowmya Setty,19,F,0
13078,11373,Santosh Naik,10,M,0
13079,11374,Sunita Kumar,17,F,0
13080,11375,Harish Achar,56,M,0
13081,11375,Suresh Achar,46,M,0
13082,11376,Manjunath Naik,55,M,0
13083,11377,Vidya Hegde,73,F,0
13084,11378,Lakshmi Rao,24,F,0
13085,11379,Kavya Achar,29,F,0
13086,11380,Naveen Kumar,48,M,0
13087,11381,Vijay Kumar,57,M,0
13088,11382,Ganesh Iyer,42,M,0
13089,11383,Srinivas Murthy,35,M,0
13090,11384,Ramesh Hegde,41,M,0
13091,11385,Nagaraj Setty,10,M,0
13092,11386,Kumar Hegde,47,M,0
13093,11387,Manjunath Iyer,11,M,0
13094,11388,Priya Patil,13,F,0
13095,11389,Nagaraj Iyer,52,M,0
13096,11390,Geeta Reddy,10,F,0
13097,11391,Ravi Hegde,45,M,0
13098,11392,Girish Setty,74,M,0
13099,11393,Raghu Hegde,32,M,0
13100,11394,Roopa Hegde,14,F,0
13101,11395,Basavaraj Kumar,60,M,0
13102,11395,Girish Reddy,30,M,0
13103,11396,Anita Murthy,34,F,0
13104,11397,Shobha Murthy,66,F,0
13105,11397,Shobha Patil,59,F,0
13106,11398,Bhagya Gowda,36,F,0
13107,11399,Prakash Setty,37,M,0
13108,11400,Pooja Iyer,24,F,0
13109,11401,Sunita Naidu,58,F,0
13110,11402,Chaya Reddy,34,F,0
13111,11403,Kumar Bhat,52,M,0
13112,11403,Ramesh Patil,45,M,0
13113,11404,Vidya Reddy,28,F,0
13114,11405,Chaya Rao,63,F,0
13115,11406,Deepa Rao,28,F,0
13116,11407,Kumar Reddy,73,M,0
13117,11408,Ramesh Bhat,32,M,0
13118,11409,Vidya Naik,25,F,0
13119,11410,Shobha Bhat,47,F,0
13120,11411,Vidya Hegde,24,F,0
13121,11412,Anita Naidu,48,F,0
13122,11412,Naveen Poojary,41,M,0
13123,11413,Naveen Iyer,35,M,0
13124,11414,Rekha Kumar,58,F,0
13125,11415,Radha Naidu,72,F,0
13126,11416,Ganesh Rao,7,M,0
13127,11416,Pooja Gowda,64,F,0
13128,11417,Nagaraj Iyer,69,M,0
13129,11418,Vidya Kumar,64,F,0
13130,11419,Geeta Kumar,55,F,0
13131,11419,Nagaraj Shetty,59,M,0
13132,11420,Harish Hegde,58,M,0
13133,11421,Vidya Iyer,45,F,0
13134,11422,Vijay Setty,6,M,0
13135,11423,Geeta Naik,54,F,0
13136,11424,Ganesh Kumar,9,M,0
13137,11424,Manjula Hegde,13,F,0
13138,11425,Vijay Gowda,5,M,0
13139,11426,Pooja Reddy,65,F,0
13140,11427,Nagaraj Poojary,67,M,0
13141,11427,Prakash Setty,65,M,0
13142,11428,Raghu Naik,75,M,0
13143,11429,Sowmya Bhat,29,F,0
13144,11430,Vijay Rao,32,M,0
13145,11431,Girish Bhat,65,M,0
13146,11432,Shwetha Murthy,28,F,0
13147,11432,Shivaraj Shetty,24,M,0
13148,11433,Santosh Achar,48,M,0
13149,11434,Anita Naidu,43,F,0
13150,11435,Anil Iyer,75,M,0
13151,11436,Vijay Kumar,12,M,0
13152,11437,Basavaraj Bhat,69,M,0
13153,11437,Bhagya Naik,55,F,0
13154,11438,Basavaraj Iyer,59,M,0
13155,11439,Suresh Hegde,62,M,0
13156,11440,Girish Bhat,71,M,0
13157,11441,Ganesh Naik,32,M,0
13158,11442,Priya Reddy,37,F,0
13159,11443,Girish Patil,41,M,0
13160,11444,Santosh Shetty,49,M,0
13161,11445,Mahesh Setty,17,M,0
13162,11446,Roopa Kumar,73,F,0
13163,11447,Priya Iyer,14,F,0
13164,11448,Pooja Rao,69,F,0
13165,11448,Rekha Iyer,7,F,0
13166,11449,Radha Poojary,68,F,0
13167,11449,Deepa Gowda,49,F,0
13168,11450,Nandini Bhat,34,F,0
13169,11450,Manjula Reddy,35,F,0
13170,11451,Deepa Hegde,21,F,0
13171,11451,Yogesh Gowda,63,M,0
13172,11452,Nagaraj Iyer,43,M,0
13173,11452,Suresh Naik,5,M,0
13174,11453,Girish Shetty,74,M,0
13175,11454,Anita Iyer,60,F,0
13176,11455,Chaya Gowda,27,F,0
13177,11456,Vijay Patil,53,M,0
13178,11457,Geeta Hegde,70,F,0
13179,11458,Shivaraj Hegde,18,M,0
13180,11459,Ganesh Setty,23,M,0
13181,11460,Basavaraj Setty,28,M,0
13182,11461,Shwetha Rao,12,F,0
13183,11462,Manjunath Patil,55,M,0
13184,11463,Kumar Achar,50,M,0
13185,11464,Mahesh Hegde,17,M,0
13186,11464,Shobha Shetty,30,F,0
13187,11465,Suresh Poojary,75,M,0
13188,11466,Srinivas Reddy,61,M,0
13189,11467,Mahesh Setty,36,M,0
13190,11467,Priya Iyer,18,F,0
13191,11468,Shivaraj Poojary,29,M,0
13192,11469,Roopa Naidu,47,F,0
13193,11470,Rekha Naik,43,F,0
13194,11471,Vijay Naik,52,M,0
13195,11472,Prakash Poojary,28,M,0
13196,11473,Kavya Bhat,51,F,0
13197,11474,Harish Iyer,72,M,0
13198,11474,Raghu Hegde,12,M,0
13199,11475,Manjunath Kumar,25,M,0
13200,11476,Mahesh Iyer,48,M,0
13201,11477,Manjula Kumar,10,F,0
13202,11477,Kumar Naidu,65,M,0
13203,11478,Srinivas Bhat,7,M,0
13204,11479,Shwetha Bhat,47,F,0
13205,11480,Santosh Kumar,67,M,0
13206,11481,Roopa Achar,31,F,0
13207,11482,Priya Bhat,60,F,0
13208,11483,Ravi Naidu,15,M,0
13209,11484,Srinivas Kumar,36,M,0
13210,11484,Deepa Gowda,29,F,0
13211,11485,Naveen Rao,28,M,0
13212,11486,Rekha Setty,7,F,0
13213,11487,Naveen Bhat,51,M,0
13214,11488,Radha Hegde,23,F,0
13215,11489,Sowmya Rao,11,F,0
13216,11489,Shobha Poojary,40,F,0
13217,11490,Yogesh Patil,19,M,0
13218,11490,Deepa Poojary,64,F,0
13219,11491,Manjula Gowda,66,F,0
13220,11492,Ramesh Iyer,70,M,0
13221,11493,Kumar Poojary,39,M,0
13222,11494,Raghu Murthy,9,M,0
13223,11495,Geeta Reddy,12,F,0
13224,11496,Rekha Bhat,75,F,0
13225,11497,Anil Shetty,70,M,0
13226,11498,Nandini Rao,75,F,0
13227,11499,Rekha Kumar,54,F,0
13228,11500,Anita Naidu,49,F,0
13229,11501,Priya Poojary,52,F,0
13230,11502,Priya Poojary,59,F,0
13231,11503,Manjunath Naidu,17,M,0
13232,11504,Lakshmi Kumar,30,F,0
13233,11505,Harish Gowda,13,M,0
13234,11506,Santosh Naidu,36,M,0
13235,11507,Savitha Shetty,20,F,0
13236,11508,Kavya Iyer,39,F,0
13237,11509,Deepa Achar,5,F,0
13238,11510,Geeta Murthy,74,F,0
13239,11511,Shobha Iyer,32,F,0
13240,11512,Sowmya Naidu,34,F,0
13241,11513,Priya Murthy,24,F,0
13242,11514,Mahesh Hegde,53,M,0
13243,11515,Manjunath Shetty,17,M,0
13244,11516,Girish Naidu,52,M,0
13245,11516,Ganesh Shetty,30,M,0
13246,11517,Lakshmi Setty,44,F,0
13247,11518,Anita Patil,66,F,0
13248,11519,Shwetha Naik,48,F,0
13249,11520,Santosh Kumar,66,M,0
13250,11521,Girish Hegde,5,M,0
13251,11522,Anil Gowda,7,M,0
13252,11523,Nandini Naidu,38,F,0
13253,11524,Shobha Bhat,38,F,0
13254,11525,Bhagya Shetty,6,F,0
13255,11526,Mahesh Gowda,53,M,0
13256,11527,Ravi Gowda,28,M,0
13257,11528,Ramesh Kumar,55,M,0
13258,11528,Manjula Murthy,34,F,0
13259,11529,Pooja Kumar,15,F,0
13260,11530,Nandini Bhat,32,F,0
13261,11531,Deepa Naik,67,F,0
13262,11532,Yogesh Naidu,5,M,0
13263,11533,Suresh Bhat,23,M,0
13264,11534,Mahesh Kumar,62,M,0
13265,11535,Nagaraj Hegde,26,M,0
13266,11536,Prakash Patil,27,M,0
13267,11537,Shobha Reddy,33,F,0
13268,11538,Naveen Reddy,72,M,0
13269,11539,Manjula Murthy,44,F,0
13270,11540,Ganesh Hegde,45,M,0
13271,11541,Manjunath Shetty,60,M,0
13272,11542,Harish Achar,14,M,0
13273,11543,Anil Murthy,56,M,0
13274,11544,Priya Iyer,45,F,0
13275,11545,Kavya Poojary,22,F,0
13276,11546,Prakash Iyer,67,M,0
13277,11547,Manjunath Murthy,16,M,0
13278,11548,Vijay Iyer,9,M,0
13279,11549,Sunita Reddy,74,F,0
13280,11550,Roopa Kumar,53,F,0
13281,11551,Pooja Naidu,13,F,0
13282,11552,Girish Shetty,22,M,0
13283,11553,Vijay Rao,21,M,0
13284,11554,Manjula Patil,40,F,0
13285,11555,Deepa Murthy,22,F,0
13286,11556,Girish Patil,27,M,0
13287,11557,Manjula Bhat,56,F,0
13288,11558,Deepa Poojary,19,F,0
13289,11559,Harish Iyer,66,M,0
13290,11560,Nandini Iyer,11,F,0
13291,11560,Sunita Hegde,36,F,0
13292,11561,Anita Rao,68,F,0
13293,11562,Manjunath Naidu,14,M,0
13294,11563,Vijay Shetty,72,M,0
13295,11564,Bhagya Rao,44,F,0
13296,11565,Pooja Bhat,68,F,0
13297,11566,Shobha Bhat,49,F,0
13298,11566,Santosh Kumar,74,M,0
13299,11567,Harish Achar,52,M,0
13300,11567,Naveen Shetty,42,M,0
13301,11568,Rekha Reddy,20,F,0
13302,11569,Kavya Murthy,16,F,0
13303,11570,Sunita Reddy,10,F,0
13304,11571,Savitha Naidu,22,F,0
13305,11572,Santosh Bhat,15,M,0
13306,11573,Sowmya Kumar,18,F,0
13307,11574,Ravi Gowda,10,M,0
13308,11575,Radha Murthy,56,F,0
13309,11576,Yogesh Reddy,5,M,0
13310,11577,Savitha Achar,16,F,0
13311,11578,Geeta Gowda,7,F,0
13312,11579,Chaya Hegde,48,F,0
13313,11580,Sowmya Reddy,24,F,0
13314,11580,Anita Hegde,22,F,0
13315,11581,Savitha Hegde,72,F,0
13316,11582,Lakshmi Iyer,30,F,0
13317,11583,Anita Poojary,43,F,0
13318,11584,Yogesh Poojary,30,M,0
13319,11585,Mahesh Shetty,45,M,0
13320,11585,Rekha Iyer,6,F,0
13321,11586,Sowmya Kumar,74,F,0
13322,11587,Vidya Iyer,71,F,0
13323,11588,Chaya Naik,25,F,0
13324,11589,Ramesh Setty,8,M,0
13325,11590,Anil Iyer,59,M,0
13326,11591,Nandini Kumar,9,F,0
13327,11592,Radha Bhat,21,F,0
13328,11592,Basavaraj Rao,29,M,0
13329,11593,Priya Hegde,28,F,0
13330,11593,Shobha Naidu,59,F,0
13331,11594,Girish Hegde,24,M,0
13332,11594,Ramesh Gowda,12,M,0
13333,11595,Anita Naidu,34,F,0
13334,11596,Harish Poojary,62,M,0
13335,11596,Lakshmi Patil,28,F,0
13336,11597,Naveen Murthy,65,M,0
13337,11598,Savitha Setty,14,F,0
13338,11598,Kumar Naik,38,M,0
13339,11599,Sowmya Bhat,66,F,0
13340,11600,Roopa Murthy,69,F,0
13341,11601,Ramesh Iyer,23,M,0
13342,11602,Kavya Iyer,16,F,0
13343,11603,Manjula Setty,23,F,0
13344,11604,Shivaraj Shetty,54,M,0
13345,11605,Anita Setty,48,F,0
13346,11606,Deepa Hegde,58,F,0
13347,11607,Mahesh Naik,27,M,0
13348,11607,Kavya Reddy,33,F,0
13349,11608,Roopa Gowda,64,F,0
13350,11609,Yogesh Shetty,18,M,0
13351,11610,Raghu Achar,26,M,0
13352,11611,Ravi Bhat,39,M,0
13353,11611,Suresh Hegde,56,M,0
13354,11612,Nagaraj Bhat,13,M,0
13355,11613,Pooja Setty,24,F,0
13356,11614,Manjula Patil,42,F,0
13357,11615,Harish Rao,10,M,0
13358,11616,Ramesh Reddy,53,M,0
13359,11617,Raghu Naidu,7,M,0
13360,11617,Shivaraj Iyer,37,M,0
13361,11618,Vijay Murthy,47,M,0
13362,11619,Radha Gowda,72,F,0
13363,11620,Manjunath Iyer,25,M,0
13364,11621,Girish Iyer,74,M,0
13365,11622,Harish Gowda,38,M,0
13366,11623,Harish Gowda,64,M,0
13367,11624,Yogesh Rao,14,M,0
13368,11625,Manjunath Murthy,28,M,0
13369,11626,Ramesh Naik,33,M,0
13370,11627,Ramesh Murthy,51,M,0
13371,11628,Harish Achar,38,M,0
13372,11629,Vidya Patil,46,F,0
13373,11630,Pooja Achar,9,F,0
13374,11631,Manjula Shetty,63,F,0
13375,11632,Naveen Iyer,40,M,0
13376,11632,Shwetha Murthy,39,F,0
13377,11633,Nandini Naik,61,F,0
13378,11634,Savitha Gowda,7,F,0
13379,11634,Roopa Hegde,26,F,0
13380,11635,Nandini Hegde,37,F,0
13381,11635,Anita Iyer,35,F,0
13382,11636,Mahesh Hegde,45,M,0
13383,11637,Ramesh Gowda,10,M,0
13384,11638,Bhagya Reddy,34,F,0
13385,11639,Vidya Shetty,22,F,0
13386,11640,Anil Achar,57,M,0
13387,11641,Shobha Kumar,41,F,0
13388,11642,Lakshmi Setty,34,F,0
13389,11643,Srinivas Murthy,50,M,0
13390,11644,Bhagya Murthy,32,F,0
13391,11645,Ganesh Achar,64,M,0
13392,11646,Ravi Gowda,37,M,0
13393,11647,Rekha Rao,30,F,0
13394,11648,Chaya Murthy,71,F,0
13395,11648,Prakash Patil,38,M,0
13396,11649,Shobha Murthy,71,F,0
13397,11649,Yogesh Achar,68,M,0
13398,11650,Sunita Naidu,61,F,0
13399,11651,Suresh Shetty,43,M,0
13400,11651,Deepa Poojary,52,F,0
13401,11652,Manjunath Naidu,75,M,0
13402,11653,Chaya Shetty,51,F,0
13403,11653,Savitha Naik,39,F,0
13404,11654,Prakash Iyer,73,M,0
13405,11655,Basavaraj Rao,48,M,0
13406,11656,Nagaraj Murthy,58,M,0
13407,11656,Lakshmi Murthy,23,F,0
13408,11657,Basavaraj Poojary,71,M,0
13409,11657,Radha Achar,17,F,0
13410,11658,Kavya Reddy,21,F,0
13411,11659,Naveen Iyer,52,M,0
13412,11660,Santosh Patil,46,M,0
13413,11661,Deepa Gowda,34,F,0
13414,11662,Shobha Murthy,48,F,0
13415,11663,Harish Kumar,17,M,0
13416,11664,Basavaraj Naik,66,M,0
13417,11665,Deepa Murthy,51,F,0
13418,11666,Anil Iyer,64,M,0
13419,11667,Srinivas Kumar,8,M,0
13420,11668,Manjula Poojary,34,F,0
13421,11669,Geeta Naik,49,F,0
13422,11670,Savitha Hegde,20,F,0
13423,11671,Anil Iyer,18,M,0
13424,11671,Harish Setty,19,M,0
13425,11672,Chaya Setty,30,F,0
13426,11673,Anil Poojary,32,M,0
13427,11674,Bhagya Kumar,45,F,0
13428,11675,Sunita Murthy,68,F,0
13429,11676,Nandini Hegde,22,F,0
13430,11677,Rekha Reddy,29,F,0
13431,11678,Kumar Shetty,10,M,0
13432,11679,Kumar Achar,29,M,0
13433,11680,Roopa Bhat,46,F,0
13434,11681,Harish Setty,53,M,0
13435,11682,Anil Bhat,62,M,0
13436,11683,Lakshmi Bhat,54,F,0
13437,11684,Mahesh Iyer,35,M,0
13438,11685,Ravi Setty,13,M,0
13439,11686,Anita Murthy,25,F,0
13440,11687,Santosh Bhat,66,M,0
13441,11688,Srinivas Kumar,19,M,0
13442,11689,Vidya Kumar,51,F,0
13443,11690,Shivaraj Naik,70,M,0
13444,11690,Ravi Murthy,51,M,0
13445,11691,Anil Setty,39,M,0
13446,11692,Kavya Naidu,60,F,0
13447,11693,Prakash Hegde,67,M,0
13448,11694,Kavya Gowda,7,F,0
13449,11695,Priya Murthy,62,F,0
13450,11696,Radha Murthy,20,F,0
13451,11697,Sunita Bhat,63,F,0
13452,11698,Girish Murthy,52,M,0
13453,11699,Girish Murthy,27,M,0
13454,11700,Manjula Setty,24,F,0
13455,11701,Nagaraj Achar,63,M,0
13456,11702,Manjula Reddy,15,F,0
13457,11703,Harish Patil,21,M,0
13458,11704,Prakash Iyer,21,M,0
13459,11705,Suresh Shetty,67,M,0
13460,11705,Nandini Achar,62,F,0
13461,11706,Sunita Naidu,11,F,0
13462,11707,Savitha Naik,67,F,0
13463,11708,Manjula Hegde,60,F,0
13464,11709,Suresh Hegde,36,M,0
13465,11710,Nagaraj Shetty,36,M,0
13466,11711,Sunita Patil,38,F,0
13467,11712,Nandini Hegde,71,F,0
13468,11713,Mahesh Kumar,55,M,0
13469,11714,Manjula Kumar,64,F,0
13470,11715,Srinivas Murthy,16,M,0
13471,11716,Manjula Achar,42,F,0
13472,11717,Roopa Poojary,60,F,0
13473,11718,Santosh Gowda,45,M,0
13474,11719,Mahesh Poojary,9,M,0
13475,11720,Ganesh Murthy,34,M,0
13476,11721,Shwetha Setty,34,F,0
13477,11722,Mahesh Rao,58,M,0
13478,11723,Basavaraj Patil,26,M,0
13479,11724,Geeta Kumar,12,F,0
13480,11725,Girish Poojary,40,M,0
13481,11726,Sunita Poojary,72,F,0
13482,11727,Savitha Naik,52,F,0
13483,11728,Deepa Iyer,5,F,0
13484,11729,Chaya Setty,32,F,0
13485,11730,Nandini Rao,65,F,0
13486,11731,Prakash Gowda,69,M,0
13487,11732,Kavya Patil,16,F,0
13488,11733,Nagaraj Patil,62,M,0
13489,11734,Girish Naidu,60,M,0
13490,11734,Nandini Gowda,50,F,0
13491,11735,Geeta Kumar,32,F,0
13492,11736,Naveen Hegde,48,M,0
13493,11737,Naveen Reddy,63,M,0
13494,11738,Girish Kumar,54,M,0
13495,11739,Santosh Naik,54,M,0
13496,11740,Priya Kumar,28,F,0
13497,11741,Suresh Bhat,46,M,0
13498,11742,Kumar Hegde,62,M,0
13499,11742,Nagaraj Poojary,9,M,0
13500,11743,Chaya Poojary,71,F,0
13501,11744,Lakshmi Rao,31,F,0
13502,11744,Anil Reddy,51,M,0
13503,11745,Manjunath Naik,30,M,0
13504,11746,Roopa Shetty,73,F,0
13505,11747,Ganesh Shetty,38,M,0
13506,11747,Geeta Hegde,19,F,0
13507,11748,Deepa Hegde,14,F,0
13508,11748,Shwetha Bhat,23,F,0
13509,11749,Anita Naidu,70,F,0
13510,11749,Nagaraj Hegde,59,M,0
13511,11750,Radha Shetty,72,F,0
13512,11750,Pooja Setty,7,F,0
13513,11751,Priya Iyer,41,F,0
13514,11751,Lakshmi Shetty,32,F,0
13515,11752,Kavya Reddy,37,F,0
13516,11753,Bhagya Patil,23,F,0
13517,11754,Anil Achar,33,M,0
13518,11755,Shivaraj Setty,5,M,0
13519,11756,Basavaraj Gowda,68,M,0
13520,11756,Suresh Kumar,21,M,0
13521,11757,Suresh Naik,30,M,0
13522,11758,Harish Iyer,40,M,0
13523,11758,Yogesh Iyer,32,M,0
13524,11759,Basavaraj Reddy,41,M,0
13525,11760,Savitha Reddy,20,F,0
13526,11761,Geeta Kumar,39,F,0
13527,11762,Nandini Naik,38,F,0
13528,11763,Shwetha Rao,22,F,0
13529,11764,Manjunath Iyer,31,M,0
13530,11765,Pooja Poojary,70,F,0
13531,11765,Nagaraj Setty,33,M,0
13532,11766,Kumar Kumar,61,M,0
13533,11767,Vijay Setty,23,M,0
13534,11768,Suresh Iyer,22,M,0
13535,11769,Rekha Murthy,37,F,0
13536,11770,Geeta Naidu,38,F,0
13537,11771,Priya Rao,8,F,0
13538,11772,Shivaraj Achar,71,M,0
13539,11773,Prakash Naik,16,M,0
13540,11773,Roopa Hegde,14,F,0
13541,11774,Suresh Poojary,59,M,0
13542,11775,Lakshmi Gowda,9,F,0
13543,11776,Ganesh Kumar,63,M,0
13544,11777,Manjula Kumar,6,F,0
13545,11778,Chaya Reddy,57,F,0
13546,11779,Raghu Hegde,70,M,0
13547,11779,Ravi Kumar,5,M,0
13548,11780,Geeta Iyer,41,F,0
13549,11781,Ganesh Kumar,45,M,0
13550,11782,Santosh Naik,24,M,0
13551,11783,Nagaraj Naik,7,M,0
13552,11784,Kavya Reddy,13,F,0
13553,11785,Nandini Hegde,7,F,0
13554,11786,Prakash Poojary,57,M,0
13555,11787,Priya Gowda,74,F,0
13556,11788,Sowmya Achar,53,F,0
13557,11789,Radha Setty,14,F,0
13558,11790,Raghu Murthy,56,M,0
13559,11791,Manjunath Achar,67,M,0
13560,11792,Sunita Murthy,27,F,0
13561,11793,Yogesh Bhat,45,M,0
13562,11794,Geeta Naidu,54,F,0
13563,11795,Rekha Kumar,22,F,0
13564,11796,Radha Gowda,71,F,0
13565,11797,Rekha Achar,21,F,0
13566,11798,Mahesh Poojary,13,M,0
13567,11799,Geeta Patil,28,F,0
13568,11800,Savitha Poojary,49,F,0
13569,11801,Radha Naidu,33,F,0
13570,11802,Basavaraj Bhat,5,M,0
13571,11803,Deepa Rao,60,F,0
13572,11804,Manjunath Kumar,29,M,0
13573,11805,Savitha Setty,14,F,0
13574,11806,Manjunath Murthy,19,M,0
13575,11807,Mahesh Bhat,20,M,0
13576,11808,Radha Gowda,8,F,0
13577,11809,Yogesh Naik,65,M,0
13578,11810,Raghu Iyer,50,M,0
13579,11811,Shwetha Hegde,68,F,0
13580,11812,Naveen Iyer,65,M,0
13581,11813,Kumar Poojary,34,M,0
13582,11814,Ganesh Murthy,62,M,0
13583,11815,Manjunath Gowda,44,M,0
13584,11816,Shobha Hegde,47,F,0
13585,11817,Priya Naik,73,F,0
13586,11818,Lakshmi Achar,26,F,0
13587,11819,Anil Naidu,55,M,0
13588,11819,Manjunath Setty,34,M,0
13589,11820,Nagaraj Poojary,37,M,0
13590,11821,Ganesh Kumar,13,M,0
13591,11822,Sowmya Murthy,33,F,0
13592,11823,Kavya Iyer,6,F,0
13593,11823,Chaya Setty,28,F,0
13594,11824,Shwetha Reddy,28,F,0
13595,11825,Santosh Gowda,72,M,0
13596,11826,Santosh Gowda,52,M,0
13597,11827,Ravi Rao,70,M,0
13598,11828,Basavaraj Rao,11,M,0
13599,11829,Yogesh Naik,46,M,0
13600,11830,Shivaraj Naidu,5,M,0
13601,11831,Naveen Rao,59,M,0
13602,11832,Nagaraj Iyer,51,M,0
13603,11833,Bhagya Hegde,35,F,0
13604,11834,Ravi Gowda,33,M,0
13605,11835,Pooja Bhat,43,F,0
13606,11836,Chaya Hegde,18,F,0
13607,11837,Nagaraj Kumar,49,M,0
13608,11838,Lakshmi Reddy,27,F,0
13609,11839,Bhagya Bhat,67,F,0
13610,11840,Deepa Gowda,16,F,0
13611,11841,Kavya Gowda,17,F,0
13612,11842,Manjunath Poojary,44,M,0
13613,11843,Savitha Poojary,52,F,0
13614,11844,Shivaraj Naik,43,M,0
13615,11845,Geeta Gowda,42,F,0
13616,11846,Nandini Rao,38,F,0
13617,11847,Prakash Hegde,32,M,0
13618,11848,Ganesh Kumar,71,M,0
13619,11849,Rekha Rao,71,F,0
13620,11850,Bhagya Shetty,36,F,0
13621,11851,Sowmya Reddy,50,F,0
13622,11851,Ramesh Patil,49,M,0
13623,11852,Anil Gowda,13,M,0
13624,11852,Geeta Poojary,24,F,0
13625,11853,Srinivas Patil,53,M,0
13626,11854,Priya Poojary,62,F,0
13627,11855,Raghu Hegde,33,M,0
13628,11856,Roopa Murthy,13,F,0
13629,11857,Harish Rao,38,M,0
13630,11857,Radha Bhat,50,F,0
13631,11858,Nagaraj Poojary,33,M,0
13632,11859,Shivaraj Setty,66,M,0
13633,11859,Ravi Reddy,35,M,0
13634,11860,Srinivas Kumar,17,M,0
13635,11860,Shobha Rao,47,F,0
13636,11861,Santosh Shetty,27,M,0
13637,11862,Bhagya Achar,27,F,0
13638,11863,Raghu Hegde,21,M,0
13639,11863,Santosh Achar,10,M,0
13640,11864,Savitha Rao,49,F,0
13641,11865,Ganesh Setty,16,M,0
13642,11865,Ravi Iyer,9,M,0
13643,11866,Shwetha Poojary,48,F,0
13644,11867,Deepa Setty,49,F,0
13645,11868,Naveen Shetty,48,M,0
13646,11869,Nandini Poojary,14,F,0
13647,11870,Sunita Kumar,74,F,0
13648,11871,Deepa Reddy,32,F,0
13649,11872,Bhagya Kumar,74,F,0
13650,11873,Girish Kumar,58,M,0
13651,11874,Harish Reddy,60,M,0
13652,11875,Manjunath Kumar,32,M,0
13653,11876,Deepa Kumar,45,F,0
13654,11877,Kumar Achar,17,M,0
13655,11878,Manjula Hegde,7,F,0
13656,11879,Nandini Patil,18,F,0
13657,11880,Geeta Naidu,58,F,0
13658,11881,Sowmya Hegde,72,F,0
13659,11881,Ganesh Gowda,25,M,0
13660,11882,Nandini Patil,40,F,0
13661,11883,Rekha Patil,17,F,0
13662,11884,Ramesh Poojary,20,M,0
13663,11885,Priya Bhat,12,F,0
13664,11886,Prakash Setty,24,M,0
13665,11887,Vidya Gowda,29,F,0
13666,11888,Vidya Naik,29,F,0
13667,11889,Radha Naidu,23,F,0
13668,11889,Girish Rao,66,M,0
13669,11890,Roopa Setty,57,F,0
13670,11891,Srinivas Rao,30,M,0
13671,11892,Srinivas Kumar,27,M,0
13672,11893,Raghu Naidu,27,M,0
13673,11893,Ravi Hegde,35,M,0
13674,11894,Chaya Bhat,11,F,0
13675,11894,Shobha Rao,64,F,0
13676,11895,Vidya Achar,27,F,0
13677,11896,Savitha Poojary,46,F,0
13678,11897,Shobha Bhat,28,F,0
13679,11898,Kavya Naik,29,F,0
13680,11899,Sunita Shetty,12,F,0
13681,11900,Srinivas Murthy,71,M,0
13682,11901,Basavaraj Poojary,12,M,0
13683,11902,Ramesh Naidu,20,M,0
13684,11903,Ramesh Murthy,60,M,0
13685,11904,Shwetha Poojary,6,F,0
13686,11905,Suresh Kumar,61,M,0
13687,11906,Shobha Kumar,12,F,0
13688,11907,Shwetha Shetty,26,F,0
13689,11908,Priya Naik,25,F,0
13690,11909,Sowmya Rao,48,F,0
13691,11910,Deepa Setty,31,F,0
13692,11911,Shivaraj Bhat,19,M,0
13693,11912,Bhagya Poojary,19,F,0
13694,11913,Ganesh Setty,58,M,0
13695,11914,Roopa Hegde,40,F,0
13696,11915,Shwetha Naik,37,F,0
13697,11916,Manjunath Poojary,52,M,0
13698,11917,Ramesh Murthy,7,M,0
13699,11918,Prakash Shetty,33,M,0
13700,11919,Ravi Shetty,67,M,0
13701,11920,Sowmya Rao,30,F,0
13702,11921,Santosh Murthy,26,M,0
13703,11922,Sunita Naik,58,F,0
13704,11923,Pooja Poojary,21,F,0
13705,11924,Santosh Setty,38,M,0
13706,11925,Roopa Gowda,39,F,0
13707,11925,Girish Patil,70,M,0
13708,11926,Priya Murthy,58,F,0
13709,11927,Harish Achar,63,M,0
13710,11928,Srinivas Shetty,70,M,0
13711,11929,Chaya Naidu,54,F,0
13712,11929,Roopa Bhat,70,F,0
13713,11930,Basavaraj Naidu,24,M,0
13714,11931,Mahesh Naik,58,M,0
13715,11931,Vijay Achar,11,M,0
13716,11932,Santosh Patil,28,M,0
13717,11933,Girish Hegde,71,M,0
13718,11934,Radha Setty,9,F,0
13719,11935,Pooja Achar,34,F,0
13720,11936,Manjula Murthy,57,F,0
13721,11937,Santosh Reddy,58,M,0
13722,11938,Srinivas Setty,54,M,0
13723,11939,Anil Poojary,54,M,0
13724,11940,Manjunath Achar,54,M,0
13725,11941,Srinivas Kumar,20,M,0
13726,11942,Geeta Gowda,67,F,0
13727,11942,Bhagya Kumar,42,F,0
13728,11943,Ravi Rao,31,M,0
13729,11943,Vidya Iyer,8,F,0
13730,11944,Anita Poojary,42,F,0
13731,11945,Geeta Iyer,8,F,0
13732,11945,Vijay Kumar,36,M,0
13733,11946,Harish Reddy,62,M,0
13734,11947,Chaya Rao,15,F,0
13735,11947,Roopa Murthy,5,F,0
13736,11948,Ravi Kumar,74,M,0
13737,11948,Naveen Gowda,64,M,0
13738,11949,Raghu Naik,26,M,0
13739,11950,Shwetha Naik,50,F,0
13740,11951,Deepa Bhat,5,F,0
13741,11951,Kavya Shetty,68,F,0
13742,11952,Basavaraj Murthy,50,M,0
13743,11953,Roopa Gowda,13,F,0
13744,11954,Geeta Hegde,32,F,0
13745,11954,Lakshmi Poojary,73,F,0
13746,11955,Raghu Naik,16,M,0
13747,11956,Raghu Naik,71,M,0
13748,11957,Savitha Shetty,31,F,0
13749,11958,Savitha Naik,10,F,0
13750,11958,Sowmya Naik,63,F,0
13751,11959,Raghu Naidu,14,M,0
13752,11960,Bhagya Patil,6,F,0
13753,11961,Vidya Achar,49,F,0
13754,11961,Srinivas Shetty,51,M,0
13755,11962,Bhagya Naidu,9,F,0
13756,11963,Anil Reddy,40,M,0
13757,11964,Radha Bhat,8,F,0
13758,11965,Anil Patil,60,M,0
13759,11965,Nagaraj Naik,11,M,0
13760,11966,Suresh Patil,75,M,0
13761,11966,Radha Gowda,43,F,0
13762,11967,Anil Reddy,73,M,0
13763,11968,Manjunath Naik,63,M,0
13764,11969,Kumar Naidu,12,M,0
13765,11970,Vidya Hegde,73,F,0
13766,11971,Geeta Murthy,45,F,0
13767,11972,Ganesh Rao,32,M,0
13768,11973,Kumar Shetty,64,M,0
13769,11974,Bhagya Hegde,18,F,0
13770,11975,Manjula Gowda,40,F,0
13771,11976,Manjula Naik,18,F,0
13772,11977,Kavya Hegde,30,F,0
13773,11978,Yogesh Reddy,11,M,0
13774,11979,Shwetha Murthy,67,F,0
13775,11979,Santosh Naidu,16,M,0
13776,11980,Vijay Hegde,32,M,0
13777,11981,Anil Naik,49,M,0
13778,11982,Shivaraj Achar,22,M,0
13779,11983,Vijay Gowda,72,M,0
13780,11984,Yogesh Patil,55,M,0
13781,11985,Anil Kumar,39,M,0
13782,11986,Manjula Setty,50,F,0
13783,11987,Chaya Reddy,72,F,0
13784,11988,Manjula Hegde,40,F,0
13785,11989,Shivaraj Shetty,10,M,0
13786,11990,Shobha Setty,36,F,0
13787,11991,Shobha Hegde,44,F,0
13788,11992,Mahesh Shetty,62,M,0
13789,11993,Anil Bhat,8,M,0
13790,11994,Naveen Kumar,28,M,0
13791,11995,Vijay Patil,51,M,0
13792,11996,Ganesh Hegde,12,M,0
13793,11997,Vijay Murthy,64,M,0
13794,11998,Shivaraj Poojary,45,M,0
13795,11999,Anita Patil,65,F,0
13796,12000,Santosh Rao,18,M,0
13797,12001,Harish Rao,48,M,0
13798,12002,Vidya Gowda,28,F,0
13799,12003,Nagaraj Achar,27,M,0
13800,12004,Vidya Murthy,49,F,0
13801,12005,Nandini Gowda,65,F,0
13802,12006,Kavya Rao,30,F,0
13803,12007,Prakash Gowda,30,M,0
13804,12008,Sunita Bhat,59,F,0
13805,12009,Anil Naik,15,M,0
13806,12010,Kumar Setty,66,M,0
13807,12011,Sowmya Rao,45,F,0
13808,12012,Santosh Achar,8,M,0
13809,12013,Savitha Iyer,60,F,0
13810,12014,Anita Iyer,20,F,0
13811,12015,Nandini Hegde,72,F,0
13812,12016,Sowmya Iyer,47,F,0
13813,12016,Manjula Reddy,14,F,0
13814,12017,Ganesh Shetty,19,M,0
13815,12018,Suresh Reddy,44,M,0
13816,12019,Nandini Achar,46,F,0
13817,12020,Manjula Rao,5,F,0
13818,12021,Lakshmi Patil,45,F,0
13819,12022,Bhagya Iyer,68,F,0
13820,12023,Manjunath Bhat,19,M,0
13821,12024,Bhagya Naidu,16,F,0
13822,12025,Anil Kumar,45,M,0
13823,12026,Shobha Murthy,30,F,0
13824,12027,Ganesh Kumar,45,M,0
13825,12028,Ramesh Kumar,22,M,0
13826,12029,Shobha Setty,56,F,0
13827,12030,Prakash Setty,50,M,0
13828,12031,Raghu Achar,53,M,0
13829,12032,Kumar Bhat,68,M,0
13830,12033,Ravi Naidu,10,M,0
13831,12034,Lakshmi Achar,33,F,0
13832,12035,Savitha Bhat,44,F,0
13833,12036,Ravi Kumar,65,M,0
13834,12037,Roopa Naidu,42,F,0
13835,12038,Pooja Shetty,16,F,0
13836,12038,Ramesh Patil,6,M,0
13837,12039,Shobha Hegde,5,F,0
13838,12040,Lakshmi Murthy,40,F,0
13839,12041,Santosh Reddy,40,M,0
13840,12042,Ganesh Patil,52,M,0
13841,12043,Yogesh Naik,11,M,0
13842,12044,Vidya Gowda,71,F,0
13843,12045,Srinivas Achar,42,M,0
13844,12046,Rekha Rao,12,F,0
13845,12047,Manjula Kumar,74,F,0
13846,12047,Basavaraj Patil,42,M,0
13847,12048,Prakash Naik,40,M,0
13848,12049,Rekha Poojary,54,F,0
13849,12050,Raghu Gowda,13,M,0
13850,12051,Vijay Gowda,42,M,0
13851,12052,Vidya Gowda,52,F,0
13852,12053,Radha Setty,37,F,0
13853,12054,Shivaraj Iyer,19,M,0
13854,12055,Yogesh Patil,50,M,0
13855,12056,Vijay Achar,10,M,0
13856,12057,Rekha Kumar,46,F,0
13857,12058,Vijay Hegde,23,M,0
13858,12059,Pooja Patil,75,F,0
13859,12060,Sunita Poojary,20,F,0
13860,12061,Anil Naik,54,M,0
13861,12062,Rekha Murthy,48,F,0
13862,12063,Deepa Hegde,66,F,0
13863,12064,Suresh Murthy,26,M,0
13864,12065,Shivaraj Reddy,66,M,0
13865,12065,Shivaraj Naik,53,M,0
13866,12066,Chaya Murthy,43,F,0
13867,12067,Shwetha Reddy,7,F,0
13868,12068,Radha Naidu,26,F,0
13869,12069,Ramesh Iyer,52,M,0
13870,12070,Kumar Shetty,9,M,0
13871,12070,Naveen Poojary,27,M,0
13872,12071,Prakash Naik,71,M,0
13873,12072,Suresh Shetty,41,M,0
13874,12072,Nagaraj Reddy,65,M,0
13875,12073,Savitha Achar,48,F,0
13876,12074,Shobha Achar,16,F,0
13877,12074,Savitha Gowda,28,F,0
13878,12075,Geeta Shetty,60,F,0
13879,12075,Girish Naik,19,M,0
13880,12076,Radha Setty,7,F,0
13881,12077,Yogesh Hegde,32,M,0
13882,12077,Priya Naidu,40,F,0
13883,12078,Nagaraj Naidu,57,M,0
13884,12079,Manjunath Bhat,12,M,0
13885,12080,Ramesh Murthy,21,M,0
13886,12081,Nagaraj Murthy,47,M,0
13887,12082,Suresh Naik,45,M,0
13888,12082,Mahesh Rao,18,M,0
13889,12083,Anita Naidu,56,F,0
13890,12084,Santosh Iyer,33,M,0
13891,12085,Nandini Shetty,48,F,0
13892,12086,Roopa Hegde,5,F,0
13893,12087,Mahesh Patil,58,M,0
13894,12088,Nagaraj Murthy,75,M,0
13895,12089,Raghu Hegde,24,M,0
13896,12090,Girish Patil,19,M,0
13897,12091,Manjula Naidu,19,F,0
13898,12092,Basavaraj Kumar,21,M,0
13899,12093,Kavya Gowda,56,F,0
13900,12093,Geeta Rao,18,F,0
13901,12094,Roopa Shetty,28,F,0
13902,12095,Shivaraj Shetty,75,M,0
13903,12096,Prakash Naidu,66,M,0
13904,12097,Vijay Naidu,38,M,0
13905,12098,Kavya Iyer,73,F,0
13906,12099,Prakash Hegde,25,M,0
13907,12100,Vidya Patil,47,F,0
13908,12101,Roopa Kumar,57,F,0
13909,12102,Shivaraj Bhat,44,M,0
13910,12103,Harish Achar,29,M,0
13911,12104,Santosh Patil,63,M,0
13912,12105,Naveen Bhat,12,M,0
13913,12106,Manjula Poojary,61,F,0
13914,12107,Pooja Iyer,12,F,0
13915,12108,Shobha Reddy,31,F,0
13916,12109,Anita Gowda,38,F,0
13917,12110,Srinivas Iyer,72,M,0
13918,12110,Girish Iyer,36,M,0
13919,12111,Naveen Bhat,68,M,0
13920,12112,Yogesh Murthy,14,M,0
13921,12113,Girish Naik,37,M,0
13922,12114,Manjunath Reddy,9,M,0
13923,12115,Kavya Rao,60,F,0
13924,12116,Anita Achar,30,F,0
13925,12117,Nagaraj Naidu,37,M,0
13926,12118,Manjunath Bhat,9,M,0
13927,12118,Girish Shetty,75,M,0
13928,12119,Manjunath Bhat,32,M,0
13929,12120,Chaya Rao,47,F,0
13930,12121,Prakash Reddy,15,M,0
13931,12122,Nandini Murthy,21,F,0
13932,12122,Shobha Kumar,65,F,0
13933,12123,Nandini Rao,57,F,0
13934,12124,Kumar Poojary,70,M,0
13935,12125,Roopa Naidu,42,F,0
13936,12126,Rekha Reddy,44,F,0
13937,12127,Sowmya Hegde,59,F,0
13938,12128,Anil Setty,31,M,0
13939,12129,Priya Reddy,32,F,0
13940,12130,Shivaraj Shetty,31,M,0
13941,12131,Deepa Poojary,51,F,0
13942,12132,Sowmya Naik,20,F,0
13943,12132,Prakash Bhat,7,M,0
13944,12133,Santosh Naidu,10,M,0
13945,12134,Srinivas Shetty,57,M,0
13946,12135,Vijay Reddy,12,M,0
13947,12136,Raghu Naik,5,M,0
13948,12137,Rekha Achar,57,F,0
13949,12138,Girish Naik,13,M,0
13950,12139,Radha Hegde,51,F,0
13951,12140,Suresh Iyer,31,M,0
13952,12141,Anita Hegde,64,F,0
13953,12142,Radha Gowda,40,F,0
13954,12143,Srinivas Poojary,48,M,0
13955,12144,Vijay Setty,47,M,0
13956,12145,Srinivas Achar,8,M,0
13957,12146,Yogesh Bhat,8,M,0
13958,12147,Yogesh Naidu,75,M,0
13959,12148,Ravi Patil,26,M,0
13960,12149,Ravi Iyer,25,M,0
13961,12150,Basavaraj Iyer,42,M,0
13962,12151,Suresh Setty,26,M,0
13963,12152,Radha Naidu,6,F,0
13964,12153,Mahesh Gowda,58,M,0
13965,12154,Girish Reddy,12,M,0
13966,12155,Rekha Gowda,6,F,0
13967,12156,Sunita Naik,74,F,0
13968,12157,Priya Bhat,46,F,0
13969,12158,Ganesh Setty,55,M,0
13970,12159,Nandini Rao,48,F,0
13971,12160,Ganesh Rao,53,M,0
13972,12161,Radha Poojary,38,F,0
13973,12162,Nagaraj Rao,7,M,0
13974,12163,Manjunath Naidu,15,M,0
13975,12164,Mahesh Rao,37,M,0
13976,12165,Kumar Murthy,44,M,0
13977,12166,Roopa Setty,14,F,0
13978,12167,Suresh Kumar,44,M,0
13979,12168,Kumar Naik,7,M,0
13980,12169,Ramesh Murthy,34,M,0
13981,12170,Roopa Naik,21,F,0
13982,12171,Bhagya Gowda,45,F,0
13983,12171,Sowmya Rao,25,F,0
13984,12172,Vijay Bhat,7,M,0
13985,12173,Suresh Achar,41,M,0
13986,12174,Priya Shetty,40,F,0
13987,12175,Santosh Kumar,8,M,0
13988,12176,Manjunath Reddy,47,M,0
13989,12177,Ramesh Kumar,54,M,0
13990,12177,Naveen Naik,72,M,0
13991,12178,Lakshmi Murthy,66,F,0
13992,12179,Shivaraj Kumar,75,M,0
13993,12180,Ravi Achar,34,M,0
13994,12181,Geeta Bhat,11,F,0
13995,12182,Sowmya Gowda,37,F,0
13996,12183,Suresh Murthy,52,M,0
13997,12184,Bhagya Kumar,38,F,0
13998,12185,Nagaraj Bhat,6,M,0
13999,12186,Naveen Murthy,19,M,0
14000,12187,Anil Naik,67,M,0
14001,12187,Shivaraj Rao,39,M,0
14002,12188,Deepa Iyer,33,F,0
14003,12189,Suresh Murthy,62,M,0
14004,12190,Basavaraj Bhat,49,M,0
14005,12190,Rekha Naik,58,F,0
14006,12191,Shobha Murthy,69,F,0
14007,12191,Shwetha Patil,65,F,0
14008,12192,Kumar Gowda,73,M,0
14009,12193,Sowmya Naik,8,F,0
14010,12194,Basavaraj Naik,51,M,0
14011,12195,Basavaraj Achar,15,M,0
14012,12196,Nagaraj Gowda,52,M,0
14013,12196,Nandini Poojary,8,F,0
14014,12197,Yogesh Kumar,69,M,0
14015,12198,Shobha Murthy,70,F,0
14016,12199,Raghu Murthy,54,M,0
14017,12200,Sunita Murthy,67,F,0
14018,12201,Lakshmi Achar,22,F,0
14019,12202,Shivaraj Naidu,26,M,0
14020,12202,Bhagya Reddy,38,F,0
14021,12203,Nagaraj Gowda,24,M,0
14022,12203,Kavya Poojary,50,F,0
14023,12204,Rekha Murthy,26,F,0
14024,12205,Pooja Poojary,5,F,0
14025,12205,Ganesh Naik,28,M,0
14026,12206,Shivaraj Shetty,18,M,0
14027,12207,Santosh Rao,58,M,0
14028,12208,Nandini Naidu,59,F,0
14029,12208,Vijay Patil,49,M,0
14030,12209,Shobha Hegde,49,F,0
14031,12210,Raghu Hegde,66,M,0
14032,12211,Raghu Poojary,16,M,0
14033,12212,Raghu Gowda,27,M,0
14034,12213,Ravi Bhat,24,M,0
14035,12214,Srinivas Murthy,20,M,0
14036,12215,Raghu Setty,14,M,0
14037,12216,Santosh Shetty,58,M,0
14038,12217,Mahesh Bhat,12,M,0
14039,12218,Prakash Rao,20,M,0
14040,12219,Kavya Poojary,43,F,0
14041,12219,Sowmya Naidu,31,F,0
14042,12220,Manjunath Rao,72,M,0
14043,12221,Kavya Naidu,59,F,0
14044,12222,Girish Patil,66,M,0
14045,12222,Ramesh Gowda,17,M,0
14046,12223,Nandini Shetty,10,F,0
14047,12224,Rekha Achar,24,F,0
14048,12225,Ganesh Bhat,68,M,0
14049,12226,Radha Naik,61,F,0
14050,12227,Priya Murthy,41,F,0
14051,12228,Nandini Murthy,23,F,0
14052,12228,Kavya Achar,24,F,0
14053,12229,Girish Setty,43,M,0
14054,12229,Srinivas Rao,74,M,0
14055,12230,Sowmya Shetty,59,F,0
14056,12231,Shivaraj Rao,70,M,0
14057,12231,Nagaraj Patil,47,M,0
14058,12232,Anil Naik,41,M,0
14059,12232,Sowmya Naik,49,F,0
14060,12233,Yogesh Patil,36,M,0
14061,12234,Shwetha Murthy,71,F,0
14062,12235,Manjula Gowda,44,F,0
14063,12236,Naveen Setty,19,M,0
14064,12237,Sowmya Naik,56,F,0
14065,12238,Suresh Poojary,67,M,0
14066,12239,Nandini Setty,73,F,0
14067,12240,Deepa Kumar,31,F,0
14068,12241,Vidya Gowda,51,F,0
14069,12242,Nagaraj Naik,23,M,0
14070,12243,Bhagya Murthy,50,F,0
14071,12244,Suresh Murthy,38,M,0
14072,12245,Prakash Shetty,53,M,0
14073,12246,Shivaraj Reddy,15,M,0
14074,12247,Basavaraj Naidu,18,M,0
14075,12247,Yogesh Iyer,71,M,0
14076,12248,Nagaraj Achar,38,M,0
14077,12249,Girish Bhat,59,M,0
14078,12250,Girish Iyer,21,M,0
14079,12251,Lakshmi Hegde,27,F,0
14080,12252,Manjula Rao,46,F,0
14081,12253,Basavaraj Gowda,35,M,0
14082,12254,Harish Bhat,30,M,0
14083,12255,Nandini Iyer,43,F,0
14084,12256,Sunita Shetty,62,F,0
14085,12256,Kavya Patil,63,F,0
14086,12257,Anita Poojary,35,F,0
14087,12258,Vidya Achar,16,F,0
14088,12259,Savitha Murthy,5,F,0
14089,12260,Radha Naidu,52,F,0
14090,12261,Ganesh Shetty,12,M,0
14091,12261,Radha Gowda,10,F,0
14092,12262,Mahesh Naik,69,M,0
14093,12263,Shobha Reddy,68,F,0
14094,12264,Manjunath Achar,70,M,0
14095,12265,Sunita Iyer,61,F,0
14096,12266,Ganesh Reddy,21,M,0
14097,12267,Naveen Naik,38,M,0
14098,12268,Kavya Iyer,18,F,0
14099,12269,Lakshmi Rao,41,F,0
14100,12270,Vidya Patil,69,F,0
14101,12271,Vidya Bhat,14,F,0
14102,12272,Mahesh Reddy,13,M,0
14103,12273,Bhagya Rao,22,F,0
14104,12273,Radha Iyer,27,F,0
14105,12274,Shwetha Naidu,17,F,0
14106,12275,Santosh Hegde,57,M,0
14107,12276,Anil Achar,45,M,0
14108,12277,Priya Shetty,32,F,0
14109,12278,Santosh Rao,52,M,0
14110,12278,Basavaraj Poojary,10,M,0
14111,12279,Kumar Naik,24,M,0
14112,12280,Anita Iyer,38,F,0
14113,12281,Radha Hegde,65,F,0
14114,12281,Radha Patil,49,F,0
14115,12282,Sowmya Kumar,23,F,0
14116,12283,Chaya Shetty,63,F,0
14117,12284,Basavaraj Setty,60,M,0
14118,12284,Srinivas Achar,47,M,0
14119,12285,Shivaraj Naidu,37,M,0
14120,12286,Sowmya Hegde,41,F,0
14121,12287,Nagaraj Iyer,21,M,0
14122,12288,Pooja Achar,50,F,0
14123,12289,Shwetha Poojary,66,F,0
14124,12290,Ramesh Patil,60,M,0
14125,12291,Ravi Kumar,50,M,0
14126,12292,Kavya Poojary,49,F,0
14127,12293,Kavya Patil,5,F,0
14128,12294,Naveen Iyer,6,M,0
14129,12294,Nandini Naik,62,F,0
14130,12295,Suresh Shetty,56,M,0
14131,12296,Shivaraj Rao,19,M,0
14132,12297,Chaya Naidu,31,F,0
14133,12298,Suresh Kumar,17,M,0
14134,12299,Savitha Gowda,75,F,0
14135,12300,Ganesh Patil,7,M,0
14136,12301,Savitha Rao,23,F,0
14137,12302,Anil Rao,71,M,0
14138,12302,Pooja Reddy,12,F,0
14139,12303,Raghu Setty,68,M,0
14140,12304,Santosh Naidu,47,M,0
14141,12305,Harish Setty,14,M,0
14142,12305,Shivaraj Iyer,5,M,0
14143,12306,Santosh Naidu,53,M,0
14144,12307,Geeta Reddy,46,F,0
14145,12307,Kavya Iyer,74,F,0
14146,12308,Vidya Murthy,62,F,0
14147,12309,Radha Naik,25,F,0
14148,12310,Chaya Naidu,67,F,0
14149,12311,Suresh Naidu,26,M,0
14150,12312,Kumar Reddy,68,M,0
14151,12313,Vijay Naidu,5,M,0
14152,12314,Girish Hegde,49,M,0
14153,12315,Srinivas Kumar,22,M,0
14154,12315,Roopa Iyer,38,F,0
14155,12316,Srinivas Rao,60,M,0
14156,12317,Suresh Setty,27,M,0
14157,12318,Suresh Gowda,44,M,0
14158,12319,Rekha Murthy,48,F,0
14159,12320,Girish Poojary,32,M,0
14160,12320,Savitha Naik,26,F,0
14161,12321,Shivaraj Reddy,50,M,0
14162,12322,Geeta Iyer,44,F,0
14163,12323,Suresh Shetty,53,M,0
14164,12324,Ravi Hegde,55,M,0
14165,12325,Anil Naidu,67,M,0
14166,12326,Anita Rao,65,F,0
14167,12326,Harish Poojary,37,M,0
14168,12327,Vijay Gowda,43,M,0
14169,12328,Prakash Bhat,18,M,0
14170,12329,Anil Naidu,34,M,0
14171,12330,Vijay Gowda,75,M,0
14172,12331,Anita Reddy,75,F,0
14173,12332,Deepa Naik,43,F,0
14174,12332,Ravi Hegde,50,M,0
14175,12333,Nandini Reddy,38,F,0
14176,12334,Kavya Patil,18,F,0
14177,12335,Shivaraj Iyer,33,M,0
14178,12336,Deepa Achar,19,F,0
14179,12336,Prakash Rao,22,M,0
14180,12337,Savitha Bhat,65,F,0
14181,12338,Rekha Iyer,61,F,0
14182,12339,Srinivas Bhat,66,M,0
14183,12340,Kumar Kumar,13,M,0
14184,12340,Vidya Hegde,63,F,0
14185,12341,Mahesh Rao,70,M,0
14186,12342,Ganesh Poojary,5,M,0
14187,12343,Bhagya Naik,75,F,0
14188,12344,Yogesh Iyer,68,M,0
14189,12345,Deepa Kumar,31,F,0
14190,12346,Savitha Bhat,22,F,0
14191,12347,Srinivas Achar,27,M,0
14192,12348,Rekha Iyer,34,F,0
14193,12348,Mahesh Shetty,8,M,0
14194,12349,Nagaraj Rao,25,M,0
14195,12350,Santosh Setty,15,M,0
14196,12351,Naveen Naidu,24,M,0
14197,12352,Basavaraj Achar,41,M,0
14198,12352,Pooja Iyer,44,F,0
14199,12353,Suresh Rao,38,M,0
14200,12354,Suresh Kumar,23,M,0
14201,12354,Anil Naik,56,M,0
14202,12355,Rekha Kumar,63,F,0
14203,12356,Manjula Setty,66,F,0
14204,12357,Ramesh Naik,11,M,0
14205,12358,Nagaraj Patil,44,M,0
14206,12359,Savitha Kumar,26,F,0
14207,12360,Bhagya Reddy,52,F,0
14208,12361,Anil Murthy,13,M,0
14209,12362,Sowmya Patil,44,F,0
14210,12363,Prakash Rao,33,M,0
14211,12363,Harish Naik,42,M,0
14212,12364,Pooja Reddy,48,F,0
14213,12365,Ramesh Naik,44,M,0
14214,12366,Ravi Murthy,38,M,0
14215,12367,Kavya Kumar,31,F,0
14216,12368,Mahesh Setty,46,M,0
14217,12369,Chaya Shetty,37,F,0
14218,12370,Bhagya Setty,10,F,0
14219,12371,Sowmya Hegde,23,F,0
14220,12372,Bhagya Kumar,35,F,0
14221,12372,Rekha Achar,8,F,0
14222,12373,Radha Gowda,36,F,0
14223,12374,Anita Patil,50,F,0
14224,12375,Manjunath Achar,27,M,0
14225,12376,Lakshmi Gowda,6,F,0
14226,12377,Manjula Setty,73,F,0
14227,12378,Yogesh Rao,59,M,0
14228,12379,Geeta Naik,60,F,0
14229,12380,Savitha Shetty,30,F,0
14230,12381,Bhagya Setty,55,F,0
14231,12382,Nandini Naik,55,F,0
14232,12383,Prakash Patil,41,M,0
14233,12384,Kumar Iyer,7,M,0
14234,12385,Kumar Rao,10,M,0
14235,12386,Kumar Iyer,7,M,0
14236,12387,Radha Naik,57,F,0
14237,12387,Priya Achar,40,F,0
14238,12388,Deepa Shetty,16,F,0
14239,12389,Srinivas Poojary,13,M,0
14240,12390,Ganesh Murthy,37,M,0
14241,12391,Shobha Kumar,29,F,0
14242,12392,Kavya Reddy,6,F,0
14243,12393,Vidya Shetty,46,F,0
14244,12393,Priya Bhat,44,F,0
14245,12394,Deepa Reddy,72,F,0
14246,12395,Raghu Shetty,23,M,0
14247,12396,Srinivas Bhat,57,M,0
14248,12397,Girish Iyer,57,M,0
14249,12398,Srinivas Iyer,9,M,0
14250,12399,Kumar Achar,29,M,0
14251,12400,Anita Iyer,33,F,0
14252,12401,Shwetha Iyer,25,F,0
14253,12402,Priya Hegde,52,F,0
14254,12403,Nagaraj Patil,39,M,0
14255,12404,Shivaraj Kumar,70,M,0
14256,12405,Roopa Bhat,60,F,0
14257,12406,Anita Hegde,22,F,0
14258,12407,Chaya Murthy,64,F,0
14259,12408,Radha Poojary,68,F,0
14260,12409,Lakshmi Murthy,10,F,0
14261,12410,Roopa Shetty,8,F,0
14262,12411,Ganesh Achar,9,M,0
14263,12412,Pooja Iyer,18,F,0
14264,12413,Vijay Patil,35,M,0
14265,12414,Shwetha Murthy,50,F,0
14266,12415,Anil Naik,25,M,0
14267,12416,Ganesh Setty,64,M,0
14268,12417,Shivaraj Shetty,58,M,0
14269,12418,Shobha Naik,56,F,0
14270,12419,Vidya Shetty,54,F,0
14271,12420,Anita Poojary,72,F,0
14272,12421,Radha Patil,14,F,0
14273,12422,Anil Naik,36,M,0
14274,12423,Manjula Setty,52,F,0
14275,12424,Radha Naidu,56,F,0
14276,12424,Radha Naidu,24,F,0
14277,12425,Shivaraj Patil,41,M,0
14278,12426,Priya Achar,48,F,0
14279,12427,Srinivas Setty,73,M,0
14280,12428,Manjunath Murthy,31,M,0
14281,12429,Priya Kumar,11,F,0
14282,12430,Kumar Kumar,51,M,0
14283,12431,Srinivas Murthy,12,M,0
14284,12432,Savitha Bhat,24,F,0
14285,12433,Radha Naik,28,F,0
14286,12434,Girish Naidu,8,M,0
14287,12435,Kumar Iyer,75,M,0
14288,12436,Sunita Murthy,67,F,0
14289,12437,Roopa Hegde,65,F,0
14290,12438,Ganesh Setty,74,M,0
14291,12439,Vijay Poojary,74,M,0
14292,12440,Naveen Murthy,59,M,0
14293,12441,Vidya Reddy,22,F,0
14294,12442,Harish Reddy,68,M,0
14295,12443,Raghu Setty,56,M,0
14296,12444,Srinivas Iyer,75,M,0
14297,12445,Mahesh Bhat,22,M,0
14298,12446,Anil Naik,45,M,0
14299,12447,Vijay Naik,14,M,0
14300,12447,Pooja Naik,33,F,0
14301,12448,Roopa Murthy,13,F,0
14302,12449,Savitha Bhat,30,F,0
14303,12450,Roopa Achar,31,F,0
14304,12451,Shivaraj Patil,42,M,0
14305,12452,Ganesh Achar,45,M,0
14306,12453,Sowmya Kumar,19,F,0
14307,12454,Shivaraj Hegde,70,M,0
14308,12455,Radha Murthy,70,F,0
14309,12456,Basavaraj Rao,21,M,0
14310,12457,Suresh Rao,5,M,0
14311,12458,Nandini Rao,72,F,0
14312,12459,Geeta Setty,15,F,0
14313,12460,Sunita Poojary,8,F,0
14314,12461,Nandini Shetty,43,F,0
14315,12462,Ramesh Achar,12,M,0
14316,12463,Bhagya Hegde,47,F,0
14317,12464,Bhagya Iyer,42,F,0
14318,12464,Kumar Achar,63,M,0
14319,12465,Deepa Patil,20,F,0
14320,12466,Raghu Rao,35,M,0
14321,12467,Mahesh Iyer,38,M,0
14322,12467,Nagaraj Kumar,72,M,0
14323,12468,Prakash Naik,6,M,0
14324,12469,Chaya Murthy,6,F,0
14325,12470,Geeta Murthy,46,F,0
14326,12471,Manjula Naik,38,F,0
14327,12471,Radha Naidu,60,F,0
14328,12472,Priya Setty,55,F,0
14329,12473,Raghu Kumar,55,M,0
14330,12474,Priya Iyer,8,F,0
14331,12474,Bhagya Achar,75,F,0
14332,12475,Kumar Iyer,36,M,0
14333,12476,Naveen Shetty,59,M,0
14334,12477,Manjula Achar,62,F,0
14335,12478,Chaya Kumar,22,F,0
14336,12479,Shobha Naik,10,F,0
14337,12480,Raghu Kumar,56,M,0
14338,12481,Anil Rao,45,M,0
14339,12481,Manjunath Patil,37,M,0
14340,12482,Anita Hegde,6,F,0
14341,12482,Priya Hegde,38,F,0
14342,12483,Santosh Kumar,6,M,0
14343,12483,Nandini Setty,25,F,0
14344,12484,Radha Achar,55,F,0
14345,12484,Bhagya Shetty,16,F,0
14346,12485,Prakash Rao,14,M,0
14347,12485,Deepa Reddy,6,F,0
14348,12486,Suresh Kumar,40,M,0
14349,12487,Geeta Shetty,7,F,0
14350,12488,Shobha Gowda,49,F,0
14351,12489,Shwetha Achar,61,F,0
14352,12490,Anil Naidu,6,M,0
14353,12490,Sowmya Achar,46,F,0
14354,12491,Prakash Poojary,70,M,0
14355,12492,Ramesh Naidu,47,M,0
14356,12493,Roopa Reddy,49,F,0
14357,12494,Pooja Hegde,5,F,0
14358,12495,Deepa Achar,48,F,0
14359,12496,Kumar Setty,33,M,0
14360,12496,Priya Setty,63,F,0
14361,12497,Shwetha Rao,36,F,0
14362,12497,Raghu Reddy,19,M,0
14363,12498,Kumar Hegde,10,M,0
14364,12498,Shivaraj Naik,54,M,0
14365,12499,Lakshmi Gowda,8,F,0
14366,12500,Basavaraj Poojary,5,M,0
14367,12501,Priya Patil,34,F,0
14368,12502,Anil Bhat,9,M,0
14369,12503,Shivaraj Rao,27,M,0
14370,12504,Prakash Shetty,21,M,0
14371,12505,Geeta Murthy,5,F,0
14372,12506,Priya Gowda,72,F,0
14373,12507,Ramesh Iyer,7,M,0
14374,12507,Prakash Shetty,34,M,0
14375,12508,Basavaraj Achar,70,M,0
14376,12509,Sowmya Murthy,43,F,0
14377,12510,Roopa Patil,31,F,0
14378,12511,Santosh Reddy,45,M,0
14379,12512,Anil Shetty,15,M,0
14380,12513,Nandini Bhat,64,F,0
14381,12514,Vidya Murthy,51,F,0
14382,12515,Priya Gowda,5,F,0
14383,12516,Sowmya Murthy,61,F,0
14384,12517,Shwetha Kumar,57,F,0
14385,12518,Prakash Naidu,29,M,0
14386,12519,Santosh Patil,70,M,0
14387,12520,Nandini Rao,57,F,0
14388,12521,Manjula Patil,32,F,0
14389,12522,Roopa Gowda,7,F,0
14390,12523,Manjunath Murthy,41,M,0
14391,12524,Santosh Shetty,70,M,0
14392,12525,Kumar Poojary,13,M,0
14393,12526,Deepa Setty,73,F,0
14394,12527,Naveen Kumar,40,M,0
14395,12528,Shobha Rao,58,F,0
14396,12529,Santosh Gowda,54,M,0
14397,12530,Shivaraj Murthy,13,M,0
14398,12531,Suresh Kumar,8,M,0
14399,12532,Savitha Hegde,11,F,0
14400,12533,Pooja Reddy,44,F,0
14401,12533,Vidya Kumar,26,F,0
14402,12534,Manjula Kumar,14,F,0
14403,12535,Shwetha Iyer,34,F,0
14404,12536,Harish Murthy,71,M,0
14405,12537,Shobha Poojary,20,F,0
14406,12538,Roopa Gowda,43,F,0
14407,12539,Roopa Rao,48,F,0
14408,12540,Ganesh Iyer,10,M,0
14409,12541,Harish Naidu,50,M,0
14410,12542,Girish Gowda,48,M,0
14411,12543,Savitha Gowda,58,F,0
14412,12544,Ramesh Setty,56,M,0
14413,12545,Vijay Gowda,5,M,0
14414,12546,Girish Setty,56,M,0
14415,12547,Radha Hegde,75,F,0
14416,12548,Savitha Poojary,61,F,0
14417,12549,Savitha Bhat,51,F,0
14418,12550,Pooja Shetty,41,F,0
14419,12550,Srinivas Setty,9,M,0
14420,12551,Shwetha Bhat,13,F,0
14421,12552,Savitha Kumar,72,F,0
14422,12553,Bhagya Patil,31,F,0
14423,12553,Sunita Bhat,7,F,0
14424,12554,Ravi Naik,45,M,0
14425,12554,Priya Achar,58,F,0
14426,12555,Radha Naik,52,F,0
14427,12556,Ramesh Rao,25,M,0
14428,12556,Ravi Gowda,47,M,0
14429,12557,Bhagya Bhat,66,F,0
14430,12557,Manjunath Bhat,62,M,0
14431,12558,Prakash Poojary,37,M,0
14432,12559,Ravi Naidu,52,M,0
14433,12560,Savitha Patil,35,F,0
14434,12560,Manjula Poojary,12,F,0
14435,12561,Anil Kumar,35,M,0
14436,12562,Santosh Bhat,48,M,0
14437,12563,Yogesh Hegde,22,M,0
14438,12564,Vidya Setty,18,F,0
14439,12565,Roopa Setty,38,F,0
14440,12566,Bhagya Shetty,38,F,0
14441,12567,Nagaraj Poojary,40,M,0
14442,12568,Mahesh Iyer,48,M,0
14443,12569,Anita Patil,37,F,0
14444,12570,Kumar Shetty,64,M,0
14445,12571,Yogesh Achar,22,M,0
14446,12572,Vijay Shetty,38,M,0
14447,12573,Vidya Iyer,21,F,0
14448,12574,Chaya Patil,32,F,0
14449,12574,Mahesh Reddy,49,M,0
14450,12575,Savitha Hegde,49,F,0
14451,12576,Nagaraj Achar,23,M,0
14452,12577,Vijay Achar,31,M,0
14453,12578,Shobha Setty,60,F,0
14454,12579,Manjunath Naidu,38,M,0
14455,12580,Mahesh Achar,12,M,0
14456,12580,Shobha Shetty,67,F,0
14457,12581,Sunita Setty,38,F,0
14458,12582,Kavya Hegde,15,F,0
14459,12583,Nagaraj Iyer,21,M,0
14460,12584,Sowmya Naidu,7,F,0
14461,12585,Pooja Murthy,23,F,0
14462,12585,Nagaraj Achar,29,M,0
14463,12586,Suresh Iyer,64,M,0
14464,12587,Deepa Rao,65,F,0
14465,12588,Harish Gowda,9,M,0
14466,12589,Anil Setty,52,M,0
14467,12589,Sowmya Murthy,12,F,0
14468,12590,Nandini Kumar,41,F,0
14469,12590,Sunita Gowda,50,F,0
14470,12591,Vijay Bhat,41,M,0
14471,12591,Geeta Shetty,55,F,0
14472,12592,Savitha Setty,40,F,0
14473,12593,Roopa Setty,10,F,0
14474,12594,Anita Poojary,57,F,0
14475,12595,Vidya Rao,28,F,0
14476,12596,Shobha Rao,30,F,0
14477,12597,Chaya Patil,52,F,0
14478,12598,Harish Naidu,46,M,0
14479,12598,Nandini Hegde,42,F,0
14480,12599,Yogesh Rao,60,M,0
14481,12600,Geeta Rao,36,F,0
14482,12601,Priya Poojary,58,F,0
14483,12602,Deepa Achar,58,F,0
14484,12603,Shobha Iyer,48,F,0
14485,12604,Shwetha Naik,33,F,0
14486,12604,Santosh Poojary,14,M,0
14487,12605,Nandini Reddy,72,F,0
14488,12605,Pooja Poojary,22,F,0
14489,12606,Rekha Shetty,28,F,0
14490,12607,Suresh Naidu,67,M,0
14491,12608,Shobha Rao,17,F,0
14492,12609,Chaya Poojary,63,F,0
14493,12610,Vijay Iyer,6,M,0
14494,12610,Shwetha Kumar,47,F,0
14495,12611,Sunita Hegde,17,F,0
14496,12612,Anil Murthy,42,M,0
14497,12612,Manjula Shetty,69,F,0
14498,12613,Ravi Setty,25,M,0
14499,12613,Lakshmi Naik,53,F,0
14500,12614,Deepa Shetty,13,F,0
14501,12615,Raghu Naik,15,M,0
14502,12616,Manjunath Setty,33,M,0
14503,12617,Ravi Poojary,32,M,0
14504,12617,Basavaraj Iyer,50,M,0
14505,12618,Ravi Bhat,65,M,0
14506,12618,Rekha Patil,5,F,0
14507,12619,Shobha Naik,63,F,0
14508,12620,Shobha Patil,58,F,0
14509,12621,Harish Kumar,37,M,0
14510,12621,Bhagya Rao,37,F,0
14511,12622,Kumar Naik,25,M,0
14512,12623,Anil Gowda,52,M,0
14513,12624,Pooja Gowda,10,F,0
14514,12625,Rekha Naik,41,F,0
14515,12626,Geeta Poojary,12,F,0
14516,12627,Deepa Rao,47,F,0
14517,12628,Nandini Shetty,28,F,0
14518,12629,Manjula Naidu,70,F,0
14519,12629,Anita Kumar,18,F,0
14520,12630,Mahesh Naik,37,M,0
14521,12631,Yogesh Achar,52,M,0
14522,12632,Shobha Gowda,8,F,0
14523,12633,Basavaraj Kumar,13,M,0
14524,12634,Mahesh Poojary,48,M,0
14525,12635,Shivaraj Achar,13,M,0
14526,12636,Rekha Achar,29,F,0
14527,12637,Raghu Gowda,14,M,0
14528,12638,Ravi Kumar,27,M,0
14529,12639,Santosh Gowda,71,M,0
14530,12640,Pooja Rao,50,F,0
14531,12641,Mahesh Naidu,6,M,0
14532,12641,Shivaraj Bhat,26,M,0
14533,12642,Radha Hegde,15,F,0
14534,12643,Roopa Setty,13,F,0
14535,12644,Anita Patil,13,F,0
14536,12645,Anil Bhat,66,M,0
14537,12646,Shobha Murthy,25,F,0
14538,12647,Priya Hegde,26,F,0
14539,12648,Mahesh Poojary,7,M,0
14540,12649,Pooja Setty,39,F,0
14541,12650,Bhagya Achar,19,F,0
14542,12651,Ganesh Achar,75,M,0
14543,12652,Vidya Shetty,49,F,0
14544,12652,Shobha Naidu,24,F,0
14545,12653,Shivaraj Shetty,35,M,0
14546,12654,Shivaraj Murthy,6,M,0
14547,12655,Harish Naidu,42,M,0
14548,12655,Shobha Iyer,46,F,0
14549,12656,Priya Hegde,71,F,0
14550,12656,Ramesh Iyer,50,M,0
14551,12657,Ganesh Hegde,69,M,0
14552,12658,Deepa Poojary,75,F,0
14553,12658,Harish Patil,42,M,0
14554,12659,Shobha Patil,24,F,0
14555,12660,Naveen Hegde,22,M,0
14556,12661,Radha Reddy,10,F,0
14557,12662,Srinivas Naik,11,M,0
14558,12663,Anil Shetty,7,M,0
14559,12664,Deepa Patil,34,F,0
14560,12665,Bhagya Kumar,71,F,0
14561,12666,Chaya Murthy,26,F,0
14562,12667,Harish Rao,52,M,0
14563,12668,Suresh Naik,6,M,0
14564,12669,Manjula Rao,66,F,0
14565,12670,Vijay Hegde,59,M,0
14566,12671,Radha Poojary,47,F,0
14567,12672,Yogesh Kumar,73,M,0
14568,12672,Pooja Naik,25,F,0
14569,12673,Anita Naidu,45,F,0
14570,12674,Ramesh Gowda,46,M,0
14571,12675,Nandini Poojary,49,F,0
14572,12675,Suresh Iyer,51,M,0
14573,12676,Manjula Gowda,12,F,0
14574,12677,Ganesh Hegde,47,M,0
14575,12678,Chaya Gowda,22,F,0
14576,12679,Roopa Gowda,11,F,0
14577,12680,Pooja Gowda,51,F,0
14578,12681,Prakash Iyer,47,M,0
14579,12682,Girish Hegde,30,M,0
14580,12682,Chaya Patil,37,F,0
14581,12683,Anita Kumar,56,F,0
14582,12684,Bhagya Kumar,24,F,0
14583,12685,Sowmya Kumar,69,F,0
14584,12686,Basavaraj Naik,24,M,0
14585,12687,Sunita Bhat,45,F,0
14586,12688,Radha Rao,61,F,0
14587,12689,Basavaraj Iyer,43,M,0
14588,12690,Roopa Bhat,21,F,0
14589,12691,Nandini Kumar,5,F,0
14590,12692,Shivaraj Poojary,26,M,0
14591,12693,Harish Naidu,52,M,0
14592,12694,Sunita Rao,21,F,0
14593,12695,Yogesh Hegde,53,M,0
14594,12696,Lakshmi Achar,22,F,0
14595,12697,Geeta Bhat,7,F,0
14596,12698,Suresh Patil,23,M,0
14597,12699,Deepa Shetty,34,F,0
14598,12700,Basavaraj Naidu,63,M,0
14599,12701,Radha Reddy,61,F,0
14600,12702,Pooja Shetty,27,F,0
14601,12703,Nagaraj Kumar,15,M,0
14602,12704,Nandini Murthy,52,F,0
14603,12705,Yogesh Naik,75,M,0
14604,12705,Pooja Achar,15,F,0
14605,12706,Girish Naik,42,M,0
14606,12707,Suresh Iyer,62,M,0
14607,12708,Vidya Gowda,32,F,0
14608,12709,Kavya Shetty,54,F,0
14609,12710,Manjunath Bhat,13,M,0
14610,12711,Chaya Shetty,22,F,0
14611,12712,Ravi Kumar,70,M,0
14612,12713,Sunita Hegde,6,F,0
14613,12714,Chaya Naik,23,F,0
14614,12715,Basavaraj Murthy,65,M,0
14615,12716,Mahesh Reddy,62,M,0
14616,12717,Rekha Shetty,65,F,0
14617,12717,Shobha Reddy,9,F,0
14618,12718,Ganesh Shetty,42,M,0
14619,12719,Ganesh Iyer,62,M,0
14620,12720,Manjunath Murthy,6,M,0
14621,12721,Ganesh Hegde,75,M,0
14622,12722,Nagaraj Reddy,65,M,0
14623,12722,Priya Gowda,46,F,0
14624,12723,Yogesh Bhat,5,M,0
14625,12724,Rekha Bhat,35,F,0
14626,12725,Ganesh Achar,45,M,0
14627,12725,Shwetha Setty,40,F,0
14628,12726,Ravi Shetty,31,M,0
14629,12726,Vidya Setty,70,F,0
14630,12727,Harish Poojary,47,M,0
14631,12728,Sowmya Patil,64,F,0
14632,12729,Naveen Rao,67,M,0
14633,12730,Raghu Setty,20,M,0
14634,12731,Yogesh Kumar,13,M,0
14635,12732,Kavya Naik,67,F,0
14636,12733,Bhagya Hegde,29,F,0
14637,12734,Bhagya Poojary,21,F,0
14638,12735,Ganesh Poojary,51,M,0
14639,12736,Mahesh Setty,19,M,0
14640,12737,Shobha Shetty,23,F,0
14641,12737,Raghu Naik,64,M,0
14642,12738,Mahesh Naidu,45,M,0
14643,12739,Vidya Bhat,59,F,0
14644,12740,Basavaraj Reddy,14,M,0
14645,12741,Bhagya Setty,45,F,0
14646,12742,Priya Kumar,20,F,0
14647,12743,Kavya Setty,32,F,0
14648,12744,Chaya Naik,69,F,0
14649,12745,Ganesh Shetty,37,M,0
14650,12746,Yogesh Rao,30,M,0
14651,12747,Manjula Shetty,66,F,0
14652,12748,Santosh Poojary,68,M,0
14653,12749,Deepa Gowda,63,F,0
14654,12750,Raghu Naidu,55,M,0
14655,12751,Anita Shetty,22,F,0
14656,12752,Naveen Kumar,50,M,0
14657,12753,Mahesh Naidu,44,M,0
14658,12754,Vijay Shetty,53,M,0
14659,12755,Sowmya Patil,45,F,0
14660,12756,Srinivas Shetty,12,M,0
14661,12757,Santosh Patil,38,M,0
14662,12758,Basavaraj Reddy,69,M,0
14663,12759,Santosh Naidu,35,M,0
14664,12760,Santosh Achar,16,M,0
14665,12761,Rekha Kumar,64,F,0
14666,12762,Yogesh Naik,5,M,0
14667,12763,Roopa Poojary,40,F,0
14668,12764,Yogesh Naidu,58,M,0
14669,12764,Suresh Naidu,23,M,0
14670,12765,Ramesh Patil,11,M,0
14671,12766,Nandini Bhat,7,F,0
14672,12767,Geeta Reddy,37,F,0
14673,12768,Prakash Rao,6,M,0
14674,12769,Manjunath Bhat,15,M,0
14675,12770,Sowmya Poojary,41,F,0
14676,12771,Deepa Achar,47,F,0
14677,12772,Prakash Hegde,10,M,0
14678,12773,Savitha Naik,33,F,0
14679,12774,Lakshmi Gowda,33,F,0
14680,12775,Suresh Rao,32,M,0
14681,12776,Ravi Kumar,56,M,0
14682,12777,Ramesh Achar,41,M,0
14683,12778,Bhagya Shetty,12,F,0
14684,12779,Sowmya Rao,34,F,0
14685,12780,Ravi Achar,18,M,0
14686,12781,Pooja Hegde,75,F,0
14687,12782,Rekha Iyer,45,F,0
14688,12783,Anita Poojary,66,F,0
14689,12784,Anita Hegde,72,F,0
14690,12785,Kumar Iyer,42,M,0
14691,12785,Raghu Naidu,36,M,0
14692,12786,Savitha Naidu,12,F,0
14693,12787,Srinivas Poojary,48,M,0
14694,12788,Deepa Bhat,65,F,0
14695,12789,Suresh Gowda,9,M,0
14696,12790,Girish Poojary,31,M,0
14697,12791,Nagaraj Iyer,18,M,0
14698,12792,Srinivas Patil,40,M,0
14699,12793,Nagaraj Reddy,24,M,0
14700,12794,Harish Iyer,8,M,0
14701,12795,Srinivas Poojary,35,M,0
14702,12796,Priya Naik,25,F,0
14703,12797,Vidya Kumar,42,F,0
14704,12798,Chaya Reddy,46,F,0
14705,12799,Raghu Setty,66,M,0
14706,12800,Shobha Reddy,52,F,0
14707,12801,Suresh Naidu,69,M,0
14708,12801,Vidya Hegde,38,F,0
14709,12802,Savitha Reddy,68,F,0
14710,12803,Yogesh Kumar,37,M,0
14711,12804,Nagaraj Naik,70,M,0
14712,12805,Ravi Patil,24,M,0
14713,12806,Girish Achar,52,M,0
14714,12807,Shivaraj Murthy,47,M,0
14715,12808,Sowmya Hegde,55,F,0
14716,12809,Ramesh Patil,48,M,0
14717,12810,Shobha Gowda,33,F,0
14718,12811,Geeta Patil,73,F,0
14719,12812,Basavaraj Hegde,69,M,0
14720,12813,Rekha Bhat,5,F,0
14721,12814,Nagaraj Iyer,54,M,0
14722,12815,Shwetha Reddy,14,F,0
14723,12816,Nagaraj Achar,5,M,0
14724,12817,Vijay Achar,47,M,0
14725,12818,Suresh Rao,14,M,0
14726,12819,Manjula Reddy,46,F,0
14727,12820,Sowmya Gowda,55,F,0
14728,12821,Rekha Hegde,38,F,0
14729,12822,Manjula Iyer,59,F,0
14730,12823,Roopa Poojary,44,F,0
14731,12824,Bhagya Kumar,55,F,0
14732,12825,Basavaraj Achar,68,M,0
14733,12826,Yogesh Reddy,23,M,0
14734,12827,Ganesh Reddy,36,M,0
14735,12828,Kavya Naidu,68,F,0
14736,12829,Ganesh Naidu,46,M,0
14737,12830,Sowmya Patil,14,F,0
14738,12831,Rekha Patil,70,F,0
14739,12832,Ganesh Gowda,48,M,0
14740,12833,Anita Achar,41,F,0
14741,12833,Anita Patil,72,F,0
14742,12834,Vijay Reddy,72,M,0
14743,12835,Savitha Naidu,10,F,0
14744,12836,Kumar Achar,52,M,0
14745,12837,Shivaraj Kumar,50,M,0
14746,12838,Lakshmi Naik,17,F,0
14747,12838,Ganesh Naik,11,M,0
14748,12839,Priya Achar,7,F,0
14749,12840,Nandini Naidu,44,F,0
14750,12841,Suresh Murthy,49,M,0
14751,12842,Prakash Iyer,22,M,0
14752,12842,Shwetha Reddy,47,F,0
14753,12843,Rekha Patil,41,F,0
14754,12844,Shwetha Shetty,48,F,0
14755,12845,Geeta Poojary,55,F,0
14756,12846,Suresh Bhat,45,M,0
14757,12846,Rekha Setty,69,F,0
14758,12847,Shobha Reddy,12,F,0
14759,12848,Chaya Murthy,57,F,0
14760,12849,Naveen Naik,24,M,0
14761,12850,Mahesh Rao,27,M,0
14762,12850,Vidya Rao,16,F,0
14763,12851,Prakash Rao,15,M,0
14764,12852,Ganesh Poojary,17,M,0
14765,12853,Priya Iyer,30,F,0
14766,12854,Nagaraj Naidu,28,M,0
14767,12855,Prakash Murthy,12,M,0
14768,12856,Bhagya Naik,74,F,0
14769,12857,Shivaraj Poojary,8,M,0
14770,12858,Manjunath Rao,18,M,0
14771,12859,Vidya Naik,53,F,0
14772,12859,Naveen Hegde,49,M,0
14773,12860,Radha Murthy,20,F,0
14774,12860,Ganesh Poojary,54,M,0
14775,12861,Santosh Shetty,64,M,0
14776,12862,Lakshmi Naik,28,F,0
14777,12863,Sunita Murthy,25,F,0
14778,12864,Sunita Iyer,38,F,0
14779,12865,Ramesh Bhat,24,M,0
14780,12866,Ravi Gowda,46,M,0
14781,12867,Shivaraj Hegde,55,M,0
14782,12868,Basavaraj Setty,59,M,0
14783,12868,Kavya Poojary,37,F,0
14784,12869,Ramesh Gowda,46,M,0
14785,12870,Santosh Patil,71,M,0
14786,12870,Manjunath Naik,57,M,0
14787,12871,Mahesh Patil,6,M,0
14788,12871,Bhagya Naik,65,F,0
14789,12872,Deepa Poojary,64,F,0
14790,12872,Shivaraj Poojary,29,M,0
14791,12873,Vijay Achar,58,M,0
14792,12874,Vidya Achar,18,F,0
14793,12875,Radha Poojary,21,F,0
14794,12876,Shobha Iyer,26,F,0
14795,12877,Manjunath Achar,55,M,0
14796,12878,Kumar Poojary,67,M,0
14797,12879,Roopa Patil,73,F,0
14798,12880,Sowmya Rao,10,F,0
14799,12881,Naveen Naidu,34,M,0
14800,12882,Radha Iyer,59,F,0
14801,12883,Pooja Poojary,29,F,0
14802,12884,Anil Poojary,18,M,0
14803,12885,Naveen Reddy,72,M,0
14804,12886,Priya Iyer,8,F,0
14805,12887,Manjunath Iyer,11,M,0
14806,12888,Harish Poojary,75,M,0
14807,12889,Kavya Gowda,11,F,0
14808,12890,Sunita Shetty,31,F,0
14809,12891,Anil Patil,25,M,0
14810,12892,Geeta Naik,38,F,0
14811,12893,Suresh Poojary,38,M,0
14812,12894,Roopa Reddy,59,F,0
14813,12895,Suresh Rao,25,M,0
14814,12896,Yogesh Rao,8,M,0
14815,12896,Manjunath Naidu,24,M,0
14816,12897,Ramesh Setty,23,M,0
14817,12897,Manjula Hegde,36,F,0
14818,12898,Santosh Shetty,19,M,0
14819,12899,Anita Reddy,14,F,0
14820,12900,Ramesh Kumar,23,M,0
14821,12901,Shwetha Rao,53,F,0
14822,12902,Girish Iyer,15,M,0
14823,12903,Anil Achar,46,M,0
14824,12903,Anil Bhat,61,M,0
14825,12904,Ravi Shetty,57,M,0
14826,12905,Yogesh Hegde,30,M,0
14827,12906,Geeta Naik,70,F,0
14828,12907,Suresh Murthy,19,M,0
14829,12908,Naveen Bhat,51,M,0
14830,12909,Santosh Gowda,58,M,0
14831,12910,Kavya Setty,13,F,0
14832,12911,Mahesh Rao,39,M,0
14833,12912,Priya Kumar,44,F,0
14834,12913,Naveen Naidu,25,M,0
14835,12914,Vijay Iyer,51,M,0
14836,12915,Nagaraj Setty,40,M,0
14837,12915,Geeta Iyer,71,F,0
14838,12916,Vijay Naidu,71,M,0
14839,12917,Nandini Iyer,15,F,0
14840,12918,Deepa Gowda,45,F,0
14841,12919,Vidya Patil,23,F,0
14842,12920,Savitha Gowda,27,F,0
14843,12921,Sunita Bhat,64,F,0
14844,12922,Sowmya Murthy,19,F,0
14845,12923,Ravi Naidu,58,M,0
14846,12924,Shobha Reddy,62,F,0
14847,12925,Yogesh Iyer,63,M,0
14848,12926,Chaya Rao,27,F,0
14849,12927,Vidya Rao,37,F,0
14850,12928,Savitha Gowda,48,F,0
14851,12929,Ramesh Iyer,17,M,0
14852,12930,Bhagya Naik,9,F,0
14853,12930,Roopa Reddy,24,F,0
14854,12931,Kavya Setty,30,F,0
14855,12932,Kumar Reddy,22,M,0
14856,12933,Shobha Iyer,74,F,0
14857,12934,Santosh Poojary,30,M,0
14858,12935,Anita Murthy,31,F,0
14859,12936,Roopa Naik,17,F,0
14860,12937,Geeta Bhat,70,F,0
14861,12938,Nandini Iyer,44,F,0
14862,12939,Santosh Hegde,15,M,0
14863,12939,Pooja Shetty,24,F,0
14864,12940,Bhagya Shetty,42,F,0
14865,12941,Nagaraj Kumar,43,M,0
14866,12942,Nandini Iyer,11,F,0
14867,12943,Yogesh Iyer,16,M,0
14868,12944,Ganesh Gowda,47,M,0
14869,12945,Lakshmi Murthy,45,F,0
14870,12946,Vijay Reddy,53,M,0
14871,12947,Deepa Setty,61,F,0
14872,12948,Harish Murthy,27,M,0
14873,12949,Shivaraj Hegde,72,M,0
14874,12949,Deepa Shetty,21,F,0
14875,12950,Vidya Naik,27,F,0
14876,12951,Shivaraj Setty,53,M,0
14877,12952,Sowmya Shetty,34,F,0
14878,12953,Chaya Naidu,20,F,0
14879,12954,Girish Naidu,14,M,0
14880,12955,Savitha Iyer,63,F,0
14881,12956,Chaya Setty,63,F,0
14882,12957,Sowmya Naidu,62,F,0
14883,12958,Pooja Naidu,31,F,0
14884,12959,Bhagya Gowda,31,F,0
14885,12960,Basavaraj Kumar,72,M,0
14886,12960,Roopa Rao,71,F,0
14887,12961,Naveen Patil,18,M,0
14888,12962,Anil Reddy,22,M,0
14889,12963,Girish Bhat,56,M,0
14890,12964,Sowmya Naidu,33,F,0
14891,12965,Anita Kumar,64,F,0
14892,12966,Ravi Hegde,8,M,0
14893,12967,Prakash Reddy,73,M,0
14894,12968,Manjula Naidu,7,F,0
14895,12968,Deepa Bhat,20,F,0
14896,12969,Bhagya Poojary,49,F,0
14897,12970,Lakshmi Gowda,59,F,0
14898,12971,Anita Kumar,65,F,0
14899,12972,Srinivas Patil,27,M,0
14900,12973,Shwetha Reddy,11,F,0
14901,12974,Srinivas Hegde,74,M,0
14902,12975,Ramesh Hegde,28,M,0
14903,12976,Roopa Shetty,55,F,0
14904,12977,Savitha Gowda,46,F,0
14905,12978,Ganesh Rao,29,M,0
14906,12979,Shivaraj Hegde,32,M,0
14907,12980,Deepa Naik,55,F,0
14908,12981,Lakshmi Rao,6,F,0
14909,12982,Anita Rao,24,F,0
14910,12983,Raghu Achar,43,M,0
14911,12983,Deepa Naik,35,F,0
14912,12984,Shobha Shetty,7,F,0
14913,12985,Santosh Rao,33,M,0
14914,12986,Radha Murthy,46,F,0
14915,12987,Vijay Naik,11,M,0
14916,12988,Suresh Naidu,25,M,0
14917,12988,Prakash Poojary,44,M,0
14918,12989,Nandini Hegde,22,F,0
14919,12990,Chaya Iyer,67,F,0
14920,12991,Prakash Hegde,11,M,0
14921,12991,Pooja Iyer,23,F,0
14922,12992,Deepa Setty,57,F,0
14923,12992,Lakshmi Hegde,67,F,0
14924,12993,Shivaraj Patil,12,M,0
14925,12994,Kumar Rao,69,M,0
14926,12995,Ganesh Achar,19,M,0
14927,12996,Girish Poojary,50,M,0
14928,12997,Sowmya Patil,70,F,0
14929,12997,Kavya Bhat,44,F,0
14930,12998,Pooja Naik,14,F,0
14931,12999,Ramesh Gowda,39,M,0
14932,13000,Anil Achar,19,M,0
14933,13001,Raghu Kumar,73,M,0
14934,13002,Rekha Murthy,42,F,0
14935,13003,Prakash Naidu,37,M,0
14936,13004,Basavaraj Hegde,36,M,0
14937,13005,Suresh Setty,52,M,0
14938,13006,Anil Rao,54,M,0
14939,13007,Vidya Patil,52,F,0
14940,13008,Manjula Murthy,43,F,0
14941,13009,Deepa Shetty,9,F,0
14942,13010,Santosh Poojary,48,M,0
14943,13011,Ramesh Gowda,5,M,0
14944,13012,Prakash Hegde,28,M,0
14945,13013,Ravi Hegde,45,M,0
14946,13014,Naveen Poojary,47,M,0
14947,13015,Raghu Kumar,21,M,0
14948,13015,Basavaraj Patil,62,M,0
14949,13016,Ganesh Reddy,48,M,0
14950,13017,Shobha Bhat,31,F,0
14951,13018,Srinivas Bhat,22,M,0
14952,13019,Suresh Reddy,12,M,0
14953,13020,Kavya Achar,37,F,0
14954,13021,Basavaraj Iyer,52,M,0
14955,13022,Shwetha Poojary,48,F,0
14956,13023,Geeta Gowda,5,F,0
14957,13024,Prakash Naik,49,M,0
14958,13025,Radha Murthy,45,F,0
14959,13026,Manjula Gowda,50,F,0
14960,13027,Shwetha Patil,45,F,0
14961,13028,Ramesh Patil,45,M,0
14962,13029,Anita Patil,67,F,0
14963,13030,Rekha Kumar,54,F,0
14964,13031,Nagaraj Murthy,73,M,0
14965,13032,Raghu Murthy,42,M,0
14966,13033,Anil Kumar,41,M,0
14967,13034,Kumar Reddy,35,M,0
14968,13035,Suresh Iyer,33,M,0
14969,13036,Yogesh Kumar,24,M,0
14970,13036,Radha Patil,66,F,0
14971,13037,Vijay Naidu,6,M,0
14972,13038,Kumar Achar,22,M,0
14973,13039,Radha Shetty,18,F,0
14974,13040,Shivaraj Naik,71,M,0
14975,13041,Sunita Setty,65,F,0
14976,13041,Ganesh Naidu,36,M,0
14977,13042,Vijay Poojary,18,M,0
14978,13043,Radha Gowda,44,F,0
14979,13044,Roopa Kumar,43,F,0
14980,13045,Mahesh Hegde,18,M,0
14981,13046,Vidya Kumar,73,F,0
14982,13047,Mahesh Reddy,17,M,0
14983,13048,Manjula Setty,8,F,0
14984,13049,Srinivas Shetty,62,M,0
14985,13050,Radha Kumar,5,F,0
14986,13051,Sowmya Reddy,36,F,0
14987,13052,Bhagya Kumar,45,F,0
14988,13053,Harish Murthy,40,M,0
14989,13054,Ramesh Shetty,64,M,0
14990,13055,Basavaraj Bhat,13,M,0
14991,13056,Anita Setty,30,F,0
14992,13057,Anil Naidu,23,M,0
14993,13058,Raghu Naik,50,M,0
14994,13059,Yogesh Hegde,22,M,0
14995,13060,Geeta Patil,26,F,0
14996,13061,Kavya Naik,47,F,0
14997,13062,Basavaraj Patil,48,M,0
14998,13063,Manjunath Naik,51,M,0
14999,13064,Kumar Iyer,69,M,0
15000,13065,Rekha Setty,39,F,0
15001,13066,Mahesh Hegde,35,M,0
15002,13067,Bhagya Shetty,71,F,0
15003,13068,Manjunath Poojary,28,M,0
15004,13069,Girish Setty,67,M,0
15005,13070,Anita Hegde,9,F,0
15006,13070,Manjula Rao,69,F,0
15007,13071,Priya Kumar,31,F,0
15008,13072,Priya Naik,9,F,0
15009,13073,Kavya Bhat,29,F,0
15010,13073,Suresh Poojary,60,M,0
15011,13074,Bhagya Hegde,5,F,0
15012,13075,Yogesh Rao,56,M,0
15013,13076,Geeta Hegde,35,F,0
15014,13077,Deepa Naidu,65,F,0
15015,13078,Shobha Iyer,28,F,0
15016,13078,Chaya Bhat,21,F,0
15017,13079,Kavya Rao,28,F,0
15018,13080,Raghu Iyer,6,M,0
15019,13080,Anil Patil,71,M,0
15020,13081,Prakash Bhat,32,M,0
15021,13082,Raghu Murthy,62,M,0
15022,13083,Santosh Murthy,64,M,0
15023,13084,Lakshmi Rao,38,F,0
15024,13085,Kumar Naik,50,M,0
15025,13086,Ramesh Reddy,20,M,0
15026,13087,Vijay Achar,29,M,0
15027,13088,Srinivas Shetty,49,M,0
15028,13089,Sowmya Rao,33,F,0
15029,13090,Nagaraj Gowda,5,M,0
15030,13090,Bhagya Setty,20,F,0
15031,13091,Shivaraj Naidu,55,M,0
15032,13091,Yogesh Gowda,36,M,0
15033,13092,Priya Setty,74,F,0
15034,13093,Rekha Shetty,7,F,0
15035,13094,Nagaraj Reddy,10,M,0
15036,13095,Girish Achar,46,M,0
15037,13096,Sowmya Bhat,60,F,0
15038,13096,Shivaraj Poojary,45,M,0
15039,13097,Bhagya Hegde,14,F,0
15040,13098,Shwetha Naik,22,F,0
15041,13099,Nandini Setty,56,F,0
15042,13100,Chaya Rao,59,F,0
15043,13101,Geeta Rao,23,F,0
15044,13102,Anil Achar,31,M,0
15045,13102,Deepa Setty,6,F,0
15046,13103,Savitha Murthy,49,F,0
15047,13104,Anita Poojary,36,F,0
15048,13105,Shobha Shetty,51,F,0
15049,13106,Basavaraj Shetty,13,M,0
15050,13107,Rekha Iyer,8,F,0
15051,13108,Shivaraj Iyer,42,M,0
15052,13109,Nagaraj Murthy,55,M,0
15053,13110,Ganesh Naidu,12,M,0
15054,13111,Radha Achar,11,F,0
15055,13111,Anil Patil,57,M,0
15056,13112,Mahesh Naik,40,M,0
15057,13113,Lakshmi Naidu,34,F,0
15058,13114,Naveen Naik,12,M,0
15059,13115,Ramesh Patil,26,M,0
15060,13116,Prakash Murthy,19,M,0
15061,13117,Shobha Bhat,52,F,0
15062,13118,Naveen Patil,38,M,0
15063,13118,Vidya Shetty,53,F,0
15064,13119,Basavaraj Shetty,52,M,0
15065,13120,Anita Gowda,49,F,0
15066,13121,Chaya Setty,15,F,0
15067,13122,Chaya Rao,24,F,0
15068,13123,Girish Naidu,9,M,0
15069,13124,Shobha Naidu,10,F,0
15070,13125,Yogesh Naidu,71,M,0
15071,13126,Sunita Patil,14,F,0
15072,13126,Chaya Achar,11,F,0
15073,13127,Rekha Naik,60,F,0
15074,13128,Lakshmi Naik,59,F,0
15075,13129,Suresh Patil,42,M,0
15076,13130,Radha Murthy,11,F,0
15077,13131,Savitha Kumar,59,F,0
15078,13132,Basavaraj Reddy,14,M,0
15079,13133,Shivaraj Iyer,68,M,0
15080,13134,Rekha Gowda,42,F,0
15081,13135,Yogesh Reddy,43,M,0
15082,13136,Naveen Poojary,13,M,0
15083,13136,Anil Poojary,8,M,0
15084,13137,Manjula Patil,61,F,0
15085,13138,Deepa Patil,60,F,0
15086,13139,Shobha Achar,19,F,0
15087,13140,Ramesh Shetty,55,M,0
15088,13141,Rekha Gowda,46,F,0
15089,13142,Bhagya Hegde,47,F,0
15090,13142,Chaya Iyer,69,F,0
15091,13143,Anil Poojary,45,M,0
15092,13144,Lakshmi Setty,29,F,0
15093,13145,Manjula Shetty,73,F,0
15094,13146,Vijay Setty,46,M,0
15095,13147,Manjunath Setty,53,M,0
15096,13148,Vijay Poojary,37,M,0
15097,13149,Sowmya Iyer,37,F,0
15098,13150,Girish Reddy,59,M,0
15099,13150,Santosh Murthy,26,M,0
15100,13151,Geeta Hegde,73,F,0
15101,13152,Deepa Reddy,43,F,0
15102,13153,Mahesh Patil,63,M,0
15103,13154,Kavya Naidu,24,F,0
15104,13154,Girish Setty,63,M,0
15105,13155,Priya Naidu,29,F,0
15106,13156,Anil Rao,65,M,0
15107,13157,Ravi Shetty,37,M,0
15108,13158,Kavya Gowda,23,F,0
15109,13159,Sunita Naik,70,F,0
15110,13159,Vijay Patil,23,M,0
15111,13160,Priya Naik,71,F,0
15112,13161,Harish Patil,47,M,0
15113,13162,Nagaraj Rao,41,M,0
15114,13162,Rekha Patil,48,F,0
15115,13163,Shwetha Kumar,48,F,0
15116,13164,Sunita Kumar,62,F,0
15117,13165,Lakshmi Setty,73,F,0
15118,13166,Geeta Rao,8,F,0
15119,13167,Srinivas Achar,62,M,0
15120,13168,Shivaraj Hegde,55,M,0
15121,13168,Chaya Rao,62,F,0
15122,13169,Harish Naidu,70,M,0
15123,13170,Manjunath Shetty,9,M,0
15124,13171,Savitha Poojary,31,F,0
15125,13172,Ramesh Achar,12,M,0
15126,13173,Sunita Bhat,28,F,0
15127,13174,Basavaraj Reddy,18,M,0
15128,13175,Anita Reddy,59,F,0
15129,13176,Harish Naidu,51,M,0
15130,13177,Savitha Naik,19,F,0
15131,13178,Vidya Shetty,11,F,0
15132,13179,Anita Murthy,38,F,0
15133,13180,Geeta Bhat,68,F,0
15134,13181,Naveen Rao,27,M,0
15135,13182,Shobha Reddy,74,F,0
15136,13182,Raghu Naidu,40,M,0
15137,13183,Basavaraj Kumar,31,M,0
15138,13184,Mahesh Kumar,12,M,0
15139,13185,Santosh Naidu,63,M,0
15140,13186,Radha Bhat,10,F,0
15141,13187,Sunita Reddy,7,F,0
15142,13188,Vidya Rao,72,F,0
15143,13189,Priya Reddy,27,F,0
15144,13190,Girish Achar,67,M,0
15145,13191,Manjula Kumar,44,F,0
15146,13192,Vidya Naik,15,F,0
15147,13193,Shwetha Rao,54,F,0
15148,13194,Naveen Achar,61,M,0
15149,13194,Sunita Naidu,14,F,0
15150,13195,Savitha Bhat,26,F,0
15151,13196,Sowmya Iyer,65,F,0
15152,13197,Naveen Setty,51,M,0
15153,13198,Ganesh Murthy,48,M,0
15154,13199,Mahesh Iyer,44,M,0
15155,13199,Sunita Patil,9,F,0
15156,13200,Ravi Naik,53,M,0
15157,13200,Geeta Setty,29,F,0
15158,13201,Ravi Kumar,46,M,0
15159,13202,Suresh Shetty,43,M,0
15160,13203,Santosh Gowda,54,M,0
15161,13204,Harish Rao,56,M,0
15162,13205,Kumar Poojary,66,M,0
15163,13206,Kavya Poojary,68,F,0
15164,13207,Ravi Achar,57,M,0
15165,13208,Shivaraj Poojary,53,M,0
15166,13209,Ganesh Gowda,63,M,0
15167,13209,Bhagya Kumar,68,F,0
15168,13210,Vidya Naik,14,F,0
15169,13210,Kumar Hegde,10,M,0
15170,13211,Priya Shetty,28,F,0
15171,13212,Nandini Achar,75,F,0
15172,13213,Chaya Naidu,53,F,0
15173,13213,Pooja Achar,67,F,0
15174,13214,Deepa Hegde,34,F,0
15175,13215,Basavaraj Achar,16,M,0
15176,13216,Roopa Rao,52,F,0
15177,13217,Prakash Patil,29,M,0
15178,13218,Radha Achar,37,F,0
15179,13219,Mahesh Murthy,30,M,0
15180,13219,Radha Reddy,13,F,0
15181,13220,Shivaraj Naik,23,M,0
15182,13221,Manjunath Shetty,26,M,0
15183,13222,Kumar Bhat,25,M,0
15184,13223,Sowmya Setty,68,F,0
15185,13224,Deepa Naik,16,F,0
15186,13224,Raghu Reddy,46,M,0
15187,13225,Ganesh Poojary,48,M,0
15188,13226,Ramesh Hegde,69,M,0
15189,13227,Manjunath Iyer,5,M,0
15190,13228,Deepa Patil,50,F,0
15191,13229,Ganesh Rao,58,M,0
15192,13230,Girish Poojary,44,M,0
15193,13230,Ganesh Iyer,27,M,0
15194,13231,Kavya Patil,36,F,0
15195,13232,Priya Shetty,31,F,0
15196,13233,Vijay Bhat,19,M,0
15197,13234,Rekha Gowda,66,F,0
15198,13235,Yogesh Poojary,72,M,0
15199,13236,Chaya Achar,27,F,0
15200,13237,Girish Rao,29,M,0
15201,13238,Ravi Patil,58,M,0
15202,13239,Prakash Iyer,65,M,0
15203,13240,Bhagya Achar,11,F,0
15204,13241,Pooja Setty,26,F,0
15205,13242,Nagaraj Achar,41,M,0
15206,13243,Deepa Rao,59,F,0
15207,13244,Vijay Kumar,73,M,0
15208,13245,Girish Naik,45,M,0
15209,13246,Raghu Poojary,48,M,0
15210,13247,Roopa Naik,74,F,0
15211,13247,Shobha Kumar,74,F,0
15212,13248,Sowmya Rao,63,F,0
15213,13249,Rekha Bhat,73,F,0
15214,13250,Girish Gowda,29,M,0
15215,13250,Pooja Poojary,21,F,0
15216,13251,Ganesh Poojary,27,M,0
15217,13252,Geeta Setty,41,F,0
15218,13253,Anita Gowda,9,F,0
15219,13254,Sunita Naik,31,F,0
15220,13255,Naveen Shetty,62,M,0
15221,13256,Rekha Hegde,13,F,0
15222,13257,Raghu Shetty,55,M,0
15223,13258,Yogesh Gowda,60,M,0
15224,13258,Bhagya Hegde,56,F,0
15225,13259,Vijay Reddy,71,M,0
15226,13260,Lakshmi Hegde,7,F,0
15227,13261,Anil Naidu,64,M,0
15228,13262,Shwetha Reddy,30,F,0
15229,13262,Radha Kumar,65,F,0
15230,13263,Suresh Murthy,44,M,0
15231,13264,Manjula Iyer,41,F,0
15232,13265,Anita Reddy,72,F,0
15233,13266,Nandini Achar,73,F,0
15234,13267,Shobha Shetty,67,F,0
15235,13267,Vijay Shetty,73,M,0
15236,13268,Pooja Hegde,17,F,0
15237,13269,Kumar Rao,31,M,0
15238,13270,Rekha Poojary,34,F,0
15239,13271,Ramesh Achar,43,M,0
15240,13272,Sowmya Poojary,21,F,0
15241,13273,Suresh Hegde,73,M,0
15242,13274,Chaya Patil,36,F,0
15243,13274,Pooja Kumar,20,F,0
15244,13275,Geeta Kumar,17,F,0
15245,13276,Srinivas Hegde,71,M,0
15246,13277,Mahesh Patil,54,M,0
15247,13277,Prakash Naik,24,M,0
15248,13278,Lakshmi Shetty,47,F,0
15249,13279,Manjula Naik,75,F,0
15250,13280,Yogesh Gowda,72,M,0
15251,13281,Harish Murthy,31,M,0
15252,13282,Sunita Murthy,18,F,0
15253,13283,Ganesh Gowda,27,M,0
15254,13284,Lakshmi Shetty,39,F,0
15255,13284,Anil Murthy,5,M,0
15256,13285,Manjula Achar,44,F,0
15257,13286,Nagaraj Gowda,29,M,0
15258,13287,Sowmya Hegde,45,F,0
15259,13288,Manjunath Rao,41,M,0
15260,13289,Pooja Patil,72,F,0
15261,13290,Geeta Achar,66,F,0
15262,13291,Priya Achar,59,F,0
15263,13292,Suresh Shetty,58,M,0
15264,13293,Nandini Bhat,47,F,0
15265,13294,Sowmya Achar,43,F,0
15266,13295,Manjunath Iyer,59,M,0
15267,13296,Mahesh Gowda,74,M,0
15268,13297,Nandini Reddy,41,F,0
15269,13297,Ramesh Murthy,10,M,0
15270,13298,Geeta Shetty,10,F,0
15271,13299,Shwetha Shetty,64,F,0
15272,13300,Bhagya Murthy,33,F,0
15273,13301,Priya Iyer,45,F,0
15274,13301,Sowmya Rao,72,F,0
15275,13302,Savitha Naik,16,F,0
15276,13303,Sowmya Achar,69,F,0
15277,13304,Kumar Shetty,70,M,0
15278,13305,Rekha Bhat,55,F,0
15279,13306,Kumar Kumar,60,M,0
15280,13307,Deepa Gowda,53,F,0
15281,13308,Savitha Rao,66,F,0
15282,13309,Vijay Bhat,52,M,0
15283,13310,Ganesh Gowda,10,M,0
15284,13311,Anil Shetty,10,M,0
15285,13312,Vijay Shetty,34,M,0
15286,13312,Vijay Shetty,36,M,0
15287,13313,Savitha Hegde,63,F,0
15288,13314,Anil Naidu,46,M,0
15289,13314,Suresh Rao,40,M,0
15290,13315,Prakash Gowda,72,M,0
15291,13316,Radha Patil,22,F,0
15292,13316,Priya Naik,9,F,0
15293,13317,Harish Naidu,69,M,0
15294,13318,Shwetha Achar,13,F,0
15295,13319,Prakash Setty,40,M,0
15296,13320,Chaya Reddy,8,F,0
15297,13321,Ramesh Kumar,26,M,0
15298,13322,Naveen Kumar,35,M,0
15299,13322,Manjunath Naik,57,M,0
15300,13323,Harish Naik,43,M,0
15301,13324,Srinivas Poojary,41,M,0
15302,13324,Yogesh Iyer,72,M,0
15303,13325,Anil Poojary,68,M,0
15304,13326,Srinivas Patil,25,M,0
15305,13327,Shwetha Achar,23,F,0
15306,13328,Kumar Iyer,5,M,0
15307,13329,Radha Patil,48,F,0
15308,13330,Sunita Patil,33,F,0
15309,13331,Nagaraj Setty,48,M,0
15310,13332,Vijay Rao,36,M,0
15311,13333,Naveen Rao,36,M,0
15312,13334,Anita Poojary,65,F,0
15313,13334,Santosh Murthy,15,M,0
15314,13335,Raghu Poojary,18,M,0
15315,13336,Sowmya Murthy,45,F,0
15316,13336,Anil Setty,51,M,0
15317,13337,Srinivas Setty,72,M,0
15318,13337,Yogesh Rao,71,M,0
15319,13338,Nandini Murthy,28,F,0
15320,13339,Priya Achar,10,F,0
15321,13339,Kavya Murthy,32,F,0
15322,13340,Vijay Rao,7,M,0
15323,13341,Ganesh Naidu,49,M,0
15324,13341,Yogesh Naidu,74,M,0
15325,13342,Roopa Naik,74,F,0
15326,13342,Ramesh Naik,67,M,0
15327,13343,Naveen Poojary,36,M,0
15328,13344,Sowmya Murthy,33,F,0
15329,13345,Anita Naik,38,F,0
15330,13346,Ravi Kumar,41,M,0
15331,13347,Shwetha Shetty,68,F,0
15332,13348,Rekha Hegde,52,F,0
15333,13349,Raghu Murthy,28,M,0
15334,13350,Mahesh Achar,35,M,0
15335,13350,Savitha Hegde,61,F,0
15336,13351,Manjunath Bhat,12,M,0
15337,13352,Girish Setty,41,M,0
15338,13353,Nandini Murthy,69,F,0
15339,13354,Raghu Bhat,57,M,0
15340,13355,Suresh Setty,53,M,0
15341,13356,Prakash Poojary,14,M,0
15342,13357,Santosh Shetty,22,M,0
15343,13358,Sowmya Patil,63,F,0
15344,13359,Vijay Iyer,9,M,0
15345,13360,Shivaraj Naidu,26,M,0
15346,13361,Raghu Kumar,51,M,0
15347,13362,Srinivas Murthy,37,M,0
15348,13363,Bhagya Naik,40,F,0
15349,13364,Yogesh Setty,18,M,0
15350,13365,Manjunath Patil,16,M,0
15351,13366,Kavya Setty,51,F,0
15352,13367,Shivaraj Naik,37,M,0
15353,13368,Naveen Naidu,13,M,0
15354,13369,Manjunath Shetty,53,M,0
15355,13370,Sowmya Shetty,26,F,0
15356,13371,Raghu Iyer,29,M,0
15357,13372,Manjunath Naik,20,M,0
15358,13373,Savitha Naidu,33,F,0
15359,13374,Raghu Bhat,51,M,0
15360,13375,Shwetha Kumar,15,F,0
15361,13376,Raghu Achar,15,M,0
15362,13377,Manjula Setty,9,F,0
15363,13378,Geeta Reddy,60,F,0
15364,13379,Sowmya Iyer,71,F,0
15365,13380,Girish Iyer,59,M,0
15366,13380,Shwetha Patil,70,F,0
15367,13381,Pooja Poojary,51,F,0
15368,13382,Geeta Patil,46,F,0
15369,13383,Shwetha Reddy,18,F,0
15370,13384,Kavya Achar,67,F,0
15371,13385,Rekha Bhat,40,F,0
15372,13386,Srinivas Kumar,43,M,0
15373,13386,Santosh Patil,72,M,0
15374,13387,Prakash Hegde,57,M,0
15375,13388,Naveen Reddy,56,M,0
15376,13389,Chaya Kumar,28,F,0
15377,13390,Shwetha Reddy,9,F,0
15378,13391,Priya Murthy,28,F,0
15379,13392,Shivaraj Setty,69,M,0
15380,13392,Naveen Setty,24,M,0
15381,13393,Radha Naidu,40,F,0
15382,13393,Radha Iyer,48,F,0
15383,13394,Naveen Naik,75,M,0
15384,13395,Sowmya Gowda,55,F,0
15385,13395,Savitha Reddy,28,F,0
15386,13396,Girish Patil,51,M,0
15387,13397,Anita Bhat,74,F,0
15388,13398,Girish Naik,67,M,0
15389,13399,Naveen Achar,46,M,0
15390,13400,Kumar Poojary,66,M,0
15391,13401,Ravi Murthy,17,M,0
15392,13402,Anita Iyer,25,F,0
15393,13402,Shivaraj Shetty,58,M,0
15394,13403,Kumar Patil,23,M,0
15395,13404,Sowmya Kumar,45,F,0
15396,13405,Anita Naik,63,F,0
15397,13406,Manjula Naidu,48,F,0
15398,13407,Roopa Achar,14,F,0
15399,13408,Sowmya Setty,58,F,0
15400,13409,Savitha Bhat,75,F,0
15401,13410,Sunita Bhat,16,F,0
15402,13411,Harish Shetty,39,M,0
15403,13412,Nagaraj Bhat,59,M,0
15404,13413,Chaya Iyer,73,F,0
15405,13414,Harish Rao,8,M,0
15406,13414,Roopa Bhat,50,F,0
15407,13415,Ravi Bhat,19,M,0
15408,13416,Radha Poojary,66,F,0
15409,13417,Girish Achar,46,M,0
15410,13418,Srinivas Patil,62,M,0
15411,13419,Chaya Naidu,44,F,0
15412,13420,Shwetha Poojary,31,F,0
15413,13421,Savitha Rao,9,F,0
15414,13422,Nandini Hegde,19,F,0
15415,13423,Girish Kumar,36,M,0
15416,13424,Basavaraj Naik,33,M,0
15417,13425,Bhagya Setty,10,F,0
15418,13426,Geeta Naidu,54,F,0
15419,13427,Geeta Rao,36,F,0
15420,13428,Nagaraj Gowda,27,M,0
15421,13429,Radha Naidu,8,F,0
15422,13429,Manjunath Naik,26,M,0
15423,13430,Pooja Setty,67,F,0
15424,13431,Bhagya Gowda,72,F,0
15425,13432,Anita Shetty,22,F,0
15426,13433,Radha Patil,67,F,0
15427,13434,Rekha Bhat,32,F,0
15428,13435,Bhagya Naidu,15,F,0
15429,13436,Harish Kumar,35,M,0
15430,13437,Prakash Poojary,35,M,0
15431,13438,Sunita Reddy,57,F,0
15432,13439,Radha Patil,33,F,0
15433,13439,Pooja Hegde,47,F,0
15434,13440,Geeta Murthy,75,F,0
15435,13441,Srinivas Rao,32,M,0
15436,13442,Ramesh Setty,34,M,0
15437,13443,Savitha Poojary,37,F,0
15438,13444,Ganesh Setty,57,M,0
15439,13445,Savitha Setty,23,F,0
15440,13446,Sowmya Iyer,21,F,0
15441,13447,Lakshmi Gowda,65,F,0
15442,13448,Vidya Iyer,9,F,0
15443,13449,Lakshmi Setty,30,F,0
15444,13450,Sunita Achar,55,F,0
15445,13451,Anil Poojary,47,M,0
15446,13452,Anita Iyer,6,F,0
15447,13453,Ramesh Murthy,39,M,0
15448,13454,Kavya Bhat,26,F,0
15449,13455,Ganesh Kumar,73,M,0
15450,13456,Srinivas Kumar,11,M,0
15451,13457,Girish Gowda,19,M,0
15452,13458,Ramesh Setty,24,M,0
15453,13459,Yogesh Bhat,46,M,0
15454,13460,Vijay Kumar,5,M,0
15455,13461,Bhagya Shetty,14,F,0
15456,13461,Basavaraj Naik,10,M,0
15457,13462,Shobha Naik,71,F,0
15458,13462,Ravi Patil,25,M,0
15459,13463,Santosh Iyer,10,M,0
15460,13464,Ganesh Shetty,58,M,0
15461,13465,Nandini Shetty,39,F,0
15462,13466,Chaya Naidu,33,F,0
15463,13467,Ravi Gowda,75,M,0
15464,13468,Roopa Kumar,30,F,0
15465,13468,Mahesh Kumar,18,M,0
15466,13469,Srinivas Setty,37,M,0
15467,13470,Manjunath Patil,59,M,0
15468,13471,Kumar Murthy,75,M,0
15469,13472,Nandini Gowda,70,F,0
15470,13473,Anil Setty,17,M,0
15471,13474,Yogesh Bhat,42,M,0
15472,13475,Nandini Shetty,6,F,0
15473,13476,Anil Rao,66,M,0
15474,13477,Sowmya Setty,17,F,0
15475,13478,Srinivas Reddy,41,M,0
15476,13478,Radha Gowda,23,F,0
15477,13479,Prakash Rao,58,M,0
15478,13480,Shobha Shetty,51,F,0
15479,13481,Priya Naidu,63,F,0
15480,13482,Nandini Hegde,37,F,0
15481,13483,Ganesh Gowda,6,M,0
15482,13484,Raghu Shetty,50,M,0
15483,13485,Deepa Murthy,10,F,0
15484,13486,Pooja Naik,14,F,0
15485,13487,Yogesh Reddy,66,M,0
15486,13488,Ganesh Bhat,60,M,0
15487,13489,Girish Kumar,35,M,0
15488,13490,Harish Iyer,55,M,0
15489,13491,Ramesh Patil,31,M,0
15490,13491,Nagaraj Shetty,32,M,0
15491,13492,Anita Patil,62,F,0
15492,13493,Vidya Naik,48,F,0
15493,13493,Pooja Rao,23,F,0
15494,13494,Vijay Murthy,16,M,0
15495,13495,Sunita Shetty,55,F,0
15496,13496,Anita Murthy,63,F,0
15497,13497,Basavaraj Naidu,62,M,0
15498,13498,Sunita Iyer,19,F,0
15499,13499,Manjula Kumar,21,F,0
15500,13500,Savitha Hegde,59,F,0
15501,13501,Chaya Murthy,70,F,0
15502,13502,Prakash Patil,62,M,0
15503,13503,Rekha Hegde,42,F,0
15504,13503,Shivaraj Achar,33,M,0
15505,13504,Ravi Hegde,10,M,0
15506,13505,Sunita Achar,13,F,0
15507,13505,Bhagya Bhat,31,F,0
15508,13506,Pooja Bhat,35,F,0
15509,13507,Nagaraj Rao,68,M,0
15510,13507,Radha Bhat,70,F,0
15511,13508,Raghu Achar,21,M,0
15512,13509,Kavya Murthy,11,F,0
15513,13510,Kumar Naidu,16,M,0
15514,13511,Basavaraj Gowda,44,M,0
15515,13511,Bhagya Naidu,43,F,0
15516,13512,Bhagya Setty,25,F,0
15517,13513,Suresh Hegde,14,M,0
15518,13514,Ganesh Kumar,48,M,0
15519,13515,Harish Murthy,26,M,0
15520,13516,Ravi Kumar,9,M,0
15521,13516,Kavya Iyer,24,F,0
15522,13517,Ganesh Naidu,39,M,0
15523,13518,Manjula Achar,59,F,0
15524,13519,Santosh Naidu,64,M,0
15525,13520,Nagaraj Shetty,45,M,0
15526,13521,Radha Shetty,11,F,0
15527,13522,Mahesh Bhat,62,M,0
15528,13523,Santosh Naidu,13,M,0
15529,13523,Pooja Bhat,39,F,0
15530,13524,Kumar Gowda,45,M,0
15531,13524,Yogesh Rao,23,M,0
15532,13525,Shobha Hegde,38,F,0
15533,13526,Suresh Setty,18,M,0
15534,13526,Srinivas Iyer,31,M,0
15535,13527,Rekha Poojary,40,F,0
15536,13528,Ravi Kumar,55,M,0
15537,13528,Manjunath Gowda,60,M,0
15538,13529,Ramesh Poojary,6,M,0
15539,13530,Shivaraj Naidu,57,M,0
15540,13531,Girish Poojary,64,M,0
15541,13532,Raghu Setty,35,M,0
15542,13533,Vidya Shetty,12,F,0
15543,13534,Manjula Gowda,59,F,0
15544,13535,Rekha Naik,27,F,0
15545,13535,Shwetha Gowda,74,F,0
15546,13536,Nandini Iyer,35,F,0
15547,13537,Anil Bhat,44,M,0
15548,13537,Anil Murthy,53,M,0
15549,13538,Lakshmi Setty,75,F,0
15550,13539,Sowmya Patil,32,F,0
15551,13540,Pooja Setty,55,F,0
15552,13541,Anil Shetty,36,M,0
15553,13542,Yogesh Rao,47,M,0
15554,13543,Manjunath Bhat,53,M,0
15555,13544,Pooja Murthy,60,F,0
15556,13545,Basavaraj Bhat,16,M,0
15557,13546,Savitha Kumar,31,F,0
15558,13547,Vijay Achar,14,M,0
15559,13547,Deepa Bhat,64,F,0
15560,13548,Suresh Hegde,64,M,0
15561,13549,Bhagya Reddy,11,F,0
15562,13550,Chaya Poojary,11,F,0
15563,13551,Kumar Naik,73,M,0
15564,13552,Kavya Shetty,59,F,0
15565,13553,Suresh Naik,15,M,0
15566,13554,Raghu Patil,36,M,0
15567,13555,Kumar Poojary,5,M,0
15568,13556,Vijay Shetty,40,M,0
15569,13557,Anita Naidu,26,F,0
15570,13557,Manjula Bhat,71,F,0
15571,13558,Ramesh Naik,25,M,0
15572,13559,Basavaraj Patil,25,M,0
15573,13560,Nagaraj Naik,52,M,0
15574,13561,Vidya Reddy,28,F,0
15575,13562,Harish Kumar,53,M,0
15576,13563,Santosh Kumar,57,M,0
15577,13563,Mahesh Hegde,56,M,0
15578,13564,Santosh Rao,69,M,0
15579,13565,Anil Shetty,27,M,0
15580,13565,Suresh Naidu,56,M,0
15581,13566,Yogesh Setty,42,M,0
15582,13566,Priya Rao,45,F,0
15583,13567,Mahesh Hegde,11,M,0
15584,13568,Geeta Setty,45,F,0
15585,13569,Nagaraj Naidu,36,M,0
15586,13570,Lakshmi Poojary,22,F,0
15587,13571,Manjunath Bhat,31,M,0
15588,13572,Savitha Murthy,46,F,0
15589,13572,Mahesh Hegde,59,M,0
15590,13573,Radha Rao,39,F,0
15591,13574,Bhagya Naidu,70,F,0
15592,13575,Deepa Setty,45,F,0
15593,13576,Srinivas Rao,59,M,0
15594,13577,Mahesh Shetty,30,M,0
15595,13577,Manjunath Bhat,26,M,0
15596,13578,Santosh Naik,34,M,0
15597,13579,Raghu Shetty,32,M,0
15598,13580,Manjula Hegde,7,F,0
15599,13581,Manjula Achar,29,F,0
15600,13582,Sunita Murthy,55,F,0
15601,13582,Basavaraj Naidu,16,M,0
15602,13583,Yogesh Bhat,10,M,0
15603,13583,Bhagya Hegde,39,F,0
15604,13584,Bhagya Achar,54,F,0
15605,13585,Pooja Murthy,5,F,0
15606,13586,Girish Naik,30,M,0
15607,13587,Prakash Poojary,38,M,0
15608,13588,Bhagya Reddy,13,F,0
15609,13588,Ganesh Rao,75,M,0
15610,13589,Nandini Patil,15,F,0
15611,13590,Manjula Hegde,12,F,0
15612,13591,Santosh Achar,70,M,0
15613,13591,Nagaraj Naik,55,M,0
15614,13592,Shwetha Bhat,14,F,0
15615,13593,Santosh Poojary,53,M,0
15616,13594,Pooja Hegde,19,F,0
15617,13595,Kavya Setty,51,F,0
15618,13596,Chaya Naidu,40,F,0
15619,13597,Shobha Achar,5,F,0
15620,13598,Anil Rao,72,M,0
15621,13599,Sunita Patil,69,F,0
15622,13600,Bhagya Setty,11,F,0
15623,13601,Basavaraj Murthy,16,M,0
15624,13602,Anil Naik,40,M,0
15625,13602,Lakshmi Iyer,25,F,0
15626,13603,Sowmya Murthy,34,F,0
15627,13604,Yogesh Reddy,73,M,0
15628,13605,Vijay Reddy,72,M,0
15629,13606,Yogesh Iyer,57,M,0
15630,13606,Shivaraj Bhat,12,M,0
15631,13607,Girish Murthy,58,M,0
15632,13608,Sunita Reddy,59,F,0
15633,13609,Ganesh Setty,72,M,0
15634,13610,Geeta Rao,26,F,0
15635,13611,Chaya Naidu,48,F,0
15636,13612,Sowmya Bhat,12,F,0
15637,13613,Radha Achar,56,F,0
15638,13614,Nandini Achar,47,F,0
15639,13615,Kavya Bhat,21,F,0
15640,13616,Lakshmi Achar,32,F,0
15641,13617,Sowmya Poojary,11,F,0
15642,13617,Prakash Hegde,16,M,0
15643,13618,Lakshmi Reddy,8,F,0
15644,13619,Shobha Naik,51,F,0
15645,13620,Ramesh Shetty,39,M,0
15646,13621,Shobha Iyer,12,F,0
15647,13622,Pooja Reddy,36,F,0
15648,13623,Prakash Gowda,36,M,0
15649,13623,Sowmya Gowda,63,F,0
15650,13624,Deepa Patil,15,F,0
15651,13625,Suresh Achar,9,M,0
15652,13626,Kavya Bhat,14,F,0
15653,13627,Girish Reddy,45,M,0
15654,13628,Nandini Murthy,56,F,0
15655,13629,Harish Patil,57,M,0
15656,13630,Manjula Kumar,31,F,0
15657,13630,Pooja Reddy,48,F,0
15658,13631,Sowmya Setty,57,F,0
15659,13631,Shivaraj Reddy,30,M,0
15660,13632,Ganesh Patil,38,M,0
15661,13632,Shobha Murthy,19,F,0
15662,13633,Raghu Poojary,32,M,0
15663,13633,Shwetha Bhat,67,F,0
15664,13634,Sowmya Achar,18,F,0
15665,13635,Raghu Poojary,73,M,0
15666,13635,Sunita Naidu,74,F,0
15667,13636,Lakshmi Patil,28,F,0
15668,13636,Kumar Gowda,23,M,0
15669,13637,Santosh Iyer,59,M,0
15670,13638,Kumar Setty,69,M,0
15671,13639,Roopa Gowda,67,F,0
15672,13640,Nagaraj Shetty,25,M,0
15673,13641,Shwetha Gowda,52,F,0
15674,13642,Shwetha Setty,51,F,0
15675,13643,Chaya Shetty,39,F,0
15676,13644,Kavya Hegde,43,F,0
15677,13645,Rekha Naik,65,F,0
15678,13646,Chaya Reddy,31,F,0
15679,13647,Geeta Iyer,16,F,0
15680,13648,Ganesh Gowda,16,M,0
15681,13649,Shivaraj Iyer,27,M,0
15682,13650,Kumar Achar,39,M,0
15683,13651,Shivaraj Poojary,34,M,0
15684,13651,Raghu Setty,27,M,0
15685,13652,Yogesh Shetty,58,M,0
15686,13653,Vijay Achar,47,M,0
15687,13654,Chaya Murthy,44,F,0
15688,13655,Sunita Shetty,15,F,0
15689,13656,Girish Rao,31,M,0
15690,13657,Suresh Rao,58,M,0
15691,13658,Sunita Reddy,63,F,0
15692,13659,Radha Rao,19,F,0
15693,13660,Suresh Patil,33,M,0
15694,13661,Yogesh Rao,68,M,0
15695,13662,Rekha Achar,38,F,0
15696,13663,Naveen Setty,50,M,0
15697,13664,Radha Naik,51,F,0
15698,13665,Radha Kumar,17,F,0
15699,13666,Vijay Setty,16,M,0
15700,13667,Girish Reddy,30,M,0
15701,13668,Geeta Naik,25,F,0
15702,13669,Priya Patil,20,F,0
15703,13670,Shobha Bhat,42,F,0
15704,13671,Manjunath Kumar,69,M,0
15705,13672,Radha Rao,39,F,0
15706,13673,Rekha Bhat,71,F,0
15707,13673,Girish Naidu,25,M,0
15708,13674,Deepa Murthy,32,F,0
15709,13675,Ravi Naik,60,M,0
15710,13675,Geeta Bhat,30,F,0
15711,13676,Vijay Naik,74,M,0
15712,13676,Prakash Achar,46,M,0
15713,13677,Kavya Naidu,58,F,0
15714,13678,Basavaraj Setty,43,M,0
15715,13678,Yogesh Murthy,7,M,0
15716,13679,Srinivas Achar,43,M,0
15717,13680,Bhagya Patil,48,F,0
15718,13681,Roopa Hegde,19,F,0
15719,13682,Shobha Naidu,73,F,0
15720,13683,Pooja Naidu,55,F,0
15721,13684,Santosh Kumar,55,M,0
15722,13685,Kavya Murthy,40,F,0
15723,13685,Manjunath Poojary,36,M,0
15724,13686,Santosh Murthy,30,M,0
15725,13687,Kumar Patil,23,M,0
15726,13688,Basavaraj Rao,40,M,0
15727,13689,Kumar Rao,19,M,0
15728,13690,Raghu Shetty,5,M,0
15729,13691,Ravi Naidu,10,M,0
15730,13691,Manjula Patil,45,F,0
15731,13692,Chaya Naidu,67,F,0
15732,13693,Anita Gowda,37,F,0
15733,13694,Harish Gowda,7,M,0
15734,13694,Girish Poojary,54,M,0
15735,13695,Prakash Kumar,66,M,0
15736,13696,Basavaraj Murthy,59,M,0
15737,13696,Prakash Murthy,69,M,0
15738,13697,Kavya Reddy,24,F,0
15739,13698,Nagaraj Iyer,71,M,0
15740,13699,Pooja Murthy,71,F,0
15741,13700,Srinivas Naik,18,M,0
15742,13701,Priya Shetty,8,F,0
15743,13702,Kavya Gowda,50,F,0
15744,13703,Harish Shetty,23,M,0
15745,13704,Prakash Achar,59,M,0
15746,13704,Sunita Naik,28,F,0
15747,13705,Yogesh Gowda,40,M,0
15748,13705,Rekha Setty,75,F,0
15749,13706,Prakash Hegde,61,M,0
15750,13707,Nandini Kumar,64,F,0
15751,13708,Kavya Shetty,75,F,0
15752,13709,Nandini Hegde,42,F,0
15753,13709,Ramesh Poojary,48,M,0
15754,13710,Nagaraj Achar,46,M,0
15755,13710,Ganesh Reddy,13,M,0
15756,13711,Srinivas Kumar,40,M,0
15757,13712,Basavaraj Gowda,12,M,0
15758,13713,Sunita Naidu,65,F,0
15759,13714,Manjunath Poojary,13,M,0
15760,13714,Anita Setty,49,F,0
15761,13715,Mahesh Naik,55,M,0
15762,13716,Srinivas Setty,66,M,0
15763,13717,Vidya Kumar,42,F,0
15764,13718,Kavya Patil,67,F,0
15765,13719,Santosh Hegde,74,M,0
15766,13720,Pooja Shetty,46,F,0
15767,13721,Basavaraj Rao,22,M,0
15768,13722,Roopa Patil,7,F,0
15769,13723,Manjunath Rao,75,M,0
15770,13724,Kumar Shetty,22,M,0
15771,13724,Srinivas Rao,23,M,0
15772,13725,Sunita Kumar,44,F,0
15773,13726,Nandini Kumar,41,F,0
15774,13727,Savitha Reddy,18,F,0
15775,13728,Vijay Gowda,7,M,0
15776,13729,Chaya Bhat,36,F,0
15777,13730,Sowmya Kumar,16,F,0
15778,13730,Kavya Murthy,9,F,0
15779,13731,Nagaraj Poojary,35,M,0
15780,13731,Ravi Naidu,52,M,0
15781,13732,Nagaraj Gowda,13,M,0
15782,13733,Sowmya Naik,71,F,0
15783,13734,Nandini Hegde,50,F,0
15784,13734,Shobha Hegde,62,F,0
15785,13735,Shobha Rao,31,F,0
15786,13736,Manjula Murthy,61,F,0
15787,13737,Basavaraj Kumar,39,M,0
15788,13738,Anil Rao,48,M,0
15789,13739,Shivaraj Poojary,30,M,0
15790,13740,Shivaraj Reddy,13,M,0
15791,13740,Lakshmi Kumar,14,F,0
15792,13741,Radha Shetty,22,F,0
15793,13742,Srinivas Hegde,73,M,0
15794,13743,Geeta Poojary,46,F,0
15795,13744,Nandini Bhat,71,F,0
15796,13745,Girish Reddy,52,M,0
15797,13746,Prakash Setty,46,M,0
15798,13747,Srinivas Reddy,39,M,0
15799,13748,Ramesh Naidu,45,M,0
15800,13749,Anil Patil,9,M,0
15801,13750,Santosh Kumar,12,M,0
15802,13751,Girish Setty,8,M,0
15803,13751,Nandini Setty,59,F,0
15804,13752,Priya Iyer,69,F,0
15805,13753,Kavya Shetty,8,F,0
15806,13754,Sowmya Reddy,75,F,0
15807,13755,Sunita Bhat,43,F,0
15808,13756,Raghu Naik,63,M,0
15809,13757,Basavaraj Iyer,30,M,0
15810,13758,Bhagya Iyer,40,F,0
15811,13758,Shwetha Bhat,19,F,0
15812,13759,Priya Bhat,5,F,0
15813,13760,Girish Rao,67,M,0
15814,13761,Shivaraj Rao,73,M,0
15815,13762,Sowmya Poojary,12,F,0
15816,13763,Nagaraj Iyer,51,M,0
15817,13764,Raghu Bhat,39,M,0
15818,13764,Prakash Murthy,32,M,0
15819,13765,Santosh Patil,7,M,0
15820,13765,Anil Murthy,64,M,0
15821,13766,Suresh Achar,69,M,0
15822,13767,Shivaraj Patil,56,M,0
15823,13768,Nandini Shetty,53,F,0
15824,13769,Manjula Patil,11,F,0
15825,13770,Roopa Gowda,38,F,0
15826,13771,Bhagya Kumar,26,F,0
15827,13772,Srinivas Bhat,54,M,0
15828,13773,Sunita Poojary,42,F,0
15829,13773,Sowmya Murthy,21,F,0
15830,13774,Kavya Bhat,42,F,0
15831,13775,Chaya Setty,65,F,0
15832,13776,Bhagya Kumar,28,F,0
15833,13776,Manjula Bhat,42,F,0
15834,13777,Shwetha Poojary,56,F,0
15835,13777,Mahesh Setty,38,M,0
15836,13778,Roopa Bhat,57,F,0
15837,13779,Pooja Reddy,9,F,0
15838,13779,Suresh Naidu,21,M,0
15839,13780,Pooja Murthy,19,F,0
15840,13780,Geeta Rao,75,F,0
15841,13781,Nagaraj Achar,30,M,0
15842,13782,Yogesh Iyer,5,M,0
15843,13783,Nandini Shetty,46,F,0
15844,13784,Kavya Naidu,31,F,0
15845,13785,Bhagya Naidu,68,F,0
15846,13785,Chaya Setty,37,F,0
15847,13786,Deepa Setty,66,F,0
15848,13787,Basavaraj Naik,11,M,0
15849,13788,Manjula Reddy,60,F,0
15850,13789,Basavaraj Hegde,41,M,0
15851,13790,Srinivas Reddy,14,M,0
15852,13791,Raghu Poojary,12,M,0
15853,13792,Sowmya Naik,8,F,0
15854,13793,Srinivas Naidu,9,M,0
15855,13794,Kavya Naik,46,F,0
15856,13795,Ramesh Gowda,31,M,0
15857,13796,Shivaraj Rao,24,M,0
15858,13797,Kumar Setty,15,M,0
15859,13798,Raghu Rao,40,M,0
15860,13799,Sowmya Murthy,39,F,0
15861,13800,Rekha Murthy,39,F,0
15862,13800,Prakash Hegde,68,M,0
15863,13801,Mahesh Gowda,50,M,0
15864,13802,Mahesh Naik,11,M,0
15865,13803,Nagaraj Poojary,68,M,0
15866,13804,Deepa Setty,35,F,0
15867,13805,Basavaraj Naidu,61,M,0
15868,13806,Shivaraj Kumar,20,M,0
15869,13807,Deepa Shetty,61,F,0
15870,13808,Chaya Shetty,43,F,0
15871,13809,Yogesh Achar,38,M,0
15872,13810,Lakshmi Naik,20,F,0
15873,13811,Shwetha Bhat,75,F,0
15874,13812,Shivaraj Poojary,25,M,0
15875,13813,Radha Iyer,20,F,0
15876,13813,Deepa Iyer,10,F,0
15877,13814,Ramesh Reddy,72,M,0
15878,13815,Harish Achar,51,M,0
15879,13815,Sunita Murthy,64,F,0
15880,13816,Roopa Kumar,10,F,0
15881,13817,Naveen Setty,45,M,0
15882,13818,Raghu Hegde,39,M,0
15883,13819,Manjunath Naik,38,M,0
15884,13820,Lakshmi Shetty,62,F,0
15885,13821,Pooja Achar,18,F,0
15886,13821,Anita Reddy,24,F,0
15887,13822,Ravi Naik,45,M,0
15888,13823,Bhagya Reddy,64,F,0
15889,13824,Vidya Naik,31,F,0
15890,13824,Vijay Gowda,17,M,0
15891,13825,Nagaraj Patil,63,M,0
15892,13826,Girish Naidu,68,M,0
15893,13827,Chaya Patil,9,F,0
15894,13828,Pooja Bhat,17,F,0
15895,13829,Ramesh Hegde,59,M,0
15896,13830,Ravi Bhat,16,M,0
15897,13831,Raghu Naidu,54,M,0
15898,13832,Priya Naik,26,F,0
15899,13833,Harish Hegde,71,M,0
15900,13834,Naveen Rao,60,M,0
15901,13835,Shivaraj Reddy,12,M,0
15902,13835,Harish Poojary,40,M,0
15903,13836,Vidya Achar,51,F,0
15904,13837,Anita Achar,73,F,0
15905,13838,Suresh Patil,52,M,0
15906,13839,Sunita Iyer,20,F,0
15907,13840,Rekha Kumar,8,F,0
15908,13841,Geeta Reddy,32,F,0
15909,13842,Shwetha Naidu,17,F,0
15910,13843,Srinivas Shetty,71,M,0
15911,13844,Pooja Achar,16,F,0
15912,13845,Ravi Hegde,71,M,0
15913,13846,Nagaraj Achar,55,M,0
15914,13847,Chaya Shetty,48,F,0
15915,13848,Shobha Hegde,18,F,0
15916,13849,Harish Bhat,20,M,0
15917,13850,Vidya Hegde,60,F,0
15918,13851,Lakshmi Naidu,15,F,0
15919,13852,Yogesh Shetty,8,M,0
15920,13853,Yogesh Setty,43,M,0
15921,13854,Ganesh Kumar,7,M,0
15922,13855,Lakshmi Kumar,38,F,0
15923,13856,Ramesh Kumar,10,M,0
15924,13857,Ramesh Murthy,7,M,0
15925,13858,Nandini Iyer,43,F,0
15926,13859,Prakash Setty,34,M,0
15927,13859,Prakash Iyer,41,M,0
15928,13860,Suresh Iyer,52,M,0
15929,13861,Nagaraj Rao,60,M,0
15930,13862,Harish Shetty,72,M,0
15931,13863,Shivaraj Hegde,35,M,0
15932,13864,Manjula Gowda,24,F,0
15933,13865,Nagaraj Shetty,15,M,0
15934,13866,Chaya Bhat,72,F,0
15935,13866,Harish Gowda,29,M,0
15936,13867,Nandini Poojary,30,F,0
15937,13868,Naveen Reddy,62,M,0
15938,13869,Ramesh Naik,48,M,0
15939,13869,Basavaraj Iyer,34,M,0
15940,13870,Deepa Naik,44,F,0
15941,13871,Shobha Setty,57,F,0
15942,13871,Sunita Setty,48,F,0
15943,13872,Deepa Reddy,28,F,0
15944,13873,Shobha Gowda,17,F,0
15945,13874,Geeta Bhat,19,F,0
15946,13875,Srinivas Shetty,54,M,0
15947,13876,Pooja Kumar,56,F,0
15948,13877,Rekha Kumar,19,F,0
15949,13878,Sunita Achar,50,F,0
15950,13879,Deepa Bhat,29,F,0
15951,13880,Rekha Poojary,16,F,0
15952,13881,Girish Reddy,74,M,0
15953,13882,Kavya Shetty,51,F,0
15954,13883,Priya Gowda,44,F,0
15955,13884,Pooja Iyer,42,F,0
15956,13885,Shwetha Setty,33,F,0
15957,13885,Deepa Kumar,42,F,0
15958,13886,Deepa Bhat,42,F,0
15959,13887,Kumar Naidu,70,M,0
15960,13887,Ganesh Gowda,71,M,0
15961,13888,Kumar Shetty,75,M,0
15962,13889,Nandini Naik,30,F,0
15963,13890,Sunita Setty,14,F,0
15964,13891,Sowmya Rao,59,F,0
15965,13892,Rekha Reddy,30,F,0
15966,13893,Manjunath Hegde,44,M,0
15967,13894,Naveen Rao,28,M,0
15968,13894,Lakshmi Hegde,14,F,0
15969,13895,Chaya Iyer,14,F,0
15970,13896,Girish Poojary,16,M,0
15971,13897,Kavya Naik,12,F,0
15972,13898,Ravi Bhat,73,M,0
15973,13899,Manjula Achar,42,F,0
15974,13900,Basavaraj Naidu,42,M,0
15975,13901,Anil Bhat,74,M,0
15976,13902,Deepa Rao,67,F,0
15977,13902,Srinivas Poojary,5,M,0
15978,13903,Suresh Shetty,55,M,0
15979,13904,Ravi Kumar,64,M,0
15980,13904,Basavaraj Naik,73,M,0
15981,13905,Sowmya Setty,47,F,0
15982,13906,Ravi Setty,57,M,0
15983,13907,Ganesh Naik,50,M,0
15984,13908,Nandini Setty,5,F,0
15985,13909,Prakash Naik,13,M,0
15986,13910,Naveen Naik,6,M,0
15987,13911,Priya Achar,51,F,0
15988,13912,Naveen Iyer,48,M,0
15989,13913,Sunita Poojary,19,F,0
15990,13914,Ganesh Murthy,54,M,0
15991,13915,Suresh Setty,60,M,0
15992,13916,Kavya Kumar,26,F,0
15993,13917,Raghu Poojary,24,M,0
15994,13917,Nagaraj Bhat,56,M,0
15995,13918,Chaya Iyer,30,F,0
15996,13918,Ravi Achar,72,M,0
15997,13919,Raghu Kumar,14,M,0
15998,13920,Priya Naidu,66,F,0
15999,13920,Santosh Reddy,32,M,0
16000,13921,Ravi Setty,62,M,0
16001,13922,Ganesh Naik,32,M,0
16002,13923,Basavaraj Shetty,29,M,0
16003,13924,Ramesh Setty,32,M,0
16004,13925,Srinivas Gowda,14,M,0
16005,13925,Pooja Reddy,20,F,0
16006,13926,Shivaraj Naik,7,M,0
16007,13927,Santosh Naidu,66,M,0
16008,13928,Radha Bhat,74,F,0
16009,13929,Anil Murthy,54,M,0
16010,13930,Shwetha Gowda,53,F,0
16011,13931,Kavya Rao,68,F,0
16012,13931,Roopa Bhat,39,F,0
16013,13932,Yogesh Murthy,34,M,0
16014,13933,Santosh Murthy,74,M,0
16015,13934,Mahesh Kumar,18,M,0
16016,13934,Deepa Patil,54,F,0
16017,13935,Shwetha Bhat,26,F,0
16018,13936,Ganesh Bhat,23,M,0
16019,13937,Basavaraj Naik,69,M,0
16020,13938,Chaya Patil,58,F,0
16021,13939,Priya Achar,50,F,0
16022,13940,Savitha Murthy,44,F,0
16023,13941,Bhagya Murthy,47,F,0
16024,13941,Chaya Hegde,72,F,0
16025,13942,Basavaraj Bhat,20,M,0
16026,13943,Ramesh Shetty,13,M,0
16027,13944,Harish Achar,50,M,0
16028,13945,Ganesh Iyer,62,M,0
16029,13945,Yogesh Poojary,49,M,0
16030,13946,Ganesh Reddy,65,M,0
16031,13947,Savitha Achar,29,F,0
16032,13948,Sowmya Hegde,45,F,0
16033,13949,Bhagya Achar,19,F,0
16034,13950,Shobha Achar,45,F,0
16035,13951,Ravi Hegde,67,M,0
16036,13951,Raghu Naik,8,M,0
16037,13952,Chaya Bhat,8,F,0
16038,13952,Santosh Iyer,35,M,0
16039,13953,Basavaraj Gowda,42,M,0
16040,13954,Ravi Hegde,30,M,0
16041,13955,Vijay Naidu,64,M,0
16042,13956,Prakash Patil,69,M,0
16043,13956,Naveen Naidu,34,M,0
16044,13957,Radha Hegde,16,F,0
16045,13958,Srinivas Iyer,61,M,0
16046,13959,Manjunath Gowda,71,M,0
16047,13960,Manjunath Reddy,5,M,0
16048,13960,Priya Kumar,27,F,0
16049,13961,Ramesh Naik,37,M,0
16050,13962,Roopa Bhat,35,F,0
16051,13963,Sunita Poojary,27,F,0
16052,13964,Radha Murthy,56,F,0
16053,13965,Srinivas Setty,67,M,0
16054,13966,Mahesh Murthy,50,M,0
16055,13967,Shobha Setty,23,F,0
16056,13968,Vidya Gowda,20,F,0
16057,13969,Radha Achar,71,F,0
16058,13970,Vidya Naidu,61,F,0
16059,13971,Suresh Gowda,70,M,0
16060,13972,Pooja Rao,73,F,0
16061,13973,Sowmya Rao,61,F,0
16062,13974,Rekha Setty,72,F,0
16063,13975,Nandini Bhat,35,F,0
16064,13976,Vidya Poojary,14,F,0
16065,13977,Deepa Gowda,28,F,0
16066,13978,Kumar Naik,56,M,0
16067,13979,Vijay Hegde,47,M,0
16068,13980,Mahesh Hegde,42,M,0
16069,13981,Shivaraj Kumar,73,M,0
16070,13982,Mahesh Hegde,13,M,0
16071,13982,Santosh Naidu,49,M,0
16072,13983,Santosh Patil,40,M,0
16073,13984,Shobha Achar,26,F,0
16074,13984,Sunita Bhat,62,F,0
16075,13985,Chaya Gowda,14,F,0
16076,13986,Manjula Naidu,5,F,0
16077,13987,Lakshmi Murthy,33,F,0
16078,13988,Sunita Naik,12,F,0
16079,13988,Shivaraj Rao,8,M,0
16080,13989,Pooja Naik,64,F,0
16081,13990,Shivaraj Naidu,16,M,0
16082,13991,Harish Bhat,63,M,0
16083,13992,Shobha Naik,18,F,0
16084,13993,Vidya Naidu,21,F,0
16085,13994,Ganesh Hegde,66,M,0
16086,13994,Manjunath Bhat,8,M,0
16087,13995,Chaya Reddy,69,F,0
16088,13996,Shivaraj Rao,14,M,0
16089,13997,Savitha Achar,30,F,0
16090,13998,Sunita Rao,59,F,0
16091,13998,Kavya Rao,32,F,0
16092,13999,Vijay Patil,50,M,0
16093,14000,Kumar Patil,18,M,0
16094,14001,Vijay Naidu,68,M,0
16095,14002,Anita Hegde,15,F,0
16096,14003,Ravi Patil,12,M,0
16097,14004,Rekha Achar,42,F,0
16098,14005,Srinivas Rao,61,M,0
16099,14006,Shivaraj Hegde,48,M,0
16100,14007,Naveen Murthy,61,M,0
16101,14008,Sunita Rao,5,F,0
16102,14009,Nagaraj Murthy,12,M,0
16103,14010,Ravi Setty,45,M,0
16104,14011,Yogesh Gowda,15,M,0
16105,14012,Srinivas Shetty,16,M,0
16106,14013,Roopa Achar,45,F,0
16107,14014,Nagaraj Bhat,42,M,0
16108,14014,Ganesh Achar,66,M,0
16109,14015,Rekha Rao,27,F,0
16110,14016,Yogesh Reddy,72,M,0
16111,14017,Lakshmi Bhat,52,F,0
16112,14018,Manjula Achar,41,F,0
16113,14019,Basavaraj Naik,31,M,0
16114,14020,Lakshmi Setty,42,F,0
16115,14021,Girish Poojary,48,M,0
16116,14021,Anita Bhat,29,F,0
16117,14022,Sunita Hegde,60,F,0
16118,14023,Naveen Gowda,53,M,0
16119,14024,Shwetha Bhat,69,F,0
16120,14025,Lakshmi Kumar,58,F,0
16121,14026,Prakash Bhat,69,M,0
16122,14027,Prakash Setty,66,M,0
16123,14027,Nagaraj Kumar,8,M,0
16124,14028,Mahesh Naik,41,M,0
16125,14029,Rekha Hegde,48,F,0
16126,14029,Vijay Bhat,27,M,0
16127,14030,Vidya Setty,46,F,0
16128,14031,Bhagya Gowda,70,F,0
16129,14032,Radha Reddy,25,F,0
16130,14033,Lakshmi Bhat,53,F,0
16131,14034,Nandini Naidu,44,F,0
16132,14034,Vidya Patil,6,F,0
16133,14035,Nandini Gowda,68,F,0
16134,14036,Harish Rao,41,M,0
16135,14037,Pooja Naik,44,F,0
16136,14038,Shobha Bhat,64,F,0
16137,14039,Anita Achar,55,F,0
16138,14040,Nagaraj Naik,47,M,0
16139,14041,Santosh Hegde,42,M,0
16140,14042,Yogesh Murthy,27,M,0
16141,14043,Radha Hegde,20,F,0
16142,14044,Raghu Rao,31,M,0
16143,14045,Nandini Setty,10,F,0
16144,14046,Anita Patil,66,F,0
16145,14047,Basavaraj Naidu,71,M,0
16146,14048,Chaya Gowda,32,F,0
16147,14048,Suresh Poojary,20,M,0
16148,14049,Sunita Naik,61,F,0
16149,14050,Raghu Kumar,53,M,0
16150,14051,Basavaraj Naik,46,M,0
16151,14052,Harish Iyer,67,M,0
16152,14053,Kumar Bhat,60,M,0
16153,14054,Kavya Shetty,51,F,0
16154,14055,Rekha Hegde,27,F,0
16155,14056,Ramesh Patil,66,M,0
16156,14057,Ramesh Hegde,63,M,0
16157,14058,Chaya Kumar,38,F,0
16158,14059,Nagaraj Gowda,60,M,0
16159,14060,Harish Gowda,40,M,0
16160,14060,Shivaraj Bhat,68,M,0
16161,14061,Nandini Hegde,34,F,0
16162,14061,Girish Reddy,47,M,0
16163,14062,Prakash Poojary,22,M,0
16164,14062,Geeta Bhat,52,F,0
16165,14063,Savitha Achar,28,F,0
16166,14064,Anil Bhat,74,M,0
16167,14064,Harish Iyer,75,M,0
16168,14065,Vidya Patil,21,F,0
16169,14065,Sunita Naidu,19,F,0
16170,14066,Manjunath Patil,73,M,0
16171,14067,Ramesh Shetty,18,M,0
16172,14068,Kavya Reddy,34,F,0
16173,14069,Srinivas Reddy,61,M,0
16174,14070,Anita Bhat,57,F,0
16175,14071,Bhagya Murthy,13,F,0
16176,14072,Ravi Kumar,7,M,0
16177,14073,Priya Poojary,16,F,0
16178,14074,Ravi Achar,71,M,0
16179,14075,Girish Iyer,7,M,0
16180,14076,Nandini Iyer,55,F,0
16181,14077,Shobha Patil,68,F,0
16182,14078,Bhagya Patil,5,F,0
16183,14079,Sowmya Shetty,5,F,0
16184,14080,Girish Naik,21,M,0
16185,14080,Naveen Reddy,8,M,0
16186,14081,Ramesh Shetty,51,M,0
16187,14081,Rekha Reddy,30,F,0
16188,14082,Rekha Hegde,61,F,0
16189,14083,Nagaraj Shetty,16,M,0
16190,14084,Ganesh Hegde,55,M,0
16191,14085,Deepa Gowda,37,F,0
16192,14086,Vidya Setty,27,F,0
16193,14087,Basavaraj Patil,65,M,0
16194,14087,Sowmya Setty,16,F,0
16195,14088,Ganesh Naidu,71,M,0
16196,14089,Nandini Setty,21,F,0
16197,14090,Shwetha Rao,54,F,0
16198,14091,Chaya Achar,34,F,0
16199,14092,Prakash Bhat,56,M,0
16200,14093,Shobha Poojary,34,F,0
16201,14093,Shivaraj Hegde,69,M,0
16202,14094,Santosh Kumar,27,M,0
16203,14095,Bhagya Shetty,32,F,0
16204,14096,Rekha Naidu,61,F,0
16205,14097,Sunita Shetty,37,F,0
16206,14098,Pooja Murthy,42,F,0
16207,14099,Manjunath Iyer,64,M,0
16208,14100,Nandini Naidu,62,F,0
16209,14101,Manjula Bhat,75,F,0
16210,14101,Mahesh Reddy,28,M,0
16211,14102,Deepa Reddy,62,F,0
16212,14103,Ganesh Hegde,25,M,0
16213,14104,Srinivas Shetty,5,M,0
16214,14105,Ravi Achar,72,M,0
16215,14105,Ravi Bhat,44,M,0
16216,14106,Naveen Setty,73,M,0
16217,14107,Suresh Iyer,40,M,0
16218,14108,Shobha Poojary,71,F,0
16219,14109,Savitha Reddy,54,F,0
16220,14110,Shivaraj Poojary,70,M,0
16221,14111,Santosh Murthy,9,M,0
16222,14111,Radha Murthy,32,F,0
16223,14112,Nagaraj Naidu,69,M,0
16224,14113,Ravi Iyer,26,M,0
16225,14113,Mahesh Murthy,42,M,0
16226,14114,Rekha Bhat,5,F,0
16227,14115,Shivaraj Iyer,62,M,0
16228,14116,Kavya Achar,40,F,0
16229,14117,Geeta Rao,47,F,0
16230,14118,Vidya Bhat,27,F,0
16231,14119,Kavya Iyer,64,F,0
16232,14120,Harish Achar,64,M,0
16233,14121,Priya Shetty,64,F,0
16234,14121,Roopa Reddy,65,F,0
16235,14122,Priya Shetty,42,F,0
16236,14123,Prakash Reddy,60,M,0
16237,14124,Savitha Achar,11,F,0
16238,14125,Srinivas Poojary,21,M,0
16239,14126,Suresh Kumar,32,M,0
16240,14127,Santosh Gowda,47,M,0
16241,14128,Deepa Rao,50,F,0
16242,14129,Nagaraj Naik,20,M,0
16243,14130,Sowmya Setty,59,F,0
16244,14131,Rekha Naidu,42,F,0
16245,14132,Shivaraj Hegde,5,M,0
16246,14133,Kavya Shetty,66,F,0
16247,14134,Geeta Setty,7,F,0
16248,14135,Girish Hegde,38,M,0
16249,14136,Shivaraj Achar,53,M,0
16250,14137,Pooja Naik,35,F,0
16251,14138,Mahesh Poojary,44,M,0
16252,14139,Savitha Shetty,25,F,0
16253,14140,Vidya Patil,5,F,0
16254,14140,Deepa Achar,43,F,0
16255,14141,Shwetha Iyer,29,F,0
16256,14142,Savitha Gowda,18,F,0
16257,14143,Srinivas Naidu,46,M,0
16258,14143,Srinivas Gowda,20,M,0
16259,14144,Bhagya Murthy,7,F,0
16260,14145,Sowmya Setty,30,F,0
16261,14146,Manjula Bhat,31,F,0
16262,14147,Anil Setty,45,M,0
16263,14148,Manjunath Naik,19,M,0
16264,14149,Yogesh Murthy,56,M,0
16265,14150,Priya Achar,24,F,0
16266,14151,Deepa Patil,38,F,0
16267,14152,Sunita Reddy,23,F,0
16268,14153,Mahesh Hegde,71,M,0
16269,14154,Priya Shetty,16,F,0
16270,14154,Srinivas Kumar,29,M,0
16271,14155,Santosh Shetty,30,M,0
16272,14156,Nagaraj Naidu,10,M,0
16273,14157,Vijay Reddy,59,M,0
16274,14158,Deepa Murthy,49,F,0
16275,14159,Ravi Kumar,45,M,0
16276,14160,Ravi Patil,39,M,0
16277,14160,Bhagya Setty,13,F,0
16278,14161,Ganesh Poojary,32,M,0
16279,14162,Radha Achar,44,F,0
16280,14163,Mahesh Hegde,68,M,0
16281,14163,Prakash Bhat,65,M,0
16282,14164,Deepa Poojary,22,F,0
16283,14165,Kavya Reddy,67,F,0
16284,14166,Kavya Kumar,10,F,0
16285,14167,Sunita Bhat,67,F,0
16286,14168,Deepa Hegde,15,F,0
16287,14169,Chaya Reddy,28,F,0
16288,14169,Pooja Poojary,75,F,0
16289,14170,Roopa Shetty,17,F,0
16290,14171,Kumar Kumar,69,M,0
16291,14172,Roopa Naidu,72,F,0
16292,14173,Shivaraj Hegde,50,M,0
16293,14174,Vidya Gowda,25,F,0
16294,14174,Rekha Naidu,74,F,0
16295,14175,Priya Gowda,24,F,0
16296,14176,Anita Patil,61,F,0
16297,14177,Radha Poojary,40,F,0
16298,14178,Shwetha Naidu,73,F,0
16299,14179,Geeta Achar,9,F,0
16300,14180,Vijay Rao,10,M,0
16301,14181,Nagaraj Shetty,35,M,0
16302,14181,Girish Gowda,51,M,0
16303,14182,Srinivas Reddy,17,M,0
16304,14183,Lakshmi Reddy,26,F,0
16305,14184,Bhagya Murthy,51,F,0
16306,14185,Deepa Rao,9,F,0
16307,14186,Manjula Shetty,41,F,0
16308,14187,Sunita Hegde,18,F,0
16309,14188,Manjula Setty,63,F,0
16310,14189,Anil Naidu,36,M,0
16311,14190,Roopa Rao,37,F,0
16312,14191,Roopa Reddy,55,F,0
16313,14192,Shivaraj Iyer,45,M,0
16314,14193,Yogesh Poojary,57,M,0
16315,14194,Vidya Rao,48,F,0
16316,14195,Roopa Gowda,61,F,0
16317,14196,Sunita Naidu,60,F,0
16318,14197,Nandini Murthy,37,F,0
16319,14198,Bhagya Poojary,54,F,0
16320,14199,Nagaraj Gowda,30,M,0
16321,14200,Vijay Setty,45,M,0
16322,14201,Kumar Naik,36,M,0
16323,14202,Lakshmi Kumar,58,F,0
16324,14203,Geeta Naidu,63,F,0
16325,14204,Kavya Naidu,8,F,0
16326,14205,Nandini Gowda,6,F,0
16327,14205,Yogesh Iyer,17,M,0
16328,14206,Radha Kumar,58,F,0
16329,14206,Kavya Kumar,6,F,0
16330,14207,Ravi Shetty,38,M,0
16331,14208,Kumar Iyer,57,M,0
16332,14209,Anita Kumar,29,F,0
16333,14210,Harish Shetty,24,M,0
16334,14210,Suresh Setty,59,M,0
16335,14211,Nagaraj Bhat,35,M,0
16336,14212,Nagaraj Poojary,61,M,0
16337,14213,Girish Murthy,36,M,0
16338,14214,Vidya Murthy,9,F,0
16339,14215,Prakash Murthy,14,M,0
16340,14216,Naveen Hegde,12,M,0
16341,14217,Kavya Gowda,37,F,0
16342,14217,Radha Poojary,41,F,0
16343,14218,Ravi Naidu,37,M,0
16344,14218,Vidya Bhat,71,F,0
16345,14219,Srinivas Shetty,52,M,0
16346,14220,Radha Naidu,61,F,0
16347,14220,Deepa Gowda,64,F,0
16348,14221,Harish Hegde,20,M,0
16349,14221,Ramesh Iyer,44,M,0
16350,14222,Shivaraj Achar,16,M,0
16351,14223,Radha Naik,69,F,0
16352,14224,Deepa Iyer,57,F,0
16353,14225,Kumar Reddy,63,M,0
16354,14226,Manjula Bhat,29,F,0
16355,14227,Kumar Setty,67,M,0
16356,14228,Santosh Setty,40,M,0
16357,14229,Roopa Naidu,41,F,0
16358,14230,Suresh Naik,69,M,0
16359,14231,Shivaraj Achar,37,M,0
16360,14232,Priya Iyer,34,F,0
16361,14233,Ravi Murthy,40,M,0
16362,14234,Manjula Iyer,10,F,0
16363,14234,Bhagya Rao,70,F,0
16364,14235,Nandini Bhat,59,F,0
16365,14236,Vijay Kumar,53,M,0
16366,14237,Girish Iyer,35,M,0
16367,14238,Kumar Reddy,68,M,0
16368,14239,Pooja Shetty,31,F,0
16369,14240,Yogesh Setty,23,M,0
16370,14241,Ganesh Poojary,34,M,0
16371,14242,Srinivas Bhat,27,M,0
16372,14243,Vijay Achar,63,M,0
16373,14244,Vidya Iyer,32,F,0
16374,14244,Rekha Poojary,72,F,0
16375,14245,Basavaraj Bhat,23,M,0
16376,14246,Ganesh Patil,11,M,0
16377,14247,Prakash Setty,39,M,0
16378,14248,Srinivas Hegde,28,M,0
16379,14249,Deepa Bhat,47,F,0
16380,14250,Manjula Hegde,18,F,0
16381,14251,Sunita Murthy,31,F,0
16382,14252,Shwetha Rao,66,F,0
16383,14253,Shobha Poojary,6,F,0
16384,14254,Prakash Kumar,65,M,0
16385,14255,Suresh Setty,16,M,0
16386,14256,Geeta Iyer,21,F,0
16387,14257,Suresh Rao,23,M,0
16388,14258,Kumar Naik,71,M,0
16389,14259,Santosh Hegde,33,M,0
16390,14260,Anil Poojary,70,M,0
16391,14261,Raghu Naik,36,M,0
16392,14262,Shwetha Hegde,35,F,0
16393,14263,Naveen Naidu,48,M,0
16394,14264,Radha Kumar,54,F,0
16395,14265,Manjula Gowda,7,F,0
16396,14266,Sunita Shetty,18,F,0
16397,14266,Santosh Poojary,75,M,0
16398,14267,Raghu Rao,29,M,0
16399,14268,Nagaraj Kumar,52,M,0
16400,14269,Pooja Setty,61,F,0
16401,14270,Rekha Patil,34,F,0
16402,14271,Harish Bhat,42,M,0
16403,14272,Shobha Naik,18,F,0
16404,14273,Geeta Naik,46,F,0
16405,14274,Sowmya Murthy,72,F,0
16406,14275,Prakash Iyer,54,M,0
16407,14276,Kavya Bhat,19,F,0
16408,14277,Basavaraj Iyer,63,M,0
16409,14278,Manjula Murthy,65,F,0
16410,14279,Savitha Naidu,27,F,0
16411,14280,Santosh Shetty,60,M,0
16412,14280,Harish Rao,38,M,0
16413,14281,Srinivas Hegde,46,M,0
16414,14282,Srinivas Poojary,51,M,0
16415,14283,Manjula Setty,10,F,0
16416,14284,Ganesh Achar,34,M,0
16417,14285,Prakash Poojary,57,M,0
16418,14286,Deepa Patil,22,F,0
16419,14287,Ravi Bhat,42,M,0
16420,14288,Nagaraj Gowda,69,M,0
16421,14289,Geeta Hegde,69,F,0
16422,14290,Anita Iyer,42,F,0
16423,14291,Raghu Naidu,59,M,0
16424,14292,Geeta Gowda,72,F,0
16425,14293,Lakshmi Poojary,59,F,0
16426,14294,Roopa Naik,32,F,0
16427,14295,Ramesh Kumar,68,M,0
16428,14296,Suresh Setty,25,M,0
16429,14297,Yogesh Naidu,15,M,0
16430,14298,Lakshmi Naidu,19,F,0
16431,14299,Nandini Setty,40,F,0
16432,14300,Pooja Setty,27,F,0
16433,14301,Manjunath Reddy,45,M,0
16434,14302,Chaya Kumar,72,F,0
16435,14303,Anil Iyer,38,M,0
16436,14304,Shivaraj Shetty,74,M,0
16437,14305,Prakash Kumar,18,M,0
16438,14306,Sunita Hegde,57,F,0
16439,14307,Santosh Setty,10,M,0
16440,14308,Sunita Achar,49,F,0
16441,14309,Kavya Rao,70,F,0
16442,14310,Ramesh Reddy,18,M,0
16443,14311,Girish Achar,62,M,0
16444,14312,Kumar Murthy,13,M,0
16445,14313,Ravi Naik,39,M,0
16446,14313,Deepa Reddy,19,F,0
16447,14314,Shivaraj Rao,30,M,0
16448,14314,Manjula Gowda,57,F,0
16449,14315,Prakash Gowda,53,M,0
16450,14316,Lakshmi Gowda,68,F,0
16451,14317,Ganesh Setty,29,M,0
16452,14318,Nandini Hegde,51,F,0
16453,14319,Shwetha Gowda,22,F,0
16454,14320,Naveen Achar,51,M,0
16455,14321,Prakash Naidu,45,M,0
16456,14322,Anita Kumar,69,F,0
16457,14323,Shivaraj Achar,28,M,0
16458,14324,Kavya Reddy,48,F,0
16459,14325,Sowmya Rao,11,F,0
16460,14326,Girish Achar,30,M,0
16461,14327,Deepa Rao,18,F,0
16462,14327,Srinivas Bhat,22,M,0
16463,14328,Rekha Iyer,16,F,0
16464,14329,Sunita Kumar,49,F,0
16465,14330,Kumar Kumar,9,M,0
16466,14331,Pooja Rao,10,F,0
16467,14332,Priya Rao,24,F,0
16468,14333,Manjunath Patil,55,M,0
16469,14334,Lakshmi Naik,75,F,0
16470,14334,Yogesh Patil,32,M,0
16471,14335,Ravi Setty,11,M,0
16472,14335,Roopa Bhat,12,F,0
16473,14336,Mahesh Setty,48,M,0
16474,14337,Bhagya Poojary,25,F,0
16475,14338,Suresh Bhat,13,M,0
16476,14339,Manjunath Kumar,51,M,0
16477,14339,Raghu Reddy,74,M,0
16478,14340,Kavya Poojary,6,F,0
16479,14341,Mahesh Naik,69,M,0
16480,14342,Kavya Naidu,49,F,0
16481,14343,Girish Shetty,12,M,0
16482,14344,Geeta Naik,29,F,0
16483,14345,Ganesh Setty,32,M,0
16484,14346,Chaya Iyer,64,F,0
16485,14347,Rekha Naidu,5,F,0
16486,14348,Pooja Achar,17,F,0
16487,14349,Sunita Murthy,18,F,0
16488,14350,Geeta Shetty,61,F,0
16489,14351,Bhagya Iyer,18,F,0
16490,14352,Ganesh Iyer,13,M,0
16491,14353,Kumar Setty,72,M,0
16492,14354,Vijay Rao,40,M,0
16493,14355,Shwetha Kumar,51,F,0
16494,14356,Vidya Hegde,48,F,0
16495,14357,Santosh Naidu,26,M,0
16496,14358,Sowmya Kumar,20,F,0
16497,14359,Prakash Rao,40,M,0
16498,14360,Yogesh Naik,26,M,0
16499,14361,Deepa Patil,55,F,0
16500,14362,Raghu Patil,67,M,0
16501,14363,Geeta Poojary,68,F,0
16502,14363,Geeta Murthy,15,F,0
16503,14364,Raghu Iyer,10,M,0
16504,14365,Suresh Achar,66,M,0
16505,14366,Raghu Achar,54,M,0
16506,14366,Manjula Gowda,36,F,0
16507,14367,Radha Naidu,49,F,0
16508,14368,Anil Poojary,68,M,0
16509,14369,Anita Rao,30,F,0
16510,14370,Prakash Naik,61,M,0
16511,14371,Shwetha Murthy,62,F,0
16512,14371,Nandini Bhat,21,F,0
16513,14372,Prakash Patil,53,M,0
16514,14373,Nagaraj Shetty,71,M,0
16515,14374,Ravi Setty,52,M,0
16516,14375,Prakash Naidu,51,M,0
16517,14376,Anil Hegde,52,M,0
16518,14377,Girish Rao,66,M,0
16519,14378,Priya Iyer,48,F,0
16520,14379,Prakash Gowda,49,M,0
16521,14380,Srinivas Setty,54,M,0
16522,14381,Ravi Reddy,43,M,0
16523,14382,Shobha Naidu,63,F,0
16524,14383,Savitha Naik,55,F,0
16525,14384,Raghu Gowda,11,M,0
16526,14385,Geeta Achar,43,F,0
16527,14386,Shwetha Hegde,27,F,0
16528,14387,Anil Kumar,63,M,0
16529,14388,Sowmya Gowda,36,F,0
16530,14389,Pooja Hegde,34,F,0
16531,14390,Pooja Rao,55,F,0
16532,14391,Vijay Setty,10,M,0
16533,14392,Girish Setty,59,M,0
16534,14392,Pooja Reddy,72,F,0
16535,14393,Suresh Reddy,53,M,0
16536,14394,Chaya Patil,53,F,0
16537,14395,Ramesh Bhat,70,M,0
16538,14396,Naveen Gowda,28,M,0
16539,14397,Prakash Poojary,41,M,0
16540,14398,Girish Rao,37,M,0
16541,14399,Sunita Murthy,51,F,0
16542,14399,Shwetha Naidu,43,F,0
16543,14400,Ramesh Naidu,35,M,0
16544,14400,Santosh Achar,14,M,0
16545,14401,Deepa Shetty,62,F,0
16546,14401,Geeta Murthy,33,F,0
16547,14402,Rekha Iyer,14,F,0
16548,14403,Suresh Poojary,60,M,0
16549,14404,Geeta Murthy,63,F,0
16550,14405,Nagaraj Gowda,15,M,0
16551,14406,Geeta Setty,44,F,0
16552,14407,Ravi Kumar,8,M,0
16553,14408,Roopa Poojary,45,F,0
16554,14409,Deepa Bhat,38,F,0
16555,14410,Basavaraj Reddy,52,M,0
16556,14411,Suresh Murthy,72,M,0
16557,14412,Ravi Kumar,10,M,0
16558,14413,Kumar Bhat,19,M,0
16559,14414,Ramesh Setty,10,M,0
16560,14415,Priya Kumar,41,F,0
16561,14416,Basavaraj Rao,47,M,0
16562,14417,Suresh Patil,12,M,0
16563,14418,Santosh Murthy,5,M,0
16564,14419,Radha Gowda,10,F,0
16565,14420,Kumar Rao,75,M,0
16566,14420,Savitha Naik,37,F,0
16567,14421,Anil Patil,24,M,0
16568,14422,Nandini Hegde,22,F,0
16569,14422,Kavya Naik,70,F,0
16570,14423,Naveen Rao,68,M,0
16571,14424,Radha Rao,17,F,0
16572,14425,Priya Gowda,47,F,0
16573,14426,Deepa Bhat,37,F,0
16574,14427,Basavaraj Reddy,19,M,0
16575,14428,Girish Naik,68,M,0
16576,14429,Vijay Murthy,73,M,0
16577,14430,Basavaraj Naik,56,M,0
16578,14431,Pooja Iyer,9,F,0
16579,14431,Prakash Rao,56,M,0
16580,14432,Srinivas Shetty,22,M,0
16581,14433,Vijay Naidu,49,M,0
16582,14434,Suresh Hegde,36,M,0
16583,14435,Manjunath Kumar,22,M,0
16584,14436,Naveen Murthy,40,M,0
16585,14437,Geeta Iyer,43,F,0
16586,14438,Srinivas Hegde,14,M,0
16587,14439,Suresh Naik,48,M,0
16588,14440,Sunita Setty,33,F,0
16589,14440,Radha Shetty,62,F,0
16590,14441,Srinivas Patil,15,M,0
16591,14442,Vidya Patil,14,F,0
16592,14443,Chaya Rao,30,F,0
16593,14444,Ramesh Naik,64,M,0
16594,14445,Kavya Reddy,23,F,0
16595,14446,Shwetha Setty,25,F,0
16596,14446,Geeta Patil,18,F,0
16597,14447,Sunita Rao,40,F,0
16598,14447,Savitha Achar,64,F,0
16599,14448,Naveen Setty,20,M,0
16600,14449,Srinivas Bhat,18,M,0
16601,14450,Raghu Patil,73,M,0
16602,14451,Sunita Murthy,73,F,0
16603,14452,Roopa Bhat,41,F,0
16604,14453,Priya Iyer,35,F,0
16605,14454,Rekha Achar,51,F,0
16606,14455,Deepa Poojary,37,F,0
16607,14456,Deepa Poojary,41,F,0
16608,14456,Priya Setty,38,F,0
16609,14457,Prakash Shetty,31,M,0
16610,14458,Yogesh Patil,24,M,0
16611,14459,Manjula Kumar,39,F,0
16612,14460,Sunita Kumar,45,F,0
16613,14461,Vidya Naik,32,F,0
16614,14462,Anita Rao,12,F,0
16615,14463,Shivaraj Naidu,7,M,0
16616,14463,Suresh Gowda,8,M,0
16617,14464,Suresh Rao,57,M,0
16618,14464,Deepa Bhat,46,F,0
16619,14465,Ramesh Reddy,10,M,0
16620,14465,Raghu Rao,61,M,0
16621,14466,Savitha Iyer,44,F,0
16622,14467,Anita Naidu,25,F,0
16623,14467,Sunita Naidu,23,F,0
16624,14468,Shwetha Shetty,24,F,0
16625,14469,Geeta Gowda,62,F,0
16626,14470,Ganesh Naidu,72,M,0
16627,14471,Manjula Achar,6,F,0
16628,14471,Ramesh Gowda,52,M,0
16629,14472,Girish Naik,30,M,0
16630,14473,Shwetha Setty,57,F,0
16631,14474,Anil Shetty,64,M,0
16632,14475,Anil Naik,68,M,0
16633,14475,Ganesh Hegde,53,M,0
16634,14476,Manjunath Setty,72,M,0
16635,14477,Anil Kumar,62,M,0
16636,14478,Nandini Rao,66,F,0
16637,14479,Anil Gowda,55,M,0
16638,14480,Roopa Gowda,8,F,0
16639,14481,Shwetha Shetty,40,F,0
16640,14482,Girish Poojary,39,M,0
16641,14482,Kavya Shetty,74,F,0
16642,14483,Vidya Naik,37,F,0
16643,14484,Manjunath Bhat,47,M,0
16644,14485,Raghu Hegde,44,M,0
16645,14486,Geeta Kumar,13,F,0
16646,14486,Santosh Poojary,19,M,0
16647,14487,Savitha Poojary,75,F,0
16648,14488,Vidya Rao,9,F,0
16649,14488,Anil Naik,29,M,0
16650,14489,Srinivas Kumar,28,M,0
16651,14490,Bhagya Murthy,19,F,0
16652,14491,Priya Patil,38,F,0
16653,14492,Radha Naik,52,F,0
16654,14493,Anita Naik,23,F,0
16655,14493,Ravi Hegde,32,M,0
16656,14494,Ramesh Naidu,15,M,0
16657,14495,Raghu Hegde,69,M,0
16658,14496,Ganesh Iyer,7,M,0
16659,14497,Ganesh Rao,75,M,0
16660,14497,Shwetha Hegde,61,F,0
16661,14498,Girish Achar,19,M,0
16662,14498,Prakash Gowda,64,M,0
16663,14499,Harish Gowda,34,M,0
16664,14500,Rekha Patil,42,F,0
16665,14501,Vijay Hegde,22,M,0
16666,14502,Kumar Patil,27,M,0
16667,14503,Shivaraj Naik,59,M,0
16668,14504,Shobha Murthy,25,F,0
16669,14505,Manjunath Rao,6,M,0
16670,14506,Basavaraj Achar,5,M,0
16671,14507,Radha Gowda,23,F,0
16672,14508,Kumar Reddy,71,M,0
16673,14508,Pooja Naik,42,F,0
16674,14509,Lakshmi Kumar,51,F,0
16675,14510,Deepa Poojary,29,F,0
16676,14511,Nagaraj Patil,69,M,0
16677,14512,Raghu Naidu,43,M,0
16678,14512,Radha Shetty,19,F,0
16679,14513,Vijay Kumar,27,M,0
16680,14514,Yogesh Setty,74,M,0
16681,14515,Pooja Reddy,47,F,0
16682,14516,Anil Shetty,43,M,0
16683,14517,Bhagya Setty,34,F,0
16684,14518,Deepa Poojary,8,F,0
16685,14519,Raghu Achar,58,M,0
16686,14520,Yogesh Naidu,21,M,0
16687,14521,Ganesh Hegde,35,M,0
16688,14522,Rekha Naik,34,F,0
16689,14523,Anita Poojary,46,F,0
16690,14524,Harish Patil,7,M,0
16691,14525,Girish Reddy,42,M,0
16692,14526,Raghu Naik,74,M,0
16693,14527,Girish Patil,33,M,0
16694,14528,Radha Reddy,53,F,0
16695,14528,Rekha Reddy,31,F,0
16696,14529,Geeta Iyer,8,F,0
16697,14530,Sowmya Shetty,17,F,0
16698,14531,Sowmya Patil,61,F,0
16699,14532,Ramesh Hegde,67,M,0
16700,14533,Raghu Naik,24,M,0
16701,14534,Anita Kumar,38,F,0
16702,14535,Roopa Bhat,32,F,0
16703,14536,Deepa Reddy,36,F,0
16704,14537,Geeta Patil,12,F,0
16705,14538,Anita Gowda,48,F,0
16706,14539,Yogesh Gowda,22,M,0
16707,14540,Kumar Setty,68,M,0
16708,14541,Mahesh Murthy,74,M,0
16709,14541,Yogesh Poojary,75,M,0
16710,14542,Priya Naidu,69,F,0
16711,14543,Srinivas Poojary,54,M,0
16712,14544,Priya Naik,43,F,0
16713,14545,Ravi Bhat,5,M,0
16714,14546,Prakash Kumar,34,M,0
16715,14547,Ramesh Hegde,6,M,0
16716,14548,Lakshmi Setty,7,F,0
16717,14549,Kavya Achar,29,F,0
16718,14550,Suresh Murthy,49,M,0
16719,14551,Manjula Murthy,60,F,0
16720,14551,Shwetha Achar,5,F,0
16721,14552,Chaya Kumar,60,F,0
16722,14553,Geeta Achar,52,F,0
16723,14554,Pooja Achar,21,F,0
16724,14555,Bhagya Rao,29,F,0
16725,14556,Lakshmi Naidu,57,F,0
16726,14557,Deepa Naik,43,F,0
16727,14558,Naveen Setty,5,M,0
16728,14559,Deepa Hegde,57,F,0
16729,14559,Srinivas Setty,58,M,0
16730,14560,Harish Reddy,63,M,0
16731,14561,Ganesh Naik,21,M,0
16732,14562,Pooja Naidu,11,F,0
16733,14563,Nandini Kumar,69,F,0
16734,14564,Anita Naidu,68,F,0
16735,14565,Harish Patil,35,M,0
16736,14565,Roopa Reddy,11,F,0
16737,14566,Shwetha Achar,36,F,0
16738,14567,Suresh Bhat,6,M,0
16739,14568,Vijay Gowda,9,M,0
16740,14569,Shivaraj Rao,50,M,0
16741,14570,Deepa Naik,74,F,0
16742,14571,Radha Rao,54,F,0
16743,14572,Manjunath Gowda,69,M,0
16744,14573,Naveen Achar,51,M,0
16745,14574,Srinivas Shetty,63,M,0
16746,14575,Anita Kumar,46,F,0
16747,14576,Lakshmi Rao,19,F,0
16748,14577,Vidya Bhat,71,F,0
16749,14577,Naveen Shetty,23,M,0
16750,14578,Roopa Gowda,33,F,0
16751,14579,Vijay Iyer,69,M,0
16752,14579,Geeta Iyer,21,F,0
16753,14580,Harish Naidu,12,M,0
16754,14581,Suresh Naidu,75,M,0
16755,14582,Manjunath Iyer,22,M,0
16756,14583,Nandini Achar,44,F,0
16757,14584,Yogesh Shetty,56,M,0
16758,14585,Anil Rao,65,M,0
16759,14585,Rekha Poojary,57,F,0
16760,14586,Srinivas Achar,53,M,0
16761,14587,Vijay Naik,66,M,0
16762,14588,Yogesh Patil,28,M,0
16763,14588,Anita Kumar,45,F,0
16764,14589,Suresh Bhat,34,M,0
16765,14590,Yogesh Poojary,22,M,0
16766,14591,Geeta Achar,74,F,0
16767,14591,Raghu Iyer,54,M,0
16768,14592,Shivaraj Setty,37,M,0
16769,14593,Pooja Poojary,45,F,0
16770,14594,Suresh Murthy,10,M,0
16771,14594,Chaya Kumar,14,F,0
16772,14595,Bhagya Naidu,62,F,0
16773,14596,Nagaraj Iyer,63,M,0
16774,14597,Bhagya Reddy,15,F,0
16775,14598,Anil Iyer,37,M,0
16776,14599,Priya Poojary,19,F,0
16777,14600,Pooja Gowda,69,F,0
16778,14601,Mahesh Poojary,72,M,0
16779,14602,Shwetha Patil,52,F,0
16780,14603,Kumar Naidu,5,M,0
16781,14604,Anil Poojary,18,M,0
16782,14604,Shivaraj Patil,73,M,0
16783,14605,Srinivas Iyer,39,M,0
16784,14606,Sunita Bhat,7,F,0
16785,14607,Ravi Achar,40,M,0
16786,14608,Harish Naik,15,M,0
16787,14608,Manjunath Naik,7,M,0
16788,14609,Rekha Setty,67,F,0
16789,14610,Anita Setty,14,F,0
16790,14611,Santosh Bhat,57,M,0
16791,14612,Savitha Iyer,35,F,0
16792,14613,Vijay Murthy,24,M,0
16793,14614,Anil Setty,6,M,0
16794,14614,Anita Rao,35,F,0
16795,14615,Santosh Naik,8,M,0
16796,14616,Nandini Shetty,22,F,0
16797,14617,Pooja Patil,69,F,0
16798,14618,Nagaraj Rao,60,M,0
16799,14619,Deepa Achar,44,F,0
16800,14620,Ramesh Setty,18,M,0
16801,14621,Yogesh Rao,46,M,0
16802,14622,Manjunath Shetty,7,M,0
16803,14623,Girish Setty,50,M,0
16804,14624,Prakash Patil,48,M,0
16805,14625,Chaya Rao,72,F,0
16806,14626,Raghu Poojary,39,M,0
16807,14627,Anita Hegde,61,F,0
16808,14628,Srinivas Murthy,65,M,0
16809,14629,Vidya Reddy,38,F,0
16810,14630,Anil Bhat,7,M,0
16811,14631,Savitha Rao,18,F,0
16812,14632,Radha Achar,20,F,0
16813,14633,Anil Gowda,13,M,0
16814,14634,Shivaraj Shetty,16,M,0
16815,14635,Manjunath Shetty,55,M,0
16816,14636,Ganesh Iyer,66,M,0
16817,14637,Vidya Poojary,27,F,0
16818,14638,Chaya Kumar,71,F,0
16819,14639,Bhagya Kumar,61,F,0
16820,14640,Ramesh Naik,9,M,0
16821,14641,Suresh Iyer,19,M,0
16822,14641,Ramesh Setty,69,M,0
16823,14642,Sowmya Gowda,58,F,0
16824,14643,Manjunath Hegde,34,M,0
16825,14644,Harish Hegde,73,M,0
16826,14645,Shivaraj Kumar,29,M,0
16827,14646,Vidya Murthy,67,F,0
16828,14647,Shobha Shetty,30,F,0
16829,14648,Basavaraj Hegde,32,M,0
16830,14649,Naveen Poojary,13,M,0
16831,14649,Ravi Setty,49,M,0
16832,14650,Shivaraj Poojary,27,M,0
16833,14651,Shobha Patil,72,F,0
16834,14652,Basavaraj Shetty,10,M,0
16835,14653,Basavaraj Gowda,30,M,0
16836,14654,Manjunath Bhat,22,M,0
16837,14655,Deepa Naik,64,F,0
16838,14656,Deepa Naidu,41,F,0
16839,14656,Shobha Hegde,27,F,0
16840,14657,Rekha Iyer,74,F,0
16841,14658,Vijay Patil,35,M,0
16842,14659,Shwetha Murthy,25,F,0
16843,14660,Harish Reddy,59,M,0
16844,14661,Kavya Hegde,33,F,0
16845,14661,Sunita Gowda,63,F,0
16846,14662,Kumar Patil,13,M,0
16847,14663,Manjunath Murthy,31,M,0
16848,14664,Manjunath Poojary,25,M,0
16849,14665,Manjula Achar,11,F,0
16850,14666,Bhagya Achar,7,F,0
16851,14667,Mahesh Achar,69,M,0
16852,14668,Shivaraj Iyer,34,M,0
16853,14669,Kavya Gowda,8,F,0
16854,14670,Priya Rao,18,F,0
16855,14671,Srinivas Shetty,60,M,0
16856,14672,Rekha Bhat,31,F,0
16857,14673,Shwetha Naidu,8,F,0
16858,14674,Shivaraj Reddy,62,M,0
16859,14674,Basavaraj Rao,46,M,0
16860,14675,Deepa Bhat,47,F,0
16861,14676,Yogesh Gowda,31,M,0
16862,14677,Prakash Shetty,45,M,0
16863,14678,Ramesh Naidu,48,M,0
16864,14679,Shobha Kumar,51,F,0
16865,14680,Pooja Bhat,62,F,0
16866,14681,Roopa Murthy,42,F,0
16867,14682,Harish Naik,9,M,0
16868,14682,Pooja Iyer,63,F,0
16869,14683,Santosh Poojary,53,M,0
16870,14684,Geeta Murthy,59,F,0
16871,14685,Suresh Gowda,36,M,0
16872,14686,Ravi Naik,61,M,0
16873,14687,Anil Achar,59,M,0
16874,14688,Ganesh Naidu,15,M,0
16875,14688,Manjula Kumar,53,F,0
16876,14689,Raghu Naidu,30,M,0
16877,14690,Ravi Shetty,64,M,0
16878,14690,Sowmya Bhat,15,F,0
16879,14691,Shobha Patil,41,F,0
16880,14692,Radha Rao,47,F,0
16881,14692,Priya Kumar,14,F,0
16882,14693,Manjunath Setty,70,M,0
16883,14694,Bhagya Naidu,49,F,0
16884,14695,Manjunath Kumar,29,M,0
16885,14696,Anil Hegde,42,M,0
16886,14696,Savitha Kumar,27,F,0
16887,14697,Yogesh Setty,38,M,0
16888,14698,Naveen Murthy,27,M,0
16889,14699,Girish Reddy,5,M,0
16890,14700,Harish Poojary,22,M,0
16891,14701,Vijay Hegde,17,M,0
16892,14702,Ganesh Rao,19,M,0
16893,14703,Vijay Setty,61,M,0
16894,14704,Suresh Setty,39,M,0
16895,14705,Ravi Patil,19,M,0
16896,14706,Savitha Hegde,44,F,0
16897,14707,Anita Achar,51,F,0
16898,14708,Geeta Achar,37,F,0
16899,14709,Vidya Patil,72,F,0
16900,14710,Rekha Murthy,18,F,0
16901,14711,Anita Naidu,27,F,0
16902,14712,Manjula Iyer,61,F,0
16903,14712,Deepa Reddy,16,F,0
16904,14713,Lakshmi Poojary,74,F,0
16905,14714,Priya Shetty,21,F,0
16906,14715,Yogesh Rao,47,M,0
16907,14716,Ganesh Hegde,70,M,0
16908,14717,Priya Naidu,15,F,0
16909,14718,Manjunath Patil,27,M,0
16910,14718,Ravi Gowda,74,M,0
16911,14719,Ganesh Bhat,46,M,0
16912,14720,Santosh Naidu,20,M,0
16913,14721,Kumar Iyer,31,M,0
16914,14722,Naveen Iyer,7,M,0
16915,14723,Ravi Rao,29,M,0
16916,14724,Prakash Achar,70,M,0
16917,14725,Anil Naidu,68,M,0
16918,14726,Ramesh Patil,34,M,0
16919,14726,Basavaraj Iyer,62,M,0
16920,14727,Srinivas Rao,38,M,0
16921,14728,Ramesh Setty,9,M,0
16922,14729,Yogesh Kumar,38,M,0
16923,14729,Ganesh Naik,28,M,0
16924,14730,Savitha Reddy,75,F,0
16925,14731,Shwetha Kumar,40,F,0
16926,14732,Manjula Poojary,67,F,0
16927,14733,Ravi Setty,10,M,0
16928,14734,Deepa Rao,27,F,0
16929,14735,Nagaraj Bhat,29,M,0
16930,14736,Chaya Patil,19,F,0
16931,14737,Sunita Kumar,73,F,0
16932,14738,Srinivas Reddy,22,M,0
16933,14738,Ramesh Iyer,32,M,0
16934,14739,Lakshmi Naidu,44,F,0
16935,14739,Nandini Gowda,32,F,0
16936,14740,Shivaraj Setty,44,M,0
16937,14741,Yogesh Patil,49,M,0
16938,14742,Suresh Reddy,63,M,0
16939,14743,Priya Achar,35,F,0
16940,14744,Pooja Rao,20,F,0
16941,14744,Girish Setty,73,M,0
16942,14745,Ravi Setty,18,M,0
16943,14746,Nandini Hegde,65,F,0
16944,14746,Lakshmi Shetty,16,F,0
16945,14747,Radha Naidu,24,F,0
16946,14748,Naveen Achar,62,M,0
16947,14749,Shivaraj Bhat,44,M,0
16948,14749,Chaya Iyer,30,F,0
16949,14750,Mahesh Kumar,32,M,0
16950,14751,Harish Reddy,50,M,0
16951,14752,Chaya Rao,5,F,0
16952,14753,Raghu Poojary,73,M,0
16953,14754,Nagaraj Murthy,38,M,0
16954,14755,Manjula Setty,64,F,0
16955,14756,Raghu Shetty,11,M,0
16956,14757,Ravi Naidu,38,M,0
16957,14758,Manjula Reddy,66,F,0
16958,14759,Anil Iyer,66,M,0
16959,14760,Shwetha Iyer,12,F,0
16960,14761,Naveen Poojary,31,M,0
16961,14762,Santosh Naik,18,M,0
16962,14763,Ramesh Rao,30,M,0
16963,14764,Anita Naidu,58,F,0
16964,14765,Shobha Hegde,58,F,0
16965,14765,Harish Shetty,25,M,0
16966,14766,Anil Murthy,64,M,0
16967,14767,Bhagya Reddy,11,F,0
16968,14768,Ramesh Murthy,72,M,0
16969,14769,Ravi Reddy,19,M,0
16970,14770,Sowmya Bhat,42,F,0
16971,14771,Basavaraj Kumar,15,M,0
16972,14772,Manjula Poojary,24,F,0
16973,14773,Nagaraj Naidu,6,M,0
16974,14774,Rekha Patil,55,F,0
16975,14775,Vidya Naik,64,F,0
16976,14776,Anita Patil,5,F,0
16977,14777,Manjunath Naik,74,M,0
16978,14778,Chaya Reddy,45,F,0
16979,14779,Raghu Setty,32,M,0
16980,14780,Shivaraj Naik,17,M,0
16981,14781,Shivaraj Reddy,39,M,0
16982,14782,Lakshmi Naidu,29,F,0
16983,14783,Manjunath Iyer,52,M,0
16984,14784,Roopa Iyer,30,F,0
16985,14785,Manjula Bhat,38,F,0
16986,14786,Bhagya Rao,62,F,0
16987,14787,Prakash Bhat,33,M,0
16988,14788,Sowmya Bhat,65,F,0
16989,14789,Savitha Shetty,6,F,0
16990,14790,Nagaraj Rao,48,M,0
16991,14791,Savitha Patil,28,F,0
16992,14792,Nandini Kumar,15,F,0
16993,14793,Naveen Bhat,63,M,0
16994,14794,Deepa Iyer,73,F,0
16995,14795,Basavaraj Hegde,65,M,0
16996,14796,Basavaraj Rao,31,M,0
16997,14796,Pooja Achar,51,F,0
16998,14797,Harish Shetty,65,M,0
16999,14798,Sowmya Poojary,49,F,0
17000,14798,Ganesh Poojary,55,M,0
17001,14799,Ramesh Bhat,24,M,0
17002,14800,Radha Iyer,13,F,0
17003,14801,Kavya Kumar,25,F,0
17004,14802,Vijay Naidu,5,M,0
17005,14803,Manjunath Poojary,74,M,0
17006,14804,Shobha Setty,26,F,0
17007,14805,Ravi Reddy,61,M,0
17008,14806,Pooja Naidu,25,F,0
17009,14807,Shivaraj Gowda,57,M,0
17010,14808,Ramesh Murthy,9,M,0
17011,14809,Bhagya Bhat,42,F,0
17012,14809,Suresh Rao,35,M,0
17013,14810,Girish Setty,15,M,0
17014,14811,Suresh Gowda,68,M,0
17015,14812,Sunita Shetty,45,F,0
17016,14813,Savitha Iyer,74,F,0
17017,14814,Shobha Hegde,34,F,0
17018,14815,Ramesh Achar,27,M,0
17019,14816,Anita Gowda,38,F,0
17020,14817,Prakash Murthy,35,M,0
17021,14818,Sowmya Gowda,30,F,0
17022,14819,Srinivas Poojary,63,M,0
17023,14820,Vidya Naidu,65,F,0
17024,14820,Chaya Hegde,58,F,0
17025,14821,Raghu Poojary,61,M,0
17026,14822,Mahesh Naik,51,M,0
17027,14823,Geeta Achar,18,F,0
17028,14824,Nagaraj Patil,28,M,0
17029,14825,Naveen Bhat,12,M,0
17030,14825,Yogesh Iyer,29,M,0
17031,14826,Shivaraj Kumar,49,M,0
17032,14827,Vijay Murthy,48,M,0
17033,14828,Rekha Achar,9,F,0
17034,14828,Santosh Hegde,62,M,0
17035,14829,Manjunath Naidu,39,M,0
17036,14829,Srinivas Patil,44,M,0
17037,14830,Nandini Shetty,67,F,0
17038,14831,Suresh Poojary,55,M,0
17039,14832,Raghu Shetty,10,M,0
17040,14833,Shobha Shetty,40,F,0
17041,14834,Vidya Gowda,13,F,0
17042,14835,Lakshmi Shetty,28,F,0
17043,14836,Manjula Naik,15,F,0
17044,14837,Raghu Reddy,22,M,0
17045,14838,Priya Setty,62,F,0
17046,14839,Santosh Iyer,18,M,0
17047,14840,Geeta Naik,65,F,0
17048,14841,Nagaraj Shetty,50,M,0
17049,14842,Geeta Kumar,10,F,0
17050,14843,Vijay Naidu,39,M,0
17051,14844,Srinivas Bhat,61,M,0
17052,14845,Manjula Bhat,35,F,0
17053,14846,Basavaraj Naidu,68,M,0
17054,14847,Shivaraj Achar,22,M,0
17055,14848,Santosh Naik,21,M,0
17056,14849,Kavya Setty,15,F,0
17057,14850,Kumar Setty,54,M,0
17058,14851,Basavaraj Bhat,45,M,0
17059,14852,Suresh Gowda,23,M,0
17060,14852,Basavaraj Bhat,73,M,0
17061,14853,Nandini Poojary,38,F,0
17062,14854,Savitha Patil,53,F,0
17063,14855,Roopa Kumar,9,F,0
17064,14855,Vijay Reddy,35,M,0
17065,14856,Sunita Bhat,41,F,0
17066,14857,Mahesh Poojary,72,M,0
17067,14858,Geeta Iyer,51,F,0
17068,14859,Harish Rao,64,M,0
17069,14860,Raghu Patil,66,M,0
17070,14861,Pooja Setty,33,F,0
17071,14862,Priya Naik,40,F,0
17072,14863,Chaya Achar,12,F,0
17073,14864,Ravi Poojary,8,M,0
17074,14865,Ramesh Iyer,51,M,0
17075,14866,Manjula Kumar,23,F,0
17076,14867,Ganesh Naik,61,M,0
17077,14868,Nandini Naidu,59,F,0
17078,14868,Suresh Murthy,38,M,0
17079,14869,Mahesh Rao,26,M,0
17080,14870,Roopa Bhat,27,F,0
17081,14871,Anita Naik,62,F,0
17082,14872,Mahesh Murthy,18,M,0
17083,14873,Roopa Reddy,59,F,0
17084,14874,Harish Patil,62,M,0
17085,14875,Pooja Rao,11,F,0
17086,14876,Mahesh Murthy,70,M,0
17087,14877,Vidya Setty,41,F,0
17088,14878,Geeta Naidu,12,F,0
17089,14879,Manjula Shetty,16,F,0
17090,14880,Srinivas Hegde,63,M,0
17091,14881,Sowmya Shetty,23,F,0
17092,14882,Kavya Kumar,29,F,0
17093,14883,Kumar Reddy,66,M,0
17094,14884,Mahesh Patil,49,M,0
17095,14885,Santosh Murthy,40,M,0
17096,14886,Yogesh Patil,18,M,0
17097,14887,Harish Patil,13,M,0
17098,14888,Harish Murthy,30,M,0
17099,14889,Sunita Rao,9,F,0
17100,14890,Radha Naik,34,F,0
17101,14891,Deepa Naidu,34,F,0
17102,14892,Roopa Murthy,64,F,0
17103,14893,Pooja Kumar,60,F,0
17104,14894,Manjunath Murthy,55,M,0
17105,14894,Yogesh Murthy,19,M,0
17106,14895,Radha Poojary,59,F,0
17107,14896,Yogesh Murthy,20,M,0
17108,14897,Naveen Reddy,10,M,0
17109,14898,Girish Iyer,25,M,0
17110,14899,Harish Achar,24,M,0
17111,14900,Mahesh Shetty,47,M,0
17112,14901,Geeta Shetty,73,F,0
17113,14902,Rekha Gowda,24,F,0
17114,14903,Geeta Patil,25,F,0
17115,14904,Sunita Hegde,49,F,0
17116,14905,Raghu Poojary,9,M,0
17117,14906,Shobha Rao,65,F,0
17118,14907,Bhagya Reddy,73,F,0
17119,14908,Kumar Rao,6,M,0
17120,14908,Raghu Reddy,18,M,0
17121,14909,Suresh Shetty,21,M,0
17122,14910,Manjula Achar,58,F,0
17123,14911,Shobha Iyer,35,F,0
17124,14912,Roopa Achar,49,F,0
17125,14912,Bhagya Naidu,60,F,0
17126,14913,Ramesh Shetty,45,M,0
17127,14914,Ramesh Poojary,52,M,0
17128,14915,Geeta Rao,32,F,0
17129,14916,Harish Achar,68,M,0
17130,14917,Kavya Hegde,71,F,0
17131,14917,Kavya Bhat,17,F,0
17132,14918,Nagaraj Rao,16,M,0
17133,14919,Savitha Naik,33,F,0
17134,14919,Sunita Bhat,21,F,0
17135,14920,Priya Kumar,24,F,0
17136,14921,Shivaraj Iyer,31,M,0
17137,14922,Roopa Setty,36,F,0
17138,14923,Lakshmi Kumar,49,F,0
17139,14924,Basavaraj Naidu,28,M,0
17140,14925,Roopa Naik,58,F,0
17141,14925,Prakash Iyer,70,M,0
17142,14926,Ramesh Reddy,66,M,0
17143,14926,Suresh Naik,69,M,0
17144,14927,Vijay Shetty,35,M,0
17145,14928,Geeta Iyer,47,F,0
17146,14929,Naveen Shetty,36,M,0
17147,14930,Lakshmi Naidu,72,F,0
17148,14931,Savitha Achar,61,F,0
17149,14932,Santosh Reddy,65,M,0
17150,14933,Chaya Reddy,12,F,0
17151,14934,Vidya Murthy,48,F,0
17152,14934,Anil Naik,9,M,0
17153,14935,Rekha Shetty,31,F,0
17154,14936,Naveen Achar,53,M,0
17155,14936,Raghu Kumar,35,M,0
17156,14937,Sunita Achar,30,F,0
17157,14938,Girish Hegde,69,M,0
17158,14939,Harish Naidu,50,M,0
17159,14940,Raghu Achar,53,M,0
17160,14940,Raghu Poojary,8,M,0
17161,14941,Suresh Rao,68,M,0
17162,14942,Ravi Poojary,25,M,0
17163,14943,Savitha Iyer,51,F,0
17164,14944,Yogesh Murthy,12,M,0
17165,14945,Sunita Kumar,67,F,0
17166,14946,Basavaraj Gowda,47,M,0
17167,14947,Suresh Hegde,58,M,0
17168,14948,Prakash Reddy,25,M,0
17169,14949,Bhagya Shetty,12,F,0
17170,14950,Yogesh Iyer,53,M,0
17171,14951,Mahesh Rao,32,M,0
17172,14952,Nagaraj Poojary,30,M,0
17173,14953,Shwetha Iyer,29,F,0
17174,14953,Srinivas Gowda,24,M,0
17175,14954,Prakash Naik,42,M,0
17176,14955,Priya Naik,49,F,0
17177,14956,Harish Murthy,54,M,0
17178,14957,Manjunath Iyer,6,M,0
17179,14958,Roopa Kumar,11,F,0
17180,14959,Geeta Bhat,25,F,0
17181,14960,Suresh Setty,49,M,0
17182,14961,Ravi Shetty,25,M,0
17183,14962,Shwetha Murthy,54,F,0
17184,14963,Kumar Kumar,7,M,0
17185,14964,Manjula Achar,42,F,0
17186,14965,Harish Iyer,44,M,0
17187,14965,Shwetha Naidu,74,F,0
17188,14966,Ganesh Hegde,31,M,0
17189,14967,Sowmya Iyer,22,F,0
17190,14968,Kumar Achar,18,M,0
17191,14969,Radha Rao,40,F,0
17192,14970,Srinivas Murthy,30,M,0
17193,14971,Vidya Achar,25,F,0
17194,14972,Anita Setty,62,F,0
17195,14973,Girish Poojary,58,M,0
17196,14974,Geeta Bhat,62,F,0
17197,14975,Sunita Achar,45,F,0
17198,14976,Nagaraj Patil,51,M,0
17199,14977,Basavaraj Achar,44,M,0
17200,14977,Radha Achar,66,F,0
17201,14978,Sunita Naik,36,F,0
17202,14978,Lakshmi Naidu,21,F,0
17203,14979,Shwetha Patil,31,F,0
17204,14980,Sunita Murthy,11,F,0
17205,14981,Ramesh Kumar,52,M,0
17206,14982,Sowmya Setty,66,F,0
17207,14983,Anita Setty,9,F,0
17208,14984,Deepa Iyer,75,F,0
17209,14985,Ramesh Achar,44,M,0
17210,14985,Rekha Patil,13,F,0
17211,14986,Roopa Patil,59,F,0
17212,14987,Nandini Rao,60,F,0
17213,14988,Lakshmi Bhat,66,F,0
17214,14989,Chaya Achar,38,F,0
17215,14989,Anita Gowda,61,F,0
17216,14990,Priya Achar,73,F,0
17217,14991,Ravi Murthy,31,M,0
17218,14992,Ramesh Rao,35,M,0
17219,14993,Shobha Kumar,73,F,0
17220,14994,Manjunath Gowda,65,M,0
17221,14995,Radha Setty,73,F,0
17222,14996,Anita Achar,29,F,0
17223,14997,Priya Setty,36,F,0
17224,14998,Kavya Shetty,31,F,0
17225,14998,Anita Shetty,13,F,0
17226,14999,Sowmya Achar,7,F,0
17227,14999,Mahesh Shetty,67,M,0
17228,15000,Basavaraj Setty,47,M,0
17229,15001,Shivaraj Murthy,59,M,0
17230,15002,Kavya Poojary,8,F,0
17231,15002,Roopa Hegde,18,F,0
17232,15003,Manjunath Bhat,42,M,0
17233,15004,Anita Rao,48,F,0
17234,15005,Anil Iyer,69,M,0
17235,15006,Roopa Naidu,68,F,0
17236,15007,Rekha Reddy,38,F,0
17237,15008,Santosh Gowda,33,M,0
17238,15009,Mahesh Gowda,43,M,0
17239,15010,Mahesh Rao,47,M,0
17240,15011,Basavaraj Murthy,30,M,0
17241,15011,Prakash Rao,22,M,0
17242,15012,Raghu Patil,50,M,0
17243,15013,Basavaraj Rao,5,M,0
17244,15014,Kumar Gowda,6,M,0
17245,15015,Harish Rao,45,M,0
17246,15016,Geeta Rao,65,F,0
17247,15017,Girish Kumar,33,M,0
17248,15018,Savitha Hegde,56,F,0
17249,15019,Ravi Reddy,66,M,0
17250,15020,Priya Kumar,41,F,0
17251,15021,Priya Naidu,30,F,0
17252,15022,Kavya Rao,22,F,0
17253,15023,Nagaraj Murthy,20,M,0
17254,15024,Yogesh Naik,69,M,0
17255,15025,Kavya Hegde,51,F,0
17256,15026,Rekha Naidu,9,F,0
17257,15027,Ganesh Achar,41,M,0
17258,15028,Vijay Shetty,29,M,0
17259,15028,Roopa Naik,9,F,0
17260,15029,Nandini Kumar,63,F,0
17261,15030,Chaya Kumar,18,F,0
17262,15031,Roopa Achar,47,F,0
17263,15031,Mahesh Setty,27,M,0
17264,15032,Priya Iyer,31,F,0
17265,15032,Sowmya Naik,21,F,0
17266,15033,Ravi Reddy,62,M,0
17267,15034,Sowmya Reddy,69,F,0
17268,15035,Srinivas Setty,61,M,0
17269,15035,Ravi Reddy,58,M,0
17270,15036,Anil Patil,13,M,0
17271,15037,Sunita Reddy,67,F,0
17272,15038,Prakash Kumar,74,M,0
17273,15039,Suresh Gowda,32,M,0
17274,15040,Savitha Murthy,72,F,0
17275,15041,Manjunath Murthy,64,M,0
17276,15042,Geeta Setty,17,F,0
17277,15042,Geeta Rao,18,F,0
17278,15043,Basavaraj Hegde,65,M,0
17279,15043,Prakash Murthy,63,M,0
17280,15044,Geeta Naik,47,F,0
17281,15045,Manjula Kumar,14,F,0
17282,15045,Naveen Setty,69,M,0
17283,15046,Sunita Reddy,54,F,0
17284,15047,Anil Gowda,49,M,0
17285,15048,Deepa Murthy,60,F,0
17286,15049,Deepa Murthy,60,F,0
17287,15050,Yogesh Reddy,25,M,0
17288,15051,Sunita Naidu,26,F,0
17289,15052,Bhagya Hegde,12,F,0
17290,15053,Savitha Bhat,57,F,0
17291,15054,Manjula Hegde,26,F,0
17292,15054,Shobha Gowda,41,F,0
17293,15055,Roopa Poojary,49,F,0
17294,15056,Manjula Iyer,44,F,0
17295,15057,Suresh Naidu,39,M,0
17296,15057,Srinivas Murthy,32,M,0
17297,15058,Girish Poojary,19,M,0
17298,15059,Naveen Iyer,64,M,0
17299,15060,Ravi Patil,33,M,0
17300,15061,Kavya Reddy,63,F,0
17301,15062,Raghu Reddy,62,M,0
17302,15063,Harish Murthy,61,M,0
17303,15064,Kumar Shetty,33,M,0
17304,15064,Sowmya Bhat,33,F,0
17305,15065,Priya Naik,11,F,0
17306,15065,Naveen Achar,58,M,0
17307,15066,Kavya Shetty,19,F,0
17308,15067,Shobha Poojary,35,F,0
17309,15067,Bhagya Shetty,53,F,0
17310,15068,Priya Naidu,27,F,0
17311,15069,Manjunath Iyer,22,M,0
17312,15070,Girish Naik,24,M,0
17313,15071,Chaya Gowda,72,F,0
17314,15072,Basavaraj Setty,49,M,0
17315,15073,Anita Achar,15,F,0
17316,15073,Girish Poojary,37,M,0
17317,15074,Geeta Poojary,44,F,0
17318,15075,Nandini Murthy,48,F,0
17319,15076,Naveen Gowda,73,M,0
17320,15077,Sunita Murthy,39,F,0
17321,15078,Roopa Naidu,13,F,0
17322,15079,Shobha Hegde,22,F,0
17323,15079,Suresh Kumar,47,M,0
17324,15080,Shivaraj Murthy,5,M,0
17325,15081,Anil Rao,41,M,0
17326,15082,Roopa Reddy,38,F,0
17327,15083,Chaya Naidu,64,F,0
17328,15084,Harish Gowda,15,M,0
17329,15084,Anil Murthy,53,M,0
17330,15085,Manjunath Kumar,40,M,0
17331,15086,Santosh Naik,60,M,0
17332,15087,Savitha Setty,50,F,0
17333,15088,Kumar Hegde,69,M,0
17334,15089,Ganesh Bhat,57,M,0
17335,15090,Savitha Patil,43,F,0
17336,15091,Prakash Poojary,31,M,0
17337,15092,Geeta Shetty,36,F,0
17338,15093,Sowmya Hegde,74,F,0
17339,15094,Raghu Achar,17,M,0
17340,15095,Santosh Naik,32,M,0
17341,15096,Harish Kumar,37,M,0
17342,15097,Suresh Patil,47,M,0
17343,15098,Manjula Rao,66,F,0
17344,15099,Nagaraj Setty,71,M,0
17345,15100,Savitha Murthy,20,F,0
17346,15101,Priya Kumar,53,F,0
17347,15102,Ganesh Naik,20,M,0
17348,15103,Lakshmi Gowda,67,F,0
17349,15104,Roopa Murthy,18,F,0
17350,15105,Nandini Patil,24,F,0
17351,15106,Shivaraj Gowda,75,M,0
17352,15107,Sunita Rao,63,F,0
17353,15108,Ravi Naidu,14,M,0
17354,15109,Shivaraj Bhat,68,M,0
17355,15110,Shwetha Naik,9,F,0
17356,15111,Harish Naik,20,M,0
17357,15112,Santosh Achar,29,M,0
17358,15112,Srinivas Setty,62,M,0
17359,15113,Sunita Kumar,35,F,0
17360,15114,Suresh Bhat,64,M,0
17361,15115,Shobha Iyer,67,F,0
17362,15116,Manjunath Hegde,52,M,0
17363,15117,Geeta Naidu,42,F,0
17364,15118,Manjula Murthy,22,F,0
17365,15118,Harish Iyer,72,M,0
17366,15119,Shivaraj Bhat,34,M,0
17367,15120,Girish Reddy,34,M,0
17368,15121,Deepa Kumar,31,F,0
17369,15122,Sowmya Poojary,32,F,0
17370,15123,Savitha Gowda,32,F,0
17371,15124,Naveen Reddy,57,M,0
17372,15124,Roopa Naidu,23,F,0
17373,15125,Nandini Hegde,26,F,0
17374,15126,Srinivas Kumar,40,M,0
17375,15126,Sowmya Shetty,39,F,0
17376,15127,Vidya Patil,11,F,0
17377,15128,Anita Kumar,39,F,0
17378,15129,Savitha Shetty,32,F,0
17379,15130,Ramesh Achar,12,M,0
17380,15131,Vidya Shetty,41,F,0
17381,15132,Kavya Patil,9,F,0
17382,15133,Pooja Naidu,51,F,0
17383,15134,Manjula Reddy,69,F,0
17384,15134,Sunita Iyer,63,F,0
17385,15135,Naveen Bhat,8,M,0
17386,15136,Ravi Shetty,23,M,0
17387,15137,Ganesh Patil,37,M,0
17388,15138,Vijay Kumar,43,M,0
17389,15139,Manjunath Rao,64,M,0
17390,15140,Ravi Poojary,17,M,0
17391,15141,Sunita Achar,32,F,0
17392,15141,Ramesh Patil,54,M,0
17393,15142,Nandini Murthy,66,F,0
17394,15143,Suresh Gowda,13,M,0
17395,15144,Ramesh Bhat,11,M,0
17396,15145,Deepa Poojary,7,F,0
17397,15145,Santosh Murthy,46,M,0
17398,15146,Lakshmi Reddy,56,F,0
17399,15147,Nandini Achar,28,F,0
17400,15148,Sunita Setty,17,F,0
17401,15149,Manjunath Naidu,75,M,0
17402,15150,Lakshmi Hegde,41,F,0
17403,15151,Radha Hegde,66,F,0
17404,15152,Radha Shetty,35,F,0
17405,15153,Nagaraj Hegde,26,M,0
17406,15153,Raghu Reddy,23,M,0
17407,15154,Raghu Murthy,71,M,0
17408,15155,Harish Achar,21,M,0
17409,15155,Manjula Shetty,55,F,0
17410,15156,Ramesh Iyer,23,M,0
17411,15157,Priya Reddy,38,F,0
17412,15158,Mahesh Shetty,12,M,0
17413,15158,Girish Bhat,15,M,0
17414,15159,Ramesh Setty,40,M,0
17415,15160,Sunita Reddy,46,F,0
17416,15161,Vidya Patil,46,F,0
17417,15162,Priya Murthy,15,F,0
17418,15163,Radha Bhat,62,F,0
17419,15164,Kavya Achar,15,F,0
17420,15165,Manjunath Kumar,39,M,0
17421,15166,Shivaraj Gowda,5,M,0
17422,15167,Chaya Reddy,71,F,0
17423,15168,Deepa Shetty,50,F,0
17424,15169,Rekha Bhat,60,F,0
17425,15170,Priya Shetty,51,F,0
17426,15171,Mahesh Patil,37,M,0
17427,15172,Nandini Kumar,54,F,0
17428,15173,Radha Shetty,22,F,0
17429,15174,Chaya Bhat,26,F,0
17430,15175,Savitha Bhat,39,F,0
17431,15176,Pooja Setty,18,F,0
17432,15177,Naveen Patil,68,M,0
17433,15178,Ganesh Shetty,19,M,0
17434,15179,Mahesh Hegde,32,M,0
17435,15180,Raghu Setty,46,M,0
17436,15181,Prakash Hegde,37,M,0
17437,15182,Yogesh Murthy,62,M,0
17438,15183,Pooja Rao,66,F,0
17439,15184,Shwetha Gowda,68,F,0
17440,15185,Ravi Iyer,55,M,0
17441,15185,Sowmya Bhat,55,F,0
17442,15186,Geeta Iyer,44,F,0
17443,15187,Priya Achar,44,F,0
17444,15188,Sunita Shetty,68,F,0
17445,15189,Geeta Iyer,7,F,0
17446,15189,Nandini Rao,49,F,0
17447,15190,Mahesh Setty,12,M,0
17448,15190,Basavaraj Rao,32,M,0
17449,15191,Santosh Patil,61,M,0
17450,15192,Sunita Kumar,11,F,0
17451,15193,Shobha Shetty,75,F,0
17452,15194,Sunita Poojary,44,F,0
17453,15195,Harish Gowda,35,M,0
17454,15196,Roopa Achar,51,F,0
17455,15197,Kavya Murthy,71,F,0
17456,15198,Ramesh Iyer,30,M,0
17457,15199,Ramesh Achar,35,M,0
17458,15200,Ravi Rao,44,M,0
17459,15200,Manjula Bhat,41,F,0
17460,15201,Lakshmi Hegde,69,F,0
17461,15202,Basavaraj Patil,74,M,0
17462,15203,Ramesh Kumar,8,M,0
17463,15204,Rekha Murthy,40,F,0
17464,15205,Deepa Naidu,9,F,0
17465,15206,Roopa Poojary,69,F,0
17466,15207,Geeta Reddy,43,F,0
17467,15208,Naveen Murthy,22,M,0
17468,15209,Shobha Rao,10,F,0
17469,15210,Rekha Rao,69,F,0
17470,15211,Radha Shetty,14,F,0
17471,15212,Roopa Shetty,15,F,0
17472,15213,Geeta Hegde,38,F,0
17473,15214,Ganesh Naidu,60,M,0
17474,15214,Shwetha Iyer,29,F,0
17475,15215,Chaya Shetty,57,F,0
17476,15216,Savitha Bhat,23,F,0
17477,15217,Pooja Reddy,34,F,0
17478,15218,Anil Patil,74,M,0
17479,15218,Harish Bhat,74,M,0
17480,15219,Girish Bhat,12,M,0
17481,15220,Ganesh Rao,51,M,0
17482,15220,Mahesh Patil,55,M,0
17483,15221,Anita Murthy,47,F,0
17484,15222,Nandini Kumar,70,F,0
17485,15223,Naveen Naik,65,M,0
17486,15224,Prakash Bhat,72,M,0
17487,15225,Yogesh Hegde,37,M,0
17488,15226,Sowmya Iyer,5,F,0
17489,15227,Geeta Reddy,39,F,0
17490,15228,Prakash Bhat,66,M,0
17491,15229,Anil Murthy,53,M,0
17492,15230,Ramesh Naik,41,M,0
17493,15231,Savitha Patil,62,F,0
17494,15232,Rekha Poojary,57,F,0
17495,15233,Shobha Shetty,66,F,0
17496,15233,Vijay Poojary,32,M,0
17497,15234,Radha Kumar,64,F,0
17498,15235,Geeta Patil,49,F,0
17499,15236,Nandini Reddy,44,F,0
17500,15237,Sowmya Murthy,32,F,0
17501,15238,Pooja Bhat,44,F,0
17502,15238,Nandini Poojary,23,F,0
17503,15239,Suresh Naidu,72,M,0
17504,15240,Rekha Hegde,46,F,0
17505,15240,Shivaraj Murthy,5,M,0
17506,15241,Sowmya Bhat,66,F,0
17507,15242,Basavaraj Gowda,24,M,0
17508,15243,Ganesh Patil,41,M,0
17509,15244,Sowmya Poojary,21,F,0
17510,15244,Radha Hegde,45,F,0
17511,15245,Anita Iyer,49,F,0
17512,15246,Santosh Reddy,24,M,0
17513,15247,Basavaraj Kumar,54,M,0
17514,15248,Pooja Murthy,16,F,0
17515,15249,Santosh Achar,52,M,0
17516,15250,Anil Setty,23,M,0
17517,15251,Deepa Murthy,52,F,0
17518,15251,Vijay Shetty,39,M,0
17519,15252,Radha Hegde,54,F,0
17520,15253,Deepa Kumar,49,F,0
17521,15254,Radha Naik,46,F,0
17522,15255,Naveen Poojary,52,M,0
17523,15256,Yogesh Setty,45,M,0
17524,15257,Pooja Achar,42,F,0
17525,15258,Sunita Rao,42,F,0
17526,15259,Ganesh Reddy,13,M,0
17527,15260,Radha Rao,73,F,0
17528,15261,Suresh Hegde,70,M,0
17529,15261,Sowmya Bhat,73,F,0
17530,15262,Sowmya Naidu,12,F,0
17531,15263,Anita Rao,61,F,0
17532,15264,Santosh Patil,25,M,0
17533,15264,Roopa Iyer,30,F,0
17534,15265,Rekha Bhat,57,F,0
17535,15266,Anita Achar,26,F,0
17536,15267,Nagaraj Setty,70,M,0
17537,15268,Kumar Rao,51,M,0
17538,15269,Harish Bhat,7,M,0
17539,15270,Savitha Hegde,22,F,0
17540,15271,Mahesh Naik,49,M,0
17541,15272,Harish Achar,45,M,0
17542,15273,Harish Kumar,43,M,0
17543,15273,Kumar Poojary,61,M,0
17544,15274,Lakshmi Naik,67,F,0
17545,15275,Santosh Gowda,30,M,0
17546,15276,Ramesh Kumar,66,M,0
17547,15277,Ganesh Naik,40,M,0
17548,15278,Sunita Poojary,9,F,0
17549,15278,Nagaraj Achar,15,M,0
17550,15279,Ramesh Gowda,18,M,0
17551,15280,Sunita Reddy,60,F,0
17552,15280,Priya Patil,60,F,0
17553,15281,Ganesh Rao,34,M,0
17554,15282,Raghu Naidu,41,M,0
17555,15283,Geeta Rao,14,F,0
17556,15284,Srinivas Bhat,75,M,0
17557,15285,Yogesh Rao,30,M,0
17558,15286,Girish Reddy,59,M,0
17559,15287,Harish Iyer,9,M,0
17560,15288,Shobha Setty,72,F,0
17561,15289,Ganesh Murthy,23,M,0
17562,15290,Naveen Reddy,24,M,0
17563,15290,Santosh Gowda,70,M,0
17564,15291,Sunita Naik,15,F,0
17565,15292,Anita Naik,73,F,0
17566,15293,Anita Kumar,57,F,0
17567,15293,Basavaraj Reddy,11,M,0
17568,15294,Anita Bhat,62,F,0
17569,15295,Priya Shetty,45,F,0
17570,15296,Srinivas Patil,45,M,0
17571,15297,Anita Hegde,66,F,0
17572,15298,Radha Iyer,41,F,0
17573,15298,Manjula Gowda,57,F,0
17574,15299,Naveen Achar,54,M,0
17575,15300,Mahesh Murthy,14,M,0
17576,15301,Santosh Murthy,29,M,0
17577,15302,Lakshmi Rao,53,F,0
17578,15303,Sunita Hegde,48,F,0
17579,15304,Ravi Naik,34,M,0
17580,15305,Radha Naik,69,F,0
17581,15306,Shobha Achar,36,F,0
17582,15307,Nandini Bhat,36,F,0
17583,15308,Vijay Rao,46,M,0
17584,15309,Anita Murthy,63,F,0
17585,15310,Deepa Rao,8,F,0
17586,15310,Kumar Naidu,48,M,0
17587,15311,Naveen Gowda,51,M,0
17588,15312,Raghu Setty,27,M,0
17589,15313,Prakash Murthy,20,M,0
17590,15314,Ganesh Hegde,48,M,0
17591,15315,Ravi Achar,19,M,0
17592,15316,Srinivas Hegde,8,M,0
17593,15317,Naveen Hegde,18,M,0
17594,15318,Shivaraj Gowda,26,M,0
17595,15319,Geeta Bhat,54,F,0
17596,15319,Sunita Naidu,44,F,0
17597,15320,Savitha Poojary,66,F,0
17598,15321,Radha Shetty,51,F,0
17599,15322,Prakash Hegde,55,M,0
17600,15323,Rekha Kumar,61,F,0
17601,15324,Sowmya Achar,39,F,0
17602,15325,Kavya Bhat,6,F,0
17603,15326,Harish Kumar,65,M,0
17604,15327,Manjula Setty,28,F,0
17605,15327,Srinivas Gowda,5,M,0
17606,15328,Srinivas Patil,46,M,0
17607,15329,Basavaraj Shetty,50,M,0
17608,15330,Shobha Murthy,67,F,0
17609,15330,Yogesh Naidu,40,M,0
17610,15331,Anita Shetty,43,F,0
17611,15332,Prakash Rao,22,M,0
17612,15332,Nagaraj Achar,69,M,0
17613,15333,Lakshmi Patil,27,F,0
17614,15334,Vijay Kumar,13,M,0
17615,15335,Roopa Naidu,62,F,0
17616,15336,Manjunath Rao,33,M,0
17617,15337,Bhagya Murthy,72,F,0
17618,15338,Raghu Poojary,48,M,0
17619,15339,Sowmya Iyer,39,F,0
17620,15340,Nagaraj Reddy,33,M,0
17621,15341,Chaya Patil,60,F,0
17622,15342,Basavaraj Achar,68,M,0
17623,15343,Nandini Iyer,44,F,0
17624,15344,Santosh Reddy,47,M,0
17625,15345,Prakash Naik,52,M,0
17626,15346,Sowmya Gowda,16,F,0
17627,15347,Shivaraj Rao,14,M,0
17628,15348,Geeta Achar,8,F,0
17629,15349,Priya Bhat,64,F,0
17630,15350,Shivaraj Iyer,45,M,0
17631,15350,Shwetha Rao,74,F,0
17632,15351,Shobha Shetty,54,F,0
17633,15352,Mahesh Reddy,43,M,0
17634,15353,Basavaraj Gowda,60,M,0
17635,15354,Ramesh Rao,47,M,0
17636,15355,Pooja Iyer,67,F,0
17637,15356,Rekha Naidu,71,F,0
17638,15357,Ramesh Setty,27,M,0
17639,15358,Nagaraj Reddy,70,M,0
17640,15359,Pooja Achar,58,F,0
17641,15360,Savitha Patil,64,F,0
17642,15361,Vijay Naidu,37,M,0
17643,15362,Nagaraj Iyer,28,M,0
17644,15363,Ramesh Bhat,37,M,0
17645,15364,Anita Naidu,20,F,0
17646,15365,Manjunath Rao,75,M,0
17647,15366,Basavaraj Hegde,55,M,0
17648,15367,Girish Naik,49,M,0
17649,15368,Ramesh Setty,75,M,0
17650,15369,Raghu Kumar,19,M,0
17651,15370,Savitha Naik,32,F,0
17652,15371,Rekha Reddy,62,F,0
17653,15372,Girish Gowda,56,M,0
17654,15373,Ramesh Poojary,46,M,0
17655,15373,Radha Kumar,33,F,0
17656,15374,Geeta Rao,16,F,0
17657,15375,Srinivas Achar,41,M,0
17658,15376,Harish Iyer,37,M,0
17659,15377,Ganesh Shetty,9,M,0
17660,15378,Harish Murthy,51,M,0
17661,15379,Priya Reddy,22,F,0
17662,15379,Prakash Naik,39,M,0
17663,15380,Suresh Rao,50,M,0
17664,15381,Harish Setty,16,M,0
17665,15382,Kumar Achar,66,M,0
17666,15383,Prakash Naidu,13,M,0
17667,15384,Vidya Shetty,51,F,0
17668,15385,Bhagya Achar,27,F,0
17669,15385,Manjunath Reddy,7,M,0
17670,15386,Pooja Hegde,7,F,0
17671,15387,Rekha Setty,5,F,0
17672,15388,Sunita Murthy,58,F,0
17673,15389,Vidya Kumar,71,F,0
17674,15390,Vijay Bhat,16,M,0
17675,15390,Suresh Gowda,18,M,0
17676,15391,Priya Shetty,7,F,0
17677,15392,Pooja Iyer,20,F,0
17678,15393,Geeta Iyer,9,F,0
17679,15394,Prakash Patil,43,M,0
17680,15395,Santosh Iyer,44,M,0
17681,15396,Manjula Setty,41,F,0
17682,15397,Lakshmi Poojary,65,F,0
17683,15398,Vidya Iyer,10,F,0
17684,15399,Anita Murthy,39,F,0
17685,15400,Shobha Shetty,45,F,0
17686,15401,Nandini Naidu,57,F,0
17687,15402,Pooja Rao,12,F,0
17688,15403,Raghu Iyer,45,M,0
17689,15404,Pooja Patil,26,F,0
17690,15405,Girish Rao,52,M,0
17691,15406,Anita Iyer,43,F,0
17692,15407,Mahesh Setty,40,M,0
17693,15408,Anita Achar,68,F,0
17694,15408,Basavaraj Naik,10,M,0
17695,15409,Kumar Patil,49,M,0
17696,15410,Harish Shetty,61,M,0
17697,15411,Harish Iyer,72,M,0
17698,15411,Geeta Murthy,62,F,0
17699,15412,Lakshmi Hegde,73,F,0
17700,15413,Kumar Rao,30,M,0
17701,15414,Girish Setty,56,M,0
17702,15415,Anil Gowda,39,M,0
17703,15416,Deepa Kumar,20,F,0
17704,15417,Kavya Bhat,51,F,0
17705,15417,Kumar Poojary,8,M,0
17706,15418,Deepa Hegde,18,F,0
17707,15419,Manjula Setty,7,F,0
17708,15420,Vidya Setty,28,F,0
17709,15421,Vijay Bhat,45,M,0
17710,15422,Raghu Gowda,30,M,0
17711,15423,Basavaraj Setty,10,M,0
17712,15424,Santosh Patil,71,M,0
17713,15425,Nandini Achar,38,F,0
17714,15426,Kavya Setty,5,F,0
17715,15427,Shobha Hegde,45,F,0
17716,15428,Chaya Shetty,64,F,0
17717,15429,Girish Murthy,69,M,0
17718,15430,Srinivas Kumar,35,M,0
17719,15431,Rekha Setty,72,F,0
17720,15432,Shobha Naidu,63,F,0
17721,15433,Santosh Murthy,43,M,0
17722,15433,Pooja Naidu,40,F,0
17723,15434,Mahesh Achar,59,M,0
17724,15435,Vidya Setty,50,F,0
17725,15436,Prakash Patil,58,M,0
17726,15437,Manjula Reddy,30,F,0
17727,15437,Savitha Rao,45,F,0
17728,15438,Geeta Poojary,47,F,0
17729,15439,Shobha Murthy,66,F,0
17730,15440,Mahesh Iyer,68,M,0
17731,15441,Anita Rao,16,F,0
17732,15442,Santosh Poojary,24,M,0
17733,15443,Anil Murthy,12,M,0
17734,15444,Priya Setty,60,F,0
17735,15445,Chaya Murthy,70,F,0
17736,15446,Savitha Iyer,32,F,0
17737,15447,Lakshmi Poojary,60,F,0
17738,15448,Kavya Bhat,63,F,0
17739,15449,Nagaraj Gowda,10,M,0
17740,15450,Rekha Kumar,18,F,0
17741,15451,Radha Achar,70,F,0
17742,15452,Naveen Shetty,57,M,0
17743,15452,Lakshmi Shetty,64,F,0
17744,15453,Ganesh Poojary,38,M,0
17745,15454,Raghu Patil,69,M,0
17746,15455,Bhagya Poojary,45,F,0
17747,15455,Manjula Murthy,48,F,0
17748,15456,Nandini Iyer,27,F,0
17749,15457,Yogesh Reddy,34,M,0
17750,15458,Srinivas Naidu,42,M,0
17751,15459,Harish Hegde,24,M,0
17752,15460,Nandini Kumar,30,F,0
17753,15461,Priya Bhat,29,F,0
17754,15461,Manjula Setty,61,F,0
17755,15462,Girish Naidu,32,M,0
17756,15463,Manjula Kumar,54,F,0
17757,15463,Harish Kumar,9,M,0
17758,15464,Manjula Rao,55,F,0
17759,15465,Savitha Shetty,52,F,0
17760,15465,Rekha Hegde,8,F,0
17761,15466,Manjunath Naidu,41,M,0
17762,15467,Kavya Reddy,18,F,0
17763,15468,Santosh Poojary,15,M,0
17764,15469,Savitha Shetty,49,F,0
17765,15470,Mahesh Iyer,6,M,0
17766,15471,Ravi Achar,28,M,0
17767,15472,Chaya Rao,18,F,0
17768,15472,Kumar Naik,39,M,0
17769,15473,Vidya Gowda,6,F,0
17770,15474,Ramesh Kumar,60,M,0
17771,15475,Anil Rao,22,M,0
17772,15476,Geeta Naidu,72,F,0
17773,15477,Shwetha Kumar,32,F,0
17774,15477,Vijay Patil,27,M,0
17775,15478,Shobha Naidu,57,F,0
17776,15479,Kumar Patil,26,M,0
17777,15480,Deepa Rao,26,F,0
17778,15481,Santosh Kumar,42,M,0
17779,15482,Radha Naidu,37,F,0
17780,15483,Pooja Iyer,19,F,0
17781,15484,Chaya Setty,34,F,0
17782,15485,Santosh Achar,25,M,0
17783,15485,Geeta Patil,49,F,0
17784,15486,Santosh Rao,59,M,0
17785,15486,Sowmya Reddy,43,F,0
17786,15487,Sowmya Naik,66,F,0
17787,15488,Deepa Reddy,19,F,0
17788,15489,Shobha Reddy,41,F,0
17789,15490,Sowmya Iyer,25,F,0
17790,15491,Vidya Patil,70,F,0
17791,15492,Mahesh Poojary,49,M,0
17792,15493,Ramesh Gowda,62,M,0
17793,15494,Lakshmi Achar,38,F,0
17794,15495,Harish Setty,51,M,0
17795,15496,Nagaraj Poojary,25,M,0
17796,15497,Lakshmi Iyer,19,F,0
17797,15498,Nandini Murthy,36,F,0
17798,15499,Manjula Bhat,41,F,0
17799,15500,Chaya Reddy,10,F,0
17800,15501,Manjunath Achar,71,M,0
17801,15502,Kavya Iyer,56,F,0
17802,15503,Shobha Achar,23,F,0
17803,15504,Suresh Rao,69,M,0
17804,15505,Basavaraj Hegde,53,M,0
17805,15506,Manjunath Gowda,33,M,0
17806,15507,Chaya Kumar,36,F,0
17807,15508,Girish Rao,10,M,0
17808,15509,Bhagya Achar,8,F,0
17809,15510,Anita Naidu,31,F,0
17810,15511,Nagaraj Iyer,46,M,0
17811,15512,Rekha Naik,29,F,0
17812,15513,Ramesh Bhat,35,M,0
17813,15514,Shivaraj Kumar,62,M,0
17814,15514,Vijay Murthy,66,M,0
17815,15515,Harish Reddy,49,M,0
17816,15516,Vijay Kumar,21,M,0
17817,15516,Manjunath Patil,75,M,0
17818,15517,Prakash Naik,55,M,0
17819,15518,Manjula Rao,12,F,0
17820,15518,Suresh Rao,64,M,0
17821,15519,Ravi Naidu,60,M,0
17822,15519,Rekha Bhat,70,F,0
17823,15520,Mahesh Murthy,33,M,0
17824,15521,Deepa Shetty,53,F,0
17825,15521,Radha Bhat,42,F,0
17826,15522,Savitha Achar,38,F,0
17827,15523,Mahesh Naidu,17,M,0
17828,15524,Shobha Gowda,25,F,0
17829,15525,Sunita Reddy,55,F,0
17830,15526,Shobha Bhat,49,F,0
17831,15527,Sowmya Poojary,72,F,0
17832,15528,Mahesh Gowda,72,M,0
17833,15529,Girish Naidu,39,M,0
17834,15530,Ravi Achar,75,M,0
17835,15531,Anita Patil,46,F,0
17836,15532,Naveen Naidu,7,M,0
17837,15533,Anita Reddy,45,F,0
17838,15534,Savitha Reddy,55,F,0
17839,15535,Priya Shetty,11,F,0
17840,15536,Suresh Achar,68,M,0
17841,15537,Shobha Kumar,31,F,0
17842,15538,Srinivas Kumar,65,M,0
17843,15539,Chaya Kumar,28,F,0
17844,15540,Vidya Bhat,13,F,0
17845,15541,Shobha Iyer,73,F,0
17846,15542,Deepa Rao,47,F,0
17847,15543,Santosh Hegde,34,M,0
17848,15544,Naveen Hegde,67,M,0
17849,15545,Basavaraj Setty,43,M,0
17850,15545,Nandini Hegde,55,F,0
17851,15546,Savitha Kumar,32,F,0
17852,15547,Nagaraj Bhat,38,M,0
17853,15547,Suresh Gowda,7,M,0
17854,15548,Naveen Poojary,63,M,0
17855,15549,Mahesh Naidu,8,M,0
17856,15550,Nagaraj Bhat,50,M,0
17857,15551,Ravi Hegde,63,M,0
17858,15552,Anita Reddy,32,F,0
17859,15553,Rekha Bhat,39,F,0
17860,15554,Kavya Poojary,55,F,0
17861,15555,Sunita Kumar,66,F,0
17862,15556,Girish Gowda,24,M,0
17863,15557,Basavaraj Gowda,52,M,0
17864,15558,Nagaraj Poojary,8,M,0
17865,15559,Kavya Setty,64,F,0
17866,15560,Shivaraj Achar,40,M,0
17867,15560,Ganesh Achar,32,M,0
17868,15561,Sowmya Hegde,21,F,0
17869,15562,Naveen Bhat,52,M,0
17870,15563,Kavya Iyer,30,F,0
17871,15564,Bhagya Murthy,48,F,0
17872,15564,Girish Reddy,31,M,0
17873,15565,Deepa Reddy,57,F,0
17874,15565,Girish Poojary,62,M,0
17875,15566,Lakshmi Kumar,28,F,0
17876,15567,Harish Rao,28,M,0
17877,15568,Suresh Gowda,72,M,0
17878,15569,Pooja Reddy,23,F,0
17879,15570,Nagaraj Murthy,9,M,0
17880,15571,Chaya Bhat,69,F,0
17881,15572,Shwetha Naik,53,F,0
17882,15573,Manjula Kumar,39,F,0
17883,15574,Nandini Rao,17,F,0
17884,15575,Naveen Murthy,36,M,0
17885,15575,Radha Setty,59,F,0
17886,15576,Sunita Kumar,45,F,0
17887,15577,Nandini Poojary,60,F,0
17888,15578,Ravi Gowda,19,M,0
17889,15579,Anita Reddy,5,F,0
17890,15579,Sunita Naidu,72,F,0
17891,15580,Santosh Rao,61,M,0
17892,15581,Shwetha Shetty,52,F,0
17893,15582,Nandini Patil,23,F,0
17894,15583,Naveen Rao,55,M,0
17895,15584,Savitha Kumar,72,F,0
17896,15585,Chaya Shetty,52,F,0
17897,15585,Santosh Bhat,16,M,0
17898,15586,Deepa Naik,29,F,0
17899,15587,Harish Hegde,35,M,0
17900,15588,Basavaraj Naik,72,M,0
17901,15589,Kavya Achar,43,F,0
17902,15590,Kavya Hegde,5,F,0
17903,15591,Geeta Shetty,48,F,0
17904,15591,Santosh Rao,58,M,0
17905,15592,Shobha Shetty,29,F,0
17906,15593,Manjunath Poojary,23,M,0
17907,15594,Ganesh Achar,19,M,0
17908,15595,Girish Bhat,21,M,0
17909,15596,Nagaraj Achar,49,M,0
17910,15597,Bhagya Iyer,41,F,0
17911,15597,Manjunath Patil,49,M,0
17912,15598,Shivaraj Setty,43,M,0
17913,15599,Anita Kumar,11,F,0
17914,15600,Anita Kumar,70,F,0
17915,15601,Prakash Murthy,64,M,0
17916,15602,Naveen Hegde,25,M,0
17917,15602,Vijay Naidu,58,M,0
17918,15603,Basavaraj Reddy,70,M,0
17919,15604,Kavya Achar,34,F,0
17920,15605,Rekha Poojary,5,F,0
17921,15606,Suresh Rao,9,M,0
17922,15607,Geeta Patil,49,F,0
17923,15608,Anil Poojary,41,M,0
17924,15609,Sunita Patil,19,F,0
17925,15610,Sowmya Poojary,62,F,0
17926,15610,Girish Naidu,13,M,0
17927,15611,Harish Hegde,50,M,0
17928,15612,Suresh Hegde,26,M,0
17929,15613,Shwetha Kumar,57,F,0
17930,15614,Shwetha Naidu,36,F,0
17931,15615,Deepa Achar,75,F,0
17932,15616,Manjula Shetty,42,F,0
17933,15617,Lakshmi Kumar,45,F,0
17934,15618,Vijay Kumar,27,M,0
17935,15619,Nandini Setty,70,F,0
17936,15620,Harish Naidu,72,M,0
17937,15621,Basavaraj Patil,74,M,0
17938,15622,Lakshmi Hegde,63,F,0
17939,15623,Ganesh Naidu,36,M,0
17940,15624,Srinivas Achar,12,M,0
17941,15625,Ravi Hegde,55,M,0
17942,15626,Sowmya Naidu,56,F,0
17943,15627,Srinivas Setty,6,M,0
17944,15628,Shwetha Setty,29,F,0
17945,15629,Radha Naidu,59,F,0
17946,15630,Ramesh Kumar,71,M,0
17947,15631,Pooja Shetty,5,F,0
17948,15632,Priya Gowda,17,F,0
17949,15633,Suresh Gowda,10,M,0
17950,15634,Sowmya Naidu,33,F,0
17951,15635,Deepa Naidu,18,F,0
17952,15636,Geeta Bhat,19,F,0
17953,15637,Shivaraj Iyer,68,M,0
17954,15638,Lakshmi Naidu,33,F,0
17955,15639,Girish Kumar,6,M,0
17956,15640,Shivaraj Patil,21,M,0
17957,15641,Manjunath Achar,17,M,0
17958,15642,Shwetha Hegde,11,F,0
17959,15643,Roopa Murthy,24,F,0
17960,15643,Prakash Kumar,44,M,0
17961,15644,Radha Bhat,36,F,0
17962,15645,Shwetha Rao,60,F,0
17963,15646,Anil Rao,72,M,0
17964,15647,Harish Reddy,25,M,0
17965,15648,Deepa Hegde,50,F,0
17966,15649,Lakshmi Shetty,59,F,0
17967,15649,Srinivas Setty,72,M,0
17968,15650,Ramesh Setty,36,M,0
17969,15651,Pooja Achar,10,F,0
17970,15652,Naveen Patil,8,M,0
17971,15653,Ramesh Setty,25,M,0
17972,15654,Lakshmi Gowda,38,F,0
17973,15655,Pooja Naidu,37,F,0
17974,15656,Pooja Achar,31,F,0
17975,15657,Pooja Reddy,17,F,0
17976,15657,Shivaraj Hegde,75,M,0
17977,15658,Anil Naik,56,M,0
17978,15659,Ravi Naidu,49,M,0
17979,15660,Ramesh Shetty,38,M,0
17980,15661,Raghu Rao,11,M,0
17981,15662,Girish Naik,32,M,0
17982,15663,Srinivas Hegde,8,M,0
17983,15664,Shobha Naik,70,F,0
17984,15665,Ravi Gowda,47,M,0
17985,15666,Shivaraj Patil,48,M,0
17986,15667,Vijay Rao,6,M,0
17987,15668,Sunita Naik,25,F,0
17988,15669,Nagaraj Rao,47,M,0
17989,15670,Santosh Reddy,21,M,0
17990,15671,Basavaraj Kumar,12,M,0
17991,15672,Geeta Shetty,36,F,0
17992,15673,Anita Naik,8,F,0
17993,15674,Suresh Naidu,67,M,0
17994,15675,Ramesh Poojary,22,M,0
17995,15675,Bhagya Reddy,52,F,0
17996,15676,Chaya Iyer,62,F,0
17997,15677,Sunita Hegde,38,F,0
17998,15677,Mahesh Reddy,66,M,0
17999,15678,Kumar Iyer,9,M,0
18000,15679,Savitha Reddy,18,F,0
18001,15679,Mahesh Iyer,11,M,0
18002,15680,Shobha Iyer,38,F,0
18003,15681,Raghu Murthy,55,M,0
18004,15681,Ravi Naidu,26,M,0
18005,15682,Naveen Bhat,20,M,0
18006,15682,Savitha Reddy,13,F,0
18007,15683,Nagaraj Rao,5,M,0
18008,15684,Raghu Setty,12,M,0
18009,15685,Nandini Bhat,10,F,0
18010,15686,Ravi Naidu,68,M,0
18011,15687,Roopa Gowda,73,F,0
18012,15688,Kavya Shetty,49,F,0
18013,15689,Pooja Iyer,65,F,0
18014,15690,Anil Patil,8,M,0
18015,15691,Radha Patil,9,F,0
18016,15691,Kavya Bhat,74,F,0
18017,15692,Naveen Gowda,25,M,0
18018,15693,Vijay Shetty,12,M,0
18019,15694,Shwetha Shetty,11,F,0
18020,15695,Vidya Kumar,53,F,0
18021,15696,Kavya Poojary,62,F,0
18022,15696,Sowmya Iyer,43,F,0
18023,15697,Ganesh Iyer,18,M,0
18024,15697,Yogesh Naidu,51,M,0
18025,15698,Anil Hegde,47,M,0
18026,15699,Rekha Rao,64,F,0
18027,15700,Pooja Bhat,41,F,0
18028,15700,Rekha Poojary,49,F,0
18029,15701,Shobha Hegde,31,F,0
18030,15701,Chaya Hegde,40,F,0
18031,15702,Vijay Murthy,9,M,0
18032,15702,Lakshmi Reddy,54,F,0
18033,15703,Manjunath Patil,73,M,0
18034,15704,Nagaraj Achar,43,M,0
18035,15705,Kavya Naidu,29,F,0
18036,15706,Nandini Gowda,66,F,0
18037,15707,Manjunath Hegde,70,M,0
18038,15708,Girish Bhat,59,M,0
18039,15709,Kumar Shetty,67,M,0
18040,15710,Savitha Hegde,29,F,0
18041,15710,Girish Gowda,34,M,0
18042,15711,Shobha Rao,13,F,0
18043,15711,Shobha Reddy,24,F,0
18044,15712,Manjula Murthy,16,F,0
18045,15713,Ganesh Naidu,22,M,0
18046,15714,Kavya Bhat,34,F,0
18047,15715,Geeta Achar,15,F,0
18048,15716,Suresh Reddy,71,M,0
18049,15716,Suresh Shetty,51,M,0
18050,15717,Shobha Iyer,35,F,0
18051,15718,Pooja Patil,59,F,0
18052,15719,Srinivas Murthy,23,M,0
18053,15720,Harish Gowda,35,M,0
18054,15721,Chaya Murthy,14,F,0
18055,15722,Sowmya Naik,47,F,0
18056,15723,Ganesh Shetty,30,M,0
18057,15724,Manjunath Setty,20,M,0
18058,15725,Naveen Achar,58,M,0
18059,15726,Ramesh Achar,55,M,0
18060,15726,Savitha Achar,70,F,0
18061,15727,Naveen Shetty,12,M,0
18062,15728,Mahesh Naidu,29,M,0
18063,15729,Lakshmi Patil,35,F,0
18064,15730,Kumar Naik,64,M,0
18065,15731,Deepa Bhat,5,F,0
18066,15731,Suresh Patil,56,M,0
18067,15732,Shwetha Hegde,58,F,0
18068,15733,Vijay Achar,48,M,0
18069,15734,Ravi Iyer,37,M,0
18070,15735,Anil Bhat,34,M,0
18071,15736,Rekha Murthy,38,F,0
18072,15737,Kavya Patil,70,F,0
18073,15738,Naveen Hegde,61,M,0
18074,15739,Chaya Naik,34,F,0
18075,15739,Lakshmi Naik,5,F,0
18076,15740,Anita Achar,45,F,0
18077,15740,Srinivas Setty,63,M,0
18078,15741,Pooja Rao,64,F,0
18079,15742,Vidya Iyer,24,F,0
18080,15743,Ramesh Bhat,21,M,0
18081,15744,Savitha Kumar,25,F,0
18082,15745,Shobha Iyer,73,F,0
18083,15746,Vijay Setty,26,M,0
18084,15747,Anil Poojary,24,M,0
18085,15748,Pooja Setty,68,F,0
18086,15749,Priya Rao,46,F,0
18087,15750,Lakshmi Murthy,67,F,0
18088,15751,Pooja Setty,33,F,0
18089,15752,Shobha Patil,35,F,0
18090,15753,Roopa Iyer,68,F,0
18091,15754,Shobha Rao,21,F,0
18092,15755,Manjunath Patil,38,M,0
18093,15756,Vijay Achar,16,M,0
18094,15757,Kumar Naik,30,M,0
18095,15758,Ravi Achar,19,M,0
18096,15759,Vijay Reddy,36,M,0
18097,15760,Naveen Naik,12,M,0
18098,15761,Ramesh Naidu,6,M,0
18099,15762,Ganesh Naik,63,M,0
18100,15762,Nagaraj Patil,24,M,0
18101,15763,Manjula Poojary,40,F,0
18102,15764,Ramesh Setty,45,M,0
18103,15765,Raghu Naidu,67,M,0
18104,15766,Rekha Iyer,48,F,0
18105,15767,Basavaraj Rao,17,M,0
18106,15768,Pooja Patil,16,F,0
18107,15768,Shivaraj Hegde,61,M,0
18108,15769,Girish Naidu,67,M,0
18109,15770,Ganesh Naik,26,M,0
18110,15770,Nandini Naik,5,F,0
18111,15771,Ramesh Patil,68,M,0
18112,15772,Raghu Naik,6,M,0
18113,15773,Naveen Murthy,21,M,0
18114,15774,Anita Patil,69,F,0
18115,15775,Shobha Iyer,40,F,0
18116,15776,Srinivas Shetty,44,M,0
18117,15776,Sowmya Shetty,51,F,0
18118,15777,Shivaraj Achar,9,M,0
18119,15777,Manjula Shetty,13,F,0
18120,15778,Suresh Achar,55,M,0
18121,15779,Manjunath Poojary,29,M,0
18122,15779,Ramesh Bhat,46,M,0
18123,15780,Ramesh Naidu,64,M,0
18124,15781,Roopa Naik,13,F,0
18125,15782,Girish Achar,23,M,0
18126,15783,Priya Patil,37,F,0
18127,15784,Kumar Iyer,27,M,0
18128,15785,Girish Reddy,21,M,0
18129,15786,Geeta Kumar,47,F,0
18130,15787,Naveen Setty,51,M,0
18131,15788,Prakash Reddy,58,M,0
18132,15789,Roopa Iyer,23,F,0
18133,15790,Sunita Patil,38,F,0
18134,15791,Ravi Patil,32,M,0
18135,15792,Naveen Patil,41,M,0
18136,15793,Naveen Gowda,73,M,0
18137,15794,Sowmya Patil,67,F,0
18138,15795,Shivaraj Gowda,18,M,0
18139,15796,Yogesh Kumar,53,M,0
18140,15796,Vijay Setty,52,M,0
18141,15797,Shobha Shetty,50,F,0
18142,15797,Manjunath Hegde,49,M,0
18143,15798,Ganesh Rao,11,M,0
18144,15798,Pooja Rao,29,F,0
18145,15799,Naveen Poojary,71,M,0
18146,15800,Shivaraj Achar,47,M,0
18147,15801,Naveen Kumar,28,M,0
18148,15802,Chaya Patil,51,F,0
18149,15803,Srinivas Achar,66,M,0
18150,15804,Shivaraj Reddy,59,M,0
18151,15805,Lakshmi Kumar,43,F,0
18152,15806,Rekha Achar,13,F,0
18153,15807,Raghu Patil,16,M,0
18154,15808,Shivaraj Patil,51,M,0
18155,15809,Basavaraj Patil,6,M,0
18156,15809,Savitha Shetty,28,F,0
18157,15810,Geeta Hegde,71,F,0
18158,15811,Shivaraj Achar,31,M,0
18159,15812,Sunita Setty,16,F,0
18160,15813,Geeta Poojary,59,F,0
18161,15814,Anil Murthy,17,M,0
18162,15815,Mahesh Iyer,47,M,0
18163,15816,Savitha Naidu,47,F,0
18164,15817,Kavya Kumar,29,F,0
18165,15818,Chaya Naik,34,F,0
18166,15818,Savitha Rao,54,F,0
18167,15819,Vijay Bhat,74,M,0
18168,15820,Ravi Patil,9,M,0
18169,15821,Shwetha Naidu,74,F,0
18170,15822,Yogesh Patil,49,M,0
18171,15823,Girish Patil,46,M,0
18172,15824,Kumar Hegde,49,M,0
18173,15825,Pooja Shetty,33,F,0
18174,15825,Rekha Shetty,72,F,0
18175,15826,Nagaraj Shetty,72,M,0
18176,15826,Srinivas Achar,44,M,0
18177,15827,Radha Naik,33,F,0
18178,15828,Priya Bhat,67,F,0
18179,15828,Manjunath Patil,9,M,0
18180,15829,Chaya Setty,52,F,0
18181,15830,Roopa Achar,70,F,0
18182,15831,Savitha Naidu,9,F,0
18183,15832,Deepa Iyer,44,F,0
18184,15833,Harish Naik,7,M,0
18185,15834,Shivaraj Murthy,43,M,0
18186,15834,Manjula Gowda,27,F,0
18187,15835,Sunita Reddy,18,F,0
18188,15836,Naveen Kumar,8,M,0
18189,15837,Srinivas Naidu,74,M,0
18190,15837,Manjula Achar,61,F,0
18191,15838,Bhagya Rao,20,F,0
18192,15839,Rekha Patil,69,F,0
18193,15840,Basavaraj Reddy,34,M,0
18194,15841,Yogesh Bhat,43,M,0
18195,15842,Ravi Naidu,18,M,0
18196,15843,Vijay Murthy,52,M,0
18197,15844,Raghu Reddy,28,M,0
18198,15845,Girish Kumar,74,M,0
18199,15846,Mahesh Naik,49,M,0
18200,15847,Savitha Naik,23,F,0
18201,15848,Manjula Kumar,6,F,0
18202,15849,Sowmya Setty,29,F,0
18203,15850,Lakshmi Shetty,38,F,0
18204,15851,Shwetha Murthy,50,F,0
18205,15852,Manjunath Gowda,9,M,0
18206,15853,Pooja Murthy,16,F,0
18207,15854,Anil Patil,17,M,0
18208,15855,Srinivas Bhat,27,M,0
18209,15856,Harish Poojary,50,M,0
18210,15856,Suresh Poojary,26,M,0
18211,15857,Ganesh Reddy,62,M,0
18212,15858,Anil Shetty,11,M,0
18213,15859,Lakshmi Bhat,7,F,0
18214,15860,Roopa Iyer,58,F,0
18215,15861,Prakash Naidu,48,M,0
18216,15862,Vidya Naik,18,F,0
18217,15862,Shwetha Reddy,37,F,0
18218,15863,Geeta Rao,74,F,0
18219,15864,Santosh Setty,39,M,0
18220,15864,Mahesh Naidu,71,M,0
18221,15865,Naveen Patil,7,M,0
18222,15866,Vijay Shetty,10,M,0
18223,15867,Vijay Setty,17,M,0
18224,15867,Shivaraj Setty,74,M,0
18225,15868,Nagaraj Shetty,69,M,0
18226,15868,Manjunath Rao,26,M,0
18227,15869,Prakash Bhat,31,M,0
18228,15869,Raghu Reddy,11,M,0
18229,15870,Shivaraj Bhat,50,M,0
18230,15871,Basavaraj Murthy,9,M,0
18231,15872,Ganesh Kumar,8,M,0
18232,15873,Prakash Reddy,8,M,0
18233,15874,Nagaraj Gowda,24,M,0
18234,15875,Lakshmi Poojary,6,F,0
18235,15876,Rekha Hegde,32,F,0
18236,15877,Ravi Kumar,21,M,0
18237,15878,Ravi Hegde,65,M,0
18238,15879,Ravi Shetty,10,M,0
18239,15880,Shivaraj Bhat,51,M,0
18240,15881,Geeta Shetty,50,F,0
18241,15882,Santosh Murthy,37,M,0
18242,15883,Anil Bhat,51,M,0
18243,15884,Vijay Naik,23,M,0
18244,15885,Naveen Naik,52,M,0
18245,15886,Ravi Murthy,36,M,0
18246,15886,Lakshmi Setty,72,F,0
18247,15887,Srinivas Naidu,59,M,0
18248,15888,Srinivas Kumar,8,M,0
18249,15889,Manjula Patil,19,F,0
18250,15890,Anil Gowda,56,M,0
18251,15890,Radha Bhat,62,F,0
18252,15891,Geeta Patil,13,F,0
18253,15892,Naveen Gowda,37,M,0
18254,15893,Suresh Reddy,62,M,0
18255,15894,Basavaraj Iyer,52,M,0
18256,15895,Manjula Shetty,66,F,0
18257,15896,Shwetha Shetty,6,F,0
18258,15896,Nandini Setty,29,F,0
18259,15897,Yogesh Reddy,22,M,0
18260,15898,Yogesh Hegde,43,M,0
18261,15898,Kavya Poojary,50,F,0
18262,15899,Shwetha Gowda,56,F,0
18263,15899,Santosh Naik,23,M,0
18264,15900,Pooja Bhat,50,F,0
18265,15901,Nagaraj Gowda,37,M,0
18266,15901,Kumar Setty,7,M,0
18267,15902,Kumar Achar,30,M,0
18268,15903,Ganesh Bhat,44,M,0
18269,15904,Raghu Kumar,49,M,0
18270,15905,Vijay Setty,48,M,0
18271,15906,Lakshmi Iyer,38,F,0
18272,15907,Lakshmi Achar,49,F,0
18273,15908,Raghu Murthy,36,M,0
18274,15909,Basavaraj Achar,54,M,0
18275,15910,Rekha Rao,49,F,0
18276,15911,Sowmya Rao,46,F,0
18277,15912,Harish Patil,32,M,0
18278,15912,Nagaraj Naik,57,M,0
18279,15913,Srinivas Murthy,41,M,0
18280,15914,Chaya Rao,55,F,0
18281,15915,Girish Patil,21,M,0
18282,15916,Manjula Bhat,66,F,0
18283,15916,Shobha Setty,48,F,0
18284,15917,Manjunath Setty,20,M,0
18285,15918,Rekha Achar,46,F,0
18286,15918,Mahesh Achar,19,M,0
18287,15919,Ganesh Iyer,55,M,0
18288,15920,Shwetha Kumar,68,F,0
18289,15921,Manjunath Naidu,17,M,0
18290,15922,Harish Setty,44,M,0
18291,15923,Vijay Murthy,15,M,0
18292,15924,Anil Reddy,73,M,0
18293,15925,Geeta Kumar,15,F,0
18294,15926,Kumar Gowda,15,M,0
18295,15927,Raghu Achar,30,M,0
18296,15928,Sunita Shetty,52,F,0
18297,15929,Shivaraj Murthy,33,M,0
18298,15929,Manjula Kumar,44,F,0
18299,15930,Sowmya Naik,67,F,0
18300,15931,Nagaraj Naik,17,M,0
18301,15931,Nagaraj Bhat,70,M,0
18302,15932,Basavaraj Bhat,43,M,0
18303,15933,Savitha Setty,11,F,0
18304,15934,Manjula Shetty,55,F,0
18305,15935,Mahesh Achar,27,M,0
18306,15936,Radha Kumar,9,F,0
18307,15937,Shobha Reddy,44,F,0
18308,15938,Kumar Rao,34,M,0
18309,15939,Pooja Bhat,18,F,0
18310,15939,Naveen Poojary,32,M,0
18311,15940,Savitha Achar,66,F,0
18312,15941,Kumar Reddy,65,M,0
18313,15942,Suresh Poojary,43,M,0
18314,15943,Harish Bhat,55,M,0
18315,15944,Deepa Hegde,73,F,0
18316,15945,Manjula Achar,41,F,0
18317,15946,Nagaraj Hegde,69,M,0
18318,15946,Kavya Shetty,6,F,0
18319,15947,Shobha Achar,67,F,0
18320,15947,Shivaraj Patil,33,M,0
18321,15948,Naveen Achar,53,M,0
18322,15949,Deepa Iyer,56,F,0
18323,15950,Shwetha Hegde,55,F,0
18324,15951,Srinivas Patil,11,M,0
18325,15952,Kumar Patil,32,M,0
18326,15953,Suresh Iyer,18,M,0
18327,15954,Ramesh Naidu,9,M,0
18328,15955,Chaya Rao,34,F,0
18329,15956,Mahesh Gowda,10,M,0
18330,15956,Lakshmi Patil,6,F,0
18331,15957,Radha Poojary,57,F,0
18332,15958,Prakash Patil,75,M,0
18333,15959,Naveen Rao,55,M,0
18334,15960,Sunita Rao,24,F,0
18335,15960,Srinivas Hegde,49,M,0
18336,15961,Ramesh Poojary,41,M,0
18337,15962,Shivaraj Iyer,50,M,0
18338,15963,Manjunath Shetty,71,M,0
18339,15964,Manjula Poojary,39,F,0
18340,15964,Mahesh Achar,49,M,0
18341,15965,Prakash Rao,71,M,0
18342,15966,Mahesh Patil,15,M,0
18343,15967,Radha Hegde,51,F,0
18344,15968,Ramesh Setty,70,M,0
18345,15969,Roopa Patil,39,F,0
18346,15969,Prakash Reddy,19,M,0
18347,15970,Ravi Murthy,10,M,0
18348,15971,Savitha Naidu,33,F,0
18349,15972,Rekha Naidu,36,F,0
18350,15973,Naveen Kumar,19,M,0
18351,15974,Kumar Bhat,28,M,0
18352,15975,Manjula Bhat,65,F,0
18353,15976,Girish Patil,16,M,0
18354,15977,Chaya Poojary,30,F,0
18355,15978,Srinivas Gowda,38,M,0
18356,15978,Ganesh Achar,52,M,0
18357,15979,Manjula Naik,39,F,0
18358,15980,Harish Gowda,24,M,0
18359,15980,Radha Achar,64,F,0
18360,15981,Suresh Hegde,27,M,0
18361,15982,Anita Achar,53,F,0
18362,15983,Savitha Naidu,49,F,0
18363,15984,Radha Shetty,71,F,0
18364,15985,Prakash Gowda,50,M,0
18365,15986,Shivaraj Shetty,44,M,0
18366,15987,Chaya Iyer,39,F,0
18367,15987,Prakash Naidu,75,M,0
18368,15988,Suresh Hegde,44,M,0
18369,15989,Shwetha Poojary,60,F,0
18370,15990,Girish Achar,13,M,0
18371,15991,Vidya Rao,67,F,0
18372,15992,Srinivas Shetty,55,M,0
18373,15993,Suresh Murthy,55,M,0
18374,15994,Girish Murthy,49,M,0
18375,15994,Radha Reddy,60,F,0
18376,15995,Naveen Setty,5,M,0
18377,15996,Kavya Hegde,25,F,0
18378,15997,Anil Kumar,11,M,0
18379,15998,Geeta Patil,36,F,0
18380,15999,Ganesh Iyer,31,M,0
18381,16000,Ravi Iyer,71,M,0
18382,16001,Girish Reddy,30,M,0
18383,16002,Shwetha Naidu,29,F,0
18384,16003,Prakash Bhat,68,M,0
18385,16004,Priya Patil,6,F,0
18386,16004,Roopa Setty,52,F,0
18387,16005,Srinivas Reddy,17,M,0
18388,16006,Ganesh Naik,18,M,0
18389,16007,Santosh Hegde,23,M,0
18390,16007,Girish Setty,28,M,0
18391,16008,Pooja Setty,54,F,0
18392,16009,Manjula Rao,12,F,0
18393,16010,Deepa Naidu,40,F,0
18394,16011,Nagaraj Bhat,16,M,0
18395,16012,Kavya Kumar,54,F,0
18396,16012,Nandini Patil,40,F,0
18397,16013,Girish Setty,38,M,0
18398,16014,Priya Hegde,21,F,0
18399,16015,Shivaraj Shetty,36,M,0
18400,16016,Radha Patil,41,F,0
18401,16017,Anil Achar,28,M,0
18402,16017,Deepa Shetty,32,F,0
18403,16018,Prakash Rao,55,M,0
18404,16019,Shivaraj Patil,67,M,0
18405,16020,Yogesh Murthy,72,M,0
18406,16021,Ravi Shetty,19,M,0
18407,16022,Sowmya Bhat,48,F,0
18408,16023,Sowmya Kumar,47,F,0
18409,16024,Vijay Hegde,50,M,0
18410,16025,Savitha Setty,38,F,0
18411,16026,Prakash Reddy,49,M,0
18412,16027,Pooja Rao,30,F,0
18413,16028,Kavya Reddy,56,F,0
18414,16029,Naveen Reddy,60,M,0
18415,16030,Santosh Setty,30,M,0
18416,16031,Rekha Achar,60,F,0
18417,16032,Lakshmi Setty,69,F,0
18418,16033,Vijay Reddy,36,M,0
18419,16034,Roopa Kumar,68,F,0
18420,16035,Nandini Hegde,48,F,0
18421,16035,Shwetha Naidu,72,F,0
18422,16036,Ganesh Bhat,16,M,0
18423,16037,Srinivas Rao,13,M,0
18424,16038,Kumar Hegde,21,M,0
18425,16039,Santosh Iyer,32,M,0
18426,16040,Anil Murthy,63,M,0
18427,16041,Nagaraj Gowda,19,M,0
18428,16042,Deepa Poojary,69,F,0
18429,16043,Shwetha Bhat,50,F,0
18430,16044,Nandini Shetty,52,F,0
18431,16045,Ganesh Kumar,46,M,0
18432,16046,Yogesh Hegde,44,M,0
18433,16047,Ramesh Reddy,15,M,0
18434,16047,Yogesh Poojary,70,M,0
18435,16048,Mahesh Kumar,23,M,0
18436,16049,Nandini Naidu,8,F,0
18437,16050,Manjunath Bhat,75,M,0
18438,16050,Radha Naik,21,F,0
18439,16051,Manjula Murthy,69,F,0
18440,16052,Anil Rao,61,M,0
18441,16053,Shobha Patil,16,F,0
18442,16053,Srinivas Achar,73,M,0
18443,16054,Ravi Bhat,60,M,0
18444,16054,Prakash Naik,40,M,0
18445,16055,Ganesh Rao,70,M,0
18446,16056,Lakshmi Setty,38,F,0
18447,16056,Kumar Poojary,37,M,0
18448,16057,Sowmya Bhat,24,F,0
18449,16058,Sowmya Setty,68,F,0
18450,16059,Raghu Naik,18,M,0
18451,16059,Anita Hegde,11,F,0
18452,16060,Sowmya Iyer,34,F,0
18453,16061,Shobha Bhat,62,F,0
18454,16061,Vidya Setty,30,F,0
18455,16062,Harish Gowda,56,M,0
18456,16063,Pooja Achar,63,F,0
18457,16064,Basavaraj Hegde,30,M,0
18458,16065,Chaya Naik,24,F,0
18459,16066,Ravi Rao,39,M,0
18460,16067,Harish Kumar,45,M,0
18461,16067,Roopa Reddy,18,F,0
18462,16068,Geeta Bhat,60,F,0
18463,16069,Shobha Naidu,53,F,0
18464,16070,Bhagya Naik,49,F,0
18465,16071,Nagaraj Murthy,26,M,0
18466,16071,Anil Rao,60,M,0
18467,16072,Anita Bhat,49,F,0
18468,16073,Manjula Kumar,9,F,0
18469,16074,Chaya Shetty,33,F,0
18470,16074,Manjula Bhat,13,F,0
18471,16075,Rekha Patil,36,F,0
18472,16076,Manjula Setty,7,F,0
18473,16077,Nandini Reddy,29,F,0
18474,16077,Yogesh Patil,45,M,0
18475,16078,Manjunath Patil,49,M,0
18476,16079,Ganesh Patil,69,M,0
18477,16080,Ravi Naidu,33,M,0
18478,16081,Ramesh Reddy,49,M,0
18479,16081,Deepa Reddy,53,F,0
18480,16082,Manjunath Murthy,24,M,0
18481,16083,Kavya Patil,31,F,0
18482,16083,Suresh Bhat,18,M,0
18483,16084,Geeta Setty,7,F,0
18484,16085,Manjula Gowda,65,F,0
18485,16086,Nandini Hegde,20,F,0
18486,16087,Chaya Reddy,8,F,0
18487,16088,Manjula Kumar,11,F,0
18488,16089,Harish Shetty,51,M,0
18489,16090,Manjula Naik,46,F,0
18490,16091,Rekha Reddy,65,F,0
18491,16092,Raghu Setty,75,M,0
18492,16093,Raghu Bhat,43,M,0
18493,16093,Anil Reddy,66,M,0
18494,16094,Manjula Rao,26,F,0
18495,16095,Rekha Naidu,70,F,0
18496,16096,Ramesh Murthy,43,M,0
18497,16097,Nandini Reddy,10,F,0
18498,16098,Girish Achar,10,M,0
18499,16099,Deepa Poojary,31,F,0
18500,16100,Geeta Gowda,46,F,0
18501,16100,Bhagya Hegde,55,F,0
18502,16101,Kumar Poojary,40,M,0
18503,16102,Bhagya Murthy,36,F,0
18504,16102,Rekha Bhat,53,F,0
18505,16103,Shwetha Rao,69,F,0
18506,16104,Sunita Kumar,71,F,0
18507,16105,Naveen Kumar,27,M,0
18508,16106,Manjula Iyer,17,F,0
18509,16106,Manjula Hegde,6,F,0
18510,16107,Prakash Iyer,43,M,0
18511,16107,Shivaraj Patil,29,M,0
18512,16108,Kavya Patil,10,F,0
18513,16109,Mahesh Poojary,54,M,0
18514,16110,Lakshmi Bhat,18,F,0
18515,16111,Srinivas Bhat,24,M,0
18516,16112,Sowmya Kumar,13,F,0
18517,16113,Roopa Setty,75,F,0
18518,16114,Radha Setty,62,F,0
18519,16115,Prakash Kumar,43,M,0
18520,16116,Nandini Reddy,41,F,0
18521,16117,Mahesh Patil,44,M,0
18522,16118,Basavaraj Gowda,38,M,0
18523,16119,Anita Hegde,21,F,0
18524,16120,Sowmya Poojary,57,F,0
18525,16121,Shwetha Reddy,28,F,0
18526,16122,Vijay Patil,56,M,0
18527,16123,Naveen Rao,24,M,0
18528,16124,Chaya Shetty,37,F,0
18529,16125,Ramesh Naik,61,M,0
18530,16126,Radha Murthy,66,F,0
18531,16127,Kumar Iyer,37,M,0
18532,16127,Girish Gowda,67,M,0
18533,16128,Kavya Patil,13,F,0
18534,16129,Raghu Poojary,60,M,0
18535,16129,Radha Achar,72,F,0
18536,16130,Basavaraj Murthy,63,M,0
18537,16131,Priya Reddy,35,F,0
18538,16132,Lakshmi Naidu,14,F,0
18539,16133,Deepa Achar,18,F,0
18540,16133,Vidya Murthy,40,F,0
18541,16134,Priya Kumar,56,F,0
18542,16135,Radha Naik,57,F,0
18543,16136,Vidya Hegde,32,F,0
18544,16137,Ramesh Naik,22,M,0
18545,16138,Ramesh Murthy,22,M,0
18546,16139,Anil Achar,27,M,0
18547,16140,Ganesh Murthy,5,M,0
18548,16141,Raghu Poojary,5,M,0
18549,16142,Nagaraj Bhat,37,M,0
18550,16143,Kumar Patil,55,M,0
18551,16143,Chaya Kumar,70,F,0
18552,16144,Mahesh Rao,8,M,0
18553,16145,Ramesh Achar,74,M,0
18554,16146,Ravi Naidu,70,M,0
18555,16147,Lakshmi Naidu,10,F,0
18556,16148,Rekha Shetty,13,F,0
18557,16149,Chaya Poojary,9,F,0
18558,16150,Anil Kumar,50,M,0
18559,16151,Ramesh Shetty,46,M,0
18560,16152,Yogesh Setty,15,M,0
18561,16153,Shobha Naik,49,F,0
18562,16154,Naveen Achar,23,M,0
18563,16155,Girish Shetty,75,M,0
18564,16156,Yogesh Iyer,64,M,0
18565,16156,Manjula Achar,25,F,0
18566,16157,Lakshmi Patil,65,F,0
18567,16158,Shobha Naidu,72,F,0
18568,16159,Vidya Rao,20,F,0
18569,16160,Vijay Reddy,61,M,0
18570,16161,Shobha Kumar,28,F,0
18571,16162,Basavaraj Kumar,47,M,0
18572,16163,Shwetha Poojary,71,F,0
18573,16163,Naveen Hegde,15,M,0
18574,16164,Geeta Reddy,49,F,0
18575,16165,Raghu Shetty,58,M,0
18576,16166,Chaya Naidu,43,F,0
18577,16167,Anita Bhat,34,F,0
18578,16168,Sowmya Rao,63,F,0
18579,16169,Srinivas Hegde,36,M,0
18580,16169,Manjunath Hegde,52,M,0
18581,16170,Ramesh Murthy,50,M,0
18582,16171,Priya Naik,28,F,0
18583,16172,Ganesh Achar,60,M,0
18584,16173,Sowmya Achar,18,F,0
18585,16173,Vijay Reddy,19,M,0
18586,16174,Srinivas Shetty,72,M,0
18587,16175,Pooja Setty,73,F,0
18588,16176,Harish Naik,59,M,0
18589,16177,Shivaraj Naidu,53,M,0
18590,16178,Nandini Gowda,47,F,0
18591,16179,Ramesh Kumar,52,M,0
18592,16180,Mahesh Hegde,73,M,0
18593,16181,Vidya Hegde,55,F,0
18594,16182,Geeta Achar,11,F,0
18595,16183,Girish Bhat,51,M,0
18596,16184,Harish Naidu,62,M,0
18597,16185,Ravi Bhat,6,M,0
18598,16186,Ramesh Naik,19,M,0
18599,16186,Deepa Achar,39,F,0
18600,16187,Girish Reddy,41,M,0
18601,16187,Kumar Achar,40,M,0
18602,16188,Priya Setty,31,F,0
18603,16189,Vijay Poojary,7,M,0
18604,16189,Lakshmi Gowda,70,F,0
18605,16190,Savitha Shetty,13,F,0
18606,16191,Basavaraj Kumar,26,M,0
18607,16192,Rekha Rao,49,F,0
18608,16193,Anil Achar,61,M,0
18609,16193,Shwetha Reddy,38,F,0
18610,16194,Shobha Rao,50,F,0
18611,16195,Sunita Naidu,13,F,0
18612,16196,Girish Iyer,40,M,0
18613,16197,Shwetha Poojary,15,F,0
18614,16198,Nandini Kumar,41,F,0
18615,16199,Radha Setty,50,F,0
18616,16200,Naveen Bhat,51,M,0
18617,16201,Ravi Naidu,74,M,0
18618,16202,Raghu Shetty,46,M,0
18619,16203,Ravi Naidu,39,M,0
18620,16204,Basavaraj Gowda,9,M,0
18621,16205,Naveen Reddy,9,M,0
18622,16206,Ramesh Rao,58,M,0
18623,16207,Anil Kumar,75,M,0
18624,16208,Chaya Bhat,36,F,0
18625,16209,Nagaraj Naidu,69,M,0
18626,16209,Prakash Reddy,45,M,0
18627,16210,Naveen Reddy,65,M,0
18628,16211,Shivaraj Murthy,54,M,0
18629,16212,Anita Rao,43,F,0
18630,16213,Geeta Gowda,30,F,0
18631,16213,Vidya Kumar,23,F,0
18632,16214,Nandini Naidu,55,F,0
18633,16215,Savitha Naidu,8,F,0
18634,16216,Kavya Patil,32,F,0
18635,16216,Ganesh Reddy,32,M,0
18636,16217,Sowmya Rao,75,F,0
18637,16218,Santosh Bhat,50,M,0
18638,16218,Nandini Gowda,5,F,0
18639,16219,Manjunath Gowda,58,M,0
18640,16220,Nandini Shetty,32,F,0
18641,16221,Pooja Murthy,27,F,0
18642,16222,Nandini Rao,46,F,0
18643,16223,Mahesh Hegde,10,M,0
18644,16223,Nagaraj Rao,42,M,0
18645,16224,Harish Setty,67,M,0
18646,16225,Basavaraj Naik,53,M,0
18647,16225,Ramesh Naik,45,M,0
18648,16226,Kumar Naik,10,M,0
18649,16227,Anita Patil,18,F,0
18650,16228,Mahesh Patil,64,M,0
18651,16229,Manjunath Murthy,68,M,0
18652,16230,Shobha Bhat,75,F,0
18653,16231,Naveen Achar,37,M,0
18654,16232,Priya Iyer,48,F,0
18655,16233,Nandini Patil,13,F,0
18656,16234,Nandini Poojary,33,F,0
18657,16234,Manjula Kumar,36,F,0
18658,16235,Naveen Poojary,26,M,0
18659,16236,Nagaraj Iyer,31,M,0
18660,16237,Srinivas Rao,42,M,0
18661,16237,Radha Murthy,68,F,0
18662,16238,Anita Murthy,19,F,0
18663,16239,Nagaraj Reddy,25,M,0
18664,16240,Ramesh Hegde,52,M,0
18665,16241,Lakshmi Setty,53,F,0
18666,16242,Shobha Murthy,39,F,0
18667,16243,Pooja Hegde,33,F,0
18668,16244,Ramesh Reddy,40,M,0
18669,16245,Chaya Naidu,24,F,0
18670,16245,Mahesh Gowda,43,M,0
18671,16246,Mahesh Naik,41,M,0
18672,16247,Pooja Shetty,65,F,0
18673,16248,Anil Setty,12,M,0
18674,16249,Ravi Achar,74,M,0
18675,16249,Mahesh Bhat,13,M,0
18676,16250,Bhagya Naik,70,F,0
18677,16250,Basavaraj Shetty,61,M,0
18678,16251,Mahesh Kumar,58,M,0
18679,16252,Manjula Reddy,66,F,0
18680,16253,Sunita Rao,43,F,0
18681,16254,Girish Iyer,39,M,0
18682,16254,Vijay Rao,37,M,0
18683,16255,Srinivas Naik,55,M,0
18684,16256,Ramesh Achar,51,M,0
18685,16257,Vijay Reddy,42,M,0
18686,16258,Rekha Rao,58,F,0
18687,16259,Savitha Rao,26,F,0
18688,16260,Kavya Naik,42,F,0
18689,16261,Bhagya Achar,16,F,0
18690,16262,Anita Achar,35,F,0
18691,16263,Sunita Gowda,69,F,0
18692,16264,Pooja Naidu,6,F,0
18693,16265,Roopa Poojary,38,F,0
18694,16265,Vidya Bhat,48,F,0
18695,16266,Manjunath Iyer,56,M,0
18696,16267,Manjula Gowda,40,F,0
18697,16268,Geeta Poojary,9,F,0
18698,16269,Anita Gowda,35,F,0
18699,16270,Harish Shetty,55,M,0
18700,16271,Kumar Bhat,27,M,0
18701,16272,Prakash Iyer,7,M,0
18702,16273,Harish Bhat,43,M,0
18703,16274,Manjunath Bhat,59,M,0
18704,16275,Vijay Iyer,42,M,0
18705,16276,Srinivas Achar,40,M,0
18706,16277,Lakshmi Reddy,43,F,0
18707,16278,Shwetha Shetty,73,F,0
18708,16279,Shobha Naik,22,F,0
18709,16280,Harish Hegde,27,M,0
18710,16281,Basavaraj Iyer,26,M,0
18711,16282,Basavaraj Murthy,7,M,0
18712,16282,Ravi Shetty,54,M,0
18713,16283,Kumar Hegde,39,M,0
18714,16284,Raghu Gowda,57,M,0
18715,16285,Nandini Iyer,13,F,0
18716,16286,Pooja Gowda,67,F,0
18717,16287,Anita Bhat,10,F,0
18718,16288,Savitha Hegde,28,F,0
18719,16289,Geeta Rao,74,F,0
18720,16290,Pooja Achar,67,F,0
18721,16291,Manjunath Reddy,27,M,0
18722,16292,Prakash Iyer,38,M,0
18723,16293,Nandini Iyer,16,F,0
18724,16294,Yogesh Naik,69,M,0
18725,16295,Ramesh Naik,8,M,0
18726,16296,Shwetha Naidu,8,F,0
18727,16297,Raghu Patil,35,M,0
18728,16298,Santosh Rao,26,M,0
18729,16299,Radha Murthy,66,F,0
18730,16300,Manjunath Gowda,27,M,0
18731,16301,Nagaraj Patil,48,M,0
18732,16302,Shobha Achar,50,F,0
18733,16302,Naveen Setty,41,M,0
18734,16303,Basavaraj Patil,27,M,0
18735,16304,Srinivas Kumar,74,M,0
18736,16305,Ramesh Bhat,45,M,0
18737,16306,Vijay Reddy,73,M,0
18738,16307,Deepa Setty,35,F,0
18739,16308,Mahesh Gowda,51,M,0
18740,16309,Anil Naidu,62,M,0
18741,16310,Rekha Murthy,16,F,0
18742,16311,Pooja Patil,16,F,0
18743,16312,Ramesh Reddy,40,M,0
18744,16312,Manjunath Poojary,37,M,0
18745,16313,Raghu Rao,26,M,0
18746,16313,Lakshmi Rao,35,F,0
18747,16314,Manjunath Hegde,68,M,0
18748,16315,Ganesh Bhat,66,M,0
18749,16316,Roopa Reddy,38,F,0
18750,16317,Manjula Poojary,11,F,0
18751,16318,Lakshmi Rao,44,F,0
18752,16319,Chaya Naik,10,F,0
18753,16320,Sunita Gowda,63,F,0
18754,16320,Prakash Hegde,11,M,0
18755,16321,Basavaraj Murthy,38,M,0
18756,16322,Shwetha Bhat,44,F,0
18757,16323,Girish Poojary,34,M,0
18758,16324,Deepa Murthy,75,F,0
18759,16325,Raghu Iyer,19,M,0
18760,16326,Bhagya Shetty,67,F,0
18761,16326,Chaya Rao,64,F,0
18762,16327,Basavaraj Murthy,18,M,0
18763,16328,Savitha Reddy,41,F,0
18764,16329,Ramesh Iyer,27,M,0
18765,16330,Ganesh Reddy,37,M,0
18766,16330,Manjunath Bhat,45,M,0
18767,16331,Mahesh Gowda,15,M,0
18768,16332,Bhagya Poojary,8,F,0
18769,16333,Basavaraj Bhat,73,M,0
18770,16334,Vidya Hegde,27,F,0
18771,16335,Savitha Bhat,12,F,0
18772,16336,Pooja Shetty,23,F,0
18773,16337,Deepa Reddy,35,F,0
18774,16338,Ramesh Kumar,62,M,0
18775,16339,Prakash Kumar,59,M,0
18776,16340,Nagaraj Naidu,32,M,0
18777,16341,Prakash Iyer,28,M,0
18778,16342,Nandini Kumar,8,F,0
18779,16343,Shwetha Shetty,53,F,0
18780,16344,Kumar Poojary,31,M,0
18781,16345,Ganesh Patil,71,M,0
18782,16346,Rekha Gowda,29,F,0
18783,16347,Pooja Naidu,61,F,0
18784,16348,Vidya Patil,42,F,0
18785,16349,Yogesh Patil,29,M,0
18786,16350,Nagaraj Bhat,16,M,0
18787,16350,Ganesh Patil,51,M,0
18788,16351,Naveen Shetty,70,M,0
18789,16352,Lakshmi Achar,68,F,0
18790,16353,Shwetha Rao,15,F,0
18791,16354,Savitha Naidu,70,F,0
18792,16355,Yogesh Poojary,28,M,0
18793,16356,Geeta Naik,51,F,0
18794,16357,Suresh Naik,71,M,0
18795,16358,Sowmya Shetty,35,F,0
18796,16359,Vijay Setty,55,M,0
18797,16360,Bhagya Rao,6,F,0
18798,16361,Radha Rao,72,F,0
18799,16362,Sunita Murthy,44,F,0
18800,16363,Kavya Naik,58,F,0
18801,16364,Geeta Gowda,65,F,0
18802,16365,Santosh Murthy,45,M,0
18803,16366,Shobha Poojary,57,F,0
18804,16367,Shwetha Reddy,39,F,0
18805,16368,Kavya Gowda,26,F,0
18806,16369,Ramesh Shetty,22,M,0
18807,16370,Geeta Achar,27,F,0
18808,16371,Ganesh Naidu,62,M,0
18809,16372,Yogesh Kumar,19,M,0
18810,16373,Anita Shetty,75,F,0
18811,16374,Prakash Reddy,27,M,0
18812,16375,Shobha Patil,8,F,0
18813,16376,Pooja Bhat,35,F,0
18814,16377,Roopa Achar,30,F,0
18815,16377,Shobha Setty,38,F,0
18816,16378,Raghu Gowda,58,M,0
18817,16378,Raghu Achar,7,M,0
18818,16379,Roopa Shetty,65,F,0
18819,16380,Mahesh Murthy,16,M,0
18820,16381,Nagaraj Hegde,32,M,0
18821,16382,Vidya Shetty,63,F,0
18822,16383,Shivaraj Shetty,7,M,0
18823,16384,Shobha Kumar,37,F,0
18824,16385,Shobha Shetty,63,F,0
18825,16386,Naveen Murthy,68,M,0
18826,16386,Nagaraj Kumar,8,M,0
18827,16387,Prakash Patil,32,M,0
18828,16387,Ramesh Iyer,52,M,0
18829,16388,Savitha Bhat,70,F,0
18830,16389,Shobha Achar,51,F,0
18831,16390,Kumar Kumar,7,M,0
18832,16391,Manjula Kumar,33,F,0
18833,16392,Nandini Naidu,39,F,0
18834,16393,Shwetha Poojary,19,F,0
18835,16394,Vidya Naik,70,F,0
18836,16394,Shobha Naik,36,F,0
18837,16395,Geeta Patil,33,F,0
18838,16396,Girish Bhat,36,M,0
18839,16397,Priya Naik,20,F,0
18840,16398,Sunita Naidu,7,F,0
18841,16399,Kavya Achar,61,F,0
18842,16400,Vijay Kumar,48,M,0
18843,16400,Sowmya Poojary,27,F,0
18844,16401,Ramesh Rao,61,M,0
18845,16402,Srinivas Naidu,67,M,0
18846,16403,Manjula Shetty,22,F,0
18847,16404,Kumar Naik,12,M,0
18848,16405,Nandini Kumar,8,F,0
18849,16406,Basavaraj Achar,31,M,0
18850,16407,Radha Poojary,18,F,0
18851,16408,Ganesh Patil,21,M,0
18852,16409,Lakshmi Bhat,22,F,0
18853,16410,Shobha Naidu,49,F,0
18854,16411,Yogesh Gowda,72,M,0
18855,16412,Lakshmi Patil,6,F,0
18856,16413,Naveen Poojary,53,M,0
18857,16414,Kumar Naidu,24,M,0
18858,16415,Girish Hegde,12,M,0
18859,16416,Santosh Patil,9,M,0
18860,16417,Shobha Setty,39,F,0
18861,16418,Lakshmi Gowda,53,F,0
18862,16419,Lakshmi Naidu,13,F,0
18863,16420,Kumar Shetty,6,M,0
18864,16421,Pooja Reddy,73,F,0
18865,16422,Anita Gowda,62,F,0
18866,16423,Roopa Achar,39,F,0
18867,16424,Srinivas Rao,69,M,0
18868,16425,Prakash Naik,41,M,0
18869,16425,Kumar Naik,9,M,0
18870,16426,Ravi Bhat,36,M,0
18871,16427,Nandini Naik,58,F,0
18872,16428,Santosh Naik,68,M,0
18873,16429,Anita Setty,73,F,0
18874,16430,Radha Shetty,24,F,0
18875,16430,Kavya Kumar,73,F,0
18876,16431,Manjula Achar,60,F,0
18877,16432,Anita Naik,25,F,0
18878,16433,Suresh Kumar,36,M,0
18879,16434,Manjunath Achar,56,M,0
18880,16435,Harish Murthy,66,M,0
18881,16436,Priya Rao,65,F,0
18882,16437,Sunita Naidu,29,F,0
18883,16438,Ganesh Bhat,40,M,0
18884,16439,Shivaraj Murthy,29,M,0
18885,16440,Ravi Murthy,29,M,0
18886,16441,Anita Bhat,59,F,0
18887,16442,Manjunath Naidu,30,M,0
18888,16442,Basavaraj Gowda,42,M,0
18889,16443,Ramesh Bhat,39,M,0
18890,16444,Manjula Rao,47,F,0
18891,16445,Shwetha Gowda,68,F,0
18892,16446,Ravi Naik,16,M,0
18893,16447,Roopa Hegde,15,F,0
18894,16448,Santosh Hegde,25,M,0
18895,16449,Ravi Bhat,68,M,0
18896,16450,Manjunath Rao,49,M,0
18897,16451,Ramesh Kumar,57,M,0
18898,16452,Geeta Bhat,69,F,0
18899,16453,Prakash Poojary,63,M,0
18900,16454,Suresh Gowda,21,M,0
18901,16455,Kavya Achar,9,F,0
18902,16455,Manjula Setty,19,F,0
18903,16456,Shobha Reddy,14,F,0
18904,16457,Lakshmi Rao,69,F,0
18905,16458,Lakshmi Kumar,59,F,0
18906,16459,Shwetha Rao,11,F,0
18907,16460,Nagaraj Rao,33,M,0
18908,16461,Yogesh Achar,23,M,0
18909,16462,Shobha Rao,49,F,0
18910,16463,Shobha Naik,9,F,0
18911,16464,Sunita Shetty,48,F,0
18912,16465,Lakshmi Kumar,25,F,0
18913,16466,Vijay Kumar,17,M,0
18914,16467,Kavya Gowda,11,F,0
18915,16468,Anita Gowda,68,F,0
18916,16469,Shwetha Poojary,38,F,0
18917,16470,Yogesh Murthy,41,M,0
18918,16471,Ramesh Poojary,59,M,0
18919,16472,Ravi Shetty,40,M,0
18920,16473,Prakash Gowda,54,M,0
18921,16474,Manjula Poojary,5,F,0
18922,16475,Kumar Bhat,33,M,0
18923,16476,Bhagya Setty,9,F,0
18924,16477,Raghu Rao,67,M,0
18925,16478,Shivaraj Shetty,44,M,0
18926,16479,Manjunath Naik,32,M,0
18927,16480,Geeta Gowda,38,F,0
18928,16481,Nandini Achar,21,F,0
18929,16482,Girish Shetty,72,M,0
18930,16483,Savitha Poojary,66,F,0
18931,16483,Prakash Poojary,51,M,0
18932,16484,Harish Achar,49,M,0
18933,16485,Naveen Rao,44,M,0
18934,16486,Sowmya Reddy,32,F,0
18935,16487,Srinivas Murthy,33,M,0
18936,16488,Bhagya Kumar,70,F,0
18937,16488,Srinivas Reddy,28,M,0
18938,16489,Lakshmi Patil,64,F,0
18939,16490,Anita Patil,68,F,0
18940,16491,Kumar Setty,69,M,0
18941,16491,Sowmya Murthy,32,F,0
18942,16492,Raghu Poojary,33,M,0
18943,16493,Girish Iyer,7,M,0
18944,16494,Vidya Gowda,68,F,0
18945,16495,Ramesh Gowda,57,M,0
18946,16496,Shivaraj Naidu,53,M,0
18947,16497,Raghu Bhat,73,M,0
18948,16498,Anil Iyer,69,M,0
18949,16499,Bhagya Reddy,42,F,0
18950,16500,Yogesh Reddy,73,M,0
18951,16501,Ramesh Rao,57,M,0
18952,16502,Sunita Shetty,35,F,0
18953,16503,Shwetha Gowda,32,F,0
18954,16504,Manjunath Iyer,64,M,0
18955,16505,Yogesh Setty,44,M,0
18956,16506,Ramesh Setty,34,M,0
18957,16506,Chaya Rao,68,F,0
18958,16507,Chaya Shetty,14,F,0
18959,16508,Radha Hegde,6,F,0
18960,16509,Priya Naik,63,F,0
18961,16510,Shivaraj Poojary,56,M,0
18962,16511,Shobha Rao,29,F,0
18963,16512,Savitha Poojary,53,F,0
18964,16513,Deepa Poojary,55,F,0
18965,16514,Geeta Kumar,43,F,0
18966,16515,Anita Poojary,12,F,0
18967,16516,Pooja Naik,22,F,0
18968,16517,Shwetha Achar,60,F,0
18969,16518,Radha Patil,42,F,0
18970,16519,Geeta Murthy,40,F,0
18971,16519,Vidya Setty,72,F,0
18972,16520,Ganesh Setty,40,M,0
18973,16521,Ramesh Rao,5,M,0
18974,16521,Shobha Hegde,50,F,0
18975,16522,Shobha Patil,47,F,0
18976,16523,Rekha Gowda,45,F,0
18977,16524,Nandini Shetty,49,F,0
18978,16525,Santosh Bhat,45,M,0
18979,16526,Bhagya Shetty,41,F,0
18980,16527,Manjula Bhat,42,F,0
18981,16528,Bhagya Patil,69,F,0
18982,16529,Anil Naidu,7,M,0
18983,16529,Shobha Kumar,70,F,0
18984,16530,Harish Shetty,58,M,0
18985,16530,Ravi Setty,73,M,0
18986,16531,Ramesh Setty,17,M,0
18987,16532,Savitha Hegde,67,F,0
18988,16533,Santosh Patil,17,M,0
18989,16534,Girish Murthy,39,M,0
18990,16535,Anil Rao,32,M,0
18991,16536,Kavya Bhat,16,F,0
18992,16537,Ganesh Patil,56,M,0
18993,16538,Santosh Shetty,6,M,0
18994,16539,Mahesh Gowda,54,M,0
18995,16540,Nandini Naik,74,F,0
18996,16541,Prakash Bhat,62,M,0
18997,16542,Lakshmi Setty,69,F,0
18998,16543,Nandini Kumar,73,F,0
18999,16544,Anil Gowda,21,M,0
19000,16545,Srinivas Gowda,21,M,0
19001,16545,Vijay Hegde,63,M,0
19002,16546,Raghu Iyer,62,M,0
19003,16547,Kavya Reddy,20,F,0
19004,16548,Yogesh Rao,22,M,0
19005,16549,Mahesh Bhat,45,M,0
19006,16550,Manjula Poojary,27,F,0
19007,16551,Srinivas Naik,45,M,0
19008,16552,Raghu Setty,16,M,0
19009,16552,Naveen Patil,32,M,0
19010,16553,Harish Murthy,32,M,0
19011,16554,Savitha Hegde,20,F,0
19012,16555,Nandini Setty,51,F,0
19013,16556,Raghu Setty,10,M,0
19014,16557,Pooja Naidu,24,F,0
19015,16558,Radha Naik,57,F,0
19016,16559,Roopa Gowda,14,F,0
19017,16560,Chaya Naik,65,F,0
19018,16561,Bhagya Iyer,57,F,0
19019,16562,Naveen Kumar,17,M,0
19020,16563,Manjula Bhat,42,F,0
19021,16564,Nagaraj Bhat,7,M,0
19022,16565,Rekha Rao,28,F,0
19023,16566,Raghu Gowda,72,M,0
19024,16567,Manjunath Setty,52,M,0
19025,16568,Shobha Reddy,37,F,0
19026,16569,Ganesh Poojary,48,M,0
19027,16570,Sunita Achar,39,F,0
19028,16570,Shobha Murthy,55,F,0
19029,16571,Lakshmi Gowda,44,F,0
19030,16572,Sowmya Patil,8,F,0
19031,16573,Nandini Hegde,10,F,0
19032,16574,Shivaraj Kumar,72,M,0
19033,16575,Savitha Naidu,16,F,0
19034,16576,Savitha Shetty,36,F,0
19035,16577,Nagaraj Setty,73,M,0
19036,16578,Vidya Reddy,37,F,0
19037,16579,Raghu Hegde,25,M,0
19038,16580,Ganesh Murthy,30,M,0
19039,16581,Savitha Shetty,69,F,0
19040,16582,Kavya Kumar,25,F,0
19041,16583,Shivaraj Reddy,24,M,0
19042,16584,Ramesh Setty,33,M,0
19043,16585,Yogesh Reddy,14,M,0
19044,16586,Santosh Poojary,51,M,0
19045,16587,Lakshmi Bhat,74,F,0
19046,16588,Prakash Setty,30,M,0
19047,16589,Geeta Reddy,19,F,0
19048,16590,Manjula Naik,30,F,0
19049,16591,Vijay Poojary,70,M,0
19050,16592,Ravi Patil,17,M,0
19051,16592,Geeta Setty,64,F,0
19052,16593,Kumar Hegde,6,M,0
19053,16594,Rekha Naik,24,F,0
19054,16595,Naveen Kumar,71,M,0
19055,16596,Kavya Patil,40,F,0
19056,16597,Geeta Poojary,36,F,0
19057,16597,Manjula Shetty,8,F,0
19058,16598,Pooja Reddy,36,F,0
19059,16599,Mahesh Kumar,68,M,0
19060,16600,Yogesh Setty,30,M,0
19061,16601,Chaya Poojary,45,F,0
19062,16602,Raghu Rao,47,M,0
19063,16603,Basavaraj Bhat,58,M,0
19064,16604,Sowmya Naik,7,F,0
19065,16605,Manjunath Kumar,30,M,0
19066,16606,Yogesh Rao,67,M,0
19067,16606,Anil Rao,17,M,0
19068,16607,Savitha Reddy,56,F,0
19069,16608,Suresh Iyer,17,M,0
19070,16609,Raghu Rao,42,M,0
19071,16610,Vidya Bhat,36,F,0
19072,16611,Roopa Hegde,6,F,0
19073,16612,Anil Iyer,61,M,0
19074,16613,Vidya Reddy,69,F,0
19075,16614,Lakshmi Setty,74,F,0
19076,16615,Basavaraj Gowda,50,M,0
19077,16616,Shobha Murthy,14,F,0
19078,16617,Geeta Achar,66,F,0
19079,16618,Suresh Naidu,64,M,0
19080,16619,Ravi Iyer,58,M,0
19081,16620,Nagaraj Gowda,25,M,0
19082,16621,Vidya Kumar,32,F,0
19083,16622,Ramesh Naik,66,M,0
19084,16623,Girish Naik,68,M,0
19085,16624,Ganesh Iyer,30,M,0
19086,16624,Suresh Reddy,19,M,0
19087,16625,Vidya Patil,6,F,0
19088,16626,Nandini Shetty,39,F,0
19089,16627,Prakash Poojary,73,M,0
19090,16627,Lakshmi Rao,51,F,0
19091,16628,Anita Gowda,36,F,0
19092,16628,Naveen Iyer,13,M,0
19093,16629,Vidya Hegde,11,F,0
19094,16630,Sowmya Gowda,51,F,0
19095,16631,Santosh Patil,65,M,0
19096,16632,Rekha Patil,32,F,0
19097,16633,Pooja Setty,48,F,0
19098,16634,Mahesh Achar,17,M,0
19099,16635,Girish Murthy,50,M,0
19100,16635,Deepa Bhat,33,F,0
19101,16636,Mahesh Naidu,45,M,0
19102,16637,Savitha Gowda,7,F,0
19103,16638,Shobha Iyer,49,F,0
19104,16639,Shwetha Achar,17,F,0
19105,16640,Prakash Shetty,52,M,0
19106,16641,Vidya Naidu,27,F,0
19107,16642,Geeta Shetty,49,F,0
19108,16643,Priya Bhat,74,F,0
19109,16644,Girish Bhat,62,M,0
19110,16644,Radha Rao,18,F,0
19111,16645,Pooja Reddy,30,F,0
19112,16646,Pooja Rao,21,F,0
19113,16647,Mahesh Bhat,36,M,0
19114,16648,Ganesh Bhat,29,M,0
19115,16649,Ganesh Naidu,18,M,0
19116,16649,Yogesh Hegde,32,M,0
19117,16650,Priya Achar,26,F,0
19118,16651,Ramesh Bhat,48,M,0
19119,16652,Nagaraj Bhat,32,M,0
19120,16653,Anil Patil,21,M,0
19121,16654,Ravi Iyer,44,M,0
19122,16654,Shobha Achar,16,F,0
19123,16655,Bhagya Kumar,8,F,0
19124,16656,Shobha Reddy,35,F,0
19125,16656,Sunita Iyer,34,F,0
19126,16657,Kavya Achar,8,F,0
19127,16658,Kumar Reddy,5,M,0
19128,16659,Deepa Patil,40,F,0
19129,16660,Radha Achar,40,F,0
19130,16660,Anil Iyer,12,M,0
19131,16661,Ramesh Iyer,13,M,0
19132,16662,Sowmya Rao,12,F,0
19133,16663,Santosh Iyer,7,M,0
19134,16664,Ramesh Murthy,48,M,0
19135,16665,Roopa Kumar,21,F,0
19136,16666,Vijay Patil,56,M,0
19137,16667,Geeta Kumar,39,F,0
19138,16668,Manjunath Naik,7,M,0
19139,16669,Harish Achar,14,M,0
19140,16670,Kumar Reddy,20,M,0
19141,16671,Nandini Reddy,33,F,0
19142,16672,Basavaraj Reddy,38,M,0
19143,16673,Lakshmi Murthy,11,F,0
19144,16674,Roopa Murthy,46,F,0
19145,16675,Manjula Poojary,50,F,0
19146,16676,Vijay Setty,7,M,0
19147,16677,Kumar Bhat,66,M,0
19148,16678,Prakash Gowda,42,M,0
19149,16678,Anita Setty,6,F,0
19150,16679,Vijay Reddy,66,M,0
19151,16680,Prakash Shetty,12,M,0
19152,16681,Sunita Patil,38,F,0
19153,16682,Savitha Achar,47,F,0
19154,16683,Chaya Gowda,11,F,0
19155,16684,Santosh Setty,23,M,0
19156,16685,Lakshmi Gowda,14,F,0
19157,16686,Ganesh Bhat,33,M,0
19158,16687,Ganesh Naidu,29,M,0
19159,16688,Nandini Naik,51,F,0
19160,16689,Sunita Setty,29,F,0
19161,16690,Geeta Patil,19,F,0
19162,16691,Ramesh Patil,16,M,0
19163,16692,Mahesh Rao,9,M,0
19164,16693,Raghu Kumar,46,M,0
19165,16694,Yogesh Setty,16,M,0
19166,16694,Chaya Naidu,56,F,0
19167,16695,Raghu Kumar,45,M,0
19168,16695,Basavaraj Hegde,5,M,0
19169,16696,Priya Iyer,68,F,0
19170,16697,Manjunath Shetty,28,M,0
19171,16697,Harish Hegde,39,M,0
19172,16698,Yogesh Kumar,7,M,0
19173,16699,Bhagya Achar,19,F,0
19174,16700,Vidya Gowda,9,F,0
19175,16701,Geeta Naik,33,F,0
19176,16701,Bhagya Reddy,16,F,0
19177,16702,Suresh Reddy,20,M,0
19178,16703,Vijay Hegde,17,M,0
19179,16704,Manjunath Naik,50,M,0
19180,16705,Geeta Naik,75,F,0
19181,16706,Pooja Naik,13,F,0
19182,16706,Mahesh Iyer,32,M,0
19183,16707,Radha Reddy,61,F,0
19184,16707,Chaya Setty,31,F,0
19185,16708,Geeta Iyer,58,F,0
19186,16708,Anita Iyer,53,F,0
19187,16709,Priya Reddy,60,F,0
19188,16709,Vijay Reddy,21,M,0
19189,16710,Radha Naidu,39,F,0
19190,16711,Harish Hegde,52,M,0
19191,16712,Ramesh Poojary,23,M,0
19192,16713,Deepa Murthy,62,F,0
19193,16714,Radha Achar,14,F,0
19194,16715,Rekha Murthy,10,F,0
19195,16715,Vijay Naik,17,M,0
19196,16716,Sowmya Hegde,15,F,0
19197,16717,Pooja Naidu,41,F,0
19198,16718,Deepa Iyer,50,F,0
19199,16719,Sowmya Naidu,73,F,0
19200,16720,Nagaraj Bhat,65,M,0
19201,16721,Mahesh Shetty,64,M,0
19202,16722,Geeta Shetty,29,F,0
19203,16723,Sowmya Patil,47,F,0
19204,16724,Sowmya Shetty,36,F,0
19205,16725,Naveen Kumar,61,M,0
19206,16725,Lakshmi Bhat,41,F,0
19207,16726,Roopa Achar,17,F,0
19208,16727,Shivaraj Shetty,24,M,0
19209,16727,Savitha Hegde,12,F,0
19210,16728,Manjula Kumar,5,F,0
19211,16728,Shivaraj Shetty,51,M,0
19212,16729,Shobha Rao,21,F,0
19213,16730,Harish Poojary,69,M,0
19214,16731,Vijay Kumar,20,M,0
19215,16732,Ramesh Iyer,30,M,0
19216,16733,Priya Gowda,27,F,0
19217,16734,Bhagya Poojary,66,F,0
19218,16735,Roopa Achar,35,F,0
19219,16736,Lakshmi Bhat,40,F,0
19220,16737,Chaya Hegde,50,F,0
19221,16738,Shwetha Murthy,11,F,0
19222,16739,Vijay Hegde,60,M,0
19223,16739,Ramesh Patil,37,M,0
19224,16740,Chaya Murthy,34,F,0
19225,16740,Anita Gowda,52,F,0
19226,16741,Girish Murthy,66,M,0
19227,16742,Rekha Bhat,72,F,0
19228,16743,Sowmya Setty,13,F,0
19229,16744,Mahesh Hegde,55,M,0
19230,16745,Santosh Hegde,53,M,0
19231,16745,Radha Shetty,47,F,0
19232,16746,Santosh Gowda,11,M,0
19233,16747,Yogesh Setty,13,M,0
19234,16748,Deepa Naidu,10,F,0
19235,16749,Naveen Naidu,43,M,0
19236,16750,Naveen Naik,64,M,0
19237,16751,Nandini Rao,45,F,0
19238,16752,Savitha Hegde,49,F,0
19239,16753,Ramesh Rao,27,M,0
19240,16753,Bhagya Murthy,61,F,0
19241,16754,Radha Shetty,54,F,0
19242,16755,Santosh Iyer,63,M,0
19243,16756,Savitha Murthy,58,F,0
19244,16757,Chaya Murthy,19,F,0
19245,16758,Deepa Hegde,35,F,0
19246,16758,Yogesh Naidu,66,M,0
19247,16759,Vidya Achar,59,F,0
19248,16760,Ramesh Kumar,53,M,0
19249,16761,Yogesh Setty,18,M,0
19250,16762,Pooja Naik,74,F,0
19251,16763,Suresh Iyer,65,M,0
19252,16764,Harish Patil,16,M,0
19253,16765,Kavya Achar,23,F,0
19254,16766,Radha Setty,60,F,0
19255,16767,Srinivas Gowda,7,M,0
19256,16768,Kavya Naik,74,F,0
19257,16769,Shivaraj Murthy,64,M,0
19258,16770,Santosh Rao,73,M,0
19259,16771,Sunita Reddy,58,F,0
19260,16772,Mahesh Hegde,66,M,0
19261,16772,Harish Hegde,41,M,0
19262,16773,Yogesh Naik,5,M,0
19263,16774,Ramesh Bhat,28,M,0
19264,16775,Prakash Poojary,10,M,0
19265,16776,Lakshmi Hegde,51,F,0
19266,16777,Pooja Kumar,73,F,0
19267,16778,Chaya Naik,13,F,0
19268,16779,Rekha Iyer,51,F,0
19269,16780,Shwetha Naidu,23,F,0
19270,16781,Chaya Poojary,63,F,0
19271,16782,Yogesh Rao,26,M,0
19272,16783,Mahesh Naidu,10,M,0
19273,16784,Rekha Naik,10,F,0
19274,16784,Raghu Achar,68,M,0
19275,16785,Anil Murthy,59,M,0
19276,16786,Shobha Achar,31,F,0
19277,16787,Nagaraj Bhat,69,M,0
19278,16788,Geeta Achar,59,F,0
19279,16788,Ganesh Poojary,67,M,0
19280,16789,Lakshmi Reddy,10,F,0
19281,16790,Shivaraj Rao,59,M,0
19282,16791,Deepa Patil,26,F,0
19283,16792,Ganesh Achar,55,M,0
19284,16793,Vidya Hegde,63,F,0
19285,16794,Shivaraj Setty,66,M,0
19286,16795,Kumar Setty,71,M,0
19287,16796,Radha Bhat,67,F,0
19288,16797,Vidya Achar,9,F,0
19289,16798,Nagaraj Poojary,59,M,0
19290,16799,Vidya Naik,45,F,0
19291,16800,Sowmya Hegde,57,F,0
19292,16801,Manjula Patil,42,F,0
19293,16802,Sunita Rao,21,F,0
19294,16803,Radha Setty,43,F,0
19295,16804,Chaya Shetty,31,F,0
19296,16805,Shivaraj Hegde,55,M,0
19297,16806,Yogesh Kumar,18,M,0
19298,16806,Priya Setty,38,F,0
19299,16807,Sowmya Achar,36,F,0
19300,16808,Vidya Gowda,52,F,0
19301,16809,Bhagya Murthy,27,F,0
19302,16810,Ganesh Patil,63,M,0
19303,16811,Shobha Setty,20,F,0
19304,16812,Vidya Iyer,32,F,0
19305,16813,Sowmya Hegde,46,F,0
19306,16813,Pooja Iyer,36,F,0
19307,16814,Mahesh Reddy,14,M,0
19308,16815,Roopa Murthy,67,F,0
19309,16816,Manjula Kumar,46,F,0
19310,16817,Suresh Naidu,64,M,0
19311,16818,Harish Naik,14,M,0
19312,16819,Anil Setty,47,M,0
19313,16820,Manjunath Setty,46,M,0
19314,16821,Sowmya Naidu,17,F,0
19315,16821,Roopa Kumar,66,F,0
19316,16822,Sowmya Bhat,14,F,0
19317,16822,Ramesh Naidu,60,M,0
19318,16823,Harish Achar,39,M,0
19319,16824,Savitha Achar,55,F,0
19320,16825,Bhagya Naik,37,F,0
19321,16826,Anil Gowda,42,M,0
19322,16827,Savitha Achar,66,F,0
19323,16828,Ramesh Poojary,43,M,0
19324,16829,Shwetha Patil,26,F,0
19325,16830,Srinivas Bhat,5,M,0
19326,16830,Geeta Bhat,16,F,0
19327,16831,Kavya Bhat,11,F,0
19328,16832,Bhagya Achar,49,F,0
19329,16833,Santosh Bhat,41,M,0
19330,16834,Raghu Murthy,28,M,0
19331,16835,Prakash Iyer,57,M,0
19332,16836,Ramesh Bhat,74,M,0
19333,16837,Shivaraj Shetty,9,M,0
19334,16838,Chaya Murthy,42,F,0
19335,16839,Kavya Poojary,58,F,0
19336,16840,Raghu Gowda,27,M,0
19337,16841,Bhagya Bhat,8,F,0
19338,16841,Ramesh Shetty,58,M,0
19339,16842,Raghu Patil,33,M,0
19340,16843,Sunita Reddy,10,F,0
19341,16844,Ramesh Setty,72,M,0
19342,16845,Roopa Patil,14,F,0
19343,16846,Kumar Naidu,60,M,0
19344,16847,Srinivas Setty,67,M,0
19345,16848,Geeta Rao,40,F,0
19346,16849,Sowmya Kumar,35,F,0
19347,16849,Ravi Gowda,33,M,0
19348,16850,Manjunath Bhat,38,M,0
19349,16851,Deepa Iyer,21,F,0
19350,16852,Anita Shetty,25,F,0
19351,16853,Kavya Achar,29,F,0
19352,16854,Kumar Iyer,28,M,0
19353,16855,Deepa Murthy,63,F,0
19354,16856,Girish Naidu,58,M,0
19355,16857,Pooja Naidu,24,F,0
19356,16857,Kavya Murthy,45,F,0
19357,16858,Ramesh Shetty,52,M,0
19358,16859,Suresh Kumar,19,M,0
19359,16860,Geeta Gowda,24,F,0
19360,16861,Suresh Kumar,20,M,0
19361,16861,Chaya Patil,48,F,0
19362,16862,Santosh Kumar,65,M,0
19363,16863,Lakshmi Rao,14,F,0
19364,16864,Raghu Iyer,45,M,0
19365,16865,Priya Reddy,58,F,0
19366,16866,Raghu Naidu,17,M,0
19367,16867,Manjunath Gowda,75,M,0
19368,16868,Savitha Shetty,5,F,0
19369,16868,Kavya Patil,47,F,0
19370,16869,Raghu Iyer,68,M,0
19371,16870,Girish Hegde,23,M,0
19372,16871,Suresh Hegde,45,M,0
19373,16872,Harish Reddy,7,M,0
19374,16873,Chaya Bhat,55,F,0
19375,16874,Sunita Poojary,46,F,0
19376,16875,Sowmya Naik,41,F,0
19377,16876,Prakash Poojary,26,M,0
19378,16877,Sowmya Hegde,54,F,0
19379,16878,Ramesh Setty,73,M,0
19380,16879,Chaya Kumar,50,F,0
19381,16879,Girish Gowda,53,M,0
19382,16880,Girish Gowda,58,M,0
19383,16881,Naveen Hegde,25,M,0
19384,16882,Savitha Gowda,36,F,0
19385,16883,Savitha Hegde,12,F,0
19386,16883,Vijay Iyer,46,M,0
19387,16884,Savitha Shetty,47,F,0
19388,16885,Santosh Achar,52,M,0
19389,16885,Anita Naik,36,F,0
19390,16886,Sowmya Gowda,28,F,0
19391,16887,Radha Murthy,67,F,0
19392,16888,Savitha Naidu,57,F,0
19393,16889,Prakash Reddy,47,M,0
19394,16890,Shwetha Achar,52,F,0
19395,16891,Radha Hegde,69,F,0
19396,16892,Savitha Naidu,48,F,0
19397,16892,Mahesh Shetty,13,M,0
19398,16893,Manjunath Achar,74,M,0
19399,16894,Kavya Bhat,31,F,0
19400,16895,Vidya Bhat,50,F,0
19401,16896,Sunita Reddy,39,F,0
19402,16897,Srinivas Naik,39,M,0
19403,16897,Sunita Naidu,21,F,0
19404,16898,Geeta Reddy,62,F,0
19405,16899,Anil Achar,33,M,0
19406,16900,Nandini Naik,21,F,0
19407,16900,Kavya Setty,49,F,0
19408,16901,Nandini Iyer,40,F,0
19409,16902,Ramesh Patil,56,M,0
19410,16903,Ganesh Murthy,49,M,0
19411,16904,Chaya Hegde,49,F,0
19412,16905,Raghu Naidu,42,M,0
19413,16906,Manjunath Reddy,5,M,0
19414,16907,Pooja Murthy,25,F,0
19415,16908,Shivaraj Setty,51,M,0
19416,16909,Anita Iyer,56,F,0
19417,16910,Raghu Setty,34,M,0
19418,16911,Kumar Achar,60,M,0
19419,16911,Rekha Murthy,56,F,0
19420,16912,Mahesh Poojary,14,M,0
19421,16912,Harish Gowda,28,M,0
19422,16913,Kavya Rao,60,F,0
19423,16913,Pooja Shetty,43,F,0
19424,16914,Roopa Achar,19,F,0
19425,16915,Ganesh Shetty,52,M,0
19426,16916,Basavaraj Rao,46,M,0
19427,16917,Manjula Murthy,6,F,0
19428,16917,Santosh Hegde,52,M,0
19429,16918,Kavya Naik,43,F,0
19430,16918,Nandini Achar,8,F,0
19431,16919,Girish Setty,72,M,0
19432,16920,Harish Iyer,26,M,0
19433,16921,Suresh Murthy,33,M,0
19434,16922,Vijay Rao,64,M,0
19435,16923,Shivaraj Reddy,55,M,0
19436,16924,Pooja Naidu,70,F,0
19437,16925,Priya Reddy,9,F,0
19438,16926,Anita Naidu,57,F,0
19439,16927,Pooja Bhat,5,F,0
19440,16928,Suresh Murthy,20,M,0
19441,16928,Chaya Setty,57,F,0
19442,16929,Shobha Gowda,18,F,0
19443,16930,Deepa Poojary,57,F,0
19444,16931,Sunita Naik,30,F,0
19445,16932,Roopa Hegde,52,F,0
19446,16933,Kavya Rao,10,F,0
19447,16933,Savitha Hegde,10,F,0
19448,16934,Girish Gowda,30,M,0
19449,16935,Savitha Iyer,66,F,0
19450,16935,Yogesh Naidu,9,M,0
19451,16936,Manjunath Bhat,12,M,0
19452,16937,Chaya Murthy,54,F,0
19453,16938,Savitha Naik,73,F,0
19454,16939,Vijay Achar,12,M,0
19455,16940,Raghu Shetty,44,M,0
19456,16941,Anita Murthy,9,F,0
19457,16942,Nagaraj Hegde,65,M,0
19458,16943,Savitha Naidu,26,F,0
19459,16944,Geeta Naidu,57,F,0
19460,16945,Vidya Patil,11,F,0
19461,16946,Roopa Naidu,53,F,0
19462,16947,Nagaraj Achar,15,M,0
19463,16948,Ganesh Patil,26,M,0
19464,16949,Kavya Achar,10,F,0
19465,16949,Raghu Hegde,54,M,0
19466,16950,Yogesh Reddy,14,M,0
19467,16951,Sowmya Hegde,29,F,0
19468,16952,Basavaraj Achar,37,M,0
19469,16952,Deepa Naik,32,F,0
19470,16953,Sowmya Gowda,5,F,0
19471,16954,Chaya Naidu,5,F,0
19472,16955,Basavaraj Patil,32,M,0
19473,16956,Ramesh Murthy,56,M,0
19474,16957,Bhagya Hegde,38,F,0
19475,16958,Anita Naik,74,F,0
19476,16958,Harish Achar,73,M,0
19477,16959,Vidya Naik,29,F,0
19478,16960,Ganesh Patil,36,M,0
19479,16961,Lakshmi Murthy,19,F,0
19480,16962,Kumar Naik,71,M,0
19481,16963,Kumar Naidu,33,M,0
19482,16964,Mahesh Poojary,50,M,0
19483,16965,Roopa Poojary,19,F,0
19484,16966,Roopa Reddy,33,F,0
19485,16967,Lakshmi Hegde,67,F,0
19486,16967,Savitha Setty,14,F,0
19487,16968,Vijay Achar,32,M,0
19488,16969,Sunita Gowda,52,F,0
19489,16970,Bhagya Achar,6,F,0
19490,16971,Shwetha Rao,24,F,0
19491,16972,Savitha Murthy,5,F,0
19492,16973,Shivaraj Setty,15,M,0
19493,16974,Manjula Kumar,35,F,0
19494,16975,Santosh Shetty,74,M,0
19495,16976,Mahesh Poojary,11,M,0
19496,16976,Ramesh Naik,45,M,0
19497,16977,Ramesh Rao,65,M,0
19498,16978,Prakash Reddy,36,M,0
19499,16979,Sowmya Rao,66,F,0
19500,16980,Shwetha Bhat,12,F,0
19501,16981,Anil Murthy,39,M,0
19502,16982,Ravi Bhat,9,M,0
19503,16983,Ravi Reddy,5,M,0
19504,16984,Kumar Kumar,11,M,0
19505,16985,Vidya Achar,6,F,0
19506,16986,Santosh Reddy,52,M,0
19507,16987,Raghu Shetty,41,M,0
19508,16988,Chaya Kumar,23,F,0
19509,16989,Basavaraj Poojary,17,M,0
19510,16989,Manjunath Kumar,11,M,0
19511,16990,Yogesh Iyer,28,M,0
19512,16991,Priya Shetty,31,F,0
19513,16992,Priya Setty,6,F,0
19514,16993,Kavya Reddy,30,F,0
19515,16994,Srinivas Bhat,73,M,0
19516,16995,Lakshmi Iyer,16,F,0
19517,16996,Ravi Iyer,32,M,0
19518,16997,Manjunath Reddy,28,M,0
19519,16998,Nandini Gowda,74,F,0
19520,16998,Lakshmi Naik,63,F,0
19521,16999,Bhagya Setty,75,F,0
19522,16999,Naveen Naik,67,M,0
19523,17000,Nagaraj Gowda,49,M,0
19524,17001,Ravi Shetty,24,M,0
19525,17002,Ganesh Kumar,40,M,0
19526,17003,Kumar Hegde,62,M,0
19527,17004,Suresh Setty,44,M,0
19528,17005,Radha Gowda,54,F,0
19529,17006,Nagaraj Reddy,48,M,0
19530,17007,Nagaraj Patil,56,M,0
19531,17008,Rekha Iyer,48,F,0
19532,17009,Priya Hegde,31,F,0
19533,17010,Naveen Iyer,67,M,0
19534,17011,Anita Poojary,37,F,0
19535,17012,Anil Patil,22,M,0
19536,17013,Vijay Reddy,12,M,0
19537,17013,Vidya Naidu,32,F,0
19538,17014,Santosh Iyer,25,M,0
19539,17015,Ramesh Reddy,21,M,0
19540,17015,Roopa Patil,46,F,0
19541,17016,Roopa Rao,39,F,0
19542,17016,Suresh Achar,6,M,0
19543,17017,Sowmya Murthy,54,F,0
19544,17017,Kavya Poojary,45,F,0
19545,17018,Mahesh Bhat,25,M,0
19546,17018,Srinivas Gowda,63,M,0
19547,17019,Manjunath Rao,45,M,0
19548,17020,Anita Patil,12,F,0
19549,17021,Chaya Kumar,52,F,0
19550,17022,Savitha Rao,74,F,0
19551,17023,Suresh Reddy,73,M,0
19552,17024,Raghu Murthy,9,M,0
19553,17025,Sowmya Reddy,53,F,0
19554,17026,Priya Poojary,52,F,0
19555,17027,Pooja Patil,28,F,0
19556,17028,Deepa Poojary,21,F,0
19557,17029,Nandini Patil,28,F,0
19558,17030,Ravi Iyer,13,M,0
19559,17031,Chaya Rao,46,F,0
19560,17031,Rekha Kumar,11,F,0
19561,17032,Roopa Naik,24,F,0
19562,17033,Pooja Naidu,22,F,0
19563,17034,Sunita Shetty,7,F,0
19564,17035,Deepa Reddy,34,F,0
19565,17036,Vidya Shetty,54,F,0
19566,17037,Basavaraj Iyer,39,M,0
19567,17038,Prakash Hegde,66,M,0
19568,17038,Geeta Gowda,72,F,0
19569,17039,Prakash Reddy,9,M,0
19570,17040,Nandini Reddy,68,F,0
19571,17040,Shobha Iyer,45,F,0
19572,17041,Priya Rao,54,F,0
19573,17042,Manjunath Achar,30,M,0
19574,17043,Naveen Shetty,61,M,0
19575,17043,Anita Naik,57,F,0
19576,17044,Manjunath Iyer,8,M,0
19577,17045,Vijay Naidu,6,M,0
19578,17046,Kavya Rao,7,F,0
19579,17046,Pooja Bhat,57,F,0
19580,17047,Nagaraj Kumar,23,M,0
19581,17048,Shivaraj Naidu,42,M,0
19582,17049,Priya Hegde,68,F,0
19583,17050,Deepa Rao,66,F,0
19584,17051,Shwetha Poojary,39,F,0
19585,17052,Sunita Achar,68,F,0
19586,17052,Rekha Setty,19,F,0
19587,17053,Kavya Achar,70,F,0
19588,17054,Yogesh Bhat,25,M,0
19589,17055,Priya Hegde,19,F,0
19590,17056,Santosh Naik,39,M,0
19591,17057,Geeta Hegde,28,F,0
19592,17058,Roopa Naik,49,F,0
19593,17059,Lakshmi Hegde,11,F,0
19594,17060,Prakash Naik,37,M,0
19595,17061,Kavya Rao,44,F,0
19596,17061,Savitha Poojary,66,F,0
19597,17062,Manjunath Bhat,71,M,0
19598,17063,Pooja Iyer,45,F,0
19599,17064,Lakshmi Naik,36,F,0
19600,17065,Kavya Naik,61,F,0
19601,17066,Kavya Shetty,59,F,0
19602,17067,Santosh Achar,54,M,0
19603,17068,Ramesh Bhat,33,M,0
19604,17069,Ramesh Hegde,9,M,0
19605,17070,Geeta Naidu,9,F,0
19606,17071,Kumar Achar,50,M,0
19607,17071,Priya Kumar,29,F,0
19608,17072,Girish Rao,13,M,0
19609,17073,Srinivas Achar,49,M,0
19610,17074,Suresh Shetty,44,M,0
19611,17075,Raghu Gowda,32,M,0
19612,17076,Geeta Naidu,8,F,0
19613,17077,Kumar Gowda,37,M,0
19614,17078,Santosh Murthy,19,M,0
19615,17079,Harish Murthy,30,M,0
19616,17079,Roopa Achar,14,F,0
19617,17080,Bhagya Reddy,40,F,0
19618,17081,Bhagya Shetty,24,F,0
19619,17082,Kavya Bhat,73,F,0
19620,17083,Naveen Gowda,42,M,0
19621,17084,Pooja Kumar,8,F,0
19622,17085,Santosh Patil,24,M,0
19623,17086,Nagaraj Poojary,49,M,0
19624,17087,Sunita Gowda,33,F,0
19625,17088,Roopa Naik,42,F,0
19626,17089,Manjula Naik,13,F,0
19627,17090,Anita Naidu,12,F,0
19628,17091,Bhagya Setty,27,F,0
19629,17092,Priya Gowda,50,F,0
19630,17093,Ramesh Naidu,14,M,0
19631,17094,Nagaraj Murthy,64,M,0
19632,17095,Sunita Poojary,39,F,0
19633,17096,Sunita Poojary,50,F,0
19634,17097,Geeta Setty,75,F,0
19635,17098,Naveen Gowda,40,M,0
19636,17098,Ravi Reddy,58,M,0
19637,17099,Deepa Poojary,62,F,0
19638,17100,Anita Bhat,49,F,0
19639,17101,Radha Patil,56,F,0
19640,17102,Kavya Bhat,60,F,0
19641,17103,Rekha Rao,37,F,0
19642,17104,Manjula Achar,38,F,0
19643,17105,Deepa Hegde,60,F,0
19644,17105,Suresh Kumar,31,M,0
19645,17106,Shwetha Patil,17,F,0
19646,17107,Shivaraj Shetty,53,M,0
19647,17108,Roopa Hegde,29,F,0
19648,17109,Manjula Reddy,33,F,0
19649,17110,Girish Naidu,13,M,0
19650,17111,Sowmya Hegde,36,F,0
19651,17112,Nandini Gowda,60,F,0
19652,17113,Sowmya Gowda,45,F,0
19653,17114,Kavya Shetty,67,F,0
19654,17115,Shwetha Murthy,70,F,0
19655,17116,Nandini Naik,51,F,0
19656,17117,Kavya Gowda,35,F,0
19657,17118,Sowmya Naidu,39,F,0
19658,17119,Srinivas Setty,8,M,0
19659,17120,Naveen Rao,75,M,0
19660,17121,Suresh Reddy,69,M,0
19661,17122,Manjula Rao,37,F,0
19662,17123,Raghu Shetty,56,M,0
19663,17124,Prakash Iyer,38,M,0
19664,17124,Vidya Iyer,7,F,0
19665,17125,Srinivas Naidu,54,M,0
19666,17126,Radha Setty,13,F,0
19667,17127,Kumar Kumar,26,M,0
19668,17128,Kumar Hegde,72,M,0
19669,17128,Nagaraj Gowda,56,M,0
19670,17129,Pooja Gowda,62,F,0
19671,17130,Kumar Bhat,19,M,0
19672,17131,Manjula Gowda,60,F,0
19673,17132,Chaya Setty,6,F,0
19674,17133,Savitha Patil,27,F,0
19675,17134,Nandini Kumar,52,F,0
19676,17135,Pooja Murthy,57,F,0
19677,17136,Priya Murthy,16,F,0
19678,17137,Harish Gowda,40,M,0
19679,17138,Raghu Rao,64,M,0
19680,17139,Chaya Iyer,43,F,0
19681,17139,Naveen Naik,65,M,0
19682,17140,Basavaraj Hegde,21,M,0
19683,17141,Manjunath Rao,67,M,0
19684,17142,Chaya Hegde,42,F,0
19685,17143,Nandini Bhat,21,F,0
19686,17144,Bhagya Kumar,51,F,0
19687,17145,Ravi Patil,62,M,0
19688,17145,Deepa Achar,13,F,0
19689,17146,Anil Rao,41,M,0
19690,17147,Pooja Naik,11,F,0
19691,17148,Prakash Naidu,30,M,0
19692,17148,Chaya Iyer,35,F,0
19693,17149,Geeta Setty,65,F,0
19694,17150,Rekha Hegde,52,F,0
19695,17151,Girish Naidu,34,M,0
19696,17151,Nagaraj Reddy,56,M,0
19697,17152,Suresh Kumar,12,M,0
19698,17153,Vijay Achar,68,M,0
19699,17154,Nagaraj Shetty,23,M,0
19700,17155,Nagaraj Setty,32,M,0
19701,17156,Ganesh Patil,41,M,0
19702,17157,Bhagya Achar,30,F,0
19703,17158,Chaya Patil,31,F,0
19704,17159,Chaya Kumar,14,F,0
19705,17160,Mahesh Poojary,31,M,0
19706,17161,Lakshmi Gowda,37,F,0
19707,17161,Geeta Naidu,5,F,0
19708,17162,Raghu Bhat,27,M,0
19709,17163,Deepa Rao,40,F,0
19710,17164,Anil Hegde,55,M,0
19711,17165,Shwetha Murthy,28,F,0
19712,17166,Deepa Hegde,24,F,0
19713,17167,Sunita Iyer,25,F,0
19714,17168,Nandini Patil,5,F,0
19715,17168,Chaya Naik,65,F,0
19716,17169,Savitha Patil,64,F,0
19717,17170,Sowmya Rao,74,F,0
19718,17170,Prakash Naik,59,M,0
19719,17171,Ravi Bhat,36,M,0
19720,17171,Anita Murthy,49,F,0
19721,17172,Sowmya Iyer,63,F,0
19722,17173,Anita Bhat,15,F,0
19723,17174,Roopa Naik,27,F,0
19724,17175,Savitha Setty,41,F,0
19725,17175,Mahesh Gowda,19,M,0
19726,17176,Mahesh Hegde,65,M,0
19727,17177,Mahesh Murthy,58,M,0
19728,17177,Ravi Naik,30,M,0
19729,17178,Harish Reddy,29,M,0
19730,17179,Bhagya Naidu,34,F,0
19731,17179,Ravi Shetty,28,M,0
19732,17180,Shivaraj Setty,19,M,0
19733,17181,Sunita Murthy,57,F,0
19734,17182,Nandini Gowda,20,F,0
19735,17182,Anita Reddy,9,F,0
19736,17183,Harish Kumar,26,M,0
19737,17184,Naveen Naik,9,M,0
19738,17185,Anil Rao,29,M,0
19739,17185,Chaya Rao,66,F,0
19740,17186,Vijay Kumar,42,M,0
19741,17186,Ganesh Hegde,60,M,0
19742,17187,Geeta Naik,24,F,0
19743,17187,Yogesh Poojary,46,M,0
19744,17188,Anita Setty,64,F,0
19745,17189,Yogesh Bhat,48,M,0
19746,17190,Nagaraj Naik,51,M,0
19747,17191,Vijay Reddy,71,M,0
19748,17192,Kavya Naidu,22,F,0
19749,17193,Deepa Murthy,22,F,0
19750,17194,Kumar Hegde,31,M,0
19751,17195,Vijay Patil,54,M,0
19752,17196,Basavaraj Naidu,52,M,0
19753,17197,Ravi Poojary,51,M,0
19754,17198,Anita Reddy,29,F,0
19755,17198,Chaya Iyer,60,F,0
19756,17199,Ramesh Murthy,64,M,0
19757,17200,Roopa Reddy,50,F,0
19758,17201,Bhagya Achar,22,F,0
19759,17202,Ganesh Reddy,34,M,0
19760,17203,Suresh Reddy,69,M,0
19761,17204,Vijay Patil,31,M,0
19762,17204,Harish Patil,32,M,0
19763,17205,Mahesh Patil,36,M,0
19764,17206,Ravi Kumar,31,M,0
19765,17207,Yogesh Reddy,13,M,0
19766,17208,Sunita Patil,41,F,0
19767,17209,Deepa Naik,8,F,0
19768,17210,Shivaraj Patil,33,M,0
19769,17211,Santosh Naidu,7,M,0
19770,17211,Lakshmi Iyer,27,F,0
19771,17212,Shwetha Naik,46,F,0
19772,17213,Bhagya Setty,29,F,0
19773,17214,Vidya Iyer,36,F,0
19774,17215,Raghu Gowda,65,M,0
19775,17215,Pooja Shetty,48,F,0
19776,17216,Geeta Naidu,69,F,0
19777,17217,Naveen Naidu,15,M,0
19778,17218,Roopa Naik,45,F,0
19779,17219,Ravi Naik,30,M,0
19780,17219,Yogesh Naidu,35,M,0
19781,17220,Radha Poojary,42,F,0
19782,17220,Suresh Rao,12,M,0
19783,17221,Kavya Patil,43,F,0
19784,17222,Basavaraj Murthy,68,M,0
19785,17223,Naveen Hegde,63,M,0
19786,17223,Basavaraj Patil,42,M,0
19787,17224,Vidya Iyer,50,F,0
19788,17225,Ravi Rao,62,M,0
19789,17226,Vidya Shetty,37,F,0
19790,17227,Lakshmi Setty,71,F,0
19791,17228,Anita Bhat,45,F,0
19792,17228,Basavaraj Gowda,12,M,0
19793,17229,Kavya Hegde,32,F,0
19794,17230,Lakshmi Achar,12,F,0
19795,17231,Lakshmi Achar,54,F,0
19796,17232,Manjula Shetty,19,F,0
19797,17233,Priya Reddy,61,F,0
19798,17234,Roopa Rao,72,F,0
19799,17235,Roopa Bhat,60,F,0
19800,17236,Shobha Achar,32,F,0
19801,17236,Nandini Naik,39,F,0
19802,17237,Deepa Shetty,22,F,0
19803,17238,Anil Setty,24,M,0
19804,17239,Santosh Setty,56,M,0
19805,17240,Basavaraj Iyer,74,M,0
19806,17241,Nandini Setty,10,F,0
19807,17242,Nagaraj Naidu,61,M,0
19808,17243,Lakshmi Gowda,64,F,0
19809,17244,Mahesh Murthy,32,M,0
19810,17245,Ganesh Poojary,58,M,0
19811,17246,Manjula Murthy,64,F,0
19812,17247,Sowmya Achar,72,F,0
19813,17247,Kumar Murthy,37,M,0
19814,17248,Savitha Naidu,60,F,0
19815,17249,Shobha Poojary,63,F,0
19816,17250,Prakash Setty,22,M,0
19817,17251,Basavaraj Setty,37,M,0
19818,17252,Vidya Gowda,38,F,0
19819,17253,Harish Poojary,19,M,0
19820,17254,Bhagya Naik,52,F,0
19821,17255,Sunita Iyer,60,F,0
19822,17256,Priya Achar,34,F,0
19823,17257,Vijay Iyer,39,M,0
19824,17258,Ganesh Setty,20,M,0
19825,17259,Manjunath Reddy,13,M,0
19826,17260,Roopa Patil,14,F,0
19827,17261,Pooja Reddy,19,F,0
19828,17262,Kavya Hegde,40,F,0
19829,17263,Priya Murthy,45,F,0
19830,17263,Suresh Rao,71,M,0
19831,17264,Pooja Gowda,62,F,0
19832,17265,Shobha Bhat,43,F,0
19833,17266,Lakshmi Murthy,50,F,0
19834,17267,Prakash Iyer,61,M,0
19835,17268,Ganesh Hegde,12,M,0
19836,17269,Pooja Setty,74,F,0
19837,17270,Rekha Murthy,7,F,0
19838,17271,Mahesh Setty,13,M,0
19839,17272,Bhagya Murthy,60,F,0
19840,17273,Harish Poojary,56,M,0
19841,17274,Nagaraj Naidu,30,M,0
19842,17274,Rekha Murthy,49,F,0
19843,17275,Bhagya Naik,68,F,0
19844,17276,Srinivas Naidu,44,M,0
19845,17277,Suresh Bhat,75,M,0
19846,17278,Shivaraj Achar,22,M,0
19847,17279,Geeta Shetty,40,F,0
19848,17280,Lakshmi Iyer,71,F,0
19849,17280,Chaya Iyer,70,F,0
19850,17281,Ravi Hegde,14,M,0
19851,17281,Nandini Patil,70,F,0
19852,17282,Manjula Patil,34,F,0
19853,17283,Roopa Naidu,9,F,0
19854,17284,Pooja Hegde,7,F,0
19855,17285,Manjunath Hegde,13,M,0
19856,17286,Shobha Naidu,70,F,0
19857,17286,Vidya Murthy,71,F,0
19858,17287,Girish Kumar,33,M,0
19859,17287,Prakash Achar,51,M,0
19860,17288,Shwetha Shetty,44,F,0
19861,17289,Sowmya Naik,19,F,0
19862,17290,Ganesh Rao,14,M,0
19863,17291,Anita Patil,53,F,0
19864,17292,Ganesh Kumar,35,M,0
19865,17293,Mahesh Naidu,65,M,0
19866,17294,Rekha Gowda,41,F,0
19867,17294,Priya Rao,53,F,0
19868,17295,Anil Naik,62,M,0
19869,17296,Sunita Achar,29,F,0
19870,17297,Sowmya Gowda,62,F,0
19871,17298,Roopa Achar,10,F,0
19872,17299,Mahesh Naidu,75,M,0
19873,17300,Shobha Reddy,66,F,0
19874,17301,Vidya Hegde,7,F,0
19875,17301,Mahesh Poojary,36,M,0
19876,17302,Shwetha Reddy,57,F,0
19877,17302,Chaya Kumar,58,F,0
19878,17303,Kavya Shetty,26,F,0
19879,17304,Shwetha Shetty,36,F,0
19880,17305,Shwetha Gowda,43,F,0
19881,17306,Ramesh Rao,64,M,0
19882,17307,Santosh Setty,64,M,0
19883,17308,Harish Rao,44,M,0
19884,17309,Raghu Patil,48,M,0
19885,17310,Savitha Iyer,12,F,0
19886,17311,Vidya Bhat,9,F,0
19887,17312,Vidya Naidu,11,F,0
19888,17313,Shwetha Bhat,56,F,0
19889,17314,Suresh Hegde,19,M,0
19890,17314,Harish Reddy,15,M,0
19891,17315,Anil Gowda,67,M,0
19892,17316,Roopa Kumar,7,F,0
19893,17317,Yogesh Reddy,59,M,0
19894,17318,Manjunath Setty,17,M,0
19895,17319,Kavya Naidu,44,F,0
19896,17320,Chaya Bhat,24,F,0
19897,17320,Anita Murthy,46,F,0
19898,17321,Mahesh Rao,34,M,0
19899,17322,Sunita Achar,24,F,0
19900,17322,Anil Achar,62,M,0
19901,17323,Bhagya Kumar,8,F,0
19902,17324,Kumar Patil,46,M,0
19903,17325,Naveen Bhat,41,M,0
19904,17326,Vidya Gowda,51,F,0
19905,17327,Priya Reddy,37,F,0
19906,17327,Girish Reddy,6,M,0
19907,17328,Sunita Kumar,23,F,0
19908,17329,Ramesh Bhat,19,M,0
19909,17330,Shobha Hegde,49,F,0
19910,17331,Nagaraj Naik,25,M,0
19911,17331,Ravi Poojary,8,M,0
19912,17332,Ravi Reddy,57,M,0
19913,17332,Ravi Poojary,63,M,0
19914,17333,Srinivas Hegde,67,M,0
19915,17334,Yogesh Hegde,44,M,0
19916,17335,Vidya Hegde,28,F,0
19917,17336,Deepa Poojary,18,F,0
19918,17337,Radha Shetty,71,F,0
19919,17338,Santosh Hegde,41,M,0
19920,17339,Rekha Shetty,19,F,0
19921,17340,Manjunath Rao,69,M,0
19922,17341,Prakash Achar,43,M,0
19923,17342,Roopa Setty,53,F,0
19924,17342,Sowmya Shetty,74,F,0
19925,17343,Rekha Setty,67,F,0
19926,17344,Anil Iyer,31,M,0
19927,17345,Ramesh Reddy,17,M,0
19928,17346,Manjula Kumar,44,F,0
19929,17347,Roopa Kumar,26,F,0
19930,17348,Yogesh Hegde,19,M,0
19931,17349,Sunita Bhat,17,F,0
19932,17350,Anita Shetty,66,F,0
19933,17351,Shivaraj Shetty,43,M,0
19934,17352,Ravi Achar,47,M,0
19935,17353,Naveen Gowda,42,M,0
19936,17354,Shivaraj Gowda,19,M,0
19937,17355,Pooja Achar,26,F,0
19938,17355,Vidya Kumar,68,F,0
19939,17356,Nagaraj Reddy,67,M,0
19940,17357,Raghu Setty,15,M,0
19941,17357,Shivaraj Poojary,54,M,0
19942,17358,Radha Shetty,52,F,0
19943,17359,Radha Murthy,16,F,0
19944,17359,Anil Naidu,72,M,0
19945,17360,Harish Rao,73,M,0
19946,17361,Anil Naik,12,M,0
19947,17362,Shwetha Iyer,52,F,0
19948,17362,Nagaraj Achar,66,M,0
19949,17363,Srinivas Poojary,46,M,0
19950,17364,Savitha Bhat,27,F,0
19951,17365,Vijay Achar,50,M,0
19952,17366,Sunita Iyer,51,F,0
19953,17367,Prakash Naidu,27,M,0
19954,17368,Deepa Kumar,57,F,0
19955,17369,Manjula Reddy,5,F,0
19956,17370,Anil Poojary,49,M,0
19957,17371,Deepa Iyer,35,F,0
19958,17372,Ganesh Rao,72,M,0
19959,17373,Suresh Iyer,18,M,0
19960,17374,Suresh Shetty,63,M,0
19961,17375,Manjunath Poojary,62,M,0
19962,17376,Vidya Achar,53,F,0
19963,17376,Harish Hegde,50,M,0
19964,17377,Nandini Kumar,23,F,0
19965,17378,Radha Hegde,23,F,0
19966,17379,Santosh Murthy,30,M,0
19967,17380,Raghu Iyer,36,M,0
19968,17380,Pooja Setty,14,F,0
19969,17381,Basavaraj Patil,75,M,0
19970,17382,Rekha Bhat,24,F,0
19971,17383,Priya Reddy,8,F,0
19972,17384,Geeta Patil,24,F,0
19973,17385,Shobha Setty,23,F,0
19974,17386,Ravi Bhat,70,M,0
19975,17387,Kumar Poojary,26,M,0
19976,17388,Mahesh Setty,60,M,0
19977,17389,Ramesh Poojary,70,M,0
19978,17390,Manjula Naik,43,F,0
19979,17391,Kumar Patil,71,M,0
19980,17392,Pooja Murthy,23,F,0
19981,17393,Raghu Naik,64,M,0
19982,17394,Mahesh Poojary,47,M,0
19983,17395,Anil Achar,67,M,0
19984,17396,Shivaraj Murthy,6,M,0
19985,17397,Srinivas Shetty,69,M,0
19986,17398,Rekha Patil,33,F,0
19987,17399,Anil Rao,38,M,0
19988,17400,Geeta Setty,5,F,0
19989,17401,Priya Naidu,49,F,0
19990,17402,Yogesh Kumar,28,M,0
19991,17403,Anita Hegde,65,F,0
19992,17403,Manjula Naik,20,F,0
19993,17404,Naveen Achar,32,M,0
19994,17405,Girish Naik,53,M,0
19995,17406,Suresh Gowda,67,M,0
19996,17407,Shivaraj Naidu,5,M,0
19997,17408,Vidya Murthy,10,F,0
19998,17409,Nandini Hegde,53,F,0
19999,17410,Anil Naik,26,M,0
20000,17410,Lakshmi Naik,21,F,0
20001,17411,Yogesh Gowda,26,M,0
20002,17412,Vijay Shetty,55,M,0
20003,17413,Priya Shetty,56,F,0
20004,17414,Vidya Reddy,17,F,0
20005,17415,Pooja Bhat,15,F,0
20006,17416,Vidya Naik,23,F,0
20007,17417,Basavaraj Bhat,19,M,0
20008,17418,Santosh Bhat,46,M,0
20009,17419,Deepa Murthy,45,F,0
20010,17420,Bhagya Setty,61,F,0
20011,17421,Nandini Patil,38,F,0
20012,17422,Prakash Bhat,37,M,0
20013,17423,Shobha Achar,58,F,0
20014,17424,Basavaraj Rao,12,M,0
20015,17425,Vijay Kumar,61,M,0
20016,17426,Harish Patil,37,M,0
20017,17427,Geeta Shetty,7,F,0
20018,17427,Savitha Bhat,34,F,0
20019,17428,Anil Poojary,65,M,0
20020,17429,Ganesh Shetty,6,M,0
20021,17430,Suresh Poojary,28,M,0
20022,17431,Bhagya Naik,39,F,0
20023,17432,Priya Naidu,8,F,0
20024,17433,Nagaraj Patil,27,M,0
20025,17434,Ganesh Shetty,48,M,0
20026,17435,Priya Naidu,47,F,0
20027,17436,Kumar Shetty,33,M,0
20028,17437,Kumar Reddy,11,M,0
20029,17437,Radha Bhat,57,F,0
20030,17438,Geeta Gowda,74,F,0
20031,17439,Pooja Bhat,28,F,0
20032,17440,Sowmya Kumar,75,F,0
20033,17441,Ravi Bhat,64,M,0
20034,17442,Kumar Murthy,8,M,0
20035,17443,Kumar Naik,19,M,0
20036,17444,Santosh Poojary,7,M,0
20037,17445,Santosh Hegde,59,M,0
20038,17446,Shwetha Gowda,69,F,0
20039,17447,Chaya Naik,62,F,0
20040,17448,Shwetha Setty,40,F,0
20041,17449,Santosh Achar,31,M,0
20042,17450,Bhagya Bhat,39,F,0
20043,17451,Suresh Achar,63,M,0
20044,17452,Manjula Iyer,59,F,0
20045,17453,Geeta Setty,62,F,0
20046,17454,Chaya Iyer,35,F,0
20047,17455,Santosh Bhat,41,M,0
20048,17456,Srinivas Iyer,69,M,0
20049,17456,Girish Gowda,12,M,0
20050,17457,Roopa Iyer,45,F,0
20051,17458,Girish Gowda,34,M,0
20052,17459,Geeta Achar,40,F,0
20053,17460,Pooja Patil,12,F,0
20054,17461,Basavaraj Kumar,64,M,0
20055,17462,Rekha Rao,49,F,0
20056,17462,Ganesh Naidu,5,M,0
20057,17463,Ramesh Achar,68,M,0
20058,17464,Srinivas Achar,20,M,0
20059,17465,Kumar Kumar,51,M,0
20060,17465,Roopa Reddy,69,F,0
20061,17466,Manjunath Hegde,62,M,0
20062,17467,Chaya Naidu,44,F,0
20063,17467,Manjunath Rao,65,M,0
20064,17468,Suresh Gowda,68,M,0
20065,17469,Kumar Setty,14,M,0
20066,17470,Kavya Kumar,70,F,0
20067,17471,Bhagya Hegde,10,F,0
20068,17472,Srinivas Naidu,31,M,0
20069,17472,Roopa Bhat,17,F,0
20070,17473,Lakshmi Hegde,70,F,0
20071,17474,Shobha Setty,13,F,0
20072,17475,Deepa Setty,30,F,0
20073,17476,Manjunath Iyer,60,M,0
20074,17477,Geeta Naik,66,F,0
20075,17478,Ravi Reddy,44,M,0
20076,17478,Geeta Kumar,33,F,0
20077,17479,Sowmya Shetty,63,F,0
20078,17480,Shivaraj Murthy,43,M,0
20079,17481,Kumar Rao,9,M,0
20080,17482,Ravi Gowda,60,M,0
20081,17482,Harish Murthy,49,M,0
20082,17483,Chaya Iyer,48,F,0
20083,17484,Pooja Naidu,5,F,0
20084,17485,Shobha Achar,57,F,0
20085,17486,Nandini Hegde,29,F,0
20086,17487,Srinivas Naik,32,M,0
20087,17488,Radha Hegde,60,F,0
20088,17489,Manjunath Naik,67,M,0
20089,17490,Yogesh Naik,38,M,0
20090,17491,Nandini Hegde,69,F,0
20091,17492,Mahesh Poojary,7,M,0
20092,17493,Santosh Achar,27,M,0
20093,17494,Srinivas Murthy,44,M,0
20094,17495,Raghu Poojary,62,M,0
20095,17496,Rekha Murthy,55,F,0
20096,17497,Nandini Achar,21,F,0
20097,17498,Roopa Achar,19,F,0
20098,17499,Kavya Iyer,46,F,0
20099,17499,Savitha Achar,57,F,0
20100,17500,Yogesh Achar,75,M,0
20101,17501,Savitha Iyer,51,F,0
20102,17502,Shwetha Achar,73,F,0
20103,17503,Radha Poojary,9,F,0
20104,17503,Chaya Gowda,74,F,0
20105,17504,Girish Rao,22,M,0
20106,17505,Sowmya Setty,31,F,0
20107,17506,Geeta Shetty,69,F,0
20108,17507,Santosh Reddy,50,M,0
20109,17508,Pooja Hegde,62,F,0
20110,17508,Sowmya Reddy,65,F,0
20111,17509,Sunita Rao,6,F,0
20112,17510,Geeta Patil,33,F,0
20113,17511,Basavaraj Achar,37,M,0
20114,17511,Manjunath Setty,36,M,0
20115,17512,Priya Kumar,10,F,0
20116,17512,Kavya Shetty,60,F,0
20117,17513,Santosh Reddy,52,M,0
20118,17513,Sowmya Bhat,75,F,0
20119,17514,Manjunath Naidu,58,M,0
20120,17514,Ramesh Rao,71,M,0
20121,17515,Girish Poojary,48,M,0
20122,17516,Shivaraj Kumar,25,M,0
20123,17516,Lakshmi Shetty,57,F,0
20124,17517,Shivaraj Achar,34,M,0
20125,17518,Nandini Achar,27,F,0
20126,17519,Rekha Patil,46,F,0
20127,17520,Nagaraj Rao,34,M,0
20128,17521,Shivaraj Reddy,26,M,0
20129,17522,Lakshmi Hegde,43,F,0
20130,17522,Vijay Patil,23,M,0
20131,17523,Nagaraj Achar,14,M,0
20132,17524,Shivaraj Kumar,40,M,0
20133,17525,Sunita Setty,18,F,0
20134,17526,Ganesh Patil,32,M,0
20135,17526,Rekha Achar,9,F,0
20136,17527,Nagaraj Murthy,64,M,0
20137,17528,Vidya Naidu,42,F,0
20138,17529,Girish Rao,22,M,0
20139,17530,Kavya Bhat,43,F,0
20140,17531,Manjula Patil,46,F,0
20141,17532,Vijay Patil,67,M,0
20142,17533,Santosh Hegde,15,M,0
20143,17534,Harish Shetty,41,M,0
20144,17534,Shobha Gowda,18,F,0
20145,17535,Kavya Naik,46,F,0
20146,17536,Ramesh Hegde,67,M,0
20147,17536,Anil Iyer,41,M,0
20148,17537,Deepa Bhat,59,F,0
20149,17538,Anil Achar,71,M,0
20150,17539,Shivaraj Kumar,43,M,0
20151,17540,Yogesh Naik,15,M,0
20152,17540,Mahesh Achar,15,M,0
20153,17541,Shobha Reddy,71,F,0
20154,17542,Ganesh Bhat,16,M,0
20155,17543,Kavya Poojary,56,F,0
20156,17543,Radha Kumar,18,F,0
20157,17544,Santosh Rao,13,M,0
20158,17544,Anita Patil,60,F,0
20159,17545,Radha Rao,10,F,0
20160,17546,Ravi Shetty,62,M,0
20161,17546,Nagaraj Iyer,22,M,0
20162,17547,Anita Achar,66,F,0
20163,17547,Sunita Patil,19,F,0
20164,17548,Chaya Murthy,72,F,0
20165,17548,Kumar Gowda,52,M,0
20166,17549,Yogesh Shetty,32,M,0
20167,17550,Shivaraj Achar,8,M,0
20168,17551,Suresh Murthy,17,M,0
20169,17552,Harish Gowda,21,M,0
20170,17553,Savitha Setty,66,F,0
20171,17554,Radha Rao,12,F,0
20172,17555,Chaya Kumar,26,F,0
20173,17556,Deepa Patil,17,F,0
20174,17557,Sunita Reddy,75,F,0
20175,17557,Chaya Naik,65,F,0
20176,17558,Deepa Poojary,43,F,0
20177,17559,Anita Rao,12,F,0
20178,17560,Shobha Poojary,42,F,0
20179,17561,Geeta Poojary,24,F,0
20180,17562,Sunita Achar,55,F,0
20181,17563,Prakash Iyer,54,M,0
20182,17564,Santosh Reddy,62,M,0
20183,17565,Sowmya Kumar,45,F,0
20184,17566,Sowmya Murthy,73,F,0
20185,17567,Manjula Rao,60,F,0
20186,17568,Kumar Setty,14,M,0
20187,17569,Savitha Gowda,49,F,0
20188,17570,Yogesh Naidu,40,M,0
20189,17570,Vijay Setty,73,M,0
20190,17571,Prakash Gowda,33,M,0
20191,17572,Geeta Bhat,9,F,0
20192,17573,Yogesh Gowda,49,M,0
20193,17574,Sunita Iyer,49,F,0
20194,17575,Ramesh Reddy,17,M,0
20195,17576,Savitha Shetty,51,F,0
20196,17577,Kavya Achar,15,F,0
20197,17577,Girish Patil,9,M,0
20198,17578,Radha Shetty,11,F,0
20199,17579,Srinivas Bhat,19,M,0
20200,17580,Priya Hegde,75,F,0
20201,17580,Bhagya Naik,71,F,0
20202,17581,Rekha Naik,46,F,0
20203,17581,Raghu Kumar,16,M,0
20204,17582,Naveen Rao,30,M,0
20205,17583,Sunita Achar,61,F,0
20206,17584,Basavaraj Naik,47,M,0
20207,17585,Geeta Reddy,8,F,0
20208,17586,Kavya Poojary,11,F,0
20209,17587,Pooja Reddy,18,F,0
20210,17588,Prakash Reddy,46,M,0
20211,17589,Shwetha Setty,53,F,0
20212,17590,Kumar Hegde,39,M,0
20213,17591,Lakshmi Gowda,39,F,0
20214,17592,Bhagya Murthy,43,F,0
20215,17593,Nandini Rao,69,F,0
20216,17594,Suresh Poojary,54,M,0
20217,17595,Rekha Kumar,43,F,0
20218,17596,Prakash Hegde,74,M,0
20219,17597,Santosh Reddy,6,M,0
20220,17598,Rekha Gowda,69,F,0
20221,17599,Priya Kumar,21,F,0
20222,17599,Sunita Shetty,41,F,0
20223,17600,Pooja Gowda,57,F,0
20224,17601,Basavaraj Setty,21,M,0
20225,17602,Radha Shetty,16,F,0
20226,17603,Prakash Murthy,47,M,0
20227,17604,Manjunath Setty,71,M,0
20228,17605,Geeta Murthy,70,F,0
20229,17606,Mahesh Bhat,45,M,0
20230,17607,Geeta Reddy,68,F,0
20231,17608,Raghu Iyer,41,M,0
20232,17609,Mahesh Achar,19,M,0
20233,17610,Yogesh Iyer,39,M,0
20234,17611,Kavya Shetty,11,F,0
20235,17612,Kumar Hegde,61,M,0
20236,17613,Ramesh Bhat,15,M,0
20237,17614,Shwetha Poojary,31,F,0
20238,17615,Anil Reddy,12,M,0
20239,17616,Raghu Patil,67,M,0
20240,17617,Chaya Achar,18,F,0
20241,17618,Girish Bhat,68,M,0
20242,17619,Vijay Rao,30,M,0
20243,17619,Shwetha Gowda,50,F,0
20244,17620,Naveen Naidu,10,M,0
20245,17621,Sunita Kumar,67,F,0
20246,17622,Anil Setty,13,M,0
20247,17623,Harish Reddy,49,M,0
20248,17624,Srinivas Reddy,32,M,0
20249,17625,Chaya Rao,8,F,0
20250,17626,Nagaraj Patil,51,M,0
20251,17627,Nagaraj Iyer,58,M,0
20252,17628,Shwetha Reddy,24,F,0
20253,17629,Nandini Achar,23,F,0
20254,17630,Ganesh Achar,73,M,0
20255,17631,Shwetha Achar,9,F,0
20256,17632,Pooja Kumar,38,F,0
20257,17633,Sowmya Poojary,43,F,0
20258,17634,Kumar Rao,49,M,0
20259,17635,Geeta Rao,9,F,0
20260,17636,Radha Rao,27,F,0
20261,17637,Manjunath Hegde,46,M,0
20262,17638,Radha Patil,75,F,0
20263,17639,Suresh Hegde,32,M,0
20264,17640,Kavya Reddy,20,F,0
20265,17641,Vijay Patil,8,M,0
20266,17642,Roopa Gowda,9,F,0
20267,17643,Vijay Setty,63,M,0
20268,17644,Kumar Iyer,8,M,0
20269,17645,Nandini Patil,55,F,0
20270,17646,Bhagya Patil,60,F,0
20271,17647,Deepa Rao,34,F,0
20272,17648,Chaya Kumar,30,F,0
20273,17649,Anita Achar,12,F,0
20274,17649,Nagaraj Shetty,54,M,0
20275,17650,Harish Naik,28,M,0
20276,17651,Geeta Murthy,62,F,0
20277,17651,Lakshmi Bhat,13,F,0
20278,17652,Vidya Naidu,27,F,0
20279,17652,Basavaraj Murthy,39,M,0
20280,17653,Anita Reddy,46,F,0
20281,17654,Anita Naik,65,F,0
20282,17655,Srinivas Naik,20,M,0
20283,17656,Shobha Naidu,67,F,0
20284,17657,Sowmya Achar,5,F,0
20285,17658,Shwetha Bhat,10,F,0
20286,17659,Kumar Poojary,6,M,0
20287,17660,Vidya Naik,31,F,0
20288,17661,Priya Poojary,52,F,0
20289,17662,Chaya Iyer,5,F,0
20290,17663,Kumar Naidu,65,M,0
20291,17664,Vidya Hegde,45,F,0
20292,17665,Harish Hegde,37,M,0
20293,17666,Nagaraj Bhat,31,M,0
20294,17667,Roopa Reddy,62,F,0
20295,17668,Naveen Shetty,48,M,0
20296,17668,Vijay Reddy,49,M,0
20297,17669,Harish Bhat,63,M,0
20298,17670,Prakash Hegde,49,M,0
20299,17671,Nagaraj Achar,66,M,0
20300,17672,Radha Naik,75,F,0
20301,17672,Nandini Achar,69,F,0
20302,17673,Anita Hegde,16,F,0
20303,17674,Ravi Iyer,29,M,0
20304,17675,Rekha Murthy,47,F,0
20305,17675,Sunita Shetty,37,F,0
20306,17676,Manjula Kumar,20,F,0
20307,17677,Prakash Achar,53,M,0
20308,17678,Yogesh Patil,52,M,0
20309,17679,Kumar Rao,33,M,0
20310,17680,Savitha Iyer,19,F,0
20311,17681,Radha Patil,63,F,0
20312,17682,Vijay Hegde,60,M,0
20313,17683,Ramesh Bhat,52,M,0
20314,17683,Ganesh Iyer,38,M,0
20315,17684,Kumar Rao,19,M,0
20316,17684,Raghu Bhat,51,M,0
20317,17685,Bhagya Reddy,9,F,0
20318,17686,Harish Achar,58,M,0
20319,17687,Nagaraj Achar,52,M,0
20320,17688,Vijay Patil,72,M,0
20321,17689,Pooja Naidu,73,F,0
20322,17690,Geeta Gowda,42,F,0
20323,17691,Ganesh Murthy,19,M,0
20324,17692,Girish Achar,23,M,0
20325,17693,Nandini Shetty,34,F,0
20326,17694,Ganesh Naik,74,M,0
20327,17695,Sowmya Reddy,61,F,0
20328,17696,Prakash Bhat,13,M,0
20329,17697,Radha Rao,13,F,0
20330,17698,Ramesh Iyer,31,M,0
20331,17699,Suresh Hegde,60,M,0
20332,17700,Priya Achar,17,F,0
20333,17701,Harish Iyer,22,M,0
20334,17702,Shivaraj Bhat,55,M,0
20335,17703,Girish Naidu,40,M,0
20336,17704,Prakash Rao,24,M,0
20337,17705,Sowmya Shetty,45,F,0
20338,17706,Priya Rao,15,F,0
20339,17707,Shwetha Gowda,8,F,0
20340,17708,Manjunath Achar,6,M,0
20341,17709,Anil Reddy,19,M,0
20342,17710,Anita Hegde,56,F,0
20343,17710,Ganesh Setty,22,M,0
20344,17711,Kavya Murthy,31,F,0
20345,17712,Ramesh Hegde,58,M,0
20346,17713,Prakash Shetty,75,M,0
20347,17714,Shobha Setty,41,F,0
20348,17715,Mahesh Achar,48,M,0
20349,17716,Mahesh Patil,28,M,0
20350,17717,Kumar Setty,63,M,0
20351,17717,Rekha Naidu,32,F,0
20352,17718,Bhagya Rao,43,F,0
20353,17718,Srinivas Gowda,26,M,0
20354,17719,Ravi Iyer,9,M,0
20355,17720,Rekha Shetty,32,F,0
20356,17721,Savitha Bhat,62,F,0
20357,17722,Nagaraj Patil,34,M,0
20358,17722,Prakash Rao,37,M,0
20359,17723,Chaya Murthy,26,F,0
20360,17724,Manjunath Bhat,53,M,0
20361,17724,Shivaraj Naik,67,M,0
20362,17725,Geeta Naik,23,F,0
20363,17726,Shwetha Achar,25,F,0
20364,17727,Shwetha Iyer,15,F,0
20365,17727,Deepa Achar,34,F,0
20366,17728,Basavaraj Gowda,71,M,0
20367,17729,Bhagya Hegde,65,F,0
20368,17730,Kumar Patil,42,M,0
20369,17731,Rekha Setty,21,F,0
20370,17732,Roopa Naidu,62,F,0
20371,17733,Raghu Achar,27,M,0
20372,17734,Nagaraj Achar,8,M,0
20373,17735,Ramesh Patil,5,M,0
20374,17736,Pooja Kumar,66,F,0
20375,17737,Bhagya Shetty,72,F,0
20376,17737,Anil Kumar,60,M,0
20377,17738,Harish Shetty,13,M,0
20378,17739,Roopa Patil,25,F,0
20379,17740,Bhagya Reddy,26,F,0
20380,17741,Nagaraj Poojary,10,M,0
20381,17742,Lakshmi Shetty,66,F,0
20382,17743,Vidya Setty,70,F,0
20383,17744,Ganesh Reddy,59,M,0
20384,17745,Ravi Reddy,73,M,0
20385,17746,Roopa Hegde,26,F,0
20386,17746,Bhagya Reddy,53,F,0
20387,17747,Vidya Hegde,68,F,0
20388,17747,Kumar Bhat,19,M,0
20389,17748,Pooja Achar,37,F,0
20390,17749,Raghu Shetty,55,M,0
20391,17750,Roopa Patil,13,F,0
20392,17751,Pooja Reddy,16,F,0
20393,17752,Kumar Hegde,19,M,0
20394,17753,Lakshmi Gowda,11,F,0
20395,17754,Savitha Kumar,72,F,0
20396,17755,Shobha Naidu,31,F,0
20397,17756,Savitha Poojary,26,F,0
20398,17757,Shobha Setty,5,F,0
20399,17758,Harish Naik,58,M,0
20400,17758,Sowmya Rao,14,F,0
20401,17759,Radha Bhat,43,F,0
20402,17760,Geeta Gowda,41,F,0
20403,17760,Shwetha Shetty,39,F,0
20404,17761,Vidya Achar,67,F,0
20405,17762,Harish Gowda,21,M,0
20406,17763,Savitha Setty,60,F,0
20407,17764,Sowmya Rao,35,F,0
20408,17765,Raghu Reddy,23,M,0
20409,17766,Suresh Gowda,37,M,0
20410,17767,Raghu Setty,35,M,0
20411,17768,Shivaraj Patil,59,M,0
20412,17769,Kumar Murthy,65,M,0
20413,17770,Mahesh Reddy,64,M,0
20414,17771,Nagaraj Iyer,44,M,0
20415,17772,Kavya Naik,33,F,0
20416,17773,Priya Hegde,41,F,0
20417,17774,Santosh Reddy,26,M,0
20418,17775,Girish Naidu,21,M,0
20419,17776,Mahesh Achar,53,M,0
20420,17776,Manjula Gowda,17,F,0
20421,17777,Basavaraj Hegde,65,M,0
20422,17777,Rekha Naik,73,F,0
20423,17778,Lakshmi Setty,65,F,0
20424,17779,Shivaraj Iyer,12,M,0
20425,17780,Rekha Setty,62,F,0
20426,17781,Bhagya Rao,13,F,0
20427,17782,Sowmya Murthy,19,F,0
20428,17783,Priya Hegde,40,F,0
20429,17784,Rekha Iyer,66,F,0
20430,17785,Anita Gowda,62,F,0
20431,17786,Kavya Rao,41,F,0
20432,17787,Vidya Naik,24,F,0
20433,17788,Shwetha Naidu,57,F,0
20434,17788,Ramesh Naidu,12,M,0
20435,17789,Harish Gowda,9,M,0
20436,17790,Pooja Murthy,59,F,0
20437,17791,Geeta Shetty,14,F,0
20438,17792,Chaya Achar,12,F,0
20439,17793,Manjula Patil,68,F,0
20440,17794,Radha Naik,35,F,0
20441,17795,Ravi Gowda,41,M,0
20442,17796,Vidya Hegde,34,F,0
20443,17796,Kumar Shetty,43,M,0
20444,17797,Ravi Gowda,67,M,0
20445,17798,Lakshmi Naik,8,F,0
20446,17798,Sunita Naik,60,F,0
20447,17799,Srinivas Poojary,31,M,0
20448,17800,Roopa Naik,20,F,0
20449,17800,Srinivas Gowda,74,M,0
20450,17801,Vijay Poojary,18,M,0
20451,17802,Shivaraj Achar,41,M,0
20452,17803,Savitha Naik,29,F,0
20453,17804,Srinivas Hegde,24,M,0
20454,17805,Priya Iyer,55,F,0
20455,17806,Mahesh Iyer,25,M,0
20456,17807,Ravi Rao,30,M,0
20457,17807,Vijay Poojary,64,M,0
20458,17808,Ganesh Naik,24,M,0
20459,17809,Priya Kumar,74,F,0
20460,17810,Girish Rao,54,M,0
20461,17811,Nagaraj Gowda,12,M,0
20462,17812,Bhagya Bhat,51,F,0
20463,17813,Ramesh Murthy,70,M,0
20464,17814,Harish Bhat,16,M,0
20465,17815,Shobha Setty,34,F,0
20466,17816,Roopa Achar,5,F,0
20467,17817,Suresh Bhat,14,M,0
20468,17818,Vidya Shetty,63,F,0
20469,17819,Ramesh Shetty,51,M,0
20470,17820,Raghu Rao,45,M,0
20471,17821,Shobha Bhat,24,F,0
20472,17822,Girish Shetty,8,M,0
20473,17823,Pooja Gowda,55,F,0
20474,17824,Geeta Hegde,63,F,0
20475,17824,Rekha Murthy,17,F,0
20476,17825,Shwetha Gowda,63,F,0
20477,17826,Bhagya Setty,13,F,0
20478,17827,Ramesh Gowda,72,M,0
20479,17828,Shwetha Kumar,63,F,0
20480,17829,Manjula Naik,59,F,0
20481,17830,Ganesh Poojary,44,M,0
20482,17831,Ramesh Murthy,13,M,0
20483,17832,Prakash Patil,27,M,0
20484,17833,Vijay Kumar,14,M,0
20485,17834,Vijay Shetty,71,M,0
20486,17835,Deepa Rao,72,F,0
20487,17836,Harish Naidu,33,M,0
20488,17836,Nagaraj Murthy,38,M,0
20489,17837,Prakash Setty,25,M,0
20490,17838,Geeta Poojary,69,F,0
20491,17839,Sowmya Patil,7,F,0
20492,17840,Priya Setty,40,F,0
20493,17841,Priya Poojary,23,F,0
20494,17842,Geeta Patil,20,F,0
20495,17842,Vidya Shetty,45,F,0
20496,17843,Lakshmi Hegde,12,F,0
20497,17844,Shobha Iyer,24,F,0
20498,17845,Mahesh Patil,67,M,0
20499,17846,Savitha Bhat,42,F,0
20500,17847,Ramesh Reddy,5,M,0
20501,17848,Shivaraj Gowda,22,M,0
20502,17849,Kumar Naidu,75,M,0
20503,17850,Kavya Naidu,25,F,0
20504,17850,Kumar Naidu,32,M,0
20505,17851,Manjula Patil,6,F,0
20506,17852,Shivaraj Reddy,34,M,0
20507,17853,Raghu Murthy,71,M,0
20508,17854,Vidya Gowda,71,F,0
20509,17855,Nandini Poojary,39,F,0
20510,17855,Sowmya Naidu,18,F,0
20511,17856,Sowmya Poojary,23,F,0
20512,17857,Naveen Rao,36,M,0
20513,17858,Manjula Iyer,27,F,0
20514,17859,Priya Hegde,72,F,0
20515,17860,Girish Setty,14,M,0
20516,17861,Kumar Bhat,31,M,0
20517,17862,Shwetha Gowda,32,F,0
20518,17863,Girish Gowda,10,M,0
20519,17864,Shivaraj Patil,63,M,0
20520,17865,Vijay Setty,63,M,0
20521,17866,Geeta Kumar,70,F,0
20522,17866,Rekha Shetty,69,F,0
20523,17867,Radha Rao,38,F,0
20524,17868,Harish Murthy,52,M,0
20525,17869,Prakash Patil,44,M,0
20526,17870,Geeta Reddy,6,F,0
20527,17871,Sowmya Bhat,16,F,0
20528,17872,Ramesh Poojary,66,M,0
20529,17873,Shivaraj Hegde,53,M,0
20530,17874,Roopa Setty,69,F,0
20531,17875,Suresh Kumar,33,M,0
20532,17876,Vijay Setty,30,M,0
20533,17877,Ganesh Reddy,46,M,0
20534,17878,Nandini Poojary,64,F,0
20535,17879,Srinivas Iyer,65,M,0
20536,17880,Kumar Hegde,12,M,0
20537,17881,Kumar Kumar,75,M,0
20538,17882,Savitha Hegde,63,F,0
20539,17883,Shwetha Iyer,28,F,0
20540,17884,Rekha Shetty,10,F,0
20541,17885,Ravi Poojary,58,M,0
20542,17886,Sowmya Murthy,30,F,0
20543,17887,Manjula Murthy,51,F,0
20544,17888,Harish Achar,69,M,0
20545,17889,Priya Kumar,11,F,0
20546,17890,Mahesh Naidu,12,M,0
20547,17891,Mahesh Poojary,11,M,0
20548,17892,Vidya Naidu,24,F,0
20549,17892,Ravi Setty,33,M,0
20550,17893,Shivaraj Achar,35,M,0
20551,17894,Naveen Bhat,21,M,0
20552,17895,Ganesh Achar,44,M,0
20553,17896,Anita Bhat,49,F,0
20554,17897,Yogesh Shetty,48,M,0
20555,17897,Srinivas Bhat,56,M,0
20556,17898,Naveen Reddy,52,M,0
20557,17899,Naveen Poojary,9,M,0
20558,17900,Kumar Poojary,51,M,0
20559,17901,Girish Poojary,49,M,0
20560,17902,Priya Naidu,20,F,0
20561,17903,Vijay Bhat,28,M,0
20562,17903,Nagaraj Rao,27,M,0
20563,17904,Manjunath Reddy,51,M,0
20564,17905,Nagaraj Setty,54,M,0
20565,17906,Deepa Reddy,75,F,0
20566,17907,Raghu Naidu,62,M,0
20567,17908,Pooja Hegde,15,F,0
20568,17909,Savitha Murthy,28,F,0
20569,17910,Naveen Hegde,28,M,0
20570,17911,Priya Iyer,42,F,0
20571,17912,Harish Setty,11,M,0
20572,17913,Raghu Reddy,31,M,0
20573,17914,Ramesh Iyer,45,M,0
20574,17915,Geeta Naik,58,F,0
20575,17915,Prakash Achar,33,M,0
20576,17916,Savitha Patil,63,F,0
20577,17916,Nandini Poojary,60,F,0
20578,17917,Vidya Murthy,23,F,0
20579,17918,Deepa Hegde,57,F,0
20580,17919,Manjula Hegde,61,F,0
20581,17920,Ramesh Bhat,54,M,0
20582,17921,Srinivas Hegde,66,M,0
20583,17922,Santosh Poojary,52,M,0
20584,17922,Geeta Reddy,25,F,0
20585,17923,Manjula Gowda,11,F,0
20586,17924,Ramesh Shetty,72,M,0
20587,17925,Anita Achar,25,F,0
20588,17926,Priya Rao,23,F,0
20589,17927,Mahesh Kumar,34,M,0
20590,17928,Sowmya Naidu,59,F,0
20591,17929,Bhagya Poojary,17,F,0
20592,17930,Pooja Naidu,36,F,0
20593,17930,Mahesh Murthy,58,M,0
20594,17931,Radha Bhat,19,F,0
20595,17932,Prakash Setty,19,M,0
20596,17933,Priya Patil,38,F,0
20597,17934,Naveen Shetty,42,M,0
20598,17935,Nandini Reddy,64,F,0
20599,17936,Mahesh Poojary,55,M,0
20600,17937,Radha Naik,57,F,0
20601,17938,Ganesh Rao,52,M,0
20602,17939,Girish Patil,26,M,0
20603,17940,Lakshmi Patil,74,F,0
20604,17941,Bhagya Poojary,29,F,0
20605,17942,Sunita Naik,33,F,0
20606,17943,Srinivas Setty,54,M,0
20607,17944,Shivaraj Naidu,51,M,0
20608,17945,Suresh Kumar,59,M,0
20609,17946,Girish Kumar,33,M,0
20610,17947,Prakash Hegde,67,M,0
20611,17948,Raghu Setty,55,M,0
20612,17949,Naveen Naidu,21,M,0
20613,17950,Sunita Patil,62,F,0
20614,17951,Geeta Naik,25,F,0
20615,17952,Anita Naidu,16,F,0
20616,17953,Nandini Reddy,41,F,0
20617,17954,Sunita Poojary,33,F,0
20618,17955,Manjula Bhat,72,F,0
20619,17956,Deepa Poojary,55,F,0
20620,17956,Anita Shetty,29,F,0
20621,17957,Shobha Iyer,54,F,0
20622,17958,Ganesh Naik,10,M,0
20623,17958,Sunita Naik,67,F,0
20624,17959,Yogesh Murthy,19,M,0
20625,17960,Ramesh Gowda,54,M,0
20626,17960,Mahesh Reddy,74,M,0
20627,17961,Yogesh Naidu,32,M,0
20628,17962,Basavaraj Kumar,65,M,0
20629,17963,Savitha Achar,5,F,0
20630,17964,Anita Rao,19,F,0
20631,17964,Ramesh Bhat,56,M,0
20632,17965,Radha Patil,27,F,0
20633,17966,Yogesh Gowda,40,M,0
20634,17967,Girish Iyer,67,M,0
20635,17968,Deepa Shetty,59,F,0
20636,17968,Santosh Poojary,29,M,0
20637,17969,Sunita Naidu,53,F,0
20638,17970,Prakash Patil,72,M,0
20639,17971,Radha Bhat,41,F,0
20640,17972,Geeta Bhat,75,F,0
20641,17973,Anil Setty,50,M,0
20642,17974,Priya Achar,25,F,0
20643,17975,Ganesh Iyer,35,M,0
20644,17975,Prakash Setty,59,M,0
20645,17976,Anil Kumar,44,M,0
20646,17976,Nandini Iyer,29,F,0
20647,17977,Ravi Bhat,30,M,0
20648,17978,Mahesh Hegde,5,M,0
20649,17979,Bhagya Hegde,57,F,0
20650,17980,Rekha Poojary,69,F,0
20651,17981,Anita Achar,67,F,0
20652,17982,Radha Shetty,27,F,0
20653,17983,Naveen Naik,16,M,0
20654,17983,Lakshmi Shetty,53,F,0
20655,17984,Shobha Setty,60,F,0
20656,17985,Roopa Poojary,36,F,0
20657,17985,Raghu Gowda,50,M,0
20658,17986,Nagaraj Kumar,27,M,0
20659,17987,Prakash Naik,23,M,0
20660,17988,Geeta Iyer,17,F,0
20661,17989,Radha Patil,57,F,0
20662,17990,Lakshmi Hegde,8,F,0
20663,17991,Kavya Murthy,44,F,0
20664,17992,Bhagya Hegde,19,F,0
20665,17993,Anita Murthy,36,F,0
20666,17994,Roopa Naidu,52,F,0
20667,17994,Deepa Rao,13,F,0
20668,17995,Anil Reddy,56,M,0
20669,17996,Nagaraj Naik,67,M,0
20670,17997,Chaya Poojary,19,F,0
20671,17998,Ravi Naidu,66,M,0
20672,17998,Geeta Achar,27,F,0
20673,17999,Vijay Gowda,34,M,0
20674,18000,Kavya Hegde,36,F,0
