DistrictID,CrimeMinorHeadID,week,incident_count,week_of_year,month,lag_1,lag_2,lag_4,rolling_avg_4wk,trend_ratio,target_next_week_count
1,1,2024-01-29,1,5,1,0.0,0.0,0.0,0.0,1.0,0.0
1,1,2024-02-05,0,6,2,1.0,0.0,0.0,0.25,0.0,0.0
1,1,2024-02-12,0,7,2,0.0,1.0,0.0,0.25,0.0,0.0
1,1,2024-02-19,0,8,2,0.0,0.0,0.0,0.25,0.0,0.0
1,1,2024-02-26,0,9,2,0.0,0.0,1.0,0.25,0.0,0.0
1,1,2024-03-04,0,10,3,0.0,0.0,0.0,0.0,1.0,0.0
1,1,2024-03-11,0,11,3,0.0,0.0,0.0,0.0,1.0,0.0
1,1,2024-03-18,0,12,3,0.0,0.0,0.0,0.0,1.0,0.0
1,1,2024-03-25,0,13,3,0.0,0.0,0.0,0.0,1.0,1.0
1,1,2024-04-01,1,14,4,0.0,0.0,0.0,0.0,1.0,0.0
1,1,2024-04-08,0,15,4,1.0,0.0,0.0,0.25,0.0,0.0
1,1,2024-04-15,0,16,4,0.0,1.0,0.0,0.25,0.0,0.0
1,1,2024-04-22,0,17,4,0.0,0.0,0.0,0.25,0.0,2.0
1,1,2024-04-29,2,18,4,0.0,0.0,1.0,0.25,8.0,2.0
1,1,2024-05-06,2,19,5,2.0,0.0,0.0,0.5,4.0,0.0
1,1,2024-05-13,0,20,5,2.0,2.0,0.0,1.0,0.0,0.0
1,1,2024-05-20,0,21,5,0.0,2.0,0.0,1.0,0.0,2.0
1,1,2024-05-27,2,22,5,0.0,0.0,2.0,1.0,2.0,1.0
1,1,2024-06-03,1,23,6,2.0,0.0,2.0,1.0,1.0,0.0
1,1,2024-06-10,0,24,6,1.0,2.0,0.0,0.75,0.0,0.0
1,1,2024-06-17,0,25,6,0.0,1.0,0.0,0.75,0.0,0.0
1,1,2024-06-24,0,26,6,0.0,0.0,2.0,0.75,0.0,0.0
1,1,2024-07-01,0,27,7,0.0,0.0,1.0,0.25,0.0,1.0
1,1,2024-07-08,1,28,7,0.0,0.0,0.0,0.0,1.0,0.0
1,1,2024-07-15,0,29,7,1.0,0.0,0.0,0.25,0.0,0.0
1,1,2024-07-22,0,30,7,0.0,1.0,0.0,0.25,0.0,0.0
1,1,2024-07-29,0,31,7,0.0,0.0,0.0,0.25,0.0,0.0
1,1,2024-08-05,0,32,8,0.0,0.0,1.0,0.25,0.0,0.0
1,1,2024-08-12,0,33,8,0.0,0.0,0.0,0.0,1.0,0.0
1,1,2024-08-19,0,34,8,0.0,0.0,0.0,0.0,1.0,0.0
1,1,2024-08-26,0,35,8,0.0,0.0,0.0,0.0,1.0,1.0
1,1,2024-09-02,1,36,9,0.0,0.0,0.0,0.0,1.0,2.0
1,1,2024-09-09,2,37,9,1.0,0.0,0.0,0.25,8.0,0.0
1,1,2024-09-16,0,38,9,2.0,1.0,0.0,0.75,0.0,0.0
1,1,2024-09-23,0,39,9,0.0,2.0,0.0,0.75,0.0,0.0
1,1,2024-09-30,0,40,9,0.0,0.0,1.0,0.75,0.0,1.0
1,1,2024-10-07,1,41,10,0.0,0.0,2.0,0.5,2.0,0.0
1,1,2024-10-14,0,42,10,1.0,0.0,0.0,0.25,0.0,1.0
1,1,2024-10-21,1,43,10,0.0,1.0,0.0,0.25,4.0,0.0
1,1,2024-10-28,0,44,10,1.0,0.0,0.0,0.5,0.0,0.0
1,1,2024-11-04,0,45,11,0.0,1.0,1.0,0.5,0.0,1.0
1,1,2024-11-11,1,46,11,0.0,0.0,0.0,0.25,4.0,1.0
1,1,2024-11-18,1,47,11,1.0,0.0,1.0,0.5,2.0,1.0
1,1,2024-11-25,1,48,11,1.0,1.0,0.0,0.5,2.0,0.0
1,1,2024-12-02,0,49,12,1.0,1.0,0.0,0.75,0.0,1.0
1,1,2024-12-09,1,50,12,0.0,1.0,1.0,0.75,1.3333333333333333,1.0
1,1,2024-12-16,1,51,12,1.0,0.0,1.0,0.75,1.3333333333333333,0.0
1,1,2024-12-23,0,52,12,1.0,1.0,1.0,0.75,0.0,2.0
1,1,2024-12-30,2,1,12,0.0,1.0,0.0,0.5,4.0,1.0
1,1,2025-01-06,1,2,1,2.0,0.0,1.0,1.0,1.0,0.0
1,1,2025-01-13,0,3,1,1.0,2.0,1.0,1.0,0.0,0.0
1,1,2025-01-20,0,4,1,0.0,1.0,0.0,0.75,0.0,2.0
1,1,2025-01-27,2,5,1,0.0,0.0,2.0,0.75,2.6666666666666665,0.0
1,1,2025-02-03,0,6,2,2.0,0.0,1.0,0.75,0.0,0.0
1,1,2025-02-10,0,7,2,0.0,2.0,0.0,0.5,0.0,0.0
1,1,2025-02-17,0,8,2,0.0,0.0,0.0,0.5,0.0,0.0
1,1,2025-02-24,0,9,2,0.0,0.0,2.0,0.5,0.0,1.0
1,1,2025-03-03,1,10,3,0.0,0.0,0.0,0.0,1.0,0.0
1,1,2025-03-10,0,11,3,1.0,0.0,0.0,0.25,0.0,0.0
1,1,2025-03-17,0,12,3,0.0,1.0,0.0,0.25,0.0,0.0
1,1,2025-03-24,0,13,3,0.0,0.0,0.0,0.25,0.0,0.0
1,1,2025-03-31,0,14,3,0.0,0.0,1.0,0.25,0.0,0.0
1,1,2025-04-07,0,15,4,0.0,0.0,0.0,0.0,1.0,0.0
1,1,2025-04-14,0,16,4,0.0,0.0,0.0,0.0,1.0,1.0
1,1,2025-04-21,1,17,4,0.0,0.0,0.0,0.0,1.0,1.0
1,1,2025-04-28,1,18,4,1.0,0.0,0.0,0.25,4.0,0.0
1,1,2025-05-05,0,19,5,1.0,1.0,0.0,0.5,0.0,0.0
1,1,2025-05-12,0,20,5,0.0,1.0,0.0,0.5,0.0,1.0
1,1,2025-05-19,1,21,5,0.0,0.0,1.0,0.5,2.0,0.0
1,1,2025-05-26,0,22,5,1.0,0.0,1.0,0.5,0.0,0.0
1,1,2025-06-02,0,23,6,0.0,1.0,0.0,0.25,0.0,0.0
1,1,2025-06-09,0,24,6,0.0,0.0,0.0,0.25,0.0,0.0
1,1,2025-06-16,0,25,6,0.0,0.0,1.0,0.25,0.0,0.0
1,1,2025-06-23,0,26,6,0.0,0.0,0.0,0.0,1.0,0.0
1,1,2025-06-30,0,27,6,0.0,0.0,0.0,0.0,1.0,1.0
1,1,2025-07-07,1,28,7,0.0,0.0,0.0,0.0,1.0,0.0
1,1,2025-07-14,0,29,7,1.0,0.0,0.0,0.25,0.0,0.0
1,1,2025-07-21,0,30,7,0.0,1.0,0.0,0.25,0.0,0.0
1,1,2025-07-28,0,31,7,0.0,0.0,0.0,0.25,0.0,0.0
1,1,2025-08-04,0,32,8,0.0,0.0,1.0,0.25,0.0,0.0
1,1,2025-08-11,0,33,8,0.0,0.0,0.0,0.0,1.0,0.0
1,1,2025-08-18,0,34,8,0.0,0.0,0.0,0.0,1.0,0.0
1,1,2025-08-25,0,35,8,0.0,0.0,0.0,0.0,1.0,2.0
1,1,2025-09-01,2,36,9,0.0,0.0,0.0,0.0,1.0,1.0
1,1,2025-09-08,1,37,9,2.0,0.0,0.0,0.5,2.0,0.0
1,1,2025-09-15,0,38,9,1.0,2.0,0.0,0.75,0.0,1.0
1,1,2025-09-22,1,39,9,0.0,1.0,0.0,0.75,1.3333333333333333,0.0
1,1,2025-09-29,0,40,9,1.0,0.0,2.0,1.0,0.0,0.0
1,1,2025-10-06,0,41,10,0.0,1.0,1.0,0.5,0.0,0.0
1,1,2025-10-13,0,42,10,0.0,0.0,0.0,0.25,0.0,1.0
1,1,2025-10-20,1,43,10,0.0,0.0,1.0,0.25,4.0,0.0
1,1,2025-10-27,0,44,10,1.0,0.0,0.0,0.25,0.0,0.0
1,1,2025-11-03,0,45,11,0.0,1.0,0.0,0.25,0.0,0.0
1,1,2025-11-10,0,46,11,0.0,0.0,0.0,0.25,0.0,0.0
1,1,2025-11-17,0,47,11,0.0,0.0,1.0,0.25,0.0,0.0
1,1,2025-11-24,0,48,11,0.0,0.0,0.0,0.0,1.0,1.0
1,1,2025-12-01,1,49,12,0.0,0.0,0.0,0.0,1.0,1.0
1,1,2025-12-08,1,50,12,1.0,0.0,0.0,0.25,4.0,0.0
1,1,2025-12-15,0,51,12,1.0,1.0,0.0,0.5,0.0,2.0
1,1,2025-12-22,2,52,12,0.0,1.0,0.0,0.5,4.0,0.0
1,1,2025-12-29,0,1,12,2.0,0.0,1.0,1.0,0.0,1.0
1,1,2026-01-05,1,2,1,0.0,2.0,1.0,0.75,1.3333333333333333,0.0
1,1,2026-01-12,0,3,1,1.0,0.0,0.0,0.75,0.0,0.0
1,1,2026-01-19,0,4,1,0.0,1.0,2.0,0.75,0.0,0.0
1,1,2026-01-26,0,5,1,0.0,0.0,0.0,0.25,0.0,0.0
1,1,2026-02-02,0,6,2,0.0,0.0,1.0,0.25,0.0,0.0
1,1,2026-02-09,0,7,2,0.0,0.0,0.0,0.0,1.0,0.0
1,1,2026-02-16,0,8,2,0.0,0.0,0.0,0.0,1.0,1.0
1,1,2026-02-23,1,9,2,0.0,0.0,0.0,0.0,1.0,0.0
1,1,2026-03-02,0,10,3,1.0,0.0,0.0,0.25,0.0,1.0
1,1,2026-03-09,1,11,3,0.0,1.0,0.0,0.25,4.0,0.0
1,1,2026-03-16,0,12,3,1.0,0.0,0.0,0.5,0.0,0.0
1,1,2026-03-23,0,13,3,0.0,1.0,1.0,0.5,0.0,0.0
1,1,2026-03-30,0,14,3,0.0,0.0,0.0,0.25,0.0,0.0
1,1,2026-04-06,0,15,4,0.0,0.0,1.0,0.25,0.0,0.0
1,1,2026-04-13,0,16,4,0.0,0.0,0.0,0.0,1.0,0.0
1,1,2026-04-20,0,17,4,0.0,0.0,0.0,0.0,1.0,0.0
1,1,2026-04-27,0,18,4,0.0,0.0,0.0,0.0,1.0,0.0
1,1,2026-05-04,0,19,5,0.0,0.0,0.0,0.0,1.0,1.0
1,1,2026-05-11,1,20,5,0.0,0.0,0.0,0.0,1.0,1.0
1,1,2026-05-18,1,21,5,1.0,0.0,0.0,0.25,4.0,1.0
1,1,2026-05-25,1,22,5,1.0,1.0,0.0,0.5,2.0,0.0
1,1,2026-06-01,0,23,6,1.0,1.0,0.0,0.75,0.0,0.0
1,1,2026-06-08,0,24,6,0.0,1.0,1.0,0.75,0.0,2.0
1,1,2026-06-15,2,25,6,0.0,0.0,1.0,0.5,4.0,0.0
1,1,2026-06-22,0,26,6,2.0,0.0,1.0,0.75,0.0,0.0
1,2,2024-01-29,2,5,1,0.0,1.0,1.0,0.5,4.0,1.0
1,2,2024-02-05,1,6,2,2.0,0.0,0.0,0.75,1.3333333333333333,0.0
1,2,2024-02-12,0,7,2,1.0,2.0,1.0,1.0,0.0,0.0
1,2,2024-02-19,0,8,2,0.0,1.0,0.0,0.75,0.0,0.0
1,2,2024-02-26,0,9,2,0.0,0.0,2.0,0.75,0.0,1.0
1,2,2024-03-04,1,10,3,0.0,0.0,1.0,0.25,4.0,0.0
1,2,2024-03-11,0,11,3,1.0,0.0,0.0,0.25,0.0,1.0
1,2,2024-03-18,1,12,3,0.0,1.0,0.0,0.25,4.0,1.0
1,2,2024-03-25,1,13,3,1.0,0.0,0.0,0.5,2.0,0.0
1,2,2024-04-01,0,14,4,1.0,1.0,1.0,0.75,0.0,0.0
1,2,2024-04-08,0,15,4,0.0,1.0,0.0,0.5,0.0,0.0
1,2,2024-04-15,0,16,4,0.0,0.0,1.0,0.5,0.0,1.0
1,2,2024-04-22,1,17,4,0.0,0.0,1.0,0.25,4.0,3.0
1,2,2024-04-29,3,18,4,1.0,0.0,0.0,0.25,12.0,0.0
1,2,2024-05-06,0,19,5,3.0,1.0,0.0,1.0,0.0,0.0
1,2,2024-05-13,0,20,5,0.0,3.0,0.0,1.0,0.0,2.0
1,2,2024-05-20,2,21,5,0.0,0.0,1.0,1.0,2.0,0.0
1,2,2024-05-27,0,22,5,2.0,0.0,3.0,1.25,0.0,1.0
1,2,2024-06-03,1,23,6,0.0,2.0,0.0,0.5,2.0,0.0
1,2,2024-06-10,0,24,6,1.0,0.0,0.0,0.75,0.0,0.0
1,2,2024-06-17,0,25,6,0.0,1.0,2.0,0.75,0.0,0.0
1,2,2024-06-24,0,26,6,0.0,0.0,0.0,0.25,0.0,0.0
1,2,2024-07-01,0,27,7,0.0,0.0,1.0,0.25,0.0,1.0
1,2,2024-07-08,1,28,7,0.0,0.0,0.0,0.0,1.0,1.0
1,2,2024-07-15,1,29,7,1.0,0.0,0.0,0.25,4.0,0.0
1,2,2024-07-22,0,30,7,1.0,1.0,0.0,0.5,0.0,0.0
1,2,2024-07-29,0,31,7,0.0,1.0,0.0,0.5,0.0,0.0
1,2,2024-08-05,0,32,8,0.0,0.0,1.0,0.5,0.0,0.0
1,2,2024-08-12,0,33,8,0.0,0.0,1.0,0.25,0.0,0.0
1,2,2024-08-19,0,34,8,0.0,0.0,0.0,0.0,1.0,0.0
1,2,2024-08-26,0,35,8,0.0,0.0,0.0,0.0,1.0,0.0
1,2,2024-09-02,0,36,9,0.0,0.0,0.0,0.0,1.0,0.0
1,2,2024-09-09,0,37,9,0.0,0.0,0.0,0.0,1.0,0.0
1,2,2024-09-16,0,38,9,0.0,0.0,0.0,0.0,1.0,1.0
1,2,2024-09-23,1,39,9,0.0,0.0,0.0,0.0,1.0,0.0
1,2,2024-09-30,0,40,9,1.0,0.0,0.0,0.25,0.0,0.0
1,2,2024-10-07,0,41,10,0.0,1.0,0.0,0.25,0.0,0.0
1,2,2024-10-14,0,42,10,0.0,0.0,0.0,0.25,0.0,0.0
1,2,2024-10-21,0,43,10,0.0,0.0,1.0,0.25,0.0,0.0
1,2,2024-10-28,0,44,10,0.0,0.0,0.0,0.0,1.0,0.0
1,2,2024-11-04,0,45,11,0.0,0.0,0.0,0.0,1.0,0.0
1,2,2024-11-11,0,46,11,0.0,0.0,0.0,0.0,1.0,0.0
1,2,2024-11-18,0,47,11,0.0,0.0,0.0,0.0,1.0,0.0
1,2,2024-11-25,0,48,11,0.0,0.0,0.0,0.0,1.0,0.0
1,2,2024-12-02,0,49,12,0.0,0.0,0.0,0.0,1.0,0.0
1,2,2024-12-09,0,50,12,0.0,0.0,0.0,0.0,1.0,0.0
1,2,2024-12-16,0,51,12,0.0,0.0,0.0,0.0,1.0,2.0
1,2,2024-12-23,2,52,12,0.0,0.0,0.0,0.0,1.0,1.0
1,2,2024-12-30,1,1,12,2.0,0.0,0.0,0.5,2.0,0.0
1,2,2025-01-06,0,2,1,1.0,2.0,0.0,0.75,0.0,0.0
1,2,2025-01-13,0,3,1,0.0,1.0,0.0,0.75,0.0,2.0
1,2,2025-01-20,2,4,1,0.0,0.0,2.0,0.75,2.6666666666666665,1.0
1,2,2025-01-27,1,5,1,2.0,0.0,1.0,0.75,1.3333333333333333,0.0
1,2,2025-02-03,0,6,2,1.0,2.0,0.0,0.75,0.0,0.0
1,2,2025-02-10,0,7,2,0.0,1.0,0.0,0.75,0.0,1.0
1,2,2025-02-17,1,8,2,0.0,0.0,2.0,0.75,1.3333333333333333,0.0
1,2,2025-02-24,0,9,2,1.0,0.0,1.0,0.5,0.0,1.0
1,2,2025-03-03,1,10,3,0.0,1.0,0.0,0.25,4.0,1.0
1,2,2025-03-10,1,11,3,1.0,0.0,0.0,0.5,2.0,0.0
1,2,2025-03-17,0,12,3,1.0,1.0,1.0,0.75,0.0,1.0
1,2,2025-03-24,1,13,3,0.0,1.0,0.0,0.5,2.0,0.0
1,2,2025-03-31,0,14,3,1.0,0.0,1.0,0.75,0.0,0.0
1,2,2025-04-07,0,15,4,0.0,1.0,1.0,0.5,0.0,1.0
1,2,2025-04-14,1,16,4,0.0,0.0,0.0,0.25,4.0,1.0
1,2,2025-04-21,1,17,4,1.0,0.0,1.0,0.5,2.0,0.0
1,2,2025-04-28,0,18,4,1.0,1.0,0.0,0.5,0.0,0.0
1,2,2025-05-05,0,19,5,0.0,1.0,0.0,0.5,0.0,1.0
1,2,2025-05-12,1,20,5,0.0,0.0,1.0,0.5,2.0,1.0
1,2,2025-05-19,1,21,5,1.0,0.0,1.0,0.5,2.0,2.0
1,2,2025-05-26,2,22,5,1.0,1.0,0.0,0.5,4.0,2.0
1,2,2025-06-02,2,23,6,2.0,1.0,0.0,1.0,2.0,0.0
1,2,2025-06-09,0,24,6,2.0,2.0,1.0,1.5,0.0,1.0
1,2,2025-06-16,1,25,6,0.0,2.0,1.0,1.25,0.8,0.0
1,2,2025-06-23,0,26,6,1.0,0.0,2.0,1.25,0.0,0.0
1,2,2025-06-30,0,27,6,0.0,1.0,2.0,0.75,0.0,1.0
1,2,2025-07-07,1,28,7,0.0,0.0,0.0,0.25,4.0,0.0
1,2,2025-07-14,0,29,7,1.0,0.0,1.0,0.5,0.0,0.0
1,2,2025-07-21,0,30,7,0.0,1.0,0.0,0.25,0.0,0.0
1,2,2025-07-28,0,31,7,0.0,0.0,0.0,0.25,0.0,0.0
1,2,2025-08-04,0,32,8,0.0,0.0,1.0,0.25,0.0,0.0
1,2,2025-08-11,0,33,8,0.0,0.0,0.0,0.0,1.0,0.0
1,2,2025-08-18,0,34,8,0.0,0.0,0.0,0.0,1.0,0.0
1,2,2025-08-25,0,35,8,0.0,0.0,0.0,0.0,1.0,1.0
1,2,2025-09-01,1,36,9,0.0,0.0,0.0,0.0,1.0,2.0
1,2,2025-09-08,2,37,9,1.0,0.0,0.0,0.25,8.0,1.0
1,2,2025-09-15,1,38,9,2.0,1.0,0.0,0.75,1.3333333333333333,1.0
1,2,2025-09-22,1,39,9,1.0,2.0,0.0,1.0,1.0,0.0
1,2,2025-09-29,0,40,9,1.0,1.0,1.0,1.25,0.0,0.0
1,2,2025-10-06,0,41,10,0.0,1.0,2.0,1.0,0.0,0.0
1,2,2025-10-13,0,42,10,0.0,0.0,1.0,0.5,0.0,0.0
1,2,2025-10-20,0,43,10,0.0,0.0,1.0,0.25,0.0,0.0
1,2,2025-10-27,0,44,10,0.0,0.0,0.0,0.0,1.0,0.0
1,2,2025-11-03,0,45,11,0.0,0.0,0.0,0.0,1.0,0.0
1,2,2025-11-10,0,46,11,0.0,0.0,0.0,0.0,1.0,1.0
1,2,2025-11-17,1,47,11,0.0,0.0,0.0,0.0,1.0,0.0
1,2,2025-11-24,0,48,11,1.0,0.0,0.0,0.25,0.0,0.0
1,2,2025-12-01,0,49,12,0.0,1.0,0.0,0.25,0.0,0.0
1,2,2025-12-08,0,50,12,0.0,0.0,0.0,0.25,0.0,1.0
1,2,2025-12-15,1,51,12,0.0,0.0,1.0,0.25,4.0,1.0
1,2,2025-12-22,1,52,12,1.0,0.0,0.0,0.25,4.0,0.0
1,2,2025-12-29,0,1,12,1.0,1.0,0.0,0.5,0.0,1.0
1,2,2026-01-05,1,2,1,0.0,1.0,0.0,0.5,2.0,0.0
1,2,2026-01-12,0,3,1,1.0,0.0,1.0,0.75,0.0,0.0
1,2,2026-01-19,0,4,1,0.0,1.0,1.0,0.5,0.0,1.0
1,2,2026-01-26,1,5,1,0.0,0.0,0.0,0.25,4.0,0.0
1,2,2026-02-02,0,6,2,1.0,0.0,1.0,0.5,0.0,1.0
1,2,2026-02-09,1,7,2,0.0,1.0,0.0,0.25,4.0,1.0
1,2,2026-02-16,1,8,2,1.0,0.0,0.0,0.5,2.0,0.0
1,2,2026-02-23,0,9,2,1.0,1.0,1.0,0.75,0.0,0.0
1,2,2026-03-02,0,10,3,0.0,1.0,0.0,0.5,0.0,0.0
1,2,2026-03-09,0,11,3,0.0,0.0,1.0,0.5,0.0,0.0
1,2,2026-03-16,0,12,3,0.0,0.0,1.0,0.25,0.0,0.0
1,2,2026-03-23,0,13,3,0.0,0.0,0.0,0.0,1.0,1.0
1,2,2026-03-30,1,14,3,0.0,0.0,0.0,0.0,1.0,1.0
1,2,2026-04-06,1,15,4,1.0,0.0,0.0,0.25,4.0,0.0
1,2,2026-04-13,0,16,4,1.0,1.0,0.0,0.5,0.0,1.0
1,2,2026-04-20,1,17,4,0.0,1.0,0.0,0.5,2.0,0.0
1,2,2026-04-27,0,18,4,1.0,0.0,1.0,0.75,0.0,0.0
1,2,2026-05-04,0,19,5,0.0,1.0,1.0,0.5,0.0,0.0
1,2,2026-05-11,0,20,5,0.0,0.0,0.0,0.25,0.0,2.0
1,2,2026-05-18,2,21,5,0.0,0.0,1.0,0.25,8.0,1.0
1,2,2026-05-25,1,22,5,2.0,0.0,0.0,0.5,2.0,0.0
1,2,2026-06-01,0,23,6,1.0,2.0,0.0,0.75,0.0,0.0
1,2,2026-06-08,0,24,6,0.0,1.0,0.0,0.75,0.0,0.0
1,2,2026-06-15,0,25,6,0.0,0.0,2.0,0.75,0.0,0.0
1,2,2026-06-22,0,26,6,0.0,0.0,1.0,0.25,0.0,0.0
1,3,2024-01-29,0,5,1,0.0,0.0,0.0,0.25,0.0,0.0
1,3,2024-02-05,0,6,2,0.0,0.0,1.0,0.25,0.0,0.0
1,3,2024-02-12,0,7,2,0.0,0.0,0.0,0.0,1.0,1.0
1,3,2024-02-19,1,8,2,0.0,0.0,0.0,0.0,1.0,0.0
1,3,2024-02-26,0,9,2,1.0,0.0,0.0,0.25,0.0,0.0
1,3,2024-03-04,0,10,3,0.0,1.0,0.0,0.25,0.0,0.0
1,3,2024-03-11,0,11,3,0.0,0.0,0.0,0.25,0.0,0.0
1,3,2024-03-18,0,12,3,0.0,0.0,1.0,0.25,0.0,0.0
1,3,2024-03-25,0,13,3,0.0,0.0,0.0,0.0,1.0,0.0
1,3,2024-04-01,0,14,4,0.0,0.0,0.0,0.0,1.0,0.0
1,3,2024-04-08,0,15,4,0.0,0.0,0.0,0.0,1.0,0.0
1,3,2024-04-15,0,16,4,0.0,0.0,0.0,0.0,1.0,1.0
1,3,2024-04-22,1,17,4,0.0,0.0,0.0,0.0,1.0,0.0
1,3,2024-04-29,0,18,4,1.0,0.0,0.0,0.25,0.0,1.0
1,3,2024-05-06,1,19,5,0.0,1.0,0.0,0.25,4.0,0.0
1,3,2024-05-13,0,20,5,1.0,0.0,0.0,0.5,0.0,1.0
1,3,2024-05-20,1,21,5,0.0,1.0,1.0,0.5,2.0,0.0
1,3,2024-05-27,0,22,5,1.0,0.0,0.0,0.5,0.0,0.0
1,3,2024-06-03,0,23,6,0.0,1.0,1.0,0.5,0.0,0.0
1,3,2024-06-10,0,24,6,0.0,0.0,0.0,0.25,0.0,0.0
1,3,2024-06-17,0,25,6,0.0,0.0,1.0,0.25,0.0,1.0
1,3,2024-06-24,1,26,6,0.0,0.0,0.0,0.0,1.0,0.0
1,3,2024-07-01,0,27,7,1.0,0.0,0.0,0.25,0.0,1.0
1,3,2024-07-08,1,28,7,0.0,1.0,0.0,0.25,4.0,1.0
1,3,2024-07-15,1,29,7,1.0,0.0,0.0,0.5,2.0,0.0
1,3,2024-07-22,0,30,7,1.0,1.0,1.0,0.75,0.0,0.0
1,3,2024-07-29,0,31,7,0.0,1.0,0.0,0.5,0.0,0.0
1,3,2024-08-05,0,32,8,0.0,0.0,1.0,0.5,0.0,0.0
1,3,2024-08-12,0,33,8,0.0,0.0,1.0,0.25,0.0,0.0
1,3,2024-08-19,0,34,8,0.0,0.0,0.0,0.0,1.0,0.0
1,3,2024-08-26,0,35,8,0.0,0.0,0.0,0.0,1.0,0.0
1,3,2024-09-02,0,36,9,0.0,0.0,0.0,0.0,1.0,0.0
1,3,2024-09-09,0,37,9,0.0,0.0,0.0,0.0,1.0,2.0
1,3,2024-09-16,2,38,9,0.0,0.0,0.0,0.0,1.0,0.0
1,3,2024-09-23,0,39,9,2.0,0.0,0.0,0.5,0.0,0.0
1,3,2024-09-30,0,40,9,0.0,2.0,0.0,0.5,0.0,0.0
1,3,2024-10-07,0,41,10,0.0,0.0,0.0,0.5,0.0,0.0
1,3,2024-10-14,0,42,10,0.0,0.0,2.0,0.5,0.0,0.0
1,3,2024-10-21,0,43,10,0.0,0.0,0.0,0.0,1.0,1.0
1,3,2024-10-28,1,44,10,0.0,0.0,0.0,0.0,1.0,1.0
1,3,2024-11-04,1,45,11,1.0,0.0,0.0,0.25,4.0,0.0
1,3,2024-11-11,0,46,11,1.0,1.0,0.0,0.5,0.0,0.0
1,3,2024-11-18,0,47,11,0.0,1.0,0.0,0.5,0.0,1.0
1,3,2024-11-25,1,48,11,0.0,0.0,1.0,0.5,2.0,2.0
1,3,2024-12-02,2,49,12,1.0,0.0,1.0,0.5,4.0,0.0
1,3,2024-12-09,0,50,12,2.0,1.0,0.0,0.75,0.0,1.0
1,3,2024-12-16,1,51,12,0.0,2.0,0.0,0.75,1.3333333333333333,1.0
1,3,2024-12-23,1,52,12,1.0,0.0,1.0,1.0,1.0,0.0
1,3,2024-12-30,0,1,12,1.0,1.0,2.0,1.0,0.0,1.0
1,3,2025-01-06,1,2,1,0.0,1.0,0.0,0.5,2.0,1.0
1,3,2025-01-13,1,3,1,1.0,0.0,1.0,0.75,1.3333333333333333,0.0
1,3,2025-01-20,0,4,1,1.0,1.0,1.0,0.75,0.0,0.0
1,3,2025-01-27,0,5,1,0.0,1.0,0.0,0.5,0.0,0.0
1,3,2025-02-03,0,6,2,0.0,0.0,1.0,0.5,0.0,1.0
1,3,2025-02-10,1,7,2,0.0,0.0,1.0,0.25,4.0,0.0
1,3,2025-02-17,0,8,2,1.0,0.0,0.0,0.25,0.0,0.0
1,3,2025-02-24,0,9,2,0.0,1.0,0.0,0.25,0.0,3.0
1,3,2025-03-03,3,10,3,0.0,0.0,0.0,0.25,12.0,0.0
1,3,2025-03-10,0,11,3,3.0,0.0,1.0,1.0,0.0,0.0
1,3,2025-03-17,0,12,3,0.0,3.0,0.0,0.75,0.0,1.0
1,3,2025-03-24,1,13,3,0.0,0.0,0.0,0.75,1.3333333333333333,1.0
1,3,2025-03-31,1,14,3,1.0,0.0,3.0,1.0,1.0,0.0
1,3,2025-04-07,0,15,4,1.0,1.0,0.0,0.5,0.0,1.0
1,3,2025-04-14,1,16,4,0.0,1.0,0.0,0.5,2.0,1.0
1,3,2025-04-21,1,17,4,1.0,0.0,1.0,0.75,1.3333333333333333,0.0
1,3,2025-04-28,0,18,4,1.0,1.0,1.0,0.75,0.0,2.0
1,3,2025-05-05,2,19,5,0.0,1.0,0.0,0.5,4.0,1.0
1,3,2025-05-12,1,20,5,2.0,0.0,1.0,1.0,1.0,0.0
1,3,2025-05-19,0,21,5,1.0,2.0,1.0,1.0,0.0,1.0
1,3,2025-05-26,1,22,5,0.0,1.0,0.0,0.75,1.3333333333333333,0.0
1,3,2025-06-02,0,23,6,1.0,0.0,2.0,1.0,0.0,1.0
1,3,2025-06-09,1,24,6,0.0,1.0,1.0,0.5,2.0,0.0
1,3,2025-06-16,0,25,6,1.0,0.0,0.0,0.5,0.0,0.0
1,3,2025-06-23,0,26,6,0.0,1.0,1.0,0.5,0.0,0.0
1,3,2025-06-30,0,27,6,0.0,0.0,0.0,0.25,0.0,1.0
1,3,2025-07-07,1,28,7,0.0,0.0,1.0,0.25,4.0,2.0
1,3,2025-07-14,2,29,7,1.0,0.0,0.0,0.25,8.0,0.0
1,3,2025-07-21,0,30,7,2.0,1.0,0.0,0.75,0.0,0.0
1,3,2025-07-28,0,31,7,0.0,2.0,0.0,0.75,0.0,0.0
1,3,2025-08-04,0,32,8,0.0,0.0,1.0,0.75,0.0,0.0
1,3,2025-08-11,0,33,8,0.0,0.0,2.0,0.5,0.0,0.0
1,3,2025-08-18,0,34,8,0.0,0.0,0.0,0.0,1.0,1.0
1,3,2025-08-25,1,35,8,0.0,0.0,0.0,0.0,1.0,1.0
1,3,2025-09-01,1,36,9,1.0,0.0,0.0,0.25,4.0,0.0
1,3,2025-09-08,0,37,9,1.0,1.0,0.0,0.5,0.0,0.0
1,3,2025-09-15,0,38,9,0.0,1.0,0.0,0.5,0.0,0.0
1,3,2025-09-22,0,39,9,0.0,0.0,1.0,0.5,0.0,1.0
1,3,2025-09-29,1,40,9,0.0,0.0,1.0,0.25,4.0,1.0
1,3,2025-10-06,1,41,10,1.0,0.0,0.0,0.25,4.0,1.0
1,3,2025-10-13,1,42,10,1.0,1.0,0.0,0.5,2.0,0.0
1,3,2025-10-20,0,43,10,1.0,1.0,0.0,0.75,0.0,2.0
1,3,2025-10-27,2,44,10,0.0,1.0,1.0,0.75,2.6666666666666665,0.0
1,3,2025-11-03,0,45,11,2.0,0.0,1.0,1.0,0.0,0.0
1,3,2025-11-10,0,46,11,0.0,2.0,1.0,0.75,0.0,1.0
1,3,2025-11-17,1,47,11,0.0,0.0,0.0,0.5,2.0,0.0
1,3,2025-11-24,0,48,11,1.0,0.0,2.0,0.75,0.0,1.0
1,3,2025-12-01,1,49,12,0.0,1.0,0.0,0.25,4.0,0.0
1,3,2025-12-08,0,50,12,1.0,0.0,0.0,0.5,0.0,1.0
1,3,2025-12-15,1,51,12,0.0,1.0,1.0,0.5,2.0,1.0
1,3,2025-12-22,1,52,12,1.0,0.0,0.0,0.5,2.0,1.0
1,3,2025-12-29,1,1,12,1.0,1.0,1.0,0.75,1.3333333333333333,0.0
1,3,2026-01-05,0,2,1,1.0,1.0,0.0,0.75,0.0,1.0
1,3,2026-01-12,1,3,1,0.0,1.0,1.0,0.75,1.3333333333333333,1.0
1,3,2026-01-19,1,4,1,1.0,0.0,1.0,0.75,1.3333333333333333,1.0
1,3,2026-01-26,1,5,1,1.0,1.0,1.0,0.75,1.3333333333333333,1.0
1,3,2026-02-02,1,6,2,1.0,1.0,0.0,0.75,1.3333333333333333,1.0
1,3,2026-02-09,1,7,2,1.0,1.0,1.0,1.0,1.0,0.0
1,3,2026-02-16,0,8,2,1.0,1.0,1.0,1.0,0.0,1.0
1,3,2026-02-23,1,9,2,0.0,1.0,1.0,0.75,1.3333333333333333,1.0
1,3,2026-03-02,1,10,3,1.0,0.0,1.0,0.75,1.3333333333333333,0.0
1,3,2026-03-09,0,11,3,1.0,1.0,1.0,0.75,0.0,0.0
1,3,2026-03-16,0,12,3,0.0,1.0,0.0,0.5,0.0,0.0
1,3,2026-03-23,0,13,3,0.0,0.0,1.0,0.5,0.0,1.0
1,3,2026-03-30,1,14,3,0.0,0.0,1.0,0.25,4.0,1.0
1,3,2026-04-06,1,15,4,1.0,0.0,0.0,0.25,4.0,0.0
1,3,2026-04-13,0,16,4,1.0,1.0,0.0,0.5,0.0,0.0
1,3,2026-04-20,0,17,4,0.0,1.0,0.0,0.5,0.0,0.0
1,3,2026-04-27,0,18,4,0.0,0.0,1.0,0.5,0.0,2.0
1,3,2026-05-04,2,19,5,0.0,0.0,1.0,0.25,8.0,1.0
1,3,2026-05-11,1,20,5,2.0,0.0,0.0,0.5,2.0,0.0
1,3,2026-05-18,0,21,5,1.0,2.0,0.0,0.75,0.0,0.0
1,3,2026-05-25,0,22,5,0.0,1.0,0.0,0.75,0.0,0.0
1,3,2026-06-01,0,23,6,0.0,0.0,2.0,0.75,0.0,1.0
1,3,2026-06-08,1,24,6,0.0,0.0,1.0,0.25,4.0,1.0
1,3,2026-06-15,1,25,6,1.0,0.0,0.0,0.25,4.0,0.0
1,3,2026-06-22,0,26,6,1.0,1.0,0.0,0.5,0.0,0.0
1,4,2024-01-29,1,5,1,0.0,1.0,0.0,0.5,2.0,0.0
1,4,2024-02-05,0,6,2,1.0,0.0,1.0,0.75,0.0,0.0
1,4,2024-02-12,0,7,2,0.0,1.0,1.0,0.5,0.0,1.0
1,4,2024-02-19,1,8,2,0.0,0.0,0.0,0.25,4.0,0.0
1,4,2024-02-26,0,9,2,1.0,0.0,1.0,0.5,0.0,0.0
1,4,2024-03-04,0,10,3,0.0,1.0,0.0,0.25,0.0,0.0
1,4,2024-03-11,0,11,3,0.0,0.0,0.0,0.25,0.0,0.0
1,4,2024-03-18,0,12,3,0.0,0.0,1.0,0.25,0.0,0.0
1,4,2024-03-25,0,13,3,0.0,0.0,0.0,0.0,1.0,0.0
1,4,2024-04-01,0,14,4,0.0,0.0,0.0,0.0,1.0,0.0
1,4,2024-04-08,0,15,4,0.0,0.0,0.0,0.0,1.0,0.0
1,4,2024-04-15,0,16,4,0.0,0.0,0.0,0.0,1.0,0.0
1,4,2024-04-22,0,17,4,0.0,0.0,0.0,0.0,1.0,0.0
1,4,2024-04-29,0,18,4,0.0,0.0,0.0,0.0,1.0,1.0
1,4,2024-05-06,1,19,5,0.0,0.0,0.0,0.0,1.0,1.0
1,4,2024-05-13,1,20,5,1.0,0.0,0.0,0.25,4.0,0.0
1,4,2024-05-20,0,21,5,1.0,1.0,0.0,0.5,0.0,0.0
1,4,2024-05-27,0,22,5,0.0,1.0,0.0,0.5,0.0,0.0
1,4,2024-06-03,0,23,6,0.0,0.0,1.0,0.5,0.0,0.0
1,4,2024-06-10,0,24,6,0.0,0.0,1.0,0.25,0.0,0.0
1,4,2024-06-17,0,25,6,0.0,0.0,0.0,0.0,1.0,1.0
1,4,2024-06-24,1,26,6,0.0,0.0,0.0,0.0,1.0,0.0
1,4,2024-07-01,0,27,7,1.0,0.0,0.0,0.25,0.0,0.0
1,4,2024-07-08,0,28,7,0.0,1.0,0.0,0.25,0.0,0.0
1,4,2024-07-15,0,29,7,0.0,0.0,0.0,0.25,0.0,0.0
1,4,2024-07-22,0,30,7,0.0,0.0,1.0,0.25,0.0,0.0
1,4,2024-07-29,0,31,7,0.0,0.0,0.0,0.0,1.0,1.0
1,4,2024-08-05,1,32,8,0.0,0.0,0.0,0.0,1.0,0.0
1,4,2024-08-12,0,33,8,1.0,0.0,0.0,0.25,0.0,0.0
1,4,2024-08-19,0,34,8,0.0,1.0,0.0,0.25,0.0,0.0
1,4,2024-08-26,0,35,8,0.0,0.0,0.0,0.25,0.0,0.0
1,4,2024-09-02,0,36,9,0.0,0.0,1.0,0.25,0.0,0.0
1,4,2024-09-09,0,37,9,0.0,0.0,0.0,0.0,1.0,2.0
1,4,2024-09-16,2,38,9,0.0,0.0,0.0,0.0,1.0,0.0
1,4,2024-09-23,0,39,9,2.0,0.0,0.0,0.5,0.0,1.0
1,4,2024-09-30,1,40,9,0.0,2.0,0.0,0.5,2.0,1.0
1,4,2024-10-07,1,41,10,1.0,0.0,0.0,0.75,1.3333333333333333,0.0
1,4,2024-10-14,0,42,10,1.0,1.0,2.0,1.0,0.0,0.0
1,4,2024-10-21,0,43,10,0.0,1.0,0.0,0.5,0.0,2.0
1,4,2024-10-28,2,44,10,0.0,0.0,1.0,0.5,4.0,1.0
1,4,2024-11-04,1,45,11,2.0,0.0,1.0,0.75,1.3333333333333333,0.0
1,4,2024-11-11,0,46,11,1.0,2.0,0.0,0.75,0.0,0.0
1,4,2024-11-18,0,47,11,0.0,1.0,0.0,0.75,0.0,0.0
1,4,2024-11-25,0,48,11,0.0,0.0,2.0,0.75,0.0,0.0
1,4,2024-12-02,0,49,12,0.0,0.0,1.0,0.25,0.0,0.0
1,4,2024-12-09,0,50,12,0.0,0.0,0.0,0.0,1.0,1.0
1,4,2024-12-16,1,51,12,0.0,0.0,0.0,0.0,1.0,0.0
1,4,2024-12-23,0,52,12,1.0,0.0,0.0,0.25,0.0,0.0
1,4,2024-12-30,0,1,12,0.0,1.0,0.0,0.25,0.0,0.0
1,4,2025-01-06,0,2,1,0.0,0.0,0.0,0.25,0.0,0.0
1,4,2025-01-13,0,3,1,0.0,0.0,1.0,0.25,0.0,0.0
1,4,2025-01-20,0,4,1,0.0,0.0,0.0,0.0,1.0,1.0
1,4,2025-01-27,1,5,1,0.0,0.0,0.0,0.0,1.0,0.0
1,4,2025-02-03,0,6,2,1.0,0.0,0.0,0.25,0.0,2.0
1,4,2025-02-10,2,7,2,0.0,1.0,0.0,0.25,8.0,1.0
1,4,2025-02-17,1,8,2,2.0,0.0,0.0,0.75,1.3333333333333333,1.0
1,4,2025-02-24,1,9,2,1.0,2.0,1.0,1.0,1.0,3.0
1,4,2025-03-03,3,10,3,1.0,1.0,0.0,1.0,3.0,1.0
1,4,2025-03-10,1,11,3,3.0,1.0,2.0,1.75,0.5714285714285714,1.0
1,4,2025-03-17,1,12,3,1.0,3.0,1.0,1.5,0.6666666666666666,1.0
1,4,2025-03-24,1,13,3,1.0,1.0,1.0,1.5,0.6666666666666666,1.0
1,4,2025-03-31,1,14,3,1.0,1.0,3.0,1.5,0.6666666666666666,1.0
1,4,2025-04-07,1,15,4,1.0,1.0,1.0,1.0,1.0,0.0
1,4,2025-04-14,0,16,4,1.0,1.0,1.0,1.0,0.0,1.0
1,4,2025-04-21,1,17,4,0.0,1.0,1.0,0.75,1.3333333333333333,1.0
1,4,2025-04-28,1,18,4,1.0,0.0,1.0,0.75,1.3333333333333333,1.0
1,4,2025-05-05,1,19,5,1.0,1.0,1.0,0.75,1.3333333333333333,0.0
1,4,2025-05-12,0,20,5,1.0,1.0,0.0,0.75,0.0,1.0
1,4,2025-05-19,1,21,5,0.0,1.0,1.0,0.75,1.3333333333333333,0.0
1,4,2025-05-26,0,22,5,1.0,0.0,1.0,0.75,0.0,0.0
1,4,2025-06-02,0,23,6,0.0,1.0,1.0,0.5,0.0,0.0
1,4,2025-06-09,0,24,6,0.0,0.0,0.0,0.25,0.0,0.0
1,4,2025-06-16,0,25,6,0.0,0.0,1.0,0.25,0.0,1.0
1,4,2025-06-23,1,26,6,0.0,0.0,0.0,0.0,1.0,2.0
1,4,2025-06-30,2,27,6,1.0,0.0,0.0,0.25,8.0,0.0
1,4,2025-07-07,0,28,7,2.0,1.0,0.0,0.75,0.0,0.0
1,4,2025-07-14,0,29,7,0.0,2.0,0.0,0.75,0.0,0.0
1,4,2025-07-21,0,30,7,0.0,0.0,1.0,0.75,0.0,0.0
1,4,2025-07-28,0,31,7,0.0,0.0,2.0,0.5,0.0,0.0
1,4,2025-08-04,0,32,8,0.0,0.0,0.0,0.0,1.0,0.0
1,4,2025-08-11,0,33,8,0.0,0.0,0.0,0.0,1.0,0.0
1,4,2025-08-18,0,34,8,0.0,0.0,0.0,0.0,1.0,0.0
1,4,2025-08-25,0,35,8,0.0,0.0,0.0,0.0,1.0,0.0
1,4,2025-09-01,0,36,9,0.0,0.0,0.0,0.0,1.0,0.0
1,4,2025-09-08,0,37,9,0.0,0.0,0.0,0.0,1.0,0.0
1,4,2025-09-15,0,38,9,0.0,0.0,0.0,0.0,1.0,1.0
1,4,2025-09-22,1,39,9,0.0,0.0,0.0,0.0,1.0,0.0
1,4,2025-09-29,0,40,9,1.0,0.0,0.0,0.25,0.0,0.0
1,4,2025-10-06,0,41,10,0.0,1.0,0.0,0.25,0.0,1.0
1,4,2025-10-13,1,42,10,0.0,0.0,0.0,0.25,4.0,1.0
1,4,2025-10-20,1,43,10,1.0,0.0,1.0,0.5,2.0,0.0
1,4,2025-10-27,0,44,10,1.0,1.0,0.0,0.5,0.0,0.0
1,4,2025-11-03,0,45,11,0.0,1.0,0.0,0.5,0.0,0.0
1,4,2025-11-10,0,46,11,0.0,0.0,1.0,0.5,0.0,0.0
1,4,2025-11-17,0,47,11,0.0,0.0,1.0,0.25,0.0,0.0
1,4,2025-11-24,0,48,11,0.0,0.0,0.0,0.0,1.0,1.0
1,4,2025-12-01,1,49,12,0.0,0.0,0.0,0.0,1.0,0.0
1,4,2025-12-08,0,50,12,1.0,0.0,0.0,0.25,0.0,0.0
1,4,2025-12-15,0,51,12,0.0,1.0,0.0,0.25,0.0,0.0
1,4,2025-12-22,0,52,12,0.0,0.0,0.0,0.25,0.0,0.0
1,4,2025-12-29,0,1,12,0.0,0.0,1.0,0.25,0.0,0.0
1,4,2026-01-05,0,2,1,0.0,0.0,0.0,0.0,1.0,0.0
1,4,2026-01-12,0,3,1,0.0,0.0,0.0,0.0,1.0,0.0
1,4,2026-01-19,0,4,1,0.0,0.0,0.0,0.0,1.0,0.0
1,4,2026-01-26,0,5,1,0.0,0.0,0.0,0.0,1.0,0.0
1,4,2026-02-02,0,6,2,0.0,0.0,0.0,0.0,1.0,0.0
1,4,2026-02-09,0,7,2,0.0,0.0,0.0,0.0,1.0,1.0
1,4,2026-02-16,1,8,2,0.0,0.0,0.0,0.0,1.0,0.0
1,4,2026-02-23,0,9,2,1.0,0.0,0.0,0.25,0.0,2.0
1,4,2026-03-02,2,10,3,0.0,1.0,0.0,0.25,8.0,0.0
1,4,2026-03-09,0,11,3,2.0,0.0,0.0,0.75,0.0,1.0
1,4,2026-03-16,1,12,3,0.0,2.0,1.0,0.75,1.3333333333333333,0.0
1,4,2026-03-23,0,13,3,1.0,0.0,0.0,0.75,0.0,0.0
1,4,2026-03-30,0,14,3,0.0,1.0,2.0,0.75,0.0,1.0
1,4,2026-04-06,1,15,4,0.0,0.0,0.0,0.25,4.0,1.0
1,4,2026-04-13,1,16,4,1.0,0.0,1.0,0.5,2.0,0.0
1,4,2026-04-20,0,17,4,1.0,1.0,0.0,0.5,0.0,0.0
1,4,2026-04-27,0,18,4,0.0,1.0,0.0,0.5,0.0,1.0
1,4,2026-05-04,1,19,5,0.0,0.0,1.0,0.5,2.0,0.0
1,4,2026-05-11,0,20,5,1.0,0.0,1.0,0.5,0.0,2.0
1,4,2026-05-18,2,21,5,0.0,1.0,0.0,0.25,8.0,0.0
1,4,2026-05-25,0,22,5,2.0,0.0,0.0,0.75,0.0,1.0
1,4,2026-06-01,1,23,6,0.0,2.0,1.0,0.75,1.3333333333333333,0.0
1,4,2026-06-08,0,24,6,1.0,0.0,0.0,0.75,0.0,1.0
1,4,2026-06-15,1,25,6,0.0,1.0,2.0,0.75,1.3333333333333333,2.0
1,4,2026-06-22,2,26,6,1.0,0.0,0.0,0.5,4.0,0.0
1,5,2024-01-29,1,5,1,0.0,0.0,0.0,0.0,1.0,0.0
1,5,2024-02-05,0,6,2,1.0,0.0,0.0,0.25,0.0,0.0
1,5,2024-02-12,0,7,2,0.0,1.0,0.0,0.25,0.0,0.0
1,5,2024-02-19,0,8,2,0.0,0.0,0.0,0.25,0.0,0.0
1,5,2024-02-26,0,9,2,0.0,0.0,1.0,0.25,0.0,0.0
1,5,2024-03-04,0,10,3,0.0,0.0,0.0,0.0,1.0,1.0
1,5,2024-03-11,1,11,3,0.0,0.0,0.0,0.0,1.0,1.0
1,5,2024-03-18,1,12,3,1.0,0.0,0.0,0.25,4.0,0.0
1,5,2024-03-25,0,13,3,1.0,1.0,0.0,0.5,0.0,0.0
1,5,2024-04-01,0,14,4,0.0,1.0,0.0,0.5,0.0,0.0
1,5,2024-04-08,0,15,4,0.0,0.0,1.0,0.5,0.0,1.0
1,5,2024-04-15,1,16,4,0.0,0.0,1.0,0.25,4.0,0.0
1,5,2024-04-22,0,17,4,1.0,0.0,0.0,0.25,0.0,0.0
1,5,2024-04-29,0,18,4,0.0,1.0,0.0,0.25,0.0,1.0
1,5,2024-05-06,1,19,5,0.0,0.0,0.0,0.25,4.0,0.0
1,5,2024-05-13,0,20,5,1.0,0.0,1.0,0.5,0.0,1.0
1,5,2024-05-20,1,21,5,0.0,1.0,0.0,0.25,4.0,0.0
1,5,2024-05-27,0,22,5,1.0,0.0,0.0,0.5,0.0,2.0
1,5,2024-06-03,2,23,6,0.0,1.0,1.0,0.5,4.0,0.0
1,5,2024-06-10,0,24,6,2.0,0.0,0.0,0.75,0.0,0.0
1,5,2024-06-17,0,25,6,0.0,2.0,1.0,0.75,0.0,0.0
1,5,2024-06-24,0,26,6,0.0,0.0,0.0,0.5,0.0,0.0
1,5,2024-07-01,0,27,7,0.0,0.0,2.0,0.5,0.0,0.0
1,5,2024-07-08,0,28,7,0.0,0.0,0.0,0.0,1.0,0.0
1,5,2024-07-15,0,29,7,0.0,0.0,0.0,0.0,1.0,0.0
1,5,2024-07-22,0,30,7,0.0,0.0,0.0,0.0,1.0,0.0
1,5,2024-07-29,0,31,7,0.0,0.0,0.0,0.0,1.0,1.0
1,5,2024-08-05,1,32,8,0.0,0.0,0.0,0.0,1.0,0.0
1,5,2024-08-12,0,33,8,1.0,0.0,0.0,0.25,0.0,0.0
1,5,2024-08-19,0,34,8,0.0,1.0,0.0,0.25,0.0,0.0
1,5,2024-08-26,0,35,8,0.0,0.0,0.0,0.25,0.0,1.0
1,5,2024-09-02,1,36,9,0.0,0.0,1.0,0.25,4.0,0.0
1,5,2024-09-09,0,37,9,1.0,0.0,0.0,0.25,0.0,0.0
1,5,2024-09-16,0,38,9,0.0,1.0,0.0,0.25,0.0,1.0
1,5,2024-09-23,1,39,9,0.0,0.0,0.0,0.25,4.0,0.0
1,5,2024-09-30,0,40,9,1.0,0.0,1.0,0.5,0.0,0.0
1,5,2024-10-07,0,41,10,0.0,1.0,0.0,0.25,0.0,0.0
1,5,2024-10-14,0,42,10,0.0,0.0,0.0,0.25,0.0,0.0
1,5,2024-10-21,0,43,10,0.0,0.0,1.0,0.25,0.0,0.0
1,5,2024-10-28,0,44,10,0.0,0.0,0.0,0.0,1.0,1.0
1,5,2024-11-04,1,45,11,0.0,0.0,0.0,0.0,1.0,0.0
1,5,2024-11-11,0,46,11,1.0,0.0,0.0,0.25,0.0,0.0
1,5,2024-11-18,0,47,11,0.0,1.0,0.0,0.25,0.0,0.0
1,5,2024-11-25,0,48,11,0.0,0.0,0.0,0.25,0.0,1.0
1,5,2024-12-02,1,49,12,0.0,0.0,1.0,0.25,4.0,0.0
1,5,2024-12-09,0,50,12,1.0,0.0,0.0,0.25,0.0,0.0
1,5,2024-12-16,0,51,12,0.0,1.0,0.0,0.25,0.0,0.0
1,5,2024-12-23,0,52,12,0.0,0.0,0.0,0.25,0.0,0.0
1,5,2024-12-30,0,1,12,0.0,0.0,1.0,0.25,0.0,0.0
1,5,2025-01-06,0,2,1,0.0,0.0,0.0,0.0,1.0,0.0
1,5,2025-01-13,0,3,1,0.0,0.0,0.0,0.0,1.0,1.0
1,5,2025-01-20,1,4,1,0.0,0.0,0.0,0.0,1.0,1.0
1,5,2025-01-27,1,5,1,1.0,0.0,0.0,0.25,4.0,0.0
1,5,2025-02-03,0,6,2,1.0,1.0,0.0,0.5,0.0,2.0
1,5,2025-02-10,2,7,2,0.0,1.0,0.0,0.5,4.0,0.0
1,5,2025-02-17,0,8,2,2.0,0.0,1.0,1.0,0.0,0.0
1,5,2025-02-24,0,9,2,0.0,2.0,1.0,0.75,0.0,2.0
1,5,2025-03-03,2,10,3,0.0,0.0,0.0,0.5,4.0,0.0
1,5,2025-03-10,0,11,3,2.0,0.0,2.0,1.0,0.0,0.0
1,5,2025-03-17,0,12,3,0.0,2.0,0.0,0.5,0.0,1.0
1,5,2025-03-24,1,13,3,0.0,0.0,0.0,0.5,2.0,0.0
1,5,2025-03-31,0,14,3,1.0,0.0,2.0,0.75,0.0,1.0
1,5,2025-04-07,1,15,4,0.0,1.0,0.0,0.25,4.0,1.0
1,5,2025-04-14,1,16,4,1.0,0.0,0.0,0.5,2.0,1.0
1,5,2025-04-21,1,17,4,1.0,1.0,1.0,0.75,1.3333333333333333,0.0
1,5,2025-04-28,0,18,4,1.0,1.0,0.0,0.75,0.0,1.0
1,5,2025-05-05,1,19,5,0.0,1.0,1.0,0.75,1.3333333333333333,0.0
1,5,2025-05-12,0,20,5,1.0,0.0,1.0,0.75,0.0,0.0
1,5,2025-05-19,0,21,5,0.0,1.0,1.0,0.5,0.0,0.0
1,5,2025-05-26,0,22,5,0.0,0.0,0.0,0.25,0.0,0.0
1,5,2025-06-02,0,23,6,0.0,0.0,1.0,0.25,0.0,0.0
1,5,2025-06-09,0,24,6,0.0,0.0,0.0,0.0,1.0,0.0
1,5,2025-06-16,0,25,6,0.0,0.0,0.0,0.0,1.0,0.0
1,5,2025-06-23,0,26,6,0.0,0.0,0.0,0.0,1.0,0.0
1,5,2025-06-30,0,27,6,0.0,0.0,0.0,0.0,1.0,1.0
1,5,2025-07-07,1,28,7,0.0,0.0,0.0,0.0,1.0,2.0
1,5,2025-07-14,2,29,7,1.0,0.0,0.0,0.25,8.0,2.0
1,5,2025-07-21,2,30,7,2.0,1.0,0.0,0.75,2.6666666666666665,0.0
1,5,2025-07-28,0,31,7,2.0,2.0,0.0,1.25,0.0,1.0
1,5,2025-08-04,1,32,8,0.0,2.0,1.0,1.25,0.8,1.0
1,5,2025-08-11,1,33,8,1.0,0.0,2.0,1.25,0.8,1.0
1,5,2025-08-18,1,34,8,1.0,1.0,2.0,1.0,1.0,0.0
1,5,2025-08-25,0,35,8,1.0,1.0,0.0,0.75,0.0,0.0
1,5,2025-09-01,0,36,9,0.0,1.0,1.0,0.75,0.0,0.0
1,5,2025-09-08,0,37,9,0.0,0.0,1.0,0.5,0.0,1.0
1,5,2025-09-15,1,38,9,0.0,0.0,1.0,0.25,4.0,0.0
1,5,2025-09-22,0,39,9,1.0,0.0,0.0,0.25,0.0,1.0
1,5,2025-09-29,1,40,9,0.0,1.0,0.0,0.25,4.0,1.0
1,5,2025-10-06,1,41,10,1.0,0.0,0.0,0.5,2.0,0.0
1,5,2025-10-13,0,42,10,1.0,1.0,1.0,0.75,0.0,0.0
1,5,2025-10-20,0,43,10,0.0,1.0,0.0,0.5,0.0,0.0
1,5,2025-10-27,0,44,10,0.0,0.0,1.0,0.5,0.0,1.0
1,5,2025-11-03,1,45,11,0.0,0.0,1.0,0.25,4.0,0.0
1,5,2025-11-10,0,46,11,1.0,0.0,0.0,0.25,0.0,2.0
1,5,2025-11-17,2,47,11,0.0,1.0,0.0,0.25,8.0,0.0
1,5,2025-11-24,0,48,11,2.0,0.0,0.0,0.75,0.0,2.0
1,5,2025-12-01,2,49,12,0.0,2.0,1.0,0.75,2.6666666666666665,0.0
1,5,2025-12-08,0,50,12,2.0,0.0,0.0,1.0,0.0,0.0
1,5,2025-12-15,0,51,12,0.0,2.0,2.0,1.0,0.0,0.0
1,5,2025-12-22,0,52,12,0.0,0.0,0.0,0.5,0.0,0.0
1,5,2025-12-29,0,1,12,0.0,0.0,2.0,0.5,0.0,1.0
1,5,2026-01-05,1,2,1,0.0,0.0,0.0,0.0,1.0,0.0
1,5,2026-01-12,0,3,1,1.0,0.0,0.0,0.25,0.0,1.0
1,5,2026-01-19,1,4,1,0.0,1.0,0.0,0.25,4.0,1.0
1,5,2026-01-26,1,5,1,1.0,0.0,0.0,0.5,2.0,1.0
1,5,2026-02-02,1,6,2,1.0,1.0,1.0,0.75,1.3333333333333333,0.0
1,5,2026-02-09,0,7,2,1.0,1.0,0.0,0.75,0.0,0.0
1,5,2026-02-16,0,8,2,0.0,1.0,1.0,0.75,0.0,1.0
1,5,2026-02-23,1,9,2,0.0,0.0,1.0,0.5,2.0,0.0
1,5,2026-03-02,0,10,3,1.0,0.0,1.0,0.5,0.0,1.0
1,5,2026-03-09,1,11,3,0.0,1.0,0.0,0.25,4.0,1.0
1,5,2026-03-16,1,12,3,1.0,0.0,0.0,0.5,2.0,2.0
1,5,2026-03-23,2,13,3,1.0,1.0,1.0,0.75,2.6666666666666665,0.0
1,5,2026-03-30,0,14,3,2.0,1.0,0.0,1.0,0.0,1.0
1,5,2026-04-06,1,15,4,0.0,2.0,1.0,1.0,1.0,0.0
1,5,2026-04-13,0,16,4,1.0,0.0,1.0,1.0,0.0,0.0
1,5,2026-04-20,0,17,4,0.0,1.0,2.0,0.75,0.0,0.0
1,5,2026-04-27,0,18,4,0.0,0.0,0.0,0.25,0.0,0.0
1,5,2026-05-04,0,19,5,0.0,0.0,1.0,0.25,0.0,1.0
1,5,2026-05-11,1,20,5,0.0,0.0,0.0,0.0,1.0,1.0
1,5,2026-05-18,1,21,5,1.0,0.0,0.0,0.25,4.0,2.0
1,5,2026-05-25,2,22,5,1.0,1.0,0.0,0.5,4.0,0.0
1,5,2026-06-01,0,23,6,2.0,1.0,0.0,1.0,0.0,0.0
1,5,2026-06-08,0,24,6,0.0,2.0,1.0,1.0,0.0,1.0
1,5,2026-06-15,1,25,6,0.0,0.0,1.0,0.75,1.3333333333333333,0.0
1,5,2026-06-22,0,26,6,1.0,0.0,2.0,0.75,0.0,0.0
1,6,2024-01-29,18,5,1,18.0,25.0,24.0,22.25,0.8089887640449438,26.0
1,6,2024-02-05,26,6,2,18.0,18.0,22.0,20.75,1.2530120481927711,21.0
1,6,2024-02-12,21,7,2,26.0,18.0,25.0,21.75,0.9655172413793104,21.0
1,6,2024-02-19,21,8,2,21.0,26.0,18.0,20.75,1.0120481927710843,20.0
1,6,2024-02-26,20,9,2,21.0,21.0,18.0,21.5,0.9302325581395349,22.0
1,6,2024-03-04,22,10,3,20.0,21.0,26.0,22.0,1.0,23.0
1,6,2024-03-11,23,11,3,22.0,20.0,21.0,21.0,1.0952380952380953,22.0
1,6,2024-03-18,22,12,3,23.0,22.0,21.0,21.5,1.0232558139534884,25.0
1,6,2024-03-25,25,13,3,22.0,23.0,20.0,21.75,1.1494252873563218,13.0
1,6,2024-04-01,13,14,4,25.0,22.0,22.0,23.0,0.5652173913043478,16.0
1,6,2024-04-08,16,15,4,13.0,25.0,23.0,20.75,0.7710843373493976,16.0
1,6,2024-04-15,16,16,4,16.0,13.0,22.0,19.0,0.8421052631578947,19.0
1,6,2024-04-22,19,17,4,16.0,16.0,25.0,17.5,1.0857142857142856,18.0
1,6,2024-04-29,18,18,4,19.0,16.0,13.0,16.0,1.125,10.0
1,6,2024-05-06,10,19,5,18.0,19.0,16.0,17.25,0.5797101449275363,10.0
1,6,2024-05-13,10,20,5,10.0,18.0,16.0,15.75,0.6349206349206349,17.0
1,6,2024-05-20,17,21,5,10.0,10.0,19.0,14.25,1.1929824561403508,16.0
1,6,2024-05-27,16,22,5,17.0,10.0,18.0,13.75,1.1636363636363636,29.0
1,6,2024-06-03,29,23,6,16.0,17.0,10.0,13.25,2.188679245283019,16.0
1,6,2024-06-10,16,24,6,29.0,16.0,10.0,18.0,0.8888888888888888,17.0
1,6,2024-06-17,17,25,6,16.0,29.0,17.0,19.5,0.8717948717948718,25.0
1,6,2024-06-24,25,26,6,17.0,16.0,16.0,19.5,1.2820512820512822,14.0
1,6,2024-07-01,14,27,7,25.0,17.0,29.0,21.75,0.6436781609195402,24.0
1,6,2024-07-08,24,28,7,14.0,25.0,16.0,18.0,1.3333333333333333,21.0
1,6,2024-07-15,21,29,7,24.0,14.0,17.0,20.0,1.05,36.0
1,6,2024-07-22,36,30,7,21.0,24.0,25.0,21.0,1.7142857142857142,24.0
1,6,2024-07-29,24,31,7,36.0,21.0,14.0,23.75,1.0105263157894737,24.0
1,6,2024-08-05,24,32,8,24.0,36.0,24.0,26.25,0.9142857142857143,31.0
1,6,2024-08-12,31,33,8,24.0,24.0,21.0,26.25,1.180952380952381,15.0
1,6,2024-08-19,15,34,8,31.0,24.0,36.0,28.75,0.5217391304347826,14.0
1,6,2024-08-26,14,35,8,15.0,31.0,24.0,23.5,0.5957446808510638,24.0
1,6,2024-09-02,24,36,9,14.0,15.0,24.0,21.0,1.1428571428571428,18.0
1,6,2024-09-09,18,37,9,24.0,14.0,31.0,21.0,0.8571428571428571,25.0
1,6,2024-09-16,25,38,9,18.0,24.0,15.0,17.75,1.408450704225352,19.0
1,6,2024-09-23,19,39,9,25.0,18.0,14.0,20.25,0.9382716049382716,11.0
1,6,2024-09-30,11,40,9,19.0,25.0,24.0,21.5,0.5116279069767442,19.0
1,6,2024-10-07,19,41,10,11.0,19.0,18.0,18.25,1.0410958904109588,19.0
1,6,2024-10-14,19,42,10,19.0,11.0,25.0,18.5,1.027027027027027,16.0
1,6,2024-10-21,16,43,10,19.0,19.0,19.0,17.0,0.9411764705882353,18.0
1,6,2024-10-28,18,44,10,16.0,19.0,11.0,16.25,1.1076923076923078,19.0
1,6,2024-11-04,19,45,11,18.0,16.0,19.0,18.0,1.0555555555555556,17.0
1,6,2024-11-11,17,46,11,19.0,18.0,19.0,18.0,0.9444444444444444,21.0
1,6,2024-11-18,21,47,11,17.0,19.0,16.0,17.5,1.2,17.0
1,6,2024-11-25,17,48,11,21.0,17.0,18.0,18.75,0.9066666666666666,14.0
1,6,2024-12-02,14,49,12,17.0,21.0,19.0,18.5,0.7567567567567568,18.0
1,6,2024-12-09,18,50,12,14.0,17.0,17.0,17.25,1.0434782608695652,22.0
1,6,2024-12-16,22,51,12,18.0,14.0,21.0,17.5,1.2571428571428571,21.0
1,6,2024-12-23,21,52,12,22.0,18.0,17.0,17.75,1.1830985915492958,11.0
1,6,2024-12-30,11,1,12,21.0,22.0,14.0,18.75,0.5866666666666667,20.0
1,6,2025-01-06,20,2,1,11.0,21.0,18.0,18.0,1.1111111111111112,26.0
1,6,2025-01-13,26,3,1,20.0,11.0,22.0,18.5,1.4054054054054055,25.0
1,6,2025-01-20,25,4,1,26.0,20.0,21.0,19.5,1.2820512820512822,19.0
1,6,2025-01-27,19,5,1,25.0,26.0,11.0,20.5,0.926829268292683,16.0
1,6,2025-02-03,16,6,2,19.0,25.0,20.0,22.5,0.7111111111111111,21.0
1,6,2025-02-10,21,7,2,16.0,19.0,26.0,21.5,0.9767441860465116,27.0
1,6,2025-02-17,27,8,2,21.0,16.0,25.0,20.25,1.3333333333333333,21.0
1,6,2025-02-24,21,9,2,27.0,21.0,19.0,20.75,1.0120481927710843,25.0
1,6,2025-03-03,25,10,3,21.0,27.0,16.0,21.25,1.1764705882352942,21.0
1,6,2025-03-10,21,11,3,25.0,21.0,21.0,23.5,0.8936170212765957,19.0
1,6,2025-03-17,19,12,3,21.0,25.0,27.0,23.5,0.8085106382978723,20.0
1,6,2025-03-24,20,13,3,19.0,21.0,21.0,21.5,0.9302325581395349,16.0
1,6,2025-03-31,16,14,3,20.0,19.0,25.0,21.25,0.7529411764705882,28.0
1,6,2025-04-07,28,15,4,16.0,20.0,21.0,19.0,1.4736842105263157,17.0
1,6,2025-04-14,17,16,4,28.0,16.0,19.0,20.75,0.8192771084337349,19.0
1,6,2025-04-21,19,17,4,17.0,28.0,20.0,20.25,0.9382716049382716,22.0
1,6,2025-04-28,22,18,4,19.0,17.0,16.0,20.0,1.1,15.0
1,6,2025-05-05,15,19,5,22.0,19.0,28.0,21.5,0.6976744186046512,30.0
1,6,2025-05-12,30,20,5,15.0,22.0,17.0,18.25,1.643835616438356,18.0
1,6,2025-05-19,18,21,5,30.0,15.0,19.0,21.5,0.8372093023255814,18.0
1,6,2025-05-26,18,22,5,18.0,30.0,22.0,21.25,0.8470588235294118,26.0
1,6,2025-06-02,26,23,6,18.0,18.0,15.0,20.25,1.2839506172839505,25.0
1,6,2025-06-09,25,24,6,26.0,18.0,30.0,23.0,1.0869565217391304,20.0
1,6,2025-06-16,20,25,6,25.0,26.0,18.0,21.75,0.9195402298850575,21.0
1,6,2025-06-23,21,26,6,20.0,25.0,18.0,22.25,0.9438202247191011,11.0
1,6,2025-06-30,11,27,6,21.0,20.0,26.0,23.0,0.4782608695652174,20.0
1,6,2025-07-07,20,28,7,11.0,21.0,25.0,19.25,1.0389610389610389,15.0
1,6,2025-07-14,15,29,7,20.0,11.0,20.0,18.0,0.8333333333333334,11.0
1,6,2025-07-21,11,30,7,15.0,20.0,21.0,16.75,0.6567164179104478,21.0
1,6,2025-07-28,21,31,7,11.0,15.0,11.0,14.25,1.4736842105263157,17.0
1,6,2025-08-04,17,32,8,21.0,11.0,20.0,16.75,1.0149253731343284,21.0
1,6,2025-08-11,21,33,8,17.0,21.0,15.0,16.0,1.3125,26.0
1,6,2025-08-18,26,34,8,21.0,17.0,11.0,17.5,1.4857142857142858,21.0
1,6,2025-08-25,21,35,8,26.0,21.0,21.0,21.25,0.9882352941176471,22.0
1,6,2025-09-01,22,36,9,21.0,26.0,17.0,21.25,1.035294117647059,16.0
1,6,2025-09-08,16,37,9,22.0,21.0,21.0,22.5,0.7111111111111111,23.0
1,6,2025-09-15,23,38,9,16.0,22.0,26.0,21.25,1.0823529411764705,24.0
1,6,2025-09-22,24,39,9,23.0,16.0,21.0,20.5,1.170731707317073,23.0
1,6,2025-09-29,23,40,9,24.0,23.0,22.0,21.25,1.0823529411764705,15.0
1,6,2025-10-06,15,41,10,23.0,24.0,16.0,21.5,0.6976744186046512,30.0
1,6,2025-10-13,30,42,10,15.0,23.0,23.0,21.25,1.411764705882353,16.0
1,6,2025-10-20,16,43,10,30.0,15.0,24.0,23.0,0.6956521739130435,19.0
1,6,2025-10-27,19,44,10,16.0,30.0,23.0,21.0,0.9047619047619048,19.0
1,6,2025-11-03,19,45,11,19.0,16.0,15.0,20.0,0.95,18.0
1,6,2025-11-10,18,46,11,19.0,19.0,30.0,21.0,0.8571428571428571,17.0
1,6,2025-11-17,17,47,11,18.0,19.0,16.0,18.0,0.9444444444444444,19.0
1,6,2025-11-24,19,48,11,17.0,18.0,19.0,18.25,1.0410958904109588,14.0
1,6,2025-12-01,14,49,12,19.0,17.0,19.0,18.25,0.7671232876712328,22.0
1,6,2025-12-08,22,50,12,14.0,19.0,18.0,17.0,1.2941176470588236,15.0
1,6,2025-12-15,15,51,12,22.0,14.0,17.0,18.0,0.8333333333333334,19.0
1,6,2025-12-22,19,52,12,15.0,22.0,19.0,17.5,1.0857142857142856,22.0
1,6,2025-12-29,22,1,12,19.0,15.0,14.0,17.5,1.2571428571428571,31.0
1,6,2026-01-05,31,2,1,22.0,19.0,22.0,19.5,1.5897435897435896,21.0
1,6,2026-01-12,21,3,1,31.0,22.0,15.0,21.75,0.9655172413793104,16.0
1,6,2026-01-19,16,4,1,21.0,31.0,19.0,23.25,0.6881720430107527,15.0
1,6,2026-01-26,15,5,1,16.0,21.0,22.0,22.5,0.6666666666666666,19.0
1,6,2026-02-02,19,6,2,15.0,16.0,31.0,20.75,0.9156626506024096,14.0
1,6,2026-02-09,14,7,2,19.0,15.0,21.0,17.75,0.7887323943661971,18.0
1,6,2026-02-16,18,8,2,14.0,19.0,16.0,16.0,1.125,23.0
1,6,2026-02-23,23,9,2,18.0,14.0,15.0,16.5,1.393939393939394,19.0
1,6,2026-03-02,19,10,3,23.0,18.0,19.0,18.5,1.027027027027027,17.0
1,6,2026-03-09,17,11,3,19.0,23.0,14.0,18.5,0.918918918918919,27.0
1,6,2026-03-16,27,12,3,17.0,19.0,18.0,19.25,1.4025974025974026,23.0
1,6,2026-03-23,23,13,3,27.0,17.0,23.0,21.5,1.069767441860465,22.0
1,6,2026-03-30,22,14,3,23.0,27.0,19.0,21.5,1.0232558139534884,21.0
1,6,2026-04-06,21,15,4,22.0,23.0,17.0,22.25,0.9438202247191011,28.0
1,6,2026-04-13,28,16,4,21.0,22.0,27.0,23.25,1.2043010752688172,20.0
1,6,2026-04-20,20,17,4,28.0,21.0,23.0,23.5,0.851063829787234,16.0
1,6,2026-04-27,16,18,4,20.0,28.0,22.0,22.75,0.7032967032967034,17.0
1,6,2026-05-04,17,19,5,16.0,20.0,21.0,21.25,0.8,25.0
1,6,2026-05-11,25,20,5,17.0,16.0,28.0,20.25,1.2345679012345678,26.0
1,6,2026-05-18,26,21,5,25.0,17.0,20.0,19.5,1.3333333333333333,18.0
1,6,2026-05-25,18,22,5,26.0,25.0,16.0,21.0,0.8571428571428571,16.0
1,6,2026-06-01,16,23,6,18.0,26.0,17.0,21.5,0.7441860465116279,20.0
1,6,2026-06-08,20,24,6,16.0,18.0,25.0,21.25,0.9411764705882353,30.0
1,6,2026-06-15,30,25,6,20.0,16.0,26.0,20.0,1.5,17.0
1,6,2026-06-22,17,26,6,30.0,20.0,18.0,21.0,0.8095238095238095,2.0
1,7,2024-01-29,0,5,1,0.0,1.0,0.0,0.25,0.0,0.0
1,7,2024-02-05,0,6,2,0.0,0.0,0.0,0.25,0.0,0.0
1,7,2024-02-12,0,7,2,0.0,0.0,1.0,0.25,0.0,0.0
1,7,2024-02-19,0,8,2,0.0,0.0,0.0,0.0,1.0,0.0
1,7,2024-02-26,0,9,2,0.0,0.0,0.0,0.0,1.0,1.0
1,7,2024-03-04,1,10,3,0.0,0.0,0.0,0.0,1.0,1.0
1,7,2024-03-11,1,11,3,1.0,0.0,0.0,0.25,4.0,0.0
1,7,2024-03-18,0,12,3,1.0,1.0,0.0,0.5,0.0,0.0
1,7,2024-03-25,0,13,3,0.0,1.0,0.0,0.5,0.0,0.0
1,7,2024-04-01,0,14,4,0.0,0.0,1.0,0.5,0.0,0.0
1,7,2024-04-08,0,15,4,0.0,0.0,1.0,0.25,0.0,0.0
1,7,2024-04-15,0,16,4,0.0,0.0,0.0,0.0,1.0,0.0
1,7,2024-04-22,0,17,4,0.0,0.0,0.0,0.0,1.0,1.0
1,7,2024-04-29,1,18,4,0.0,0.0,0.0,0.0,1.0,0.0
1,7,2024-05-06,0,19,5,1.0,0.0,0.0,0.25,0.0,1.0
1,7,2024-05-13,1,20,5,0.0,1.0,0.0,0.25,4.0,0.0
1,7,2024-05-20,0,21,5,1.0,0.0,0.0,0.5,0.0,1.0
1,7,2024-05-27,1,22,5,0.0,1.0,1.0,0.5,2.0,0.0
1,7,2024-06-03,0,23,6,1.0,0.0,0.0,0.5,0.0,1.0
1,7,2024-06-10,1,24,6,0.0,1.0,1.0,0.5,2.0,0.0
1,7,2024-06-17,0,25,6,1.0,0.0,0.0,0.5,0.0,0.0
1,7,2024-06-24,0,26,6,0.0,1.0,1.0,0.5,0.0,0.0
1,7,2024-07-01,0,27,7,0.0,0.0,0.0,0.25,0.0,2.0
1,7,2024-07-08,2,28,7,0.0,0.0,1.0,0.25,8.0,0.0
1,7,2024-07-15,0,29,7,2.0,0.0,0.0,0.5,0.0,0.0
1,7,2024-07-22,0,30,7,0.0,2.0,0.0,0.5,0.0,0.0
1,7,2024-07-29,0,31,7,0.0,0.0,0.0,0.5,0.0,0.0
1,7,2024-08-05,0,32,8,0.0,0.0,2.0,0.5,0.0,0.0
1,7,2024-08-12,0,33,8,0.0,0.0,0.0,0.0,1.0,4.0
1,7,2024-08-19,4,34,8,0.0,0.0,0.0,0.0,1.0,1.0
1,7,2024-08-26,1,35,8,4.0,0.0,0.0,1.0,1.0,0.0
1,7,2024-09-02,0,36,9,1.0,4.0,0.0,1.25,0.0,0.0
1,7,2024-09-09,0,37,9,0.0,1.0,0.0,1.25,0.0,1.0
1,7,2024-09-16,1,38,9,0.0,0.0,4.0,1.25,0.8,1.0
1,7,2024-09-23,1,39,9,1.0,0.0,1.0,0.5,2.0,0.0
1,7,2024-09-30,0,40,9,1.0,1.0,0.0,0.5,0.0,0.0
1,7,2024-10-07,0,41,10,0.0,1.0,0.0,0.5,0.0,1.0
1,7,2024-10-14,1,42,10,0.0,0.0,1.0,0.5,2.0,1.0
1,7,2024-10-21,1,43,10,1.0,0.0,1.0,0.5,2.0,0.0
1,7,2024-10-28,0,44,10,1.0,1.0,0.0,0.5,0.0,0.0
1,7,2024-11-04,0,45,11,0.0,1.0,0.0,0.5,0.0,1.0
1,7,2024-11-11,1,46,11,0.0,0.0,1.0,0.5,2.0,0.0
1,7,2024-11-18,0,47,11,1.0,0.0,1.0,0.5,0.0,1.0
1,7,2024-11-25,1,48,11,0.0,1.0,0.0,0.25,4.0,0.0
1,7,2024-12-02,0,49,12,1.0,0.0,0.0,0.5,0.0,0.0
1,7,2024-12-09,0,50,12,0.0,1.0,1.0,0.5,0.0,0.0
1,7,2024-12-16,0,51,12,0.0,0.0,0.0,0.25,0.0,1.0
1,7,2024-12-23,1,52,12,0.0,0.0,1.0,0.25,4.0,0.0
1,7,2024-12-30,0,1,12,1.0,0.0,0.0,0.25,0.0,1.0
1,7,2025-01-06,1,2,1,0.0,1.0,0.0,0.25,4.0,0.0
1,7,2025-01-13,0,3,1,1.0,0.0,0.0,0.5,0.0,0.0
1,7,2025-01-20,0,4,1,0.0,1.0,1.0,0.5,0.0,0.0
1,7,2025-01-27,0,5,1,0.0,0.0,0.0,0.25,0.0,0.0
1,7,2025-02-03,0,6,2,0.0,0.0,1.0,0.25,0.0,0.0
1,7,2025-02-10,0,7,2,0.0,0.0,0.0,0.0,1.0,0.0
1,7,2025-02-17,0,8,2,0.0,0.0,0.0,0.0,1.0,0.0
1,7,2025-02-24,0,9,2,0.0,0.0,0.0,0.0,1.0,1.0
1,7,2025-03-03,1,10,3,0.0,0.0,0.0,0.0,1.0,0.0
1,7,2025-03-10,0,11,3,1.0,0.0,0.0,0.25,0.0,0.0
1,7,2025-03-17,0,12,3,0.0,1.0,0.0,0.25,0.0,0.0
1,7,2025-03-24,0,13,3,0.0,0.0,0.0,0.25,0.0,0.0
1,7,2025-03-31,0,14,3,0.0,0.0,1.0,0.25,0.0,1.0
1,7,2025-04-07,1,15,4,0.0,0.0,0.0,0.0,1.0,0.0
1,7,2025-04-14,0,16,4,1.0,0.0,0.0,0.25,0.0,0.0
1,7,2025-04-21,0,17,4,0.0,1.0,0.0,0.25,0.0,1.0
1,7,2025-04-28,1,18,4,0.0,0.0,0.0,0.25,4.0,0.0
1,7,2025-05-05,0,19,5,1.0,0.0,1.0,0.5,0.0,1.0
1,7,2025-05-12,1,20,5,0.0,1.0,0.0,0.25,4.0,2.0
1,7,2025-05-19,2,21,5,1.0,0.0,0.0,0.5,4.0,0.0
1,7,2025-05-26,0,22,5,2.0,1.0,1.0,1.0,0.0,0.0
1,7,2025-06-02,0,23,6,0.0,2.0,0.0,0.75,0.0,1.0
1,7,2025-06-09,1,24,6,0.0,0.0,1.0,0.75,1.3333333333333333,2.0
1,7,2025-06-16,2,25,6,1.0,0.0,2.0,0.75,2.6666666666666665,0.0
1,7,2025-06-23,0,26,6,2.0,1.0,0.0,0.75,0.0,1.0
1,7,2025-06-30,1,27,6,0.0,2.0,0.0,0.75,1.3333333333333333,0.0
1,7,2025-07-07,0,28,7,1.0,0.0,1.0,1.0,0.0,0.0
1,7,2025-07-14,0,29,7,0.0,1.0,2.0,0.75,0.0,1.0
1,7,2025-07-21,1,30,7,0.0,0.0,0.0,0.25,4.0,0.0
1,7,2025-07-28,0,31,7,1.0,0.0,1.0,0.5,0.0,0.0
1,7,2025-08-04,0,32,8,0.0,1.0,0.0,0.25,0.0,0.0
1,7,2025-08-11,0,33,8,0.0,0.0,0.0,0.25,0.0,2.0
1,7,2025-08-18,2,34,8,0.0,0.0,1.0,0.25,8.0,1.0
1,7,2025-08-25,1,35,8,2.0,0.0,0.0,0.5,2.0,0.0
1,7,2025-09-01,0,36,9,1.0,2.0,0.0,0.75,0.0,0.0
1,7,2025-09-08,0,37,9,0.0,1.0,0.0,0.75,0.0,0.0
1,7,2025-09-15,0,38,9,0.0,0.0,2.0,0.75,0.0,0.0
1,7,2025-09-22,0,39,9,0.0,0.0,1.0,0.25,0.0,0.0
1,7,2025-09-29,0,40,9,0.0,0.0,0.0,0.0,1.0,0.0
1,7,2025-10-06,0,41,10,0.0,0.0,0.0,0.0,1.0,1.0
1,7,2025-10-13,1,42,10,0.0,0.0,0.0,0.0,1.0,1.0
1,7,2025-10-20,1,43,10,1.0,0.0,0.0,0.25,4.0,1.0
1,7,2025-10-27,1,44,10,1.0,1.0,0.0,0.5,2.0,1.0
1,7,2025-11-03,1,45,11,1.0,1.0,0.0,0.75,1.3333333333333333,1.0
1,7,2025-11-10,1,46,11,1.0,1.0,1.0,1.0,1.0,0.0
1,7,2025-11-17,0,47,11,1.0,1.0,1.0,1.0,0.0,2.0
1,7,2025-11-24,2,48,11,0.0,1.0,1.0,0.75,2.6666666666666665,0.0
1,7,2025-12-01,0,49,12,2.0,0.0,1.0,1.0,0.0,1.0
1,7,2025-12-08,1,50,12,0.0,2.0,1.0,0.75,1.3333333333333333,1.0
1,7,2025-12-15,1,51,12,1.0,0.0,0.0,0.75,1.3333333333333333,1.0
1,7,2025-12-22,1,52,12,1.0,1.0,2.0,1.0,1.0,0.0
1,7,2025-12-29,0,1,12,1.0,1.0,0.0,0.75,0.0,0.0
1,7,2026-01-05,0,2,1,0.0,1.0,1.0,0.75,0.0,1.0
1,7,2026-01-12,1,3,1,0.0,0.0,1.0,0.5,2.0,0.0
1,7,2026-01-19,0,4,1,1.0,0.0,1.0,0.5,0.0,1.0
1,7,2026-01-26,1,5,1,0.0,1.0,0.0,0.25,4.0,0.0
1,7,2026-02-02,0,6,2,1.0,0.0,0.0,0.5,0.0,0.0
1,7,2026-02-09,0,7,2,0.0,1.0,1.0,0.5,0.0,1.0
1,7,2026-02-16,1,8,2,0.0,0.0,0.0,0.25,4.0,1.0
1,7,2026-02-23,1,9,2,1.0,0.0,1.0,0.5,2.0,0.0
1,7,2026-03-02,0,10,3,1.0,1.0,0.0,0.5,0.0,0.0
1,7,2026-03-09,0,11,3,0.0,1.0,0.0,0.5,0.0,0.0
1,7,2026-03-16,0,12,3,0.0,0.0,1.0,0.5,0.0,0.0
1,7,2026-03-23,0,13,3,0.0,0.0,1.0,0.25,0.0,1.0
1,7,2026-03-30,1,14,3,0.0,0.0,0.0,0.0,1.0,1.0
1,7,2026-04-06,1,15,4,1.0,0.0,0.0,0.25,4.0,2.0
1,7,2026-04-13,2,16,4,1.0,1.0,0.0,0.5,4.0,0.0
1,7,2026-04-20,0,17,4,2.0,1.0,0.0,1.0,0.0,1.0
1,7,2026-04-27,1,18,4,0.0,2.0,1.0,1.0,1.0,0.0
1,7,2026-05-04,0,19,5,1.0,0.0,1.0,1.0,0.0,0.0
1,7,2026-05-11,0,20,5,0.0,1.0,2.0,0.75,0.0,0.0
1,7,2026-05-18,0,21,5,0.0,0.0,0.0,0.25,0.0,0.0
1,7,2026-05-25,0,22,5,0.0,0.0,1.0,0.25,0.0,0.0
1,7,2026-06-01,0,23,6,0.0,0.0,0.0,0.0,1.0,0.0
1,7,2026-06-08,0,24,6,0.0,0.0,0.0,0.0,1.0,1.0
1,7,2026-06-15,1,25,6,0.0,0.0,0.0,0.0,1.0,0.0
1,7,2026-06-22,0,26,6,1.0,0.0,0.0,0.25,0.0,0.0
1,8,2024-01-29,0,5,1,0.0,0.0,0.0,0.0,1.0,0.0
1,8,2024-02-05,0,6,2,0.0,0.0,0.0,0.0,1.0,0.0
1,8,2024-02-12,0,7,2,0.0,0.0,0.0,0.0,1.0,1.0
1,8,2024-02-19,1,8,2,0.0,0.0,0.0,0.0,1.0,1.0
1,8,2024-02-26,1,9,2,1.0,0.0,0.0,0.25,4.0,0.0
1,8,2024-03-04,0,10,3,1.0,1.0,0.0,0.5,0.0,1.0
1,8,2024-03-11,1,11,3,0.0,1.0,0.0,0.5,2.0,1.0
1,8,2024-03-18,1,12,3,1.0,0.0,1.0,0.75,1.3333333333333333,0.0
1,8,2024-03-25,0,13,3,1.0,1.0,1.0,0.75,0.0,0.0
1,8,2024-04-01,0,14,4,0.0,1.0,0.0,0.5,0.0,0.0
1,8,2024-04-08,0,15,4,0.0,0.0,1.0,0.5,0.0,0.0
1,8,2024-04-15,0,16,4,0.0,0.0,1.0,0.25,0.0,0.0
1,8,2024-04-22,0,17,4,0.0,0.0,0.0,0.0,1.0,0.0
1,8,2024-04-29,0,18,4,0.0,0.0,0.0,0.0,1.0,0.0
1,8,2024-05-06,0,19,5,0.0,0.0,0.0,0.0,1.0,1.0
1,8,2024-05-13,1,20,5,0.0,0.0,0.0,0.0,1.0,0.0
1,8,2024-05-20,0,21,5,1.0,0.0,0.0,0.25,0.0,0.0
1,8,2024-05-27,0,22,5,0.0,1.0,0.0,0.25,0.0,0.0
1,8,2024-06-03,0,23,6,0.0,0.0,0.0,0.25,0.0,1.0
1,8,2024-06-10,1,24,6,0.0,0.0,1.0,0.25,4.0,1.0
1,8,2024-06-17,1,25,6,1.0,0.0,0.0,0.25,4.0,0.0
1,8,2024-06-24,0,26,6,1.0,1.0,0.0,0.5,0.0,0.0
1,8,2024-07-01,0,27,7,0.0,1.0,0.0,0.5,0.0,0.0
1,8,2024-07-08,0,28,7,0.0,0.0,1.0,0.5,0.0,1.0
1,8,2024-07-15,1,29,7,0.0,0.0,1.0,0.25,4.0,0.0
1,8,2024-07-22,0,30,7,1.0,0.0,0.0,0.25,0.0,0.0
1,8,2024-07-29,0,31,7,0.0,1.0,0.0,0.25,0.0,0.0
1,8,2024-08-05,0,32,8,0.0,0.0,0.0,0.25,0.0,1.0
1,8,2024-08-12,1,33,8,0.0,0.0,1.0,0.25,4.0,0.0
1,8,2024-08-19,0,34,8,1.0,0.0,0.0,0.25,0.0,0.0
1,8,2024-08-26,0,35,8,0.0,1.0,0.0,0.25,0.0,1.0
1,8,2024-09-02,1,36,9,0.0,0.0,0.0,0.25,4.0,0.0
1,8,2024-09-09,0,37,9,1.0,0.0,1.0,0.5,0.0,1.0
1,8,2024-09-16,1,38,9,0.0,1.0,0.0,0.25,4.0,0.0
1,8,2024-09-23,0,39,9,1.0,0.0,0.0,0.5,0.0,0.0
1,8,2024-09-30,0,40,9,0.0,1.0,1.0,0.5,0.0,0.0
1,8,2024-10-07,0,41,10,0.0,0.0,0.0,0.25,0.0,0.0
1,8,2024-10-14,0,42,10,0.0,0.0,1.0,0.25,0.0,2.0
1,8,2024-10-21,2,43,10,0.0,0.0,0.0,0.0,1.0,0.0
1,8,2024-10-28,0,44,10,2.0,0.0,0.0,0.5,0.0,0.0
1,8,2024-11-04,0,45,11,0.0,2.0,0.0,0.5,0.0,2.0
1,8,2024-11-11,2,46,11,0.0,0.0,0.0,0.5,4.0,0.0
1,8,2024-11-18,0,47,11,2.0,0.0,2.0,1.0,0.0,0.0
1,8,2024-11-25,0,48,11,0.0,2.0,0.0,0.5,0.0,1.0
1,8,2024-12-02,1,49,12,0.0,0.0,0.0,0.5,2.0,1.0
1,8,2024-12-09,1,50,12,1.0,0.0,2.0,0.75,1.3333333333333333,2.0
1,8,2024-12-16,2,51,12,1.0,1.0,0.0,0.5,4.0,1.0
1,8,2024-12-23,1,52,12,2.0,1.0,0.0,1.0,1.0,0.0
1,8,2024-12-30,0,1,12,1.0,2.0,1.0,1.25,0.0,0.0
1,8,2025-01-06,0,2,1,0.0,1.0,1.0,1.0,0.0,1.0
1,8,2025-01-13,1,3,1,0.0,0.0,2.0,0.75,1.3333333333333333,0.0
1,8,2025-01-20,0,4,1,1.0,0.0,1.0,0.5,0.0,0.0
1,8,2025-01-27,0,5,1,0.0,1.0,0.0,0.25,0.0,0.0
1,8,2025-02-03,0,6,2,0.0,0.0,0.0,0.25,0.0,2.0
1,8,2025-02-10,2,7,2,0.0,0.0,1.0,0.25,8.0,1.0
1,8,2025-02-17,1,8,2,2.0,0.0,0.0,0.5,2.0,0.0
1,8,2025-02-24,0,9,2,1.0,2.0,0.0,0.75,0.0,0.0
1,8,2025-03-03,0,10,3,0.0,1.0,0.0,0.75,0.0,0.0
1,8,2025-03-10,0,11,3,0.0,0.0,2.0,0.75,0.0,1.0
1,8,2025-03-17,1,12,3,0.0,0.0,1.0,0.25,4.0,1.0
1,8,2025-03-24,1,13,3,1.0,0.0,0.0,0.25,4.0,0.0
1,8,2025-03-31,0,14,3,1.0,1.0,0.0,0.5,0.0,2.0
1,8,2025-04-07,2,15,4,0.0,1.0,0.0,0.5,4.0,0.0
1,8,2025-04-14,0,16,4,2.0,0.0,1.0,1.0,0.0,0.0
1,8,2025-04-21,0,17,4,0.0,2.0,1.0,0.75,0.0,1.0
1,8,2025-04-28,1,18,4,0.0,0.0,0.0,0.5,2.0,1.0
1,8,2025-05-05,1,19,5,1.0,0.0,2.0,0.75,1.3333333333333333,0.0
1,8,2025-05-12,0,20,5,1.0,1.0,0.0,0.5,0.0,0.0
1,8,2025-05-19,0,21,5,0.0,1.0,0.0,0.5,0.0,0.0
1,8,2025-05-26,0,22,5,0.0,0.0,1.0,0.5,0.0,0.0
1,8,2025-06-02,0,23,6,0.0,0.0,1.0,0.25,0.0,0.0
1,8,2025-06-09,0,24,6,0.0,0.0,0.0,0.0,1.0,0.0
1,8,2025-06-16,0,25,6,0.0,0.0,0.0,0.0,1.0,0.0
1,8,2025-06-23,0,26,6,0.0,0.0,0.0,0.0,1.0,0.0
1,8,2025-06-30,0,27,6,0.0,0.0,0.0,0.0,1.0,0.0
1,8,2025-07-07,0,28,7,0.0,0.0,0.0,0.0,1.0,1.0
1,8,2025-07-14,1,29,7,0.0,0.0,0.0,0.0,1.0,1.0
1,8,2025-07-21,1,30,7,1.0,0.0,0.0,0.25,4.0,1.0
1,8,2025-07-28,1,31,7,1.0,1.0,0.0,0.5,2.0,1.0
1,8,2025-08-04,1,32,8,1.0,1.0,0.0,0.75,1.3333333333333333,1.0
1,8,2025-08-11,1,33,8,1.0,1.0,1.0,1.0,1.0,0.0
1,8,2025-08-18,0,34,8,1.0,1.0,1.0,1.0,0.0,0.0
1,8,2025-08-25,0,35,8,0.0,1.0,1.0,0.75,0.0,1.0
1,8,2025-09-01,1,36,9,0.0,0.0,1.0,0.5,2.0,0.0
1,8,2025-09-08,0,37,9,1.0,0.0,1.0,0.5,0.0,2.0
1,8,2025-09-15,2,38,9,0.0,1.0,0.0,0.25,8.0,0.0
1,8,2025-09-22,0,39,9,2.0,0.0,0.0,0.75,0.0,0.0
1,8,2025-09-29,0,40,9,0.0,2.0,1.0,0.75,0.0,0.0
1,8,2025-10-06,0,41,10,0.0,0.0,0.0,0.5,0.0,0.0
1,8,2025-10-13,0,42,10,0.0,0.0,2.0,0.5,0.0,0.0
1,8,2025-10-20,0,43,10,0.0,0.0,0.0,0.0,1.0,0.0
1,8,2025-10-27,0,44,10,0.0,0.0,0.0,0.0,1.0,0.0
1,8,2025-11-03,0,45,11,0.0,0.0,0.0,0.0,1.0,1.0
1,8,2025-11-10,1,46,11,0.0,0.0,0.0,0.0,1.0,0.0
1,8,2025-11-17,0,47,11,1.0,0.0,0.0,0.25,0.0,0.0
1,8,2025-11-24,0,48,11,0.0,1.0,0.0,0.25,0.0,0.0
1,8,2025-12-01,0,49,12,0.0,0.0,0.0,0.25,0.0,1.0
1,8,2025-12-08,1,50,12,0.0,0.0,1.0,0.25,4.0,0.0
1,8,2025-12-15,0,51,12,1.0,0.0,0.0,0.25,0.0,0.0
1,8,2025-12-22,0,52,12,0.0,1.0,0.0,0.25,0.0,1.0
1,8,2025-12-29,1,1,12,0.0,0.0,0.0,0.25,4.0,0.0
1,8,2026-01-05,0,2,1,1.0,0.0,1.0,0.5,0.0,0.0
1,8,2026-01-12,0,3,1,0.0,1.0,0.0,0.25,0.0,0.0
1,8,2026-01-19,0,4,1,0.0,0.0,0.0,0.25,0.0,1.0
1,8,2026-01-26,1,5,1,0.0,0.0,1.0,0.25,4.0,0.0
1,8,2026-02-02,0,6,2,1.0,0.0,0.0,0.25,0.0,0.0
1,8,2026-02-09,0,7,2,0.0,1.0,0.0,0.25,0.0,2.0
1,8,2026-02-16,2,8,2,0.0,0.0,0.0,0.25,8.0,0.0
1,8,2026-02-23,0,9,2,2.0,0.0,1.0,0.75,0.0,1.0
1,8,2026-03-02,1,10,3,0.0,2.0,0.0,0.5,2.0,0.0
1,8,2026-03-09,0,11,3,1.0,0.0,0.0,0.75,0.0,1.0
1,8,2026-03-16,1,12,3,0.0,1.0,2.0,0.75,1.3333333333333333,0.0
1,8,2026-03-23,0,13,3,1.0,0.0,0.0,0.5,0.0,0.0
1,8,2026-03-30,0,14,3,0.0,1.0,1.0,0.5,0.0,1.0
1,8,2026-04-06,1,15,4,0.0,0.0,0.0,0.25,4.0,0.0
1,8,2026-04-13,0,16,4,1.0,0.0,1.0,0.5,0.0,0.0
1,8,2026-04-20,0,17,4,0.0,1.0,0.0,0.25,0.0,0.0
1,8,2026-04-27,0,18,4,0.0,0.0,0.0,0.25,0.0,0.0
1,8,2026-05-04,0,19,5,0.0,0.0,1.0,0.25,0.0,0.0
1,8,2026-05-11,0,20,5,0.0,0.0,0.0,0.0,1.0,0.0
1,8,2026-05-18,0,21,5,0.0,0.0,0.0,0.0,1.0,1.0
1,8,2026-05-25,1,22,5,0.0,0.0,0.0,0.0,1.0,2.0
1,8,2026-06-01,2,23,6,1.0,0.0,0.0,0.25,8.0,0.0
1,8,2026-06-08,0,24,6,2.0,1.0,0.0,0.75,0.0,0.0
1,8,2026-06-15,0,25,6,0.0,2.0,0.0,0.75,0.0,0.0
1,8,2026-06-22,0,26,6,0.0,0.0,1.0,0.75,0.0,0.0
1,9,2024-01-29,11,5,1,12.0,14.0,23.0,16.5,0.6666666666666666,9.0
1,9,2024-02-05,9,6,2,11.0,12.0,17.0,13.5,0.6666666666666666,12.0
1,9,2024-02-12,12,7,2,9.0,11.0,14.0,11.5,1.0434782608695652,7.0
1,9,2024-02-19,7,8,2,12.0,9.0,12.0,11.0,0.6363636363636364,13.0
1,9,2024-02-26,13,9,2,7.0,12.0,11.0,9.75,1.3333333333333333,16.0
1,9,2024-03-04,16,10,3,13.0,7.0,9.0,10.25,1.5609756097560976,15.0
1,9,2024-03-11,15,11,3,16.0,13.0,12.0,12.0,1.25,22.0
1,9,2024-03-18,22,12,3,15.0,16.0,7.0,12.75,1.7254901960784315,14.0
1,9,2024-03-25,14,13,3,22.0,15.0,13.0,16.5,0.8484848484848485,16.0
1,9,2024-04-01,16,14,4,14.0,22.0,16.0,16.75,0.9552238805970149,15.0
1,9,2024-04-08,15,15,4,16.0,14.0,15.0,16.75,0.8955223880597015,18.0
1,9,2024-04-15,18,16,4,15.0,16.0,22.0,16.75,1.0746268656716418,14.0
1,9,2024-04-22,14,17,4,18.0,15.0,14.0,15.75,0.8888888888888888,14.0
1,9,2024-04-29,14,18,4,14.0,18.0,16.0,15.75,0.8888888888888888,13.0
1,9,2024-05-06,13,19,5,14.0,14.0,15.0,15.25,0.8524590163934426,13.0
1,9,2024-05-13,13,20,5,13.0,14.0,18.0,14.75,0.8813559322033898,19.0
1,9,2024-05-20,19,21,5,13.0,13.0,14.0,13.5,1.4074074074074074,11.0
1,9,2024-05-27,11,22,5,19.0,13.0,14.0,14.75,0.7457627118644068,16.0
1,9,2024-06-03,16,23,6,11.0,19.0,13.0,14.0,1.1428571428571428,10.0
1,9,2024-06-10,10,24,6,16.0,11.0,13.0,14.75,0.6779661016949152,12.0
1,9,2024-06-17,12,25,6,10.0,16.0,19.0,14.0,0.8571428571428571,10.0
1,9,2024-06-24,10,26,6,12.0,10.0,11.0,12.25,0.8163265306122449,20.0
1,9,2024-07-01,20,27,7,10.0,12.0,16.0,12.0,1.6666666666666667,14.0
1,9,2024-07-08,14,28,7,20.0,10.0,10.0,13.0,1.0769230769230769,19.0
1,9,2024-07-15,19,29,7,14.0,20.0,12.0,14.0,1.3571428571428572,18.0
1,9,2024-07-22,18,30,7,19.0,14.0,10.0,15.75,1.1428571428571428,19.0
1,9,2024-07-29,19,31,7,18.0,19.0,20.0,17.75,1.0704225352112675,10.0
1,9,2024-08-05,10,32,8,19.0,18.0,14.0,17.5,0.5714285714285714,20.0
1,9,2024-08-12,20,33,8,10.0,19.0,19.0,16.5,1.2121212121212122,16.0
1,9,2024-08-19,16,34,8,20.0,10.0,18.0,16.75,0.9552238805970149,12.0
1,9,2024-08-26,12,35,8,16.0,20.0,19.0,16.25,0.7384615384615385,16.0
1,9,2024-09-02,16,36,9,12.0,16.0,10.0,14.5,1.103448275862069,14.0
1,9,2024-09-09,14,37,9,16.0,12.0,20.0,16.0,0.875,6.0
1,9,2024-09-16,6,38,9,14.0,16.0,16.0,14.5,0.41379310344827586,13.0
1,9,2024-09-23,13,39,9,6.0,14.0,12.0,12.0,1.0833333333333333,15.0
1,9,2024-09-30,15,40,9,13.0,6.0,16.0,12.25,1.2244897959183674,17.0
1,9,2024-10-07,17,41,10,15.0,13.0,14.0,12.0,1.4166666666666667,8.0
1,9,2024-10-14,8,42,10,17.0,15.0,6.0,12.75,0.6274509803921569,12.0
1,9,2024-10-21,12,43,10,8.0,17.0,13.0,13.25,0.9056603773584906,17.0
1,9,2024-10-28,17,44,10,12.0,8.0,15.0,13.0,1.3076923076923077,11.0
1,9,2024-11-04,11,45,11,17.0,12.0,17.0,13.5,0.8148148148148148,18.0
1,9,2024-11-11,18,46,11,11.0,17.0,8.0,12.0,1.5,15.0
1,9,2024-11-18,15,47,11,18.0,11.0,12.0,14.5,1.0344827586206897,17.0
1,9,2024-11-25,17,48,11,15.0,18.0,17.0,15.25,1.1147540983606556,15.0
1,9,2024-12-02,15,49,12,17.0,15.0,11.0,15.25,0.9836065573770492,19.0
1,9,2024-12-09,19,50,12,15.0,17.0,18.0,16.25,1.1692307692307693,13.0
1,9,2024-12-16,13,51,12,19.0,15.0,15.0,16.5,0.7878787878787878,14.0
1,9,2024-12-23,14,52,12,13.0,19.0,17.0,16.0,0.875,13.0
1,9,2024-12-30,13,1,12,14.0,13.0,15.0,15.25,0.8524590163934426,14.0
1,9,2025-01-06,14,2,1,13.0,14.0,19.0,14.75,0.9491525423728814,10.0
1,9,2025-01-13,10,3,1,14.0,13.0,13.0,13.5,0.7407407407407407,14.0
1,9,2025-01-20,14,4,1,10.0,14.0,14.0,12.75,1.0980392156862746,15.0
1,9,2025-01-27,15,5,1,14.0,10.0,13.0,12.75,1.1764705882352942,24.0
1,9,2025-02-03,24,6,2,15.0,14.0,14.0,13.25,1.8113207547169812,14.0
1,9,2025-02-10,14,7,2,24.0,15.0,10.0,15.75,0.8888888888888888,18.0
1,9,2025-02-17,18,8,2,14.0,24.0,14.0,16.75,1.0746268656716418,10.0
1,9,2025-02-24,10,9,2,18.0,14.0,15.0,17.75,0.5633802816901409,14.0
1,9,2025-03-03,14,10,3,10.0,18.0,24.0,16.5,0.8484848484848485,12.0
1,9,2025-03-10,12,11,3,14.0,10.0,14.0,14.0,0.8571428571428571,17.0
1,9,2025-03-17,17,12,3,12.0,14.0,18.0,13.5,1.2592592592592593,13.0
1,9,2025-03-24,13,13,3,17.0,12.0,10.0,13.25,0.9811320754716981,19.0
1,9,2025-03-31,19,14,3,13.0,17.0,14.0,14.0,1.3571428571428572,11.0
1,9,2025-04-07,11,15,4,19.0,13.0,12.0,15.25,0.7213114754098361,9.0
1,9,2025-04-14,9,16,4,11.0,19.0,17.0,15.0,0.6,10.0
1,9,2025-04-21,10,17,4,9.0,11.0,13.0,13.0,0.7692307692307693,8.0
1,9,2025-04-28,8,18,4,10.0,9.0,19.0,12.25,0.6530612244897959,19.0
1,9,2025-05-05,19,19,5,8.0,10.0,11.0,9.5,2.0,17.0
1,9,2025-05-12,17,20,5,19.0,8.0,9.0,11.5,1.4782608695652173,17.0
1,9,2025-05-19,17,21,5,17.0,19.0,10.0,13.5,1.2592592592592593,12.0
1,9,2025-05-26,12,22,5,17.0,17.0,8.0,15.25,0.7868852459016393,18.0
1,9,2025-06-02,18,23,6,12.0,17.0,19.0,16.25,1.1076923076923078,10.0
1,9,2025-06-09,10,24,6,18.0,12.0,17.0,16.0,0.625,12.0
1,9,2025-06-16,12,25,6,10.0,18.0,17.0,14.25,0.8421052631578947,14.0
1,9,2025-06-23,14,26,6,12.0,10.0,12.0,13.0,1.0769230769230769,15.0
1,9,2025-06-30,15,27,6,14.0,12.0,18.0,13.5,1.1111111111111112,17.0
1,9,2025-07-07,17,28,7,15.0,14.0,10.0,12.75,1.3333333333333333,12.0
1,9,2025-07-14,12,29,7,17.0,15.0,12.0,14.5,0.8275862068965517,3.0
1,9,2025-07-21,3,30,7,12.0,17.0,14.0,14.5,0.20689655172413793,15.0
1,9,2025-07-28,15,31,7,3.0,12.0,15.0,11.75,1.2765957446808511,16.0
1,9,2025-08-04,16,32,8,15.0,3.0,17.0,11.75,1.3617021276595744,12.0
1,9,2025-08-11,12,33,8,16.0,15.0,12.0,11.5,1.0434782608695652,10.0
1,9,2025-08-18,10,34,8,12.0,16.0,3.0,11.5,0.8695652173913043,15.0
1,9,2025-08-25,15,35,8,10.0,12.0,15.0,13.25,1.1320754716981132,14.0
1,9,2025-09-01,14,36,9,15.0,10.0,16.0,13.25,1.0566037735849056,8.0
1,9,2025-09-08,8,37,9,14.0,15.0,12.0,12.75,0.6274509803921569,14.0
1,9,2025-09-15,14,38,9,8.0,14.0,10.0,11.75,1.1914893617021276,15.0
1,9,2025-09-22,15,39,9,14.0,8.0,15.0,12.75,1.1764705882352942,18.0
1,9,2025-09-29,18,40,9,15.0,14.0,14.0,12.75,1.411764705882353,17.0
1,9,2025-10-06,17,41,10,18.0,15.0,8.0,13.75,1.2363636363636363,10.0
1,9,2025-10-13,10,42,10,17.0,18.0,14.0,16.0,0.625,11.0
1,9,2025-10-20,11,43,10,10.0,17.0,15.0,15.0,0.7333333333333333,17.0
1,9,2025-10-27,17,44,10,11.0,10.0,18.0,14.0,1.2142857142857142,8.0
1,9,2025-11-03,8,45,11,17.0,11.0,17.0,13.75,0.5818181818181818,16.0
1,9,2025-11-10,16,46,11,8.0,17.0,10.0,11.5,1.391304347826087,8.0
1,9,2025-11-17,8,47,11,16.0,8.0,11.0,13.0,0.6153846153846154,17.0
1,9,2025-11-24,17,48,11,8.0,16.0,17.0,12.25,1.3877551020408163,17.0
1,9,2025-12-01,17,49,12,17.0,8.0,8.0,12.25,1.3877551020408163,13.0
1,9,2025-12-08,13,50,12,17.0,17.0,16.0,14.5,0.896551724137931,16.0
1,9,2025-12-15,16,51,12,13.0,17.0,8.0,13.75,1.1636363636363636,14.0
1,9,2025-12-22,14,52,12,16.0,13.0,17.0,15.75,0.8888888888888888,11.0
1,9,2025-12-29,11,1,12,14.0,16.0,17.0,15.0,0.7333333333333333,22.0
1,9,2026-01-05,22,2,1,11.0,14.0,13.0,13.5,1.6296296296296295,19.0
1,9,2026-01-12,19,3,1,22.0,11.0,16.0,15.75,1.2063492063492063,13.0
1,9,2026-01-19,13,4,1,19.0,22.0,14.0,16.5,0.7878787878787878,12.0
1,9,2026-01-26,12,5,1,13.0,19.0,11.0,16.25,0.7384615384615385,18.0
1,9,2026-02-02,18,6,2,12.0,13.0,22.0,16.5,1.0909090909090908,18.0
1,9,2026-02-09,18,7,2,18.0,12.0,19.0,15.5,1.1612903225806452,18.0
1,9,2026-02-16,18,8,2,18.0,18.0,13.0,15.25,1.180327868852459,18.0
1,9,2026-02-23,18,9,2,18.0,18.0,12.0,16.5,1.0909090909090908,21.0
1,9,2026-03-02,21,10,3,18.0,18.0,18.0,18.0,1.1666666666666667,18.0
1,9,2026-03-09,18,11,3,21.0,18.0,18.0,18.75,0.96,13.0
1,9,2026-03-16,13,12,3,18.0,21.0,18.0,18.75,0.6933333333333334,11.0
1,9,2026-03-23,11,13,3,13.0,18.0,18.0,17.5,0.6285714285714286,16.0
1,9,2026-03-30,16,14,3,11.0,13.0,21.0,15.75,1.0158730158730158,9.0
1,9,2026-04-06,9,15,4,16.0,11.0,18.0,14.5,0.6206896551724138,15.0
1,9,2026-04-13,15,16,4,9.0,16.0,13.0,12.25,1.2244897959183674,12.0
1,9,2026-04-20,12,17,4,15.0,9.0,11.0,12.75,0.9411764705882353,12.0
1,9,2026-04-27,12,18,4,12.0,15.0,16.0,13.0,0.9230769230769231,12.0
1,9,2026-05-04,12,19,5,12.0,12.0,9.0,12.0,1.0,18.0
1,9,2026-05-11,18,20,5,12.0,12.0,15.0,12.75,1.411764705882353,12.0
1,9,2026-05-18,12,21,5,18.0,12.0,12.0,13.5,0.8888888888888888,19.0
1,9,2026-05-25,19,22,5,12.0,18.0,12.0,13.5,1.4074074074074074,17.0
1,9,2026-06-01,17,23,6,19.0,12.0,12.0,15.25,1.1147540983606556,21.0
1,9,2026-06-08,21,24,6,17.0,19.0,18.0,16.5,1.2727272727272727,10.0
1,9,2026-06-15,10,25,6,21.0,17.0,12.0,17.25,0.5797101449275363,15.0
1,9,2026-06-22,15,26,6,10.0,21.0,19.0,16.75,0.8955223880597015,1.0
1,10,2024-01-29,0,5,1,1.0,0.0,0.0,0.25,0.0,0.0
1,10,2024-02-05,0,6,2,0.0,1.0,0.0,0.25,0.0,0.0
1,10,2024-02-12,0,7,2,0.0,0.0,0.0,0.25,0.0,0.0
1,10,2024-02-19,0,8,2,0.0,0.0,1.0,0.25,0.0,1.0
1,10,2024-02-26,1,9,2,0.0,0.0,0.0,0.0,1.0,0.0
1,10,2024-03-04,0,10,3,1.0,0.0,0.0,0.25,0.0,0.0
1,10,2024-03-11,0,11,3,0.0,1.0,0.0,0.25,0.0,0.0
1,10,2024-03-18,0,12,3,0.0,0.0,0.0,0.25,0.0,0.0
1,10,2024-03-25,0,13,3,0.0,0.0,1.0,0.25,0.0,1.0
1,10,2024-04-01,1,14,4,0.0,0.0,0.0,0.0,1.0,0.0
1,10,2024-04-08,0,15,4,1.0,0.0,0.0,0.25,0.0,1.0
1,10,2024-04-15,1,16,4,0.0,1.0,0.0,0.25,4.0,2.0
1,10,2024-04-22,2,17,4,1.0,0.0,0.0,0.5,4.0,0.0
1,10,2024-04-29,0,18,4,2.0,1.0,1.0,1.0,0.0,1.0
1,10,2024-05-06,1,19,5,0.0,2.0,0.0,0.75,1.3333333333333333,1.0
1,10,2024-05-13,1,20,5,1.0,0.0,1.0,1.0,1.0,0.0
1,10,2024-05-20,0,21,5,1.0,1.0,2.0,1.0,0.0,0.0
1,10,2024-05-27,0,22,5,0.0,1.0,0.0,0.5,0.0,0.0
1,10,2024-06-03,0,23,6,0.0,0.0,1.0,0.5,0.0,0.0
1,10,2024-06-10,0,24,6,0.0,0.0,1.0,0.25,0.0,1.0
1,10,2024-06-17,1,25,6,0.0,0.0,0.0,0.0,1.0,1.0
1,10,2024-06-24,1,26,6,1.0,0.0,0.0,0.25,4.0,0.0
1,10,2024-07-01,0,27,7,1.0,1.0,0.0,0.5,0.0,1.0
1,10,2024-07-08,1,28,7,0.0,1.0,0.0,0.5,2.0,0.0
1,10,2024-07-15,0,29,7,1.0,0.0,1.0,0.75,0.0,0.0
1,10,2024-07-22,0,30,7,0.0,1.0,1.0,0.5,0.0,0.0
1,10,2024-07-29,0,31,7,0.0,0.0,0.0,0.25,0.0,2.0
1,10,2024-08-05,2,32,8,0.0,0.0,1.0,0.25,8.0,0.0
1,10,2024-08-12,0,33,8,2.0,0.0,0.0,0.5,0.0,0.0
1,10,2024-08-19,0,34,8,0.0,2.0,0.0,0.5,0.0,1.0
1,10,2024-08-26,1,35,8,0.0,0.0,0.0,0.5,2.0,0.0
1,10,2024-09-02,0,36,9,1.0,0.0,2.0,0.75,0.0,0.0
1,10,2024-09-09,0,37,9,0.0,1.0,0.0,0.25,0.0,0.0
1,10,2024-09-16,0,38,9,0.0,0.0,0.0,0.25,0.0,0.0
1,10,2024-09-23,0,39,9,0.0,0.0,1.0,0.25,0.0,0.0
1,10,2024-09-30,0,40,9,0.0,0.0,0.0,0.0,1.0,0.0
1,10,2024-10-07,0,41,10,0.0,0.0,0.0,0.0,1.0,1.0
1,10,2024-10-14,1,42,10,0.0,0.0,0.0,0.0,1.0,0.0
1,10,2024-10-21,0,43,10,1.0,0.0,0.0,0.25,0.0,0.0
1,10,2024-10-28,0,44,10,0.0,1.0,0.0,0.25,0.0,0.0
1,10,2024-11-04,0,45,11,0.0,0.0,0.0,0.25,0.0,0.0
1,10,2024-11-11,0,46,11,0.0,0.0,1.0,0.25,0.0,1.0
1,10,2024-11-18,1,47,11,0.0,0.0,0.0,0.0,1.0,0.0
1,10,2024-11-25,0,48,11,1.0,0.0,0.0,0.25,0.0,0.0
1,10,2024-12-02,0,49,12,0.0,1.0,0.0,0.25,0.0,0.0
1,10,2024-12-09,0,50,12,0.0,0.0,0.0,0.25,0.0,0.0
1,10,2024-12-16,0,51,12,0.0,0.0,1.0,0.25,0.0,0.0
1,10,2024-12-23,0,52,12,0.0,0.0,0.0,0.0,1.0,0.0
1,10,2024-12-30,0,1,12,0.0,0.0,0.0,0.0,1.0,0.0
1,10,2025-01-06,0,2,1,0.0,0.0,0.0,0.0,1.0,0.0
1,10,2025-01-13,0,3,1,0.0,0.0,0.0,0.0,1.0,0.0
1,10,2025-01-20,0,4,1,0.0,0.0,0.0,0.0,1.0,0.0
1,10,2025-01-27,0,5,1,0.0,0.0,0.0,0.0,1.0,2.0
1,10,2025-02-03,2,6,2,0.0,0.0,0.0,0.0,1.0,0.0
1,10,2025-02-10,0,7,2,2.0,0.0,0.0,0.5,0.0,0.0
1,10,2025-02-17,0,8,2,0.0,2.0,0.0,0.5,0.0,1.0
1,10,2025-02-24,1,9,2,0.0,0.0,0.0,0.5,2.0,0.0
1,10,2025-03-03,0,10,3,1.0,0.0,2.0,0.75,0.0,1.0
1,10,2025-03-10,1,11,3,0.0,1.0,0.0,0.25,4.0,1.0
1,10,2025-03-17,1,12,3,1.0,0.0,0.0,0.5,2.0,2.0
1,10,2025-03-24,2,13,3,1.0,1.0,1.0,0.75,2.6666666666666665,0.0
1,10,2025-03-31,0,14,3,2.0,1.0,0.0,1.0,0.0,0.0
1,10,2025-04-07,0,15,4,0.0,2.0,1.0,1.0,0.0,1.0
1,10,2025-04-14,1,16,4,0.0,0.0,1.0,0.75,1.3333333333333333,0.0
1,10,2025-04-21,0,17,4,1.0,0.0,2.0,0.75,0.0,0.0
1,10,2025-04-28,0,18,4,0.0,1.0,0.0,0.25,0.0,0.0
1,10,2025-05-05,0,19,5,0.0,0.0,0.0,0.25,0.0,0.0
1,10,2025-05-12,0,20,5,0.0,0.0,1.0,0.25,0.0,1.0
1,10,2025-05-19,1,21,5,0.0,0.0,0.0,0.0,1.0,0.0
1,10,2025-05-26,0,22,5,1.0,0.0,0.0,0.25,0.0,0.0
1,10,2025-06-02,0,23,6,0.0,1.0,0.0,0.25,0.0,1.0
1,10,2025-06-09,1,24,6,0.0,0.0,0.0,0.25,4.0,0.0
1,10,2025-06-16,0,25,6,1.0,0.0,1.0,0.5,0.0,1.0
1,10,2025-06-23,1,26,6,0.0,1.0,0.0,0.25,4.0,0.0
1,10,2025-06-30,0,27,6,1.0,0.0,0.0,0.5,0.0,0.0
1,10,2025-07-07,0,28,7,0.0,1.0,1.0,0.5,0.0,0.0
1,10,2025-07-14,0,29,7,0.0,0.0,0.0,0.25,0.0,0.0
1,10,2025-07-21,0,30,7,0.0,0.0,1.0,0.25,0.0,0.0
1,10,2025-07-28,0,31,7,0.0,0.0,0.0,0.0,1.0,0.0
1,10,2025-08-04,0,32,8,0.0,0.0,0.0,0.0,1.0,0.0
1,10,2025-08-11,0,33,8,0.0,0.0,0.0,0.0,1.0,1.0
1,10,2025-08-18,1,34,8,0.0,0.0,0.0,0.0,1.0,2.0
1,10,2025-08-25,2,35,8,1.0,0.0,0.0,0.25,8.0,0.0
1,10,2025-09-01,0,36,9,2.0,1.0,0.0,0.75,0.0,2.0
1,10,2025-09-08,2,37,9,0.0,2.0,0.0,0.75,2.6666666666666665,3.0
1,10,2025-09-15,3,38,9,2.0,0.0,1.0,1.25,2.4,0.0
1,10,2025-09-22,0,39,9,3.0,2.0,2.0,1.75,0.0,0.0
1,10,2025-09-29,0,40,9,0.0,3.0,0.0,1.25,0.0,0.0
1,10,2025-10-06,0,41,10,0.0,0.0,2.0,1.25,0.0,1.0
1,10,2025-10-13,1,42,10,0.0,0.0,3.0,0.75,1.3333333333333333,2.0
1,10,2025-10-20,2,43,10,1.0,0.0,0.0,0.25,8.0,0.0
1,10,2025-10-27,0,44,10,2.0,1.0,0.0,0.75,0.0,1.0
1,10,2025-11-03,1,45,11,0.0,2.0,0.0,0.75,1.3333333333333333,0.0
1,10,2025-11-10,0,46,11,1.0,0.0,1.0,1.0,0.0,0.0
1,10,2025-11-17,0,47,11,0.0,1.0,2.0,0.75,0.0,0.0
1,10,2025-11-24,0,48,11,0.0,0.0,0.0,0.25,0.0,0.0
1,10,2025-12-01,0,49,12,0.0,0.0,1.0,0.25,0.0,0.0
1,10,2025-12-08,0,50,12,0.0,0.0,0.0,0.0,1.0,0.0
1,10,2025-12-15,0,51,12,0.0,0.0,0.0,0.0,1.0,1.0
1,10,2025-12-22,1,52,12,0.0,0.0,0.0,0.0,1.0,1.0
1,10,2025-12-29,1,1,12,1.0,0.0,0.0,0.25,4.0,0.0
1,10,2026-01-05,0,2,1,1.0,1.0,0.0,0.5,0.0,0.0
1,10,2026-01-12,0,3,1,0.0,1.0,0.0,0.5,0.0,1.0
1,10,2026-01-19,1,4,1,0.0,0.0,1.0,0.5,2.0,1.0
1,10,2026-01-26,1,5,1,1.0,0.0,1.0,0.5,2.0,0.0
1,10,2026-02-02,0,6,2,1.0,1.0,0.0,0.5,0.0,0.0
1,10,2026-02-09,0,7,2,0.0,1.0,0.0,0.5,0.0,0.0
1,10,2026-02-16,0,8,2,0.0,0.0,1.0,0.5,0.0,2.0
1,10,2026-02-23,2,9,2,0.0,0.0,1.0,0.25,8.0,2.0
1,10,2026-03-02,2,10,3,2.0,0.0,0.0,0.5,4.0,0.0
1,10,2026-03-09,0,11,3,2.0,2.0,0.0,1.0,0.0,0.0
1,10,2026-03-16,0,12,3,0.0,2.0,0.0,1.0,0.0,1.0
1,10,2026-03-23,1,13,3,0.0,0.0,2.0,1.0,1.0,0.0
1,10,2026-03-30,0,14,3,1.0,0.0,2.0,0.75,0.0,0.0
1,10,2026-04-06,0,15,4,0.0,1.0,0.0,0.25,0.0,1.0
1,10,2026-04-13,1,16,4,0.0,0.0,0.0,0.25,4.0,1.0
1,10,2026-04-20,1,17,4,1.0,0.0,1.0,0.5,2.0,1.0
1,10,2026-04-27,1,18,4,1.0,1.0,0.0,0.5,2.0,1.0
1,10,2026-05-04,1,19,5,1.0,1.0,0.0,0.75,1.3333333333333333,0.0
1,10,2026-05-11,0,20,5,1.0,1.0,1.0,1.0,0.0,1.0
1,10,2026-05-18,1,21,5,0.0,1.0,1.0,0.75,1.3333333333333333,0.0
1,10,2026-05-25,0,22,5,1.0,0.0,1.0,0.75,0.0,0.0
1,10,2026-06-01,0,23,6,0.0,1.0,1.0,0.5,0.0,1.0
1,10,2026-06-08,1,24,6,0.0,0.0,0.0,0.25,4.0,1.0
1,10,2026-06-15,1,25,6,1.0,0.0,1.0,0.5,2.0,0.0
1,10,2026-06-22,0,26,6,1.0,1.0,0.0,0.5,0.0,0.0
1,11,2024-01-29,0,5,1,0.0,1.0,0.0,0.5,0.0,0.0
1,11,2024-02-05,0,6,2,0.0,0.0,1.0,0.5,0.0,1.0
1,11,2024-02-12,1,7,2,0.0,0.0,1.0,0.25,4.0,0.0
1,11,2024-02-19,0,8,2,1.0,0.0,0.0,0.25,0.0,1.0
1,11,2024-02-26,1,9,2,0.0,1.0,0.0,0.25,4.0,0.0
1,11,2024-03-04,0,10,3,1.0,0.0,0.0,0.5,0.0,0.0
1,11,2024-03-11,0,11,3,0.0,1.0,1.0,0.5,0.0,0.0
1,11,2024-03-18,0,12,3,0.0,0.0,0.0,0.25,0.0,0.0
1,11,2024-03-25,0,13,3,0.0,0.0,1.0,0.25,0.0,0.0
1,11,2024-04-01,0,14,4,0.0,0.0,0.0,0.0,1.0,0.0
1,11,2024-04-08,0,15,4,0.0,0.0,0.0,0.0,1.0,3.0
1,11,2024-04-15,3,16,4,0.0,0.0,0.0,0.0,1.0,0.0
1,11,2024-04-22,0,17,4,3.0,0.0,0.0,0.75,0.0,0.0
1,11,2024-04-29,0,18,4,0.0,3.0,0.0,0.75,0.0,0.0
1,11,2024-05-06,0,19,5,0.0,0.0,0.0,0.75,0.0,1.0
1,11,2024-05-13,1,20,5,0.0,0.0,3.0,0.75,1.3333333333333333,0.0
1,11,2024-05-20,0,21,5,1.0,0.0,0.0,0.25,0.0,1.0
1,11,2024-05-27,1,22,5,0.0,1.0,0.0,0.25,4.0,0.0
1,11,2024-06-03,0,23,6,1.0,0.0,0.0,0.5,0.0,1.0
1,11,2024-06-10,1,24,6,0.0,1.0,1.0,0.5,2.0,1.0
1,11,2024-06-17,1,25,6,1.0,0.0,0.0,0.5,2.0,0.0
1,11,2024-06-24,0,26,6,1.0,1.0,1.0,0.75,0.0,2.0
1,11,2024-07-01,2,27,7,0.0,1.0,0.0,0.5,4.0,0.0
1,11,2024-07-08,0,28,7,2.0,0.0,1.0,1.0,0.0,0.0
1,11,2024-07-15,0,29,7,0.0,2.0,1.0,0.75,0.0,1.0
1,11,2024-07-22,1,30,7,0.0,0.0,0.0,0.5,2.0,0.0
1,11,2024-07-29,0,31,7,1.0,0.0,2.0,0.75,0.0,0.0
1,11,2024-08-05,0,32,8,0.0,1.0,0.0,0.25,0.0,0.0
1,11,2024-08-12,0,33,8,0.0,0.0,0.0,0.25,0.0,1.0
1,11,2024-08-19,1,34,8,0.0,0.0,1.0,0.25,4.0,0.0
1,11,2024-08-26,0,35,8,1.0,0.0,0.0,0.25,0.0,0.0
1,11,2024-09-02,0,36,9,0.0,1.0,0.0,0.25,0.0,1.0
1,11,2024-09-09,1,37,9,0.0,0.0,0.0,0.25,4.0,1.0
1,11,2024-09-16,1,38,9,1.0,0.0,1.0,0.5,2.0,1.0
1,11,2024-09-23,1,39,9,1.0,1.0,0.0,0.5,2.0,2.0
1,11,2024-09-30,2,40,9,1.0,1.0,0.0,0.75,2.6666666666666665,0.0
1,11,2024-10-07,0,41,10,2.0,1.0,1.0,1.25,0.0,0.0
1,11,2024-10-14,0,42,10,0.0,2.0,1.0,1.0,0.0,0.0
1,11,2024-10-21,0,43,10,0.0,0.0,1.0,0.75,0.0,0.0
1,11,2024-10-28,0,44,10,0.0,0.0,2.0,0.5,0.0,1.0
1,11,2024-11-04,1,45,11,0.0,0.0,0.0,0.0,1.0,1.0
1,11,2024-11-11,1,46,11,1.0,0.0,0.0,0.25,4.0,1.0
1,11,2024-11-18,1,47,11,1.0,1.0,0.0,0.5,2.0,0.0
1,11,2024-11-25,0,48,11,1.0,1.0,0.0,0.75,0.0,0.0
1,11,2024-12-02,0,49,12,0.0,1.0,1.0,0.75,0.0,2.0
1,11,2024-12-09,2,50,12,0.0,0.0,1.0,0.5,4.0,0.0
1,11,2024-12-16,0,51,12,2.0,0.0,1.0,0.75,0.0,0.0
1,11,2024-12-23,0,52,12,0.0,2.0,0.0,0.5,0.0,0.0
1,11,2024-12-30,0,1,12,0.0,0.0,0.0,0.5,0.0,0.0
1,11,2025-01-06,0,2,1,0.0,0.0,2.0,0.5,0.0,0.0
1,11,2025-01-13,0,3,1,0.0,0.0,0.0,0.0,1.0,2.0
1,11,2025-01-20,2,4,1,0.0,0.0,0.0,0.0,1.0,0.0
1,11,2025-01-27,0,5,1,2.0,0.0,0.0,0.5,0.0,1.0
1,11,2025-02-03,1,6,2,0.0,2.0,0.0,0.5,2.0,0.0
1,11,2025-02-10,0,7,2,1.0,0.0,0.0,0.75,0.0,0.0
1,11,2025-02-17,0,8,2,0.0,1.0,2.0,0.75,0.0,0.0
1,11,2025-02-24,0,9,2,0.0,0.0,0.0,0.25,0.0,0.0
1,11,2025-03-03,0,10,3,0.0,0.0,1.0,0.25,0.0,0.0
1,11,2025-03-10,0,11,3,0.0,0.0,0.0,0.0,1.0,0.0
1,11,2025-03-17,0,12,3,0.0,0.0,0.0,0.0,1.0,1.0
1,11,2025-03-24,1,13,3,0.0,0.0,0.0,0.0,1.0,0.0
1,11,2025-03-31,0,14,3,1.0,0.0,0.0,0.25,0.0,1.0
1,11,2025-04-07,1,15,4,0.0,1.0,0.0,0.25,4.0,1.0
1,11,2025-04-14,1,16,4,1.0,0.0,0.0,0.5,2.0,0.0
1,11,2025-04-21,0,17,4,1.0,1.0,1.0,0.75,0.0,1.0
1,11,2025-04-28,1,18,4,0.0,1.0,0.0,0.5,2.0,1.0
1,11,2025-05-05,1,19,5,1.0,0.0,1.0,0.75,1.3333333333333333,0.0
1,11,2025-05-12,0,20,5,1.0,1.0,1.0,0.75,0.0,1.0
1,11,2025-05-19,1,21,5,0.0,1.0,0.0,0.5,2.0,0.0
1,11,2025-05-26,0,22,5,1.0,0.0,1.0,0.75,0.0,0.0
1,11,2025-06-02,0,23,6,0.0,1.0,1.0,0.5,0.0,0.0
1,11,2025-06-09,0,24,6,0.0,0.0,0.0,0.25,0.0,0.0
1,11,2025-06-16,0,25,6,0.0,0.0,1.0,0.25,0.0,1.0
1,11,2025-06-23,1,26,6,0.0,0.0,0.0,0.0,1.0,0.0
1,11,2025-06-30,0,27,6,1.0,0.0,0.0,0.25,0.0,0.0
1,11,2025-07-07,0,28,7,0.0,1.0,0.0,0.25,0.0,0.0
1,11,2025-07-14,0,29,7,0.0,0.0,0.0,0.25,0.0,0.0
1,11,2025-07-21,0,30,7,0.0,0.0,1.0,0.25,0.0,1.0
1,11,2025-07-28,1,31,7,0.0,0.0,0.0,0.0,1.0,0.0
1,11,2025-08-04,0,32,8,1.0,0.0,0.0,0.25,0.0,0.0
1,11,2025-08-11,0,33,8,0.0,1.0,0.0,0.25,0.0,0.0
1,11,2025-08-18,0,34,8,0.0,0.0,0.0,0.25,0.0,0.0
1,11,2025-08-25,0,35,8,0.0,0.0,1.0,0.25,0.0,0.0
1,11,2025-09-01,0,36,9,0.0,0.0,0.0,0.0,1.0,0.0
1,11,2025-09-08,0,37,9,0.0,0.0,0.0,0.0,1.0,0.0
1,11,2025-09-15,0,38,9,0.0,0.0,0.0,0.0,1.0,1.0
1,11,2025-09-22,1,39,9,0.0,0.0,0.0,0.0,1.0,2.0
1,11,2025-09-29,2,40,9,1.0,0.0,0.0,0.25,8.0,0.0
1,11,2025-10-06,0,41,10,2.0,1.0,0.0,0.75,0.0,1.0
1,11,2025-10-13,1,42,10,0.0,2.0,0.0,0.75,1.3333333333333333,0.0
1,11,2025-10-20,0,43,10,1.0,0.0,1.0,1.0,0.0,2.0
1,11,2025-10-27,2,44,10,0.0,1.0,2.0,0.75,2.6666666666666665,0.0
1,11,2025-11-03,0,45,11,2.0,0.0,0.0,0.75,0.0,2.0
1,11,2025-11-10,2,46,11,0.0,2.0,1.0,0.75,2.6666666666666665,0.0
1,11,2025-11-17,0,47,11,2.0,0.0,0.0,1.0,0.0,0.0
1,11,2025-11-24,0,48,11,0.0,2.0,2.0,1.0,0.0,1.0
1,11,2025-12-01,1,49,12,0.0,0.0,0.0,0.5,2.0,0.0
1,11,2025-12-08,0,50,12,1.0,0.0,2.0,0.75,0.0,0.0
1,11,2025-12-15,0,51,12,0.0,1.0,0.0,0.25,0.0,0.0
1,11,2025-12-22,0,52,12,0.0,0.0,0.0,0.25,0.0,0.0
1,11,2025-12-29,0,1,12,0.0,0.0,1.0,0.25,0.0,0.0
1,11,2026-01-05,0,2,1,0.0,0.0,0.0,0.0,1.0,0.0
1,11,2026-01-12,0,3,1,0.0,0.0,0.0,0.0,1.0,1.0
1,11,2026-01-19,1,4,1,0.0,0.0,0.0,0.0,1.0,0.0
1,11,2026-01-26,0,5,1,1.0,0.0,0.0,0.25,0.0,1.0
1,11,2026-02-02,1,6,2,0.0,1.0,0.0,0.25,4.0,3.0
1,11,2026-02-09,3,7,2,1.0,0.0,0.0,0.5,6.0,2.0
1,11,2026-02-16,2,8,2,3.0,1.0,1.0,1.25,1.6,0.0
1,11,2026-02-23,0,9,2,2.0,3.0,0.0,1.5,0.0,0.0
1,11,2026-03-02,0,10,3,0.0,2.0,1.0,1.5,0.0,0.0
1,11,2026-03-09,0,11,3,0.0,0.0,3.0,1.25,0.0,1.0
1,11,2026-03-16,1,12,3,0.0,0.0,2.0,0.5,2.0,1.0
1,11,2026-03-23,1,13,3,1.0,0.0,0.0,0.25,4.0,1.0
1,11,2026-03-30,1,14,3,1.0,1.0,0.0,0.5,2.0,0.0
1,11,2026-04-06,0,15,4,1.0,1.0,0.0,0.75,0.0,1.0
1,11,2026-04-13,1,16,4,0.0,1.0,1.0,0.75,1.3333333333333333,0.0
1,11,2026-04-20,0,17,4,1.0,0.0,1.0,0.75,0.0,0.0
1,11,2026-04-27,0,18,4,0.0,1.0,1.0,0.5,0.0,0.0
1,11,2026-05-04,0,19,5,0.0,0.0,0.0,0.25,0.0,0.0
1,11,2026-05-11,0,20,5,0.0,0.0,1.0,0.25,0.0,0.0
1,11,2026-05-18,0,21,5,0.0,0.0,0.0,0.0,1.0,1.0
1,11,2026-05-25,1,22,5,0.0,0.0,0.0,0.0,1.0,2.0
1,11,2026-06-01,2,23,6,1.0,0.0,0.0,0.25,8.0,0.0
1,11,2026-06-08,0,24,6,2.0,1.0,0.0,0.75,0.0,0.0
1,11,2026-06-15,0,25,6,0.0,2.0,0.0,0.75,0.0,2.0
1,11,2026-06-22,2,26,6,0.0,0.0,1.0,0.75,2.6666666666666665,0.0
1,12,2024-01-29,0,5,1,0.0,1.0,0.0,0.75,0.0,0.0
1,12,2024-02-05,0,6,2,0.0,0.0,2.0,0.75,0.0,1.0
1,12,2024-02-12,1,7,2,0.0,0.0,1.0,0.25,4.0,0.0
1,12,2024-02-19,0,8,2,1.0,0.0,0.0,0.25,0.0,0.0
1,12,2024-02-26,0,9,2,0.0,1.0,0.0,0.25,0.0,0.0
1,12,2024-03-04,0,10,3,0.0,0.0,0.0,0.25,0.0,0.0
1,12,2024-03-11,0,11,3,0.0,0.0,1.0,0.25,0.0,2.0
1,12,2024-03-18,2,12,3,0.0,0.0,0.0,0.0,1.0,0.0
1,12,2024-03-25,0,13,3,2.0,0.0,0.0,0.5,0.0,0.0
1,12,2024-04-01,0,14,4,0.0,2.0,0.0,0.5,0.0,0.0
1,12,2024-04-08,0,15,4,0.0,0.0,0.0,0.5,0.0,0.0
1,12,2024-04-15,0,16,4,0.0,0.0,2.0,0.5,0.0,0.0
1,12,2024-04-22,0,17,4,0.0,0.0,0.0,0.0,1.0,0.0
1,12,2024-04-29,0,18,4,0.0,0.0,0.0,0.0,1.0,1.0
1,12,2024-05-06,1,19,5,0.0,0.0,0.0,0.0,1.0,0.0
1,12,2024-05-13,0,20,5,1.0,0.0,0.0,0.25,0.0,0.0
1,12,2024-05-20,0,21,5,0.0,1.0,0.0,0.25,0.0,1.0
1,12,2024-05-27,1,22,5,0.0,0.0,0.0,0.25,4.0,1.0
1,12,2024-06-03,1,23,6,1.0,0.0,1.0,0.5,2.0,1.0
1,12,2024-06-10,1,24,6,1.0,1.0,0.0,0.5,2.0,0.0
1,12,2024-06-17,0,25,6,1.0,1.0,0.0,0.75,0.0,0.0
1,12,2024-06-24,0,26,6,0.0,1.0,1.0,0.75,0.0,0.0
1,12,2024-07-01,0,27,7,0.0,0.0,1.0,0.5,0.0,1.0
1,12,2024-07-08,1,28,7,0.0,0.0,1.0,0.25,4.0,1.0
1,12,2024-07-15,1,29,7,1.0,0.0,0.0,0.25,4.0,0.0
1,12,2024-07-22,0,30,7,1.0,1.0,0.0,0.5,0.0,0.0
1,12,2024-07-29,0,31,7,0.0,1.0,0.0,0.5,0.0,1.0
1,12,2024-08-05,1,32,8,0.0,0.0,1.0,0.5,2.0,0.0
1,12,2024-08-12,0,33,8,1.0,0.0,1.0,0.5,0.0,0.0
1,12,2024-08-19,0,34,8,0.0,1.0,0.0,0.25,0.0,0.0
1,12,2024-08-26,0,35,8,0.0,0.0,0.0,0.25,0.0,0.0
1,12,2024-09-02,0,36,9,0.0,0.0,1.0,0.25,0.0,2.0
1,12,2024-09-09,2,37,9,0.0,0.0,0.0,0.0,1.0,2.0
1,12,2024-09-16,2,38,9,2.0,0.0,0.0,0.5,4.0,0.0
1,12,2024-09-23,0,39,9,2.0,2.0,0.0,1.0,0.0,1.0
1,12,2024-09-30,1,40,9,0.0,2.0,0.0,1.0,1.0,3.0
1,12,2024-10-07,3,41,10,1.0,0.0,2.0,1.25,2.4,0.0
1,12,2024-10-14,0,42,10,3.0,1.0,2.0,1.5,0.0,0.0
1,12,2024-10-21,0,43,10,0.0,3.0,0.0,1.0,0.0,0.0
1,12,2024-10-28,0,44,10,0.0,0.0,1.0,1.0,0.0,1.0
1,12,2024-11-04,1,45,11,0.0,0.0,3.0,0.75,1.3333333333333333,0.0
1,12,2024-11-11,0,46,11,1.0,0.0,0.0,0.25,0.0,0.0
1,12,2024-11-18,0,47,11,0.0,1.0,0.0,0.25,0.0,1.0
1,12,2024-11-25,1,48,11,0.0,0.0,0.0,0.25,4.0,1.0
1,12,2024-12-02,1,49,12,1.0,0.0,1.0,0.5,2.0,1.0
1,12,2024-12-09,1,50,12,1.0,1.0,0.0,0.5,2.0,2.0
1,12,2024-12-16,2,51,12,1.0,1.0,0.0,0.75,2.6666666666666665,0.0
1,12,2024-12-23,0,52,12,2.0,1.0,1.0,1.25,0.0,1.0
1,12,2024-12-30,1,1,12,0.0,2.0,1.0,1.0,1.0,0.0
1,12,2025-01-06,0,2,1,1.0,0.0,1.0,1.0,0.0,0.0
1,12,2025-01-13,0,3,1,0.0,1.0,2.0,0.75,0.0,0.0
1,12,2025-01-20,0,4,1,0.0,0.0,0.0,0.25,0.0,1.0
1,12,2025-01-27,1,5,1,0.0,0.0,1.0,0.25,4.0,1.0
1,12,2025-02-03,1,6,2,1.0,0.0,0.0,0.25,4.0,1.0
1,12,2025-02-10,1,7,2,1.0,1.0,0.0,0.5,2.0,1.0
1,12,2025-02-17,1,8,2,1.0,1.0,0.0,0.75,1.3333333333333333,2.0
1,12,2025-02-24,2,9,2,1.0,1.0,1.0,1.0,2.0,0.0
1,12,2025-03-03,0,10,3,2.0,1.0,1.0,1.25,0.0,0.0
1,12,2025-03-10,0,11,3,0.0,2.0,1.0,1.0,0.0,0.0
1,12,2025-03-17,0,12,3,0.0,0.0,1.0,0.75,0.0,0.0
1,12,2025-03-24,0,13,3,0.0,0.0,2.0,0.5,0.0,0.0
1,12,2025-03-31,0,14,3,0.0,0.0,0.0,0.0,1.0,0.0
1,12,2025-04-07,0,15,4,0.0,0.0,0.0,0.0,1.0,1.0
1,12,2025-04-14,1,16,4,0.0,0.0,0.0,0.0,1.0,0.0
1,12,2025-04-21,0,17,4,1.0,0.0,0.0,0.25,0.0,0.0
1,12,2025-04-28,0,18,4,0.0,1.0,0.0,0.25,0.0,2.0
1,12,2025-05-05,2,19,5,0.0,0.0,0.0,0.25,8.0,0.0
1,12,2025-05-12,0,20,5,2.0,0.0,1.0,0.75,0.0,0.0
1,12,2025-05-19,0,21,5,0.0,2.0,0.0,0.5,0.0,0.0
1,12,2025-05-26,0,22,5,0.0,0.0,0.0,0.5,0.0,0.0
1,12,2025-06-02,0,23,6,0.0,0.0,2.0,0.5,0.0,0.0
1,12,2025-06-09,0,24,6,0.0,0.0,0.0,0.0,1.0,1.0
1,12,2025-06-16,1,25,6,0.0,0.0,0.0,0.0,1.0,0.0
1,12,2025-06-23,0,26,6,1.0,0.0,0.0,0.25,0.0,0.0
1,12,2025-06-30,0,27,6,0.0,1.0,0.0,0.25,0.0,0.0
1,12,2025-07-07,0,28,7,0.0,0.0,0.0,0.25,0.0,0.0
1,12,2025-07-14,0,29,7,0.0,0.0,1.0,0.25,0.0,0.0
1,12,2025-07-21,0,30,7,0.0,0.0,0.0,0.0,1.0,0.0
1,12,2025-07-28,0,31,7,0.0,0.0,0.0,0.0,1.0,0.0
1,12,2025-08-04,0,32,8,0.0,0.0,0.0,0.0,1.0,1.0
1,12,2025-08-11,1,33,8,0.0,0.0,0.0,0.0,1.0,0.0
1,12,2025-08-18,0,34,8,1.0,0.0,0.0,0.25,0.0,0.0
1,12,2025-08-25,0,35,8,0.0,1.0,0.0,0.25,0.0,1.0
1,12,2025-09-01,1,36,9,0.0,0.0,0.0,0.25,4.0,0.0
1,12,2025-09-08,0,37,9,1.0,0.0,1.0,0.5,0.0,0.0
1,12,2025-09-15,0,38,9,0.0,1.0,0.0,0.25,0.0,1.0
1,12,2025-09-22,1,39,9,0.0,0.0,0.0,0.25,4.0,1.0
1,12,2025-09-29,1,40,9,1.0,0.0,1.0,0.5,2.0,0.0
1,12,2025-10-06,0,41,10,1.0,1.0,0.0,0.5,0.0,0.0
1,12,2025-10-13,0,42,10,0.0,1.0,0.0,0.5,0.0,0.0
1,12,2025-10-20,0,43,10,0.0,0.0,1.0,0.5,0.0,0.0
1,12,2025-10-27,0,44,10,0.0,0.0,1.0,0.25,0.0,0.0
1,12,2025-11-03,0,45,11,0.0,0.0,0.0,0.0,1.0,0.0
1,12,2025-11-10,0,46,11,0.0,0.0,0.0,0.0,1.0,0.0
1,12,2025-11-17,0,47,11,0.0,0.0,0.0,0.0,1.0,2.0
1,12,2025-11-24,2,48,11,0.0,0.0,0.0,0.0,1.0,1.0
1,12,2025-12-01,1,49,12,2.0,0.0,0.0,0.5,2.0,1.0
1,12,2025-12-08,1,50,12,1.0,2.0,0.0,0.75,1.3333333333333333,1.0
1,12,2025-12-15,1,51,12,1.0,1.0,0.0,1.0,1.0,1.0
1,12,2025-12-22,1,52,12,1.0,1.0,2.0,1.25,0.8,0.0
1,12,2025-12-29,0,1,12,1.0,1.0,1.0,1.0,0.0,1.0
1,12,2026-01-05,1,2,1,0.0,1.0,1.0,0.75,1.3333333333333333,0.0
1,12,2026-01-12,0,3,1,1.0,0.0,1.0,0.75,0.0,1.0
1,12,2026-01-19,1,4,1,0.0,1.0,1.0,0.5,2.0,0.0
1,12,2026-01-26,0,5,1,1.0,0.0,0.0,0.5,0.0,1.0
1,12,2026-02-02,1,6,2,0.0,1.0,1.0,0.5,2.0,0.0
1,12,2026-02-09,0,7,2,1.0,0.0,0.0,0.5,0.0,1.0
1,12,2026-02-16,1,8,2,0.0,1.0,1.0,0.5,2.0,0.0
1,12,2026-02-23,0,9,2,1.0,0.0,0.0,0.5,0.0,0.0
1,12,2026-03-02,0,10,3,0.0,1.0,1.0,0.5,0.0,0.0
1,12,2026-03-09,0,11,3,0.0,0.0,0.0,0.25,0.0,0.0
1,12,2026-03-16,0,12,3,0.0,0.0,1.0,0.25,0.0,0.0
1,12,2026-03-23,0,13,3,0.0,0.0,0.0,0.0,1.0,0.0
1,12,2026-03-30,0,14,3,0.0,0.0,0.0,0.0,1.0,0.0
1,12,2026-04-06,0,15,4,0.0,0.0,0.0,0.0,1.0,0.0
1,12,2026-04-13,0,16,4,0.0,0.0,0.0,0.0,1.0,0.0
1,12,2026-04-20,0,17,4,0.0,0.0,0.0,0.0,1.0,0.0
1,12,2026-04-27,0,18,4,0.0,0.0,0.0,0.0,1.0,0.0
1,12,2026-05-04,0,19,5,0.0,0.0,0.0,0.0,1.0,0.0
1,12,2026-05-11,0,20,5,0.0,0.0,0.0,0.0,1.0,0.0
1,12,2026-05-18,0,21,5,0.0,0.0,0.0,0.0,1.0,2.0
1,12,2026-05-25,2,22,5,0.0,0.0,0.0,0.0,1.0,0.0
1,12,2026-06-01,0,23,6,2.0,0.0,0.0,0.5,0.0,1.0
1,12,2026-06-08,1,24,6,0.0,2.0,0.0,0.5,2.0,0.0
1,12,2026-06-15,0,25,6,1.0,0.0,0.0,0.75,0.0,0.0
1,12,2026-06-22,0,26,6,0.0,1.0,2.0,0.75,0.0,0.0
1,13,2024-01-29,0,5,1,0.0,0.0,0.0,0.5,0.0,1.0
1,13,2024-02-05,1,6,2,0.0,0.0,2.0,0.5,2.0,0.0
1,13,2024-02-12,0,7,2,1.0,0.0,0.0,0.25,0.0,1.0
1,13,2024-02-19,1,8,2,0.0,1.0,0.0,0.25,4.0,0.0
1,13,2024-02-26,0,9,2,1.0,0.0,0.0,0.5,0.0,0.0
1,13,2024-03-04,0,10,3,0.0,1.0,1.0,0.5,0.0,0.0
1,13,2024-03-11,0,11,3,0.0,0.0,0.0,0.25,0.0,1.0
1,13,2024-03-18,1,12,3,0.0,0.0,1.0,0.25,4.0,0.0
1,13,2024-03-25,0,13,3,1.0,0.0,0.0,0.25,0.0,1.0
1,13,2024-04-01,1,14,4,0.0,1.0,0.0,0.25,4.0,0.0
1,13,2024-04-08,0,15,4,1.0,0.0,0.0,0.5,0.0,1.0
1,13,2024-04-15,1,16,4,0.0,1.0,1.0,0.5,2.0,0.0
1,13,2024-04-22,0,17,4,1.0,0.0,0.0,0.5,0.0,1.0
1,13,2024-04-29,1,18,4,0.0,1.0,1.0,0.5,2.0,0.0
1,13,2024-05-06,0,19,5,1.0,0.0,0.0,0.5,0.0,0.0
1,13,2024-05-13,0,20,5,0.0,1.0,1.0,0.5,0.0,0.0
1,13,2024-05-20,0,21,5,0.0,0.0,0.0,0.25,0.0,0.0
1,13,2024-05-27,0,22,5,0.0,0.0,1.0,0.25,0.0,0.0
1,13,2024-06-03,0,23,6,0.0,0.0,0.0,0.0,1.0,0.0
1,13,2024-06-10,0,24,6,0.0,0.0,0.0,0.0,1.0,0.0
1,13,2024-06-17,0,25,6,0.0,0.0,0.0,0.0,1.0,1.0
1,13,2024-06-24,1,26,6,0.0,0.0,0.0,0.0,1.0,1.0
1,13,2024-07-01,1,27,7,1.0,0.0,0.0,0.25,4.0,0.0
1,13,2024-07-08,0,28,7,1.0,1.0,0.0,0.5,0.0,0.0
1,13,2024-07-15,0,29,7,0.0,1.0,0.0,0.5,0.0,1.0
1,13,2024-07-22,1,30,7,0.0,0.0,1.0,0.5,2.0,1.0
1,13,2024-07-29,1,31,7,1.0,0.0,1.0,0.5,2.0,0.0
1,13,2024-08-05,0,32,8,1.0,1.0,0.0,0.5,0.0,0.0
1,13,2024-08-12,0,33,8,0.0,1.0,0.0,0.5,0.0,0.0
1,13,2024-08-19,0,34,8,0.0,0.0,1.0,0.5,0.0,1.0
1,13,2024-08-26,1,35,8,0.0,0.0,1.0,0.25,4.0,1.0
1,13,2024-09-02,1,36,9,1.0,0.0,0.0,0.25,4.0,2.0
1,13,2024-09-09,2,37,9,1.0,1.0,0.0,0.5,4.0,1.0
1,13,2024-09-16,1,38,9,2.0,1.0,0.0,1.0,1.0,0.0
1,13,2024-09-23,0,39,9,1.0,2.0,1.0,1.25,0.0,1.0
1,13,2024-09-30,1,40,9,0.0,1.0,1.0,1.0,1.0,2.0
1,13,2024-10-07,2,41,10,1.0,0.0,2.0,1.0,2.0,0.0
1,13,2024-10-14,0,42,10,2.0,1.0,1.0,1.0,0.0,1.0
1,13,2024-10-21,1,43,10,0.0,2.0,0.0,0.75,1.3333333333333333,1.0
1,13,2024-10-28,1,44,10,1.0,0.0,1.0,1.0,1.0,0.0
1,13,2024-11-04,0,45,11,1.0,1.0,2.0,1.0,0.0,0.0
1,13,2024-11-11,0,46,11,0.0,1.0,0.0,0.5,0.0,0.0
1,13,2024-11-18,0,47,11,0.0,0.0,1.0,0.5,0.0,0.0
1,13,2024-11-25,0,48,11,0.0,0.0,1.0,0.25,0.0,0.0
1,13,2024-12-02,0,49,12,0.0,0.0,0.0,0.0,1.0,1.0
1,13,2024-12-09,1,50,12,0.0,0.0,0.0,0.0,1.0,0.0
1,13,2024-12-16,0,51,12,1.0,0.0,0.0,0.25,0.0,1.0
1,13,2024-12-23,1,52,12,0.0,1.0,0.0,0.25,4.0,1.0
1,13,2024-12-30,1,1,12,1.0,0.0,0.0,0.5,2.0,0.0
1,13,2025-01-06,0,2,1,1.0,1.0,1.0,0.75,0.0,0.0
1,13,2025-01-13,0,3,1,0.0,1.0,0.0,0.5,0.0,0.0
1,13,2025-01-20,0,4,1,0.0,0.0,1.0,0.5,0.0,0.0
1,13,2025-01-27,0,5,1,0.0,0.0,1.0,0.25,0.0,0.0
1,13,2025-02-03,0,6,2,0.0,0.0,0.0,0.0,1.0,0.0
1,13,2025-02-10,0,7,2,0.0,0.0,0.0,0.0,1.0,0.0
1,13,2025-02-17,0,8,2,0.0,0.0,0.0,0.0,1.0,1.0
1,13,2025-02-24,1,9,2,0.0,0.0,0.0,0.0,1.0,0.0
1,13,2025-03-03,0,10,3,1.0,0.0,0.0,0.25,0.0,1.0
1,13,2025-03-10,1,11,3,0.0,1.0,0.0,0.25,4.0,0.0
1,13,2025-03-17,0,12,3,1.0,0.0,0.0,0.5,0.0,1.0
1,13,2025-03-24,1,13,3,0.0,1.0,1.0,0.5,2.0,0.0
1,13,2025-03-31,0,14,3,1.0,0.0,0.0,0.5,0.0,1.0
1,13,2025-04-07,1,15,4,0.0,1.0,1.0,0.5,2.0,1.0
1,13,2025-04-14,1,16,4,1.0,0.0,0.0,0.5,2.0,0.0
1,13,2025-04-21,0,17,4,1.0,1.0,1.0,0.75,0.0,1.0
1,13,2025-04-28,1,18,4,0.0,1.0,0.0,0.5,2.0,1.0
1,13,2025-05-05,1,19,5,1.0,0.0,1.0,0.75,1.3333333333333333,0.0
1,13,2025-05-12,0,20,5,1.0,1.0,1.0,0.75,0.0,0.0
1,13,2025-05-19,0,21,5,0.0,1.0,0.0,0.5,0.0,0.0
1,13,2025-05-26,0,22,5,0.0,0.0,1.0,0.5,0.0,0.0
1,13,2025-06-02,0,23,6,0.0,0.0,1.0,0.25,0.0,0.0
1,13,2025-06-09,0,24,6,0.0,0.0,0.0,0.0,1.0,0.0
1,13,2025-06-16,0,25,6,0.0,0.0,0.0,0.0,1.0,1.0
1,13,2025-06-23,1,26,6,0.0,0.0,0.0,0.0,1.0,1.0
1,13,2025-06-30,1,27,6,1.0,0.0,0.0,0.25,4.0,0.0
1,13,2025-07-07,0,28,7,1.0,1.0,0.0,0.5,0.0,0.0
1,13,2025-07-14,0,29,7,0.0,1.0,0.0,0.5,0.0,0.0
1,13,2025-07-21,0,30,7,0.0,0.0,1.0,0.5,0.0,1.0
1,13,2025-07-28,1,31,7,0.0,0.0,1.0,0.25,4.0,1.0
1,13,2025-08-04,1,32,8,1.0,0.0,0.0,0.25,4.0,0.0
1,13,2025-08-11,0,33,8,1.0,1.0,0.0,0.5,0.0,1.0
1,13,2025-08-18,1,34,8,0.0,1.0,0.0,0.5,2.0,0.0
1,13,2025-08-25,0,35,8,1.0,0.0,1.0,0.75,0.0,1.0
1,13,2025-09-01,1,36,9,0.0,1.0,1.0,0.5,2.0,1.0
1,13,2025-09-08,1,37,9,1.0,0.0,0.0,0.5,2.0,0.0
1,13,2025-09-15,0,38,9,1.0,1.0,1.0,0.75,0.0,0.0
1,13,2025-09-22,0,39,9,0.0,1.0,0.0,0.5,0.0,1.0
1,13,2025-09-29,1,40,9,0.0,0.0,1.0,0.5,2.0,0.0
1,13,2025-10-06,0,41,10,1.0,0.0,1.0,0.5,0.0,2.0
1,13,2025-10-13,2,42,10,0.0,1.0,0.0,0.25,8.0,0.0
1,13,2025-10-20,0,43,10,2.0,0.0,0.0,0.75,0.0,0.0
1,13,2025-10-27,0,44,10,0.0,2.0,1.0,0.75,0.0,0.0
1,13,2025-11-03,0,45,11,0.0,0.0,0.0,0.5,0.0,1.0
1,13,2025-11-10,1,46,11,0.0,0.0,2.0,0.5,2.0,0.0
1,13,2025-11-17,0,47,11,1.0,0.0,0.0,0.25,0.0,0.0
1,13,2025-11-24,0,48,11,0.0,1.0,0.0,0.25,0.0,0.0
1,13,2025-12-01,0,49,12,0.0,0.0,0.0,0.25,0.0,0.0
1,13,2025-12-08,0,50,12,0.0,0.0,1.0,0.25,0.0,0.0
1,13,2025-12-15,0,51,12,0.0,0.0,0.0,0.0,1.0,2.0
1,13,2025-12-22,2,52,12,0.0,0.0,0.0,0.0,1.0,0.0
1,13,2025-12-29,0,1,12,2.0,0.0,0.0,0.5,0.0,0.0
1,13,2026-01-05,0,2,1,0.0,2.0,0.0,0.5,0.0,0.0
1,13,2026-01-12,0,3,1,0.0,0.0,0.0,0.5,0.0,0.0
1,13,2026-01-19,0,4,1,0.0,0.0,2.0,0.5,0.0,0.0
1,13,2026-01-26,0,5,1,0.0,0.0,0.0,0.0,1.0,0.0
1,13,2026-02-02,0,6,2,0.0,0.0,0.0,0.0,1.0,1.0
1,13,2026-02-09,1,7,2,0.0,0.0,0.0,0.0,1.0,0.0
1,13,2026-02-16,0,8,2,1.0,0.0,0.0,0.25,0.0,0.0
1,13,2026-02-23,0,9,2,0.0,1.0,0.0,0.25,0.0,1.0
1,13,2026-03-02,1,10,3,0.0,0.0,0.0,0.25,4.0,1.0
1,13,2026-03-09,1,11,3,1.0,0.0,1.0,0.5,2.0,0.0
1,13,2026-03-16,0,12,3,1.0,1.0,0.0,0.5,0.0,0.0
1,13,2026-03-23,0,13,3,0.0,1.0,0.0,0.5,0.0,1.0
1,13,2026-03-30,1,14,3,0.0,0.0,1.0,0.5,2.0,0.0
1,13,2026-04-06,0,15,4,1.0,0.0,1.0,0.5,0.0,0.0
1,13,2026-04-13,0,16,4,0.0,1.0,0.0,0.25,0.0,0.0
1,13,2026-04-20,0,17,4,0.0,0.0,0.0,0.25,0.0,0.0
1,13,2026-04-27,0,18,4,0.0,0.0,1.0,0.25,0.0,0.0
1,13,2026-05-04,0,19,5,0.0,0.0,0.0,0.0,1.0,0.0
1,13,2026-05-11,0,20,5,0.0,0.0,0.0,0.0,1.0,1.0
1,13,2026-05-18,1,21,5,0.0,0.0,0.0,0.0,1.0,1.0
1,13,2026-05-25,1,22,5,1.0,0.0,0.0,0.25,4.0,0.0
1,13,2026-06-01,0,23,6,1.0,1.0,0.0,0.5,0.0,2.0
1,13,2026-06-08,2,24,6,0.0,1.0,0.0,0.5,4.0,0.0
1,13,2026-06-15,0,25,6,2.0,0.0,1.0,1.0,0.0,2.0
1,13,2026-06-22,2,26,6,0.0,2.0,1.0,0.75,2.6666666666666665,0.0
1,14,2024-01-29,0,5,1,0.0,0.0,2.0,0.5,0.0,1.0
1,14,2024-02-05,1,6,2,0.0,0.0,0.0,0.0,1.0,1.0
1,14,2024-02-12,1,7,2,1.0,0.0,0.0,0.25,4.0,0.0
1,14,2024-02-19,0,8,2,1.0,1.0,0.0,0.5,0.0,1.0
1,14,2024-02-26,1,9,2,0.0,1.0,0.0,0.5,2.0,0.0
1,14,2024-03-04,0,10,3,1.0,0.0,1.0,0.75,0.0,2.0
1,14,2024-03-11,2,11,3,0.0,1.0,1.0,0.5,4.0,1.0
1,14,2024-03-18,1,12,3,2.0,0.0,0.0,0.75,1.3333333333333333,0.0
1,14,2024-03-25,0,13,3,1.0,2.0,1.0,1.0,0.0,0.0
1,14,2024-04-01,0,14,4,0.0,1.0,0.0,0.75,0.0,0.0
1,14,2024-04-08,0,15,4,0.0,0.0,2.0,0.75,0.0,0.0
1,14,2024-04-15,0,16,4,0.0,0.0,1.0,0.25,0.0,0.0
1,14,2024-04-22,0,17,4,0.0,0.0,0.0,0.0,1.0,0.0
1,14,2024-04-29,0,18,4,0.0,0.0,0.0,0.0,1.0,0.0
1,14,2024-05-06,0,19,5,0.0,0.0,0.0,0.0,1.0,0.0
1,14,2024-05-13,0,20,5,0.0,0.0,0.0,0.0,1.0,0.0
1,14,2024-05-20,0,21,5,0.0,0.0,0.0,0.0,1.0,1.0
1,14,2024-05-27,1,22,5,0.0,0.0,0.0,0.0,1.0,0.0
1,14,2024-06-03,0,23,6,1.0,0.0,0.0,0.25,0.0,0.0
1,14,2024-06-10,0,24,6,0.0,1.0,0.0,0.25,0.0,0.0
1,14,2024-06-17,0,25,6,0.0,0.0,0.0,0.25,0.0,1.0
1,14,2024-06-24,1,26,6,0.0,0.0,1.0,0.25,4.0,0.0
1,14,2024-07-01,0,27,7,1.0,0.0,0.0,0.25,0.0,0.0
1,14,2024-07-08,0,28,7,0.0,1.0,0.0,0.25,0.0,1.0
1,14,2024-07-15,1,29,7,0.0,0.0,0.0,0.25,4.0,0.0
1,14,2024-07-22,0,30,7,1.0,0.0,1.0,0.5,0.0,0.0
1,14,2024-07-29,0,31,7,0.0,1.0,0.0,0.25,0.0,0.0
1,14,2024-08-05,0,32,8,0.0,0.0,0.0,0.25,0.0,1.0
1,14,2024-08-12,1,33,8,0.0,0.0,1.0,0.25,4.0,1.0
1,14,2024-08-19,1,34,8,1.0,0.0,0.0,0.25,4.0,1.0
1,14,2024-08-26,1,35,8,1.0,1.0,0.0,0.5,2.0,1.0
1,14,2024-09-02,1,36,9,1.0,1.0,0.0,0.75,1.3333333333333333,1.0
1,14,2024-09-09,1,37,9,1.0,1.0,1.0,1.0,1.0,0.0
1,14,2024-09-16,0,38,9,1.0,1.0,1.0,1.0,0.0,0.0
1,14,2024-09-23,0,39,9,0.0,1.0,1.0,0.75,0.0,1.0
1,14,2024-09-30,1,40,9,0.0,0.0,1.0,0.5,2.0,1.0
1,14,2024-10-07,1,41,10,1.0,0.0,1.0,0.5,2.0,1.0
1,14,2024-10-14,1,42,10,1.0,1.0,0.0,0.5,2.0,0.0
1,14,2024-10-21,0,43,10,1.0,1.0,0.0,0.75,0.0,0.0
1,14,2024-10-28,0,44,10,0.0,1.0,1.0,0.75,0.0,0.0
1,14,2024-11-04,0,45,11,0.0,0.0,1.0,0.5,0.0,1.0
1,14,2024-11-11,1,46,11,0.0,0.0,1.0,0.25,4.0,0.0
1,14,2024-11-18,0,47,11,1.0,0.0,0.0,0.25,0.0,3.0
1,14,2024-11-25,3,48,11,0.0,1.0,0.0,0.25,12.0,0.0
1,14,2024-12-02,0,49,12,3.0,0.0,0.0,1.0,0.0,0.0
1,14,2024-12-09,0,50,12,0.0,3.0,1.0,1.0,0.0,1.0
1,14,2024-12-16,1,51,12,0.0,0.0,0.0,0.75,1.3333333333333333,0.0
1,14,2024-12-23,0,52,12,1.0,0.0,3.0,1.0,0.0,0.0
1,14,2024-12-30,0,1,12,0.0,1.0,0.0,0.25,0.0,0.0
1,14,2025-01-06,0,2,1,0.0,0.0,0.0,0.25,0.0,1.0
1,14,2025-01-13,1,3,1,0.0,0.0,1.0,0.25,4.0,1.0
1,14,2025-01-20,1,4,1,1.0,0.0,0.0,0.25,4.0,1.0
1,14,2025-01-27,1,5,1,1.0,1.0,0.0,0.5,2.0,1.0
1,14,2025-02-03,1,6,2,1.0,1.0,0.0,0.75,1.3333333333333333,1.0
1,14,2025-02-10,1,7,2,1.0,1.0,1.0,1.0,1.0,0.0
1,14,2025-02-17,0,8,2,1.0,1.0,1.0,1.0,0.0,0.0
1,14,2025-02-24,0,9,2,0.0,1.0,1.0,0.75,0.0,0.0
1,14,2025-03-03,0,10,3,0.0,0.0,1.0,0.5,0.0,0.0
1,14,2025-03-10,0,11,3,0.0,0.0,1.0,0.25,0.0,2.0
1,14,2025-03-17,2,12,3,0.0,0.0,0.0,0.0,1.0,0.0
1,14,2025-03-24,0,13,3,2.0,0.0,0.0,0.5,0.0,0.0
1,14,2025-03-31,0,14,3,0.0,2.0,0.0,0.5,0.0,0.0
1,14,2025-04-07,0,15,4,0.0,0.0,0.0,0.5,0.0,1.0
1,14,2025-04-14,1,16,4,0.0,0.0,2.0,0.5,2.0,0.0
1,14,2025-04-21,0,17,4,1.0,0.0,0.0,0.25,0.0,1.0
1,14,2025-04-28,1,18,4,0.0,1.0,0.0,0.25,4.0,0.0
1,14,2025-05-05,0,19,5,1.0,0.0,0.0,0.5,0.0,1.0
1,14,2025-05-12,1,20,5,0.0,1.0,1.0,0.5,2.0,2.0
1,14,2025-05-19,2,21,5,1.0,0.0,0.0,0.5,4.0,0.0
1,14,2025-05-26,0,22,5,2.0,1.0,1.0,1.0,0.0,0.0
1,14,2025-06-02,0,23,6,0.0,2.0,0.0,0.75,0.0,1.0
1,14,2025-06-09,1,24,6,0.0,0.0,1.0,0.75,1.3333333333333333,0.0
1,14,2025-06-16,0,25,6,1.0,0.0,2.0,0.75,0.0,1.0
1,14,2025-06-23,1,26,6,0.0,1.0,0.0,0.25,4.0,0.0
1,14,2025-06-30,0,27,6,1.0,0.0,0.0,0.5,0.0,0.0
1,14,2025-07-07,0,28,7,0.0,1.0,1.0,0.5,0.0,1.0
1,14,2025-07-14,1,29,7,0.0,0.0,0.0,0.25,4.0,0.0
1,14,2025-07-21,0,30,7,1.0,0.0,1.0,0.5,0.0,0.0
1,14,2025-07-28,0,31,7,0.0,1.0,0.0,0.25,0.0,0.0
1,14,2025-08-04,0,32,8,0.0,0.0,0.0,0.25,0.0,1.0
1,14,2025-08-11,1,33,8,0.0,0.0,1.0,0.25,4.0,0.0
1,14,2025-08-18,0,34,8,1.0,0.0,0.0,0.25,0.0,0.0
1,14,2025-08-25,0,35,8,0.0,1.0,0.0,0.25,0.0,1.0
1,14,2025-09-01,1,36,9,0.0,0.0,0.0,0.25,4.0,2.0
1,14,2025-09-08,2,37,9,1.0,0.0,1.0,0.5,4.0,1.0
1,14,2025-09-15,1,38,9,2.0,1.0,0.0,0.75,1.3333333333333333,0.0
1,14,2025-09-22,0,39,9,1.0,2.0,0.0,1.0,0.0,0.0
1,14,2025-09-29,0,40,9,0.0,1.0,1.0,1.0,0.0,0.0
1,14,2025-10-06,0,41,10,0.0,0.0,2.0,0.75,0.0,0.0
1,14,2025-10-13,0,42,10,0.0,0.0,1.0,0.25,0.0,0.0
1,14,2025-10-20,0,43,10,0.0,0.0,0.0,0.0,1.0,0.0
1,14,2025-10-27,0,44,10,0.0,0.0,0.0,0.0,1.0,2.0
1,14,2025-11-03,2,45,11,0.0,0.0,0.0,0.0,1.0,0.0
1,14,2025-11-10,0,46,11,2.0,0.0,0.0,0.5,0.0,0.0
1,14,2025-11-17,0,47,11,0.0,2.0,0.0,0.5,0.0,0.0
1,14,2025-11-24,0,48,11,0.0,0.0,0.0,0.5,0.0,0.0
1,14,2025-12-01,0,49,12,0.0,0.0,2.0,0.5,0.0,0.0
1,14,2025-12-08,0,50,12,0.0,0.0,0.0,0.0,1.0,0.0
1,14,2025-12-15,0,51,12,0.0,0.0,0.0,0.0,1.0,0.0
1,14,2025-12-22,0,52,12,0.0,0.0,0.0,0.0,1.0,0.0
1,14,2025-12-29,0,1,12,0.0,0.0,0.0,0.0,1.0,0.0
1,14,2026-01-05,0,2,1,0.0,0.0,0.0,0.0,1.0,1.0
1,14,2026-01-12,1,3,1,0.0,0.0,0.0,0.0,1.0,1.0
1,14,2026-01-19,1,4,1,1.0,0.0,0.0,0.25,4.0,1.0
1,14,2026-01-26,1,5,1,1.0,1.0,0.0,0.5,2.0,1.0
1,14,2026-02-02,1,6,2,1.0,1.0,0.0,0.75,1.3333333333333333,1.0
1,14,2026-02-09,1,7,2,1.0,1.0,1.0,1.0,1.0,0.0
1,14,2026-02-16,0,8,2,1.0,1.0,1.0,1.0,0.0,0.0
1,14,2026-02-23,0,9,2,0.0,1.0,1.0,0.75,0.0,0.0
1,14,2026-03-02,0,10,3,0.0,0.0,1.0,0.5,0.0,0.0
1,14,2026-03-09,0,11,3,0.0,0.0,1.0,0.25,0.0,1.0
1,14,2026-03-16,1,12,3,0.0,0.0,0.0,0.0,1.0,2.0
1,14,2026-03-23,2,13,3,1.0,0.0,0.0,0.25,8.0,0.0
1,14,2026-03-30,0,14,3,2.0,1.0,0.0,0.75,0.0,2.0
1,14,2026-04-06,2,15,4,0.0,2.0,0.0,0.75,2.6666666666666665,0.0
1,14,2026-04-13,0,16,4,2.0,0.0,1.0,1.25,0.0,0.0
1,14,2026-04-20,0,17,4,0.0,2.0,2.0,1.0,0.0,1.0
1,14,2026-04-27,1,18,4,0.0,0.0,0.0,0.5,2.0,1.0
1,14,2026-05-04,1,19,5,1.0,0.0,2.0,0.75,1.3333333333333333,1.0
1,14,2026-05-11,1,20,5,1.0,1.0,0.0,0.5,2.0,1.0
1,14,2026-05-18,1,21,5,1.0,1.0,0.0,0.75,1.3333333333333333,1.0
1,14,2026-05-25,1,22,5,1.0,1.0,1.0,1.0,1.0,0.0
1,14,2026-06-01,0,23,6,1.0,1.0,1.0,1.0,0.0,0.0
1,14,2026-06-08,0,24,6,0.0,1.0,1.0,0.75,0.0,1.0
1,14,2026-06-15,1,25,6,0.0,0.0,1.0,0.5,2.0,0.0
1,14,2026-06-22,0,26,6,1.0,0.0,1.0,0.5,0.0,0.0
2,1,2024-01-29,2,5,1,0.0,2.0,1.0,1.0,2.0,1.0
2,1,2024-02-05,1,6,2,2.0,0.0,1.0,1.25,0.8,1.0
2,1,2024-02-12,1,7,2,1.0,2.0,2.0,1.25,0.8,1.0
2,1,2024-02-19,1,8,2,1.0,1.0,0.0,1.0,1.0,2.0
2,1,2024-02-26,2,9,2,1.0,1.0,2.0,1.25,1.6,0.0
2,1,2024-03-04,0,10,3,2.0,1.0,1.0,1.25,0.0,0.0
2,1,2024-03-11,0,11,3,0.0,2.0,1.0,1.0,0.0,0.0
2,1,2024-03-18,0,12,3,0.0,0.0,1.0,0.75,0.0,0.0
2,1,2024-03-25,0,13,3,0.0,0.0,2.0,0.5,0.0,0.0
2,1,2024-04-01,0,14,4,0.0,0.0,0.0,0.0,1.0,0.0
2,1,2024-04-08,0,15,4,0.0,0.0,0.0,0.0,1.0,0.0
2,1,2024-04-15,0,16,4,0.0,0.0,0.0,0.0,1.0,0.0
2,1,2024-04-22,0,17,4,0.0,0.0,0.0,0.0,1.0,0.0
2,1,2024-04-29,0,18,4,0.0,0.0,0.0,0.0,1.0,1.0
2,1,2024-05-06,1,19,5,0.0,0.0,0.0,0.0,1.0,0.0
2,1,2024-05-13,0,20,5,1.0,0.0,0.0,0.25,0.0,1.0
2,1,2024-05-20,1,21,5,0.0,1.0,0.0,0.25,4.0,0.0
2,1,2024-05-27,0,22,5,1.0,0.0,0.0,0.5,0.0,0.0
2,1,2024-06-03,0,23,6,0.0,1.0,1.0,0.5,0.0,0.0
2,1,2024-06-10,0,24,6,0.0,0.0,0.0,0.25,0.0,0.0
2,1,2024-06-17,0,25,6,0.0,0.0,1.0,0.25,0.0,0.0
2,1,2024-06-24,0,26,6,0.0,0.0,0.0,0.0,1.0,1.0
2,1,2024-07-01,1,27,7,0.0,0.0,0.0,0.0,1.0,1.0
2,1,2024-07-08,1,28,7,1.0,0.0,0.0,0.25,4.0,2.0
2,1,2024-07-15,2,29,7,1.0,1.0,0.0,0.5,4.0,1.0
2,1,2024-07-22,1,30,7,2.0,1.0,0.0,1.0,1.0,2.0
2,1,2024-07-29,2,31,7,1.0,2.0,1.0,1.25,1.6,1.0
2,1,2024-08-05,1,32,8,2.0,1.0,1.0,1.5,0.6666666666666666,0.0
2,1,2024-08-12,0,33,8,1.0,2.0,2.0,1.5,0.0,0.0
2,1,2024-08-19,0,34,8,0.0,1.0,1.0,1.0,0.0,0.0
2,1,2024-08-26,0,35,8,0.0,0.0,2.0,0.75,0.0,1.0
2,1,2024-09-02,1,36,9,0.0,0.0,1.0,0.25,4.0,3.0
2,1,2024-09-09,3,37,9,1.0,0.0,0.0,0.25,12.0,0.0
2,1,2024-09-16,0,38,9,3.0,1.0,0.0,1.0,0.0,2.0
2,1,2024-09-23,2,39,9,0.0,3.0,0.0,1.0,2.0,0.0
2,1,2024-09-30,0,40,9,2.0,0.0,1.0,1.5,0.0,0.0
2,1,2024-10-07,0,41,10,0.0,2.0,3.0,1.25,0.0,1.0
2,1,2024-10-14,1,42,10,0.0,0.0,0.0,0.5,2.0,0.0
2,1,2024-10-21,0,43,10,1.0,0.0,2.0,0.75,0.0,1.0
2,1,2024-10-28,1,44,10,0.0,1.0,0.0,0.25,4.0,0.0
2,1,2024-11-04,0,45,11,1.0,0.0,0.0,0.5,0.0,1.0
2,1,2024-11-11,1,46,11,0.0,1.0,1.0,0.5,2.0,0.0
2,1,2024-11-18,0,47,11,1.0,0.0,0.0,0.5,0.0,1.0
2,1,2024-11-25,1,48,11,0.0,1.0,1.0,0.5,2.0,0.0
2,1,2024-12-02,0,49,12,1.0,0.0,0.0,0.5,0.0,0.0
2,1,2024-12-09,0,50,12,0.0,1.0,1.0,0.5,0.0,0.0
2,1,2024-12-16,0,51,12,0.0,0.0,0.0,0.25,0.0,0.0
2,1,2024-12-23,0,52,12,0.0,0.0,1.0,0.25,0.0,0.0
2,1,2024-12-30,0,1,12,0.0,0.0,0.0,0.0,1.0,0.0
2,1,2025-01-06,0,2,1,0.0,0.0,0.0,0.0,1.0,1.0
2,1,2025-01-13,1,3,1,0.0,0.0,0.0,0.0,1.0,1.0
2,1,2025-01-20,1,4,1,1.0,0.0,0.0,0.25,4.0,0.0
2,1,2025-01-27,0,5,1,1.0,1.0,0.0,0.5,0.0,0.0
2,1,2025-02-03,0,6,2,0.0,1.0,0.0,0.5,0.0,1.0
2,1,2025-02-10,1,7,2,0.0,0.0,1.0,0.5,2.0,1.0
2,1,2025-02-17,1,8,2,1.0,0.0,1.0,0.5,2.0,0.0
2,1,2025-02-24,0,9,2,1.0,1.0,0.0,0.5,0.0,0.0
2,1,2025-03-03,0,10,3,0.0,1.0,0.0,0.5,0.0,0.0
2,1,2025-03-10,0,11,3,0.0,0.0,1.0,0.5,0.0,1.0
2,1,2025-03-17,1,12,3,0.0,0.0,1.0,0.25,4.0,0.0
2,1,2025-03-24,0,13,3,1.0,0.0,0.0,0.25,0.0,2.0
2,1,2025-03-31,2,14,3,0.0,1.0,0.0,0.25,8.0,0.0
2,1,2025-04-07,0,15,4,2.0,0.0,0.0,0.75,0.0,0.0
2,1,2025-04-14,0,16,4,0.0,2.0,1.0,0.75,0.0,1.0
2,1,2025-04-21,1,17,4,0.0,0.0,0.0,0.5,2.0,0.0
2,1,2025-04-28,0,18,4,1.0,0.0,2.0,0.75,0.0,0.0
2,1,2025-05-05,0,19,5,0.0,1.0,0.0,0.25,0.0,1.0
2,1,2025-05-12,1,20,5,0.0,0.0,0.0,0.25,4.0,0.0
2,1,2025-05-19,0,21,5,1.0,0.0,1.0,0.5,0.0,1.0
2,1,2025-05-26,1,22,5,0.0,1.0,0.0,0.25,4.0,0.0
2,1,2025-06-02,0,23,6,1.0,0.0,0.0,0.5,0.0,0.0
2,1,2025-06-09,0,24,6,0.0,1.0,1.0,0.5,0.0,1.0
2,1,2025-06-16,1,25,6,0.0,0.0,0.0,0.25,4.0,0.0
2,1,2025-06-23,0,26,6,1.0,0.0,1.0,0.5,0.0,1.0
2,1,2025-06-30,1,27,6,0.0,1.0,0.0,0.25,4.0,1.0
2,1,2025-07-07,1,28,7,1.0,0.0,0.0,0.5,2.0,0.0
2,1,2025-07-14,0,29,7,1.0,1.0,1.0,0.75,0.0,0.0
2,1,2025-07-21,0,30,7,0.0,1.0,0.0,0.5,0.0,0.0
2,1,2025-07-28,0,31,7,0.0,0.0,1.0,0.5,0.0,0.0
2,1,2025-08-04,0,32,8,0.0,0.0,1.0,0.25,0.0,0.0
2,1,2025-08-11,0,33,8,0.0,0.0,0.0,0.0,1.0,0.0
2,1,2025-08-18,0,34,8,0.0,0.0,0.0,0.0,1.0,0.0
2,1,2025-08-25,0,35,8,0.0,0.0,0.0,0.0,1.0,0.0
2,1,2025-09-01,0,36,9,0.0,0.0,0.0,0.0,1.0,1.0
2,1,2025-09-08,1,37,9,0.0,0.0,0.0,0.0,1.0,0.0
2,1,2025-09-15,0,38,9,1.0,0.0,0.0,0.25,0.0,0.0
2,1,2025-09-22,0,39,9,0.0,1.0,0.0,0.25,0.0,0.0
2,1,2025-09-29,0,40,9,0.0,0.0,0.0,0.25,0.0,0.0
2,1,2025-10-06,0,41,10,0.0,0.0,1.0,0.25,0.0,0.0
2,1,2025-10-13,0,42,10,0.0,0.0,0.0,0.0,1.0,0.0
2,1,2025-10-20,0,43,10,0.0,0.0,0.0,0.0,1.0,1.0
2,1,2025-10-27,1,44,10,0.0,0.0,0.0,0.0,1.0,2.0
2,1,2025-11-03,2,45,11,1.0,0.0,0.0,0.25,8.0,0.0
2,1,2025-11-10,0,46,11,2.0,1.0,0.0,0.75,0.0,0.0
2,1,2025-11-17,0,47,11,0.0,2.0,0.0,0.75,0.0,1.0
2,1,2025-11-24,1,48,11,0.0,0.0,1.0,0.75,1.3333333333333333,0.0
2,1,2025-12-01,0,49,12,1.0,0.0,2.0,0.75,0.0,1.0
2,1,2025-12-08,1,50,12,0.0,1.0,0.0,0.25,4.0,0.0
2,1,2025-12-15,0,51,12,1.0,0.0,0.0,0.5,0.0,0.0
2,1,2025-12-22,0,52,12,0.0,1.0,1.0,0.5,0.0,4.0
2,1,2025-12-29,4,1,12,0.0,0.0,0.0,0.25,16.0,0.0
2,1,2026-01-05,0,2,1,4.0,0.0,1.0,1.25,0.0,1.0
2,1,2026-01-12,1,3,1,0.0,4.0,0.0,1.0,1.0,0.0
2,1,2026-01-19,0,4,1,1.0,0.0,0.0,1.25,0.0,0.0
2,1,2026-01-26,0,5,1,0.0,1.0,4.0,1.25,0.0,1.0
2,1,2026-02-02,1,6,2,0.0,0.0,0.0,0.25,4.0,0.0
2,1,2026-02-09,0,7,2,1.0,0.0,1.0,0.5,0.0,0.0
2,1,2026-02-16,0,8,2,0.0,1.0,0.0,0.25,0.0,1.0
2,1,2026-02-23,1,9,2,0.0,0.0,0.0,0.25,4.0,2.0
2,1,2026-03-02,2,10,3,1.0,0.0,1.0,0.5,4.0,2.0
2,1,2026-03-09,2,11,3,2.0,1.0,0.0,0.75,2.6666666666666665,0.0
2,1,2026-03-16,0,12,3,2.0,2.0,0.0,1.25,0.0,0.0
2,1,2026-03-23,0,13,3,0.0,2.0,1.0,1.25,0.0,1.0
2,1,2026-03-30,1,14,3,0.0,0.0,2.0,1.0,1.0,0.0
2,1,2026-04-06,0,15,4,1.0,0.0,2.0,0.75,0.0,0.0
2,1,2026-04-13,0,16,4,0.0,1.0,0.0,0.25,0.0,0.0
2,1,2026-04-20,0,17,4,0.0,0.0,0.0,0.25,0.0,1.0
2,1,2026-04-27,1,18,4,0.0,0.0,1.0,0.25,4.0,0.0
2,1,2026-05-04,0,19,5,1.0,0.0,0.0,0.25,0.0,0.0
2,1,2026-05-11,0,20,5,0.0,1.0,0.0,0.25,0.0,0.0
2,1,2026-05-18,0,21,5,0.0,0.0,0.0,0.25,0.0,0.0
2,1,2026-05-25,0,22,5,0.0,0.0,1.0,0.25,0.0,1.0
2,1,2026-06-01,1,23,6,0.0,0.0,0.0,0.0,1.0,2.0
2,1,2026-06-08,2,24,6,1.0,0.0,0.0,0.25,8.0,0.0
2,1,2026-06-15,0,25,6,2.0,1.0,0.0,0.75,0.0,1.0
2,1,2026-06-22,1,26,6,0.0,2.0,0.0,0.75,1.3333333333333333,0.0
2,2,2024-01-29,0,5,1,1.0,1.0,0.0,1.0,0.0,0.0
2,2,2024-02-05,0,6,2,0.0,1.0,2.0,1.0,0.0,0.0
2,2,2024-02-12,0,7,2,0.0,0.0,1.0,0.5,0.0,0.0
2,2,2024-02-19,0,8,2,0.0,0.0,1.0,0.25,0.0,1.0
2,2,2024-02-26,1,9,2,0.0,0.0,0.0,0.0,1.0,2.0
2,2,2024-03-04,2,10,3,1.0,0.0,0.0,0.25,8.0,1.0
2,2,2024-03-11,1,11,3,2.0,1.0,0.0,0.75,1.3333333333333333,0.0
2,2,2024-03-18,0,12,3,1.0,2.0,0.0,1.0,0.0,1.0
2,2,2024-03-25,1,13,3,0.0,1.0,1.0,1.0,1.0,1.0
2,2,2024-04-01,1,14,4,1.0,0.0,2.0,1.0,1.0,1.0
2,2,2024-04-08,1,15,4,1.0,1.0,1.0,0.75,1.3333333333333333,1.0
2,2,2024-04-15,1,16,4,1.0,1.0,0.0,0.75,1.3333333333333333,0.0
2,2,2024-04-22,0,17,4,1.0,1.0,1.0,1.0,0.0,2.0
2,2,2024-04-29,2,18,4,0.0,1.0,1.0,0.75,2.6666666666666665,0.0
2,2,2024-05-06,0,19,5,2.0,0.0,1.0,1.0,0.0,0.0
2,2,2024-05-13,0,20,5,0.0,2.0,1.0,0.75,0.0,1.0
2,2,2024-05-20,1,21,5,0.0,0.0,0.0,0.5,2.0,0.0
2,2,2024-05-27,0,22,5,1.0,0.0,2.0,0.75,0.0,0.0
2,2,2024-06-03,0,23,6,0.0,1.0,0.0,0.25,0.0,0.0
2,2,2024-06-10,0,24,6,0.0,0.0,0.0,0.25,0.0,0.0
2,2,2024-06-17,0,25,6,0.0,0.0,1.0,0.25,0.0,0.0
2,2,2024-06-24,0,26,6,0.0,0.0,0.0,0.0,1.0,0.0
2,2,2024-07-01,0,27,7,0.0,0.0,0.0,0.0,1.0,0.0
2,2,2024-07-08,0,28,7,0.0,0.0,0.0,0.0,1.0,0.0
2,2,2024-07-15,0,29,7,0.0,0.0,0.0,0.0,1.0,0.0
2,2,2024-07-22,0,30,7,0.0,0.0,0.0,0.0,1.0,0.0
2,2,2024-07-29,0,31,7,0.0,0.0,0.0,0.0,1.0,0.0
2,2,2024-08-05,0,32,8,0.0,0.0,0.0,0.0,1.0,0.0
2,2,2024-08-12,0,33,8,0.0,0.0,0.0,0.0,1.0,0.0
2,2,2024-08-19,0,34,8,0.0,0.0,0.0,0.0,1.0,1.0
2,2,2024-08-26,1,35,8,0.0,0.0,0.0,0.0,1.0,0.0
2,2,2024-09-02,0,36,9,1.0,0.0,0.0,0.25,0.0,1.0
2,2,2024-09-09,1,37,9,0.0,1.0,0.0,0.25,4.0,0.0
2,2,2024-09-16,0,38,9,1.0,0.0,0.0,0.5,0.0,0.0
2,2,2024-09-23,0,39,9,0.0,1.0,1.0,0.5,0.0,0.0
2,2,2024-09-30,0,40,9,0.0,0.0,0.0,0.25,0.0,1.0
2,2,2024-10-07,1,41,10,0.0,0.0,1.0,0.25,4.0,1.0
2,2,2024-10-14,1,42,10,1.0,0.0,0.0,0.25,4.0,0.0
2,2,2024-10-21,0,43,10,1.0,1.0,0.0,0.5,0.0,3.0
2,2,2024-10-28,3,44,10,0.0,1.0,0.0,0.5,6.0,1.0
2,2,2024-11-04,1,45,11,3.0,0.0,1.0,1.25,0.8,1.0
2,2,2024-11-11,1,46,11,1.0,3.0,1.0,1.25,0.8,1.0
2,2,2024-11-18,1,47,11,1.0,1.0,0.0,1.25,0.8,2.0
2,2,2024-11-25,2,48,11,1.0,1.0,3.0,1.5,1.3333333333333333,0.0
2,2,2024-12-02,0,49,12,2.0,1.0,1.0,1.25,0.0,0.0
2,2,2024-12-09,0,50,12,0.0,2.0,1.0,1.0,0.0,0.0
2,2,2024-12-16,0,51,12,0.0,0.0,1.0,0.75,0.0,0.0
2,2,2024-12-23,0,52,12,0.0,0.0,2.0,0.5,0.0,0.0
2,2,2024-12-30,0,1,12,0.0,0.0,0.0,0.0,1.0,0.0
2,2,2025-01-06,0,2,1,0.0,0.0,0.0,0.0,1.0,0.0
2,2,2025-01-13,0,3,1,0.0,0.0,0.0,0.0,1.0,1.0
2,2,2025-01-20,1,4,1,0.0,0.0,0.0,0.0,1.0,0.0
2,2,2025-01-27,0,5,1,1.0,0.0,0.0,0.25,0.0,0.0
2,2,2025-02-03,0,6,2,0.0,1.0,0.0,0.25,0.0,1.0
2,2,2025-02-10,1,7,2,0.0,0.0,0.0,0.25,4.0,0.0
2,2,2025-02-17,0,8,2,1.0,0.0,1.0,0.5,0.0,1.0
2,2,2025-02-24,1,9,2,0.0,1.0,0.0,0.25,4.0,1.0
2,2,2025-03-03,1,10,3,1.0,0.0,0.0,0.5,2.0,0.0
2,2,2025-03-10,0,11,3,1.0,1.0,1.0,0.75,0.0,0.0
2,2,2025-03-17,0,12,3,0.0,1.0,0.0,0.5,0.0,0.0
2,2,2025-03-24,0,13,3,0.0,0.0,1.0,0.5,0.0,2.0
2,2,2025-03-31,2,14,3,0.0,0.0,1.0,0.25,8.0,0.0
2,2,2025-04-07,0,15,4,2.0,0.0,0.0,0.5,0.0,0.0
2,2,2025-04-14,0,16,4,0.0,2.0,0.0,0.5,0.0,2.0
2,2,2025-04-21,2,17,4,0.0,0.0,0.0,0.5,4.0,1.0
2,2,2025-04-28,1,18,4,2.0,0.0,2.0,1.0,1.0,1.0
2,2,2025-05-05,1,19,5,1.0,2.0,0.0,0.75,1.3333333333333333,0.0
2,2,2025-05-12,0,20,5,1.0,1.0,0.0,1.0,0.0,0.0
2,2,2025-05-19,0,21,5,0.0,1.0,2.0,1.0,0.0,1.0
2,2,2025-05-26,1,22,5,0.0,0.0,1.0,0.5,2.0,1.0
2,2,2025-06-02,1,23,6,1.0,0.0,1.0,0.5,2.0,2.0
2,2,2025-06-09,2,24,6,1.0,1.0,0.0,0.5,4.0,0.0
2,2,2025-06-16,0,25,6,2.0,1.0,0.0,1.0,0.0,0.0
2,2,2025-06-23,0,26,6,0.0,2.0,1.0,1.0,0.0,1.0
2,2,2025-06-30,1,27,6,0.0,0.0,1.0,0.75,1.3333333333333333,0.0
2,2,2025-07-07,0,28,7,1.0,0.0,2.0,0.75,0.0,1.0
2,2,2025-07-14,1,29,7,0.0,1.0,0.0,0.25,4.0,1.0
2,2,2025-07-21,1,30,7,1.0,0.0,0.0,0.5,2.0,0.0
2,2,2025-07-28,0,31,7,1.0,1.0,1.0,0.75,0.0,0.0
2,2,2025-08-04,0,32,8,0.0,1.0,0.0,0.5,0.0,0.0
2,2,2025-08-11,0,33,8,0.0,0.0,1.0,0.5,0.0,0.0
2,2,2025-08-18,0,34,8,0.0,0.0,1.0,0.25,0.0,2.0
2,2,2025-08-25,2,35,8,0.0,0.0,0.0,0.0,1.0,1.0
2,2,2025-09-01,1,36,9,2.0,0.0,0.0,0.5,2.0,0.0
2,2,2025-09-08,0,37,9,1.0,2.0,0.0,0.75,0.0,0.0
2,2,2025-09-15,0,38,9,0.0,1.0,0.0,0.75,0.0,1.0
2,2,2025-09-22,1,39,9,0.0,0.0,2.0,0.75,1.3333333333333333,0.0
2,2,2025-09-29,0,40,9,1.0,0.0,1.0,0.5,0.0,0.0
2,2,2025-10-06,0,41,10,0.0,1.0,0.0,0.25,0.0,0.0
2,2,2025-10-13,0,42,10,0.0,0.0,0.0,0.25,0.0,0.0
2,2,2025-10-20,0,43,10,0.0,0.0,1.0,0.25,0.0,0.0
2,2,2025-10-27,0,44,10,0.0,0.0,0.0,0.0,1.0,1.0
2,2,2025-11-03,1,45,11,0.0,0.0,0.0,0.0,1.0,0.0
2,2,2025-11-10,0,46,11,1.0,0.0,0.0,0.25,0.0,1.0
2,2,2025-11-17,1,47,11,0.0,1.0,0.0,0.25,4.0,1.0
2,2,2025-11-24,1,48,11,1.0,0.0,0.0,0.5,2.0,1.0
2,2,2025-12-01,1,49,12,1.0,1.0,1.0,0.75,1.3333333333333333,0.0
2,2,2025-12-08,0,50,12,1.0,1.0,0.0,0.75,0.0,1.0
2,2,2025-12-15,1,51,12,0.0,1.0,1.0,0.75,1.3333333333333333,0.0
2,2,2025-12-22,0,52,12,1.0,0.0,1.0,0.75,0.0,0.0
2,2,2025-12-29,0,1,12,0.0,1.0,1.0,0.5,0.0,0.0
2,2,2026-01-05,0,2,1,0.0,0.0,0.0,0.25,0.0,1.0
2,2,2026-01-12,1,3,1,0.0,0.0,1.0,0.25,4.0,1.0
2,2,2026-01-19,1,4,1,1.0,0.0,0.0,0.25,4.0,0.0
2,2,2026-01-26,0,5,1,1.0,1.0,0.0,0.5,0.0,1.0
2,2,2026-02-02,1,6,2,0.0,1.0,0.0,0.5,2.0,0.0
2,2,2026-02-09,0,7,2,1.0,0.0,1.0,0.75,0.0,0.0
2,2,2026-02-16,0,8,2,0.0,1.0,1.0,0.5,0.0,1.0
2,2,2026-02-23,1,9,2,0.0,0.0,0.0,0.25,4.0,1.0
2,2,2026-03-02,1,10,3,1.0,0.0,1.0,0.5,2.0,0.0
2,2,2026-03-09,0,11,3,1.0,1.0,0.0,0.5,0.0,0.0
2,2,2026-03-16,0,12,3,0.0,1.0,0.0,0.5,0.0,0.0
2,2,2026-03-23,0,13,3,0.0,0.0,1.0,0.5,0.0,0.0
2,2,2026-03-30,0,14,3,0.0,0.0,1.0,0.25,0.0,0.0
2,2,2026-04-06,0,15,4,0.0,0.0,0.0,0.0,1.0,0.0
2,2,2026-04-13,0,16,4,0.0,0.0,0.0,0.0,1.0,0.0
2,2,2026-04-20,0,17,4,0.0,0.0,0.0,0.0,1.0,0.0
2,2,2026-04-27,0,18,4,0.0,0.0,0.0,0.0,1.0,0.0
2,2,2026-05-04,0,19,5,0.0,0.0,0.0,0.0,1.0,0.0
2,2,2026-05-11,0,20,5,0.0,0.0,0.0,0.0,1.0,1.0
2,2,2026-05-18,1,21,5,0.0,0.0,0.0,0.0,1.0,0.0
2,2,2026-05-25,0,22,5,1.0,0.0,0.0,0.25,0.0,0.0
2,2,2026-06-01,0,23,6,0.0,1.0,0.0,0.25,0.0,0.0
2,2,2026-06-08,0,24,6,0.0,0.0,0.0,0.25,0.0,0.0
2,2,2026-06-15,0,25,6,0.0,0.0,1.0,0.25,0.0,0.0
2,2,2026-06-22,0,26,6,0.0,0.0,0.0,0.0,1.0,0.0
2,3,2024-01-29,0,5,1,0.0,1.0,0.0,0.5,0.0,0.0
2,3,2024-02-05,0,6,2,0.0,0.0,1.0,0.5,0.0,0.0
2,3,2024-02-12,0,7,2,0.0,0.0,1.0,0.25,0.0,0.0
2,3,2024-02-19,0,8,2,0.0,0.0,0.0,0.0,1.0,1.0
2,3,2024-02-26,1,9,2,0.0,0.0,0.0,0.0,1.0,0.0
2,3,2024-03-04,0,10,3,1.0,0.0,0.0,0.25,0.0,0.0
2,3,2024-03-11,0,11,3,0.0,1.0,0.0,0.25,0.0,1.0
2,3,2024-03-18,1,12,3,0.0,0.0,0.0,0.25,4.0,0.0
2,3,2024-03-25,0,13,3,1.0,0.0,1.0,0.5,0.0,1.0
2,3,2024-04-01,1,14,4,0.0,1.0,0.0,0.25,4.0,1.0
2,3,2024-04-08,1,15,4,1.0,0.0,0.0,0.5,2.0,0.0
2,3,2024-04-15,0,16,4,1.0,1.0,1.0,0.75,0.0,0.0
2,3,2024-04-22,0,17,4,0.0,1.0,0.0,0.5,0.0,0.0
2,3,2024-04-29,0,18,4,0.0,0.0,1.0,0.5,0.0,0.0
2,3,2024-05-06,0,19,5,0.0,0.0,1.0,0.25,0.0,2.0
2,3,2024-05-13,2,20,5,0.0,0.0,0.0,0.0,1.0,0.0
2,3,2024-05-20,0,21,5,2.0,0.0,0.0,0.5,0.0,0.0
2,3,2024-05-27,0,22,5,0.0,2.0,0.0,0.5,0.0,1.0
2,3,2024-06-03,1,23,6,0.0,0.0,0.0,0.5,2.0,0.0
2,3,2024-06-10,0,24,6,1.0,0.0,2.0,0.75,0.0,0.0
2,3,2024-06-17,0,25,6,0.0,1.0,0.0,0.25,0.0,0.0
2,3,2024-06-24,0,26,6,0.0,0.0,0.0,0.25,0.0,0.0
2,3,2024-07-01,0,27,7,0.0,0.0,1.0,0.25,0.0,0.0
2,3,2024-07-08,0,28,7,0.0,0.0,0.0,0.0,1.0,0.0
2,3,2024-07-15,0,29,7,0.0,0.0,0.0,0.0,1.0,0.0
2,3,2024-07-22,0,30,7,0.0,0.0,0.0,0.0,1.0,0.0
2,3,2024-07-29,0,31,7,0.0,0.0,0.0,0.0,1.0,0.0
2,3,2024-08-05,0,32,8,0.0,0.0,0.0,0.0,1.0,1.0
2,3,2024-08-12,1,33,8,0.0,0.0,0.0,0.0,1.0,1.0
2,3,2024-08-19,1,34,8,1.0,0.0,0.0,0.25,4.0,0.0
2,3,2024-08-26,0,35,8,1.0,1.0,0.0,0.5,0.0,0.0
2,3,2024-09-02,0,36,9,0.0,1.0,0.0,0.5,0.0,1.0
2,3,2024-09-09,1,37,9,0.0,0.0,1.0,0.5,2.0,1.0
2,3,2024-09-16,1,38,9,1.0,0.0,1.0,0.5,2.0,1.0
2,3,2024-09-23,1,39,9,1.0,1.0,0.0,0.5,2.0,0.0
2,3,2024-09-30,0,40,9,1.0,1.0,0.0,0.75,0.0,1.0
2,3,2024-10-07,1,41,10,0.0,1.0,1.0,0.75,1.3333333333333333,0.0
2,3,2024-10-14,0,42,10,1.0,0.0,1.0,0.75,0.0,0.0
2,3,2024-10-21,0,43,10,0.0,1.0,1.0,0.5,0.0,1.0
2,3,2024-10-28,1,44,10,0.0,0.0,0.0,0.25,4.0,0.0
2,3,2024-11-04,0,45,11,1.0,0.0,1.0,0.5,0.0,0.0
2,3,2024-11-11,0,46,11,0.0,1.0,0.0,0.25,0.0,0.0
2,3,2024-11-18,0,47,11,0.0,0.0,0.0,0.25,0.0,0.0
2,3,2024-11-25,0,48,11,0.0,0.0,1.0,0.25,0.0,1.0
2,3,2024-12-02,1,49,12,0.0,0.0,0.0,0.0,1.0,0.0
2,3,2024-12-09,0,50,12,1.0,0.0,0.0,0.25,0.0,0.0
2,3,2024-12-16,0,51,12,0.0,1.0,0.0,0.25,0.0,1.0
2,3,2024-12-23,1,52,12,0.0,0.0,0.0,0.25,4.0,0.0
2,3,2024-12-30,0,1,12,1.0,0.0,1.0,0.5,0.0,1.0
2,3,2025-01-06,1,2,1,0.0,1.0,0.0,0.25,4.0,1.0
2,3,2025-01-13,1,3,1,1.0,0.0,0.0,0.5,2.0,0.0
2,3,2025-01-20,0,4,1,1.0,1.0,1.0,0.75,0.0,0.0
2,3,2025-01-27,0,5,1,0.0,1.0,0.0,0.5,0.0,1.0
2,3,2025-02-03,1,6,2,0.0,0.0,1.0,0.5,2.0,1.0
2,3,2025-02-10,1,7,2,1.0,0.0,1.0,0.5,2.0,0.0
2,3,2025-02-17,0,8,2,1.0,1.0,0.0,0.5,0.0,0.0
2,3,2025-02-24,0,9,2,0.0,1.0,0.0,0.5,0.0,0.0
2,3,2025-03-03,0,10,3,0.0,0.0,1.0,0.5,0.0,0.0
2,3,2025-03-10,0,11,3,0.0,0.0,1.0,0.25,0.0,1.0
2,3,2025-03-17,1,12,3,0.0,0.0,0.0,0.0,1.0,0.0
2,3,2025-03-24,0,13,3,1.0,0.0,0.0,0.25,0.0,0.0
2,3,2025-03-31,0,14,3,0.0,1.0,0.0,0.25,0.0,0.0
2,3,2025-04-07,0,15,4,0.0,0.0,0.0,0.25,0.0,0.0
2,3,2025-04-14,0,16,4,0.0,0.0,1.0,0.25,0.0,0.0
2,3,2025-04-21,0,17,4,0.0,0.0,0.0,0.0,1.0,0.0
2,3,2025-04-28,0,18,4,0.0,0.0,0.0,0.0,1.0,0.0
2,3,2025-05-05,0,19,5,0.0,0.0,0.0,0.0,1.0,0.0
2,3,2025-05-12,0,20,5,0.0,0.0,0.0,0.0,1.0,1.0
2,3,2025-05-19,1,21,5,0.0,0.0,0.0,0.0,1.0,0.0
2,3,2025-05-26,0,22,5,1.0,0.0,0.0,0.25,0.0,0.0
2,3,2025-06-02,0,23,6,0.0,1.0,0.0,0.25,0.0,0.0
2,3,2025-06-09,0,24,6,0.0,0.0,0.0,0.25,0.0,1.0
2,3,2025-06-16,1,25,6,0.0,0.0,1.0,0.25,4.0,0.0
2,3,2025-06-23,0,26,6,1.0,0.0,0.0,0.25,0.0,0.0
2,3,2025-06-30,0,27,6,0.0,1.0,0.0,0.25,0.0,0.0
2,3,2025-07-07,0,28,7,0.0,0.0,0.0,0.25,0.0,1.0
2,3,2025-07-14,1,29,7,0.0,0.0,1.0,0.25,4.0,0.0
2,3,2025-07-21,0,30,7,1.0,0.0,0.0,0.25,0.0,0.0
2,3,2025-07-28,0,31,7,0.0,1.0,0.0,0.25,0.0,0.0
2,3,2025-08-04,0,32,8,0.0,0.0,0.0,0.25,0.0,1.0
2,3,2025-08-11,1,33,8,0.0,0.0,1.0,0.25,4.0,0.0
2,3,2025-08-18,0,34,8,1.0,0.0,0.0,0.25,0.0,1.0
2,3,2025-08-25,1,35,8,0.0,1.0,0.0,0.25,4.0,2.0
2,3,2025-09-01,2,36,9,1.0,0.0,0.0,0.5,4.0,1.0
2,3,2025-09-08,1,37,9,2.0,1.0,1.0,1.0,1.0,1.0
2,3,2025-09-15,1,38,9,1.0,2.0,0.0,1.0,1.0,0.0
2,3,2025-09-22,0,39,9,1.0,1.0,1.0,1.25,0.0,0.0
2,3,2025-09-29,0,40,9,0.0,1.0,2.0,1.0,0.0,2.0
2,3,2025-10-06,2,41,10,0.0,0.0,1.0,0.5,4.0,1.0
2,3,2025-10-13,1,42,10,2.0,0.0,1.0,0.75,1.3333333333333333,0.0
2,3,2025-10-20,0,43,10,1.0,2.0,0.0,0.75,0.0,0.0
2,3,2025-10-27,0,44,10,0.0,1.0,0.0,0.75,0.0,2.0
2,3,2025-11-03,2,45,11,0.0,0.0,2.0,0.75,2.6666666666666665,0.0
2,3,2025-11-10,0,46,11,2.0,0.0,1.0,0.75,0.0,0.0
2,3,2025-11-17,0,47,11,0.0,2.0,0.0,0.5,0.0,1.0
2,3,2025-11-24,1,48,11,0.0,0.0,0.0,0.5,2.0,0.0
2,3,2025-12-01,0,49,12,1.0,0.0,2.0,0.75,0.0,1.0
2,3,2025-12-08,1,50,12,0.0,1.0,0.0,0.25,4.0,0.0
2,3,2025-12-15,0,51,12,1.0,0.0,0.0,0.5,0.0,0.0
2,3,2025-12-22,0,52,12,0.0,1.0,1.0,0.5,0.0,0.0
2,3,2025-12-29,0,1,12,0.0,0.0,0.0,0.25,0.0,0.0
2,3,2026-01-05,0,2,1,0.0,0.0,1.0,0.25,0.0,0.0
2,3,2026-01-12,0,3,1,0.0,0.0,0.0,0.0,1.0,1.0
2,3,2026-01-19,1,4,1,0.0,0.0,0.0,0.0,1.0,0.0
2,3,2026-01-26,0,5,1,1.0,0.0,0.0,0.25,0.0,2.0
2,3,2026-02-02,2,6,2,0.0,1.0,0.0,0.25,8.0,2.0
2,3,2026-02-09,2,7,2,2.0,0.0,0.0,0.75,2.6666666666666665,0.0
2,3,2026-02-16,0,8,2,2.0,2.0,1.0,1.25,0.0,0.0
2,3,2026-02-23,0,9,2,0.0,2.0,0.0,1.0,0.0,0.0
2,3,2026-03-02,0,10,3,0.0,0.0,2.0,1.0,0.0,1.0
2,3,2026-03-09,1,11,3,0.0,0.0,2.0,0.5,2.0,2.0
2,3,2026-03-16,2,12,3,1.0,0.0,0.0,0.25,8.0,0.0
2,3,2026-03-23,0,13,3,2.0,1.0,0.0,0.75,0.0,1.0
2,3,2026-03-30,1,14,3,0.0,2.0,0.0,0.75,1.3333333333333333,0.0
2,3,2026-04-06,0,15,4,1.0,0.0,1.0,1.0,0.0,0.0
2,3,2026-04-13,0,16,4,0.0,1.0,2.0,0.75,0.0,0.0
2,3,2026-04-20,0,17,4,0.0,0.0,0.0,0.25,0.0,0.0
2,3,2026-04-27,0,18,4,0.0,0.0,1.0,0.25,0.0,0.0
2,3,2026-05-04,0,19,5,0.0,0.0,0.0,0.0,1.0,0.0
2,3,2026-05-11,0,20,5,0.0,0.0,0.0,0.0,1.0,0.0
2,3,2026-05-18,0,21,5,0.0,0.0,0.0,0.0,1.0,0.0
2,3,2026-05-25,0,22,5,0.0,0.0,0.0,0.0,1.0,0.0
2,3,2026-06-01,0,23,6,0.0,0.0,0.0,0.0,1.0,1.0
2,3,2026-06-08,1,24,6,0.0,0.0,0.0,0.0,1.0,0.0
2,3,2026-06-15,0,25,6,1.0,0.0,0.0,0.25,0.0,0.0
2,3,2026-06-22,0,26,6,0.0,1.0,0.0,0.25,0.0,0.0
2,4,2024-01-29,2,5,1,1.0,1.0,1.0,0.75,2.6666666666666665,0.0
2,4,2024-02-05,0,6,2,2.0,1.0,0.0,1.0,0.0,1.0
2,4,2024-02-12,1,7,2,0.0,2.0,1.0,1.0,1.0,2.0
2,4,2024-02-19,2,8,2,1.0,0.0,1.0,1.0,2.0,0.0
2,4,2024-02-26,0,9,2,2.0,1.0,2.0,1.25,0.0,0.0
2,4,2024-03-04,0,10,3,0.0,2.0,0.0,0.75,0.0,0.0
2,4,2024-03-11,0,11,3,0.0,0.0,1.0,0.75,0.0,2.0
2,4,2024-03-18,2,12,3,0.0,0.0,2.0,0.5,4.0,0.0
2,4,2024-03-25,0,13,3,2.0,0.0,0.0,0.5,0.0,0.0
2,4,2024-04-01,0,14,4,0.0,2.0,0.0,0.5,0.0,0.0
2,4,2024-04-08,0,15,4,0.0,0.0,0.0,0.5,0.0,0.0
2,4,2024-04-15,0,16,4,0.0,0.0,2.0,0.5,0.0,0.0
2,4,2024-04-22,0,17,4,0.0,0.0,0.0,0.0,1.0,2.0
2,4,2024-04-29,2,18,4,0.0,0.0,0.0,0.0,1.0,0.0
2,4,2024-05-06,0,19,5,2.0,0.0,0.0,0.5,0.0,1.0
2,4,2024-05-13,1,20,5,0.0,2.0,0.0,0.5,2.0,0.0
2,4,2024-05-20,0,21,5,1.0,0.0,0.0,0.75,0.0,0.0
2,4,2024-05-27,0,22,5,0.0,1.0,2.0,0.75,0.0,1.0
2,4,2024-06-03,1,23,6,0.0,0.0,0.0,0.25,4.0,0.0
2,4,2024-06-10,0,24,6,1.0,0.0,1.0,0.5,0.0,2.0
2,4,2024-06-17,2,25,6,0.0,1.0,0.0,0.25,8.0,1.0
2,4,2024-06-24,1,26,6,2.0,0.0,0.0,0.75,1.3333333333333333,1.0
2,4,2024-07-01,1,27,7,1.0,2.0,1.0,1.0,1.0,0.0
2,4,2024-07-08,0,28,7,1.0,1.0,0.0,1.0,0.0,2.0
2,4,2024-07-15,2,29,7,0.0,1.0,2.0,1.0,2.0,0.0
2,4,2024-07-22,0,30,7,2.0,0.0,1.0,1.0,0.0,0.0
2,4,2024-07-29,0,31,7,0.0,2.0,1.0,0.75,0.0,2.0
2,4,2024-08-05,2,32,8,0.0,0.0,0.0,0.5,4.0,0.0
2,4,2024-08-12,0,33,8,2.0,0.0,2.0,1.0,0.0,0.0
2,4,2024-08-19,0,34,8,0.0,2.0,0.0,0.5,0.0,1.0
2,4,2024-08-26,1,35,8,0.0,0.0,0.0,0.5,2.0,1.0
2,4,2024-09-02,1,36,9,1.0,0.0,2.0,0.75,1.3333333333333333,0.0
2,4,2024-09-09,0,37,9,1.0,1.0,0.0,0.5,0.0,0.0
2,4,2024-09-16,0,38,9,0.0,1.0,0.0,0.5,0.0,3.0
2,4,2024-09-23,3,39,9,0.0,0.0,1.0,0.5,6.0,0.0
2,4,2024-09-30,0,40,9,3.0,0.0,1.0,1.0,0.0,0.0
2,4,2024-10-07,0,41,10,0.0,3.0,0.0,0.75,0.0,0.0
2,4,2024-10-14,0,42,10,0.0,0.0,0.0,0.75,0.0,0.0
2,4,2024-10-21,0,43,10,0.0,0.0,3.0,0.75,0.0,0.0
2,4,2024-10-28,0,44,10,0.0,0.0,0.0,0.0,1.0,1.0
2,4,2024-11-04,1,45,11,0.0,0.0,0.0,0.0,1.0,0.0
2,4,2024-11-11,0,46,11,1.0,0.0,0.0,0.25,0.0,0.0
2,4,2024-11-18,0,47,11,0.0,1.0,0.0,0.25,0.0,1.0
2,4,2024-11-25,1,48,11,0.0,0.0,0.0,0.25,4.0,1.0
2,4,2024-12-02,1,49,12,1.0,0.0,1.0,0.5,2.0,0.0
2,4,2024-12-09,0,50,12,1.0,1.0,0.0,0.5,0.0,1.0
2,4,2024-12-16,1,51,12,0.0,1.0,0.0,0.5,2.0,1.0
2,4,2024-12-23,1,52,12,1.0,0.0,1.0,0.75,1.3333333333333333,0.0
2,4,2024-12-30,0,1,12,1.0,1.0,1.0,0.75,0.0,2.0
2,4,2025-01-06,2,2,1,0.0,1.0,0.0,0.5,4.0,1.0
2,4,2025-01-13,1,3,1,2.0,0.0,1.0,1.0,1.0,1.0
2,4,2025-01-20,1,4,1,1.0,2.0,1.0,1.0,1.0,1.0
2,4,2025-01-27,1,5,1,1.0,1.0,0.0,1.0,1.0,0.0
2,4,2025-02-03,0,6,2,1.0,1.0,2.0,1.25,0.0,0.0
2,4,2025-02-10,0,7,2,0.0,1.0,1.0,0.75,0.0,0.0
2,4,2025-02-17,0,8,2,0.0,0.0,1.0,0.5,0.0,0.0
2,4,2025-02-24,0,9,2,0.0,0.0,1.0,0.25,0.0,0.0
2,4,2025-03-03,0,10,3,0.0,0.0,0.0,0.0,1.0,1.0
2,4,2025-03-10,1,11,3,0.0,0.0,0.0,0.0,1.0,0.0
2,4,2025-03-17,0,12,3,1.0,0.0,0.0,0.25,0.0,0.0
2,4,2025-03-24,0,13,3,0.0,1.0,0.0,0.25,0.0,1.0
2,4,2025-03-31,1,14,3,0.0,0.0,0.0,0.25,4.0,0.0
2,4,2025-04-07,0,15,4,1.0,0.0,1.0,0.5,0.0,3.0
2,4,2025-04-14,3,16,4,0.0,1.0,0.0,0.25,12.0,0.0
2,4,2025-04-21,0,17,4,3.0,0.0,0.0,1.0,0.0,0.0
2,4,2025-04-28,0,18,4,0.0,3.0,1.0,1.0,0.0,0.0
2,4,2025-05-05,0,19,5,0.0,0.0,0.0,0.75,0.0,0.0
2,4,2025-05-12,0,20,5,0.0,0.0,3.0,0.75,0.0,0.0
2,4,2025-05-19,0,21,5,0.0,0.0,0.0,0.0,1.0,1.0
2,4,2025-05-26,1,22,5,0.0,0.0,0.0,0.0,1.0,0.0
2,4,2025-06-02,0,23,6,1.0,0.0,0.0,0.25,0.0,1.0
2,4,2025-06-09,1,24,6,0.0,1.0,0.0,0.25,4.0,0.0
2,4,2025-06-16,0,25,6,1.0,0.0,0.0,0.5,0.0,0.0
2,4,2025-06-23,0,26,6,0.0,1.0,1.0,0.5,0.0,0.0
2,4,2025-06-30,0,27,6,0.0,0.0,0.0,0.25,0.0,0.0
2,4,2025-07-07,0,28,7,0.0,0.0,1.0,0.25,0.0,2.0
2,4,2025-07-14,2,29,7,0.0,0.0,0.0,0.0,1.0,1.0
2,4,2025-07-21,1,30,7,2.0,0.0,0.0,0.5,2.0,0.0
2,4,2025-07-28,0,31,7,1.0,2.0,0.0,0.75,0.0,0.0
2,4,2025-08-04,0,32,8,0.0,1.0,0.0,0.75,0.0,0.0
2,4,2025-08-11,0,33,8,0.0,0.0,2.0,0.75,0.0,0.0
2,4,2025-08-18,0,34,8,0.0,0.0,1.0,0.25,0.0,1.0
2,4,2025-08-25,1,35,8,0.0,0.0,0.0,0.0,1.0,0.0
2,4,2025-09-01,0,36,9,1.0,0.0,0.0,0.25,0.0,0.0
2,4,2025-09-08,0,37,9,0.0,1.0,0.0,0.25,0.0,1.0
2,4,2025-09-15,1,38,9,0.0,0.0,0.0,0.25,4.0,1.0
2,4,2025-09-22,1,39,9,1.0,0.0,1.0,0.5,2.0,0.0
2,4,2025-09-29,0,40,9,1.0,1.0,0.0,0.5,0.0,2.0
2,4,2025-10-06,2,41,10,0.0,1.0,0.0,0.5,4.0,0.0
2,4,2025-10-13,0,42,10,2.0,0.0,1.0,1.0,0.0,0.0
2,4,2025-10-20,0,43,10,0.0,2.0,1.0,0.75,0.0,0.0
2,4,2025-10-27,0,44,10,0.0,0.0,0.0,0.5,0.0,0.0
2,4,2025-11-03,0,45,11,0.0,0.0,2.0,0.5,0.0,2.0
2,4,2025-11-10,2,46,11,0.0,0.0,0.0,0.0,1.0,1.0
2,4,2025-11-17,1,47,11,2.0,0.0,0.0,0.5,2.0,0.0
2,4,2025-11-24,0,48,11,1.0,2.0,0.0,0.75,0.0,0.0
2,4,2025-12-01,0,49,12,0.0,1.0,0.0,0.75,0.0,1.0
2,4,2025-12-08,1,50,12,0.0,0.0,2.0,0.75,1.3333333333333333,0.0
2,4,2025-12-15,0,51,12,1.0,0.0,1.0,0.5,0.0,0.0
2,4,2025-12-22,0,52,12,0.0,1.0,0.0,0.25,0.0,0.0
2,4,2025-12-29,0,1,12,0.0,0.0,0.0,0.25,0.0,0.0
2,4,2026-01-05,0,2,1,0.0,0.0,1.0,0.25,0.0,0.0
2,4,2026-01-12,0,3,1,0.0,0.0,0.0,0.0,1.0,0.0
2,4,2026-01-19,0,4,1,0.0,0.0,0.0,0.0,1.0,0.0
2,4,2026-01-26,0,5,1,0.0,0.0,0.0,0.0,1.0,1.0
2,4,2026-02-02,1,6,2,0.0,0.0,0.0,0.0,1.0,0.0
2,4,2026-02-09,0,7,2,1.0,0.0,0.0,0.25,0.0,0.0
2,4,2026-02-16,0,8,2,0.0,1.0,0.0,0.25,0.0,0.0
2,4,2026-02-23,0,9,2,0.0,0.0,0.0,0.25,0.0,0.0
2,4,2026-03-02,0,10,3,0.0,0.0,1.0,0.25,0.0,0.0
2,4,2026-03-09,0,11,3,0.0,0.0,0.0,0.0,1.0,0.0
2,4,2026-03-16,0,12,3,0.0,0.0,0.0,0.0,1.0,0.0
2,4,2026-03-23,0,13,3,0.0,0.0,0.0,0.0,1.0,0.0
2,4,2026-03-30,0,14,3,0.0,0.0,0.0,0.0,1.0,1.0
2,4,2026-04-06,1,15,4,0.0,0.0,0.0,0.0,1.0,0.0
2,4,2026-04-13,0,16,4,1.0,0.0,0.0,0.25,0.0,1.0
2,4,2026-04-20,1,17,4,0.0,1.0,0.0,0.25,4.0,0.0
2,4,2026-04-27,0,18,4,1.0,0.0,0.0,0.5,0.0,0.0
2,4,2026-05-04,0,19,5,0.0,1.0,1.0,0.5,0.0,0.0
2,4,2026-05-11,0,20,5,0.0,0.0,0.0,0.25,0.0,1.0
2,4,2026-05-18,1,21,5,0.0,0.0,1.0,0.25,4.0,0.0
2,4,2026-05-25,0,22,5,1.0,0.0,0.0,0.25,0.0,0.0
2,4,2026-06-01,0,23,6,0.0,1.0,0.0,0.25,0.0,0.0
2,4,2026-06-08,0,24,6,0.0,0.0,0.0,0.25,0.0,1.0
2,4,2026-06-15,1,25,6,0.0,0.0,1.0,0.25,4.0,2.0
2,4,2026-06-22,2,26,6,1.0,0.0,0.0,0.25,8.0,0.0
2,5,2024-01-29,1,5,1,0.0,1.0,2.0,1.25,0.8,0.0
2,5,2024-02-05,0,6,2,1.0,0.0,2.0,1.0,0.0,0.0
2,5,2024-02-12,0,7,2,0.0,1.0,1.0,0.5,0.0,2.0
2,5,2024-02-19,2,8,2,0.0,0.0,0.0,0.25,8.0,0.0
2,5,2024-02-26,0,9,2,2.0,0.0,1.0,0.75,0.0,0.0
2,5,2024-03-04,0,10,3,0.0,2.0,0.0,0.5,0.0,0.0
2,5,2024-03-11,0,11,3,0.0,0.0,0.0,0.5,0.0,0.0
2,5,2024-03-18,0,12,3,0.0,0.0,2.0,0.5,0.0,0.0
2,5,2024-03-25,0,13,3,0.0,0.0,0.0,0.0,1.0,2.0
2,5,2024-04-01,2,14,4,0.0,0.0,0.0,0.0,1.0,0.0
2,5,2024-04-08,0,15,4,2.0,0.0,0.0,0.5,0.0,0.0
2,5,2024-04-15,0,16,4,0.0,2.0,0.0,0.5,0.0,0.0
2,5,2024-04-22,0,17,4,0.0,0.0,0.0,0.5,0.0,2.0
2,5,2024-04-29,2,18,4,0.0,0.0,2.0,0.5,4.0,0.0
2,5,2024-05-06,0,19,5,2.0,0.0,0.0,0.5,0.0,0.0
2,5,2024-05-13,0,20,5,0.0,2.0,0.0,0.5,0.0,0.0
2,5,2024-05-20,0,21,5,0.0,0.0,0.0,0.5,0.0,0.0
2,5,2024-05-27,0,22,5,0.0,0.0,2.0,0.5,0.0,1.0
2,5,2024-06-03,1,23,6,0.0,0.0,0.0,0.0,1.0,1.0
2,5,2024-06-10,1,24,6,1.0,0.0,0.0,0.25,4.0,0.0
2,5,2024-06-17,0,25,6,1.0,1.0,0.0,0.5,0.0,0.0
2,5,2024-06-24,0,26,6,0.0,1.0,0.0,0.5,0.0,1.0
2,5,2024-07-01,1,27,7,0.0,0.0,1.0,0.5,2.0,1.0
2,5,2024-07-08,1,28,7,1.0,0.0,1.0,0.5,2.0,0.0
2,5,2024-07-15,0,29,7,1.0,1.0,0.0,0.5,0.0,0.0
2,5,2024-07-22,0,30,7,0.0,1.0,0.0,0.5,0.0,0.0
2,5,2024-07-29,0,31,7,0.0,0.0,1.0,0.5,0.0,0.0
2,5,2024-08-05,0,32,8,0.0,0.0,1.0,0.25,0.0,3.0
2,5,2024-08-12,3,33,8,0.0,0.0,0.0,0.0,1.0,2.0
2,5,2024-08-19,2,34,8,3.0,0.0,0.0,0.75,2.6666666666666665,0.0
2,5,2024-08-26,0,35,8,2.0,3.0,0.0,1.25,0.0,0.0
2,5,2024-09-02,0,36,9,0.0,2.0,0.0,1.25,0.0,0.0
2,5,2024-09-09,0,37,9,0.0,0.0,3.0,1.25,0.0,1.0
2,5,2024-09-16,1,38,9,0.0,0.0,2.0,0.5,2.0,0.0
2,5,2024-09-23,0,39,9,1.0,0.0,0.0,0.25,0.0,0.0
2,5,2024-09-30,0,40,9,0.0,1.0,0.0,0.25,0.0,0.0
2,5,2024-10-07,0,41,10,0.0,0.0,0.0,0.25,0.0,0.0
2,5,2024-10-14,0,42,10,0.0,0.0,1.0,0.25,0.0,0.0
2,5,2024-10-21,0,43,10,0.0,0.0,0.0,0.0,1.0,0.0
2,5,2024-10-28,0,44,10,0.0,0.0,0.0,0.0,1.0,0.0
2,5,2024-11-04,0,45,11,0.0,0.0,0.0,0.0,1.0,0.0
2,5,2024-11-11,0,46,11,0.0,0.0,0.0,0.0,1.0,0.0
2,5,2024-11-18,0,47,11,0.0,0.0,0.0,0.0,1.0,0.0
2,5,2024-11-25,0,48,11,0.0,0.0,0.0,0.0,1.0,0.0
2,5,2024-12-02,0,49,12,0.0,0.0,0.0,0.0,1.0,1.0
2,5,2024-12-09,1,50,12,0.0,0.0,0.0,0.0,1.0,0.0
2,5,2024-12-16,0,51,12,1.0,0.0,0.0,0.25,0.0,1.0
2,5,2024-12-23,1,52,12,0.0,1.0,0.0,0.25,4.0,1.0
2,5,2024-12-30,1,1,12,1.0,0.0,0.0,0.5,2.0,2.0
2,5,2025-01-06,2,2,1,1.0,1.0,1.0,0.75,2.6666666666666665,0.0
2,5,2025-01-13,0,3,1,2.0,1.0,0.0,1.0,0.0,1.0
2,5,2025-01-20,1,4,1,0.0,2.0,1.0,1.0,1.0,1.0
2,5,2025-01-27,1,5,1,1.0,0.0,1.0,1.0,1.0,1.0
2,5,2025-02-03,1,6,2,1.0,1.0,2.0,1.0,1.0,0.0
2,5,2025-02-10,0,7,2,1.0,1.0,0.0,0.75,0.0,0.0
2,5,2025-02-17,0,8,2,0.0,1.0,1.0,0.75,0.0,1.0
2,5,2025-02-24,1,9,2,0.0,0.0,1.0,0.5,2.0,0.0
2,5,2025-03-03,0,10,3,1.0,0.0,1.0,0.5,0.0,0.0
2,5,2025-03-10,0,11,3,0.0,1.0,0.0,0.25,0.0,0.0
2,5,2025-03-17,0,12,3,0.0,0.0,0.0,0.25,0.0,0.0
2,5,2025-03-24,0,13,3,0.0,0.0,1.0,0.25,0.0,0.0
2,5,2025-03-31,0,14,3,0.0,0.0,0.0,0.0,1.0,0.0
2,5,2025-04-07,0,15,4,0.0,0.0,0.0,0.0,1.0,2.0
2,5,2025-04-14,2,16,4,0.0,0.0,0.0,0.0,1.0,1.0
2,5,2025-04-21,1,17,4,2.0,0.0,0.0,0.5,2.0,1.0
2,5,2025-04-28,1,18,4,1.0,2.0,0.0,0.75,1.3333333333333333,0.0
2,5,2025-05-05,0,19,5,1.0,1.0,0.0,1.0,0.0,0.0
2,5,2025-05-12,0,20,5,0.0,1.0,2.0,1.0,0.0,1.0
2,5,2025-05-19,1,21,5,0.0,0.0,1.0,0.5,2.0,0.0
2,5,2025-05-26,0,22,5,1.0,0.0,1.0,0.5,0.0,0.0
2,5,2025-06-02,0,23,6,0.0,1.0,0.0,0.25,0.0,0.0
2,5,2025-06-09,0,24,6,0.0,0.0,0.0,0.25,0.0,0.0
2,5,2025-06-16,0,25,6,0.0,0.0,1.0,0.25,0.0,0.0
2,5,2025-06-23,0,26,6,0.0,0.0,0.0,0.0,1.0,0.0
2,5,2025-06-30,0,27,6,0.0,0.0,0.0,0.0,1.0,0.0
2,5,2025-07-07,0,28,7,0.0,0.0,0.0,0.0,1.0,2.0
2,5,2025-07-14,2,29,7,0.0,0.0,0.0,0.0,1.0,0.0
2,5,2025-07-21,0,30,7,2.0,0.0,0.0,0.5,0.0,1.0
2,5,2025-07-28,1,31,7,0.0,2.0,0.0,0.5,2.0,0.0
2,5,2025-08-04,0,32,8,1.0,0.0,0.0,0.75,0.0,0.0
2,5,2025-08-11,0,33,8,0.0,1.0,2.0,0.75,0.0,0.0
2,5,2025-08-18,0,34,8,0.0,0.0,0.0,0.25,0.0,0.0
2,5,2025-08-25,0,35,8,0.0,0.0,1.0,0.25,0.0,1.0
2,5,2025-09-01,1,36,9,0.0,0.0,0.0,0.0,1.0,0.0
2,5,2025-09-08,0,37,9,1.0,0.0,0.0,0.25,0.0,0.0
2,5,2025-09-15,0,38,9,0.0,1.0,0.0,0.25,0.0,0.0
2,5,2025-09-22,0,39,9,0.0,0.0,0.0,0.25,0.0,0.0
2,5,2025-09-29,0,40,9,0.0,0.0,1.0,0.25,0.0,0.0
2,5,2025-10-06,0,41,10,0.0,0.0,0.0,0.0,1.0,0.0
2,5,2025-10-13,0,42,10,0.0,0.0,0.0,0.0,1.0,1.0
2,5,2025-10-20,1,43,10,0.0,0.0,0.0,0.0,1.0,0.0
2,5,2025-10-27,0,44,10,1.0,0.0,0.0,0.25,0.0,0.0
2,5,2025-11-03,0,45,11,0.0,1.0,0.0,0.25,0.0,0.0
2,5,2025-11-10,0,46,11,0.0,0.0,0.0,0.25,0.0,0.0
2,5,2025-11-17,0,47,11,0.0,0.0,1.0,0.25,0.0,2.0
2,5,2025-11-24,2,48,11,0.0,0.0,0.0,0.0,1.0,1.0
2,5,2025-12-01,1,49,12,2.0,0.0,0.0,0.5,2.0,0.0
2,5,2025-12-08,0,50,12,1.0,2.0,0.0,0.75,0.0,2.0
2,5,2025-12-15,2,51,12,0.0,1.0,0.0,0.75,2.6666666666666665,1.0
2,5,2025-12-22,1,52,12,2.0,0.0,2.0,1.25,0.8,1.0
2,5,2025-12-29,1,1,12,1.0,2.0,1.0,1.0,1.0,0.0
2,5,2026-01-05,0,2,1,1.0,1.0,0.0,1.0,0.0,1.0
2,5,2026-01-12,1,3,1,0.0,1.0,2.0,1.0,1.0,1.0
2,5,2026-01-19,1,4,1,1.0,0.0,1.0,0.75,1.3333333333333333,0.0
2,5,2026-01-26,0,5,1,1.0,1.0,1.0,0.75,0.0,0.0
2,5,2026-02-02,0,6,2,0.0,1.0,0.0,0.5,0.0,2.0
2,5,2026-02-09,2,7,2,0.0,0.0,1.0,0.5,4.0,0.0
2,5,2026-02-16,0,8,2,2.0,0.0,1.0,0.75,0.0,1.0
2,5,2026-02-23,1,9,2,0.0,2.0,0.0,0.5,2.0,1.0
2,5,2026-03-02,1,10,3,1.0,0.0,0.0,0.75,1.3333333333333333,0.0
2,5,2026-03-09,0,11,3,1.0,1.0,2.0,1.0,0.0,0.0
2,5,2026-03-16,0,12,3,0.0,1.0,0.0,0.5,0.0,1.0
2,5,2026-03-23,1,13,3,0.0,0.0,1.0,0.5,2.0,0.0
2,5,2026-03-30,0,14,3,1.0,0.0,1.0,0.5,0.0,0.0
2,5,2026-04-06,0,15,4,0.0,1.0,0.0,0.25,0.0,0.0
2,5,2026-04-13,0,16,4,0.0,0.0,0.0,0.25,0.0,1.0
2,5,2026-04-20,1,17,4,0.0,0.0,1.0,0.25,4.0,1.0
2,5,2026-04-27,1,18,4,1.0,0.0,0.0,0.25,4.0,1.0
2,5,2026-05-04,1,19,5,1.0,1.0,0.0,0.5,2.0,0.0
2,5,2026-05-11,0,20,5,1.0,1.0,0.0,0.75,0.0,0.0
2,5,2026-05-18,0,21,5,0.0,1.0,1.0,0.75,0.0,1.0
2,5,2026-05-25,1,22,5,0.0,0.0,1.0,0.5,2.0,1.0
2,5,2026-06-01,1,23,6,1.0,0.0,1.0,0.5,2.0,0.0
2,5,2026-06-08,0,24,6,1.0,1.0,0.0,0.5,0.0,0.0
2,5,2026-06-15,0,25,6,0.0,1.0,0.0,0.5,0.0,0.0
2,5,2026-06-22,0,26,6,0.0,0.0,1.0,0.5,0.0,0.0
2,6,2024-01-29,1,5,1,1.0,0.0,0.0,0.5,2.0,0.0
2,6,2024-02-05,0,6,2,1.0,1.0,1.0,0.75,0.0,0.0
2,6,2024-02-12,0,7,2,0.0,1.0,0.0,0.5,0.0,0.0
2,6,2024-02-19,0,8,2,0.0,0.0,1.0,0.5,0.0,0.0
2,6,2024-02-26,0,9,2,0.0,0.0,1.0,0.25,0.0,1.0
2,6,2024-03-04,1,10,3,0.0,0.0,0.0,0.0,1.0,0.0
2,6,2024-03-11,0,11,3,1.0,0.0,0.0,0.25,0.0,0.0
2,6,2024-03-18,0,12,3,0.0,1.0,0.0,0.25,0.0,0.0
2,6,2024-03-25,0,13,3,0.0,0.0,0.0,0.25,0.0,1.0
2,6,2024-04-01,1,14,4,0.0,0.0,1.0,0.25,4.0,0.0
2,6,2024-04-08,0,15,4,1.0,0.0,0.0,0.25,0.0,0.0
2,6,2024-04-15,0,16,4,0.0,1.0,0.0,0.25,0.0,0.0
2,6,2024-04-22,0,17,4,0.0,0.0,0.0,0.25,0.0,0.0
2,6,2024-04-29,0,18,4,0.0,0.0,1.0,0.25,0.0,0.0
2,6,2024-05-06,0,19,5,0.0,0.0,0.0,0.0,1.0,2.0
2,6,2024-05-13,2,20,5,0.0,0.0,0.0,0.0,1.0,1.0
2,6,2024-05-20,1,21,5,2.0,0.0,0.0,0.5,2.0,0.0
2,6,2024-05-27,0,22,5,1.0,2.0,0.0,0.75,0.0,1.0
2,6,2024-06-03,1,23,6,0.0,1.0,0.0,0.75,1.3333333333333333,0.0
2,6,2024-06-10,0,24,6,1.0,0.0,2.0,1.0,0.0,0.0
2,6,2024-06-17,0,25,6,0.0,1.0,1.0,0.5,0.0,1.0
2,6,2024-06-24,1,26,6,0.0,0.0,0.0,0.25,4.0,0.0
2,6,2024-07-01,0,27,7,1.0,0.0,1.0,0.5,0.0,0.0
2,6,2024-07-08,0,28,7,0.0,1.0,0.0,0.25,0.0,0.0
2,6,2024-07-15,0,29,7,0.0,0.0,0.0,0.25,0.0,0.0
2,6,2024-07-22,0,30,7,0.0,0.0,1.0,0.25,0.0,1.0
2,6,2024-07-29,1,31,7,0.0,0.0,0.0,0.0,1.0,0.0
2,6,2024-08-05,0,32,8,1.0,0.0,0.0,0.25,0.0,0.0
2,6,2024-08-12,0,33,8,0.0,1.0,0.0,0.25,0.0,2.0
2,6,2024-08-19,2,34,8,0.0,0.0,0.0,0.25,8.0,0.0
2,6,2024-08-26,0,35,8,2.0,0.0,1.0,0.75,0.0,0.0
2,6,2024-09-02,0,36,9,0.0,2.0,0.0,0.5,0.0,0.0
2,6,2024-09-09,0,37,9,0.0,0.0,0.0,0.5,0.0,1.0
2,6,2024-09-16,1,38,9,0.0,0.0,2.0,0.5,2.0,2.0
2,6,2024-09-23,2,39,9,1.0,0.0,0.0,0.25,8.0,2.0
2,6,2024-09-30,2,40,9,2.0,1.0,0.0,0.75,2.6666666666666665,0.0
2,6,2024-10-07,0,41,10,2.0,2.0,0.0,1.25,0.0,0.0
2,6,2024-10-14,0,42,10,0.0,2.0,1.0,1.25,0.0,1.0
2,6,2024-10-21,1,43,10,0.0,0.0,2.0,1.0,1.0,0.0
2,6,2024-10-28,0,44,10,1.0,0.0,2.0,0.75,0.0,1.0
2,6,2024-11-04,1,45,11,0.0,1.0,0.0,0.25,4.0,0.0
2,6,2024-11-11,0,46,11,1.0,0.0,0.0,0.5,0.0,3.0
2,6,2024-11-18,3,47,11,0.0,1.0,1.0,0.5,6.0,0.0
2,6,2024-11-25,0,48,11,3.0,0.0,0.0,1.0,0.0,1.0
2,6,2024-12-02,1,49,12,0.0,3.0,1.0,1.0,1.0,0.0
2,6,2024-12-09,0,50,12,1.0,0.0,0.0,1.0,0.0,0.0
2,6,2024-12-16,0,51,12,0.0,1.0,3.0,1.0,0.0,0.0
2,6,2024-12-23,0,52,12,0.0,0.0,0.0,0.25,0.0,0.0
2,6,2024-12-30,0,1,12,0.0,0.0,1.0,0.25,0.0,0.0
2,6,2025-01-06,0,2,1,0.0,0.0,0.0,0.0,1.0,0.0
2,6,2025-01-13,0,3,1,0.0,0.0,0.0,0.0,1.0,0.0
2,6,2025-01-20,0,4,1,0.0,0.0,0.0,0.0,1.0,1.0
2,6,2025-01-27,1,5,1,0.0,0.0,0.0,0.0,1.0,0.0
2,6,2025-02-03,0,6,2,1.0,0.0,0.0,0.25,0.0,0.0
2,6,2025-02-10,0,7,2,0.0,1.0,0.0,0.25,0.0,0.0
2,6,2025-02-17,0,8,2,0.0,0.0,0.0,0.25,0.0,0.0
2,6,2025-02-24,0,9,2,0.0,0.0,1.0,0.25,0.0,1.0
2,6,2025-03-03,1,10,3,0.0,0.0,0.0,0.0,1.0,0.0
2,6,2025-03-10,0,11,3,1.0,0.0,0.0,0.25,0.0,1.0
2,6,2025-03-17,1,12,3,0.0,1.0,0.0,0.25,4.0,0.0
2,6,2025-03-24,0,13,3,1.0,0.0,0.0,0.5,0.0,0.0
2,6,2025-03-31,0,14,3,0.0,1.0,1.0,0.5,0.0,2.0
2,6,2025-04-07,2,15,4,0.0,0.0,0.0,0.25,8.0,0.0
2,6,2025-04-14,0,16,4,2.0,0.0,1.0,0.75,0.0,2.0
2,6,2025-04-21,2,17,4,0.0,2.0,0.0,0.5,4.0,0.0
2,6,2025-04-28,0,18,4,2.0,0.0,0.0,1.0,0.0,0.0
2,6,2025-05-05,0,19,5,0.0,2.0,2.0,1.0,0.0,0.0
2,6,2025-05-12,0,20,5,0.0,0.0,0.0,0.5,0.0,0.0
2,6,2025-05-19,0,21,5,0.0,0.0,2.0,0.5,0.0,1.0
2,6,2025-05-26,1,22,5,0.0,0.0,0.0,0.0,1.0,2.0
2,6,2025-06-02,2,23,6,1.0,0.0,0.0,0.25,8.0,0.0
2,6,2025-06-09,0,24,6,2.0,1.0,0.0,0.75,0.0,0.0
2,6,2025-06-16,0,25,6,0.0,2.0,0.0,0.75,0.0,0.0
2,6,2025-06-23,0,26,6,0.0,0.0,1.0,0.75,0.0,0.0
2,6,2025-06-30,0,27,6,0.0,0.0,2.0,0.5,0.0,2.0
2,6,2025-07-07,2,28,7,0.0,0.0,0.0,0.0,1.0,0.0
2,6,2025-07-14,0,29,7,2.0,0.0,0.0,0.5,0.0,1.0
2,6,2025-07-21,1,30,7,0.0,2.0,0.0,0.5,2.0,0.0
2,6,2025-07-28,0,31,7,1.0,0.0,0.0,0.75,0.0,0.0
2,6,2025-08-04,0,32,8,0.0,1.0,2.0,0.75,0.0,0.0
2,6,2025-08-11,0,33,8,0.0,0.0,0.0,0.25,0.0,0.0
2,6,2025-08-18,0,34,8,0.0,0.0,1.0,0.25,0.0,0.0
2,6,2025-08-25,0,35,8,0.0,0.0,0.0,0.0,1.0,0.0
2,6,2025-09-01,0,36,9,0.0,0.0,0.0,0.0,1.0,0.0
2,6,2025-09-08,0,37,9,0.0,0.0,0.0,0.0,1.0,0.0
2,6,2025-09-15,0,38,9,0.0,0.0,0.0,0.0,1.0,2.0
2,6,2025-09-22,2,39,9,0.0,0.0,0.0,0.0,1.0,0.0
2,6,2025-09-29,0,40,9,2.0,0.0,0.0,0.5,0.0,0.0
2,6,2025-10-06,0,41,10,0.0,2.0,0.0,0.5,0.0,0.0
2,6,2025-10-13,0,42,10,0.0,0.0,0.0,0.5,0.0,0.0
2,6,2025-10-20,0,43,10,0.0,0.0,2.0,0.5,0.0,0.0
2,6,2025-10-27,0,44,10,0.0,0.0,0.0,0.0,1.0,0.0
2,6,2025-11-03,0,45,11,0.0,0.0,0.0,0.0,1.0,1.0
2,6,2025-11-10,1,46,11,0.0,0.0,0.0,0.0,1.0,0.0
2,6,2025-11-17,0,47,11,1.0,0.0,0.0,0.25,0.0,1.0
2,6,2025-11-24,1,48,11,0.0,1.0,0.0,0.25,4.0,1.0
2,6,2025-12-01,1,49,12,1.0,0.0,0.0,0.5,2.0,0.0
2,6,2025-12-08,0,50,12,1.0,1.0,1.0,0.75,0.0,0.0
2,6,2025-12-15,0,51,12,0.0,1.0,0.0,0.5,0.0,0.0
2,6,2025-12-22,0,52,12,0.0,0.0,1.0,0.5,0.0,0.0
2,6,2025-12-29,0,1,12,0.0,0.0,1.0,0.25,0.0,1.0
2,6,2026-01-05,1,2,1,0.0,0.0,0.0,0.0,1.0,0.0
2,6,2026-01-12,0,3,1,1.0,0.0,0.0,0.25,0.0,1.0
2,6,2026-01-19,1,4,1,0.0,1.0,0.0,0.25,4.0,0.0
2,6,2026-01-26,0,5,1,1.0,0.0,0.0,0.5,0.0,0.0
2,6,2026-02-02,0,6,2,0.0,1.0,1.0,0.5,0.0,1.0
2,6,2026-02-09,1,7,2,0.0,0.0,0.0,0.25,4.0,1.0
2,6,2026-02-16,1,8,2,1.0,0.0,1.0,0.5,2.0,0.0
2,6,2026-02-23,0,9,2,1.0,1.0,0.0,0.5,0.0,0.0
2,6,2026-03-02,0,10,3,0.0,1.0,0.0,0.5,0.0,0.0
2,6,2026-03-09,0,11,3,0.0,0.0,1.0,0.5,0.0,0.0
2,6,2026-03-16,0,12,3,0.0,0.0,1.0,0.25,0.0,0.0
2,6,2026-03-23,0,13,3,0.0,0.0,0.0,0.0,1.0,0.0
2,6,2026-03-30,0,14,3,0.0,0.0,0.0,0.0,1.0,0.0
2,6,2026-04-06,0,15,4,0.0,0.0,0.0,0.0,1.0,0.0
2,6,2026-04-13,0,16,4,0.0,0.0,0.0,0.0,1.0,0.0
2,6,2026-04-20,0,17,4,0.0,0.0,0.0,0.0,1.0,1.0
2,6,2026-04-27,1,18,4,0.0,0.0,0.0,0.0,1.0,0.0
2,6,2026-05-04,0,19,5,1.0,0.0,0.0,0.25,0.0,1.0
2,6,2026-05-11,1,20,5,0.0,1.0,0.0,0.25,4.0,1.0
2,6,2026-05-18,1,21,5,1.0,0.0,0.0,0.5,2.0,0.0
2,6,2026-05-25,0,22,5,1.0,1.0,1.0,0.75,0.0,3.0
2,6,2026-06-01,3,23,6,0.0,1.0,0.0,0.5,6.0,0.0
2,6,2026-06-08,0,24,6,3.0,0.0,1.0,1.25,0.0,0.0
2,6,2026-06-15,0,25,6,0.0,3.0,1.0,1.0,0.0,0.0
2,6,2026-06-22,0,26,6,0.0,0.0,0.0,0.75,0.0,0.0
2,7,2024-01-29,1,5,1,1.0,1.0,0.0,0.75,1.3333333333333333,1.0
2,7,2024-02-05,1,6,2,1.0,1.0,1.0,1.0,1.0,0.0
2,7,2024-02-12,0,7,2,1.0,1.0,1.0,1.0,0.0,0.0
2,7,2024-02-19,0,8,2,0.0,1.0,1.0,0.75,0.0,1.0
2,7,2024-02-26,1,9,2,0.0,0.0,1.0,0.5,2.0,0.0
2,7,2024-03-04,0,10,3,1.0,0.0,1.0,0.5,0.0,1.0
2,7,2024-03-11,1,11,3,0.0,1.0,0.0,0.25,4.0,1.0
2,7,2024-03-18,1,12,3,1.0,0.0,0.0,0.5,2.0,1.0
2,7,2024-03-25,1,13,3,1.0,1.0,1.0,0.75,1.3333333333333333,1.0
2,7,2024-04-01,1,14,4,1.0,1.0,0.0,0.75,1.3333333333333333,0.0
2,7,2024-04-08,0,15,4,1.0,1.0,1.0,1.0,0.0,1.0
2,7,2024-04-15,1,16,4,0.0,1.0,1.0,0.75,1.3333333333333333,1.0
2,7,2024-04-22,1,17,4,1.0,0.0,1.0,0.75,1.3333333333333333,2.0
2,7,2024-04-29,2,18,4,1.0,1.0,1.0,0.75,2.6666666666666665,1.0
2,7,2024-05-06,1,19,5,2.0,1.0,0.0,1.0,1.0,0.0
2,7,2024-05-13,0,20,5,1.0,2.0,1.0,1.25,0.0,0.0
2,7,2024-05-20,0,21,5,0.0,1.0,1.0,1.0,0.0,1.0
2,7,2024-05-27,1,22,5,0.0,0.0,2.0,0.75,1.3333333333333333,0.0
2,7,2024-06-03,0,23,6,1.0,0.0,1.0,0.5,0.0,0.0
2,7,2024-06-10,0,24,6,0.0,1.0,0.0,0.25,0.0,0.0
2,7,2024-06-17,0,25,6,0.0,0.0,0.0,0.25,0.0,2.0
2,7,2024-06-24,2,26,6,0.0,0.0,1.0,0.25,8.0,0.0
2,7,2024-07-01,0,27,7,2.0,0.0,0.0,0.5,0.0,0.0
2,7,2024-07-08,0,28,7,0.0,2.0,0.0,0.5,0.0,0.0
2,7,2024-07-15,0,29,7,0.0,0.0,0.0,0.5,0.0,3.0
2,7,2024-07-22,3,30,7,0.0,0.0,2.0,0.5,6.0,0.0
2,7,2024-07-29,0,31,7,3.0,0.0,0.0,0.75,0.0,0.0
2,7,2024-08-05,0,32,8,0.0,3.0,0.0,0.75,0.0,0.0
2,7,2024-08-12,0,33,8,0.0,0.0,0.0,0.75,0.0,0.0
2,7,2024-08-19,0,34,8,0.0,0.0,3.0,0.75,0.0,2.0
2,7,2024-08-26,2,35,8,0.0,0.0,0.0,0.0,1.0,0.0
2,7,2024-09-02,0,36,9,2.0,0.0,0.0,0.5,0.0,0.0
2,7,2024-09-09,0,37,9,0.0,2.0,0.0,0.5,0.0,0.0
2,7,2024-09-16,0,38,9,0.0,0.0,0.0,0.5,0.0,0.0
2,7,2024-09-23,0,39,9,0.0,0.0,2.0,0.5,0.0,0.0
2,7,2024-09-30,0,40,9,0.0,0.0,0.0,0.0,1.0,1.0
2,7,2024-10-07,1,41,10,0.0,0.0,0.0,0.0,1.0,2.0
2,7,2024-10-14,2,42,10,1.0,0.0,0.0,0.25,8.0,1.0
2,7,2024-10-21,1,43,10,2.0,1.0,0.0,0.75,1.3333333333333333,0.0
2,7,2024-10-28,0,44,10,1.0,2.0,0.0,1.0,0.0,2.0
2,7,2024-11-04,2,45,11,0.0,1.0,1.0,1.0,2.0,0.0
2,7,2024-11-11,0,46,11,2.0,0.0,2.0,1.25,0.0,0.0
2,7,2024-11-18,0,47,11,0.0,2.0,1.0,0.75,0.0,2.0
2,7,2024-11-25,2,48,11,0.0,0.0,0.0,0.5,4.0,0.0
2,7,2024-12-02,0,49,12,2.0,0.0,2.0,1.0,0.0,0.0
2,7,2024-12-09,0,50,12,0.0,2.0,0.0,0.5,0.0,1.0
2,7,2024-12-16,1,51,12,0.0,0.0,0.0,0.5,2.0,0.0
2,7,2024-12-23,0,52,12,1.0,0.0,2.0,0.75,0.0,0.0
2,7,2024-12-30,0,1,12,0.0,1.0,0.0,0.25,0.0,1.0
2,7,2025-01-06,1,2,1,0.0,0.0,0.0,0.25,4.0,0.0
2,7,2025-01-13,0,3,1,1.0,0.0,1.0,0.5,0.0,0.0
2,7,2025-01-20,0,4,1,0.0,1.0,0.0,0.25,0.0,1.0
2,7,2025-01-27,1,5,1,0.0,0.0,0.0,0.25,4.0,0.0
2,7,2025-02-03,0,6,2,1.0,0.0,1.0,0.5,0.0,1.0
2,7,2025-02-10,1,7,2,0.0,1.0,0.0,0.25,4.0,1.0
2,7,2025-02-17,1,8,2,1.0,0.0,0.0,0.5,2.0,0.0
2,7,2025-02-24,0,9,2,1.0,1.0,1.0,0.75,0.0,0.0
2,7,2025-03-03,0,10,3,0.0,1.0,0.0,0.5,0.0,0.0
2,7,2025-03-10,0,11,3,0.0,0.0,1.0,0.5,0.0,1.0
2,7,2025-03-17,1,12,3,0.0,0.0,1.0,0.25,4.0,0.0
2,7,2025-03-24,0,13,3,1.0,0.0,0.0,0.25,0.0,0.0
2,7,2025-03-31,0,14,3,0.0,1.0,0.0,0.25,0.0,0.0
2,7,2025-04-07,0,15,4,0.0,0.0,0.0,0.25,0.0,0.0
2,7,2025-04-14,0,16,4,0.0,0.0,1.0,0.25,0.0,2.0
2,7,2025-04-21,2,17,4,0.0,0.0,0.0,0.0,1.0,0.0
2,7,2025-04-28,0,18,4,2.0,0.0,0.0,0.5,0.0,0.0
2,7,2025-05-05,0,19,5,0.0,2.0,0.0,0.5,0.0,0.0
2,7,2025-05-12,0,20,5,0.0,0.0,0.0,0.5,0.0,1.0
2,7,2025-05-19,1,21,5,0.0,0.0,2.0,0.5,2.0,0.0
2,7,2025-05-26,0,22,5,1.0,0.0,0.0,0.25,0.0,0.0
2,7,2025-06-02,0,23,6,0.0,1.0,0.0,0.25,0.0,0.0
2,7,2025-06-09,0,24,6,0.0,0.0,0.0,0.25,0.0,1.0
2,7,2025-06-16,1,25,6,0.0,0.0,1.0,0.25,4.0,0.0
2,7,2025-06-23,0,26,6,1.0,0.0,0.0,0.25,0.0,1.0
2,7,2025-06-30,1,27,6,0.0,1.0,0.0,0.25,4.0,0.0
2,7,2025-07-07,0,28,7,1.0,0.0,0.0,0.5,0.0,0.0
2,7,2025-07-14,0,29,7,0.0,1.0,1.0,0.5,0.0,1.0
2,7,2025-07-21,1,30,7,0.0,0.0,0.0,0.25,4.0,0.0
2,7,2025-07-28,0,31,7,1.0,0.0,1.0,0.5,0.0,0.0
2,7,2025-08-04,0,32,8,0.0,1.0,0.0,0.25,0.0,0.0
2,7,2025-08-11,0,33,8,0.0,0.0,0.0,0.25,0.0,1.0
2,7,2025-08-18,1,34,8,0.0,0.0,1.0,0.25,4.0,0.0
2,7,2025-08-25,0,35,8,1.0,0.0,0.0,0.25,0.0,0.0
2,7,2025-09-01,0,36,9,0.0,1.0,0.0,0.25,0.0,0.0
2,7,2025-09-08,0,37,9,0.0,0.0,0.0,0.25,0.0,0.0
2,7,2025-09-15,0,38,9,0.0,0.0,1.0,0.25,0.0,0.0
2,7,2025-09-22,0,39,9,0.0,0.0,0.0,0.0,1.0,2.0
2,7,2025-09-29,2,40,9,0.0,0.0,0.0,0.0,1.0,1.0
2,7,2025-10-06,1,41,10,2.0,0.0,0.0,0.5,2.0,1.0
2,7,2025-10-13,1,42,10,1.0,2.0,0.0,0.75,1.3333333333333333,0.0
2,7,2025-10-20,0,43,10,1.0,1.0,0.0,1.0,0.0,1.0
2,7,2025-10-27,1,44,10,0.0,1.0,2.0,1.0,1.0,0.0
2,7,2025-11-03,0,45,11,1.0,0.0,1.0,0.75,0.0,0.0
2,7,2025-11-10,0,46,11,0.0,1.0,1.0,0.5,0.0,0.0
2,7,2025-11-17,0,47,11,0.0,0.0,0.0,0.25,0.0,0.0
2,7,2025-11-24,0,48,11,0.0,0.0,1.0,0.25,0.0,2.0
2,7,2025-12-01,2,49,12,0.0,0.0,0.0,0.0,1.0,1.0
2,7,2025-12-08,1,50,12,2.0,0.0,0.0,0.5,2.0,0.0
2,7,2025-12-15,0,51,12,1.0,2.0,0.0,0.75,0.0,0.0
2,7,2025-12-22,0,52,12,0.0,1.0,0.0,0.75,0.0,0.0
2,7,2025-12-29,0,1,12,0.0,0.0,2.0,0.75,0.0,0.0
2,7,2026-01-05,0,2,1,0.0,0.0,1.0,0.25,0.0,0.0
2,7,2026-01-12,0,3,1,0.0,0.0,0.0,0.0,1.0,0.0
2,7,2026-01-19,0,4,1,0.0,0.0,0.0,0.0,1.0,0.0
2,7,2026-01-26,0,5,1,0.0,0.0,0.0,0.0,1.0,1.0
2,7,2026-02-02,1,6,2,0.0,0.0,0.0,0.0,1.0,0.0
2,7,2026-02-09,0,7,2,1.0,0.0,0.0,0.25,0.0,0.0
2,7,2026-02-16,0,8,2,0.0,1.0,0.0,0.25,0.0,2.0
2,7,2026-02-23,2,9,2,0.0,0.0,0.0,0.25,8.0,0.0
2,7,2026-03-02,0,10,3,2.0,0.0,1.0,0.75,0.0,0.0
2,7,2026-03-09,0,11,3,0.0,2.0,0.0,0.5,0.0,0.0
2,7,2026-03-16,0,12,3,0.0,0.0,0.0,0.5,0.0,1.0
2,7,2026-03-23,1,13,3,0.0,0.0,2.0,0.5,2.0,3.0
2,7,2026-03-30,3,14,3,1.0,0.0,0.0,0.25,12.0,0.0
2,7,2026-04-06,0,15,4,3.0,1.0,0.0,1.0,0.0,1.0
2,7,2026-04-13,1,16,4,0.0,3.0,0.0,1.0,1.0,1.0
2,7,2026-04-20,1,17,4,1.0,0.0,1.0,1.25,0.8,0.0
2,7,2026-04-27,0,18,4,1.0,1.0,3.0,1.25,0.0,1.0
2,7,2026-05-04,1,19,5,0.0,1.0,0.0,0.5,2.0,1.0
2,7,2026-05-11,1,20,5,1.0,0.0,1.0,0.75,1.3333333333333333,0.0
2,7,2026-05-18,0,21,5,1.0,1.0,1.0,0.75,0.0,1.0
2,7,2026-05-25,1,22,5,0.0,1.0,0.0,0.5,2.0,1.0
2,7,2026-06-01,1,23,6,1.0,0.0,1.0,0.75,1.3333333333333333,0.0
2,7,2026-06-08,0,24,6,1.0,1.0,1.0,0.75,0.0,1.0
2,7,2026-06-15,1,25,6,0.0,1.0,0.0,0.5,2.0,0.0
2,7,2026-06-22,0,26,6,1.0,0.0,1.0,0.75,0.0,0.0
2,8,2024-01-29,10,5,1,11.0,10.0,5.0,8.75,1.1428571428571428,13.0
2,8,2024-02-05,13,6,2,10.0,11.0,9.0,10.0,1.3,15.0
2,8,2024-02-12,15,7,2,13.0,10.0,10.0,11.0,1.3636363636363635,5.0
2,8,2024-02-19,5,8,2,15.0,13.0,11.0,12.25,0.40816326530612246,14.0
2,8,2024-02-26,14,9,2,5.0,15.0,10.0,10.75,1.302325581395349,7.0
2,8,2024-03-04,7,10,3,14.0,5.0,13.0,11.75,0.5957446808510638,10.0
2,8,2024-03-11,10,11,3,7.0,14.0,15.0,10.25,0.975609756097561,20.0
2,8,2024-03-18,20,12,3,10.0,7.0,5.0,9.0,2.2222222222222223,3.0
2,8,2024-03-25,3,13,3,20.0,10.0,14.0,12.75,0.23529411764705882,12.0
2,8,2024-04-01,12,14,4,3.0,20.0,7.0,10.0,1.2,13.0
2,8,2024-04-08,13,15,4,12.0,3.0,10.0,11.25,1.1555555555555554,14.0
2,8,2024-04-15,14,16,4,13.0,12.0,20.0,12.0,1.1666666666666667,10.0
2,8,2024-04-22,10,17,4,14.0,13.0,3.0,10.5,0.9523809523809523,10.0
2,8,2024-04-29,10,18,4,10.0,14.0,12.0,12.25,0.8163265306122449,12.0
2,8,2024-05-06,12,19,5,10.0,10.0,13.0,11.75,1.0212765957446808,12.0
2,8,2024-05-13,12,20,5,12.0,10.0,14.0,11.5,1.0434782608695652,8.0
2,8,2024-05-20,8,21,5,12.0,12.0,10.0,11.0,0.7272727272727273,8.0
2,8,2024-05-27,8,22,5,8.0,12.0,10.0,10.5,0.7619047619047619,12.0
2,8,2024-06-03,12,23,6,8.0,8.0,12.0,10.0,1.2,13.0
2,8,2024-06-10,13,24,6,12.0,8.0,12.0,10.0,1.3,12.0
2,8,2024-06-17,12,25,6,13.0,12.0,8.0,10.25,1.170731707317073,13.0
2,8,2024-06-24,13,26,6,12.0,13.0,8.0,11.25,1.1555555555555554,10.0
2,8,2024-07-01,10,27,7,13.0,12.0,12.0,12.5,0.8,11.0
2,8,2024-07-08,11,28,7,10.0,13.0,13.0,12.0,0.9166666666666666,15.0
2,8,2024-07-15,15,29,7,11.0,10.0,12.0,11.5,1.3043478260869565,9.0
2,8,2024-07-22,9,30,7,15.0,11.0,13.0,12.25,0.7346938775510204,11.0
2,8,2024-07-29,11,31,7,9.0,15.0,10.0,11.25,0.9777777777777777,10.0
2,8,2024-08-05,10,32,8,11.0,9.0,11.0,11.5,0.8695652173913043,11.0
2,8,2024-08-12,11,33,8,10.0,11.0,15.0,11.25,0.9777777777777777,11.0
2,8,2024-08-19,11,34,8,11.0,10.0,9.0,10.25,1.0731707317073171,10.0
2,8,2024-08-26,10,35,8,11.0,11.0,11.0,10.75,0.9302325581395349,12.0
2,8,2024-09-02,12,36,9,10.0,11.0,10.0,10.5,1.1428571428571428,9.0
2,8,2024-09-09,9,37,9,12.0,10.0,11.0,11.0,0.8181818181818182,7.0
2,8,2024-09-16,7,38,9,9.0,12.0,11.0,10.5,0.6666666666666666,12.0
2,8,2024-09-23,12,39,9,7.0,9.0,10.0,9.5,1.263157894736842,17.0
2,8,2024-09-30,17,40,9,12.0,7.0,12.0,10.0,1.7,13.0
2,8,2024-10-07,13,41,10,17.0,12.0,9.0,11.25,1.1555555555555554,10.0
2,8,2024-10-14,10,42,10,13.0,17.0,7.0,12.25,0.8163265306122449,13.0
2,8,2024-10-21,13,43,10,10.0,13.0,12.0,13.0,1.0,10.0
2,8,2024-10-28,10,44,10,13.0,10.0,17.0,13.25,0.7547169811320755,9.0
2,8,2024-11-04,9,45,11,10.0,13.0,13.0,11.5,0.782608695652174,9.0
2,8,2024-11-11,9,46,11,9.0,10.0,10.0,10.5,0.8571428571428571,11.0
2,8,2024-11-18,11,47,11,9.0,9.0,13.0,10.25,1.0731707317073171,5.0
2,8,2024-11-25,5,48,11,11.0,9.0,10.0,9.75,0.5128205128205128,14.0
2,8,2024-12-02,14,49,12,5.0,11.0,9.0,8.5,1.6470588235294117,8.0
2,8,2024-12-09,8,50,12,14.0,5.0,9.0,9.75,0.8205128205128205,9.0
2,8,2024-12-16,9,51,12,8.0,14.0,11.0,9.5,0.9473684210526315,11.0
2,8,2024-12-23,11,52,12,9.0,8.0,5.0,9.0,1.2222222222222223,14.0
2,8,2024-12-30,14,1,12,11.0,9.0,14.0,10.5,1.3333333333333333,4.0
2,8,2025-01-06,4,2,1,14.0,11.0,8.0,10.5,0.38095238095238093,9.0
2,8,2025-01-13,9,3,1,4.0,14.0,9.0,9.5,0.9473684210526315,10.0
2,8,2025-01-20,10,4,1,9.0,4.0,11.0,9.5,1.0526315789473684,10.0
2,8,2025-01-27,10,5,1,10.0,9.0,14.0,9.25,1.0810810810810811,16.0
2,8,2025-02-03,16,6,2,10.0,10.0,4.0,8.25,1.9393939393939394,16.0
2,8,2025-02-10,16,7,2,16.0,10.0,9.0,11.25,1.4222222222222223,7.0
2,8,2025-02-17,7,8,2,16.0,16.0,10.0,13.0,0.5384615384615384,8.0
2,8,2025-02-24,8,9,2,7.0,16.0,10.0,12.25,0.6530612244897959,11.0
2,8,2025-03-03,11,10,3,8.0,7.0,16.0,11.75,0.9361702127659575,9.0
2,8,2025-03-10,9,11,3,11.0,8.0,16.0,10.5,0.8571428571428571,9.0
2,8,2025-03-17,9,12,3,9.0,11.0,7.0,8.75,1.0285714285714285,10.0
2,8,2025-03-24,10,13,3,9.0,9.0,8.0,9.25,1.0810810810810811,7.0
2,8,2025-03-31,7,14,3,10.0,9.0,11.0,9.75,0.717948717948718,11.0
2,8,2025-04-07,11,15,4,7.0,10.0,9.0,8.75,1.2571428571428571,8.0
2,8,2025-04-14,8,16,4,11.0,7.0,9.0,9.25,0.8648648648648649,8.0
2,8,2025-04-21,8,17,4,8.0,11.0,10.0,9.0,0.8888888888888888,16.0
2,8,2025-04-28,16,18,4,8.0,8.0,7.0,8.5,1.8823529411764706,9.0
2,8,2025-05-05,9,19,5,16.0,8.0,11.0,10.75,0.8372093023255814,7.0
2,8,2025-05-12,7,20,5,9.0,16.0,8.0,10.25,0.6829268292682927,8.0
2,8,2025-05-19,8,21,5,7.0,9.0,8.0,10.0,0.8,11.0
2,8,2025-05-26,11,22,5,8.0,7.0,16.0,10.0,1.1,7.0
2,8,2025-06-02,7,23,6,11.0,8.0,9.0,8.75,0.8,11.0
2,8,2025-06-09,11,24,6,7.0,11.0,7.0,8.25,1.3333333333333333,6.0
2,8,2025-06-16,6,25,6,11.0,7.0,8.0,9.25,0.6486486486486487,7.0
2,8,2025-06-23,7,26,6,6.0,11.0,11.0,8.75,0.8,10.0
2,8,2025-06-30,10,27,6,7.0,6.0,7.0,7.75,1.2903225806451613,15.0
2,8,2025-07-07,15,28,7,10.0,7.0,11.0,8.5,1.7647058823529411,10.0
2,8,2025-07-14,10,29,7,15.0,10.0,6.0,9.5,1.0526315789473684,13.0
2,8,2025-07-21,13,30,7,10.0,15.0,7.0,10.5,1.2380952380952381,9.0
2,8,2025-07-28,9,31,7,13.0,10.0,10.0,12.0,0.75,12.0
2,8,2025-08-04,12,32,8,9.0,13.0,15.0,11.75,1.0212765957446808,8.0
2,8,2025-08-11,8,33,8,12.0,9.0,10.0,11.0,0.7272727272727273,13.0
2,8,2025-08-18,13,34,8,8.0,12.0,13.0,10.5,1.2380952380952381,15.0
2,8,2025-08-25,15,35,8,13.0,8.0,9.0,10.5,1.4285714285714286,9.0
2,8,2025-09-01,9,36,9,15.0,13.0,12.0,12.0,0.75,9.0
2,8,2025-09-08,9,37,9,9.0,15.0,8.0,11.25,0.8,4.0
2,8,2025-09-15,4,38,9,9.0,9.0,13.0,11.5,0.34782608695652173,7.0
2,8,2025-09-22,7,39,9,4.0,9.0,15.0,9.25,0.7567567567567568,10.0
2,8,2025-09-29,10,40,9,7.0,4.0,9.0,7.25,1.3793103448275863,9.0
2,8,2025-10-06,9,41,10,10.0,7.0,9.0,7.5,1.2,12.0
2,8,2025-10-13,12,42,10,9.0,10.0,4.0,7.5,1.6,9.0
2,8,2025-10-20,9,43,10,12.0,9.0,7.0,9.5,0.9473684210526315,17.0
2,8,2025-10-27,17,44,10,9.0,12.0,10.0,10.0,1.7,10.0
2,8,2025-11-03,10,45,11,17.0,9.0,9.0,11.75,0.851063829787234,9.0
2,8,2025-11-10,9,46,11,10.0,17.0,12.0,12.0,0.75,13.0
2,8,2025-11-17,13,47,11,9.0,10.0,9.0,11.25,1.1555555555555554,10.0
2,8,2025-11-24,10,48,11,13.0,9.0,17.0,12.25,0.8163265306122449,10.0
2,8,2025-12-01,10,49,12,10.0,13.0,10.0,10.5,0.9523809523809523,13.0
2,8,2025-12-08,13,50,12,10.0,10.0,9.0,10.5,1.2380952380952381,8.0
2,8,2025-12-15,8,51,12,13.0,10.0,13.0,11.5,0.6956521739130435,6.0
2,8,2025-12-22,6,52,12,8.0,13.0,10.0,10.25,0.5853658536585366,14.0
2,8,2025-12-29,14,1,12,6.0,8.0,10.0,9.25,1.5135135135135136,8.0
2,8,2026-01-05,8,2,1,14.0,6.0,13.0,10.25,0.7804878048780488,9.0
2,8,2026-01-12,9,3,1,8.0,14.0,8.0,9.0,1.0,11.0
2,8,2026-01-19,11,4,1,9.0,8.0,6.0,9.25,1.1891891891891893,3.0
2,8,2026-01-26,3,5,1,11.0,9.0,14.0,10.5,0.2857142857142857,8.0
2,8,2026-02-02,8,6,2,3.0,11.0,8.0,7.75,1.032258064516129,11.0
2,8,2026-02-09,11,7,2,8.0,3.0,9.0,7.75,1.4193548387096775,18.0
2,8,2026-02-16,18,8,2,11.0,8.0,11.0,8.25,2.1818181818181817,8.0
2,8,2026-02-23,8,9,2,18.0,11.0,3.0,10.0,0.8,11.0
2,8,2026-03-02,11,10,3,8.0,18.0,8.0,11.25,0.9777777777777777,5.0
2,8,2026-03-09,5,11,3,11.0,8.0,11.0,12.0,0.4166666666666667,6.0
2,8,2026-03-16,6,12,3,5.0,11.0,18.0,10.5,0.5714285714285714,10.0
2,8,2026-03-23,10,13,3,6.0,5.0,8.0,7.5,1.3333333333333333,7.0
2,8,2026-03-30,7,14,3,10.0,6.0,11.0,8.0,0.875,10.0
2,8,2026-04-06,10,15,4,7.0,10.0,5.0,7.0,1.4285714285714286,10.0
2,8,2026-04-13,10,16,4,10.0,7.0,6.0,8.25,1.2121212121212122,12.0
2,8,2026-04-20,12,17,4,10.0,10.0,10.0,9.25,1.2972972972972974,6.0
2,8,2026-04-27,6,18,4,12.0,10.0,7.0,9.75,0.6153846153846154,8.0
2,8,2026-05-04,8,19,5,6.0,12.0,10.0,9.5,0.8421052631578947,9.0
2,8,2026-05-11,9,20,5,8.0,6.0,10.0,9.0,1.0,13.0
2,8,2026-05-18,13,21,5,9.0,8.0,12.0,8.75,1.4857142857142858,8.0
2,8,2026-05-25,8,22,5,13.0,9.0,6.0,9.0,0.8888888888888888,11.0
2,8,2026-06-01,11,23,6,8.0,13.0,8.0,9.5,1.1578947368421053,4.0
2,8,2026-06-08,4,24,6,11.0,8.0,9.0,10.25,0.3902439024390244,12.0
2,8,2026-06-15,12,25,6,4.0,11.0,13.0,9.0,1.3333333333333333,6.0
2,8,2026-06-22,6,26,6,12.0,4.0,8.0,8.75,0.6857142857142857,3.0
2,9,2024-01-29,0,5,1,0.0,1.0,0.0,0.25,0.0,1.0
2,9,2024-02-05,1,6,2,0.0,0.0,0.0,0.25,4.0,0.0
2,9,2024-02-12,0,7,2,1.0,0.0,1.0,0.5,0.0,0.0
2,9,2024-02-19,0,8,2,0.0,1.0,0.0,0.25,0.0,0.0
2,9,2024-02-26,0,9,2,0.0,0.0,0.0,0.25,0.0,0.0
2,9,2024-03-04,0,10,3,0.0,0.0,1.0,0.25,0.0,0.0
2,9,2024-03-11,0,11,3,0.0,0.0,0.0,0.0,1.0,0.0
2,9,2024-03-18,0,12,3,0.0,0.0,0.0,0.0,1.0,0.0
2,9,2024-03-25,0,13,3,0.0,0.0,0.0,0.0,1.0,0.0
2,9,2024-04-01,0,14,4,0.0,0.0,0.0,0.0,1.0,0.0
2,9,2024-04-08,0,15,4,0.0,0.0,0.0,0.0,1.0,0.0
2,9,2024-04-15,0,16,4,0.0,0.0,0.0,0.0,1.0,0.0
2,9,2024-04-22,0,17,4,0.0,0.0,0.0,0.0,1.0,0.0
2,9,2024-04-29,0,18,4,0.0,0.0,0.0,0.0,1.0,1.0
2,9,2024-05-06,1,19,5,0.0,0.0,0.0,0.0,1.0,1.0
2,9,2024-05-13,1,20,5,1.0,0.0,0.0,0.25,4.0,0.0
2,9,2024-05-20,0,21,5,1.0,1.0,0.0,0.5,0.0,0.0
2,9,2024-05-27,0,22,5,0.0,1.0,0.0,0.5,0.0,1.0
2,9,2024-06-03,1,23,6,0.0,0.0,1.0,0.5,2.0,0.0
2,9,2024-06-10,0,24,6,1.0,0.0,1.0,0.5,0.0,1.0
2,9,2024-06-17,1,25,6,0.0,1.0,0.0,0.25,4.0,2.0
2,9,2024-06-24,2,26,6,1.0,0.0,0.0,0.5,4.0,1.0
2,9,2024-07-01,1,27,7,2.0,1.0,1.0,1.0,1.0,0.0
2,9,2024-07-08,0,28,7,1.0,2.0,0.0,1.0,0.0,0.0
2,9,2024-07-15,0,29,7,0.0,1.0,1.0,1.0,0.0,0.0
2,9,2024-07-22,0,30,7,0.0,0.0,2.0,0.75,0.0,1.0
2,9,2024-07-29,1,31,7,0.0,0.0,1.0,0.25,4.0,0.0
2,9,2024-08-05,0,32,8,1.0,0.0,0.0,0.25,0.0,1.0
2,9,2024-08-12,1,33,8,0.0,1.0,0.0,0.25,4.0,0.0
2,9,2024-08-19,0,34,8,1.0,0.0,0.0,0.5,0.0,0.0
2,9,2024-08-26,0,35,8,0.0,1.0,1.0,0.5,0.0,2.0
2,9,2024-09-02,2,36,9,0.0,0.0,0.0,0.25,8.0,0.0
2,9,2024-09-09,0,37,9,2.0,0.0,1.0,0.75,0.0,1.0
2,9,2024-09-16,1,38,9,0.0,2.0,0.0,0.5,2.0,1.0
2,9,2024-09-23,1,39,9,1.0,0.0,0.0,0.75,1.3333333333333333,0.0
2,9,2024-09-30,0,40,9,1.0,1.0,2.0,1.0,0.0,0.0
2,9,2024-10-07,0,41,10,0.0,1.0,0.0,0.5,0.0,0.0
2,9,2024-10-14,0,42,10,0.0,0.0,1.0,0.5,0.0,2.0
2,9,2024-10-21,2,43,10,0.0,0.0,1.0,0.25,8.0,0.0
2,9,2024-10-28,0,44,10,2.0,0.0,0.0,0.5,0.0,0.0
2,9,2024-11-04,0,45,11,0.0,2.0,0.0,0.5,0.0,2.0
2,9,2024-11-11,2,46,11,0.0,0.0,0.0,0.5,4.0,0.0
2,9,2024-11-18,0,47,11,2.0,0.0,2.0,1.0,0.0,0.0
2,9,2024-11-25,0,48,11,0.0,2.0,0.0,0.5,0.0,0.0
2,9,2024-12-02,0,49,12,0.0,0.0,0.0,0.5,0.0,0.0
2,9,2024-12-09,0,50,12,0.0,0.0,2.0,0.5,0.0,1.0
2,9,2024-12-16,1,51,12,0.0,0.0,0.0,0.0,1.0,0.0
2,9,2024-12-23,0,52,12,1.0,0.0,0.0,0.25,0.0,0.0
2,9,2024-12-30,0,1,12,0.0,1.0,0.0,0.25,0.0,0.0
2,9,2025-01-06,0,2,1,0.0,0.0,0.0,0.25,0.0,1.0
2,9,2025-01-13,1,3,1,0.0,0.0,1.0,0.25,4.0,1.0
2,9,2025-01-20,1,4,1,1.0,0.0,0.0,0.25,4.0,2.0
2,9,2025-01-27,2,5,1,1.0,1.0,0.0,0.5,4.0,0.0
2,9,2025-02-03,0,6,2,2.0,1.0,0.0,1.0,0.0,2.0
2,9,2025-02-10,2,7,2,0.0,2.0,1.0,1.0,2.0,2.0
2,9,2025-02-17,2,8,2,2.0,0.0,1.0,1.25,1.6,0.0
2,9,2025-02-24,0,9,2,2.0,2.0,2.0,1.5,0.0,0.0
2,9,2025-03-03,0,10,3,0.0,2.0,0.0,1.0,0.0,0.0
2,9,2025-03-10,0,11,3,0.0,0.0,2.0,1.0,0.0,1.0
2,9,2025-03-17,1,12,3,0.0,0.0,2.0,0.5,2.0,0.0
2,9,2025-03-24,0,13,3,1.0,0.0,0.0,0.25,0.0,0.0
2,9,2025-03-31,0,14,3,0.0,1.0,0.0,0.25,0.0,0.0
2,9,2025-04-07,0,15,4,0.0,0.0,0.0,0.25,0.0,0.0
2,9,2025-04-14,0,16,4,0.0,0.0,1.0,0.25,0.0,0.0
2,9,2025-04-21,0,17,4,0.0,0.0,0.0,0.0,1.0,1.0
2,9,2025-04-28,1,18,4,0.0,0.0,0.0,0.0,1.0,1.0
2,9,2025-05-05,1,19,5,1.0,0.0,0.0,0.25,4.0,0.0
2,9,2025-05-12,0,20,5,1.0,1.0,0.0,0.5,0.0,0.0
2,9,2025-05-19,0,21,5,0.0,1.0,0.0,0.5,0.0,0.0
2,9,2025-05-26,0,22,5,0.0,0.0,1.0,0.5,0.0,0.0
2,9,2025-06-02,0,23,6,0.0,0.0,1.0,0.25,0.0,0.0
2,9,2025-06-09,0,24,6,0.0,0.0,0.0,0.0,1.0,1.0
2,9,2025-06-16,1,25,6,0.0,0.0,0.0,0.0,1.0,2.0
2,9,2025-06-23,2,26,6,1.0,0.0,0.0,0.25,8.0,0.0
2,9,2025-06-30,0,27,6,2.0,1.0,0.0,0.75,0.0,1.0
2,9,2025-07-07,1,28,7,0.0,2.0,0.0,0.75,1.3333333333333333,0.0
2,9,2025-07-14,0,29,7,1.0,0.0,1.0,1.0,0.0,0.0
2,9,2025-07-21,0,30,7,0.0,1.0,2.0,0.75,0.0,0.0
2,9,2025-07-28,0,31,7,0.0,0.0,0.0,0.25,0.0,1.0
2,9,2025-08-04,1,32,8,0.0,0.0,1.0,0.25,4.0,0.0
2,9,2025-08-11,0,33,8,1.0,0.0,0.0,0.25,0.0,0.0
2,9,2025-08-18,0,34,8,0.0,1.0,0.0,0.25,0.0,0.0
2,9,2025-08-25,0,35,8,0.0,0.0,0.0,0.25,0.0,1.0
2,9,2025-09-01,1,36,9,0.0,0.0,1.0,0.25,4.0,0.0
2,9,2025-09-08,0,37,9,1.0,0.0,0.0,0.25,0.0,0.0
2,9,2025-09-15,0,38,9,0.0,1.0,0.0,0.25,0.0,0.0
2,9,2025-09-22,0,39,9,0.0,0.0,0.0,0.25,0.0,0.0
2,9,2025-09-29,0,40,9,0.0,0.0,1.0,0.25,0.0,1.0
2,9,2025-10-06,1,41,10,0.0,0.0,0.0,0.0,1.0,0.0
2,9,2025-10-13,0,42,10,1.0,0.0,0.0,0.25,0.0,2.0
2,9,2025-10-20,2,43,10,0.0,1.0,0.0,0.25,8.0,0.0
2,9,2025-10-27,0,44,10,2.0,0.0,0.0,0.75,0.0,0.0
2,9,2025-11-03,0,45,11,0.0,2.0,1.0,0.75,0.0,0.0
2,9,2025-11-10,0,46,11,0.0,0.0,0.0,0.5,0.0,0.0
2,9,2025-11-17,0,47,11,0.0,0.0,2.0,0.5,0.0,1.0
2,9,2025-11-24,1,48,11,0.0,0.0,0.0,0.0,1.0,0.0
2,9,2025-12-01,0,49,12,1.0,0.0,0.0,0.25,0.0,0.0
2,9,2025-12-08,0,50,12,0.0,1.0,0.0,0.25,0.0,0.0
2,9,2025-12-15,0,51,12,0.0,0.0,0.0,0.25,0.0,1.0
2,9,2025-12-22,1,52,12,0.0,0.0,1.0,0.25,4.0,0.0
2,9,2025-12-29,0,1,12,1.0,0.0,0.0,0.25,0.0,0.0
2,9,2026-01-05,0,2,1,0.0,1.0,0.0,0.25,0.0,0.0
2,9,2026-01-12,0,3,1,0.0,0.0,0.0,0.25,0.0,2.0
2,9,2026-01-19,2,4,1,0.0,0.0,1.0,0.25,8.0,0.0
2,9,2026-01-26,0,5,1,2.0,0.0,0.0,0.5,0.0,1.0
2,9,2026-02-02,1,6,2,0.0,2.0,0.0,0.5,2.0,0.0
2,9,2026-02-09,0,7,2,1.0,0.0,0.0,0.75,0.0,0.0
2,9,2026-02-16,0,8,2,0.0,1.0,2.0,0.75,0.0,1.0
2,9,2026-02-23,1,9,2,0.0,0.0,0.0,0.25,4.0,1.0
2,9,2026-03-02,1,10,3,1.0,0.0,1.0,0.5,2.0,0.0
2,9,2026-03-09,0,11,3,1.0,1.0,0.0,0.5,0.0,1.0
2,9,2026-03-16,1,12,3,0.0,1.0,0.0,0.5,2.0,0.0
2,9,2026-03-23,0,13,3,1.0,0.0,1.0,0.75,0.0,0.0
2,9,2026-03-30,0,14,3,0.0,1.0,1.0,0.5,0.0,0.0
2,9,2026-04-06,0,15,4,0.0,0.0,0.0,0.25,0.0,0.0
2,9,2026-04-13,0,16,4,0.0,0.0,1.0,0.25,0.0,2.0
2,9,2026-04-20,2,17,4,0.0,0.0,0.0,0.0,1.0,0.0
2,9,2026-04-27,0,18,4,2.0,0.0,0.0,0.5,0.0,1.0
2,9,2026-05-04,1,19,5,0.0,2.0,0.0,0.5,2.0,0.0
2,9,2026-05-11,0,20,5,1.0,0.0,0.0,0.75,0.0,0.0
2,9,2026-05-18,0,21,5,0.0,1.0,2.0,0.75,0.0,0.0
2,9,2026-05-25,0,22,5,0.0,0.0,0.0,0.25,0.0,1.0
2,9,2026-06-01,1,23,6,0.0,0.0,1.0,0.25,4.0,0.0
2,9,2026-06-08,0,24,6,1.0,0.0,0.0,0.25,0.0,0.0
2,9,2026-06-15,0,25,6,0.0,1.0,0.0,0.25,0.0,0.0
2,9,2026-06-22,0,26,6,0.0,0.0,0.0,0.25,0.0,0.0
2,10,2024-01-29,1,5,1,1.0,1.0,1.0,0.75,1.3333333333333333,0.0
2,10,2024-02-05,0,6,2,1.0,1.0,0.0,0.75,0.0,0.0
2,10,2024-02-12,0,7,2,0.0,1.0,1.0,0.75,0.0,0.0
2,10,2024-02-19,0,8,2,0.0,0.0,1.0,0.5,0.0,0.0
2,10,2024-02-26,0,9,2,0.0,0.0,1.0,0.25,0.0,0.0
2,10,2024-03-04,0,10,3,0.0,0.0,0.0,0.0,1.0,0.0
2,10,2024-03-11,0,11,3,0.0,0.0,0.0,0.0,1.0,1.0
2,10,2024-03-18,1,12,3,0.0,0.0,0.0,0.0,1.0,0.0
2,10,2024-03-25,0,13,3,1.0,0.0,0.0,0.25,0.0,1.0
2,10,2024-04-01,1,14,4,0.0,1.0,0.0,0.25,4.0,1.0
2,10,2024-04-08,1,15,4,1.0,0.0,0.0,0.5,2.0,0.0
2,10,2024-04-15,0,16,4,1.0,1.0,1.0,0.75,0.0,0.0
2,10,2024-04-22,0,17,4,0.0,1.0,0.0,0.5,0.0,2.0
2,10,2024-04-29,2,18,4,0.0,0.0,1.0,0.5,4.0,0.0
2,10,2024-05-06,0,19,5,2.0,0.0,1.0,0.75,0.0,0.0
2,10,2024-05-13,0,20,5,0.0,2.0,0.0,0.5,0.0,0.0
2,10,2024-05-20,0,21,5,0.0,0.0,0.0,0.5,0.0,1.0
2,10,2024-05-27,1,22,5,0.0,0.0,2.0,0.5,2.0,0.0
2,10,2024-06-03,0,23,6,1.0,0.0,0.0,0.25,0.0,0.0
2,10,2024-06-10,0,24,6,0.0,1.0,0.0,0.25,0.0,0.0
2,10,2024-06-17,0,25,6,0.0,0.0,0.0,0.25,0.0,0.0
2,10,2024-06-24,0,26,6,0.0,0.0,1.0,0.25,0.0,1.0
2,10,2024-07-01,1,27,7,0.0,0.0,0.0,0.0,1.0,1.0
2,10,2024-07-08,1,28,7,1.0,0.0,0.0,0.25,4.0,1.0
2,10,2024-07-15,1,29,7,1.0,1.0,0.0,0.5,2.0,0.0
2,10,2024-07-22,0,30,7,1.0,1.0,0.0,0.75,0.0,0.0
2,10,2024-07-29,0,31,7,0.0,1.0,1.0,0.75,0.0,0.0
2,10,2024-08-05,0,32,8,0.0,0.0,1.0,0.5,0.0,0.0
2,10,2024-08-12,0,33,8,0.0,0.0,1.0,0.25,0.0,0.0
2,10,2024-08-19,0,34,8,0.0,0.0,0.0,0.0,1.0,1.0
2,10,2024-08-26,1,35,8,0.0,0.0,0.0,0.0,1.0,0.0
2,10,2024-09-02,0,36,9,1.0,0.0,0.0,0.25,0.0,1.0
2,10,2024-09-09,1,37,9,0.0,1.0,0.0,0.25,4.0,0.0
2,10,2024-09-16,0,38,9,1.0,0.0,0.0,0.5,0.0,2.0
2,10,2024-09-23,2,39,9,0.0,1.0,1.0,0.5,4.0,1.0
2,10,2024-09-30,1,40,9,2.0,0.0,0.0,0.75,1.3333333333333333,0.0
2,10,2024-10-07,0,41,10,1.0,2.0,1.0,1.0,0.0,0.0
2,10,2024-10-14,0,42,10,0.0,1.0,0.0,0.75,0.0,1.0
2,10,2024-10-21,1,43,10,0.0,0.0,2.0,0.75,1.3333333333333333,1.0
2,10,2024-10-28,1,44,10,1.0,0.0,1.0,0.5,2.0,1.0
2,10,2024-11-04,1,45,11,1.0,1.0,0.0,0.5,2.0,0.0
2,10,2024-11-11,0,46,11,1.0,1.0,0.0,0.75,0.0,1.0
2,10,2024-11-18,1,47,11,0.0,1.0,1.0,0.75,1.3333333333333333,0.0
2,10,2024-11-25,0,48,11,1.0,0.0,1.0,0.75,0.0,1.0
2,10,2024-12-02,1,49,12,0.0,1.0,1.0,0.5,2.0,1.0
2,10,2024-12-09,1,50,12,1.0,0.0,0.0,0.5,2.0,1.0
2,10,2024-12-16,1,51,12,1.0,1.0,1.0,0.75,1.3333333333333333,1.0
2,10,2024-12-23,1,52,12,1.0,1.0,0.0,0.75,1.3333333333333333,0.0
2,10,2024-12-30,0,1,12,1.0,1.0,1.0,1.0,0.0,0.0
2,10,2025-01-06,0,2,1,0.0,1.0,1.0,0.75,0.0,1.0
2,10,2025-01-13,1,3,1,0.0,0.0,1.0,0.5,2.0,0.0
2,10,2025-01-20,0,4,1,1.0,0.0,1.0,0.5,0.0,0.0
2,10,2025-01-27,0,5,1,0.0,1.0,0.0,0.25,0.0,0.0
2,10,2025-02-03,0,6,2,0.0,0.0,0.0,0.25,0.0,1.0
2,10,2025-02-10,1,7,2,0.0,0.0,1.0,0.25,4.0,0.0
2,10,2025-02-17,0,8,2,1.0,0.0,0.0,0.25,0.0,0.0
2,10,2025-02-24,0,9,2,0.0,1.0,0.0,0.25,0.0,0.0
2,10,2025-03-03,0,10,3,0.0,0.0,0.0,0.25,0.0,0.0
2,10,2025-03-10,0,11,3,0.0,0.0,1.0,0.25,0.0,2.0
2,10,2025-03-17,2,12,3,0.0,0.0,0.0,0.0,1.0,0.0
2,10,2025-03-24,0,13,3,2.0,0.0,0.0,0.5,0.0,1.0
2,10,2025-03-31,1,14,3,0.0,2.0,0.0,0.5,2.0,1.0
2,10,2025-04-07,1,15,4,1.0,0.0,0.0,0.75,1.3333333333333333,0.0
2,10,2025-04-14,0,16,4,1.0,1.0,2.0,1.0,0.0,0.0
2,10,2025-04-21,0,17,4,0.0,1.0,0.0,0.5,0.0,2.0
2,10,2025-04-28,2,18,4,0.0,0.0,1.0,0.5,4.0,1.0
2,10,2025-05-05,1,19,5,2.0,0.0,1.0,0.75,1.3333333333333333,1.0
2,10,2025-05-12,1,20,5,1.0,2.0,0.0,0.75,1.3333333333333333,0.0
2,10,2025-05-19,0,21,5,1.0,1.0,0.0,1.0,0.0,2.0
2,10,2025-05-26,2,22,5,0.0,1.0,2.0,1.0,2.0,0.0
2,10,2025-06-02,0,23,6,2.0,0.0,1.0,1.0,0.0,0.0
2,10,2025-06-09,0,24,6,0.0,2.0,1.0,0.75,0.0,1.0
2,10,2025-06-16,1,25,6,0.0,0.0,0.0,0.5,2.0,1.0
2,10,2025-06-23,1,26,6,1.0,0.0,2.0,0.75,1.3333333333333333,0.0
2,10,2025-06-30,0,27,6,1.0,1.0,0.0,0.5,0.0,1.0
2,10,2025-07-07,1,28,7,0.0,1.0,0.0,0.5,2.0,2.0
2,10,2025-07-14,2,29,7,1.0,0.0,1.0,0.75,2.6666666666666665,0.0
2,10,2025-07-21,0,30,7,2.0,1.0,1.0,1.0,0.0,0.0
2,10,2025-07-28,0,31,7,0.0,2.0,0.0,0.75,0.0,1.0
2,10,2025-08-04,1,32,8,0.0,0.0,1.0,0.75,1.3333333333333333,0.0
2,10,2025-08-11,0,33,8,1.0,0.0,2.0,0.75,0.0,0.0
2,10,2025-08-18,0,34,8,0.0,1.0,0.0,0.25,0.0,0.0
2,10,2025-08-25,0,35,8,0.0,0.0,0.0,0.25,0.0,0.0
2,10,2025-09-01,0,36,9,0.0,0.0,1.0,0.25,0.0,0.0
2,10,2025-09-08,0,37,9,0.0,0.0,0.0,0.0,1.0,0.0
2,10,2025-09-15,0,38,9,0.0,0.0,0.0,0.0,1.0,1.0
2,10,2025-09-22,1,39,9,0.0,0.0,0.0,0.0,1.0,0.0
2,10,2025-09-29,0,40,9,1.0,0.0,0.0,0.25,0.0,1.0
2,10,2025-10-06,1,41,10,0.0,1.0,0.0,0.25,4.0,0.0
2,10,2025-10-13,0,42,10,1.0,0.0,0.0,0.5,0.0,1.0
2,10,2025-10-20,1,43,10,0.0,1.0,1.0,0.5,2.0,2.0
2,10,2025-10-27,2,44,10,1.0,0.0,0.0,0.5,4.0,2.0
2,10,2025-11-03,2,45,11,2.0,1.0,1.0,1.0,2.0,2.0
2,10,2025-11-10,2,46,11,2.0,2.0,0.0,1.25,1.6,0.0
2,10,2025-11-17,0,47,11,2.0,2.0,1.0,1.75,0.0,1.0
2,10,2025-11-24,1,48,11,0.0,2.0,2.0,1.5,0.6666666666666666,0.0
2,10,2025-12-01,0,49,12,1.0,0.0,2.0,1.25,0.0,0.0
2,10,2025-12-08,0,50,12,0.0,1.0,2.0,0.75,0.0,0.0
2,10,2025-12-15,0,51,12,0.0,0.0,0.0,0.25,0.0,0.0
2,10,2025-12-22,0,52,12,0.0,0.0,1.0,0.25,0.0,2.0
2,10,2025-12-29,2,1,12,0.0,0.0,0.0,0.0,1.0,2.0
2,10,2026-01-05,2,2,1,2.0,0.0,0.0,0.5,4.0,0.0
2,10,2026-01-12,0,3,1,2.0,2.0,0.0,1.0,0.0,1.0
2,10,2026-01-19,1,4,1,0.0,2.0,0.0,1.0,1.0,1.0
2,10,2026-01-26,1,5,1,1.0,0.0,2.0,1.25,0.8,0.0
2,10,2026-02-02,0,6,2,1.0,1.0,2.0,1.0,0.0,1.0
2,10,2026-02-09,1,7,2,0.0,1.0,0.0,0.5,2.0,0.0
2,10,2026-02-16,0,8,2,1.0,0.0,1.0,0.75,0.0,1.0
2,10,2026-02-23,1,9,2,0.0,1.0,1.0,0.5,2.0,1.0
2,10,2026-03-02,1,10,3,1.0,0.0,0.0,0.5,2.0,0.0
2,10,2026-03-09,0,11,3,1.0,1.0,1.0,0.75,0.0,1.0
2,10,2026-03-16,1,12,3,0.0,1.0,0.0,0.5,2.0,0.0
2,10,2026-03-23,0,13,3,1.0,0.0,1.0,0.75,0.0,0.0
2,10,2026-03-30,0,14,3,0.0,1.0,1.0,0.5,0.0,0.0
2,10,2026-04-06,0,15,4,0.0,0.0,0.0,0.25,0.0,0.0
2,10,2026-04-13,0,16,4,0.0,0.0,1.0,0.25,0.0,0.0
2,10,2026-04-20,0,17,4,0.0,0.0,0.0,0.0,1.0,0.0
2,10,2026-04-27,0,18,4,0.0,0.0,0.0,0.0,1.0,0.0
2,10,2026-05-04,0,19,5,0.0,0.0,0.0,0.0,1.0,1.0
2,10,2026-05-11,1,20,5,0.0,0.0,0.0,0.0,1.0,0.0
2,10,2026-05-18,0,21,5,1.0,0.0,0.0,0.25,0.0,0.0
2,10,2026-05-25,0,22,5,0.0,1.0,0.0,0.25,0.0,1.0
2,10,2026-06-01,1,23,6,0.0,0.0,0.0,0.25,4.0,0.0
2,10,2026-06-08,0,24,6,1.0,0.0,1.0,0.5,0.0,0.0
2,10,2026-06-15,0,25,6,0.0,1.0,0.0,0.25,0.0,0.0
2,10,2026-06-22,0,26,6,0.0,0.0,0.0,0.25,0.0,0.0
2,11,2024-01-29,0,5,1,0.0,0.0,1.0,0.5,0.0,0.0
2,11,2024-02-05,0,6,2,0.0,0.0,1.0,0.25,0.0,1.0
2,11,2024-02-12,1,7,2,0.0,0.0,0.0,0.0,1.0,1.0
2,11,2024-02-19,1,8,2,1.0,0.0,0.0,0.25,4.0,0.0
2,11,2024-02-26,0,9,2,1.0,1.0,0.0,0.5,0.0,0.0
2,11,2024-03-04,0,10,3,0.0,1.0,0.0,0.5,0.0,0.0
2,11,2024-03-11,0,11,3,0.0,0.0,1.0,0.5,0.0,0.0
2,11,2024-03-18,0,12,3,0.0,0.0,1.0,0.25,0.0,0.0
2,11,2024-03-25,0,13,3,0.0,0.0,0.0,0.0,1.0,1.0
2,11,2024-04-01,1,14,4,0.0,0.0,0.0,0.0,1.0,1.0
2,11,2024-04-08,1,15,4,1.0,0.0,0.0,0.25,4.0,0.0
2,11,2024-04-15,0,16,4,1.0,1.0,0.0,0.5,0.0,1.0
2,11,2024-04-22,1,17,4,0.0,1.0,0.0,0.5,2.0,0.0
2,11,2024-04-29,0,18,4,1.0,0.0,1.0,0.75,0.0,0.0
2,11,2024-05-06,0,19,5,0.0,1.0,1.0,0.5,0.0,1.0
2,11,2024-05-13,1,20,5,0.0,0.0,0.0,0.25,4.0,0.0
2,11,2024-05-20,0,21,5,1.0,0.0,1.0,0.5,0.0,1.0
2,11,2024-05-27,1,22,5,0.0,1.0,0.0,0.25,4.0,0.0
2,11,2024-06-03,0,23,6,1.0,0.0,0.0,0.5,0.0,0.0
2,11,2024-06-10,0,24,6,0.0,1.0,1.0,0.5,0.0,0.0
2,11,2024-06-17,0,25,6,0.0,0.0,0.0,0.25,0.0,2.0
2,11,2024-06-24,2,26,6,0.0,0.0,1.0,0.25,8.0,0.0
2,11,2024-07-01,0,27,7,2.0,0.0,0.0,0.5,0.0,1.0
2,11,2024-07-08,1,28,7,0.0,2.0,0.0,0.5,2.0,0.0
2,11,2024-07-15,0,29,7,1.0,0.0,0.0,0.75,0.0,0.0
2,11,2024-07-22,0,30,7,0.0,1.0,2.0,0.75,0.0,1.0
2,11,2024-07-29,1,31,7,0.0,0.0,0.0,0.25,4.0,0.0
2,11,2024-08-05,0,32,8,1.0,0.0,1.0,0.5,0.0,1.0
2,11,2024-08-12,1,33,8,0.0,1.0,0.0,0.25,4.0,2.0
2,11,2024-08-19,2,34,8,1.0,0.0,0.0,0.5,4.0,0.0
2,11,2024-08-26,0,35,8,2.0,1.0,1.0,1.0,0.0,1.0
2,11,2024-09-02,1,36,9,0.0,2.0,0.0,0.75,1.3333333333333333,0.0
2,11,2024-09-09,0,37,9,1.0,0.0,1.0,1.0,0.0,0.0
2,11,2024-09-16,0,38,9,0.0,1.0,2.0,0.75,0.0,1.0
2,11,2024-09-23,1,39,9,0.0,0.0,0.0,0.25,4.0,1.0
2,11,2024-09-30,1,40,9,1.0,0.0,1.0,0.5,2.0,1.0
2,11,2024-10-07,1,41,10,1.0,1.0,0.0,0.5,2.0,2.0
2,11,2024-10-14,2,42,10,1.0,1.0,0.0,0.75,2.6666666666666665,0.0
2,11,2024-10-21,0,43,10,2.0,1.0,1.0,1.25,0.0,0.0
2,11,2024-10-28,0,44,10,0.0,2.0,1.0,1.0,0.0,0.0
2,11,2024-11-04,0,45,11,0.0,0.0,1.0,0.75,0.0,1.0
2,11,2024-11-11,1,46,11,0.0,0.0,2.0,0.5,2.0,1.0
2,11,2024-11-18,1,47,11,1.0,0.0,0.0,0.25,4.0,0.0
2,11,2024-11-25,0,48,11,1.0,1.0,0.0,0.5,0.0,0.0
2,11,2024-12-02,0,49,12,0.0,1.0,0.0,0.5,0.0,0.0
2,11,2024-12-09,0,50,12,0.0,0.0,1.0,0.5,0.0,1.0
2,11,2024-12-16,1,51,12,0.0,0.0,1.0,0.25,4.0,0.0
2,11,2024-12-23,0,52,12,1.0,0.0,0.0,0.25,0.0,2.0
2,11,2024-12-30,2,1,12,0.0,1.0,0.0,0.25,8.0,1.0
2,11,2025-01-06,1,2,1,2.0,0.0,0.0,0.75,1.3333333333333333,0.0
2,11,2025-01-13,0,3,1,1.0,2.0,1.0,1.0,0.0,1.0
2,11,2025-01-20,1,4,1,0.0,1.0,0.0,0.75,1.3333333333333333,1.0
2,11,2025-01-27,1,5,1,1.0,0.0,2.0,1.0,1.0,1.0
2,11,2025-02-03,1,6,2,1.0,1.0,1.0,0.75,1.3333333333333333,0.0
2,11,2025-02-10,0,7,2,1.0,1.0,0.0,0.75,0.0,1.0
2,11,2025-02-17,1,8,2,0.0,1.0,1.0,0.75,1.3333333333333333,0.0
2,11,2025-02-24,0,9,2,1.0,0.0,1.0,0.75,0.0,0.0
2,11,2025-03-03,0,10,3,0.0,1.0,1.0,0.5,0.0,0.0
2,11,2025-03-10,0,11,3,0.0,0.0,0.0,0.25,0.0,1.0
2,11,2025-03-17,1,12,3,0.0,0.0,1.0,0.25,4.0,0.0
2,11,2025-03-24,0,13,3,1.0,0.0,0.0,0.25,0.0,1.0
2,11,2025-03-31,1,14,3,0.0,1.0,0.0,0.25,4.0,0.0
2,11,2025-04-07,0,15,4,1.0,0.0,0.0,0.5,0.0,1.0
2,11,2025-04-14,1,16,4,0.0,1.0,1.0,0.5,2.0,1.0
2,11,2025-04-21,1,17,4,1.0,0.0,0.0,0.5,2.0,0.0
2,11,2025-04-28,0,18,4,1.0,1.0,1.0,0.75,0.0,0.0
2,11,2025-05-05,0,19,5,0.0,1.0,0.0,0.5,0.0,0.0
2,11,2025-05-12,0,20,5,0.0,0.0,1.0,0.5,0.0,1.0
2,11,2025-05-19,1,21,5,0.0,0.0,1.0,0.25,4.0,1.0
2,11,2025-05-26,1,22,5,1.0,0.0,0.0,0.25,4.0,1.0
2,11,2025-06-02,1,23,6,1.0,1.0,0.0,0.5,2.0,0.0
2,11,2025-06-09,0,24,6,1.0,1.0,0.0,0.75,0.0,1.0
2,11,2025-06-16,1,25,6,0.0,1.0,1.0,0.75,1.3333333333333333,0.0
2,11,2025-06-23,0,26,6,1.0,0.0,1.0,0.75,0.0,0.0
2,11,2025-06-30,0,27,6,0.0,1.0,1.0,0.5,0.0,0.0
2,11,2025-07-07,0,28,7,0.0,0.0,0.0,0.25,0.0,0.0
2,11,2025-07-14,0,29,7,0.0,0.0,1.0,0.25,0.0,1.0
2,11,2025-07-21,1,30,7,0.0,0.0,0.0,0.0,1.0,0.0
2,11,2025-07-28,0,31,7,1.0,0.0,0.0,0.25,0.0,1.0
2,11,2025-08-04,1,32,8,0.0,1.0,0.0,0.25,4.0,1.0
2,11,2025-08-11,1,33,8,1.0,0.0,0.0,0.5,2.0,0.0
2,11,2025-08-18,0,34,8,1.0,1.0,1.0,0.75,0.0,1.0
2,11,2025-08-25,1,35,8,0.0,1.0,0.0,0.5,2.0,0.0
2,11,2025-09-01,0,36,9,1.0,0.0,1.0,0.75,0.0,1.0
2,11,2025-09-08,1,37,9,0.0,1.0,1.0,0.5,2.0,1.0
2,11,2025-09-15,1,38,9,1.0,0.0,0.0,0.5,2.0,0.0
2,11,2025-09-22,0,39,9,1.0,1.0,1.0,0.75,0.0,1.0
2,11,2025-09-29,1,40,9,0.0,1.0,0.0,0.5,2.0,0.0
2,11,2025-10-06,0,41,10,1.0,0.0,1.0,0.75,0.0,0.0
2,11,2025-10-13,0,42,10,0.0,1.0,1.0,0.5,0.0,1.0
2,11,2025-10-20,1,43,10,0.0,0.0,0.0,0.25,4.0,1.0
2,11,2025-10-27,1,44,10,1.0,0.0,1.0,0.5,2.0,2.0
2,11,2025-11-03,2,45,11,1.0,1.0,0.0,0.5,4.0,0.0
2,11,2025-11-10,0,46,11,2.0,1.0,0.0,1.0,0.0,0.0
2,11,2025-11-17,0,47,11,0.0,2.0,1.0,1.0,0.0,1.0
2,11,2025-11-24,1,48,11,0.0,0.0,1.0,0.75,1.3333333333333333,0.0
2,11,2025-12-01,0,49,12,1.0,0.0,2.0,0.75,0.0,3.0
2,11,2025-12-08,3,50,12,0.0,1.0,0.0,0.25,12.0,0.0
2,11,2025-12-15,0,51,12,3.0,0.0,0.0,1.0,0.0,0.0
2,11,2025-12-22,0,52,12,0.0,3.0,1.0,1.0,0.0,0.0
2,11,2025-12-29,0,1,12,0.0,0.0,0.0,0.75,0.0,0.0
2,11,2026-01-05,0,2,1,0.0,0.0,3.0,0.75,0.0,2.0
2,11,2026-01-12,2,3,1,0.0,0.0,0.0,0.0,1.0,0.0
2,11,2026-01-19,0,4,1,2.0,0.0,0.0,0.5,0.0,0.0
2,11,2026-01-26,0,5,1,0.0,2.0,0.0,0.5,0.0,0.0
2,11,2026-02-02,0,6,2,0.0,0.0,0.0,0.5,0.0,0.0
2,11,2026-02-09,0,7,2,0.0,0.0,2.0,0.5,0.0,2.0
2,11,2026-02-16,2,8,2,0.0,0.0,0.0,0.0,1.0,0.0
2,11,2026-02-23,0,9,2,2.0,0.0,0.0,0.5,0.0,1.0
2,11,2026-03-02,1,10,3,0.0,2.0,0.0,0.5,2.0,1.0
2,11,2026-03-09,1,11,3,1.0,0.0,0.0,0.75,1.3333333333333333,0.0
2,11,2026-03-16,0,12,3,1.0,1.0,2.0,1.0,0.0,0.0
2,11,2026-03-23,0,13,3,0.0,1.0,0.0,0.5,0.0,2.0
2,11,2026-03-30,2,14,3,0.0,0.0,1.0,0.5,4.0,0.0
2,11,2026-04-06,0,15,4,2.0,0.0,1.0,0.75,0.0,1.0
2,11,2026-04-13,1,16,4,0.0,2.0,0.0,0.5,2.0,1.0
2,11,2026-04-20,1,17,4,1.0,0.0,0.0,0.75,1.3333333333333333,0.0
2,11,2026-04-27,0,18,4,1.0,1.0,2.0,1.0,0.0,1.0
2,11,2026-05-04,1,19,5,0.0,1.0,0.0,0.5,2.0,0.0
2,11,2026-05-11,0,20,5,1.0,0.0,1.0,0.75,0.0,0.0
2,11,2026-05-18,0,21,5,0.0,1.0,1.0,0.5,0.0,0.0
2,11,2026-05-25,0,22,5,0.0,0.0,0.0,0.25,0.0,1.0
2,11,2026-06-01,1,23,6,0.0,0.0,1.0,0.25,4.0,1.0
2,11,2026-06-08,1,24,6,1.0,0.0,0.0,0.25,4.0,0.0
2,11,2026-06-15,0,25,6,1.0,1.0,0.0,0.5,0.0,0.0
2,11,2026-06-22,0,26,6,0.0,1.0,0.0,0.5,0.0,0.0
2,12,2024-01-29,1,5,1,0.0,0.0,0.0,0.5,2.0,3.0
2,12,2024-02-05,3,6,2,1.0,0.0,2.0,0.75,4.0,1.0
2,12,2024-02-12,1,7,2,3.0,1.0,0.0,1.0,1.0,1.0
2,12,2024-02-19,1,8,2,1.0,3.0,0.0,1.25,0.8,0.0
2,12,2024-02-26,0,9,2,1.0,1.0,1.0,1.5,0.0,0.0
2,12,2024-03-04,0,10,3,0.0,1.0,3.0,1.25,0.0,2.0
2,12,2024-03-11,2,11,3,0.0,0.0,1.0,0.5,4.0,1.0
2,12,2024-03-18,1,12,3,2.0,0.0,1.0,0.75,1.3333333333333333,1.0
2,12,2024-03-25,1,13,3,1.0,2.0,0.0,0.75,1.3333333333333333,0.0
2,12,2024-04-01,0,14,4,1.0,1.0,0.0,1.0,0.0,0.0
2,12,2024-04-08,0,15,4,0.0,1.0,2.0,1.0,0.0,1.0
2,12,2024-04-15,1,16,4,0.0,0.0,1.0,0.5,2.0,0.0
2,12,2024-04-22,0,17,4,1.0,0.0,1.0,0.5,0.0,1.0
2,12,2024-04-29,1,18,4,0.0,1.0,0.0,0.25,4.0,1.0
2,12,2024-05-06,1,19,5,1.0,0.0,0.0,0.5,2.0,0.0
2,12,2024-05-13,0,20,5,1.0,1.0,1.0,0.75,0.0,0.0
2,12,2024-05-20,0,21,5,0.0,1.0,0.0,0.5,0.0,1.0
2,12,2024-05-27,1,22,5,0.0,0.0,1.0,0.5,2.0,2.0
2,12,2024-06-03,2,23,6,1.0,0.0,1.0,0.5,4.0,0.0
2,12,2024-06-10,0,24,6,2.0,1.0,0.0,0.75,0.0,0.0
2,12,2024-06-17,0,25,6,0.0,2.0,0.0,0.75,0.0,2.0
2,12,2024-06-24,2,26,6,0.0,0.0,1.0,0.75,2.6666666666666665,0.0
2,12,2024-07-01,0,27,7,2.0,0.0,2.0,1.0,0.0,0.0
2,12,2024-07-08,0,28,7,0.0,2.0,0.0,0.5,0.0,2.0
2,12,2024-07-15,2,29,7,0.0,0.0,0.0,0.5,4.0,0.0
2,12,2024-07-22,0,30,7,2.0,0.0,2.0,1.0,0.0,1.0
2,12,2024-07-29,1,31,7,0.0,2.0,0.0,0.5,2.0,0.0
2,12,2024-08-05,0,32,8,1.0,0.0,0.0,0.75,0.0,0.0
2,12,2024-08-12,0,33,8,0.0,1.0,2.0,0.75,0.0,1.0
2,12,2024-08-19,1,34,8,0.0,0.0,0.0,0.25,4.0,0.0
2,12,2024-08-26,0,35,8,1.0,0.0,1.0,0.5,0.0,1.0
2,12,2024-09-02,1,36,9,0.0,1.0,0.0,0.25,4.0,0.0
2,12,2024-09-09,0,37,9,1.0,0.0,0.0,0.5,0.0,0.0
2,12,2024-09-16,0,38,9,0.0,1.0,1.0,0.5,0.0,0.0
2,12,2024-09-23,0,39,9,0.0,0.0,0.0,0.25,0.0,0.0
2,12,2024-09-30,0,40,9,0.0,0.0,1.0,0.25,0.0,1.0
2,12,2024-10-07,1,41,10,0.0,0.0,0.0,0.0,1.0,0.0
2,12,2024-10-14,0,42,10,1.0,0.0,0.0,0.25,0.0,0.0
2,12,2024-10-21,0,43,10,0.0,1.0,0.0,0.25,0.0,0.0
2,12,2024-10-28,0,44,10,0.0,0.0,0.0,0.25,0.0,1.0
2,12,2024-11-04,1,45,11,0.0,0.0,1.0,0.25,4.0,0.0
2,12,2024-11-11,0,46,11,1.0,0.0,0.0,0.25,0.0,1.0
2,12,2024-11-18,1,47,11,0.0,1.0,0.0,0.25,4.0,0.0
2,12,2024-11-25,0,48,11,1.0,0.0,0.0,0.5,0.0,2.0
2,12,2024-12-02,2,49,12,0.0,1.0,1.0,0.5,4.0,0.0
2,12,2024-12-09,0,50,12,2.0,0.0,0.0,0.75,0.0,0.0
2,12,2024-12-16,0,51,12,0.0,2.0,1.0,0.75,0.0,0.0
2,12,2024-12-23,0,52,12,0.0,0.0,0.0,0.5,0.0,0.0
2,12,2024-12-30,0,1,12,0.0,0.0,2.0,0.5,0.0,0.0
2,12,2025-01-06,0,2,1,0.0,0.0,0.0,0.0,1.0,0.0
2,12,2025-01-13,0,3,1,0.0,0.0,0.0,0.0,1.0,0.0
2,12,2025-01-20,0,4,1,0.0,0.0,0.0,0.0,1.0,1.0
2,12,2025-01-27,1,5,1,0.0,0.0,0.0,0.0,1.0,1.0
2,12,2025-02-03,1,6,2,1.0,0.0,0.0,0.25,4.0,1.0
2,12,2025-02-10,1,7,2,1.0,1.0,0.0,0.5,2.0,1.0
2,12,2025-02-17,1,8,2,1.0,1.0,0.0,0.75,1.3333333333333333,0.0
2,12,2025-02-24,0,9,2,1.0,1.0,1.0,1.0,0.0,0.0
2,12,2025-03-03,0,10,3,0.0,1.0,1.0,0.75,0.0,1.0
2,12,2025-03-10,1,11,3,0.0,0.0,1.0,0.5,2.0,0.0
2,12,2025-03-17,0,12,3,1.0,0.0,1.0,0.5,0.0,1.0
2,12,2025-03-24,1,13,3,0.0,1.0,0.0,0.25,4.0,0.0
2,12,2025-03-31,0,14,3,1.0,0.0,0.0,0.5,0.0,0.0
2,12,2025-04-07,0,15,4,0.0,1.0,1.0,0.5,0.0,2.0
2,12,2025-04-14,2,16,4,0.0,0.0,0.0,0.25,8.0,1.0
2,12,2025-04-21,1,17,4,2.0,0.0,1.0,0.75,1.3333333333333333,2.0
2,12,2025-04-28,2,18,4,1.0,2.0,0.0,0.75,2.6666666666666665,0.0
2,12,2025-05-05,0,19,5,2.0,1.0,0.0,1.25,0.0,0.0
2,12,2025-05-12,0,20,5,0.0,2.0,2.0,1.25,0.0,1.0
2,12,2025-05-19,1,21,5,0.0,0.0,1.0,0.75,1.3333333333333333,0.0
2,12,2025-05-26,0,22,5,1.0,0.0,2.0,0.75,0.0,1.0
2,12,2025-06-02,1,23,6,0.0,1.0,0.0,0.25,4.0,0.0
2,12,2025-06-09,0,24,6,1.0,0.0,0.0,0.5,0.0,0.0
2,12,2025-06-16,0,25,6,0.0,1.0,1.0,0.5,0.0,1.0
2,12,2025-06-23,1,26,6,0.0,0.0,0.0,0.25,4.0,1.0
2,12,2025-06-30,1,27,6,1.0,0.0,1.0,0.5,2.0,0.0
2,12,2025-07-07,0,28,7,1.0,1.0,0.0,0.5,0.0,0.0
2,12,2025-07-14,0,29,7,0.0,1.0,0.0,0.5,0.0,1.0
2,12,2025-07-21,1,30,7,0.0,0.0,1.0,0.5,2.0,0.0
2,12,2025-07-28,0,31,7,1.0,0.0,1.0,0.5,0.0,2.0
2,12,2025-08-04,2,32,8,0.0,1.0,0.0,0.25,8.0,0.0
2,12,2025-08-11,0,33,8,2.0,0.0,0.0,0.75,0.0,0.0
2,12,2025-08-18,0,34,8,0.0,2.0,1.0,0.75,0.0,1.0
2,12,2025-08-25,1,35,8,0.0,0.0,0.0,0.5,2.0,0.0
2,12,2025-09-01,0,36,9,1.0,0.0,2.0,0.75,0.0,1.0
2,12,2025-09-08,1,37,9,0.0,1.0,0.0,0.25,4.0,0.0
2,12,2025-09-15,0,38,9,1.0,0.0,0.0,0.5,0.0,0.0
2,12,2025-09-22,0,39,9,0.0,1.0,1.0,0.5,0.0,0.0
2,12,2025-09-29,0,40,9,0.0,0.0,0.0,0.25,0.0,0.0
2,12,2025-10-06,0,41,10,0.0,0.0,1.0,0.25,0.0,1.0
2,12,2025-10-13,1,42,10,0.0,0.0,0.0,0.0,1.0,1.0
2,12,2025-10-20,1,43,10,1.0,0.0,0.0,0.25,4.0,0.0
2,12,2025-10-27,0,44,10,1.0,1.0,0.0,0.5,0.0,0.0
2,12,2025-11-03,0,45,11,0.0,1.0,0.0,0.5,0.0,0.0
2,12,2025-11-10,0,46,11,0.0,0.0,1.0,0.5,0.0,0.0
2,12,2025-11-17,0,47,11,0.0,0.0,1.0,0.25,0.0,0.0
2,12,2025-11-24,0,48,11,0.0,0.0,0.0,0.0,1.0,0.0
2,12,2025-12-01,0,49,12,0.0,0.0,0.0,0.0,1.0,0.0
2,12,2025-12-08,0,50,12,0.0,0.0,0.0,0.0,1.0,0.0
2,12,2025-12-15,0,51,12,0.0,0.0,0.0,0.0,1.0,0.0
2,12,2025-12-22,0,52,12,0.0,0.0,0.0,0.0,1.0,0.0
2,12,2025-12-29,0,1,12,0.0,0.0,0.0,0.0,1.0,1.0
2,12,2026-01-05,1,2,1,0.0,0.0,0.0,0.0,1.0,0.0
2,12,2026-01-12,0,3,1,1.0,0.0,0.0,0.25,0.0,1.0
2,12,2026-01-19,1,4,1,0.0,1.0,0.0,0.25,4.0,0.0
2,12,2026-01-26,0,5,1,1.0,0.0,0.0,0.5,0.0,0.0
2,12,2026-02-02,0,6,2,0.0,1.0,1.0,0.5,0.0,0.0
2,12,2026-02-09,0,7,2,0.0,0.0,0.0,0.25,0.0,1.0
2,12,2026-02-16,1,8,2,0.0,0.0,1.0,0.25,4.0,0.0
2,12,2026-02-23,0,9,2,1.0,0.0,0.0,0.25,0.0,0.0
2,12,2026-03-02,0,10,3,0.0,1.0,0.0,0.25,0.0,0.0
2,12,2026-03-09,0,11,3,0.0,0.0,0.0,0.25,0.0,1.0
2,12,2026-03-16,1,12,3,0.0,0.0,1.0,0.25,4.0,0.0
2,12,2026-03-23,0,13,3,1.0,0.0,0.0,0.25,0.0,0.0
2,12,2026-03-30,0,14,3,0.0,1.0,0.0,0.25,0.0,0.0
2,12,2026-04-06,0,15,4,0.0,0.0,0.0,0.25,0.0,1.0
2,12,2026-04-13,1,16,4,0.0,0.0,1.0,0.25,4.0,1.0
2,12,2026-04-20,1,17,4,1.0,0.0,0.0,0.25,4.0,0.0
2,12,2026-04-27,0,18,4,1.0,1.0,0.0,0.5,0.0,0.0
2,12,2026-05-04,0,19,5,0.0,1.0,0.0,0.5,0.0,0.0
2,12,2026-05-11,0,20,5,0.0,0.0,1.0,0.5,0.0,0.0
2,12,2026-05-18,0,21,5,0.0,0.0,1.0,0.25,0.0,0.0
2,12,2026-05-25,0,22,5,0.0,0.0,0.0,0.0,1.0,0.0
2,12,2026-06-01,0,23,6,0.0,0.0,0.0,0.0,1.0,0.0
2,12,2026-06-08,0,24,6,0.0,0.0,0.0,0.0,1.0,1.0
2,12,2026-06-15,1,25,6,0.0,0.0,0.0,0.0,1.0,1.0
2,12,2026-06-22,1,26,6,1.0,0.0,0.0,0.25,4.0,0.0
2,13,2024-01-29,0,5,1,0.0,4.0,1.0,1.25,0.0,0.0
2,13,2024-02-05,0,6,2,0.0,0.0,0.0,1.0,0.0,0.0
2,13,2024-02-12,0,7,2,0.0,0.0,4.0,1.0,0.0,0.0
2,13,2024-02-19,0,8,2,0.0,0.0,0.0,0.0,1.0,1.0
2,13,2024-02-26,1,9,2,0.0,0.0,0.0,0.0,1.0,1.0
2,13,2024-03-04,1,10,3,1.0,0.0,0.0,0.25,4.0,0.0
2,13,2024-03-11,0,11,3,1.0,1.0,0.0,0.5,0.0,0.0
2,13,2024-03-18,0,12,3,0.0,1.0,0.0,0.5,0.0,2.0
2,13,2024-03-25,2,13,3,0.0,0.0,1.0,0.5,4.0,0.0
2,13,2024-04-01,0,14,4,2.0,0.0,1.0,0.75,0.0,0.0
2,13,2024-04-08,0,15,4,0.0,2.0,0.0,0.5,0.0,1.0
2,13,2024-04-15,1,16,4,0.0,0.0,0.0,0.5,2.0,0.0
2,13,2024-04-22,0,17,4,1.0,0.0,2.0,0.75,0.0,1.0
2,13,2024-04-29,1,18,4,0.0,1.0,0.0,0.25,4.0,0.0
2,13,2024-05-06,0,19,5,1.0,0.0,0.0,0.5,0.0,2.0
2,13,2024-05-13,2,20,5,0.0,1.0,1.0,0.5,4.0,0.0
2,13,2024-05-20,0,21,5,2.0,0.0,0.0,0.75,0.0,0.0
2,13,2024-05-27,0,22,5,0.0,2.0,1.0,0.75,0.0,0.0
2,13,2024-06-03,0,23,6,0.0,0.0,0.0,0.5,0.0,0.0
2,13,2024-06-10,0,24,6,0.0,0.0,2.0,0.5,0.0,2.0
2,13,2024-06-17,2,25,6,0.0,0.0,0.0,0.0,1.0,2.0
2,13,2024-06-24,2,26,6,2.0,0.0,0.0,0.5,4.0,0.0
2,13,2024-07-01,0,27,7,2.0,2.0,0.0,1.0,0.0,0.0
2,13,2024-07-08,0,28,7,0.0,2.0,0.0,1.0,0.0,0.0
2,13,2024-07-15,0,29,7,0.0,0.0,2.0,1.0,0.0,0.0
2,13,2024-07-22,0,30,7,0.0,0.0,2.0,0.5,0.0,2.0
2,13,2024-07-29,2,31,7,0.0,0.0,0.0,0.0,1.0,0.0
2,13,2024-08-05,0,32,8,2.0,0.0,0.0,0.5,0.0,0.0
2,13,2024-08-12,0,33,8,0.0,2.0,0.0,0.5,0.0,1.0
2,13,2024-08-19,1,34,8,0.0,0.0,0.0,0.5,2.0,0.0
2,13,2024-08-26,0,35,8,1.0,0.0,2.0,0.75,0.0,1.0
2,13,2024-09-02,1,36,9,0.0,1.0,0.0,0.25,4.0,0.0
2,13,2024-09-09,0,37,9,1.0,0.0,0.0,0.5,0.0,0.0
2,13,2024-09-16,0,38,9,0.0,1.0,1.0,0.5,0.0,1.0
2,13,2024-09-23,1,39,9,0.0,0.0,0.0,0.25,4.0,1.0
2,13,2024-09-30,1,40,9,1.0,0.0,1.0,0.5,2.0,1.0
2,13,2024-10-07,1,41,10,1.0,1.0,0.0,0.5,2.0,0.0
2,13,2024-10-14,0,42,10,1.0,1.0,0.0,0.75,0.0,0.0
2,13,2024-10-21,0,43,10,0.0,1.0,1.0,0.75,0.0,2.0
2,13,2024-10-28,2,44,10,0.0,0.0,1.0,0.5,4.0,0.0
2,13,2024-11-04,0,45,11,2.0,0.0,1.0,0.75,0.0,0.0
2,13,2024-11-11,0,46,11,0.0,2.0,0.0,0.5,0.0,1.0
2,13,2024-11-18,1,47,11,0.0,0.0,0.0,0.5,2.0,0.0
2,13,2024-11-25,0,48,11,1.0,0.0,2.0,0.75,0.0,1.0
2,13,2024-12-02,1,49,12,0.0,1.0,0.0,0.25,4.0,1.0
2,13,2024-12-09,1,50,12,1.0,0.0,0.0,0.5,2.0,0.0
2,13,2024-12-16,0,51,12,1.0,1.0,1.0,0.75,0.0,0.0
2,13,2024-12-23,0,52,12,0.0,1.0,0.0,0.5,0.0,1.0
2,13,2024-12-30,1,1,12,0.0,0.0,1.0,0.5,2.0,0.0
2,13,2025-01-06,0,2,1,1.0,0.0,1.0,0.5,0.0,1.0
2,13,2025-01-13,1,3,1,0.0,1.0,0.0,0.25,4.0,0.0
2,13,2025-01-20,0,4,1,1.0,0.0,0.0,0.5,0.0,0.0
2,13,2025-01-27,0,5,1,0.0,1.0,1.0,0.5,0.0,1.0
2,13,2025-02-03,1,6,2,0.0,0.0,0.0,0.25,4.0,0.0
2,13,2025-02-10,0,7,2,1.0,0.0,1.0,0.5,0.0,1.0
2,13,2025-02-17,1,8,2,0.0,1.0,0.0,0.25,4.0,0.0
2,13,2025-02-24,0,9,2,1.0,0.0,0.0,0.5,0.0,0.0
2,13,2025-03-03,0,10,3,0.0,1.0,1.0,0.5,0.0,1.0
2,13,2025-03-10,1,11,3,0.0,0.0,0.0,0.25,4.0,0.0
2,13,2025-03-17,0,12,3,1.0,0.0,1.0,0.5,0.0,1.0
2,13,2025-03-24,1,13,3,0.0,1.0,0.0,0.25,4.0,0.0
2,13,2025-03-31,0,14,3,1.0,0.0,0.0,0.5,0.0,2.0
2,13,2025-04-07,2,15,4,0.0,1.0,1.0,0.5,4.0,0.0
2,13,2025-04-14,0,16,4,2.0,0.0,0.0,0.75,0.0,0.0
2,13,2025-04-21,0,17,4,0.0,2.0,1.0,0.75,0.0,1.0
2,13,2025-04-28,1,18,4,0.0,0.0,0.0,0.5,2.0,1.0
2,13,2025-05-05,1,19,5,1.0,0.0,2.0,0.75,1.3333333333333333,0.0
2,13,2025-05-12,0,20,5,1.0,1.0,0.0,0.5,0.0,0.0
2,13,2025-05-19,0,21,5,0.0,1.0,0.0,0.5,0.0,0.0
2,13,2025-05-26,0,22,5,0.0,0.0,1.0,0.5,0.0,0.0
2,13,2025-06-02,0,23,6,0.0,0.0,1.0,0.25,0.0,0.0
2,13,2025-06-09,0,24,6,0.0,0.0,0.0,0.0,1.0,0.0
2,13,2025-06-16,0,25,6,0.0,0.0,0.0,0.0,1.0,1.0
2,13,2025-06-23,1,26,6,0.0,0.0,0.0,0.0,1.0,1.0
2,13,2025-06-30,1,27,6,1.0,0.0,0.0,0.25,4.0,0.0
2,13,2025-07-07,0,28,7,1.0,1.0,0.0,0.5,0.0,1.0
2,13,2025-07-14,1,29,7,0.0,1.0,0.0,0.5,2.0,0.0
2,13,2025-07-21,0,30,7,1.0,0.0,1.0,0.75,0.0,1.0
2,13,2025-07-28,1,31,7,0.0,1.0,1.0,0.5,2.0,0.0
2,13,2025-08-04,0,32,8,1.0,0.0,0.0,0.5,0.0,1.0
2,13,2025-08-11,1,33,8,0.0,1.0,1.0,0.5,2.0,0.0
2,13,2025-08-18,0,34,8,1.0,0.0,0.0,0.5,0.0,1.0
2,13,2025-08-25,1,35,8,0.0,1.0,1.0,0.5,2.0,2.0
2,13,2025-09-01,2,36,9,1.0,0.0,0.0,0.5,4.0,0.0
2,13,2025-09-08,0,37,9,2.0,1.0,1.0,1.0,0.0,0.0
2,13,2025-09-15,0,38,9,0.0,2.0,0.0,0.75,0.0,0.0
2,13,2025-09-22,0,39,9,0.0,0.0,1.0,0.75,0.0,0.0
2,13,2025-09-29,0,40,9,0.0,0.0,2.0,0.5,0.0,1.0
2,13,2025-10-06,1,41,10,0.0,0.0,0.0,0.0,1.0,0.0
2,13,2025-10-13,0,42,10,1.0,0.0,0.0,0.25,0.0,0.0
2,13,2025-10-20,0,43,10,0.0,1.0,0.0,0.25,0.0,0.0
2,13,2025-10-27,0,44,10,0.0,0.0,0.0,0.25,0.0,0.0
2,13,2025-11-03,0,45,11,0.0,0.0,1.0,0.25,0.0,0.0
2,13,2025-11-10,0,46,11,0.0,0.0,0.0,0.0,1.0,0.0
2,13,2025-11-17,0,47,11,0.0,0.0,0.0,0.0,1.0,1.0
2,13,2025-11-24,1,48,11,0.0,0.0,0.0,0.0,1.0,0.0
2,13,2025-12-01,0,49,12,1.0,0.0,0.0,0.25,0.0,1.0
2,13,2025-12-08,1,50,12,0.0,1.0,0.0,0.25,4.0,2.0
2,13,2025-12-15,2,51,12,1.0,0.0,0.0,0.5,4.0,0.0
2,13,2025-12-22,0,52,12,2.0,1.0,1.0,1.0,0.0,0.0
2,13,2025-12-29,0,1,12,0.0,2.0,0.0,0.75,0.0,0.0
2,13,2026-01-05,0,2,1,0.0,0.0,1.0,0.75,0.0,0.0
2,13,2026-01-12,0,3,1,0.0,0.0,2.0,0.5,0.0,0.0
2,13,2026-01-19,0,4,1,0.0,0.0,0.0,0.0,1.0,1.0
2,13,2026-01-26,1,5,1,0.0,0.0,0.0,0.0,1.0,1.0
2,13,2026-02-02,1,6,2,1.0,0.0,0.0,0.25,4.0,0.0
2,13,2026-02-09,0,7,2,1.0,1.0,0.0,0.5,0.0,2.0
2,13,2026-02-16,2,8,2,0.0,1.0,0.0,0.5,4.0,1.0
2,13,2026-02-23,1,9,2,2.0,0.0,1.0,1.0,1.0,0.0
2,13,2026-03-02,0,10,3,1.0,2.0,1.0,1.0,0.0,0.0
2,13,2026-03-09,0,11,3,0.0,1.0,0.0,0.75,0.0,0.0
2,13,2026-03-16,0,12,3,0.0,0.0,2.0,0.75,0.0,1.0
2,13,2026-03-23,1,13,3,0.0,0.0,1.0,0.25,4.0,1.0
2,13,2026-03-30,1,14,3,1.0,0.0,0.0,0.25,4.0,0.0
2,13,2026-04-06,0,15,4,1.0,1.0,0.0,0.5,0.0,2.0
2,13,2026-04-13,2,16,4,0.0,1.0,0.0,0.5,4.0,1.0
2,13,2026-04-20,1,17,4,2.0,0.0,1.0,1.0,1.0,2.0
2,13,2026-04-27,2,18,4,1.0,2.0,1.0,1.0,2.0,0.0
2,13,2026-05-04,0,19,5,2.0,1.0,0.0,1.25,0.0,0.0
2,13,2026-05-11,0,20,5,0.0,2.0,2.0,1.25,0.0,0.0
2,13,2026-05-18,0,21,5,0.0,0.0,1.0,0.75,0.0,0.0
2,13,2026-05-25,0,22,5,0.0,0.0,2.0,0.5,0.0,0.0
2,13,2026-06-01,0,23,6,0.0,0.0,0.0,0.0,1.0,0.0
2,13,2026-06-08,0,24,6,0.0,0.0,0.0,0.0,1.0,2.0
2,13,2026-06-15,2,25,6,0.0,0.0,0.0,0.0,1.0,0.0
2,13,2026-06-22,0,26,6,2.0,0.0,0.0,0.5,0.0,0.0
2,14,2024-01-29,0,5,1,1.0,0.0,0.0,0.25,0.0,0.0
2,14,2024-02-05,0,6,2,0.0,1.0,0.0,0.25,0.0,0.0
2,14,2024-02-12,0,7,2,0.0,0.0,0.0,0.25,0.0,2.0
2,14,2024-02-19,2,8,2,0.0,0.0,1.0,0.25,8.0,0.0
2,14,2024-02-26,0,9,2,2.0,0.0,0.0,0.5,0.0,0.0
2,14,2024-03-04,0,10,3,0.0,2.0,0.0,0.5,0.0,1.0
2,14,2024-03-11,1,11,3,0.0,0.0,0.0,0.5,2.0,0.0
2,14,2024-03-18,0,12,3,1.0,0.0,2.0,0.75,0.0,0.0
2,14,2024-03-25,0,13,3,0.0,1.0,0.0,0.25,0.0,0.0
2,14,2024-04-01,0,14,4,0.0,0.0,0.0,0.25,0.0,0.0
2,14,2024-04-08,0,15,4,0.0,0.0,1.0,0.25,0.0,0.0
2,14,2024-04-15,0,16,4,0.0,0.0,0.0,0.0,1.0,1.0
2,14,2024-04-22,1,17,4,0.0,0.0,0.0,0.0,1.0,0.0
2,14,2024-04-29,0,18,4,1.0,0.0,0.0,0.25,0.0,1.0
2,14,2024-05-06,1,19,5,0.0,1.0,0.0,0.25,4.0,0.0
2,14,2024-05-13,0,20,5,1.0,0.0,0.0,0.5,0.0,1.0
2,14,2024-05-20,1,21,5,0.0,1.0,1.0,0.5,2.0,0.0
2,14,2024-05-27,0,22,5,1.0,0.0,0.0,0.5,0.0,2.0
2,14,2024-06-03,2,23,6,0.0,1.0,1.0,0.5,4.0,0.0
2,14,2024-06-10,0,24,6,2.0,0.0,0.0,0.75,0.0,1.0
2,14,2024-06-17,1,25,6,0.0,2.0,1.0,0.75,1.3333333333333333,2.0
2,14,2024-06-24,2,26,6,1.0,0.0,0.0,0.75,2.6666666666666665,1.0
2,14,2024-07-01,1,27,7,2.0,1.0,2.0,1.25,0.8,0.0
2,14,2024-07-08,0,28,7,1.0,2.0,0.0,1.0,0.0,0.0
2,14,2024-07-15,0,29,7,0.0,1.0,1.0,1.0,0.0,1.0
2,14,2024-07-22,1,30,7,0.0,0.0,2.0,0.75,1.3333333333333333,0.0
2,14,2024-07-29,0,31,7,1.0,0.0,1.0,0.5,0.0,1.0
2,14,2024-08-05,1,32,8,0.0,1.0,0.0,0.25,4.0,0.0
2,14,2024-08-12,0,33,8,1.0,0.0,0.0,0.5,0.0,1.0
2,14,2024-08-19,1,34,8,0.0,1.0,1.0,0.5,2.0,1.0
2,14,2024-08-26,1,35,8,1.0,0.0,0.0,0.5,2.0,2.0
2,14,2024-09-02,2,36,9,1.0,1.0,1.0,0.75,2.6666666666666665,0.0
2,14,2024-09-09,0,37,9,2.0,1.0,0.0,1.0,0.0,0.0
2,14,2024-09-16,0,38,9,0.0,2.0,1.0,1.0,0.0,0.0
2,14,2024-09-23,0,39,9,0.0,0.0,1.0,0.75,0.0,0.0
2,14,2024-09-30,0,40,9,0.0,0.0,2.0,0.5,0.0,1.0
2,14,2024-10-07,1,41,10,0.0,0.0,0.0,0.0,1.0,1.0
2,14,2024-10-14,1,42,10,1.0,0.0,0.0,0.25,4.0,1.0
2,14,2024-10-21,1,43,10,1.0,1.0,0.0,0.5,2.0,0.0
2,14,2024-10-28,0,44,10,1.0,1.0,0.0,0.75,0.0,0.0
2,14,2024-11-04,0,45,11,0.0,1.0,1.0,0.75,0.0,2.0
2,14,2024-11-11,2,46,11,0.0,0.0,1.0,0.5,4.0,1.0
2,14,2024-11-18,1,47,11,2.0,0.0,1.0,0.75,1.3333333333333333,0.0
2,14,2024-11-25,0,48,11,1.0,2.0,0.0,0.75,0.0,0.0
2,14,2024-12-02,0,49,12,0.0,1.0,0.0,0.75,0.0,0.0
2,14,2024-12-09,0,50,12,0.0,0.0,2.0,0.75,0.0,0.0
2,14,2024-12-16,0,51,12,0.0,0.0,1.0,0.25,0.0,0.0
2,14,2024-12-23,0,52,12,0.0,0.0,0.0,0.0,1.0,1.0
2,14,2024-12-30,1,1,12,0.0,0.0,0.0,0.0,1.0,0.0
2,14,2025-01-06,0,2,1,1.0,0.0,0.0,0.25,0.0,0.0
2,14,2025-01-13,0,3,1,0.0,1.0,0.0,0.25,0.0,1.0
2,14,2025-01-20,1,4,1,0.0,0.0,0.0,0.25,4.0,0.0
2,14,2025-01-27,0,5,1,1.0,0.0,1.0,0.5,0.0,0.0
2,14,2025-02-03,0,6,2,0.0,1.0,0.0,0.25,0.0,0.0
2,14,2025-02-10,0,7,2,0.0,0.0,0.0,0.25,0.0,0.0
2,14,2025-02-17,0,8,2,0.0,0.0,1.0,0.25,0.0,1.0
2,14,2025-02-24,1,9,2,0.0,0.0,0.0,0.0,1.0,1.0
2,14,2025-03-03,1,10,3,1.0,0.0,0.0,0.25,4.0,1.0
2,14,2025-03-10,1,11,3,1.0,1.0,0.0,0.5,2.0,0.0
2,14,2025-03-17,0,12,3,1.0,1.0,0.0,0.75,0.0,0.0
2,14,2025-03-24,0,13,3,0.0,1.0,1.0,0.75,0.0,0.0
2,14,2025-03-31,0,14,3,0.0,0.0,1.0,0.5,0.0,0.0
2,14,2025-04-07,0,15,4,0.0,0.0,1.0,0.25,0.0,2.0
2,14,2025-04-14,2,16,4,0.0,0.0,0.0,0.0,1.0,0.0
2,14,2025-04-21,0,17,4,2.0,0.0,0.0,0.5,0.0,1.0
2,14,2025-04-28,1,18,4,0.0,2.0,0.0,0.5,2.0,0.0
2,14,2025-05-05,0,19,5,1.0,0.0,0.0,0.75,0.0,2.0
2,14,2025-05-12,2,20,5,0.0,1.0,2.0,0.75,2.6666666666666665,1.0
2,14,2025-05-19,1,21,5,2.0,0.0,0.0,0.75,1.3333333333333333,0.0
2,14,2025-05-26,0,22,5,1.0,2.0,1.0,1.0,0.0,0.0
2,14,2025-06-02,0,23,6,0.0,1.0,0.0,0.75,0.0,0.0
2,14,2025-06-09,0,24,6,0.0,0.0,2.0,0.75,0.0,1.0
2,14,2025-06-16,1,25,6,0.0,0.0,1.0,0.25,4.0,2.0
2,14,2025-06-23,2,26,6,1.0,0.0,0.0,0.25,8.0,2.0
2,14,2025-06-30,2,27,6,2.0,1.0,0.0,0.75,2.6666666666666665,0.0
2,14,2025-07-07,0,28,7,2.0,2.0,0.0,1.25,0.0,0.0
2,14,2025-07-14,0,29,7,0.0,2.0,1.0,1.25,0.0,0.0
2,14,2025-07-21,0,30,7,0.0,0.0,2.0,1.0,0.0,0.0
2,14,2025-07-28,0,31,7,0.0,0.0,2.0,0.5,0.0,0.0
2,14,2025-08-04,0,32,8,0.0,0.0,0.0,0.0,1.0,0.0
2,14,2025-08-11,0,33,8,0.0,0.0,0.0,0.0,1.0,1.0
2,14,2025-08-18,1,34,8,0.0,0.0,0.0,0.0,1.0,0.0
2,14,2025-08-25,0,35,8,1.0,0.0,0.0,0.25,0.0,0.0
2,14,2025-09-01,0,36,9,0.0,1.0,0.0,0.25,0.0,0.0
2,14,2025-09-08,0,37,9,0.0,0.0,0.0,0.25,0.0,0.0
2,14,2025-09-15,0,38,9,0.0,0.0,1.0,0.25,0.0,1.0
2,14,2025-09-22,1,39,9,0.0,0.0,0.0,0.0,1.0,0.0
2,14,2025-09-29,0,40,9,1.0,0.0,0.0,0.25,0.0,1.0
2,14,2025-10-06,1,41,10,0.0,1.0,0.0,0.25,4.0,1.0
2,14,2025-10-13,1,42,10,1.0,0.0,0.0,0.5,2.0,0.0
2,14,2025-10-20,0,43,10,1.0,1.0,1.0,0.75,0.0,0.0
2,14,2025-10-27,0,44,10,0.0,1.0,0.0,0.5,0.0,1.0
2,14,2025-11-03,1,45,11,0.0,0.0,1.0,0.5,2.0,1.0
2,14,2025-11-10,1,46,11,1.0,0.0,1.0,0.5,2.0,0.0
2,14,2025-11-17,0,47,11,1.0,1.0,0.0,0.5,0.0,1.0
2,14,2025-11-24,1,48,11,0.0,1.0,0.0,0.5,2.0,1.0
2,14,2025-12-01,1,49,12,1.0,0.0,1.0,0.75,1.3333333333333333,0.0
2,14,2025-12-08,0,50,12,1.0,1.0,1.0,0.75,0.0,0.0
2,14,2025-12-15,0,51,12,0.0,1.0,0.0,0.5,0.0,0.0
2,14,2025-12-22,0,52,12,0.0,0.0,1.0,0.5,0.0,0.0
2,14,2025-12-29,0,1,12,0.0,0.0,1.0,0.25,0.0,0.0
2,14,2026-01-05,0,2,1,0.0,0.0,0.0,0.0,1.0,0.0
2,14,2026-01-12,0,3,1,0.0,0.0,0.0,0.0,1.0,0.0
2,14,2026-01-19,0,4,1,0.0,0.0,0.0,0.0,1.0,1.0
2,14,2026-01-26,1,5,1,0.0,0.0,0.0,0.0,1.0,0.0
2,14,2026-02-02,0,6,2,1.0,0.0,0.0,0.25,0.0,2.0
2,14,2026-02-09,2,7,2,0.0,1.0,0.0,0.25,8.0,0.0
2,14,2026-02-16,0,8,2,2.0,0.0,0.0,0.75,0.0,0.0
2,14,2026-02-23,0,9,2,0.0,2.0,1.0,0.75,0.0,0.0
2,14,2026-03-02,0,10,3,0.0,0.0,0.0,0.5,0.0,1.0
2,14,2026-03-09,1,11,3,0.0,0.0,2.0,0.5,2.0,0.0
2,14,2026-03-16,0,12,3,1.0,0.0,0.0,0.25,0.0,0.0
2,14,2026-03-23,0,13,3,0.0,1.0,0.0,0.25,0.0,1.0
2,14,2026-03-30,1,14,3,0.0,0.0,0.0,0.25,4.0,1.0
2,14,2026-04-06,1,15,4,1.0,0.0,1.0,0.5,2.0,0.0
2,14,2026-04-13,0,16,4,1.0,1.0,0.0,0.5,0.0,0.0
2,14,2026-04-20,0,17,4,0.0,1.0,0.0,0.5,0.0,0.0
2,14,2026-04-27,0,18,4,0.0,0.0,1.0,0.5,0.0,0.0
2,14,2026-05-04,0,19,5,0.0,0.0,1.0,0.25,0.0,0.0
2,14,2026-05-11,0,20,5,0.0,0.0,0.0,0.0,1.0,0.0
2,14,2026-05-18,0,21,5,0.0,0.0,0.0,0.0,1.0,2.0
2,14,2026-05-25,2,22,5,0.0,0.0,0.0,0.0,1.0,1.0
2,14,2026-06-01,1,23,6,2.0,0.0,0.0,0.5,2.0,0.0
2,14,2026-06-08,0,24,6,1.0,2.0,0.0,0.75,0.0,1.0
2,14,2026-06-15,1,25,6,0.0,1.0,0.0,0.75,1.3333333333333333,1.0
2,14,2026-06-22,1,26,6,1.0,0.0,2.0,1.0,1.0,0.0
3,1,2024-01-29,0,5,1,1.0,0.0,1.0,0.5,0.0,0.0
3,1,2024-02-05,0,6,2,0.0,1.0,0.0,0.25,0.0,0.0
3,1,2024-02-12,0,7,2,0.0,0.0,0.0,0.25,0.0,2.0
3,1,2024-02-19,2,8,2,0.0,0.0,1.0,0.25,8.0,0.0
3,1,2024-02-26,0,9,2,2.0,0.0,0.0,0.5,0.0,0.0
3,1,2024-03-04,0,10,3,0.0,2.0,0.0,0.5,0.0,2.0
3,1,2024-03-11,2,11,3,0.0,0.0,0.0,0.5,4.0,5.0
3,1,2024-03-18,5,12,3,2.0,0.0,2.0,1.0,5.0,1.0
3,1,2024-03-25,1,13,3,5.0,2.0,0.0,1.75,0.5714285714285714,0.0
3,1,2024-04-01,0,14,4,1.0,5.0,0.0,2.0,0.0,0.0
3,1,2024-04-08,0,15,4,0.0,1.0,2.0,2.0,0.0,1.0
3,1,2024-04-15,1,16,4,0.0,0.0,5.0,1.5,0.6666666666666666,0.0
3,1,2024-04-22,0,17,4,1.0,0.0,1.0,0.5,0.0,0.0
3,1,2024-04-29,0,18,4,0.0,1.0,0.0,0.25,0.0,0.0
3,1,2024-05-06,0,19,5,0.0,0.0,0.0,0.25,0.0,1.0
3,1,2024-05-13,1,20,5,0.0,0.0,1.0,0.25,4.0,0.0
3,1,2024-05-20,0,21,5,1.0,0.0,0.0,0.25,0.0,0.0
3,1,2024-05-27,0,22,5,0.0,1.0,0.0,0.25,0.0,0.0
3,1,2024-06-03,0,23,6,0.0,0.0,0.0,0.25,0.0,0.0
3,1,2024-06-10,0,24,6,0.0,0.0,1.0,0.25,0.0,0.0
3,1,2024-06-17,0,25,6,0.0,0.0,0.0,0.0,1.0,2.0
3,1,2024-06-24,2,26,6,0.0,0.0,0.0,0.0,1.0,0.0
3,1,2024-07-01,0,27,7,2.0,0.0,0.0,0.5,0.0,1.0
3,1,2024-07-08,1,28,7,0.0,2.0,0.0,0.5,2.0,1.0
3,1,2024-07-15,1,29,7,1.0,0.0,0.0,0.75,1.3333333333333333,1.0
3,1,2024-07-22,1,30,7,1.0,1.0,2.0,1.0,1.0,0.0
3,1,2024-07-29,0,31,7,1.0,1.0,0.0,0.75,0.0,0.0
3,1,2024-08-05,0,32,8,0.0,1.0,1.0,0.75,0.0,1.0
3,1,2024-08-12,1,33,8,0.0,0.0,1.0,0.5,2.0,1.0
3,1,2024-08-19,1,34,8,1.0,0.0,1.0,0.5,2.0,0.0
3,1,2024-08-26,0,35,8,1.0,1.0,0.0,0.5,0.0,0.0
3,1,2024-09-02,0,36,9,0.0,1.0,0.0,0.5,0.0,2.0
3,1,2024-09-09,2,37,9,0.0,0.0,1.0,0.5,4.0,0.0
3,1,2024-09-16,0,38,9,2.0,0.0,1.0,0.75,0.0,1.0
3,1,2024-09-23,1,39,9,0.0,2.0,0.0,0.5,2.0,0.0
3,1,2024-09-30,0,40,9,1.0,0.0,0.0,0.75,0.0,0.0
3,1,2024-10-07,0,41,10,0.0,1.0,2.0,0.75,0.0,0.0
3,1,2024-10-14,0,42,10,0.0,0.0,0.0,0.25,0.0,1.0
3,1,2024-10-21,1,43,10,0.0,0.0,1.0,0.25,4.0,1.0
3,1,2024-10-28,1,44,10,1.0,0.0,0.0,0.25,4.0,0.0
3,1,2024-11-04,0,45,11,1.0,1.0,0.0,0.5,0.0,0.0
3,1,2024-11-11,0,46,11,0.0,1.0,0.0,0.5,0.0,0.0
3,1,2024-11-18,0,47,11,0.0,0.0,1.0,0.5,0.0,0.0
3,1,2024-11-25,0,48,11,0.0,0.0,1.0,0.25,0.0,0.0
3,1,2024-12-02,0,49,12,0.0,0.0,0.0,0.0,1.0,0.0
3,1,2024-12-09,0,50,12,0.0,0.0,0.0,0.0,1.0,0.0
3,1,2024-12-16,0,51,12,0.0,0.0,0.0,0.0,1.0,0.0
3,1,2024-12-23,0,52,12,0.0,0.0,0.0,0.0,1.0,0.0
3,1,2024-12-30,0,1,12,0.0,0.0,0.0,0.0,1.0,0.0
3,1,2025-01-06,0,2,1,0.0,0.0,0.0,0.0,1.0,1.0
3,1,2025-01-13,1,3,1,0.0,0.0,0.0,0.0,1.0,1.0
3,1,2025-01-20,1,4,1,1.0,0.0,0.0,0.25,4.0,0.0
3,1,2025-01-27,0,5,1,1.0,1.0,0.0,0.5,0.0,1.0
3,1,2025-02-03,1,6,2,0.0,1.0,0.0,0.5,2.0,0.0
3,1,2025-02-10,0,7,2,1.0,0.0,1.0,0.75,0.0,0.0
3,1,2025-02-17,0,8,2,0.0,1.0,1.0,0.5,0.0,0.0
3,1,2025-02-24,0,9,2,0.0,0.0,0.0,0.25,0.0,0.0
3,1,2025-03-03,0,10,3,0.0,0.0,1.0,0.25,0.0,2.0
3,1,2025-03-10,2,11,3,0.0,0.0,0.0,0.0,1.0,0.0
3,1,2025-03-17,0,12,3,2.0,0.0,0.0,0.5,0.0,0.0
3,1,2025-03-24,0,13,3,0.0,2.0,0.0,0.5,0.0,0.0
3,1,2025-03-31,0,14,3,0.0,0.0,0.0,0.5,0.0,2.0
3,1,2025-04-07,2,15,4,0.0,0.0,2.0,0.5,4.0,0.0
3,1,2025-04-14,0,16,4,2.0,0.0,0.0,0.5,0.0,0.0
3,1,2025-04-21,0,17,4,0.0,2.0,0.0,0.5,0.0,0.0
3,1,2025-04-28,0,18,4,0.0,0.0,0.0,0.5,0.0,1.0
3,1,2025-05-05,1,19,5,0.0,0.0,2.0,0.5,2.0,1.0
3,1,2025-05-12,1,20,5,1.0,0.0,0.0,0.25,4.0,0.0
3,1,2025-05-19,0,21,5,1.0,1.0,0.0,0.5,0.0,0.0
3,1,2025-05-26,0,22,5,0.0,1.0,0.0,0.5,0.0,0.0
3,1,2025-06-02,0,23,6,0.0,0.0,1.0,0.5,0.0,1.0
3,1,2025-06-09,1,24,6,0.0,0.0,1.0,0.25,4.0,0.0
3,1,2025-06-16,0,25,6,1.0,0.0,0.0,0.25,0.0,1.0
3,1,2025-06-23,1,26,6,0.0,1.0,0.0,0.25,4.0,0.0
3,1,2025-06-30,0,27,6,1.0,0.0,0.0,0.5,0.0,0.0
3,1,2025-07-07,0,28,7,0.0,1.0,1.0,0.5,0.0,1.0
3,1,2025-07-14,1,29,7,0.0,0.0,0.0,0.25,4.0,0.0
3,1,2025-07-21,0,30,7,1.0,0.0,1.0,0.5,0.0,0.0
3,1,2025-07-28,0,31,7,0.0,1.0,0.0,0.25,0.0,0.0
3,1,2025-08-04,0,32,8,0.0,0.0,0.0,0.25,0.0,1.0
3,1,2025-08-11,1,33,8,0.0,0.0,1.0,0.25,4.0,0.0
3,1,2025-08-18,0,34,8,1.0,0.0,0.0,0.25,0.0,0.0
3,1,2025-08-25,0,35,8,0.0,1.0,0.0,0.25,0.0,0.0
3,1,2025-09-01,0,36,9,0.0,0.0,0.0,0.25,0.0,2.0
3,1,2025-09-08,2,37,9,0.0,0.0,1.0,0.25,8.0,0.0
3,1,2025-09-15,0,38,9,2.0,0.0,0.0,0.5,0.0,1.0
3,1,2025-09-22,1,39,9,0.0,2.0,0.0,0.5,2.0,0.0
3,1,2025-09-29,0,40,9,1.0,0.0,0.0,0.75,0.0,0.0
3,1,2025-10-06,0,41,10,0.0,1.0,2.0,0.75,0.0,0.0
3,1,2025-10-13,0,42,10,0.0,0.0,0.0,0.25,0.0,0.0
3,1,2025-10-20,0,43,10,0.0,0.0,1.0,0.25,0.0,0.0
3,1,2025-10-27,0,44,10,0.0,0.0,0.0,0.0,1.0,0.0
3,1,2025-11-03,0,45,11,0.0,0.0,0.0,0.0,1.0,2.0
3,1,2025-11-10,2,46,11,0.0,0.0,0.0,0.0,1.0,0.0
3,1,2025-11-17,0,47,11,2.0,0.0,0.0,0.5,0.0,1.0
3,1,2025-11-24,1,48,11,0.0,2.0,0.0,0.5,2.0,0.0
3,1,2025-12-01,0,49,12,1.0,0.0,0.0,0.75,0.0,0.0
3,1,2025-12-08,0,50,12,0.0,1.0,2.0,0.75,0.0,0.0
3,1,2025-12-15,0,51,12,0.0,0.0,0.0,0.25,0.0,1.0
3,1,2025-12-22,1,52,12,0.0,0.0,1.0,0.25,4.0,1.0
3,1,2025-12-29,1,1,12,1.0,0.0,0.0,0.25,4.0,0.0
3,1,2026-01-05,0,2,1,1.0,1.0,0.0,0.5,0.0,0.0
3,1,2026-01-12,0,3,1,0.0,1.0,0.0,0.5,0.0,0.0
3,1,2026-01-19,0,4,1,0.0,0.0,1.0,0.5,0.0,0.0
3,1,2026-01-26,0,5,1,0.0,0.0,1.0,0.25,0.0,2.0
3,1,2026-02-02,2,6,2,0.0,0.0,0.0,0.0,1.0,2.0
3,1,2026-02-09,2,7,2,2.0,0.0,0.0,0.5,4.0,0.0
3,1,2026-02-16,0,8,2,2.0,2.0,0.0,1.0,0.0,0.0
3,1,2026-02-23,0,9,2,0.0,2.0,0.0,1.0,0.0,0.0
3,1,2026-03-02,0,10,3,0.0,0.0,2.0,1.0,0.0,0.0
3,1,2026-03-09,0,11,3,0.0,0.0,2.0,0.5,0.0,0.0
3,1,2026-03-16,0,12,3,0.0,0.0,0.0,0.0,1.0,0.0
3,1,2026-03-23,0,13,3,0.0,0.0,0.0,0.0,1.0,0.0
3,1,2026-03-30,0,14,3,0.0,0.0,0.0,0.0,1.0,2.0
3,1,2026-04-06,2,15,4,0.0,0.0,0.0,0.0,1.0,0.0
3,1,2026-04-13,0,16,4,2.0,0.0,0.0,0.5,0.0,0.0
3,1,2026-04-20,0,17,4,0.0,2.0,0.0,0.5,0.0,0.0
3,1,2026-04-27,0,18,4,0.0,0.0,0.0,0.5,0.0,0.0
3,1,2026-05-04,0,19,5,0.0,0.0,2.0,0.5,0.0,1.0
3,1,2026-05-11,1,20,5,0.0,0.0,0.0,0.0,1.0,1.0
3,1,2026-05-18,1,21,5,1.0,0.0,0.0,0.25,4.0,1.0
3,1,2026-05-25,1,22,5,1.0,1.0,0.0,0.5,2.0,1.0
3,1,2026-06-01,1,23,6,1.0,1.0,0.0,0.75,1.3333333333333333,0.0
3,1,2026-06-08,0,24,6,1.0,1.0,1.0,1.0,0.0,1.0
3,1,2026-06-15,1,25,6,0.0,1.0,1.0,0.75,1.3333333333333333,2.0
3,1,2026-06-22,2,26,6,1.0,0.0,1.0,0.75,2.6666666666666665,0.0
3,2,2024-01-29,0,5,1,0.0,0.0,1.0,0.25,0.0,1.0
3,2,2024-02-05,1,6,2,0.0,0.0,0.0,0.0,1.0,0.0
3,2,2024-02-12,0,7,2,1.0,0.0,0.0,0.25,0.0,1.0
3,2,2024-02-19,1,8,2,0.0,1.0,0.0,0.25,4.0,0.0
3,2,2024-02-26,0,9,2,1.0,0.0,0.0,0.5,0.0,0.0
3,2,2024-03-04,0,10,3,0.0,1.0,1.0,0.5,0.0,0.0
3,2,2024-03-11,0,11,3,0.0,0.0,0.0,0.25,0.0,1.0
3,2,2024-03-18,1,12,3,0.0,0.0,1.0,0.25,4.0,0.0
3,2,2024-03-25,0,13,3,1.0,0.0,0.0,0.25,0.0,0.0
3,2,2024-04-01,0,14,4,0.0,1.0,0.0,0.25,0.0,0.0
3,2,2024-04-08,0,15,4,0.0,0.0,0.0,0.25,0.0,1.0
3,2,2024-04-15,1,16,4,0.0,0.0,1.0,0.25,4.0,0.0
3,2,2024-04-22,0,17,4,1.0,0.0,0.0,0.25,0.0,1.0
3,2,2024-04-29,1,18,4,0.0,1.0,0.0,0.25,4.0,0.0
3,2,2024-05-06,0,19,5,1.0,0.0,0.0,0.5,0.0,0.0
3,2,2024-05-13,0,20,5,0.0,1.0,1.0,0.5,0.0,1.0
3,2,2024-05-20,1,21,5,0.0,0.0,0.0,0.25,4.0,0.0
3,2,2024-05-27,0,22,5,1.0,0.0,1.0,0.5,0.0,0.0
3,2,2024-06-03,0,23,6,0.0,1.0,0.0,0.25,0.0,1.0
3,2,2024-06-10,1,24,6,0.0,0.0,0.0,0.25,4.0,1.0
3,2,2024-06-17,1,25,6,1.0,0.0,1.0,0.5,2.0,2.0
3,2,2024-06-24,2,26,6,1.0,1.0,0.0,0.5,4.0,0.0
3,2,2024-07-01,0,27,7,2.0,1.0,0.0,1.0,0.0,0.0
3,2,2024-07-08,0,28,7,0.0,2.0,1.0,1.0,0.0,1.0
3,2,2024-07-15,1,29,7,0.0,0.0,1.0,0.75,1.3333333333333333,1.0
3,2,2024-07-22,1,30,7,1.0,0.0,2.0,0.75,1.3333333333333333,0.0
3,2,2024-07-29,0,31,7,1.0,1.0,0.0,0.5,0.0,0.0
3,2,2024-08-05,0,32,8,0.0,1.0,0.0,0.5,0.0,1.0
3,2,2024-08-12,1,33,8,0.0,0.0,1.0,0.5,2.0,0.0
3,2,2024-08-19,0,34,8,1.0,0.0,1.0,0.5,0.0,0.0
3,2,2024-08-26,0,35,8,0.0,1.0,0.0,0.25,0.0,0.0
3,2,2024-09-02,0,36,9,0.0,0.0,0.0,0.25,0.0,1.0
3,2,2024-09-09,1,37,9,0.0,0.0,1.0,0.25,4.0,1.0
3,2,2024-09-16,1,38,9,1.0,0.0,0.0,0.25,4.0,0.0
3,2,2024-09-23,0,39,9,1.0,1.0,0.0,0.5,0.0,1.0
3,2,2024-09-30,1,40,9,0.0,1.0,0.0,0.5,2.0,2.0
3,2,2024-10-07,2,41,10,1.0,0.0,1.0,0.75,2.6666666666666665,0.0
3,2,2024-10-14,0,42,10,2.0,1.0,1.0,1.0,0.0,1.0
3,2,2024-10-21,1,43,10,0.0,2.0,0.0,0.75,1.3333333333333333,0.0
3,2,2024-10-28,0,44,10,1.0,0.0,1.0,1.0,0.0,0.0
3,2,2024-11-04,0,45,11,0.0,1.0,2.0,0.75,0.0,1.0
3,2,2024-11-11,1,46,11,0.0,0.0,0.0,0.25,4.0,1.0
3,2,2024-11-18,1,47,11,1.0,0.0,1.0,0.5,2.0,1.0
3,2,2024-11-25,1,48,11,1.0,1.0,0.0,0.5,2.0,1.0
3,2,2024-12-02,1,49,12,1.0,1.0,0.0,0.75,1.3333333333333333,0.0
3,2,2024-12-09,0,50,12,1.0,1.0,1.0,1.0,0.0,0.0
3,2,2024-12-16,0,51,12,0.0,1.0,1.0,0.75,0.0,1.0
3,2,2024-12-23,1,52,12,0.0,0.0,1.0,0.5,2.0,0.0
3,2,2024-12-30,0,1,12,1.0,0.0,1.0,0.5,0.0,1.0
3,2,2025-01-06,1,2,1,0.0,1.0,0.0,0.25,4.0,0.0
3,2,2025-01-13,0,3,1,1.0,0.0,0.0,0.5,0.0,1.0
3,2,2025-01-20,1,4,1,0.0,1.0,1.0,0.5,2.0,0.0
3,2,2025-01-27,0,5,1,1.0,0.0,0.0,0.5,0.0,0.0
3,2,2025-02-03,0,6,2,0.0,1.0,1.0,0.5,0.0,0.0
3,2,2025-02-10,0,7,2,0.0,0.0,0.0,0.25,0.0,1.0
3,2,2025-02-17,1,8,2,0.0,0.0,1.0,0.25,4.0,0.0
3,2,2025-02-24,0,9,2,1.0,0.0,0.0,0.25,0.0,0.0
3,2,2025-03-03,0,10,3,0.0,1.0,0.0,0.25,0.0,0.0
3,2,2025-03-10,0,11,3,0.0,0.0,0.0,0.25,0.0,0.0
3,2,2025-03-17,0,12,3,0.0,0.0,1.0,0.25,0.0,0.0
3,2,2025-03-24,0,13,3,0.0,0.0,0.0,0.0,1.0,0.0
3,2,2025-03-31,0,14,3,0.0,0.0,0.0,0.0,1.0,0.0
3,2,2025-04-07,0,15,4,0.0,0.0,0.0,0.0,1.0,0.0
3,2,2025-04-14,0,16,4,0.0,0.0,0.0,0.0,1.0,0.0
3,2,2025-04-21,0,17,4,0.0,0.0,0.0,0.0,1.0,0.0
3,2,2025-04-28,0,18,4,0.0,0.0,0.0,0.0,1.0,0.0
3,2,2025-05-05,0,19,5,0.0,0.0,0.0,0.0,1.0,1.0
3,2,2025-05-12,1,20,5,0.0,0.0,0.0,0.0,1.0,1.0
3,2,2025-05-19,1,21,5,1.0,0.0,0.0,0.25,4.0,0.0
3,2,2025-05-26,0,22,5,1.0,1.0,0.0,0.5,0.0,1.0
3,2,2025-06-02,1,23,6,0.0,1.0,0.0,0.5,2.0,1.0
3,2,2025-06-09,1,24,6,1.0,0.0,1.0,0.75,1.3333333333333333,0.0
3,2,2025-06-16,0,25,6,1.0,1.0,1.0,0.75,0.0,0.0
3,2,2025-06-23,0,26,6,0.0,1.0,0.0,0.5,0.0,1.0
3,2,2025-06-30,1,27,6,0.0,0.0,1.0,0.5,2.0,0.0
3,2,2025-07-07,0,28,7,1.0,0.0,1.0,0.5,0.0,0.0
3,2,2025-07-14,0,29,7,0.0,1.0,0.0,0.25,0.0,1.0
3,2,2025-07-21,1,30,7,0.0,0.0,0.0,0.25,4.0,0.0
3,2,2025-07-28,0,31,7,1.0,0.0,1.0,0.5,0.0,0.0
3,2,2025-08-04,0,32,8,0.0,1.0,0.0,0.25,0.0,0.0
3,2,2025-08-11,0,33,8,0.0,0.0,0.0,0.25,0.0,0.0
3,2,2025-08-18,0,34,8,0.0,0.0,1.0,0.25,0.0,0.0
3,2,2025-08-25,0,35,8,0.0,0.0,0.0,0.0,1.0,0.0
3,2,2025-09-01,0,36,9,0.0,0.0,0.0,0.0,1.0,2.0
3,2,2025-09-08,2,37,9,0.0,0.0,0.0,0.0,1.0,2.0
3,2,2025-09-15,2,38,9,2.0,0.0,0.0,0.5,4.0,0.0
3,2,2025-09-22,0,39,9,2.0,2.0,0.0,1.0,0.0,2.0
3,2,2025-09-29,2,40,9,0.0,2.0,0.0,1.0,2.0,0.0
3,2,2025-10-06,0,41,10,2.0,0.0,2.0,1.5,0.0,1.0
3,2,2025-10-13,1,42,10,0.0,2.0,2.0,1.0,1.0,0.0
3,2,2025-10-20,0,43,10,1.0,0.0,0.0,0.75,0.0,0.0
3,2,2025-10-27,0,44,10,0.0,1.0,2.0,0.75,0.0,1.0
3,2,2025-11-03,1,45,11,0.0,0.0,0.0,0.25,4.0,0.0
3,2,2025-11-10,0,46,11,1.0,0.0,1.0,0.5,0.0,2.0
3,2,2025-11-17,2,47,11,0.0,1.0,0.0,0.25,8.0,0.0
3,2,2025-11-24,0,48,11,2.0,0.0,0.0,0.75,0.0,0.0
3,2,2025-12-01,0,49,12,0.0,2.0,1.0,0.75,0.0,0.0
3,2,2025-12-08,0,50,12,0.0,0.0,0.0,0.5,0.0,1.0
3,2,2025-12-15,1,51,12,0.0,0.0,2.0,0.5,2.0,1.0
3,2,2025-12-22,1,52,12,1.0,0.0,0.0,0.25,4.0,2.0
3,2,2025-12-29,2,1,12,1.0,1.0,0.0,0.5,4.0,0.0
3,2,2026-01-05,0,2,1,2.0,1.0,0.0,1.0,0.0,0.0
3,2,2026-01-12,0,3,1,0.0,2.0,1.0,1.0,0.0,0.0
3,2,2026-01-19,0,4,1,0.0,0.0,1.0,0.75,0.0,1.0
3,2,2026-01-26,1,5,1,0.0,0.0,2.0,0.5,2.0,0.0
3,2,2026-02-02,0,6,2,1.0,0.0,0.0,0.25,0.0,0.0
3,2,2026-02-09,0,7,2,0.0,1.0,0.0,0.25,0.0,1.0
3,2,2026-02-16,1,8,2,0.0,0.0,0.0,0.25,4.0,2.0
3,2,2026-02-23,2,9,2,1.0,0.0,1.0,0.5,4.0,1.0
3,2,2026-03-02,1,10,3,2.0,1.0,0.0,0.75,1.3333333333333333,0.0
3,2,2026-03-09,0,11,3,1.0,2.0,0.0,1.0,0.0,0.0
3,2,2026-03-16,0,12,3,0.0,1.0,1.0,1.0,0.0,2.0
3,2,2026-03-23,2,13,3,0.0,0.0,2.0,0.75,2.6666666666666665,0.0
3,2,2026-03-30,0,14,3,2.0,0.0,1.0,0.75,0.0,0.0
3,2,2026-04-06,0,15,4,0.0,2.0,0.0,0.5,0.0,0.0
3,2,2026-04-13,0,16,4,0.0,0.0,0.0,0.5,0.0,0.0
3,2,2026-04-20,0,17,4,0.0,0.0,2.0,0.5,0.0,2.0
3,2,2026-04-27,2,18,4,0.0,0.0,0.0,0.0,1.0,1.0
3,2,2026-05-04,1,19,5,2.0,0.0,0.0,0.5,2.0,0.0
3,2,2026-05-11,0,20,5,1.0,2.0,0.0,0.75,0.0,1.0
3,2,2026-05-18,1,21,5,0.0,1.0,0.0,0.75,1.3333333333333333,0.0
3,2,2026-05-25,0,22,5,1.0,0.0,2.0,1.0,0.0,1.0
3,2,2026-06-01,1,23,6,0.0,1.0,1.0,0.5,2.0,0.0
3,2,2026-06-08,0,24,6,1.0,0.0,0.0,0.5,0.0,0.0
3,2,2026-06-15,0,25,6,0.0,1.0,1.0,0.5,0.0,1.0
3,2,2026-06-22,1,26,6,0.0,0.0,0.0,0.25,4.0,0.0
3,3,2024-01-29,0,5,1,0.0,2.0,1.0,1.0,0.0,1.0
3,3,2024-02-05,1,6,2,0.0,0.0,1.0,0.75,1.3333333333333333,0.0
3,3,2024-02-12,0,7,2,1.0,0.0,2.0,0.75,0.0,0.0
3,3,2024-02-19,0,8,2,0.0,1.0,0.0,0.25,0.0,1.0
3,3,2024-02-26,1,9,2,0.0,0.0,0.0,0.25,4.0,1.0
3,3,2024-03-04,1,10,3,1.0,0.0,1.0,0.5,2.0,0.0
3,3,2024-03-11,0,11,3,1.0,1.0,0.0,0.5,0.0,0.0
3,3,2024-03-18,0,12,3,0.0,1.0,0.0,0.5,0.0,0.0
3,3,2024-03-25,0,13,3,0.0,0.0,1.0,0.5,0.0,0.0
3,3,2024-04-01,0,14,4,0.0,0.0,1.0,0.25,0.0,0.0
3,3,2024-04-08,0,15,4,0.0,0.0,0.0,0.0,1.0,2.0
3,3,2024-04-15,2,16,4,0.0,0.0,0.0,0.0,1.0,0.0
3,3,2024-04-22,0,17,4,2.0,0.0,0.0,0.5,0.0,0.0
3,3,2024-04-29,0,18,4,0.0,2.0,0.0,0.5,0.0,0.0
3,3,2024-05-06,0,19,5,0.0,0.0,0.0,0.5,0.0,0.0
3,3,2024-05-13,0,20,5,0.0,0.0,2.0,0.5,0.0,0.0
3,3,2024-05-20,0,21,5,0.0,0.0,0.0,0.0,1.0,1.0
3,3,2024-05-27,1,22,5,0.0,0.0,0.0,0.0,1.0,0.0
3,3,2024-06-03,0,23,6,1.0,0.0,0.0,0.25,0.0,0.0
3,3,2024-06-10,0,24,6,0.0,1.0,0.0,0.25,0.0,0.0
3,3,2024-06-17,0,25,6,0.0,0.0,0.0,0.25,0.0,1.0
3,3,2024-06-24,1,26,6,0.0,0.0,1.0,0.25,4.0,0.0
3,3,2024-07-01,0,27,7,1.0,0.0,0.0,0.25,0.0,0.0
3,3,2024-07-08,0,28,7,0.0,1.0,0.0,0.25,0.0,0.0
3,3,2024-07-15,0,29,7,0.0,0.0,0.0,0.25,0.0,0.0
3,3,2024-07-22,0,30,7,0.0,0.0,1.0,0.25,0.0,1.0
3,3,2024-07-29,1,31,7,0.0,0.0,0.0,0.0,1.0,2.0
3,3,2024-08-05,2,32,8,1.0,0.0,0.0,0.25,8.0,0.0
3,3,2024-08-12,0,33,8,2.0,1.0,0.0,0.75,0.0,0.0
3,3,2024-08-19,0,34,8,0.0,2.0,0.0,0.75,0.0,0.0
3,3,2024-08-26,0,35,8,0.0,0.0,1.0,0.75,0.0,0.0
3,3,2024-09-02,0,36,9,0.0,0.0,2.0,0.5,0.0,0.0
3,3,2024-09-09,0,37,9,0.0,0.0,0.0,0.0,1.0,1.0
3,3,2024-09-16,1,38,9,0.0,0.0,0.0,0.0,1.0,0.0
3,3,2024-09-23,0,39,9,1.0,0.0,0.0,0.25,0.0,1.0
3,3,2024-09-30,1,40,9,0.0,1.0,0.0,0.25,4.0,0.0
3,3,2024-10-07,0,41,10,1.0,0.0,0.0,0.5,0.0,0.0
3,3,2024-10-14,0,42,10,0.0,1.0,1.0,0.5,0.0,1.0
3,3,2024-10-21,1,43,10,0.0,0.0,0.0,0.25,4.0,0.0
3,3,2024-10-28,0,44,10,1.0,0.0,1.0,0.5,0.0,0.0
3,3,2024-11-04,0,45,11,0.0,1.0,0.0,0.25,0.0,1.0
3,3,2024-11-11,1,46,11,0.0,0.0,0.0,0.25,4.0,2.0
3,3,2024-11-18,2,47,11,1.0,0.0,1.0,0.5,4.0,0.0
3,3,2024-11-25,0,48,11,2.0,1.0,0.0,0.75,0.0,0.0
3,3,2024-12-02,0,49,12,0.0,2.0,0.0,0.75,0.0,0.0
3,3,2024-12-09,0,50,12,0.0,0.0,1.0,0.75,0.0,0.0
3,3,2024-12-16,0,51,12,0.0,0.0,2.0,0.5,0.0,0.0
3,3,2024-12-23,0,52,12,0.0,0.0,0.0,0.0,1.0,0.0
3,3,2024-12-30,0,1,12,0.0,0.0,0.0,0.0,1.0,0.0
3,3,2025-01-06,0,2,1,0.0,0.0,0.0,0.0,1.0,1.0
3,3,2025-01-13,1,3,1,0.0,0.0,0.0,0.0,1.0,2.0
3,3,2025-01-20,2,4,1,1.0,0.0,0.0,0.25,8.0,0.0
3,3,2025-01-27,0,5,1,2.0,1.0,0.0,0.75,0.0,0.0
3,3,2025-02-03,0,6,2,0.0,2.0,0.0,0.75,0.0,0.0
3,3,2025-02-10,0,7,2,0.0,0.0,1.0,0.75,0.0,0.0
3,3,2025-02-17,0,8,2,0.0,0.0,2.0,0.5,0.0,0.0
3,3,2025-02-24,0,9,2,0.0,0.0,0.0,0.0,1.0,1.0
3,3,2025-03-03,1,10,3,0.0,0.0,0.0,0.0,1.0,1.0
3,3,2025-03-10,1,11,3,1.0,0.0,0.0,0.25,4.0,0.0
3,3,2025-03-17,0,12,3,1.0,1.0,0.0,0.5,0.0,1.0
3,3,2025-03-24,1,13,3,0.0,1.0,0.0,0.5,2.0,0.0
3,3,2025-03-31,0,14,3,1.0,0.0,1.0,0.75,0.0,0.0
3,3,2025-04-07,0,15,4,0.0,1.0,1.0,0.5,0.0,1.0
3,3,2025-04-14,1,16,4,0.0,0.0,0.0,0.25,4.0,0.0
3,3,2025-04-21,0,17,4,1.0,0.0,1.0,0.5,0.0,1.0
3,3,2025-04-28,1,18,4,0.0,1.0,0.0,0.25,4.0,0.0
3,3,2025-05-05,0,19,5,1.0,0.0,0.0,0.5,0.0,0.0
3,3,2025-05-12,0,20,5,0.0,1.0,1.0,0.5,0.0,0.0
3,3,2025-05-19,0,21,5,0.0,0.0,0.0,0.25,0.0,0.0
3,3,2025-05-26,0,22,5,0.0,0.0,1.0,0.25,0.0,1.0
3,3,2025-06-02,1,23,6,0.0,0.0,0.0,0.0,1.0,0.0
3,3,2025-06-09,0,24,6,1.0,0.0,0.0,0.25,0.0,0.0
3,3,2025-06-16,0,25,6,0.0,1.0,0.0,0.25,0.0,0.0
3,3,2025-06-23,0,26,6,0.0,0.0,0.0,0.25,0.0,1.0
3,3,2025-06-30,1,27,6,0.0,0.0,1.0,0.25,4.0,1.0
3,3,2025-07-07,1,28,7,1.0,0.0,0.0,0.25,4.0,0.0
3,3,2025-07-14,0,29,7,1.0,1.0,0.0,0.5,0.0,0.0
3,3,2025-07-21,0,30,7,0.0,1.0,0.0,0.5,0.0,0.0
3,3,2025-07-28,0,31,7,0.0,0.0,1.0,0.5,0.0,1.0
3,3,2025-08-04,1,32,8,0.0,0.0,1.0,0.25,4.0,0.0
3,3,2025-08-11,0,33,8,1.0,0.0,0.0,0.25,0.0,0.0
3,3,2025-08-18,0,34,8,0.0,1.0,0.0,0.25,0.0,0.0
3,3,2025-08-25,0,35,8,0.0,0.0,0.0,0.25,0.0,0.0
3,3,2025-09-01,0,36,9,0.0,0.0,1.0,0.25,0.0,1.0
3,3,2025-09-08,1,37,9,0.0,0.0,0.0,0.0,1.0,0.0
3,3,2025-09-15,0,38,9,1.0,0.0,0.0,0.25,0.0,0.0
3,3,2025-09-22,0,39,9,0.0,1.0,0.0,0.25,0.0,0.0
3,3,2025-09-29,0,40,9,0.0,0.0,0.0,0.25,0.0,0.0
3,3,2025-10-06,0,41,10,0.0,0.0,1.0,0.25,0.0,0.0
3,3,2025-10-13,0,42,10,0.0,0.0,0.0,0.0,1.0,0.0
3,3,2025-10-20,0,43,10,0.0,0.0,0.0,0.0,1.0,1.0
3,3,2025-10-27,1,44,10,0.0,0.0,0.0,0.0,1.0,0.0
3,3,2025-11-03,0,45,11,1.0,0.0,0.0,0.25,0.0,0.0
3,3,2025-11-10,0,46,11,0.0,1.0,0.0,0.25,0.0,1.0
3,3,2025-11-17,1,47,11,0.0,0.0,0.0,0.25,4.0,1.0
3,3,2025-11-24,1,48,11,1.0,0.0,1.0,0.5,2.0,0.0
3,3,2025-12-01,0,49,12,1.0,1.0,0.0,0.5,0.0,0.0
3,3,2025-12-08,0,50,12,0.0,1.0,0.0,0.5,0.0,0.0
3,3,2025-12-15,0,51,12,0.0,0.0,1.0,0.5,0.0,0.0
3,3,2025-12-22,0,52,12,0.0,0.0,1.0,0.25,0.0,0.0
3,3,2025-12-29,0,1,12,0.0,0.0,0.0,0.0,1.0,1.0
3,3,2026-01-05,1,2,1,0.0,0.0,0.0,0.0,1.0,0.0
3,3,2026-01-12,0,3,1,1.0,0.0,0.0,0.25,0.0,0.0
3,3,2026-01-19,0,4,1,0.0,1.0,0.0,0.25,0.0,0.0
3,3,2026-01-26,0,5,1,0.0,0.0,0.0,0.25,0.0,0.0
3,3,2026-02-02,0,6,2,0.0,0.0,1.0,0.25,0.0,0.0
3,3,2026-02-09,0,7,2,0.0,0.0,0.0,0.0,1.0,0.0
3,3,2026-02-16,0,8,2,0.0,0.0,0.0,0.0,1.0,1.0
3,3,2026-02-23,1,9,2,0.0,0.0,0.0,0.0,1.0,0.0
3,3,2026-03-02,0,10,3,1.0,0.0,0.0,0.25,0.0,0.0
3,3,2026-03-09,0,11,3,0.0,1.0,0.0,0.25,0.0,0.0
3,3,2026-03-16,0,12,3,0.0,0.0,0.0,0.25,0.0,0.0
3,3,2026-03-23,0,13,3,0.0,0.0,1.0,0.25,0.0,0.0
3,3,2026-03-30,0,14,3,0.0,0.0,0.0,0.0,1.0,0.0
3,3,2026-04-06,0,15,4,0.0,0.0,0.0,0.0,1.0,0.0
3,3,2026-04-13,0,16,4,0.0,0.0,0.0,0.0,1.0,0.0
3,3,2026-04-20,0,17,4,0.0,0.0,0.0,0.0,1.0,1.0
3,3,2026-04-27,1,18,4,0.0,0.0,0.0,0.0,1.0,1.0
3,3,2026-05-04,1,19,5,1.0,0.0,0.0,0.25,4.0,1.0
3,3,2026-05-11,1,20,5,1.0,1.0,0.0,0.5,2.0,0.0
3,3,2026-05-18,0,21,5,1.0,1.0,0.0,0.75,0.0,1.0
3,3,2026-05-25,1,22,5,0.0,1.0,1.0,0.75,1.3333333333333333,2.0
3,3,2026-06-01,2,23,6,1.0,0.0,1.0,0.75,2.6666666666666665,0.0
3,3,2026-06-08,0,24,6,2.0,1.0,1.0,1.0,0.0,2.0
3,3,2026-06-15,2,25,6,0.0,2.0,0.0,0.75,2.6666666666666665,0.0
3,3,2026-06-22,0,26,6,2.0,0.0,1.0,1.25,0.0,0.0
3,4,2024-01-29,2,5,1,0.0,1.0,0.0,0.5,4.0,1.0
3,4,2024-02-05,1,6,2,2.0,0.0,1.0,1.0,1.0,0.0
3,4,2024-02-12,0,7,2,1.0,2.0,1.0,1.0,0.0,1.0
3,4,2024-02-19,1,8,2,0.0,1.0,0.0,0.75,1.3333333333333333,1.0
3,4,2024-02-26,1,9,2,1.0,0.0,2.0,1.0,1.0,0.0
3,4,2024-03-04,0,10,3,1.0,1.0,1.0,0.75,0.0,0.0
3,4,2024-03-11,0,11,3,0.0,1.0,0.0,0.5,0.0,0.0
3,4,2024-03-18,0,12,3,0.0,0.0,1.0,0.5,0.0,0.0
3,4,2024-03-25,0,13,3,0.0,0.0,1.0,0.25,0.0,0.0
3,4,2024-04-01,0,14,4,0.0,0.0,0.0,0.0,1.0,1.0
3,4,2024-04-08,1,15,4,0.0,0.0,0.0,0.0,1.0,1.0
3,4,2024-04-15,1,16,4,1.0,0.0,0.0,0.25,4.0,0.0
3,4,2024-04-22,0,17,4,1.0,1.0,0.0,0.5,0.0,0.0
3,4,2024-04-29,0,18,4,0.0,1.0,0.0,0.5,0.0,0.0
3,4,2024-05-06,0,19,5,0.0,0.0,1.0,0.5,0.0,0.0
3,4,2024-05-13,0,20,5,0.0,0.0,1.0,0.25,0.0,1.0
3,4,2024-05-20,1,21,5,0.0,0.0,0.0,0.0,1.0,0.0
3,4,2024-05-27,0,22,5,1.0,0.0,0.0,0.25,0.0,1.0
3,4,2024-06-03,1,23,6,0.0,1.0,0.0,0.25,4.0,0.0
3,4,2024-06-10,0,24,6,1.0,0.0,0.0,0.5,0.0,0.0
3,4,2024-06-17,0,25,6,0.0,1.0,1.0,0.5,0.0,0.0
3,4,2024-06-24,0,26,6,0.0,0.0,0.0,0.25,0.0,0.0
3,4,2024-07-01,0,27,7,0.0,0.0,1.0,0.25,0.0,0.0
3,4,2024-07-08,0,28,7,0.0,0.0,0.0,0.0,1.0,2.0
3,4,2024-07-15,2,29,7,0.0,0.0,0.0,0.0,1.0,0.0
3,4,2024-07-22,0,30,7,2.0,0.0,0.0,0.5,0.0,0.0
3,4,2024-07-29,0,31,7,0.0,2.0,0.0,0.5,0.0,1.0
3,4,2024-08-05,1,32,8,0.0,0.0,0.0,0.5,2.0,1.0
3,4,2024-08-12,1,33,8,1.0,0.0,2.0,0.75,1.3333333333333333,0.0
3,4,2024-08-19,0,34,8,1.0,1.0,0.0,0.5,0.0,0.0
3,4,2024-08-26,0,35,8,0.0,1.0,0.0,0.5,0.0,0.0
3,4,2024-09-02,0,36,9,0.0,0.0,1.0,0.5,0.0,2.0
3,4,2024-09-09,2,37,9,0.0,0.0,1.0,0.25,8.0,0.0
3,4,2024-09-16,0,38,9,2.0,0.0,0.0,0.5,0.0,0.0
3,4,2024-09-23,0,39,9,0.0,2.0,0.0,0.5,0.0,0.0
3,4,2024-09-30,0,40,9,0.0,0.0,0.0,0.5,0.0,0.0
3,4,2024-10-07,0,41,10,0.0,0.0,2.0,0.5,0.0,1.0
3,4,2024-10-14,1,42,10,0.0,0.0,0.0,0.0,1.0,1.0
3,4,2024-10-21,1,43,10,1.0,0.0,0.0,0.25,4.0,0.0
3,4,2024-10-28,0,44,10,1.0,1.0,0.0,0.5,0.0,1.0
3,4,2024-11-04,1,45,11,0.0,1.0,0.0,0.5,2.0,0.0
3,4,2024-11-11,0,46,11,1.0,0.0,1.0,0.75,0.0,0.0
3,4,2024-11-18,0,47,11,0.0,1.0,1.0,0.5,0.0,2.0
3,4,2024-11-25,2,48,11,0.0,0.0,0.0,0.25,8.0,0.0
3,4,2024-12-02,0,49,12,2.0,0.0,1.0,0.75,0.0,1.0
3,4,2024-12-09,1,50,12,0.0,2.0,0.0,0.5,2.0,0.0
3,4,2024-12-16,0,51,12,1.0,0.0,0.0,0.75,0.0,0.0
3,4,2024-12-23,0,52,12,0.0,1.0,2.0,0.75,0.0,1.0
3,4,2024-12-30,1,1,12,0.0,0.0,0.0,0.25,4.0,0.0
3,4,2025-01-06,0,2,1,1.0,0.0,1.0,0.5,0.0,0.0
3,4,2025-01-13,0,3,1,0.0,1.0,0.0,0.25,0.0,0.0
3,4,2025-01-20,0,4,1,0.0,0.0,0.0,0.25,0.0,0.0
3,4,2025-01-27,0,5,1,0.0,0.0,1.0,0.25,0.0,0.0
3,4,2025-02-03,0,6,2,0.0,0.0,0.0,0.0,1.0,0.0
3,4,2025-02-10,0,7,2,0.0,0.0,0.0,0.0,1.0,0.0
3,4,2025-02-17,0,8,2,0.0,0.0,0.0,0.0,1.0,0.0
3,4,2025-02-24,0,9,2,0.0,0.0,0.0,0.0,1.0,0.0
3,4,2025-03-03,0,10,3,0.0,0.0,0.0,0.0,1.0,0.0
3,4,2025-03-10,0,11,3,0.0,0.0,0.0,0.0,1.0,0.0
3,4,2025-03-17,0,12,3,0.0,0.0,0.0,0.0,1.0,1.0
3,4,2025-03-24,1,13,3,0.0,0.0,0.0,0.0,1.0,1.0
3,4,2025-03-31,1,14,3,1.0,0.0,0.0,0.25,4.0,0.0
3,4,2025-04-07,0,15,4,1.0,1.0,0.0,0.5,0.0,0.0
3,4,2025-04-14,0,16,4,0.0,1.0,0.0,0.5,0.0,0.0
3,4,2025-04-21,0,17,4,0.0,0.0,1.0,0.5,0.0,1.0
3,4,2025-04-28,1,18,4,0.0,0.0,1.0,0.25,4.0,2.0
3,4,2025-05-05,2,19,5,1.0,0.0,0.0,0.25,8.0,1.0
3,4,2025-05-12,1,20,5,2.0,1.0,0.0,0.75,1.3333333333333333,0.0
3,4,2025-05-19,0,21,5,1.0,2.0,0.0,1.0,0.0,0.0
3,4,2025-05-26,0,22,5,0.0,1.0,1.0,1.0,0.0,0.0
3,4,2025-06-02,0,23,6,0.0,0.0,2.0,0.75,0.0,0.0
3,4,2025-06-09,0,24,6,0.0,0.0,1.0,0.25,0.0,0.0
3,4,2025-06-16,0,25,6,0.0,0.0,0.0,0.0,1.0,2.0
3,4,2025-06-23,2,26,6,0.0,0.0,0.0,0.0,1.0,0.0
3,4,2025-06-30,0,27,6,2.0,0.0,0.0,0.5,0.0,0.0
3,4,2025-07-07,0,28,7,0.0,2.0,0.0,0.5,0.0,0.0
3,4,2025-07-14,0,29,7,0.0,0.0,0.0,0.5,0.0,0.0
3,4,2025-07-21,0,30,7,0.0,0.0,2.0,0.5,0.0,1.0
3,4,2025-07-28,1,31,7,0.0,0.0,0.0,0.0,1.0,0.0
3,4,2025-08-04,0,32,8,1.0,0.0,0.0,0.25,0.0,0.0
3,4,2025-08-11,0,33,8,0.0,1.0,0.0,0.25,0.0,0.0
3,4,2025-08-18,0,34,8,0.0,0.0,0.0,0.25,0.0,0.0
3,4,2025-08-25,0,35,8,0.0,0.0,1.0,0.25,0.0,1.0
3,4,2025-09-01,1,36,9,0.0,0.0,0.0,0.0,1.0,0.0
3,4,2025-09-08,0,37,9,1.0,0.0,0.0,0.25,0.0,1.0
3,4,2025-09-15,1,38,9,0.0,1.0,0.0,0.25,4.0,0.0
3,4,2025-09-22,0,39,9,1.0,0.0,0.0,0.5,0.0,2.0
3,4,2025-09-29,2,40,9,0.0,1.0,1.0,0.5,4.0,2.0
3,4,2025-10-06,2,41,10,2.0,0.0,0.0,0.75,2.6666666666666665,0.0
3,4,2025-10-13,0,42,10,2.0,2.0,1.0,1.25,0.0,0.0
3,4,2025-10-20,0,43,10,0.0,2.0,0.0,1.0,0.0,2.0
3,4,2025-10-27,2,44,10,0.0,0.0,2.0,1.0,2.0,0.0
3,4,2025-11-03,0,45,11,2.0,0.0,2.0,1.0,0.0,0.0
3,4,2025-11-10,0,46,11,0.0,2.0,0.0,0.5,0.0,0.0
3,4,2025-11-17,0,47,11,0.0,0.0,0.0,0.5,0.0,1.0
3,4,2025-11-24,1,48,11,0.0,0.0,2.0,0.5,2.0,0.0
3,4,2025-12-01,0,49,12,1.0,0.0,0.0,0.25,0.0,2.0
3,4,2025-12-08,2,50,12,0.0,1.0,0.0,0.25,8.0,1.0
3,4,2025-12-15,1,51,12,2.0,0.0,0.0,0.75,1.3333333333333333,1.0
3,4,2025-12-22,1,52,12,1.0,2.0,1.0,1.0,1.0,1.0
3,4,2025-12-29,1,1,12,1.0,1.0,0.0,1.0,1.0,0.0
3,4,2026-01-05,0,2,1,1.0,1.0,2.0,1.25,0.0,0.0
3,4,2026-01-12,0,3,1,0.0,1.0,1.0,0.75,0.0,0.0
3,4,2026-01-19,0,4,1,0.0,0.0,1.0,0.5,0.0,2.0
3,4,2026-01-26,2,5,1,0.0,0.0,1.0,0.25,8.0,0.0
3,4,2026-02-02,0,6,2,2.0,0.0,0.0,0.5,0.0,1.0
3,4,2026-02-09,1,7,2,0.0,2.0,0.0,0.5,2.0,0.0
3,4,2026-02-16,0,8,2,1.0,0.0,0.0,0.75,0.0,0.0
3,4,2026-02-23,0,9,2,0.0,1.0,2.0,0.75,0.0,0.0
3,4,2026-03-02,0,10,3,0.0,0.0,0.0,0.25,0.0,0.0
3,4,2026-03-09,0,11,3,0.0,0.0,1.0,0.25,0.0,0.0
3,4,2026-03-16,0,12,3,0.0,0.0,0.0,0.0,1.0,0.0
3,4,2026-03-23,0,13,3,0.0,0.0,0.0,0.0,1.0,0.0
3,4,2026-03-30,0,14,3,0.0,0.0,0.0,0.0,1.0,1.0
3,4,2026-04-06,1,15,4,0.0,0.0,0.0,0.0,1.0,0.0
3,4,2026-04-13,0,16,4,1.0,0.0,0.0,0.25,0.0,1.0
3,4,2026-04-20,1,17,4,0.0,1.0,0.0,0.25,4.0,1.0
3,4,2026-04-27,1,18,4,1.0,0.0,0.0,0.5,2.0,0.0
3,4,2026-05-04,0,19,5,1.0,1.0,1.0,0.75,0.0,1.0
3,4,2026-05-11,1,20,5,0.0,1.0,0.0,0.5,2.0,0.0
3,4,2026-05-18,0,21,5,1.0,0.0,1.0,0.75,0.0,0.0
3,4,2026-05-25,0,22,5,0.0,1.0,1.0,0.5,0.0,1.0
3,4,2026-06-01,1,23,6,0.0,0.0,0.0,0.25,4.0,0.0
3,4,2026-06-08,0,24,6,1.0,0.0,1.0,0.5,0.0,0.0
3,4,2026-06-15,0,25,6,0.0,1.0,0.0,0.25,0.0,0.0
3,4,2026-06-22,0,26,6,0.0,0.0,0.0,0.25,0.0,0.0
3,5,2024-01-29,12,5,1,10.0,10.0,12.0,9.25,1.2972972972972974,10.0
3,5,2024-02-05,10,6,2,12.0,10.0,5.0,9.25,1.0810810810810811,11.0
3,5,2024-02-12,11,7,2,10.0,12.0,10.0,10.5,1.0476190476190477,4.0
3,5,2024-02-19,4,8,2,11.0,10.0,10.0,10.75,0.37209302325581395,14.0
3,5,2024-02-26,14,9,2,4.0,11.0,12.0,9.25,1.5135135135135136,9.0
3,5,2024-03-04,9,10,3,14.0,4.0,10.0,9.75,0.9230769230769231,10.0
3,5,2024-03-11,10,11,3,9.0,14.0,11.0,9.5,1.0526315789473684,16.0
3,5,2024-03-18,16,12,3,10.0,9.0,4.0,9.25,1.7297297297297298,13.0
3,5,2024-03-25,13,13,3,16.0,10.0,14.0,12.25,1.0612244897959184,16.0
3,5,2024-04-01,16,14,4,13.0,16.0,9.0,12.0,1.3333333333333333,12.0
3,5,2024-04-08,12,15,4,16.0,13.0,10.0,13.75,0.8727272727272727,19.0
3,5,2024-04-15,19,16,4,12.0,16.0,16.0,14.25,1.3333333333333333,4.0
3,5,2024-04-22,4,17,4,19.0,12.0,13.0,15.0,0.26666666666666666,18.0
3,5,2024-04-29,18,18,4,4.0,19.0,16.0,12.75,1.411764705882353,12.0
3,5,2024-05-06,12,19,5,18.0,4.0,12.0,13.25,0.9056603773584906,8.0
3,5,2024-05-13,8,20,5,12.0,18.0,19.0,13.25,0.6037735849056604,11.0
3,5,2024-05-20,11,21,5,8.0,12.0,4.0,10.5,1.0476190476190477,13.0
3,5,2024-05-27,13,22,5,11.0,8.0,18.0,12.25,1.0612244897959184,14.0
3,5,2024-06-03,14,23,6,13.0,11.0,12.0,11.0,1.2727272727272727,12.0
3,5,2024-06-10,12,24,6,14.0,13.0,8.0,11.5,1.0434782608695652,8.0
3,5,2024-06-17,8,25,6,12.0,14.0,11.0,12.5,0.64,9.0
3,5,2024-06-24,9,26,6,8.0,12.0,13.0,11.75,0.7659574468085106,13.0
3,5,2024-07-01,13,27,7,9.0,8.0,14.0,10.75,1.2093023255813953,7.0
3,5,2024-07-08,7,28,7,13.0,9.0,12.0,10.5,0.6666666666666666,8.0
3,5,2024-07-15,8,29,7,7.0,13.0,8.0,9.25,0.8648648648648649,15.0
3,5,2024-07-22,15,30,7,8.0,7.0,9.0,9.25,1.6216216216216217,6.0
3,5,2024-07-29,6,31,7,15.0,8.0,13.0,10.75,0.5581395348837209,12.0
3,5,2024-08-05,12,32,8,6.0,15.0,7.0,9.0,1.3333333333333333,11.0
3,5,2024-08-12,11,33,8,12.0,6.0,8.0,10.25,1.0731707317073171,16.0
3,5,2024-08-19,16,34,8,11.0,12.0,15.0,11.0,1.4545454545454546,18.0
3,5,2024-08-26,18,35,8,16.0,11.0,6.0,11.25,1.6,12.0
3,5,2024-09-02,12,36,9,18.0,16.0,12.0,14.25,0.8421052631578947,14.0
3,5,2024-09-09,14,37,9,12.0,18.0,11.0,14.25,0.9824561403508771,9.0
3,5,2024-09-16,9,38,9,14.0,12.0,16.0,15.0,0.6,13.0
3,5,2024-09-23,13,39,9,9.0,14.0,18.0,13.25,0.9811320754716981,12.0
3,5,2024-09-30,12,40,9,13.0,9.0,12.0,12.0,1.0,6.0
3,5,2024-10-07,6,41,10,12.0,13.0,14.0,12.0,0.5,13.0
3,5,2024-10-14,13,42,10,6.0,12.0,9.0,10.0,1.3,11.0
3,5,2024-10-21,11,43,10,13.0,6.0,13.0,11.0,1.0,10.0
3,5,2024-10-28,10,44,10,11.0,13.0,12.0,10.5,0.9523809523809523,7.0
3,5,2024-11-04,7,45,11,10.0,11.0,6.0,10.0,0.7,21.0
3,5,2024-11-11,21,46,11,7.0,10.0,13.0,10.25,2.048780487804878,11.0
3,5,2024-11-18,11,47,11,21.0,7.0,11.0,12.25,0.8979591836734694,6.0
3,5,2024-11-25,6,48,11,11.0,21.0,10.0,12.25,0.4897959183673469,18.0
3,5,2024-12-02,18,49,12,6.0,11.0,7.0,11.25,1.6,12.0
3,5,2024-12-09,12,50,12,18.0,6.0,21.0,14.0,0.8571428571428571,9.0
3,5,2024-12-16,9,51,12,12.0,18.0,11.0,11.75,0.7659574468085106,14.0
3,5,2024-12-23,14,52,12,9.0,12.0,6.0,11.25,1.2444444444444445,7.0
3,5,2024-12-30,7,1,12,14.0,9.0,18.0,13.25,0.5283018867924528,14.0
3,5,2025-01-06,14,2,1,7.0,14.0,12.0,10.5,1.3333333333333333,10.0
3,5,2025-01-13,10,3,1,14.0,7.0,9.0,11.0,0.9090909090909091,9.0
3,5,2025-01-20,9,4,1,10.0,14.0,14.0,11.25,0.8,12.0
3,5,2025-01-27,12,5,1,9.0,10.0,7.0,10.0,1.2,11.0
3,5,2025-02-03,11,6,2,12.0,9.0,14.0,11.25,0.9777777777777777,11.0
3,5,2025-02-10,11,7,2,11.0,12.0,10.0,10.5,1.0476190476190477,10.0
3,5,2025-02-17,10,8,2,11.0,11.0,9.0,10.75,0.9302325581395349,20.0
3,5,2025-02-24,20,9,2,10.0,11.0,12.0,11.0,1.8181818181818181,10.0
3,5,2025-03-03,10,10,3,20.0,10.0,11.0,13.0,0.7692307692307693,15.0
3,5,2025-03-10,15,11,3,10.0,20.0,11.0,12.75,1.1764705882352942,11.0
3,5,2025-03-17,11,12,3,15.0,10.0,10.0,13.75,0.8,9.0
3,5,2025-03-24,9,13,3,11.0,15.0,20.0,14.0,0.6428571428571429,8.0
3,5,2025-03-31,8,14,3,9.0,11.0,10.0,11.25,0.7111111111111111,11.0
3,5,2025-04-07,11,15,4,8.0,9.0,15.0,10.75,1.0232558139534884,17.0
3,5,2025-04-14,17,16,4,11.0,8.0,11.0,9.75,1.7435897435897436,8.0
3,5,2025-04-21,8,17,4,17.0,11.0,9.0,11.25,0.7111111111111111,11.0
3,5,2025-04-28,11,18,4,8.0,17.0,8.0,11.0,1.0,14.0
3,5,2025-05-05,14,19,5,11.0,8.0,11.0,11.75,1.1914893617021276,6.0
3,5,2025-05-12,6,20,5,14.0,11.0,17.0,12.5,0.48,11.0
3,5,2025-05-19,11,21,5,6.0,14.0,8.0,9.75,1.1282051282051282,12.0
3,5,2025-05-26,12,22,5,11.0,6.0,11.0,10.5,1.1428571428571428,13.0
3,5,2025-06-02,13,23,6,12.0,11.0,14.0,10.75,1.2093023255813953,12.0
3,5,2025-06-09,12,24,6,13.0,12.0,6.0,10.5,1.1428571428571428,8.0
3,5,2025-06-16,8,25,6,12.0,13.0,11.0,12.0,0.6666666666666666,12.0
3,5,2025-06-23,12,26,6,8.0,12.0,12.0,11.25,1.0666666666666667,9.0
3,5,2025-06-30,9,27,6,12.0,8.0,13.0,11.25,0.8,8.0
3,5,2025-07-07,8,28,7,9.0,12.0,12.0,10.25,0.7804878048780488,8.0
3,5,2025-07-14,8,29,7,8.0,9.0,8.0,9.25,0.8648648648648649,12.0
3,5,2025-07-21,12,30,7,8.0,8.0,12.0,9.25,1.2972972972972974,13.0
3,5,2025-07-28,13,31,7,12.0,8.0,9.0,9.25,1.4054054054054055,13.0
3,5,2025-08-04,13,32,8,13.0,12.0,8.0,10.25,1.2682926829268293,14.0
3,5,2025-08-11,14,33,8,13.0,13.0,8.0,11.5,1.2173913043478262,14.0
3,5,2025-08-18,14,34,8,14.0,13.0,12.0,13.0,1.0769230769230769,8.0
3,5,2025-08-25,8,35,8,14.0,14.0,13.0,13.5,0.5925925925925926,7.0
3,5,2025-09-01,7,36,9,8.0,14.0,13.0,12.25,0.5714285714285714,13.0
3,5,2025-09-08,13,37,9,7.0,8.0,14.0,10.75,1.2093023255813953,10.0
3,5,2025-09-15,10,38,9,13.0,7.0,14.0,10.5,0.9523809523809523,15.0
3,5,2025-09-22,15,39,9,10.0,13.0,8.0,9.5,1.5789473684210527,15.0
3,5,2025-09-29,15,40,9,15.0,10.0,7.0,11.25,1.3333333333333333,12.0
3,5,2025-10-06,12,41,10,15.0,15.0,13.0,13.25,0.9056603773584906,12.0
3,5,2025-10-13,12,42,10,12.0,15.0,10.0,13.0,0.9230769230769231,8.0
3,5,2025-10-20,8,43,10,12.0,12.0,15.0,13.5,0.5925925925925926,14.0
3,5,2025-10-27,14,44,10,8.0,12.0,15.0,11.75,1.1914893617021276,9.0
3,5,2025-11-03,9,45,11,14.0,8.0,12.0,11.5,0.782608695652174,12.0
3,5,2025-11-10,12,46,11,9.0,14.0,12.0,10.75,1.1162790697674418,15.0
3,5,2025-11-17,15,47,11,12.0,9.0,8.0,10.75,1.3953488372093024,12.0
3,5,2025-11-24,12,48,11,15.0,12.0,14.0,12.5,0.96,10.0
3,5,2025-12-01,10,49,12,12.0,15.0,9.0,12.0,0.8333333333333334,10.0
3,5,2025-12-08,10,50,12,10.0,12.0,12.0,12.25,0.8163265306122449,10.0
3,5,2025-12-15,10,51,12,10.0,10.0,15.0,11.75,0.851063829787234,8.0
3,5,2025-12-22,8,52,12,10.0,10.0,12.0,10.5,0.7619047619047619,15.0
3,5,2025-12-29,15,1,12,8.0,10.0,10.0,9.5,1.5789473684210527,5.0
3,5,2026-01-05,5,2,1,15.0,8.0,10.0,10.75,0.46511627906976744,12.0
3,5,2026-01-12,12,3,1,5.0,15.0,10.0,9.5,1.263157894736842,15.0
3,5,2026-01-19,15,4,1,12.0,5.0,8.0,10.0,1.5,9.0
3,5,2026-01-26,9,5,1,15.0,12.0,15.0,11.75,0.7659574468085106,9.0
3,5,2026-02-02,9,6,2,9.0,15.0,5.0,10.25,0.8780487804878049,11.0
3,5,2026-02-09,11,7,2,9.0,9.0,12.0,11.25,0.9777777777777777,12.0
3,5,2026-02-16,12,8,2,11.0,9.0,15.0,11.0,1.0909090909090908,12.0
3,5,2026-02-23,12,9,2,12.0,11.0,9.0,10.25,1.170731707317073,14.0
3,5,2026-03-02,14,10,3,12.0,12.0,9.0,11.0,1.2727272727272727,7.0
3,5,2026-03-09,7,11,3,14.0,12.0,11.0,12.25,0.5714285714285714,13.0
3,5,2026-03-16,13,12,3,7.0,14.0,12.0,11.25,1.1555555555555554,14.0
3,5,2026-03-23,14,13,3,13.0,7.0,12.0,11.5,1.2173913043478262,3.0
3,5,2026-03-30,3,14,3,14.0,13.0,14.0,12.0,0.25,12.0
3,5,2026-04-06,12,15,4,3.0,14.0,7.0,9.25,1.2972972972972974,12.0
3,5,2026-04-13,12,16,4,12.0,3.0,13.0,10.5,1.1428571428571428,12.0
3,5,2026-04-20,12,17,4,12.0,12.0,14.0,10.25,1.170731707317073,12.0
3,5,2026-04-27,12,18,4,12.0,12.0,3.0,9.75,1.2307692307692308,17.0
3,5,2026-05-04,17,19,5,12.0,12.0,12.0,12.0,1.4166666666666667,11.0
3,5,2026-05-11,11,20,5,17.0,12.0,12.0,13.25,0.8301886792452831,10.0
3,5,2026-05-18,10,21,5,11.0,17.0,12.0,13.0,0.7692307692307693,9.0
3,5,2026-05-25,9,22,5,10.0,11.0,12.0,12.5,0.72,11.0
3,5,2026-06-01,11,23,6,9.0,10.0,17.0,11.75,0.9361702127659575,9.0
3,5,2026-06-08,9,24,6,11.0,9.0,11.0,10.25,0.8780487804878049,11.0
3,5,2026-06-15,11,25,6,9.0,11.0,10.0,9.75,1.1282051282051282,9.0
3,5,2026-06-22,9,26,6,11.0,9.0,9.0,10.0,0.9,3.0
3,6,2024-01-29,1,5,1,1.0,0.0,0.0,0.25,4.0,0.0
3,6,2024-02-05,0,6,2,1.0,1.0,0.0,0.5,0.0,1.0
3,6,2024-02-12,1,7,2,0.0,1.0,0.0,0.5,2.0,1.0
3,6,2024-02-19,1,8,2,1.0,0.0,1.0,0.75,1.3333333333333333,0.0
3,6,2024-02-26,0,9,2,1.0,1.0,1.0,0.75,0.0,0.0
3,6,2024-03-04,0,10,3,0.0,1.0,0.0,0.5,0.0,0.0
3,6,2024-03-11,0,11,3,0.0,0.0,1.0,0.5,0.0,0.0
3,6,2024-03-18,0,12,3,0.0,0.0,1.0,0.25,0.0,0.0
3,6,2024-03-25,0,13,3,0.0,0.0,0.0,0.0,1.0,1.0
3,6,2024-04-01,1,14,4,0.0,0.0,0.0,0.0,1.0,2.0
3,6,2024-04-08,2,15,4,1.0,0.0,0.0,0.25,8.0,1.0
3,6,2024-04-15,1,16,4,2.0,1.0,0.0,0.75,1.3333333333333333,0.0
3,6,2024-04-22,0,17,4,1.0,2.0,0.0,1.0,0.0,0.0
3,6,2024-04-29,0,18,4,0.0,1.0,1.0,1.0,0.0,0.0
3,6,2024-05-06,0,19,5,0.0,0.0,2.0,0.75,0.0,0.0
3,6,2024-05-13,0,20,5,0.0,0.0,1.0,0.25,0.0,0.0
3,6,2024-05-20,0,21,5,0.0,0.0,0.0,0.0,1.0,0.0
3,6,2024-05-27,0,22,5,0.0,0.0,0.0,0.0,1.0,1.0
3,6,2024-06-03,1,23,6,0.0,0.0,0.0,0.0,1.0,1.0
3,6,2024-06-10,1,24,6,1.0,0.0,0.0,0.25,4.0,0.0
3,6,2024-06-17,0,25,6,1.0,1.0,0.0,0.5,0.0,1.0
3,6,2024-06-24,1,26,6,0.0,1.0,0.0,0.5,2.0,0.0
3,6,2024-07-01,0,27,7,1.0,0.0,1.0,0.75,0.0,0.0
3,6,2024-07-08,0,28,7,0.0,1.0,1.0,0.5,0.0,1.0
3,6,2024-07-15,1,29,7,0.0,0.0,0.0,0.25,4.0,0.0
3,6,2024-07-22,0,30,7,1.0,0.0,1.0,0.5,0.0,0.0
3,6,2024-07-29,0,31,7,0.0,1.0,0.0,0.25,0.0,0.0
3,6,2024-08-05,0,32,8,0.0,0.0,0.0,0.25,0.0,3.0
3,6,2024-08-12,3,33,8,0.0,0.0,1.0,0.25,12.0,0.0
3,6,2024-08-19,0,34,8,3.0,0.0,0.0,0.75,0.0,0.0
3,6,2024-08-26,0,35,8,0.0,3.0,0.0,0.75,0.0,0.0
3,6,2024-09-02,0,36,9,0.0,0.0,0.0,0.75,0.0,1.0
3,6,2024-09-09,1,37,9,0.0,0.0,3.0,0.75,1.3333333333333333,0.0
3,6,2024-09-16,0,38,9,1.0,0.0,0.0,0.25,0.0,0.0
3,6,2024-09-23,0,39,9,0.0,1.0,0.0,0.25,0.0,0.0
3,6,2024-09-30,0,40,9,0.0,0.0,0.0,0.25,0.0,1.0
3,6,2024-10-07,1,41,10,0.0,0.0,1.0,0.25,4.0,0.0
3,6,2024-10-14,0,42,10,1.0,0.0,0.0,0.25,0.0,0.0
3,6,2024-10-21,0,43,10,0.0,1.0,0.0,0.25,0.0,0.0
3,6,2024-10-28,0,44,10,0.0,0.0,0.0,0.25,0.0,0.0
3,6,2024-11-04,0,45,11,0.0,0.0,1.0,0.25,0.0,1.0
3,6,2024-11-11,1,46,11,0.0,0.0,0.0,0.0,1.0,0.0
3,6,2024-11-18,0,47,11,1.0,0.0,0.0,0.25,0.0,1.0
3,6,2024-11-25,1,48,11,0.0,1.0,0.0,0.25,4.0,0.0
3,6,2024-12-02,0,49,12,1.0,0.0,0.0,0.5,0.0,0.0
3,6,2024-12-09,0,50,12,0.0,1.0,1.0,0.5,0.0,0.0
3,6,2024-12-16,0,51,12,0.0,0.0,0.0,0.25,0.0,0.0
3,6,2024-12-23,0,52,12,0.0,0.0,1.0,0.25,0.0,0.0
3,6,2024-12-30,0,1,12,0.0,0.0,0.0,0.0,1.0,0.0
3,6,2025-01-06,0,2,1,0.0,0.0,0.0,0.0,1.0,1.0
3,6,2025-01-13,1,3,1,0.0,0.0,0.0,0.0,1.0,0.0
3,6,2025-01-20,0,4,1,1.0,0.0,0.0,0.25,0.0,1.0
3,6,2025-01-27,1,5,1,0.0,1.0,0.0,0.25,4.0,3.0
3,6,2025-02-03,3,6,2,1.0,0.0,0.0,0.5,6.0,0.0
3,6,2025-02-10,0,7,2,3.0,1.0,1.0,1.25,0.0,0.0
3,6,2025-02-17,0,8,2,0.0,3.0,0.0,1.0,0.0,2.0
3,6,2025-02-24,2,9,2,0.0,0.0,1.0,1.0,2.0,0.0
3,6,2025-03-03,0,10,3,2.0,0.0,3.0,1.25,0.0,2.0
3,6,2025-03-10,2,11,3,0.0,2.0,0.0,0.5,4.0,0.0
3,6,2025-03-17,0,12,3,2.0,0.0,0.0,1.0,0.0,0.0
3,6,2025-03-24,0,13,3,0.0,2.0,2.0,1.0,0.0,1.0
3,6,2025-03-31,1,14,3,0.0,0.0,0.0,0.5,2.0,1.0
3,6,2025-04-07,1,15,4,1.0,0.0,2.0,0.75,1.3333333333333333,1.0
3,6,2025-04-14,1,16,4,1.0,1.0,0.0,0.5,2.0,0.0
3,6,2025-04-21,0,17,4,1.0,1.0,0.0,0.75,0.0,1.0
3,6,2025-04-28,1,18,4,0.0,1.0,1.0,0.75,1.3333333333333333,1.0
3,6,2025-05-05,1,19,5,1.0,0.0,1.0,0.75,1.3333333333333333,0.0
3,6,2025-05-12,0,20,5,1.0,1.0,1.0,0.75,0.0,2.0
3,6,2025-05-19,2,21,5,0.0,1.0,0.0,0.5,4.0,2.0
3,6,2025-05-26,2,22,5,2.0,0.0,1.0,1.0,2.0,0.0
3,6,2025-06-02,0,23,6,2.0,2.0,1.0,1.25,0.0,0.0
3,6,2025-06-09,0,24,6,0.0,2.0,0.0,1.0,0.0,0.0
3,6,2025-06-16,0,25,6,0.0,0.0,2.0,1.0,0.0,1.0
3,6,2025-06-23,1,26,6,0.0,0.0,2.0,0.5,2.0,1.0
3,6,2025-06-30,1,27,6,1.0,0.0,0.0,0.25,4.0,0.0
3,6,2025-07-07,0,28,7,1.0,1.0,0.0,0.5,0.0,0.0
3,6,2025-07-14,0,29,7,0.0,1.0,0.0,0.5,0.0,1.0
3,6,2025-07-21,1,30,7,0.0,0.0,1.0,0.5,2.0,1.0
3,6,2025-07-28,1,31,7,1.0,0.0,1.0,0.5,2.0,3.0
3,6,2025-08-04,3,32,8,1.0,1.0,0.0,0.5,6.0,1.0
3,6,2025-08-11,1,33,8,3.0,1.0,0.0,1.25,0.8,1.0
3,6,2025-08-18,1,34,8,1.0,3.0,1.0,1.5,0.6666666666666666,0.0
3,6,2025-08-25,0,35,8,1.0,1.0,1.0,1.5,0.0,1.0
3,6,2025-09-01,1,36,9,0.0,1.0,3.0,1.25,0.8,1.0
3,6,2025-09-08,1,37,9,1.0,0.0,1.0,0.75,1.3333333333333333,0.0
3,6,2025-09-15,0,38,9,1.0,1.0,1.0,0.75,0.0,0.0
3,6,2025-09-22,0,39,9,0.0,1.0,0.0,0.5,0.0,1.0
3,6,2025-09-29,1,40,9,0.0,0.0,1.0,0.5,2.0,0.0
3,6,2025-10-06,0,41,10,1.0,0.0,1.0,0.5,0.0,0.0
3,6,2025-10-13,0,42,10,0.0,1.0,0.0,0.25,0.0,0.0
3,6,2025-10-20,0,43,10,0.0,0.0,0.0,0.25,0.0,1.0
3,6,2025-10-27,1,44,10,0.0,0.0,1.0,0.25,4.0,0.0
3,6,2025-11-03,0,45,11,1.0,0.0,0.0,0.25,0.0,0.0
3,6,2025-11-10,0,46,11,0.0,1.0,0.0,0.25,0.0,3.0
3,6,2025-11-17,3,47,11,0.0,0.0,0.0,0.25,12.0,1.0
3,6,2025-11-24,1,48,11,3.0,0.0,1.0,1.0,1.0,3.0
3,6,2025-12-01,3,49,12,1.0,3.0,0.0,1.0,3.0,0.0
3,6,2025-12-08,0,50,12,3.0,1.0,0.0,1.75,0.0,3.0
3,6,2025-12-15,3,51,12,0.0,3.0,3.0,1.75,1.7142857142857142,0.0
3,6,2025-12-22,0,52,12,3.0,0.0,1.0,1.75,0.0,0.0
3,6,2025-12-29,0,1,12,0.0,3.0,3.0,1.5,0.0,0.0
3,6,2026-01-05,0,2,1,0.0,0.0,0.0,0.75,0.0,0.0
3,6,2026-01-12,0,3,1,0.0,0.0,3.0,0.75,0.0,0.0
3,6,2026-01-19,0,4,1,0.0,0.0,0.0,0.0,1.0,1.0
3,6,2026-01-26,1,5,1,0.0,0.0,0.0,0.0,1.0,0.0
3,6,2026-02-02,0,6,2,1.0,0.0,0.0,0.25,0.0,2.0
3,6,2026-02-09,2,7,2,0.0,1.0,0.0,0.25,8.0,0.0
3,6,2026-02-16,0,8,2,2.0,0.0,0.0,0.75,0.0,0.0
3,6,2026-02-23,0,9,2,0.0,2.0,1.0,0.75,0.0,1.0
3,6,2026-03-02,1,10,3,0.0,0.0,0.0,0.5,2.0,0.0
3,6,2026-03-09,0,11,3,1.0,0.0,2.0,0.75,0.0,1.0
3,6,2026-03-16,1,12,3,0.0,1.0,0.0,0.25,4.0,1.0
3,6,2026-03-23,1,13,3,1.0,0.0,0.0,0.5,2.0,2.0
3,6,2026-03-30,2,14,3,1.0,1.0,1.0,0.75,2.6666666666666665,3.0
3,6,2026-04-06,3,15,4,2.0,1.0,0.0,1.0,3.0,0.0
3,6,2026-04-13,0,16,4,3.0,2.0,1.0,1.75,0.0,0.0
3,6,2026-04-20,0,17,4,0.0,3.0,1.0,1.5,0.0,0.0
3,6,2026-04-27,0,18,4,0.0,0.0,2.0,1.25,0.0,1.0
3,6,2026-05-04,1,19,5,0.0,0.0,3.0,0.75,1.3333333333333333,1.0
3,6,2026-05-11,1,20,5,1.0,0.0,0.0,0.25,4.0,1.0
3,6,2026-05-18,1,21,5,1.0,1.0,0.0,0.5,2.0,0.0
3,6,2026-05-25,0,22,5,1.0,1.0,0.0,0.75,0.0,0.0
3,6,2026-06-01,0,23,6,0.0,1.0,1.0,0.75,0.0,1.0
3,6,2026-06-08,1,24,6,0.0,0.0,1.0,0.5,2.0,0.0
3,6,2026-06-15,0,25,6,1.0,0.0,1.0,0.5,0.0,0.0
3,6,2026-06-22,0,26,6,0.0,1.0,0.0,0.25,0.0,0.0
3,7,2024-01-29,1,5,1,2.0,0.0,1.0,0.75,1.3333333333333333,0.0
3,7,2024-02-05,0,6,2,1.0,2.0,0.0,0.75,0.0,1.0
3,7,2024-02-12,1,7,2,0.0,1.0,0.0,0.75,1.3333333333333333,1.0
3,7,2024-02-19,1,8,2,1.0,0.0,2.0,1.0,1.0,2.0
3,7,2024-02-26,2,9,2,1.0,1.0,1.0,0.75,2.6666666666666665,0.0
3,7,2024-03-04,0,10,3,2.0,1.0,0.0,1.0,0.0,1.0
3,7,2024-03-11,1,11,3,0.0,2.0,1.0,1.0,1.0,1.0
3,7,2024-03-18,1,12,3,1.0,0.0,1.0,1.0,1.0,0.0
3,7,2024-03-25,0,13,3,1.0,1.0,2.0,1.0,0.0,0.0
3,7,2024-04-01,0,14,4,0.0,1.0,0.0,0.5,0.0,1.0
3,7,2024-04-08,1,15,4,0.0,0.0,1.0,0.5,2.0,0.0
3,7,2024-04-15,0,16,4,1.0,0.0,1.0,0.5,0.0,0.0
3,7,2024-04-22,0,17,4,0.0,1.0,0.0,0.25,0.0,0.0
3,7,2024-04-29,0,18,4,0.0,0.0,0.0,0.25,0.0,0.0
3,7,2024-05-06,0,19,5,0.0,0.0,1.0,0.25,0.0,0.0
3,7,2024-05-13,0,20,5,0.0,0.0,0.0,0.0,1.0,0.0
3,7,2024-05-20,0,21,5,0.0,0.0,0.0,0.0,1.0,0.0
3,7,2024-05-27,0,22,5,0.0,0.0,0.0,0.0,1.0,0.0
3,7,2024-06-03,0,23,6,0.0,0.0,0.0,0.0,1.0,1.0
3,7,2024-06-10,1,24,6,0.0,0.0,0.0,0.0,1.0,0.0
3,7,2024-06-17,0,25,6,1.0,0.0,0.0,0.25,0.0,0.0
3,7,2024-06-24,0,26,6,0.0,1.0,0.0,0.25,0.0,1.0
3,7,2024-07-01,1,27,7,0.0,0.0,0.0,0.25,4.0,1.0
3,7,2024-07-08,1,28,7,1.0,0.0,1.0,0.5,2.0,2.0
3,7,2024-07-15,2,29,7,1.0,1.0,0.0,0.5,4.0,0.0
3,7,2024-07-22,0,30,7,2.0,1.0,0.0,1.0,0.0,0.0
3,7,2024-07-29,0,31,7,0.0,2.0,1.0,1.0,0.0,1.0
3,7,2024-08-05,1,32,8,0.0,0.0,1.0,0.75,1.3333333333333333,0.0
3,7,2024-08-12,0,33,8,1.0,0.0,2.0,0.75,0.0,0.0
3,7,2024-08-19,0,34,8,0.0,1.0,0.0,0.25,0.0,1.0
3,7,2024-08-26,1,35,8,0.0,0.0,0.0,0.25,4.0,1.0
3,7,2024-09-02,1,36,9,1.0,0.0,1.0,0.5,2.0,0.0
3,7,2024-09-09,0,37,9,1.0,1.0,0.0,0.5,0.0,0.0
3,7,2024-09-16,0,38,9,0.0,1.0,0.0,0.5,0.0,1.0
3,7,2024-09-23,1,39,9,0.0,0.0,1.0,0.5,2.0,0.0
3,7,2024-09-30,0,40,9,1.0,0.0,1.0,0.5,0.0,0.0
3,7,2024-10-07,0,41,10,0.0,1.0,0.0,0.25,0.0,1.0
3,7,2024-10-14,1,42,10,0.0,0.0,0.0,0.25,4.0,0.0
3,7,2024-10-21,0,43,10,1.0,0.0,1.0,0.5,0.0,0.0
3,7,2024-10-28,0,44,10,0.0,1.0,0.0,0.25,0.0,0.0
3,7,2024-11-04,0,45,11,0.0,0.0,0.0,0.25,0.0,1.0
3,7,2024-11-11,1,46,11,0.0,0.0,1.0,0.25,4.0,0.0
3,7,2024-11-18,0,47,11,1.0,0.0,0.0,0.25,0.0,0.0
3,7,2024-11-25,0,48,11,0.0,1.0,0.0,0.25,0.0,0.0
3,7,2024-12-02,0,49,12,0.0,0.0,0.0,0.25,0.0,0.0
3,7,2024-12-09,0,50,12,0.0,0.0,1.0,0.25,0.0,0.0
3,7,2024-12-16,0,51,12,0.0,0.0,0.0,0.0,1.0,1.0
3,7,2024-12-23,1,52,12,0.0,0.0,0.0,0.0,1.0,0.0
3,7,2024-12-30,0,1,12,1.0,0.0,0.0,0.25,0.0,0.0
3,7,2025-01-06,0,2,1,0.0,1.0,0.0,0.25,0.0,0.0
3,7,2025-01-13,0,3,1,0.0,0.0,0.0,0.25,0.0,1.0
3,7,2025-01-20,1,4,1,0.0,0.0,1.0,0.25,4.0,0.0
3,7,2025-01-27,0,5,1,1.0,0.0,0.0,0.25,0.0,0.0
3,7,2025-02-03,0,6,2,0.0,1.0,0.0,0.25,0.0,1.0
3,7,2025-02-10,1,7,2,0.0,0.0,0.0,0.25,4.0,0.0
3,7,2025-02-17,0,8,2,1.0,0.0,1.0,0.5,0.0,1.0
3,7,2025-02-24,1,9,2,0.0,1.0,0.0,0.25,4.0,1.0
3,7,2025-03-03,1,10,3,1.0,0.0,0.0,0.5,2.0,0.0
3,7,2025-03-10,0,11,3,1.0,1.0,1.0,0.75,0.0,1.0
3,7,2025-03-17,1,12,3,0.0,1.0,0.0,0.5,2.0,0.0
3,7,2025-03-24,0,13,3,1.0,0.0,1.0,0.75,0.0,0.0
3,7,2025-03-31,0,14,3,0.0,1.0,1.0,0.5,0.0,0.0
3,7,2025-04-07,0,15,4,0.0,0.0,0.0,0.25,0.0,0.0
3,7,2025-04-14,0,16,4,0.0,0.0,1.0,0.25,0.0,0.0
3,7,2025-04-21,0,17,4,0.0,0.0,0.0,0.0,1.0,1.0
3,7,2025-04-28,1,18,4,0.0,0.0,0.0,0.0,1.0,0.0
3,7,2025-05-05,0,19,5,1.0,0.0,0.0,0.25,0.0,0.0
3,7,2025-05-12,0,20,5,0.0,1.0,0.0,0.25,0.0,0.0
3,7,2025-05-19,0,21,5,0.0,0.0,0.0,0.25,0.0,0.0
3,7,2025-05-26,0,22,5,0.0,0.0,1.0,0.25,0.0,0.0
3,7,2025-06-02,0,23,6,0.0,0.0,0.0,0.0,1.0,0.0
3,7,2025-06-09,0,24,6,0.0,0.0,0.0,0.0,1.0,2.0
3,7,2025-06-16,2,25,6,0.0,0.0,0.0,0.0,1.0,0.0
3,7,2025-06-23,0,26,6,2.0,0.0,0.0,0.5,0.0,0.0
3,7,2025-06-30,0,27,6,0.0,2.0,0.0,0.5,0.0,3.0
3,7,2025-07-07,3,28,7,0.0,0.0,0.0,0.5,6.0,1.0
3,7,2025-07-14,1,29,7,3.0,0.0,2.0,1.25,0.8,0.0
3,7,2025-07-21,0,30,7,1.0,3.0,0.0,1.0,0.0,3.0
3,7,2025-07-28,3,31,7,0.0,1.0,0.0,1.0,3.0,1.0
3,7,2025-08-04,1,32,8,3.0,0.0,3.0,1.75,0.5714285714285714,2.0
3,7,2025-08-11,2,33,8,1.0,3.0,1.0,1.25,1.6,0.0
3,7,2025-08-18,0,34,8,2.0,1.0,0.0,1.5,0.0,0.0
3,7,2025-08-25,0,35,8,0.0,2.0,3.0,1.5,0.0,1.0
3,7,2025-09-01,1,36,9,0.0,0.0,1.0,0.75,1.3333333333333333,0.0
3,7,2025-09-08,0,37,9,1.0,0.0,2.0,0.75,0.0,0.0
3,7,2025-09-15,0,38,9,0.0,1.0,0.0,0.25,0.0,0.0
3,7,2025-09-22,0,39,9,0.0,0.0,0.0,0.25,0.0,1.0
3,7,2025-09-29,1,40,9,0.0,0.0,1.0,0.25,4.0,1.0
3,7,2025-10-06,1,41,10,1.0,0.0,0.0,0.25,4.0,0.0
3,7,2025-10-13,0,42,10,1.0,1.0,0.0,0.5,0.0,0.0
3,7,2025-10-20,0,43,10,0.0,1.0,0.0,0.5,0.0,0.0
3,7,2025-10-27,0,44,10,0.0,0.0,1.0,0.5,0.0,0.0
3,7,2025-11-03,0,45,11,0.0,0.0,1.0,0.25,0.0,0.0
3,7,2025-11-10,0,46,11,0.0,0.0,0.0,0.0,1.0,1.0
3,7,2025-11-17,1,47,11,0.0,0.0,0.0,0.0,1.0,0.0
3,7,2025-11-24,0,48,11,1.0,0.0,0.0,0.25,0.0,0.0
3,7,2025-12-01,0,49,12,0.0,1.0,0.0,0.25,0.0,0.0
3,7,2025-12-08,0,50,12,0.0,0.0,0.0,0.25,0.0,1.0
3,7,2025-12-15,1,51,12,0.0,0.0,1.0,0.25,4.0,2.0
3,7,2025-12-22,2,52,12,1.0,0.0,0.0,0.25,8.0,0.0
3,7,2025-12-29,0,1,12,2.0,1.0,0.0,0.75,0.0,3.0
3,7,2026-01-05,3,2,1,0.0,2.0,0.0,0.75,4.0,0.0
3,7,2026-01-12,0,3,1,3.0,0.0,1.0,1.5,0.0,0.0
3,7,2026-01-19,0,4,1,0.0,3.0,2.0,1.25,0.0,0.0
3,7,2026-01-26,0,5,1,0.0,0.0,0.0,0.75,0.0,0.0
3,7,2026-02-02,0,6,2,0.0,0.0,3.0,0.75,0.0,1.0
3,7,2026-02-09,1,7,2,0.0,0.0,0.0,0.0,1.0,0.0
3,7,2026-02-16,0,8,2,1.0,0.0,0.0,0.25,0.0,0.0
3,7,2026-02-23,0,9,2,0.0,1.0,0.0,0.25,0.0,1.0
3,7,2026-03-02,1,10,3,0.0,0.0,0.0,0.25,4.0,0.0
3,7,2026-03-09,0,11,3,1.0,0.0,1.0,0.5,0.0,0.0
3,7,2026-03-16,0,12,3,0.0,1.0,0.0,0.25,0.0,1.0
3,7,2026-03-23,1,13,3,0.0,0.0,0.0,0.25,4.0,1.0
3,7,2026-03-30,1,14,3,1.0,0.0,1.0,0.5,2.0,1.0
3,7,2026-04-06,1,15,4,1.0,1.0,0.0,0.5,2.0,0.0
3,7,2026-04-13,0,16,4,1.0,1.0,0.0,0.75,0.0,0.0
3,7,2026-04-20,0,17,4,0.0,1.0,1.0,0.75,0.0,0.0
3,7,2026-04-27,0,18,4,0.0,0.0,1.0,0.5,0.0,0.0
3,7,2026-05-04,0,19,5,0.0,0.0,1.0,0.25,0.0,2.0
3,7,2026-05-11,2,20,5,0.0,0.0,0.0,0.0,1.0,0.0
3,7,2026-05-18,0,21,5,2.0,0.0,0.0,0.5,0.0,2.0
3,7,2026-05-25,2,22,5,0.0,2.0,0.0,0.5,4.0,0.0
3,7,2026-06-01,0,23,6,2.0,0.0,0.0,1.0,0.0,2.0
3,7,2026-06-08,2,24,6,0.0,2.0,2.0,1.0,2.0,0.0
3,7,2026-06-15,0,25,6,2.0,0.0,0.0,1.0,0.0,1.0
3,7,2026-06-22,1,26,6,0.0,2.0,2.0,1.0,1.0,0.0
3,8,2024-01-29,0,5,1,1.0,0.0,0.0,0.25,0.0,1.0
3,8,2024-02-05,1,6,2,0.0,1.0,0.0,0.25,4.0,0.0
3,8,2024-02-12,0,7,2,1.0,0.0,0.0,0.5,0.0,0.0
3,8,2024-02-19,0,8,2,0.0,1.0,1.0,0.5,0.0,0.0
3,8,2024-02-26,0,9,2,0.0,0.0,0.0,0.25,0.0,0.0
3,8,2024-03-04,0,10,3,0.0,0.0,1.0,0.25,0.0,0.0
3,8,2024-03-11,0,11,3,0.0,0.0,0.0,0.0,1.0,1.0
3,8,2024-03-18,1,12,3,0.0,0.0,0.0,0.0,1.0,0.0
3,8,2024-03-25,0,13,3,1.0,0.0,0.0,0.25,0.0,1.0
3,8,2024-04-01,1,14,4,0.0,1.0,0.0,0.25,4.0,2.0
3,8,2024-04-08,2,15,4,1.0,0.0,0.0,0.5,4.0,0.0
3,8,2024-04-15,0,16,4,2.0,1.0,1.0,1.0,0.0,1.0
3,8,2024-04-22,1,17,4,0.0,2.0,0.0,0.75,1.3333333333333333,0.0
3,8,2024-04-29,0,18,4,1.0,0.0,1.0,1.0,0.0,0.0
3,8,2024-05-06,0,19,5,0.0,1.0,2.0,0.75,0.0,0.0
3,8,2024-05-13,0,20,5,0.0,0.0,0.0,0.25,0.0,1.0
3,8,2024-05-20,1,21,5,0.0,0.0,1.0,0.25,4.0,2.0
3,8,2024-05-27,2,22,5,1.0,0.0,0.0,0.25,8.0,2.0
3,8,2024-06-03,2,23,6,2.0,1.0,0.0,0.75,2.6666666666666665,0.0
3,8,2024-06-10,0,24,6,2.0,2.0,0.0,1.25,0.0,0.0
3,8,2024-06-17,0,25,6,0.0,2.0,1.0,1.25,0.0,0.0
3,8,2024-06-24,0,26,6,0.0,0.0,2.0,1.0,0.0,0.0
3,8,2024-07-01,0,27,7,0.0,0.0,2.0,0.5,0.0,1.0
3,8,2024-07-08,1,28,7,0.0,0.0,0.0,0.0,1.0,2.0
3,8,2024-07-15,2,29,7,1.0,0.0,0.0,0.25,8.0,1.0
3,8,2024-07-22,1,30,7,2.0,1.0,0.0,0.75,1.3333333333333333,0.0
3,8,2024-07-29,0,31,7,1.0,2.0,0.0,1.0,0.0,1.0
3,8,2024-08-05,1,32,8,0.0,1.0,1.0,1.0,1.0,0.0
3,8,2024-08-12,0,33,8,1.0,0.0,2.0,1.0,0.0,0.0
3,8,2024-08-19,0,34,8,0.0,1.0,1.0,0.5,0.0,0.0
3,8,2024-08-26,0,35,8,0.0,0.0,0.0,0.25,0.0,0.0
3,8,2024-09-02,0,36,9,0.0,0.0,1.0,0.25,0.0,0.0
3,8,2024-09-09,0,37,9,0.0,0.0,0.0,0.0,1.0,0.0
3,8,2024-09-16,0,38,9,0.0,0.0,0.0,0.0,1.0,0.0
3,8,2024-09-23,0,39,9,0.0,0.0,0.0,0.0,1.0,0.0
3,8,2024-09-30,0,40,9,0.0,0.0,0.0,0.0,1.0,1.0
3,8,2024-10-07,1,41,10,0.0,0.0,0.0,0.0,1.0,0.0
3,8,2024-10-14,0,42,10,1.0,0.0,0.0,0.25,0.0,0.0
3,8,2024-10-21,0,43,10,0.0,1.0,0.0,0.25,0.0,0.0
3,8,2024-10-28,0,44,10,0.0,0.0,0.0,0.25,0.0,2.0
3,8,2024-11-04,2,45,11,0.0,0.0,1.0,0.25,8.0,0.0
3,8,2024-11-11,0,46,11,2.0,0.0,0.0,0.5,0.0,2.0
3,8,2024-11-18,2,47,11,0.0,2.0,0.0,0.5,4.0,0.0
3,8,2024-11-25,0,48,11,2.0,0.0,0.0,1.0,0.0,1.0
3,8,2024-12-02,1,49,12,0.0,2.0,2.0,1.0,1.0,0.0
3,8,2024-12-09,0,50,12,1.0,0.0,0.0,0.75,0.0,1.0
3,8,2024-12-16,1,51,12,0.0,1.0,2.0,0.75,1.3333333333333333,1.0
3,8,2024-12-23,1,52,12,1.0,0.0,0.0,0.5,2.0,2.0
3,8,2024-12-30,2,1,12,1.0,1.0,1.0,0.75,2.6666666666666665,0.0
3,8,2025-01-06,0,2,1,2.0,1.0,0.0,1.0,0.0,2.0
3,8,2025-01-13,2,3,1,0.0,2.0,1.0,1.0,2.0,0.0
3,8,2025-01-20,0,4,1,2.0,0.0,1.0,1.25,0.0,1.0
3,8,2025-01-27,1,5,1,0.0,2.0,2.0,1.0,1.0,0.0
3,8,2025-02-03,0,6,2,1.0,0.0,0.0,0.75,0.0,1.0
3,8,2025-02-10,1,7,2,0.0,1.0,2.0,0.75,1.3333333333333333,0.0
3,8,2025-02-17,0,8,2,1.0,0.0,0.0,0.5,0.0,0.0
3,8,2025-02-24,0,9,2,0.0,1.0,1.0,0.5,0.0,0.0
3,8,2025-03-03,0,10,3,0.0,0.0,0.0,0.25,0.0,0.0
3,8,2025-03-10,0,11,3,0.0,0.0,1.0,0.25,0.0,0.0
3,8,2025-03-17,0,12,3,0.0,0.0,0.0,0.0,1.0,1.0
3,8,2025-03-24,1,13,3,0.0,0.0,0.0,0.0,1.0,2.0
3,8,2025-03-31,2,14,3,1.0,0.0,0.0,0.25,8.0,0.0
3,8,2025-04-07,0,15,4,2.0,1.0,0.0,0.75,0.0,0.0
3,8,2025-04-14,0,16,4,0.0,2.0,0.0,0.75,0.0,0.0
3,8,2025-04-21,0,17,4,0.0,0.0,1.0,0.75,0.0,0.0
3,8,2025-04-28,0,18,4,0.0,0.0,2.0,0.5,0.0,0.0
3,8,2025-05-05,0,19,5,0.0,0.0,0.0,0.0,1.0,2.0
3,8,2025-05-12,2,20,5,0.0,0.0,0.0,0.0,1.0,0.0
3,8,2025-05-19,0,21,5,2.0,0.0,0.0,0.5,0.0,0.0
3,8,2025-05-26,0,22,5,0.0,2.0,0.0,0.5,0.0,0.0
3,8,2025-06-02,0,23,6,0.0,0.0,0.0,0.5,0.0,0.0
3,8,2025-06-09,0,24,6,0.0,0.0,2.0,0.5,0.0,0.0
3,8,2025-06-16,0,25,6,0.0,0.0,0.0,0.0,1.0,0.0
3,8,2025-06-23,0,26,6,0.0,0.0,0.0,0.0,1.0,0.0
3,8,2025-06-30,0,27,6,0.0,0.0,0.0,0.0,1.0,0.0
3,8,2025-07-07,0,28,7,0.0,0.0,0.0,0.0,1.0,0.0
3,8,2025-07-14,0,29,7,0.0,0.0,0.0,0.0,1.0,1.0
3,8,2025-07-21,1,30,7,0.0,0.0,0.0,0.0,1.0,0.0
3,8,2025-07-28,0,31,7,1.0,0.0,0.0,0.25,0.0,0.0
3,8,2025-08-04,0,32,8,0.0,1.0,0.0,0.25,0.0,1.0
3,8,2025-08-11,1,33,8,0.0,0.0,0.0,0.25,4.0,0.0
3,8,2025-08-18,0,34,8,1.0,0.0,1.0,0.5,0.0,1.0
3,8,2025-08-25,1,35,8,0.0,1.0,0.0,0.25,4.0,0.0
3,8,2025-09-01,0,36,9,1.0,0.0,0.0,0.5,0.0,1.0
3,8,2025-09-08,1,37,9,0.0,1.0,1.0,0.5,2.0,0.0
3,8,2025-09-15,0,38,9,1.0,0.0,0.0,0.5,0.0,1.0
3,8,2025-09-22,1,39,9,0.0,1.0,1.0,0.5,2.0,0.0
3,8,2025-09-29,0,40,9,1.0,0.0,0.0,0.5,0.0,0.0
3,8,2025-10-06,0,41,10,0.0,1.0,1.0,0.5,0.0,0.0
3,8,2025-10-13,0,42,10,0.0,0.0,0.0,0.25,0.0,0.0
3,8,2025-10-20,0,43,10,0.0,0.0,1.0,0.25,0.0,0.0
3,8,2025-10-27,0,44,10,0.0,0.0,0.0,0.0,1.0,0.0
3,8,2025-11-03,0,45,11,0.0,0.0,0.0,0.0,1.0,0.0
3,8,2025-11-10,0,46,11,0.0,0.0,0.0,0.0,1.0,1.0
3,8,2025-11-17,1,47,11,0.0,0.0,0.0,0.0,1.0,0.0
3,8,2025-11-24,0,48,11,1.0,0.0,0.0,0.25,0.0,0.0
3,8,2025-12-01,0,49,12,0.0,1.0,0.0,0.25,0.0,0.0
3,8,2025-12-08,0,50,12,0.0,0.0,0.0,0.25,0.0,0.0
3,8,2025-12-15,0,51,12,0.0,0.0,1.0,0.25,0.0,0.0
3,8,2025-12-22,0,52,12,0.0,0.0,0.0,0.0,1.0,3.0
3,8,2025-12-29,3,1,12,0.0,0.0,0.0,0.0,1.0,0.0
3,8,2026-01-05,0,2,1,3.0,0.0,0.0,0.75,0.0,0.0
3,8,2026-01-12,0,3,1,0.0,3.0,0.0,0.75,0.0,0.0
3,8,2026-01-19,0,4,1,0.0,0.0,0.0,0.75,0.0,0.0
3,8,2026-01-26,0,5,1,0.0,0.0,3.0,0.75,0.0,0.0
3,8,2026-02-02,0,6,2,0.0,0.0,0.0,0.0,1.0,1.0
3,8,2026-02-09,1,7,2,0.0,0.0,0.0,0.0,1.0,1.0
3,8,2026-02-16,1,8,2,1.0,0.0,0.0,0.25,4.0,0.0
3,8,2026-02-23,0,9,2,1.0,1.0,0.0,0.5,0.0,0.0
3,8,2026-03-02,0,10,3,0.0,1.0,0.0,0.5,0.0,0.0
3,8,2026-03-09,0,11,3,0.0,0.0,1.0,0.5,0.0,0.0
3,8,2026-03-16,0,12,3,0.0,0.0,1.0,0.25,0.0,2.0
3,8,2026-03-23,2,13,3,0.0,0.0,0.0,0.0,1.0,0.0
3,8,2026-03-30,0,14,3,2.0,0.0,0.0,0.5,0.0,0.0
3,8,2026-04-06,0,15,4,0.0,2.0,0.0,0.5,0.0,0.0
3,8,2026-04-13,0,16,4,0.0,0.0,0.0,0.5,0.0,1.0
3,8,2026-04-20,1,17,4,0.0,0.0,2.0,0.5,2.0,2.0
3,8,2026-04-27,2,18,4,1.0,0.0,0.0,0.25,8.0,0.0
3,8,2026-05-04,0,19,5,2.0,1.0,0.0,0.75,0.0,0.0
3,8,2026-05-11,0,20,5,0.0,2.0,0.0,0.75,0.0,0.0
3,8,2026-05-18,0,21,5,0.0,0.0,1.0,0.75,0.0,3.0
3,8,2026-05-25,3,22,5,0.0,0.0,2.0,0.5,6.0,0.0
3,8,2026-06-01,0,23,6,3.0,0.0,0.0,0.75,0.0,0.0
3,8,2026-06-08,0,24,6,0.0,3.0,0.0,0.75,0.0,1.0
3,8,2026-06-15,1,25,6,0.0,0.0,0.0,0.75,1.3333333333333333,1.0
3,8,2026-06-22,1,26,6,1.0,0.0,3.0,1.0,1.0,0.0
3,9,2024-01-29,2,5,1,0.0,2.0,0.0,0.5,4.0,1.0
3,9,2024-02-05,1,6,2,2.0,0.0,0.0,1.0,1.0,0.0
3,9,2024-02-12,0,7,2,1.0,2.0,2.0,1.25,0.0,2.0
3,9,2024-02-19,2,8,2,0.0,1.0,0.0,0.75,2.6666666666666665,0.0
3,9,2024-02-26,0,9,2,2.0,0.0,2.0,1.25,0.0,1.0
3,9,2024-03-04,1,10,3,0.0,2.0,1.0,0.75,1.3333333333333333,1.0
3,9,2024-03-11,1,11,3,1.0,0.0,0.0,0.75,1.3333333333333333,0.0
3,9,2024-03-18,0,12,3,1.0,1.0,2.0,1.0,0.0,0.0
3,9,2024-03-25,0,13,3,0.0,1.0,0.0,0.5,0.0,0.0
3,9,2024-04-01,0,14,4,0.0,0.0,1.0,0.5,0.0,0.0
3,9,2024-04-08,0,15,4,0.0,0.0,1.0,0.25,0.0,0.0
3,9,2024-04-15,0,16,4,0.0,0.0,0.0,0.0,1.0,0.0
3,9,2024-04-22,0,17,4,0.0,0.0,0.0,0.0,1.0,0.0
3,9,2024-04-29,0,18,4,0.0,0.0,0.0,0.0,1.0,2.0
3,9,2024-05-06,2,19,5,0.0,0.0,0.0,0.0,1.0,1.0
3,9,2024-05-13,1,20,5,2.0,0.0,0.0,0.5,2.0,1.0
3,9,2024-05-20,1,21,5,1.0,2.0,0.0,0.75,1.3333333333333333,0.0
3,9,2024-05-27,0,22,5,1.0,1.0,0.0,1.0,0.0,0.0
3,9,2024-06-03,0,23,6,0.0,1.0,2.0,1.0,0.0,2.0
3,9,2024-06-10,2,24,6,0.0,0.0,1.0,0.5,4.0,0.0
3,9,2024-06-17,0,25,6,2.0,0.0,1.0,0.75,0.0,0.0
3,9,2024-06-24,0,26,6,0.0,2.0,0.0,0.5,0.0,0.0
3,9,2024-07-01,0,27,7,0.0,0.0,0.0,0.5,0.0,0.0
3,9,2024-07-08,0,28,7,0.0,0.0,2.0,0.5,0.0,0.0
3,9,2024-07-15,0,29,7,0.0,0.0,0.0,0.0,1.0,1.0
3,9,2024-07-22,1,30,7,0.0,0.0,0.0,0.0,1.0,0.0
3,9,2024-07-29,0,31,7,1.0,0.0,0.0,0.25,0.0,0.0
3,9,2024-08-05,0,32,8,0.0,1.0,0.0,0.25,0.0,0.0
3,9,2024-08-12,0,33,8,0.0,0.0,0.0,0.25,0.0,0.0
3,9,2024-08-19,0,34,8,0.0,0.0,1.0,0.25,0.0,1.0
3,9,2024-08-26,1,35,8,0.0,0.0,0.0,0.0,1.0,1.0
3,9,2024-09-02,1,36,9,1.0,0.0,0.0,0.25,4.0,0.0
3,9,2024-09-09,0,37,9,1.0,1.0,0.0,0.5,0.0,0.0
3,9,2024-09-16,0,38,9,0.0,1.0,0.0,0.5,0.0,1.0
3,9,2024-09-23,1,39,9,0.0,0.0,1.0,0.5,2.0,0.0
3,9,2024-09-30,0,40,9,1.0,0.0,1.0,0.5,0.0,1.0
3,9,2024-10-07,1,41,10,0.0,1.0,0.0,0.25,4.0,0.0
3,9,2024-10-14,0,42,10,1.0,0.0,0.0,0.5,0.0,0.0
3,9,2024-10-21,0,43,10,0.0,1.0,1.0,0.5,0.0,0.0
3,9,2024-10-28,0,44,10,0.0,0.0,0.0,0.25,0.0,2.0
3,9,2024-11-04,2,45,11,0.0,0.0,1.0,0.25,8.0,1.0
3,9,2024-11-11,1,46,11,2.0,0.0,0.0,0.5,2.0,0.0
3,9,2024-11-18,0,47,11,1.0,2.0,0.0,0.75,0.0,0.0
3,9,2024-11-25,0,48,11,0.0,1.0,0.0,0.75,0.0,0.0
3,9,2024-12-02,0,49,12,0.0,0.0,2.0,0.75,0.0,0.0
3,9,2024-12-09,0,50,12,0.0,0.0,1.0,0.25,0.0,0.0
3,9,2024-12-16,0,51,12,0.0,0.0,0.0,0.0,1.0,1.0
3,9,2024-12-23,1,52,12,0.0,0.0,0.0,0.0,1.0,1.0
3,9,2024-12-30,1,1,12,1.0,0.0,0.0,0.25,4.0,1.0
3,9,2025-01-06,1,2,1,1.0,1.0,0.0,0.5,2.0,1.0
3,9,2025-01-13,1,3,1,1.0,1.0,0.0,0.75,1.3333333333333333,0.0
3,9,2025-01-20,0,4,1,1.0,1.0,1.0,1.0,0.0,0.0
3,9,2025-01-27,0,5,1,0.0,1.0,1.0,0.75,0.0,0.0
3,9,2025-02-03,0,6,2,0.0,0.0,1.0,0.5,0.0,0.0
3,9,2025-02-10,0,7,2,0.0,0.0,1.0,0.25,0.0,0.0
3,9,2025-02-17,0,8,2,0.0,0.0,0.0,0.0,1.0,0.0
3,9,2025-02-24,0,9,2,0.0,0.0,0.0,0.0,1.0,0.0
3,9,2025-03-03,0,10,3,0.0,0.0,0.0,0.0,1.0,0.0
3,9,2025-03-10,0,11,3,0.0,0.0,0.0,0.0,1.0,0.0
3,9,2025-03-17,0,12,3,0.0,0.0,0.0,0.0,1.0,0.0
3,9,2025-03-24,0,13,3,0.0,0.0,0.0,0.0,1.0,0.0
3,9,2025-03-31,0,14,3,0.0,0.0,0.0,0.0,1.0,2.0
3,9,2025-04-07,2,15,4,0.0,0.0,0.0,0.0,1.0,0.0
3,9,2025-04-14,0,16,4,2.0,0.0,0.0,0.5,0.0,0.0
3,9,2025-04-21,0,17,4,0.0,2.0,0.0,0.5,0.0,0.0
3,9,2025-04-28,0,18,4,0.0,0.0,0.0,0.5,0.0,0.0
3,9,2025-05-05,0,19,5,0.0,0.0,2.0,0.5,0.0,0.0
3,9,2025-05-12,0,20,5,0.0,0.0,0.0,0.0,1.0,0.0
3,9,2025-05-19,0,21,5,0.0,0.0,0.0,0.0,1.0,1.0
3,9,2025-05-26,1,22,5,0.0,0.0,0.0,0.0,1.0,2.0
3,9,2025-06-02,2,23,6,1.0,0.0,0.0,0.25,8.0,0.0
3,9,2025-06-09,0,24,6,2.0,1.0,0.0,0.75,0.0,0.0
3,9,2025-06-16,0,25,6,0.0,2.0,0.0,0.75,0.0,0.0
3,9,2025-06-23,0,26,6,0.0,0.0,1.0,0.75,0.0,1.0
3,9,2025-06-30,1,27,6,0.0,0.0,2.0,0.5,2.0,0.0
3,9,2025-07-07,0,28,7,1.0,0.0,0.0,0.25,0.0,0.0
3,9,2025-07-14,0,29,7,0.0,1.0,0.0,0.25,0.0,1.0
3,9,2025-07-21,1,30,7,0.0,0.0,0.0,0.25,4.0,1.0
3,9,2025-07-28,1,31,7,1.0,0.0,1.0,0.5,2.0,1.0
3,9,2025-08-04,1,32,8,1.0,1.0,0.0,0.5,2.0,0.0
3,9,2025-08-11,0,33,8,1.0,1.0,0.0,0.75,0.0,0.0
3,9,2025-08-18,0,34,8,0.0,1.0,1.0,0.75,0.0,0.0
3,9,2025-08-25,0,35,8,0.0,0.0,1.0,0.5,0.0,1.0
3,9,2025-09-01,1,36,9,0.0,0.0,1.0,0.25,4.0,0.0
3,9,2025-09-08,0,37,9,1.0,0.0,0.0,0.25,0.0,0.0
3,9,2025-09-15,0,38,9,0.0,1.0,0.0,0.25,0.0,0.0
3,9,2025-09-22,0,39,9,0.0,0.0,0.0,0.25,0.0,0.0
3,9,2025-09-29,0,40,9,0.0,0.0,1.0,0.25,0.0,0.0
3,9,2025-10-06,0,41,10,0.0,0.0,0.0,0.0,1.0,0.0
3,9,2025-10-13,0,42,10,0.0,0.0,0.0,0.0,1.0,0.0
3,9,2025-10-20,0,43,10,0.0,0.0,0.0,0.0,1.0,0.0
3,9,2025-10-27,0,44,10,0.0,0.0,0.0,0.0,1.0,1.0
3,9,2025-11-03,1,45,11,0.0,0.0,0.0,0.0,1.0,0.0
3,9,2025-11-10,0,46,11,1.0,0.0,0.0,0.25,0.0,0.0
3,9,2025-11-17,0,47,11,0.0,1.0,0.0,0.25,0.0,0.0
3,9,2025-11-24,0,48,11,0.0,0.0,0.0,0.25,0.0,2.0
3,9,2025-12-01,2,49,12,0.0,0.0,1.0,0.25,8.0,0.0
3,9,2025-12-08,0,50,12,2.0,0.0,0.0,0.5,0.0,2.0
3,9,2025-12-15,2,51,12,0.0,2.0,0.0,0.5,4.0,1.0
3,9,2025-12-22,1,52,12,2.0,0.0,0.0,1.0,1.0,0.0
3,9,2025-12-29,0,1,12,1.0,2.0,2.0,1.25,0.0,0.0
3,9,2026-01-05,0,2,1,0.0,1.0,0.0,0.75,0.0,0.0
3,9,2026-01-12,0,3,1,0.0,0.0,2.0,0.75,0.0,0.0
3,9,2026-01-19,0,4,1,0.0,0.0,1.0,0.25,0.0,2.0
3,9,2026-01-26,2,5,1,0.0,0.0,0.0,0.0,1.0,0.0
3,9,2026-02-02,0,6,2,2.0,0.0,0.0,0.5,0.0,0.0
3,9,2026-02-09,0,7,2,0.0,2.0,0.0,0.5,0.0,0.0
3,9,2026-02-16,0,8,2,0.0,0.0,0.0,0.5,0.0,0.0
3,9,2026-02-23,0,9,2,0.0,0.0,2.0,0.5,0.0,1.0
3,9,2026-03-02,1,10,3,0.0,0.0,0.0,0.0,1.0,0.0
3,9,2026-03-09,0,11,3,1.0,0.0,0.0,0.25,0.0,1.0
3,9,2026-03-16,1,12,3,0.0,1.0,0.0,0.25,4.0,0.0
3,9,2026-03-23,0,13,3,1.0,0.0,0.0,0.5,0.0,1.0
3,9,2026-03-30,1,14,3,0.0,1.0,1.0,0.5,2.0,2.0
3,9,2026-04-06,2,15,4,1.0,0.0,0.0,0.5,4.0,0.0
3,9,2026-04-13,0,16,4,2.0,1.0,1.0,1.0,0.0,1.0
3,9,2026-04-20,1,17,4,0.0,2.0,0.0,0.75,1.3333333333333333,0.0
3,9,2026-04-27,0,18,4,1.0,0.0,1.0,1.0,0.0,0.0
3,9,2026-05-04,0,19,5,0.0,1.0,2.0,0.75,0.0,1.0
3,9,2026-05-11,1,20,5,0.0,0.0,0.0,0.25,4.0,2.0
3,9,2026-05-18,2,21,5,1.0,0.0,1.0,0.5,4.0,0.0
3,9,2026-05-25,0,22,5,2.0,1.0,0.0,0.75,0.0,1.0
3,9,2026-06-01,1,23,6,0.0,2.0,0.0,0.75,1.3333333333333333,0.0
3,9,2026-06-08,0,24,6,1.0,0.0,1.0,1.0,0.0,0.0
3,9,2026-06-15,0,25,6,0.0,1.0,2.0,0.75,0.0,1.0
3,9,2026-06-22,1,26,6,0.0,0.0,0.0,0.25,4.0,0.0
3,10,2024-01-29,1,5,1,0.0,0.0,0.0,0.0,1.0,0.0
3,10,2024-02-05,0,6,2,1.0,0.0,0.0,0.25,0.0,0.0
3,10,2024-02-12,0,7,2,0.0,1.0,0.0,0.25,0.0,0.0
3,10,2024-02-19,0,8,2,0.0,0.0,0.0,0.25,0.0,0.0
3,10,2024-02-26,0,9,2,0.0,0.0,1.0,0.25,0.0,1.0
3,10,2024-03-04,1,10,3,0.0,0.0,0.0,0.0,1.0,0.0
3,10,2024-03-11,0,11,3,1.0,0.0,0.0,0.25,0.0,0.0
3,10,2024-03-18,0,12,3,0.0,1.0,0.0,0.25,0.0,0.0
3,10,2024-03-25,0,13,3,0.0,0.0,0.0,0.25,0.0,0.0
3,10,2024-04-01,0,14,4,0.0,0.0,1.0,0.25,0.0,0.0
3,10,2024-04-08,0,15,4,0.0,0.0,0.0,0.0,1.0,0.0
3,10,2024-04-15,0,16,4,0.0,0.0,0.0,0.0,1.0,0.0
3,10,2024-04-22,0,17,4,0.0,0.0,0.0,0.0,1.0,1.0
3,10,2024-04-29,1,18,4,0.0,0.0,0.0,0.0,1.0,1.0
3,10,2024-05-06,1,19,5,1.0,0.0,0.0,0.25,4.0,0.0
3,10,2024-05-13,0,20,5,1.0,1.0,0.0,0.5,0.0,0.0
3,10,2024-05-20,0,21,5,0.0,1.0,0.0,0.5,0.0,2.0
3,10,2024-05-27,2,22,5,0.0,0.0,1.0,0.5,4.0,0.0
3,10,2024-06-03,0,23,6,2.0,0.0,1.0,0.75,0.0,0.0
3,10,2024-06-10,0,24,6,0.0,2.0,0.0,0.5,0.0,0.0
3,10,2024-06-17,0,25,6,0.0,0.0,0.0,0.5,0.0,0.0
3,10,2024-06-24,0,26,6,0.0,0.0,2.0,0.5,0.0,0.0
3,10,2024-07-01,0,27,7,0.0,0.0,0.0,0.0,1.0,1.0
3,10,2024-07-08,1,28,7,0.0,0.0,0.0,0.0,1.0,0.0
3,10,2024-07-15,0,29,7,1.0,0.0,0.0,0.25,0.0,0.0
3,10,2024-07-22,0,30,7,0.0,1.0,0.0,0.25,0.0,0.0
3,10,2024-07-29,0,31,7,0.0,0.0,0.0,0.25,0.0,0.0
3,10,2024-08-05,0,32,8,0.0,0.0,1.0,0.25,0.0,0.0
3,10,2024-08-12,0,33,8,0.0,0.0,0.0,0.0,1.0,1.0
3,10,2024-08-19,1,34,8,0.0,0.0,0.0,0.0,1.0,0.0
3,10,2024-08-26,0,35,8,1.0,0.0,0.0,0.25,0.0,1.0
3,10,2024-09-02,1,36,9,0.0,1.0,0.0,0.25,4.0,0.0
3,10,2024-09-09,0,37,9,1.0,0.0,0.0,0.5,0.0,0.0
3,10,2024-09-16,0,38,9,0.0,1.0,1.0,0.5,0.0,0.0
3,10,2024-09-23,0,39,9,0.0,0.0,0.0,0.25,0.0,0.0
3,10,2024-09-30,0,40,9,0.0,0.0,1.0,0.25,0.0,0.0
3,10,2024-10-07,0,41,10,0.0,0.0,0.0,0.0,1.0,0.0
3,10,2024-10-14,0,42,10,0.0,0.0,0.0,0.0,1.0,0.0
3,10,2024-10-21,0,43,10,0.0,0.0,0.0,0.0,1.0,0.0
3,10,2024-10-28,0,44,10,0.0,0.0,0.0,0.0,1.0,0.0
3,10,2024-11-04,0,45,11,0.0,0.0,0.0,0.0,1.0,0.0
3,10,2024-11-11,0,46,11,0.0,0.0,0.0,0.0,1.0,1.0
3,10,2024-11-18,1,47,11,0.0,0.0,0.0,0.0,1.0,1.0
3,10,2024-11-25,1,48,11,1.0,0.0,0.0,0.25,4.0,0.0
3,10,2024-12-02,0,49,12,1.0,1.0,0.0,0.5,0.0,0.0
3,10,2024-12-09,0,50,12,0.0,1.0,0.0,0.5,0.0,0.0
3,10,2024-12-16,0,51,12,0.0,0.0,1.0,0.5,0.0,1.0
3,10,2024-12-23,1,52,12,0.0,0.0,1.0,0.25,4.0,1.0
3,10,2024-12-30,1,1,12,1.0,0.0,0.0,0.25,4.0,0.0
3,10,2025-01-06,0,2,1,1.0,1.0,0.0,0.5,0.0,0.0
3,10,2025-01-13,0,3,1,0.0,1.0,0.0,0.5,0.0,1.0
3,10,2025-01-20,1,4,1,0.0,0.0,1.0,0.5,2.0,2.0
3,10,2025-01-27,2,5,1,1.0,0.0,1.0,0.5,4.0,2.0
3,10,2025-02-03,2,6,2,2.0,1.0,0.0,0.75,2.6666666666666665,0.0
3,10,2025-02-10,0,7,2,2.0,2.0,0.0,1.25,0.0,0.0
3,10,2025-02-17,0,8,2,0.0,2.0,1.0,1.25,0.0,0.0
3,10,2025-02-24,0,9,2,0.0,0.0,2.0,1.0,0.0,1.0
3,10,2025-03-03,1,10,3,0.0,0.0,2.0,0.5,2.0,0.0
3,10,2025-03-10,0,11,3,1.0,0.0,0.0,0.25,0.0,0.0
3,10,2025-03-17,0,12,3,0.0,1.0,0.0,0.25,0.0,0.0
3,10,2025-03-24,0,13,3,0.0,0.0,0.0,0.25,0.0,0.0
3,10,2025-03-31,0,14,3,0.0,0.0,1.0,0.25,0.0,0.0
3,10,2025-04-07,0,15,4,0.0,0.0,0.0,0.0,1.0,0.0
3,10,2025-04-14,0,16,4,0.0,0.0,0.0,0.0,1.0,0.0
3,10,2025-04-21,0,17,4,0.0,0.0,0.0,0.0,1.0,0.0
3,10,2025-04-28,0,18,4,0.0,0.0,0.0,0.0,1.0,0.0
3,10,2025-05-05,0,19,5,0.0,0.0,0.0,0.0,1.0,0.0
3,10,2025-05-12,0,20,5,0.0,0.0,0.0,0.0,1.0,1.0
3,10,2025-05-19,1,21,5,0.0,0.0,0.0,0.0,1.0,0.0
3,10,2025-05-26,0,22,5,1.0,0.0,0.0,0.25,0.0,0.0
3,10,2025-06-02,0,23,6,0.0,1.0,0.0,0.25,0.0,0.0
3,10,2025-06-09,0,24,6,0.0,0.0,0.0,0.25,0.0,1.0
3,10,2025-06-16,1,25,6,0.0,0.0,1.0,0.25,4.0,0.0
3,10,2025-06-23,0,26,6,1.0,0.0,0.0,0.25,0.0,0.0
3,10,2025-06-30,0,27,6,0.0,1.0,0.0,0.25,0.0,2.0
3,10,2025-07-07,2,28,7,0.0,0.0,0.0,0.25,8.0,1.0
3,10,2025-07-14,1,29,7,2.0,0.0,1.0,0.75,1.3333333333333333,0.0
3,10,2025-07-21,0,30,7,1.0,2.0,0.0,0.75,0.0,0.0
3,10,2025-07-28,0,31,7,0.0,1.0,0.0,0.75,0.0,2.0
3,10,2025-08-04,2,32,8,0.0,0.0,2.0,0.75,2.6666666666666665,1.0
3,10,2025-08-11,1,33,8,2.0,0.0,1.0,0.75,1.3333333333333333,0.0
3,10,2025-08-18,0,34,8,1.0,2.0,0.0,0.75,0.0,0.0
3,10,2025-08-25,0,35,8,0.0,1.0,0.0,0.75,0.0,0.0
3,10,2025-09-01,0,36,9,0.0,0.0,2.0,0.75,0.0,0.0
3,10,2025-09-08,0,37,9,0.0,0.0,1.0,0.25,0.0,0.0
3,10,2025-09-15,0,38,9,0.0,0.0,0.0,0.0,1.0,0.0
3,10,2025-09-22,0,39,9,0.0,0.0,0.0,0.0,1.0,0.0
3,10,2025-09-29,0,40,9,0.0,0.0,0.0,0.0,1.0,0.0
3,10,2025-10-06,0,41,10,0.0,0.0,0.0,0.0,1.0,0.0
3,10,2025-10-13,0,42,10,0.0,0.0,0.0,0.0,1.0,0.0
3,10,2025-10-20,0,43,10,0.0,0.0,0.0,0.0,1.0,0.0
3,10,2025-10-27,0,44,10,0.0,0.0,0.0,0.0,1.0,0.0
3,10,2025-11-03,0,45,11,0.0,0.0,0.0,0.0,1.0,0.0
3,10,2025-11-10,0,46,11,0.0,0.0,0.0,0.0,1.0,0.0
3,10,2025-11-17,0,47,11,0.0,0.0,0.0,0.0,1.0,0.0
3,10,2025-11-24,0,48,11,0.0,0.0,0.0,0.0,1.0,0.0
3,10,2025-12-01,0,49,12,0.0,0.0,0.0,0.0,1.0,0.0
3,10,2025-12-08,0,50,12,0.0,0.0,0.0,0.0,1.0,0.0
3,10,2025-12-15,0,51,12,0.0,0.0,0.0,0.0,1.0,2.0
3,10,2025-12-22,2,52,12,0.0,0.0,0.0,0.0,1.0,1.0
3,10,2025-12-29,1,1,12,2.0,0.0,0.0,0.5,2.0,0.0
3,10,2026-01-05,0,2,1,1.0,2.0,0.0,0.75,0.0,0.0
3,10,2026-01-12,0,3,1,0.0,1.0,0.0,0.75,0.0,0.0
3,10,2026-01-19,0,4,1,0.0,0.0,2.0,0.75,0.0,0.0
3,10,2026-01-26,0,5,1,0.0,0.0,1.0,0.25,0.0,0.0
3,10,2026-02-02,0,6,2,0.0,0.0,0.0,0.0,1.0,3.0
3,10,2026-02-09,3,7,2,0.0,0.0,0.0,0.0,1.0,1.0
3,10,2026-02-16,1,8,2,3.0,0.0,0.0,0.75,1.3333333333333333,0.0
3,10,2026-02-23,0,9,2,1.0,3.0,0.0,1.0,0.0,1.0
3,10,2026-03-02,1,10,3,0.0,1.0,0.0,1.0,1.0,0.0
3,10,2026-03-09,0,11,3,1.0,0.0,3.0,1.25,0.0,0.0
3,10,2026-03-16,0,12,3,0.0,1.0,1.0,0.5,0.0,1.0
3,10,2026-03-23,1,13,3,0.0,0.0,0.0,0.25,4.0,0.0
3,10,2026-03-30,0,14,3,1.0,0.0,1.0,0.5,0.0,1.0
3,10,2026-04-06,1,15,4,0.0,1.0,0.0,0.25,4.0,0.0
3,10,2026-04-13,0,16,4,1.0,0.0,0.0,0.5,0.0,0.0
3,10,2026-04-20,0,17,4,0.0,1.0,1.0,0.5,0.0,0.0
3,10,2026-04-27,0,18,4,0.0,0.0,0.0,0.25,0.0,2.0
3,10,2026-05-04,2,19,5,0.0,0.0,1.0,0.25,8.0,0.0
3,10,2026-05-11,0,20,5,2.0,0.0,0.0,0.5,0.0,4.0
3,10,2026-05-18,4,21,5,0.0,2.0,0.0,0.5,8.0,0.0
3,10,2026-05-25,0,22,5,4.0,0.0,0.0,1.5,0.0,0.0
3,10,2026-06-01,0,23,6,0.0,4.0,2.0,1.5,0.0,2.0
3,10,2026-06-08,2,24,6,0.0,0.0,0.0,1.0,2.0,0.0
3,10,2026-06-15,0,25,6,2.0,0.0,4.0,1.5,0.0,0.0
3,10,2026-06-22,0,26,6,0.0,2.0,0.0,0.5,0.0,0.0
3,11,2024-01-29,0,5,1,0.0,0.0,0.0,0.0,1.0,0.0
3,11,2024-02-05,0,6,2,0.0,0.0,0.0,0.0,1.0,1.0
3,11,2024-02-12,1,7,2,0.0,0.0,0.0,0.0,1.0,1.0
3,11,2024-02-19,1,8,2,1.0,0.0,0.0,0.25,4.0,1.0
3,11,2024-02-26,1,9,2,1.0,1.0,0.0,0.5,2.0,1.0
3,11,2024-03-04,1,10,3,1.0,1.0,0.0,0.75,1.3333333333333333,0.0
3,11,2024-03-11,0,11,3,1.0,1.0,1.0,1.0,0.0,1.0
3,11,2024-03-18,1,12,3,0.0,1.0,1.0,0.75,1.3333333333333333,0.0
3,11,2024-03-25,0,13,3,1.0,0.0,1.0,0.75,0.0,1.0
3,11,2024-04-01,1,14,4,0.0,1.0,1.0,0.5,2.0,1.0
3,11,2024-04-08,1,15,4,1.0,0.0,0.0,0.5,2.0,0.0
3,11,2024-04-15,0,16,4,1.0,1.0,1.0,0.75,0.0,0.0
3,11,2024-04-22,0,17,4,0.0,1.0,0.0,0.5,0.0,0.0
3,11,2024-04-29,0,18,4,0.0,0.0,1.0,0.5,0.0,1.0
3,11,2024-05-06,1,19,5,0.0,0.0,1.0,0.25,4.0,1.0
3,11,2024-05-13,1,20,5,1.0,0.0,0.0,0.25,4.0,1.0
3,11,2024-05-20,1,21,5,1.0,1.0,0.0,0.5,2.0,0.0
3,11,2024-05-27,0,22,5,1.0,1.0,0.0,0.75,0.0,0.0
3,11,2024-06-03,0,23,6,0.0,1.0,1.0,0.75,0.0,0.0
3,11,2024-06-10,0,24,6,0.0,0.0,1.0,0.5,0.0,0.0
3,11,2024-06-17,0,25,6,0.0,0.0,1.0,0.25,0.0,0.0
3,11,2024-06-24,0,26,6,0.0,0.0,0.0,0.0,1.0,1.0
3,11,2024-07-01,1,27,7,0.0,0.0,0.0,0.0,1.0,1.0
3,11,2024-07-08,1,28,7,1.0,0.0,0.0,0.25,4.0,1.0
3,11,2024-07-15,1,29,7,1.0,1.0,0.0,0.5,2.0,1.0
3,11,2024-07-22,1,30,7,1.0,1.0,0.0,0.75,1.3333333333333333,0.0
3,11,2024-07-29,0,31,7,1.0,1.0,1.0,1.0,0.0,0.0
3,11,2024-08-05,0,32,8,0.0,1.0,1.0,0.75,0.0,0.0
3,11,2024-08-12,0,33,8,0.0,0.0,1.0,0.5,0.0,1.0
3,11,2024-08-19,1,34,8,0.0,0.0,1.0,0.25,4.0,1.0
3,11,2024-08-26,1,35,8,1.0,0.0,0.0,0.25,4.0,0.0
3,11,2024-09-02,0,36,9,1.0,1.0,0.0,0.5,0.0,0.0
3,11,2024-09-09,0,37,9,0.0,1.0,0.0,0.5,0.0,0.0
3,11,2024-09-16,0,38,9,0.0,0.0,1.0,0.5,0.0,0.0
3,11,2024-09-23,0,39,9,0.0,0.0,1.0,0.25,0.0,0.0
3,11,2024-09-30,0,40,9,0.0,0.0,0.0,0.0,1.0,0.0
3,11,2024-10-07,0,41,10,0.0,0.0,0.0,0.0,1.0,0.0
3,11,2024-10-14,0,42,10,0.0,0.0,0.0,0.0,1.0,0.0
3,11,2024-10-21,0,43,10,0.0,0.0,0.0,0.0,1.0,1.0
3,11,2024-10-28,1,44,10,0.0,0.0,0.0,0.0,1.0,1.0
3,11,2024-11-04,1,45,11,1.0,0.0,0.0,0.25,4.0,1.0
3,11,2024-11-11,1,46,11,1.0,1.0,0.0,0.5,2.0,0.0
3,11,2024-11-18,0,47,11,1.0,1.0,0.0,0.75,0.0,0.0
3,11,2024-11-25,0,48,11,0.0,1.0,1.0,0.75,0.0,1.0
3,11,2024-12-02,1,49,12,0.0,0.0,1.0,0.5,2.0,0.0
3,11,2024-12-09,0,50,12,1.0,0.0,1.0,0.5,0.0,0.0
3,11,2024-12-16,0,51,12,0.0,1.0,0.0,0.25,0.0,1.0
3,11,2024-12-23,1,52,12,0.0,0.0,0.0,0.25,4.0,0.0
3,11,2024-12-30,0,1,12,1.0,0.0,1.0,0.5,0.0,2.0
3,11,2025-01-06,2,2,1,0.0,1.0,0.0,0.25,8.0,2.0
3,11,2025-01-13,2,3,1,2.0,0.0,0.0,0.75,2.6666666666666665,0.0
3,11,2025-01-20,0,4,1,2.0,2.0,1.0,1.25,0.0,0.0
3,11,2025-01-27,0,5,1,0.0,2.0,0.0,1.0,0.0,0.0
3,11,2025-02-03,0,6,2,0.0,0.0,2.0,1.0,0.0,0.0
3,11,2025-02-10,0,7,2,0.0,0.0,2.0,0.5,0.0,0.0
3,11,2025-02-17,0,8,2,0.0,0.0,0.0,0.0,1.0,0.0
3,11,2025-02-24,0,9,2,0.0,0.0,0.0,0.0,1.0,0.0
3,11,2025-03-03,0,10,3,0.0,0.0,0.0,0.0,1.0,0.0
3,11,2025-03-10,0,11,3,0.0,0.0,0.0,0.0,1.0,1.0
3,11,2025-03-17,1,12,3,0.0,0.0,0.0,0.0,1.0,0.0
3,11,2025-03-24,0,13,3,1.0,0.0,0.0,0.25,0.0,1.0
3,11,2025-03-31,1,14,3,0.0,1.0,0.0,0.25,4.0,2.0
3,11,2025-04-07,2,15,4,1.0,0.0,0.0,0.5,4.0,0.0
3,11,2025-04-14,0,16,4,2.0,1.0,1.0,1.0,0.0,0.0
3,11,2025-04-21,0,17,4,0.0,2.0,0.0,0.75,0.0,1.0
3,11,2025-04-28,1,18,4,0.0,0.0,1.0,0.75,1.3333333333333333,0.0
3,11,2025-05-05,0,19,5,1.0,0.0,2.0,0.75,0.0,0.0
3,11,2025-05-12,0,20,5,0.0,1.0,0.0,0.25,0.0,1.0
3,11,2025-05-19,1,21,5,0.0,0.0,0.0,0.25,4.0,0.0
3,11,2025-05-26,0,22,5,1.0,0.0,1.0,0.5,0.0,0.0
3,11,2025-06-02,0,23,6,0.0,1.0,0.0,0.25,0.0,0.0
3,11,2025-06-09,0,24,6,0.0,0.0,0.0,0.25,0.0,1.0
3,11,2025-06-16,1,25,6,0.0,0.0,1.0,0.25,4.0,0.0
3,11,2025-06-23,0,26,6,1.0,0.0,0.0,0.25,0.0,0.0
3,11,2025-06-30,0,27,6,0.0,1.0,0.0,0.25,0.0,0.0
3,11,2025-07-07,0,28,7,0.0,0.0,0.0,0.25,0.0,1.0
3,11,2025-07-14,1,29,7,0.0,0.0,1.0,0.25,4.0,0.0
3,11,2025-07-21,0,30,7,1.0,0.0,0.0,0.25,0.0,0.0
3,11,2025-07-28,0,31,7,0.0,1.0,0.0,0.25,0.0,1.0
3,11,2025-08-04,1,32,8,0.0,0.0,0.0,0.25,4.0,1.0
3,11,2025-08-11,1,33,8,1.0,0.0,1.0,0.5,2.0,1.0
3,11,2025-08-18,1,34,8,1.0,1.0,0.0,0.5,2.0,0.0
3,11,2025-08-25,0,35,8,1.0,1.0,0.0,0.75,0.0,0.0
3,11,2025-09-01,0,36,9,0.0,1.0,1.0,0.75,0.0,0.0
3,11,2025-09-08,0,37,9,0.0,0.0,1.0,0.5,0.0,1.0
3,11,2025-09-15,1,38,9,0.0,0.0,1.0,0.25,4.0,0.0
3,11,2025-09-22,0,39,9,1.0,0.0,0.0,0.25,0.0,0.0
3,11,2025-09-29,0,40,9,0.0,1.0,0.0,0.25,0.0,0.0
3,11,2025-10-06,0,41,10,0.0,0.0,0.0,0.25,0.0,3.0
3,11,2025-10-13,3,42,10,0.0,0.0,1.0,0.25,12.0,0.0
3,11,2025-10-20,0,43,10,3.0,0.0,0.0,0.75,0.0,1.0
3,11,2025-10-27,1,44,10,0.0,3.0,0.0,0.75,1.3333333333333333,0.0
3,11,2025-11-03,0,45,11,1.0,0.0,0.0,1.0,0.0,1.0
3,11,2025-11-10,1,46,11,0.0,1.0,3.0,1.0,1.0,0.0
3,11,2025-11-17,0,47,11,1.0,0.0,0.0,0.5,0.0,0.0
3,11,2025-11-24,0,48,11,0.0,1.0,1.0,0.5,0.0,1.0
3,11,2025-12-01,1,49,12,0.0,0.0,0.0,0.25,4.0,0.0
3,11,2025-12-08,0,50,12,1.0,0.0,1.0,0.5,0.0,1.0
3,11,2025-12-15,1,51,12,0.0,1.0,0.0,0.25,4.0,1.0
3,11,2025-12-22,1,52,12,1.0,0.0,0.0,0.5,2.0,0.0
3,11,2025-12-29,0,1,12,1.0,1.0,1.0,0.75,0.0,0.0
3,11,2026-01-05,0,2,1,0.0,1.0,0.0,0.5,0.0,0.0
3,11,2026-01-12,0,3,1,0.0,0.0,1.0,0.5,0.0,0.0
3,11,2026-01-19,0,4,1,0.0,0.0,1.0,0.25,0.0,0.0
3,11,2026-01-26,0,5,1,0.0,0.0,0.0,0.0,1.0,0.0
3,11,2026-02-02,0,6,2,0.0,0.0,0.0,0.0,1.0,1.0
3,11,2026-02-09,1,7,2,0.0,0.0,0.0,0.0,1.0,0.0
3,11,2026-02-16,0,8,2,1.0,0.0,0.0,0.25,0.0,1.0
3,11,2026-02-23,1,9,2,0.0,1.0,0.0,0.25,4.0,0.0
3,11,2026-03-02,0,10,3,1.0,0.0,0.0,0.5,0.0,0.0
3,11,2026-03-09,0,11,3,0.0,1.0,1.0,0.5,0.0,0.0
3,11,2026-03-16,0,12,3,0.0,0.0,0.0,0.25,0.0,0.0
3,11,2026-03-23,0,13,3,0.0,0.0,1.0,0.25,0.0,0.0
3,11,2026-03-30,0,14,3,0.0,0.0,0.0,0.0,1.0,0.0
3,11,2026-04-06,0,15,4,0.0,0.0,0.0,0.0,1.0,0.0
3,11,2026-04-13,0,16,4,0.0,0.0,0.0,0.0,1.0,1.0
3,11,2026-04-20,1,17,4,0.0,0.0,0.0,0.0,1.0,0.0
3,11,2026-04-27,0,18,4,1.0,0.0,0.0,0.25,0.0,1.0
3,11,2026-05-04,1,19,5,0.0,1.0,0.0,0.25,4.0,1.0
3,11,2026-05-11,1,20,5,1.0,0.0,0.0,0.5,2.0,0.0
3,11,2026-05-18,0,21,5,1.0,1.0,1.0,0.75,0.0,0.0
3,11,2026-05-25,0,22,5,0.0,1.0,0.0,0.5,0.0,0.0
3,11,2026-06-01,0,23,6,0.0,0.0,1.0,0.5,0.0,0.0
3,11,2026-06-08,0,24,6,0.0,0.0,1.0,0.25,0.0,0.0
3,11,2026-06-15,0,25,6,0.0,0.0,0.0,0.0,1.0,1.0
3,11,2026-06-22,1,26,6,0.0,0.0,0.0,0.0,1.0,0.0
3,12,2024-01-29,0,5,1,1.0,2.0,0.0,0.75,0.0,1.0
3,12,2024-02-05,1,6,2,0.0,1.0,0.0,0.75,1.3333333333333333,0.0
3,12,2024-02-12,0,7,2,1.0,0.0,2.0,1.0,0.0,0.0
3,12,2024-02-19,0,8,2,0.0,1.0,1.0,0.5,0.0,0.0
3,12,2024-02-26,0,9,2,0.0,0.0,0.0,0.25,0.0,0.0
3,12,2024-03-04,0,10,3,0.0,0.0,1.0,0.25,0.0,0.0
3,12,2024-03-11,0,11,3,0.0,0.0,0.0,0.0,1.0,1.0
3,12,2024-03-18,1,12,3,0.0,0.0,0.0,0.0,1.0,0.0
3,12,2024-03-25,0,13,3,1.0,0.0,0.0,0.25,0.0,2.0
3,12,2024-04-01,2,14,4,0.0,1.0,0.0,0.25,8.0,1.0
3,12,2024-04-08,1,15,4,2.0,0.0,0.0,0.75,1.3333333333333333,0.0
3,12,2024-04-15,0,16,4,1.0,2.0,1.0,1.0,0.0,1.0
3,12,2024-04-22,1,17,4,0.0,1.0,0.0,0.75,1.3333333333333333,2.0
3,12,2024-04-29,2,18,4,1.0,0.0,2.0,1.0,2.0,0.0
3,12,2024-05-06,0,19,5,2.0,1.0,1.0,1.0,0.0,0.0
3,12,2024-05-13,0,20,5,0.0,2.0,0.0,0.75,0.0,0.0
3,12,2024-05-20,0,21,5,0.0,0.0,1.0,0.75,0.0,0.0
3,12,2024-05-27,0,22,5,0.0,0.0,2.0,0.5,0.0,1.0
3,12,2024-06-03,1,23,6,0.0,0.0,0.0,0.0,1.0,0.0
3,12,2024-06-10,0,24,6,1.0,0.0,0.0,0.25,0.0,1.0
3,12,2024-06-17,1,25,6,0.0,1.0,0.0,0.25,4.0,0.0
3,12,2024-06-24,0,26,6,1.0,0.0,0.0,0.5,0.0,2.0
3,12,2024-07-01,2,27,7,0.0,1.0,1.0,0.5,4.0,1.0
3,12,2024-07-08,1,28,7,2.0,0.0,0.0,0.75,1.3333333333333333,1.0
3,12,2024-07-15,1,29,7,1.0,2.0,1.0,1.0,1.0,0.0
3,12,2024-07-22,0,30,7,1.0,1.0,0.0,1.0,0.0,0.0
3,12,2024-07-29,0,31,7,0.0,1.0,2.0,1.0,0.0,0.0
3,12,2024-08-05,0,32,8,0.0,0.0,1.0,0.5,0.0,1.0
3,12,2024-08-12,1,33,8,0.0,0.0,1.0,0.25,4.0,0.0
3,12,2024-08-19,0,34,8,1.0,0.0,0.0,0.25,0.0,2.0
3,12,2024-08-26,2,35,8,0.0,1.0,0.0,0.25,8.0,1.0
3,12,2024-09-02,1,36,9,2.0,0.0,0.0,0.75,1.3333333333333333,1.0
3,12,2024-09-09,1,37,9,1.0,2.0,1.0,1.0,1.0,1.0
3,12,2024-09-16,1,38,9,1.0,1.0,0.0,1.0,1.0,0.0
3,12,2024-09-23,0,39,9,1.0,1.0,2.0,1.25,0.0,0.0
3,12,2024-09-30,0,40,9,0.0,1.0,1.0,0.75,0.0,0.0
3,12,2024-10-07,0,41,10,0.0,0.0,1.0,0.5,0.0,0.0
3,12,2024-10-14,0,42,10,0.0,0.0,1.0,0.25,0.0,0.0
3,12,2024-10-21,0,43,10,0.0,0.0,0.0,0.0,1.0,1.0
3,12,2024-10-28,1,44,10,0.0,0.0,0.0,0.0,1.0,1.0
3,12,2024-11-04,1,45,11,1.0,0.0,0.0,0.25,4.0,0.0
3,12,2024-11-11,0,46,11,1.0,1.0,0.0,0.5,0.0,0.0
3,12,2024-11-18,0,47,11,0.0,1.0,0.0,0.5,0.0,1.0
3,12,2024-11-25,1,48,11,0.0,0.0,1.0,0.5,2.0,0.0
3,12,2024-12-02,0,49,12,1.0,0.0,1.0,0.5,0.0,0.0
3,12,2024-12-09,0,50,12,0.0,1.0,0.0,0.25,0.0,0.0
3,12,2024-12-16,0,51,12,0.0,0.0,0.0,0.25,0.0,0.0
3,12,2024-12-23,0,52,12,0.0,0.0,1.0,0.25,0.0,1.0
3,12,2024-12-30,1,1,12,0.0,0.0,0.0,0.0,1.0,0.0
3,12,2025-01-06,0,2,1,1.0,0.0,0.0,0.25,0.0,1.0
3,12,2025-01-13,1,3,1,0.0,1.0,0.0,0.25,4.0,1.0
3,12,2025-01-20,1,4,1,1.0,0.0,0.0,0.5,2.0,0.0
3,12,2025-01-27,0,5,1,1.0,1.0,1.0,0.75,0.0,0.0
3,12,2025-02-03,0,6,2,0.0,1.0,0.0,0.5,0.0,0.0
3,12,2025-02-10,0,7,2,0.0,0.0,1.0,0.5,0.0,0.0
3,12,2025-02-17,0,8,2,0.0,0.0,1.0,0.25,0.0,0.0
3,12,2025-02-24,0,9,2,0.0,0.0,0.0,0.0,1.0,0.0
3,12,2025-03-03,0,10,3,0.0,0.0,0.0,0.0,1.0,1.0
3,12,2025-03-10,1,11,3,0.0,0.0,0.0,0.0,1.0,1.0
3,12,2025-03-17,1,12,3,1.0,0.0,0.0,0.25,4.0,0.0
3,12,2025-03-24,0,13,3,1.0,1.0,0.0,0.5,0.0,0.0
3,12,2025-03-31,0,14,3,0.0,1.0,0.0,0.5,0.0,1.0
3,12,2025-04-07,1,15,4,0.0,0.0,1.0,0.5,2.0,1.0
3,12,2025-04-14,1,16,4,1.0,0.0,1.0,0.5,2.0,0.0
3,12,2025-04-21,0,17,4,1.0,1.0,0.0,0.5,0.0,0.0
3,12,2025-04-28,0,18,4,0.0,1.0,0.0,0.5,0.0,0.0
3,12,2025-05-05,0,19,5,0.0,0.0,1.0,0.5,0.0,0.0
3,12,2025-05-12,0,20,5,0.0,0.0,1.0,0.25,0.0,0.0
3,12,2025-05-19,0,21,5,0.0,0.0,0.0,0.0,1.0,0.0
3,12,2025-05-26,0,22,5,0.0,0.0,0.0,0.0,1.0,0.0
3,12,2025-06-02,0,23,6,0.0,0.0,0.0,0.0,1.0,0.0
3,12,2025-06-09,0,24,6,0.0,0.0,0.0,0.0,1.0,2.0
3,12,2025-06-16,2,25,6,0.0,0.0,0.0,0.0,1.0,0.0
3,12,2025-06-23,0,26,6,2.0,0.0,0.0,0.5,0.0,0.0
3,12,2025-06-30,0,27,6,0.0,2.0,0.0,0.5,0.0,2.0
3,12,2025-07-07,2,28,7,0.0,0.0,0.0,0.5,4.0,1.0
3,12,2025-07-14,1,29,7,2.0,0.0,2.0,1.0,1.0,0.0
3,12,2025-07-21,0,30,7,1.0,2.0,0.0,0.75,0.0,1.0
3,12,2025-07-28,1,31,7,0.0,1.0,0.0,0.75,1.3333333333333333,0.0
3,12,2025-08-04,0,32,8,1.0,0.0,2.0,1.0,0.0,0.0
3,12,2025-08-11,0,33,8,0.0,1.0,1.0,0.5,0.0,0.0
3,12,2025-08-18,0,34,8,0.0,0.0,0.0,0.25,0.0,1.0
3,12,2025-08-25,1,35,8,0.0,0.0,1.0,0.25,4.0,1.0
3,12,2025-09-01,1,36,9,1.0,0.0,0.0,0.25,4.0,0.0
3,12,2025-09-08,0,37,9,1.0,1.0,0.0,0.5,0.0,1.0
3,12,2025-09-15,1,38,9,0.0,1.0,0.0,0.5,2.0,0.0
3,12,2025-09-22,0,39,9,1.0,0.0,1.0,0.75,0.0,1.0
3,12,2025-09-29,1,40,9,0.0,1.0,1.0,0.5,2.0,0.0
3,12,2025-10-06,0,41,10,1.0,0.0,0.0,0.5,0.0,0.0
3,12,2025-10-13,0,42,10,0.0,1.0,1.0,0.5,0.0,0.0
3,12,2025-10-20,0,43,10,0.0,0.0,0.0,0.25,0.0,0.0
3,12,2025-10-27,0,44,10,0.0,0.0,1.0,0.25,0.0,0.0
3,12,2025-11-03,0,45,11,0.0,0.0,0.0,0.0,1.0,0.0
3,12,2025-11-10,0,46,11,0.0,0.0,0.0,0.0,1.0,0.0
3,12,2025-11-17,0,47,11,0.0,0.0,0.0,0.0,1.0,0.0
3,12,2025-11-24,0,48,11,0.0,0.0,0.0,0.0,1.0,0.0
3,12,2025-12-01,0,49,12,0.0,0.0,0.0,0.0,1.0,0.0
3,12,2025-12-08,0,50,12,0.0,0.0,0.0,0.0,1.0,0.0
3,12,2025-12-15,0,51,12,0.0,0.0,0.0,0.0,1.0,0.0
3,12,2025-12-22,0,52,12,0.0,0.0,0.0,0.0,1.0,0.0
3,12,2025-12-29,0,1,12,0.0,0.0,0.0,0.0,1.0,0.0
3,12,2026-01-05,0,2,1,0.0,0.0,0.0,0.0,1.0,1.0
3,12,2026-01-12,1,3,1,0.0,0.0,0.0,0.0,1.0,3.0
3,12,2026-01-19,3,4,1,1.0,0.0,0.0,0.25,12.0,0.0
3,12,2026-01-26,0,5,1,3.0,1.0,0.0,1.0,0.0,0.0
3,12,2026-02-02,0,6,2,0.0,3.0,0.0,1.0,0.0,1.0
3,12,2026-02-09,1,7,2,0.0,0.0,1.0,1.0,1.0,2.0
3,12,2026-02-16,2,8,2,1.0,0.0,3.0,1.0,2.0,1.0
3,12,2026-02-23,1,9,2,2.0,1.0,0.0,0.75,1.3333333333333333,1.0
3,12,2026-03-02,1,10,3,1.0,2.0,0.0,1.0,1.0,0.0
3,12,2026-03-09,0,11,3,1.0,1.0,1.0,1.25,0.0,0.0
3,12,2026-03-16,0,12,3,0.0,1.0,2.0,1.0,0.0,0.0
3,12,2026-03-23,0,13,3,0.0,0.0,1.0,0.5,0.0,0.0
3,12,2026-03-30,0,14,3,0.0,0.0,1.0,0.25,0.0,0.0
3,12,2026-04-06,0,15,4,0.0,0.0,0.0,0.0,1.0,1.0
3,12,2026-04-13,1,16,4,0.0,0.0,0.0,0.0,1.0,0.0
3,12,2026-04-20,0,17,4,1.0,0.0,0.0,0.25,0.0,1.0
3,12,2026-04-27,1,18,4,0.0,1.0,0.0,0.25,4.0,1.0
3,12,2026-05-04,1,19,5,1.0,0.0,0.0,0.5,2.0,0.0
3,12,2026-05-11,0,20,5,1.0,1.0,1.0,0.75,0.0,0.0
3,12,2026-05-18,0,21,5,0.0,1.0,0.0,0.5,0.0,1.0
3,12,2026-05-25,1,22,5,0.0,0.0,1.0,0.5,2.0,0.0
3,12,2026-06-01,0,23,6,1.0,0.0,1.0,0.5,0.0,2.0
3,12,2026-06-08,2,24,6,0.0,1.0,0.0,0.25,8.0,0.0
3,12,2026-06-15,0,25,6,2.0,0.0,0.0,0.75,0.0,0.0
3,12,2026-06-22,0,26,6,0.0,2.0,1.0,0.75,0.0,0.0
3,13,2024-01-29,1,5,1,1.0,0.0,0.0,0.5,2.0,0.0
3,13,2024-02-05,0,6,2,1.0,1.0,1.0,0.75,0.0,0.0
3,13,2024-02-12,0,7,2,0.0,1.0,0.0,0.5,0.0,0.0
3,13,2024-02-19,0,8,2,0.0,0.0,1.0,0.5,0.0,1.0
3,13,2024-02-26,1,9,2,0.0,0.0,1.0,0.25,4.0,1.0
3,13,2024-03-04,1,10,3,1.0,0.0,0.0,0.25,4.0,0.0
3,13,2024-03-11,0,11,3,1.0,1.0,0.0,0.5,0.0,0.0
3,13,2024-03-18,0,12,3,0.0,1.0,0.0,0.5,0.0,0.0
3,13,2024-03-25,0,13,3,0.0,0.0,1.0,0.5,0.0,0.0
3,13,2024-04-01,0,14,4,0.0,0.0,1.0,0.25,0.0,1.0
3,13,2024-04-08,1,15,4,0.0,0.0,0.0,0.0,1.0,1.0
3,13,2024-04-15,1,16,4,1.0,0.0,0.0,0.25,4.0,1.0
3,13,2024-04-22,1,17,4,1.0,1.0,0.0,0.5,2.0,0.0
3,13,2024-04-29,0,18,4,1.0,1.0,0.0,0.75,0.0,3.0
3,13,2024-05-06,3,19,5,0.0,1.0,1.0,0.75,4.0,0.0
3,13,2024-05-13,0,20,5,3.0,0.0,1.0,1.25,0.0,0.0
3,13,2024-05-20,0,21,5,0.0,3.0,1.0,1.0,0.0,0.0
3,13,2024-05-27,0,22,5,0.0,0.0,0.0,0.75,0.0,2.0
3,13,2024-06-03,2,23,6,0.0,0.0,3.0,0.75,2.6666666666666665,0.0
3,13,2024-06-10,0,24,6,2.0,0.0,0.0,0.5,0.0,0.0
3,13,2024-06-17,0,25,6,0.0,2.0,0.0,0.5,0.0,0.0
3,13,2024-06-24,0,26,6,0.0,0.0,0.0,0.5,0.0,0.0
3,13,2024-07-01,0,27,7,0.0,0.0,2.0,0.5,0.0,0.0
3,13,2024-07-08,0,28,7,0.0,0.0,0.0,0.0,1.0,0.0
3,13,2024-07-15,0,29,7,0.0,0.0,0.0,0.0,1.0,1.0
3,13,2024-07-22,1,30,7,0.0,0.0,0.0,0.0,1.0,1.0
3,13,2024-07-29,1,31,7,1.0,0.0,0.0,0.25,4.0,2.0
3,13,2024-08-05,2,32,8,1.0,1.0,0.0,0.5,4.0,0.0
3,13,2024-08-12,0,33,8,2.0,1.0,0.0,1.0,0.0,0.0
3,13,2024-08-19,0,34,8,0.0,2.0,1.0,1.0,0.0,0.0
3,13,2024-08-26,0,35,8,0.0,0.0,1.0,0.75,0.0,0.0
3,13,2024-09-02,0,36,9,0.0,0.0,2.0,0.5,0.0,0.0
3,13,2024-09-09,0,37,9,0.0,0.0,0.0,0.0,1.0,1.0
3,13,2024-09-16,1,38,9,0.0,0.0,0.0,0.0,1.0,0.0
3,13,2024-09-23,0,39,9,1.0,0.0,0.0,0.25,0.0,0.0
3,13,2024-09-30,0,40,9,0.0,1.0,0.0,0.25,0.0,0.0
3,13,2024-10-07,0,41,10,0.0,0.0,0.0,0.25,0.0,0.0
3,13,2024-10-14,0,42,10,0.0,0.0,1.0,0.25,0.0,0.0
3,13,2024-10-21,0,43,10,0.0,0.0,0.0,0.0,1.0,1.0
3,13,2024-10-28,1,44,10,0.0,0.0,0.0,0.0,1.0,2.0
3,13,2024-11-04,2,45,11,1.0,0.0,0.0,0.25,8.0,0.0
3,13,2024-11-11,0,46,11,2.0,1.0,0.0,0.75,0.0,1.0
3,13,2024-11-18,1,47,11,0.0,2.0,0.0,0.75,1.3333333333333333,1.0
3,13,2024-11-25,1,48,11,1.0,0.0,1.0,1.0,1.0,1.0
3,13,2024-12-02,1,49,12,1.0,1.0,2.0,1.0,1.0,2.0
3,13,2024-12-09,2,50,12,1.0,1.0,0.0,0.75,2.6666666666666665,0.0
3,13,2024-12-16,0,51,12,2.0,1.0,1.0,1.25,0.0,0.0
3,13,2024-12-23,0,52,12,0.0,2.0,1.0,1.0,0.0,0.0
3,13,2024-12-30,0,1,12,0.0,0.0,1.0,0.75,0.0,0.0
3,13,2025-01-06,0,2,1,0.0,0.0,2.0,0.5,0.0,1.0
3,13,2025-01-13,1,3,1,0.0,0.0,0.0,0.0,1.0,0.0
3,13,2025-01-20,0,4,1,1.0,0.0,0.0,0.25,0.0,1.0
3,13,2025-01-27,1,5,1,0.0,1.0,0.0,0.25,4.0,0.0
3,13,2025-02-03,0,6,2,1.0,0.0,0.0,0.5,0.0,0.0
3,13,2025-02-10,0,7,2,0.0,1.0,1.0,0.5,0.0,1.0
3,13,2025-02-17,1,8,2,0.0,0.0,0.0,0.25,4.0,0.0
3,13,2025-02-24,0,9,2,1.0,0.0,1.0,0.5,0.0,0.0
3,13,2025-03-03,0,10,3,0.0,1.0,0.0,0.25,0.0,0.0
3,13,2025-03-10,0,11,3,0.0,0.0,0.0,0.25,0.0,0.0
3,13,2025-03-17,0,12,3,0.0,0.0,1.0,0.25,0.0,2.0
3,13,2025-03-24,2,13,3,0.0,0.0,0.0,0.0,1.0,0.0
3,13,2025-03-31,0,14,3,2.0,0.0,0.0,0.5,0.0,0.0
3,13,2025-04-07,0,15,4,0.0,2.0,0.0,0.5,0.0,0.0
3,13,2025-04-14,0,16,4,0.0,0.0,0.0,0.5,0.0,1.0
3,13,2025-04-21,1,17,4,0.0,0.0,2.0,0.5,2.0,0.0
3,13,2025-04-28,0,18,4,1.0,0.0,0.0,0.25,0.0,1.0
3,13,2025-05-05,1,19,5,0.0,1.0,0.0,0.25,4.0,0.0
3,13,2025-05-12,0,20,5,1.0,0.0,0.0,0.5,0.0,1.0
3,13,2025-05-19,1,21,5,0.0,1.0,1.0,0.5,2.0,0.0
3,13,2025-05-26,0,22,5,1.0,0.0,0.0,0.5,0.0,0.0
3,13,2025-06-02,0,23,6,0.0,1.0,1.0,0.5,0.0,1.0
3,13,2025-06-09,1,24,6,0.0,0.0,0.0,0.25,4.0,0.0
3,13,2025-06-16,0,25,6,1.0,0.0,1.0,0.5,0.0,1.0
3,13,2025-06-23,1,26,6,0.0,1.0,0.0,0.25,4.0,0.0
3,13,2025-06-30,0,27,6,1.0,0.0,0.0,0.5,0.0,0.0
3,13,2025-07-07,0,28,7,0.0,1.0,1.0,0.5,0.0,2.0
3,13,2025-07-14,2,29,7,0.0,0.0,0.0,0.25,8.0,2.0
3,13,2025-07-21,2,30,7,2.0,0.0,1.0,0.75,2.6666666666666665,0.0
3,13,2025-07-28,0,31,7,2.0,2.0,0.0,1.0,0.0,1.0
3,13,2025-08-04,1,32,8,0.0,2.0,0.0,1.0,1.0,1.0
3,13,2025-08-11,1,33,8,1.0,0.0,2.0,1.25,0.8,0.0
3,13,2025-08-18,0,34,8,1.0,1.0,2.0,1.0,0.0,0.0
3,13,2025-08-25,0,35,8,0.0,1.0,0.0,0.5,0.0,0.0
3,13,2025-09-01,0,36,9,0.0,0.0,1.0,0.5,0.0,0.0
3,13,2025-09-08,0,37,9,0.0,0.0,1.0,0.25,0.0,0.0
3,13,2025-09-15,0,38,9,0.0,0.0,0.0,0.0,1.0,0.0
3,13,2025-09-22,0,39,9,0.0,0.0,0.0,0.0,1.0,1.0
3,13,2025-09-29,1,40,9,0.0,0.0,0.0,0.0,1.0,0.0
3,13,2025-10-06,0,41,10,1.0,0.0,0.0,0.25,0.0,1.0
3,13,2025-10-13,1,42,10,0.0,1.0,0.0,0.25,4.0,1.0
3,13,2025-10-20,1,43,10,1.0,0.0,0.0,0.5,2.0,0.0
3,13,2025-10-27,0,44,10,1.0,1.0,1.0,0.75,0.0,1.0
3,13,2025-11-03,1,45,11,0.0,1.0,0.0,0.5,2.0,0.0
3,13,2025-11-10,0,46,11,1.0,0.0,1.0,0.75,0.0,1.0
3,13,2025-11-17,1,47,11,0.0,1.0,1.0,0.5,2.0,0.0
3,13,2025-11-24,0,48,11,1.0,0.0,0.0,0.5,0.0,2.0
3,13,2025-12-01,2,49,12,0.0,1.0,1.0,0.5,4.0,0.0
3,13,2025-12-08,0,50,12,2.0,0.0,0.0,0.75,0.0,2.0
3,13,2025-12-15,2,51,12,0.0,2.0,1.0,0.75,2.6666666666666665,0.0
3,13,2025-12-22,0,52,12,2.0,0.0,0.0,1.0,0.0,1.0
3,13,2025-12-29,1,1,12,0.0,2.0,2.0,1.0,1.0,1.0
3,13,2026-01-05,1,2,1,1.0,0.0,0.0,0.75,1.3333333333333333,1.0
3,13,2026-01-12,1,3,1,1.0,1.0,2.0,1.0,1.0,0.0
3,13,2026-01-19,0,4,1,1.0,1.0,0.0,0.75,0.0,1.0
3,13,2026-01-26,1,5,1,0.0,1.0,1.0,0.75,1.3333333333333333,0.0
3,13,2026-02-02,0,6,2,1.0,0.0,1.0,0.75,0.0,2.0
3,13,2026-02-09,2,7,2,0.0,1.0,1.0,0.5,4.0,1.0
3,13,2026-02-16,1,8,2,2.0,0.0,0.0,0.75,1.3333333333333333,1.0
3,13,2026-02-23,1,9,2,1.0,2.0,1.0,1.0,1.0,1.0
3,13,2026-03-02,1,10,3,1.0,1.0,0.0,1.0,1.0,0.0
3,13,2026-03-09,0,11,3,1.0,1.0,2.0,1.25,0.0,0.0
3,13,2026-03-16,0,12,3,0.0,1.0,1.0,0.75,0.0,0.0
3,13,2026-03-23,0,13,3,0.0,0.0,1.0,0.5,0.0,0.0
3,13,2026-03-30,0,14,3,0.0,0.0,1.0,0.25,0.0,2.0
3,13,2026-04-06,2,15,4,0.0,0.0,0.0,0.0,1.0,0.0
3,13,2026-04-13,0,16,4,2.0,0.0,0.0,0.5,0.0,0.0
3,13,2026-04-20,0,17,4,0.0,2.0,0.0,0.5,0.0,0.0
3,13,2026-04-27,0,18,4,0.0,0.0,0.0,0.5,0.0,1.0
3,13,2026-05-04,1,19,5,0.0,0.0,2.0,0.5,2.0,1.0
3,13,2026-05-11,1,20,5,1.0,0.0,0.0,0.25,4.0,0.0
3,13,2026-05-18,0,21,5,1.0,1.0,0.0,0.5,0.0,0.0
3,13,2026-05-25,0,22,5,0.0,1.0,0.0,0.5,0.0,0.0
3,13,2026-06-01,0,23,6,0.0,0.0,1.0,0.5,0.0,0.0
3,13,2026-06-08,0,24,6,0.0,0.0,1.0,0.25,0.0,1.0
3,13,2026-06-15,1,25,6,0.0,0.0,0.0,0.0,1.0,0.0
3,13,2026-06-22,0,26,6,1.0,0.0,0.0,0.25,0.0,0.0
3,14,2024-01-29,0,5,1,0.0,0.0,1.0,0.25,0.0,0.0
3,14,2024-02-05,0,6,2,0.0,0.0,0.0,0.0,1.0,0.0
3,14,2024-02-12,0,7,2,0.0,0.0,0.0,0.0,1.0,1.0
3,14,2024-02-19,1,8,2,0.0,0.0,0.0,0.0,1.0,0.0
3,14,2024-02-26,0,9,2,1.0,0.0,0.0,0.25,0.0,0.0
3,14,2024-03-04,0,10,3,0.0,1.0,0.0,0.25,0.0,0.0
3,14,2024-03-11,0,11,3,0.0,0.0,0.0,0.25,0.0,1.0
3,14,2024-03-18,1,12,3,0.0,0.0,1.0,0.25,4.0,1.0
3,14,2024-03-25,1,13,3,1.0,0.0,0.0,0.25,4.0,0.0
3,14,2024-04-01,0,14,4,1.0,1.0,0.0,0.5,0.0,0.0
3,14,2024-04-08,0,15,4,0.0,1.0,0.0,0.5,0.0,0.0
3,14,2024-04-15,0,16,4,0.0,0.0,1.0,0.5,0.0,0.0
3,14,2024-04-22,0,17,4,0.0,0.0,1.0,0.25,0.0,0.0
3,14,2024-04-29,0,18,4,0.0,0.0,0.0,0.0,1.0,0.0
3,14,2024-05-06,0,19,5,0.0,0.0,0.0,0.0,1.0,0.0
3,14,2024-05-13,0,20,5,0.0,0.0,0.0,0.0,1.0,0.0
3,14,2024-05-20,0,21,5,0.0,0.0,0.0,0.0,1.0,0.0
3,14,2024-05-27,0,22,5,0.0,0.0,0.0,0.0,1.0,2.0
3,14,2024-06-03,2,23,6,0.0,0.0,0.0,0.0,1.0,1.0
3,14,2024-06-10,1,24,6,2.0,0.0,0.0,0.5,2.0,0.0
3,14,2024-06-17,0,25,6,1.0,2.0,0.0,0.75,0.0,1.0
3,14,2024-06-24,1,26,6,0.0,1.0,0.0,0.75,1.3333333333333333,0.0
3,14,2024-07-01,0,27,7,1.0,0.0,2.0,1.0,0.0,0.0
3,14,2024-07-08,0,28,7,0.0,1.0,1.0,0.5,0.0,1.0
3,14,2024-07-15,1,29,7,0.0,0.0,0.0,0.25,4.0,0.0
3,14,2024-07-22,0,30,7,1.0,0.0,1.0,0.5,0.0,0.0
3,14,2024-07-29,0,31,7,0.0,1.0,0.0,0.25,0.0,0.0
3,14,2024-08-05,0,32,8,0.0,0.0,0.0,0.25,0.0,0.0
3,14,2024-08-12,0,33,8,0.0,0.0,1.0,0.25,0.0,0.0
3,14,2024-08-19,0,34,8,0.0,0.0,0.0,0.0,1.0,1.0
3,14,2024-08-26,1,35,8,0.0,0.0,0.0,0.0,1.0,0.0
3,14,2024-09-02,0,36,9,1.0,0.0,0.0,0.25,0.0,1.0
3,14,2024-09-09,1,37,9,0.0,1.0,0.0,0.25,4.0,0.0
3,14,2024-09-16,0,38,9,1.0,0.0,0.0,0.5,0.0,2.0
3,14,2024-09-23,2,39,9,0.0,1.0,1.0,0.5,4.0,1.0
3,14,2024-09-30,1,40,9,2.0,0.0,0.0,0.75,1.3333333333333333,0.0
3,14,2024-10-07,0,41,10,1.0,2.0,1.0,1.0,0.0,0.0
3,14,2024-10-14,0,42,10,0.0,1.0,0.0,0.75,0.0,0.0
3,14,2024-10-21,0,43,10,0.0,0.0,2.0,0.75,0.0,1.0
3,14,2024-10-28,1,44,10,0.0,0.0,1.0,0.25,4.0,4.0
3,14,2024-11-04,4,45,11,1.0,0.0,0.0,0.25,16.0,1.0
3,14,2024-11-11,1,46,11,4.0,1.0,0.0,1.25,0.8,2.0
3,14,2024-11-18,2,47,11,1.0,4.0,0.0,1.5,1.3333333333333333,0.0
3,14,2024-11-25,0,48,11,2.0,1.0,1.0,2.0,0.0,0.0
3,14,2024-12-02,0,49,12,0.0,2.0,4.0,1.75,0.0,0.0
3,14,2024-12-09,0,50,12,0.0,0.0,1.0,0.75,0.0,1.0
3,14,2024-12-16,1,51,12,0.0,0.0,2.0,0.5,2.0,0.0
3,14,2024-12-23,0,52,12,1.0,0.0,0.0,0.25,0.0,0.0
3,14,2024-12-30,0,1,12,0.0,1.0,0.0,0.25,0.0,0.0
3,14,2025-01-06,0,2,1,0.0,0.0,0.0,0.25,0.0,1.0
3,14,2025-01-13,1,3,1,0.0,0.0,1.0,0.25,4.0,1.0
3,14,2025-01-20,1,4,1,1.0,0.0,0.0,0.25,4.0,0.0
3,14,2025-01-27,0,5,1,1.0,1.0,0.0,0.5,0.0,0.0
3,14,2025-02-03,0,6,2,0.0,1.0,0.0,0.5,0.0,0.0
3,14,2025-02-10,0,7,2,0.0,0.0,1.0,0.5,0.0,0.0
3,14,2025-02-17,0,8,2,0.0,0.0,1.0,0.25,0.0,2.0
3,14,2025-02-24,2,9,2,0.0,0.0,0.0,0.0,1.0,0.0
3,14,2025-03-03,0,10,3,2.0,0.0,0.0,0.5,0.0,0.0
3,14,2025-03-10,0,11,3,0.0,2.0,0.0,0.5,0.0,0.0
3,14,2025-03-17,0,12,3,0.0,0.0,0.0,0.5,0.0,1.0
3,14,2025-03-24,1,13,3,0.0,0.0,2.0,0.5,2.0,1.0
3,14,2025-03-31,1,14,3,1.0,0.0,0.0,0.25,4.0,0.0
3,14,2025-04-07,0,15,4,1.0,1.0,0.0,0.5,0.0,1.0
3,14,2025-04-14,1,16,4,0.0,1.0,0.0,0.5,2.0,1.0
3,14,2025-04-21,1,17,4,1.0,0.0,1.0,0.75,1.3333333333333333,1.0
3,14,2025-04-28,1,18,4,1.0,1.0,1.0,0.75,1.3333333333333333,0.0
3,14,2025-05-05,0,19,5,1.0,1.0,0.0,0.75,0.0,0.0
3,14,2025-05-12,0,20,5,0.0,1.0,1.0,0.75,0.0,1.0
3,14,2025-05-19,1,21,5,0.0,0.0,1.0,0.5,2.0,0.0
3,14,2025-05-26,0,22,5,1.0,0.0,1.0,0.5,0.0,1.0
3,14,2025-06-02,1,23,6,0.0,1.0,0.0,0.25,4.0,1.0
3,14,2025-06-09,1,24,6,1.0,0.0,0.0,0.5,2.0,0.0
3,14,2025-06-16,0,25,6,1.0,1.0,1.0,0.75,0.0,1.0
3,14,2025-06-23,1,26,6,0.0,1.0,0.0,0.5,2.0,0.0
3,14,2025-06-30,0,27,6,1.0,0.0,1.0,0.75,0.0,0.0
3,14,2025-07-07,0,28,7,0.0,1.0,1.0,0.5,0.0,0.0
3,14,2025-07-14,0,29,7,0.0,0.0,0.0,0.25,0.0,0.0
3,14,2025-07-21,0,30,7,0.0,0.0,1.0,0.25,0.0,0.0
3,14,2025-07-28,0,31,7,0.0,0.0,0.0,0.0,1.0,0.0
3,14,2025-08-04,0,32,8,0.0,0.0,0.0,0.0,1.0,0.0
3,14,2025-08-11,0,33,8,0.0,0.0,0.0,0.0,1.0,0.0
3,14,2025-08-18,0,34,8,0.0,0.0,0.0,0.0,1.0,1.0
3,14,2025-08-25,1,35,8,0.0,0.0,0.0,0.0,1.0,1.0
3,14,2025-09-01,1,36,9,1.0,0.0,0.0,0.25,4.0,2.0
3,14,2025-09-08,2,37,9,1.0,1.0,0.0,0.5,4.0,0.0
3,14,2025-09-15,0,38,9,2.0,1.0,0.0,1.0,0.0,0.0
3,14,2025-09-22,0,39,9,0.0,2.0,1.0,1.0,0.0,1.0
3,14,2025-09-29,1,40,9,0.0,0.0,1.0,0.75,1.3333333333333333,1.0
3,14,2025-10-06,1,41,10,1.0,0.0,2.0,0.75,1.3333333333333333,0.0
3,14,2025-10-13,0,42,10,1.0,1.0,0.0,0.5,0.0,1.0
3,14,2025-10-20,1,43,10,0.0,1.0,0.0,0.5,2.0,0.0
3,14,2025-10-27,0,44,10,1.0,0.0,1.0,0.75,0.0,0.0
3,14,2025-11-03,0,45,11,0.0,1.0,1.0,0.5,0.0,0.0
3,14,2025-11-10,0,46,11,0.0,0.0,0.0,0.25,0.0,1.0
3,14,2025-11-17,1,47,11,0.0,0.0,1.0,0.25,4.0,0.0
3,14,2025-11-24,0,48,11,1.0,0.0,0.0,0.25,0.0,0.0
3,14,2025-12-01,0,49,12,0.0,1.0,0.0,0.25,0.0,0.0
3,14,2025-12-08,0,50,12,0.0,0.0,0.0,0.25,0.0,0.0
3,14,2025-12-15,0,51,12,0.0,0.0,1.0,0.25,0.0,0.0
3,14,2025-12-22,0,52,12,0.0,0.0,0.0,0.0,1.0,2.0
3,14,2025-12-29,2,1,12,0.0,0.0,0.0,0.0,1.0,3.0
3,14,2026-01-05,3,2,1,2.0,0.0,0.0,0.5,6.0,1.0
3,14,2026-01-12,1,3,1,3.0,2.0,0.0,1.25,0.8,0.0
3,14,2026-01-19,0,4,1,1.0,3.0,0.0,1.5,0.0,1.0
3,14,2026-01-26,1,5,1,0.0,1.0,2.0,1.5,0.6666666666666666,0.0
3,14,2026-02-02,0,6,2,1.0,0.0,3.0,1.25,0.0,0.0
3,14,2026-02-09,0,7,2,0.0,1.0,1.0,0.5,0.0,0.0
3,14,2026-02-16,0,8,2,0.0,0.0,0.0,0.25,0.0,0.0
3,14,2026-02-23,0,9,2,0.0,0.0,1.0,0.25,0.0,1.0
3,14,2026-03-02,1,10,3,0.0,0.0,0.0,0.0,1.0,1.0
3,14,2026-03-09,1,11,3,1.0,0.0,0.0,0.25,4.0,1.0
3,14,2026-03-16,1,12,3,1.0,1.0,0.0,0.5,2.0,0.0
3,14,2026-03-23,0,13,3,1.0,1.0,0.0,0.75,0.0,1.0
3,14,2026-03-30,1,14,3,0.0,1.0,1.0,0.75,1.3333333333333333,0.0
3,14,2026-04-06,0,15,4,1.0,0.0,1.0,0.75,0.0,0.0
3,14,2026-04-13,0,16,4,0.0,1.0,1.0,0.5,0.0,1.0
3,14,2026-04-20,1,17,4,0.0,0.0,0.0,0.25,4.0,0.0
3,14,2026-04-27,0,18,4,1.0,0.0,1.0,0.5,0.0,0.0
3,14,2026-05-04,0,19,5,0.0,1.0,0.0,0.25,0.0,0.0
3,14,2026-05-11,0,20,5,0.0,0.0,0.0,0.25,0.0,0.0
3,14,2026-05-18,0,21,5,0.0,0.0,1.0,0.25,0.0,0.0
3,14,2026-05-25,0,22,5,0.0,0.0,0.0,0.0,1.0,0.0
3,14,2026-06-01,0,23,6,0.0,0.0,0.0,0.0,1.0,0.0
3,14,2026-06-08,0,24,6,0.0,0.0,0.0,0.0,1.0,0.0
3,14,2026-06-15,0,25,6,0.0,0.0,0.0,0.0,1.0,0.0
3,14,2026-06-22,0,26,6,0.0,0.0,0.0,0.0,1.0,0.0
4,1,2024-01-29,0,5,1,1.0,0.0,2.0,0.75,0.0,1.0
4,1,2024-02-05,1,6,2,0.0,1.0,0.0,0.25,4.0,1.0
4,1,2024-02-12,1,7,2,1.0,0.0,0.0,0.5,2.0,2.0
4,1,2024-02-19,2,8,2,1.0,1.0,1.0,0.75,2.6666666666666665,0.0
4,1,2024-02-26,0,9,2,2.0,1.0,0.0,1.0,0.0,0.0
4,1,2024-03-04,0,10,3,0.0,2.0,1.0,1.0,0.0,0.0
4,1,2024-03-11,0,11,3,0.0,0.0,1.0,0.75,0.0,0.0
4,1,2024-03-18,0,12,3,0.0,0.0,2.0,0.5,0.0,0.0
4,1,2024-03-25,0,13,3,0.0,0.0,0.0,0.0,1.0,1.0
4,1,2024-04-01,1,14,4,0.0,0.0,0.0,0.0,1.0,0.0
4,1,2024-04-08,0,15,4,1.0,0.0,0.0,0.25,0.0,0.0
4,1,2024-04-15,0,16,4,0.0,1.0,0.0,0.25,0.0,1.0
4,1,2024-04-22,1,17,4,0.0,0.0,0.0,0.25,4.0,0.0
4,1,2024-04-29,0,18,4,1.0,0.0,1.0,0.5,0.0,1.0
4,1,2024-05-06,1,19,5,0.0,1.0,0.0,0.25,4.0,0.0
4,1,2024-05-13,0,20,5,1.0,0.0,0.0,0.5,0.0,2.0
4,1,2024-05-20,2,21,5,0.0,1.0,1.0,0.5,4.0,0.0
4,1,2024-05-27,0,22,5,2.0,0.0,0.0,0.75,0.0,0.0
4,1,2024-06-03,0,23,6,0.0,2.0,1.0,0.75,0.0,0.0
4,1,2024-06-10,0,24,6,0.0,0.0,0.0,0.5,0.0,0.0
4,1,2024-06-17,0,25,6,0.0,0.0,2.0,0.5,0.0,1.0
4,1,2024-06-24,1,26,6,0.0,0.0,0.0,0.0,1.0,0.0
4,1,2024-07-01,0,27,7,1.0,0.0,0.0,0.25,0.0,0.0
4,1,2024-07-08,0,28,7,0.0,1.0,0.0,0.25,0.0,2.0
4,1,2024-07-15,2,29,7,0.0,0.0,0.0,0.25,8.0,0.0
4,1,2024-07-22,0,30,7,2.0,0.0,1.0,0.75,0.0,2.0
4,1,2024-07-29,2,31,7,0.0,2.0,0.0,0.5,4.0,0.0
4,1,2024-08-05,0,32,8,2.0,0.0,0.0,1.0,0.0,1.0
4,1,2024-08-12,1,33,8,0.0,2.0,2.0,1.0,1.0,1.0
4,1,2024-08-19,1,34,8,1.0,0.0,0.0,0.75,1.3333333333333333,0.0
4,1,2024-08-26,0,35,8,1.0,1.0,2.0,1.0,0.0,0.0
4,1,2024-09-02,0,36,9,0.0,1.0,0.0,0.5,0.0,2.0
4,1,2024-09-09,2,37,9,0.0,0.0,1.0,0.5,4.0,0.0
4,1,2024-09-16,0,38,9,2.0,0.0,1.0,0.75,0.0,0.0
4,1,2024-09-23,0,39,9,0.0,2.0,0.0,0.5,0.0,1.0
4,1,2024-09-30,1,40,9,0.0,0.0,0.0,0.5,2.0,0.0
4,1,2024-10-07,0,41,10,1.0,0.0,2.0,0.75,0.0,0.0
4,1,2024-10-14,0,42,10,0.0,1.0,0.0,0.25,0.0,1.0
4,1,2024-10-21,1,43,10,0.0,0.0,0.0,0.25,4.0,1.0
4,1,2024-10-28,1,44,10,1.0,0.0,1.0,0.5,2.0,0.0
4,1,2024-11-04,0,45,11,1.0,1.0,0.0,0.5,0.0,0.0
4,1,2024-11-11,0,46,11,0.0,1.0,0.0,0.5,0.0,1.0
4,1,2024-11-18,1,47,11,0.0,0.0,1.0,0.5,2.0,1.0
4,1,2024-11-25,1,48,11,1.0,0.0,1.0,0.5,2.0,0.0
4,1,2024-12-02,0,49,12,1.0,1.0,0.0,0.5,0.0,0.0
4,1,2024-12-09,0,50,12,0.0,1.0,0.0,0.5,0.0,1.0
4,1,2024-12-16,1,51,12,0.0,0.0,1.0,0.5,2.0,1.0
4,1,2024-12-23,1,52,12,1.0,0.0,1.0,0.5,2.0,1.0
4,1,2024-12-30,1,1,12,1.0,1.0,0.0,0.5,2.0,0.0
4,1,2025-01-06,0,2,1,1.0,1.0,0.0,0.75,0.0,1.0
4,1,2025-01-13,1,3,1,0.0,1.0,1.0,0.75,1.3333333333333333,0.0
4,1,2025-01-20,0,4,1,1.0,0.0,1.0,0.75,0.0,1.0
4,1,2025-01-27,1,5,1,0.0,1.0,1.0,0.5,2.0,0.0
4,1,2025-02-03,0,6,2,1.0,0.0,0.0,0.5,0.0,0.0
4,1,2025-02-10,0,7,2,0.0,1.0,1.0,0.5,0.0,0.0
4,1,2025-02-17,0,8,2,0.0,0.0,0.0,0.25,0.0,1.0
4,1,2025-02-24,1,9,2,0.0,0.0,1.0,0.25,4.0,0.0
4,1,2025-03-03,0,10,3,1.0,0.0,0.0,0.25,0.0,0.0
4,1,2025-03-10,0,11,3,0.0,1.0,0.0,0.25,0.0,0.0
4,1,2025-03-17,0,12,3,0.0,0.0,0.0,0.25,0.0,3.0
4,1,2025-03-24,3,13,3,0.0,0.0,1.0,0.25,12.0,1.0
4,1,2025-03-31,1,14,3,3.0,0.0,0.0,0.75,1.3333333333333333,1.0
4,1,2025-04-07,1,15,4,1.0,3.0,0.0,1.0,1.0,0.0
4,1,2025-04-14,0,16,4,1.0,1.0,0.0,1.25,0.0,0.0
4,1,2025-04-21,0,17,4,0.0,1.0,3.0,1.25,0.0,0.0
4,1,2025-04-28,0,18,4,0.0,0.0,1.0,0.5,0.0,0.0
4,1,2025-05-05,0,19,5,0.0,0.0,1.0,0.25,0.0,1.0
4,1,2025-05-12,1,20,5,0.0,0.0,0.0,0.0,1.0,1.0
4,1,2025-05-19,1,21,5,1.0,0.0,0.0,0.25,4.0,1.0
4,1,2025-05-26,1,22,5,1.0,1.0,0.0,0.5,2.0,1.0
4,1,2025-06-02,1,23,6,1.0,1.0,0.0,0.75,1.3333333333333333,0.0
4,1,2025-06-09,0,24,6,1.0,1.0,1.0,1.0,0.0,0.0
4,1,2025-06-16,0,25,6,0.0,1.0,1.0,0.75,0.0,2.0
4,1,2025-06-23,2,26,6,0.0,0.0,1.0,0.5,4.0,0.0
4,1,2025-06-30,0,27,6,2.0,0.0,1.0,0.75,0.0,0.0
4,1,2025-07-07,0,28,7,0.0,2.0,0.0,0.5,0.0,0.0
4,1,2025-07-14,0,29,7,0.0,0.0,0.0,0.5,0.0,0.0
4,1,2025-07-21,0,30,7,0.0,0.0,2.0,0.5,0.0,2.0
4,1,2025-07-28,2,31,7,0.0,0.0,0.0,0.0,1.0,0.0
4,1,2025-08-04,0,32,8,2.0,0.0,0.0,0.5,0.0,0.0
4,1,2025-08-11,0,33,8,0.0,2.0,0.0,0.5,0.0,1.0
4,1,2025-08-18,1,34,8,0.0,0.0,0.0,0.5,2.0,1.0
4,1,2025-08-25,1,35,8,1.0,0.0,2.0,0.75,1.3333333333333333,0.0
4,1,2025-09-01,0,36,9,1.0,1.0,0.0,0.5,0.0,0.0
4,1,2025-09-08,0,37,9,0.0,1.0,0.0,0.5,0.0,2.0
4,1,2025-09-15,2,38,9,0.0,0.0,1.0,0.5,4.0,0.0
4,1,2025-09-22,0,39,9,2.0,0.0,1.0,0.75,0.0,0.0
4,1,2025-09-29,0,40,9,0.0,2.0,0.0,0.5,0.0,0.0
4,1,2025-10-06,0,41,10,0.0,0.0,0.0,0.5,0.0,0.0
4,1,2025-10-13,0,42,10,0.0,0.0,2.0,0.5,0.0,0.0
4,1,2025-10-20,0,43,10,0.0,0.0,0.0,0.0,1.0,0.0
4,1,2025-10-27,0,44,10,0.0,0.0,0.0,0.0,1.0,0.0
4,1,2025-11-03,0,45,11,0.0,0.0,0.0,0.0,1.0,1.0
4,1,2025-11-10,1,46,11,0.0,0.0,0.0,0.0,1.0,0.0
4,1,2025-11-17,0,47,11,1.0,0.0,0.0,0.25,0.0,0.0
4,1,2025-11-24,0,48,11,0.0,1.0,0.0,0.25,0.0,0.0
4,1,2025-12-01,0,49,12,0.0,0.0,0.0,0.25,0.0,0.0
4,1,2025-12-08,0,50,12,0.0,0.0,1.0,0.25,0.0,1.0
4,1,2025-12-15,1,51,12,0.0,0.0,0.0,0.0,1.0,1.0
4,1,2025-12-22,1,52,12,1.0,0.0,0.0,0.25,4.0,1.0
4,1,2025-12-29,1,1,12,1.0,1.0,0.0,0.5,2.0,0.0
4,1,2026-01-05,0,2,1,1.0,1.0,0.0,0.75,0.0,0.0
4,1,2026-01-12,0,3,1,0.0,1.0,1.0,0.75,0.0,0.0
4,1,2026-01-19,0,4,1,0.0,0.0,1.0,0.5,0.0,0.0
4,1,2026-01-26,0,5,1,0.0,0.0,1.0,0.25,0.0,1.0
4,1,2026-02-02,1,6,2,0.0,0.0,0.0,0.0,1.0,0.0
4,1,2026-02-09,0,7,2,1.0,0.0,0.0,0.25,0.0,1.0
4,1,2026-02-16,1,8,2,0.0,1.0,0.0,0.25,4.0,0.0
4,1,2026-02-23,0,9,2,1.0,0.0,0.0,0.5,0.0,0.0
4,1,2026-03-02,0,10,3,0.0,1.0,1.0,0.5,0.0,0.0
4,1,2026-03-09,0,11,3,0.0,0.0,0.0,0.25,0.0,0.0
4,1,2026-03-16,0,12,3,0.0,0.0,1.0,0.25,0.0,0.0
4,1,2026-03-23,0,13,3,0.0,0.0,0.0,0.0,1.0,1.0
4,1,2026-03-30,1,14,3,0.0,0.0,0.0,0.0,1.0,0.0
4,1,2026-04-06,0,15,4,1.0,0.0,0.0,0.25,0.0,0.0
4,1,2026-04-13,0,16,4,0.0,1.0,0.0,0.25,0.0,0.0
4,1,2026-04-20,0,17,4,0.0,0.0,0.0,0.25,0.0,1.0
4,1,2026-04-27,1,18,4,0.0,0.0,1.0,0.25,4.0,0.0
4,1,2026-05-04,0,19,5,1.0,0.0,0.0,0.25,0.0,0.0
4,1,2026-05-11,0,20,5,0.0,1.0,0.0,0.25,0.0,0.0
4,1,2026-05-18,0,21,5,0.0,0.0,0.0,0.25,0.0,0.0
4,1,2026-05-25,0,22,5,0.0,0.0,1.0,0.25,0.0,0.0
4,1,2026-06-01,0,23,6,0.0,0.0,0.0,0.0,1.0,0.0
4,1,2026-06-08,0,24,6,0.0,0.0,0.0,0.0,1.0,1.0
4,1,2026-06-15,1,25,6,0.0,0.0,0.0,0.0,1.0,2.0
4,1,2026-06-22,2,26,6,1.0,0.0,0.0,0.25,8.0,0.0
4,2,2024-01-29,0,5,1,0.0,0.0,2.0,0.75,0.0,0.0
4,2,2024-02-05,0,6,2,0.0,0.0,1.0,0.25,0.0,0.0
4,2,2024-02-12,0,7,2,0.0,0.0,0.0,0.0,1.0,2.0
4,2,2024-02-19,2,8,2,0.0,0.0,0.0,0.0,1.0,1.0
4,2,2024-02-26,1,9,2,2.0,0.0,0.0,0.5,2.0,0.0
4,2,2024-03-04,0,10,3,1.0,2.0,0.0,0.75,0.0,1.0
4,2,2024-03-11,1,11,3,0.0,1.0,0.0,0.75,1.3333333333333333,0.0
4,2,2024-03-18,0,12,3,1.0,0.0,2.0,1.0,0.0,0.0
4,2,2024-03-25,0,13,3,0.0,1.0,1.0,0.5,0.0,1.0
4,2,2024-04-01,1,14,4,0.0,0.0,0.0,0.25,4.0,1.0
4,2,2024-04-08,1,15,4,1.0,0.0,1.0,0.5,2.0,1.0
4,2,2024-04-15,1,16,4,1.0,1.0,0.0,0.5,2.0,0.0
4,2,2024-04-22,0,17,4,1.0,1.0,0.0,0.75,0.0,0.0
4,2,2024-04-29,0,18,4,0.0,1.0,1.0,0.75,0.0,0.0
4,2,2024-05-06,0,19,5,0.0,0.0,1.0,0.5,0.0,0.0
4,2,2024-05-13,0,20,5,0.0,0.0,1.0,0.25,0.0,0.0
4,2,2024-05-20,0,21,5,0.0,0.0,0.0,0.0,1.0,0.0
4,2,2024-05-27,0,22,5,0.0,0.0,0.0,0.0,1.0,0.0
4,2,2024-06-03,0,23,6,0.0,0.0,0.0,0.0,1.0,0.0
4,2,2024-06-10,0,24,6,0.0,0.0,0.0,0.0,1.0,0.0
4,2,2024-06-17,0,25,6,0.0,0.0,0.0,0.0,1.0,1.0
4,2,2024-06-24,1,26,6,0.0,0.0,0.0,0.0,1.0,0.0
4,2,2024-07-01,0,27,7,1.0,0.0,0.0,0.25,0.0,0.0
4,2,2024-07-08,0,28,7,0.0,1.0,0.0,0.25,0.0,0.0
4,2,2024-07-15,0,29,7,0.0,0.0,0.0,0.25,0.0,0.0
4,2,2024-07-22,0,30,7,0.0,0.0,1.0,0.25,0.0,0.0
4,2,2024-07-29,0,31,7,0.0,0.0,0.0,0.0,1.0,1.0
4,2,2024-08-05,1,32,8,0.0,0.0,0.0,0.0,1.0,0.0
4,2,2024-08-12,0,33,8,1.0,0.0,0.0,0.25,0.0,1.0
4,2,2024-08-19,1,34,8,0.0,1.0,0.0,0.25,4.0,0.0
4,2,2024-08-26,0,35,8,1.0,0.0,0.0,0.5,0.0,0.0
4,2,2024-09-02,0,36,9,0.0,1.0,1.0,0.5,0.0,1.0
4,2,2024-09-09,1,37,9,0.0,0.0,0.0,0.25,4.0,0.0
4,2,2024-09-16,0,38,9,1.0,0.0,1.0,0.5,0.0,0.0
4,2,2024-09-23,0,39,9,0.0,1.0,0.0,0.25,0.0,1.0
4,2,2024-09-30,1,40,9,0.0,0.0,0.0,0.25,4.0,0.0
4,2,2024-10-07,0,41,10,1.0,0.0,1.0,0.5,0.0,0.0
4,2,2024-10-14,0,42,10,0.0,1.0,0.0,0.25,0.0,0.0
4,2,2024-10-21,0,43,10,0.0,0.0,0.0,0.25,0.0,1.0
4,2,2024-10-28,1,44,10,0.0,0.0,1.0,0.25,4.0,0.0
4,2,2024-11-04,0,45,11,1.0,0.0,0.0,0.25,0.0,1.0
4,2,2024-11-11,1,46,11,0.0,1.0,0.0,0.25,4.0,1.0
4,2,2024-11-18,1,47,11,1.0,0.0,0.0,0.5,2.0,0.0
4,2,2024-11-25,0,48,11,1.0,1.0,1.0,0.75,0.0,0.0
4,2,2024-12-02,0,49,12,0.0,1.0,0.0,0.5,0.0,0.0
4,2,2024-12-09,0,50,12,0.0,0.0,1.0,0.5,0.0,2.0
4,2,2024-12-16,2,51,12,0.0,0.0,1.0,0.25,8.0,2.0
4,2,2024-12-23,2,52,12,2.0,0.0,0.0,0.5,4.0,2.0
4,2,2024-12-30,2,1,12,2.0,2.0,0.0,1.0,2.0,0.0
4,2,2025-01-06,0,2,1,2.0,2.0,0.0,1.5,0.0,0.0
4,2,2025-01-13,0,3,1,0.0,2.0,2.0,1.5,0.0,0.0
4,2,2025-01-20,0,4,1,0.0,0.0,2.0,1.0,0.0,0.0
4,2,2025-01-27,0,5,1,0.0,0.0,2.0,0.5,0.0,1.0
4,2,2025-02-03,1,6,2,0.0,0.0,0.0,0.0,1.0,1.0
4,2,2025-02-10,1,7,2,1.0,0.0,0.0,0.25,4.0,0.0
4,2,2025-02-17,0,8,2,1.0,1.0,0.0,0.5,0.0,2.0
4,2,2025-02-24,2,9,2,0.0,1.0,0.0,0.5,4.0,0.0
4,2,2025-03-03,0,10,3,2.0,0.0,1.0,1.0,0.0,1.0
4,2,2025-03-10,1,11,3,0.0,2.0,1.0,0.75,1.3333333333333333,2.0
4,2,2025-03-17,2,12,3,1.0,0.0,0.0,0.75,2.6666666666666665,0.0
4,2,2025-03-24,0,13,3,2.0,1.0,2.0,1.25,0.0,0.0
4,2,2025-03-31,0,14,3,0.0,2.0,0.0,0.75,0.0,0.0
4,2,2025-04-07,0,15,4,0.0,0.0,1.0,0.75,0.0,1.0
4,2,2025-04-14,1,16,4,0.0,0.0,2.0,0.5,2.0,1.0
4,2,2025-04-21,1,17,4,1.0,0.0,0.0,0.25,4.0,1.0
4,2,2025-04-28,1,18,4,1.0,1.0,0.0,0.5,2.0,1.0
4,2,2025-05-05,1,19,5,1.0,1.0,0.0,0.75,1.3333333333333333,0.0
4,2,2025-05-12,0,20,5,1.0,1.0,1.0,1.0,0.0,0.0
4,2,2025-05-19,0,21,5,0.0,1.0,1.0,0.75,0.0,0.0
4,2,2025-05-26,0,22,5,0.0,0.0,1.0,0.5,0.0,0.0
4,2,2025-06-02,0,23,6,0.0,0.0,1.0,0.25,0.0,1.0
4,2,2025-06-09,1,24,6,0.0,0.0,0.0,0.0,1.0,0.0
4,2,2025-06-16,0,25,6,1.0,0.0,0.0,0.25,0.0,0.0
4,2,2025-06-23,0,26,6,0.0,1.0,0.0,0.25,0.0,1.0
4,2,2025-06-30,1,27,6,0.0,0.0,0.0,0.25,4.0,0.0
4,2,2025-07-07,0,28,7,1.0,0.0,1.0,0.5,0.0,0.0
4,2,2025-07-14,0,29,7,0.0,1.0,0.0,0.25,0.0,2.0
4,2,2025-07-21,2,30,7,0.0,0.0,0.0,0.25,8.0,2.0
4,2,2025-07-28,2,31,7,2.0,0.0,1.0,0.75,2.6666666666666665,0.0
4,2,2025-08-04,0,32,8,2.0,2.0,0.0,1.0,0.0,1.0
4,2,2025-08-11,1,33,8,0.0,2.0,0.0,1.0,1.0,1.0
4,2,2025-08-18,1,34,8,1.0,0.0,2.0,1.25,0.8,0.0
4,2,2025-08-25,0,35,8,1.0,1.0,2.0,1.0,0.0,0.0
4,2,2025-09-01,0,36,9,0.0,1.0,0.0,0.5,0.0,0.0
4,2,2025-09-08,0,37,9,0.0,0.0,1.0,0.5,0.0,0.0
4,2,2025-09-15,0,38,9,0.0,0.0,1.0,0.25,0.0,0.0
4,2,2025-09-22,0,39,9,0.0,0.0,0.0,0.0,1.0,0.0
4,2,2025-09-29,0,40,9,0.0,0.0,0.0,0.0,1.0,1.0
4,2,2025-10-06,1,41,10,0.0,0.0,0.0,0.0,1.0,0.0
4,2,2025-10-13,0,42,10,1.0,0.0,0.0,0.25,0.0,0.0
4,2,2025-10-20,0,43,10,0.0,1.0,0.0,0.25,0.0,0.0
4,2,2025-10-27,0,44,10,0.0,0.0,0.0,0.25,0.0,1.0
4,2,2025-11-03,1,45,11,0.0,0.0,1.0,0.25,4.0,1.0
4,2,2025-11-10,1,46,11,1.0,0.0,0.0,0.25,4.0,1.0
4,2,2025-11-17,1,47,11,1.0,1.0,0.0,0.5,2.0,0.0
4,2,2025-11-24,0,48,11,1.0,1.0,0.0,0.75,0.0,1.0
4,2,2025-12-01,1,49,12,0.0,1.0,1.0,0.75,1.3333333333333333,2.0
4,2,2025-12-08,2,50,12,1.0,0.0,1.0,0.75,2.6666666666666665,1.0
4,2,2025-12-15,1,51,12,2.0,1.0,1.0,1.0,1.0,0.0
4,2,2025-12-22,0,52,12,1.0,2.0,0.0,1.0,0.0,0.0
4,2,2025-12-29,0,1,12,0.0,1.0,1.0,1.0,0.0,1.0
4,2,2026-01-05,1,2,1,0.0,0.0,2.0,0.75,1.3333333333333333,2.0
4,2,2026-01-12,2,3,1,1.0,0.0,1.0,0.5,4.0,0.0
4,2,2026-01-19,0,4,1,2.0,1.0,0.0,0.75,0.0,1.0
4,2,2026-01-26,1,5,1,0.0,2.0,0.0,0.75,1.3333333333333333,2.0
4,2,2026-02-02,2,6,2,1.0,0.0,1.0,1.0,2.0,0.0
4,2,2026-02-09,0,7,2,2.0,1.0,2.0,1.25,0.0,1.0
4,2,2026-02-16,1,8,2,0.0,2.0,0.0,0.75,1.3333333333333333,1.0
4,2,2026-02-23,1,9,2,1.0,0.0,1.0,1.0,1.0,0.0
4,2,2026-03-02,0,10,3,1.0,1.0,2.0,1.0,0.0,0.0
4,2,2026-03-09,0,11,3,0.0,1.0,0.0,0.5,0.0,0.0
4,2,2026-03-16,0,12,3,0.0,0.0,1.0,0.5,0.0,0.0
4,2,2026-03-23,0,13,3,0.0,0.0,1.0,0.25,0.0,0.0
4,2,2026-03-30,0,14,3,0.0,0.0,0.0,0.0,1.0,0.0
4,2,2026-04-06,0,15,4,0.0,0.0,0.0,0.0,1.0,0.0
4,2,2026-04-13,0,16,4,0.0,0.0,0.0,0.0,1.0,0.0
4,2,2026-04-20,0,17,4,0.0,0.0,0.0,0.0,1.0,1.0
4,2,2026-04-27,1,18,4,0.0,0.0,0.0,0.0,1.0,1.0
4,2,2026-05-04,1,19,5,1.0,0.0,0.0,0.25,4.0,1.0
4,2,2026-05-11,1,20,5,1.0,1.0,0.0,0.5,2.0,3.0
4,2,2026-05-18,3,21,5,1.0,1.0,0.0,0.75,4.0,1.0
4,2,2026-05-25,1,22,5,3.0,1.0,1.0,1.5,0.6666666666666666,1.0
4,2,2026-06-01,1,23,6,1.0,3.0,1.0,1.5,0.6666666666666666,1.0
4,2,2026-06-08,1,24,6,1.0,1.0,1.0,1.5,0.6666666666666666,1.0
4,2,2026-06-15,1,25,6,1.0,1.0,3.0,1.5,0.6666666666666666,0.0
4,2,2026-06-22,0,26,6,1.0,1.0,1.0,1.0,0.0,0.0
4,3,2024-01-29,0,5,1,0.0,1.0,0.0,0.5,0.0,1.0
4,3,2024-02-05,1,6,2,0.0,0.0,1.0,0.5,2.0,0.0
4,3,2024-02-12,0,7,2,1.0,0.0,1.0,0.5,0.0,0.0
4,3,2024-02-19,0,8,2,0.0,1.0,0.0,0.25,0.0,0.0
4,3,2024-02-26,0,9,2,0.0,0.0,0.0,0.25,0.0,0.0
4,3,2024-03-04,0,10,3,0.0,0.0,1.0,0.25,0.0,0.0
4,3,2024-03-11,0,11,3,0.0,0.0,0.0,0.0,1.0,1.0
4,3,2024-03-18,1,12,3,0.0,0.0,0.0,0.0,1.0,0.0
4,3,2024-03-25,0,13,3,1.0,0.0,0.0,0.25,0.0,3.0
4,3,2024-04-01,3,14,4,0.0,1.0,0.0,0.25,12.0,1.0
4,3,2024-04-08,1,15,4,3.0,0.0,0.0,1.0,1.0,1.0
4,3,2024-04-15,1,16,4,1.0,3.0,1.0,1.25,0.8,0.0
4,3,2024-04-22,0,17,4,1.0,1.0,0.0,1.25,0.0,0.0
4,3,2024-04-29,0,18,4,0.0,1.0,3.0,1.25,0.0,0.0
4,3,2024-05-06,0,19,5,0.0,0.0,1.0,0.5,0.0,0.0
4,3,2024-05-13,0,20,5,0.0,0.0,1.0,0.25,0.0,0.0
4,3,2024-05-20,0,21,5,0.0,0.0,0.0,0.0,1.0,0.0
4,3,2024-05-27,0,22,5,0.0,0.0,0.0,0.0,1.0,0.0
4,3,2024-06-03,0,23,6,0.0,0.0,0.0,0.0,1.0,0.0
4,3,2024-06-10,0,24,6,0.0,0.0,0.0,0.0,1.0,1.0
4,3,2024-06-17,1,25,6,0.0,0.0,0.0,0.0,1.0,1.0
4,3,2024-06-24,1,26,6,1.0,0.0,0.0,0.25,4.0,1.0
4,3,2024-07-01,1,27,7,1.0,1.0,0.0,0.5,2.0,1.0
4,3,2024-07-08,1,28,7,1.0,1.0,0.0,0.75,1.3333333333333333,0.0
4,3,2024-07-15,0,29,7,1.0,1.0,1.0,1.0,0.0,1.0
4,3,2024-07-22,1,30,7,0.0,1.0,1.0,0.75,1.3333333333333333,0.0
4,3,2024-07-29,0,31,7,1.0,0.0,1.0,0.75,0.0,1.0
4,3,2024-08-05,1,32,8,0.0,1.0,1.0,0.5,2.0,3.0
4,3,2024-08-12,3,33,8,1.0,0.0,0.0,0.5,6.0,0.0
4,3,2024-08-19,0,34,8,3.0,1.0,1.0,1.25,0.0,1.0
4,3,2024-08-26,1,35,8,0.0,3.0,0.0,1.0,1.0,0.0
4,3,2024-09-02,0,36,9,1.0,0.0,1.0,1.25,0.0,1.0
4,3,2024-09-09,1,37,9,0.0,1.0,3.0,1.0,1.0,0.0
4,3,2024-09-16,0,38,9,1.0,0.0,0.0,0.5,0.0,1.0
4,3,2024-09-23,1,39,9,0.0,1.0,1.0,0.5,2.0,1.0
4,3,2024-09-30,1,40,9,1.0,0.0,0.0,0.5,2.0,1.0
4,3,2024-10-07,1,41,10,1.0,1.0,1.0,0.75,1.3333333333333333,0.0
4,3,2024-10-14,0,42,10,1.0,1.0,0.0,0.75,0.0,0.0
4,3,2024-10-21,0,43,10,0.0,1.0,1.0,0.75,0.0,1.0
4,3,2024-10-28,1,44,10,0.0,0.0,1.0,0.5,2.0,0.0
4,3,2024-11-04,0,45,11,1.0,0.0,1.0,0.5,0.0,1.0
4,3,2024-11-11,1,46,11,0.0,1.0,0.0,0.25,4.0,0.0
4,3,2024-11-18,0,47,11,1.0,0.0,0.0,0.5,0.0,1.0
4,3,2024-11-25,1,48,11,0.0,1.0,1.0,0.5,2.0,1.0
4,3,2024-12-02,1,49,12,1.0,0.0,0.0,0.5,2.0,0.0
4,3,2024-12-09,0,50,12,1.0,1.0,1.0,0.75,0.0,0.0
4,3,2024-12-16,0,51,12,0.0,1.0,0.0,0.5,0.0,1.0
4,3,2024-12-23,1,52,12,0.0,0.0,1.0,0.5,2.0,0.0
4,3,2024-12-30,0,1,12,1.0,0.0,1.0,0.5,0.0,0.0
4,3,2025-01-06,0,2,1,0.0,1.0,0.0,0.25,0.0,0.0
4,3,2025-01-13,0,3,1,0.0,0.0,0.0,0.25,0.0,1.0
4,3,2025-01-20,1,4,1,0.0,0.0,1.0,0.25,4.0,0.0
4,3,2025-01-27,0,5,1,1.0,0.0,0.0,0.25,0.0,1.0
4,3,2025-02-03,1,6,2,0.0,1.0,0.0,0.25,4.0,0.0
4,3,2025-02-10,0,7,2,1.0,0.0,0.0,0.5,0.0,0.0
4,3,2025-02-17,0,8,2,0.0,1.0,1.0,0.5,0.0,0.0
4,3,2025-02-24,0,9,2,0.0,0.0,0.0,0.25,0.0,0.0
4,3,2025-03-03,0,10,3,0.0,0.0,1.0,0.25,0.0,1.0
4,3,2025-03-10,1,11,3,0.0,0.0,0.0,0.0,1.0,1.0
4,3,2025-03-17,1,12,3,1.0,0.0,0.0,0.25,4.0,1.0
4,3,2025-03-24,1,13,3,1.0,1.0,0.0,0.5,2.0,1.0
4,3,2025-03-31,1,14,3,1.0,1.0,0.0,0.75,1.3333333333333333,0.0
4,3,2025-04-07,0,15,4,1.0,1.0,1.0,1.0,0.0,1.0
4,3,2025-04-14,1,16,4,0.0,1.0,1.0,0.75,1.3333333333333333,1.0
4,3,2025-04-21,1,17,4,1.0,0.0,1.0,0.75,1.3333333333333333,0.0
4,3,2025-04-28,0,18,4,1.0,1.0,1.0,0.75,0.0,0.0
4,3,2025-05-05,0,19,5,0.0,1.0,0.0,0.5,0.0,0.0
4,3,2025-05-12,0,20,5,0.0,0.0,1.0,0.5,0.0,1.0
4,3,2025-05-19,1,21,5,0.0,0.0,1.0,0.25,4.0,1.0
4,3,2025-05-26,1,22,5,1.0,0.0,0.0,0.25,4.0,0.0
4,3,2025-06-02,0,23,6,1.0,1.0,0.0,0.5,0.0,0.0
4,3,2025-06-09,0,24,6,0.0,1.0,0.0,0.5,0.0,1.0
4,3,2025-06-16,1,25,6,0.0,0.0,1.0,0.5,2.0,0.0
4,3,2025-06-23,0,26,6,1.0,0.0,1.0,0.5,0.0,0.0
4,3,2025-06-30,0,27,6,0.0,1.0,0.0,0.25,0.0,2.0
4,3,2025-07-07,2,28,7,0.0,0.0,0.0,0.25,8.0,0.0
4,3,2025-07-14,0,29,7,2.0,0.0,1.0,0.75,0.0,0.0
4,3,2025-07-21,0,30,7,0.0,2.0,0.0,0.5,0.0,2.0
4,3,2025-07-28,2,31,7,0.0,0.0,0.0,0.5,4.0,0.0
4,3,2025-08-04,0,32,8,2.0,0.0,2.0,1.0,0.0,1.0
4,3,2025-08-11,1,33,8,0.0,2.0,0.0,0.5,2.0,0.0
4,3,2025-08-18,0,34,8,1.0,0.0,0.0,0.75,0.0,0.0
4,3,2025-08-25,0,35,8,0.0,1.0,2.0,0.75,0.0,1.0
4,3,2025-09-01,1,36,9,0.0,0.0,0.0,0.25,4.0,0.0
4,3,2025-09-08,0,37,9,1.0,0.0,1.0,0.5,0.0,0.0
4,3,2025-09-15,0,38,9,0.0,1.0,0.0,0.25,0.0,0.0
4,3,2025-09-22,0,39,9,0.0,0.0,0.0,0.25,0.0,1.0
4,3,2025-09-29,1,40,9,0.0,0.0,1.0,0.25,4.0,1.0
4,3,2025-10-06,1,41,10,1.0,0.0,0.0,0.25,4.0,1.0
4,3,2025-10-13,1,42,10,1.0,1.0,0.0,0.5,2.0,0.0
4,3,2025-10-20,0,43,10,1.0,1.0,0.0,0.75,0.0,0.0
4,3,2025-10-27,0,44,10,0.0,1.0,1.0,0.75,0.0,0.0
4,3,2025-11-03,0,45,11,0.0,0.0,1.0,0.5,0.0,0.0
4,3,2025-11-10,0,46,11,0.0,0.0,1.0,0.25,0.0,0.0
4,3,2025-11-17,0,47,11,0.0,0.0,0.0,0.0,1.0,0.0
4,3,2025-11-24,0,48,11,0.0,0.0,0.0,0.0,1.0,0.0
4,3,2025-12-01,0,49,12,0.0,0.0,0.0,0.0,1.0,1.0
4,3,2025-12-08,1,50,12,0.0,0.0,0.0,0.0,1.0,1.0
4,3,2025-12-15,1,51,12,1.0,0.0,0.0,0.25,4.0,0.0
4,3,2025-12-22,0,52,12,1.0,1.0,0.0,0.5,0.0,0.0
4,3,2025-12-29,0,1,12,0.0,1.0,0.0,0.5,0.0,0.0
4,3,2026-01-05,0,2,1,0.0,0.0,1.0,0.5,0.0,0.0
4,3,2026-01-12,0,3,1,0.0,0.0,1.0,0.25,0.0,1.0
4,3,2026-01-19,1,4,1,0.0,0.0,0.0,0.0,1.0,0.0
4,3,2026-01-26,0,5,1,1.0,0.0,0.0,0.25,0.0,0.0
4,3,2026-02-02,0,6,2,0.0,1.0,0.0,0.25,0.0,0.0
4,3,2026-02-09,0,7,2,0.0,0.0,0.0,0.25,0.0,1.0
4,3,2026-02-16,1,8,2,0.0,0.0,1.0,0.25,4.0,0.0
4,3,2026-02-23,0,9,2,1.0,0.0,0.0,0.25,0.0,0.0
4,3,2026-03-02,0,10,3,0.0,1.0,0.0,0.25,0.0,0.0
4,3,2026-03-09,0,11,3,0.0,0.0,0.0,0.25,0.0,1.0
4,3,2026-03-16,1,12,3,0.0,0.0,1.0,0.25,4.0,2.0
4,3,2026-03-23,2,13,3,1.0,0.0,0.0,0.25,8.0,0.0
4,3,2026-03-30,0,14,3,2.0,1.0,0.0,0.75,0.0,0.0
4,3,2026-04-06,0,15,4,0.0,2.0,0.0,0.75,0.0,2.0
4,3,2026-04-13,2,16,4,0.0,0.0,1.0,0.75,2.6666666666666665,1.0
4,3,2026-04-20,1,17,4,2.0,0.0,2.0,1.0,1.0,0.0
4,3,2026-04-27,0,18,4,1.0,2.0,0.0,0.75,0.0,0.0
4,3,2026-05-04,0,19,5,0.0,1.0,0.0,0.75,0.0,1.0
4,3,2026-05-11,1,20,5,0.0,0.0,2.0,0.75,1.3333333333333333,1.0
4,3,2026-05-18,1,21,5,1.0,0.0,1.0,0.5,2.0,0.0
4,3,2026-05-25,0,22,5,1.0,1.0,0.0,0.5,0.0,1.0
4,3,2026-06-01,1,23,6,0.0,1.0,0.0,0.5,2.0,0.0
4,3,2026-06-08,0,24,6,1.0,0.0,1.0,0.75,0.0,0.0
4,3,2026-06-15,0,25,6,0.0,1.0,1.0,0.5,0.0,1.0
4,3,2026-06-22,1,26,6,0.0,0.0,0.0,0.25,4.0,1.0
4,4,2024-01-29,1,5,1,2.0,0.0,1.0,1.0,1.0,0.0
4,4,2024-02-05,0,6,2,1.0,2.0,1.0,1.0,0.0,0.0
4,4,2024-02-12,0,7,2,0.0,1.0,0.0,0.75,0.0,0.0
4,4,2024-02-19,0,8,2,0.0,0.0,2.0,0.75,0.0,0.0
4,4,2024-02-26,0,9,2,0.0,0.0,1.0,0.25,0.0,0.0
4,4,2024-03-04,0,10,3,0.0,0.0,0.0,0.0,1.0,1.0
4,4,2024-03-11,1,11,3,0.0,0.0,0.0,0.0,1.0,1.0
4,4,2024-03-18,1,12,3,1.0,0.0,0.0,0.25,4.0,1.0
4,4,2024-03-25,1,13,3,1.0,1.0,0.0,0.5,2.0,1.0
4,4,2024-04-01,1,14,4,1.0,1.0,0.0,0.75,1.3333333333333333,0.0
4,4,2024-04-08,0,15,4,1.0,1.0,1.0,1.0,0.0,0.0
4,4,2024-04-15,0,16,4,0.0,1.0,1.0,0.75,0.0,0.0
4,4,2024-04-22,0,17,4,0.0,0.0,1.0,0.5,0.0,0.0
4,4,2024-04-29,0,18,4,0.0,0.0,1.0,0.25,0.0,0.0
4,4,2024-05-06,0,19,5,0.0,0.0,0.0,0.0,1.0,0.0
4,4,2024-05-13,0,20,5,0.0,0.0,0.0,0.0,1.0,2.0
4,4,2024-05-20,2,21,5,0.0,0.0,0.0,0.0,1.0,0.0
4,4,2024-05-27,0,22,5,2.0,0.0,0.0,0.5,0.0,1.0
4,4,2024-06-03,1,23,6,0.0,2.0,0.0,0.5,2.0,0.0
4,4,2024-06-10,0,24,6,1.0,0.0,0.0,0.75,0.0,1.0
4,4,2024-06-17,1,25,6,0.0,1.0,2.0,0.75,1.3333333333333333,2.0
4,4,2024-06-24,2,26,6,1.0,0.0,0.0,0.5,4.0,1.0
4,4,2024-07-01,1,27,7,2.0,1.0,1.0,1.0,1.0,0.0
4,4,2024-07-08,0,28,7,1.0,2.0,0.0,1.0,0.0,1.0
4,4,2024-07-15,1,29,7,0.0,1.0,1.0,1.0,1.0,1.0
4,4,2024-07-22,1,30,7,1.0,0.0,2.0,1.0,1.0,1.0
4,4,2024-07-29,1,31,7,1.0,1.0,1.0,0.75,1.3333333333333333,0.0
4,4,2024-08-05,0,32,8,1.0,1.0,0.0,0.75,0.0,0.0
4,4,2024-08-12,0,33,8,0.0,1.0,1.0,0.75,0.0,0.0
4,4,2024-08-19,0,34,8,0.0,0.0,1.0,0.5,0.0,1.0
4,4,2024-08-26,1,35,8,0.0,0.0,1.0,0.25,4.0,0.0
4,4,2024-09-02,0,36,9,1.0,0.0,0.0,0.25,0.0,1.0
4,4,2024-09-09,1,37,9,0.0,1.0,0.0,0.25,4.0,0.0
4,4,2024-09-16,0,38,9,1.0,0.0,0.0,0.5,0.0,0.0
4,4,2024-09-23,0,39,9,0.0,1.0,1.0,0.5,0.0,0.0
4,4,2024-09-30,0,40,9,0.0,0.0,0.0,0.25,0.0,1.0
4,4,2024-10-07,1,41,10,0.0,0.0,1.0,0.25,4.0,1.0
4,4,2024-10-14,1,42,10,1.0,0.0,0.0,0.25,4.0,0.0
4,4,2024-10-21,0,43,10,1.0,1.0,0.0,0.5,0.0,1.0
4,4,2024-10-28,1,44,10,0.0,1.0,0.0,0.5,2.0,1.0
4,4,2024-11-04,1,45,11,1.0,0.0,1.0,0.75,1.3333333333333333,0.0
4,4,2024-11-11,0,46,11,1.0,1.0,1.0,0.75,0.0,0.0
4,4,2024-11-18,0,47,11,0.0,1.0,0.0,0.5,0.0,0.0
4,4,2024-11-25,0,48,11,0.0,0.0,1.0,0.5,0.0,1.0
4,4,2024-12-02,1,49,12,0.0,0.0,1.0,0.25,4.0,0.0
4,4,2024-12-09,0,50,12,1.0,0.0,0.0,0.25,0.0,1.0
4,4,2024-12-16,1,51,12,0.0,1.0,0.0,0.25,4.0,1.0
4,4,2024-12-23,1,52,12,1.0,0.0,0.0,0.5,2.0,1.0
4,4,2024-12-30,1,1,12,1.0,1.0,1.0,0.75,1.3333333333333333,0.0
4,4,2025-01-06,0,2,1,1.0,1.0,0.0,0.75,0.0,0.0
4,4,2025-01-13,0,3,1,0.0,1.0,1.0,0.75,0.0,0.0
4,4,2025-01-20,0,4,1,0.0,0.0,1.0,0.5,0.0,0.0
4,4,2025-01-27,0,5,1,0.0,0.0,1.0,0.25,0.0,1.0
4,4,2025-02-03,1,6,2,0.0,0.0,0.0,0.0,1.0,0.0
4,4,2025-02-10,0,7,2,1.0,0.0,0.0,0.25,0.0,0.0
4,4,2025-02-17,0,8,2,0.0,1.0,0.0,0.25,0.0,0.0
4,4,2025-02-24,0,9,2,0.0,0.0,0.0,0.25,0.0,1.0
4,4,2025-03-03,1,10,3,0.0,0.0,1.0,0.25,4.0,0.0
4,4,2025-03-10,0,11,3,1.0,0.0,0.0,0.25,0.0,0.0
4,4,2025-03-17,0,12,3,0.0,1.0,0.0,0.25,0.0,0.0
4,4,2025-03-24,0,13,3,0.0,0.0,0.0,0.25,0.0,0.0
4,4,2025-03-31,0,14,3,0.0,0.0,1.0,0.25,0.0,1.0
4,4,2025-04-07,1,15,4,0.0,0.0,0.0,0.0,1.0,0.0
4,4,2025-04-14,0,16,4,1.0,0.0,0.0,0.25,0.0,0.0
4,4,2025-04-21,0,17,4,0.0,1.0,0.0,0.25,0.0,0.0
4,4,2025-04-28,0,18,4,0.0,0.0,0.0,0.25,0.0,0.0
4,4,2025-05-05,0,19,5,0.0,0.0,1.0,0.25,0.0,0.0
4,4,2025-05-12,0,20,5,0.0,0.0,0.0,0.0,1.0,2.0
4,4,2025-05-19,2,21,5,0.0,0.0,0.0,0.0,1.0,2.0
4,4,2025-05-26,2,22,5,2.0,0.0,0.0,0.5,4.0,1.0
4,4,2025-06-02,1,23,6,2.0,2.0,0.0,1.0,1.0,0.0
4,4,2025-06-09,0,24,6,1.0,2.0,0.0,1.25,0.0,0.0
4,4,2025-06-16,0,25,6,0.0,1.0,2.0,1.25,0.0,0.0
4,4,2025-06-23,0,26,6,0.0,0.0,2.0,0.75,0.0,0.0
4,4,2025-06-30,0,27,6,0.0,0.0,1.0,0.25,0.0,0.0
4,4,2025-07-07,0,28,7,0.0,0.0,0.0,0.0,1.0,1.0
4,4,2025-07-14,1,29,7,0.0,0.0,0.0,0.0,1.0,0.0
4,4,2025-07-21,0,30,7,1.0,0.0,0.0,0.25,0.0,0.0
4,4,2025-07-28,0,31,7,0.0,1.0,0.0,0.25,0.0,1.0
4,4,2025-08-04,1,32,8,0.0,0.0,0.0,0.25,4.0,1.0
4,4,2025-08-11,1,33,8,1.0,0.0,1.0,0.5,2.0,1.0
4,4,2025-08-18,1,34,8,1.0,1.0,0.0,0.5,2.0,1.0
4,4,2025-08-25,1,35,8,1.0,1.0,0.0,0.75,1.3333333333333333,2.0
4,4,2025-09-01,2,36,9,1.0,1.0,1.0,1.0,2.0,2.0
4,4,2025-09-08,2,37,9,2.0,1.0,1.0,1.25,1.6,2.0
4,4,2025-09-15,2,38,9,2.0,2.0,1.0,1.5,1.3333333333333333,2.0
4,4,2025-09-22,2,39,9,2.0,2.0,1.0,1.75,1.1428571428571428,0.0
4,4,2025-09-29,0,40,9,2.0,2.0,2.0,2.0,0.0,0.0
4,4,2025-10-06,0,41,10,0.0,2.0,2.0,1.5,0.0,2.0
4,4,2025-10-13,2,42,10,0.0,0.0,2.0,1.0,2.0,0.0
4,4,2025-10-20,0,43,10,2.0,0.0,2.0,1.0,0.0,1.0
4,4,2025-10-27,1,44,10,0.0,2.0,0.0,0.5,2.0,0.0
4,4,2025-11-03,0,45,11,1.0,0.0,0.0,0.75,0.0,2.0
4,4,2025-11-10,2,46,11,0.0,1.0,2.0,0.75,2.6666666666666665,1.0
4,4,2025-11-17,1,47,11,2.0,0.0,0.0,0.75,1.3333333333333333,0.0
4,4,2025-11-24,0,48,11,1.0,2.0,1.0,1.0,0.0,0.0
4,4,2025-12-01,0,49,12,0.0,1.0,0.0,0.75,0.0,0.0
4,4,2025-12-08,0,50,12,0.0,0.0,2.0,0.75,0.0,0.0
4,4,2025-12-15,0,51,12,0.0,0.0,1.0,0.25,0.0,1.0
4,4,2025-12-22,1,52,12,0.0,0.0,0.0,0.0,1.0,0.0
4,4,2025-12-29,0,1,12,1.0,0.0,0.0,0.25,0.0,2.0
4,4,2026-01-05,2,2,1,0.0,1.0,0.0,0.25,8.0,1.0
4,4,2026-01-12,1,3,1,2.0,0.0,0.0,0.75,1.3333333333333333,1.0
4,4,2026-01-19,1,4,1,1.0,2.0,1.0,1.0,1.0,1.0
4,4,2026-01-26,1,5,1,1.0,1.0,0.0,1.0,1.0,1.0
4,4,2026-02-02,1,6,2,1.0,1.0,2.0,1.25,0.8,1.0
4,4,2026-02-09,1,7,2,1.0,1.0,1.0,1.0,1.0,1.0
4,4,2026-02-16,1,8,2,1.0,1.0,1.0,1.0,1.0,1.0
4,4,2026-02-23,1,9,2,1.0,1.0,1.0,1.0,1.0,0.0
4,4,2026-03-02,0,10,3,1.0,1.0,1.0,1.0,0.0,0.0
4,4,2026-03-09,0,11,3,0.0,1.0,1.0,0.75,0.0,0.0
4,4,2026-03-16,0,12,3,0.0,0.0,1.0,0.5,0.0,0.0
4,4,2026-03-23,0,13,3,0.0,0.0,1.0,0.25,0.0,0.0
4,4,2026-03-30,0,14,3,0.0,0.0,0.0,0.0,1.0,1.0
4,4,2026-04-06,1,15,4,0.0,0.0,0.0,0.0,1.0,0.0
4,4,2026-04-13,0,16,4,1.0,0.0,0.0,0.25,0.0,0.0
4,4,2026-04-20,0,17,4,0.0,1.0,0.0,0.25,0.0,1.0
4,4,2026-04-27,1,18,4,0.0,0.0,0.0,0.25,4.0,1.0
4,4,2026-05-04,1,19,5,1.0,0.0,1.0,0.5,2.0,0.0
4,4,2026-05-11,0,20,5,1.0,1.0,0.0,0.5,0.0,0.0
4,4,2026-05-18,0,21,5,0.0,1.0,0.0,0.5,0.0,1.0
4,4,2026-05-25,1,22,5,0.0,0.0,1.0,0.5,2.0,0.0
4,4,2026-06-01,0,23,6,1.0,0.0,1.0,0.5,0.0,0.0
4,4,2026-06-08,0,24,6,0.0,1.0,0.0,0.25,0.0,0.0
4,4,2026-06-15,0,25,6,0.0,0.0,0.0,0.25,0.0,1.0
4,4,2026-06-22,1,26,6,0.0,0.0,1.0,0.25,4.0,0.0
4,5,2024-01-29,1,5,1,0.0,1.0,0.0,0.5,2.0,0.0
4,5,2024-02-05,0,6,2,1.0,0.0,1.0,0.75,0.0,0.0
4,5,2024-02-12,0,7,2,0.0,1.0,1.0,0.5,0.0,0.0
4,5,2024-02-19,0,8,2,0.0,0.0,0.0,0.25,0.0,0.0
4,5,2024-02-26,0,9,2,0.0,0.0,1.0,0.25,0.0,1.0
4,5,2024-03-04,1,10,3,0.0,0.0,0.0,0.0,1.0,0.0
4,5,2024-03-11,0,11,3,1.0,0.0,0.0,0.25,0.0,0.0
4,5,2024-03-18,0,12,3,0.0,1.0,0.0,0.25,0.0,0.0
4,5,2024-03-25,0,13,3,0.0,0.0,0.0,0.25,0.0,0.0
4,5,2024-04-01,0,14,4,0.0,0.0,1.0,0.25,0.0,0.0
4,5,2024-04-08,0,15,4,0.0,0.0,0.0,0.0,1.0,1.0
4,5,2024-04-15,1,16,4,0.0,0.0,0.0,0.0,1.0,1.0
4,5,2024-04-22,1,17,4,1.0,0.0,0.0,0.25,4.0,1.0
4,5,2024-04-29,1,18,4,1.0,1.0,0.0,0.5,2.0,0.0
4,5,2024-05-06,0,19,5,1.0,1.0,0.0,0.75,0.0,2.0
4,5,2024-05-13,2,20,5,0.0,1.0,1.0,0.75,2.6666666666666665,2.0
4,5,2024-05-20,2,21,5,2.0,0.0,1.0,1.0,2.0,0.0
4,5,2024-05-27,0,22,5,2.0,2.0,1.0,1.25,0.0,1.0
4,5,2024-06-03,1,23,6,0.0,2.0,0.0,1.0,1.0,0.0
4,5,2024-06-10,0,24,6,1.0,0.0,2.0,1.25,0.0,0.0
4,5,2024-06-17,0,25,6,0.0,1.0,2.0,0.75,0.0,0.0
4,5,2024-06-24,0,26,6,0.0,0.0,0.0,0.25,0.0,0.0
4,5,2024-07-01,0,27,7,0.0,0.0,1.0,0.25,0.0,0.0
4,5,2024-07-08,0,28,7,0.0,0.0,0.0,0.0,1.0,1.0
4,5,2024-07-15,1,29,7,0.0,0.0,0.0,0.0,1.0,1.0
4,5,2024-07-22,1,30,7,1.0,0.0,0.0,0.25,4.0,0.0
4,5,2024-07-29,0,31,7,1.0,1.0,0.0,0.5,0.0,0.0
4,5,2024-08-05,0,32,8,0.0,1.0,0.0,0.5,0.0,0.0
4,5,2024-08-12,0,33,8,0.0,0.0,1.0,0.5,0.0,1.0
4,5,2024-08-19,1,34,8,0.0,0.0,1.0,0.25,4.0,0.0
4,5,2024-08-26,0,35,8,1.0,0.0,0.0,0.25,0.0,0.0
4,5,2024-09-02,0,36,9,0.0,1.0,0.0,0.25,0.0,0.0
4,5,2024-09-09,0,37,9,0.0,0.0,0.0,0.25,0.0,0.0
4,5,2024-09-16,0,38,9,0.0,0.0,1.0,0.25,0.0,0.0
4,5,2024-09-23,0,39,9,0.0,0.0,0.0,0.0,1.0,0.0
4,5,2024-09-30,0,40,9,0.0,0.0,0.0,0.0,1.0,0.0
4,5,2024-10-07,0,41,10,0.0,0.0,0.0,0.0,1.0,0.0
4,5,2024-10-14,0,42,10,0.0,0.0,0.0,0.0,1.0,2.0
4,5,2024-10-21,2,43,10,0.0,0.0,0.0,0.0,1.0,0.0
4,5,2024-10-28,0,44,10,2.0,0.0,0.0,0.5,0.0,0.0
4,5,2024-11-04,0,45,11,0.0,2.0,0.0,0.5,0.0,0.0
4,5,2024-11-11,0,46,11,0.0,0.0,0.0,0.5,0.0,0.0
4,5,2024-11-18,0,47,11,0.0,0.0,2.0,0.5,0.0,0.0
4,5,2024-11-25,0,48,11,0.0,0.0,0.0,0.0,1.0,1.0
4,5,2024-12-02,1,49,12,0.0,0.0,0.0,0.0,1.0,0.0
4,5,2024-12-09,0,50,12,1.0,0.0,0.0,0.25,0.0,0.0
4,5,2024-12-16,0,51,12,0.0,1.0,0.0,0.25,0.0,0.0
4,5,2024-12-23,0,52,12,0.0,0.0,0.0,0.25,0.0,1.0
4,5,2024-12-30,1,1,12,0.0,0.0,1.0,0.25,4.0,0.0
4,5,2025-01-06,0,2,1,1.0,0.0,0.0,0.25,0.0,3.0
4,5,2025-01-13,3,3,1,0.0,1.0,0.0,0.25,12.0,0.0
4,5,2025-01-20,0,4,1,3.0,0.0,0.0,1.0,0.0,1.0
4,5,2025-01-27,1,5,1,0.0,3.0,1.0,1.0,1.0,0.0
4,5,2025-02-03,0,6,2,1.0,0.0,0.0,1.0,0.0,1.0
4,5,2025-02-10,1,7,2,0.0,1.0,3.0,1.0,1.0,0.0
4,5,2025-02-17,0,8,2,1.0,0.0,0.0,0.5,0.0,0.0
4,5,2025-02-24,0,9,2,0.0,1.0,1.0,0.5,0.0,1.0
4,5,2025-03-03,1,10,3,0.0,0.0,0.0,0.25,4.0,0.0
4,5,2025-03-10,0,11,3,1.0,0.0,1.0,0.5,0.0,0.0
4,5,2025-03-17,0,12,3,0.0,1.0,0.0,0.25,0.0,0.0
4,5,2025-03-24,0,13,3,0.0,0.0,0.0,0.25,0.0,0.0
4,5,2025-03-31,0,14,3,0.0,0.0,1.0,0.25,0.0,0.0
4,5,2025-04-07,0,15,4,0.0,0.0,0.0,0.0,1.0,0.0
4,5,2025-04-14,0,16,4,0.0,0.0,0.0,0.0,1.0,0.0
4,5,2025-04-21,0,17,4,0.0,0.0,0.0,0.0,1.0,0.0
4,5,2025-04-28,0,18,4,0.0,0.0,0.0,0.0,1.0,0.0
4,5,2025-05-05,0,19,5,0.0,0.0,0.0,0.0,1.0,1.0
4,5,2025-05-12,1,20,5,0.0,0.0,0.0,0.0,1.0,0.0
4,5,2025-05-19,0,21,5,1.0,0.0,0.0,0.25,0.0,0.0
4,5,2025-05-26,0,22,5,0.0,1.0,0.0,0.25,0.0,0.0
4,5,2025-06-02,0,23,6,0.0,0.0,0.0,0.25,0.0,0.0
4,5,2025-06-09,0,24,6,0.0,0.0,1.0,0.25,0.0,1.0
4,5,2025-06-16,1,25,6,0.0,0.0,0.0,0.0,1.0,1.0
4,5,2025-06-23,1,26,6,1.0,0.0,0.0,0.25,4.0,1.0
4,5,2025-06-30,1,27,6,1.0,1.0,0.0,0.5,2.0,0.0
4,5,2025-07-07,0,28,7,1.0,1.0,0.0,0.75,0.0,1.0
4,5,2025-07-14,1,29,7,0.0,1.0,1.0,0.75,1.3333333333333333,0.0
4,5,2025-07-21,0,30,7,1.0,0.0,1.0,0.75,0.0,0.0
4,5,2025-07-28,0,31,7,0.0,1.0,1.0,0.5,0.0,0.0
4,5,2025-08-04,0,32,8,0.0,0.0,0.0,0.25,0.0,0.0
4,5,2025-08-11,0,33,8,0.0,0.0,1.0,0.25,0.0,2.0
4,5,2025-08-18,2,34,8,0.0,0.0,0.0,0.0,1.0,0.0
4,5,2025-08-25,0,35,8,2.0,0.0,0.0,0.5,0.0,0.0
4,5,2025-09-01,0,36,9,0.0,2.0,0.0,0.5,0.0,0.0
4,5,2025-09-08,0,37,9,0.0,0.0,0.0,0.5,0.0,0.0
4,5,2025-09-15,0,38,9,0.0,0.0,2.0,0.5,0.0,0.0
4,5,2025-09-22,0,39,9,0.0,0.0,0.0,0.0,1.0,0.0
4,5,2025-09-29,0,40,9,0.0,0.0,0.0,0.0,1.0,1.0
4,5,2025-10-06,1,41,10,0.0,0.0,0.0,0.0,1.0,0.0
4,5,2025-10-13,0,42,10,1.0,0.0,0.0,0.25,0.0,0.0
4,5,2025-10-20,0,43,10,0.0,1.0,0.0,0.25,0.0,0.0
4,5,2025-10-27,0,44,10,0.0,0.0,0.0,0.25,0.0,1.0
4,5,2025-11-03,1,45,11,0.0,0.0,1.0,0.25,4.0,0.0
4,5,2025-11-10,0,46,11,1.0,0.0,0.0,0.25,0.0,1.0
4,5,2025-11-17,1,47,11,0.0,1.0,0.0,0.25,4.0,1.0
4,5,2025-11-24,1,48,11,1.0,0.0,0.0,0.5,2.0,1.0
4,5,2025-12-01,1,49,12,1.0,1.0,1.0,0.75,1.3333333333333333,1.0
4,5,2025-12-08,1,50,12,1.0,1.0,0.0,0.75,1.3333333333333333,0.0
4,5,2025-12-15,0,51,12,1.0,1.0,1.0,1.0,0.0,2.0
4,5,2025-12-22,2,52,12,0.0,1.0,1.0,0.75,2.6666666666666665,2.0
4,5,2025-12-29,2,1,12,2.0,0.0,1.0,1.0,2.0,0.0
4,5,2026-01-05,0,2,1,2.0,2.0,1.0,1.25,0.0,0.0
4,5,2026-01-12,0,3,1,0.0,2.0,0.0,1.0,0.0,1.0
4,5,2026-01-19,1,4,1,0.0,0.0,2.0,1.0,1.0,1.0
4,5,2026-01-26,1,5,1,1.0,0.0,2.0,0.75,1.3333333333333333,1.0
4,5,2026-02-02,1,6,2,1.0,1.0,0.0,0.5,2.0,0.0
4,5,2026-02-09,0,7,2,1.0,1.0,0.0,0.75,0.0,0.0
4,5,2026-02-16,0,8,2,0.0,1.0,1.0,0.75,0.0,1.0
4,5,2026-02-23,1,9,2,0.0,0.0,1.0,0.5,2.0,0.0
4,5,2026-03-02,0,10,3,1.0,0.0,1.0,0.5,0.0,0.0
4,5,2026-03-09,0,11,3,0.0,1.0,0.0,0.25,0.0,0.0
4,5,2026-03-16,0,12,3,0.0,0.0,0.0,0.25,0.0,1.0
4,5,2026-03-23,1,13,3,0.0,0.0,1.0,0.25,4.0,1.0
4,5,2026-03-30,1,14,3,1.0,0.0,0.0,0.25,4.0,0.0
4,5,2026-04-06,0,15,4,1.0,1.0,0.0,0.5,0.0,0.0
4,5,2026-04-13,0,16,4,0.0,1.0,0.0,0.5,0.0,0.0
4,5,2026-04-20,0,17,4,0.0,0.0,1.0,0.5,0.0,0.0
4,5,2026-04-27,0,18,4,0.0,0.0,1.0,0.25,0.0,0.0
4,5,2026-05-04,0,19,5,0.0,0.0,0.0,0.0,1.0,0.0
4,5,2026-05-11,0,20,5,0.0,0.0,0.0,0.0,1.0,2.0
4,5,2026-05-18,2,21,5,0.0,0.0,0.0,0.0,1.0,0.0
4,5,2026-05-25,0,22,5,2.0,0.0,0.0,0.5,0.0,0.0
4,5,2026-06-01,0,23,6,0.0,2.0,0.0,0.5,0.0,0.0
4,5,2026-06-08,0,24,6,0.0,0.0,0.0,0.5,0.0,1.0
4,5,2026-06-15,1,25,6,0.0,0.0,2.0,0.5,2.0,1.0
4,5,2026-06-22,1,26,6,1.0,0.0,0.0,0.25,4.0,0.0
4,6,2024-01-29,0,5,1,0.0,1.0,0.0,0.25,0.0,1.0
4,6,2024-02-05,1,6,2,0.0,0.0,0.0,0.25,4.0,0.0
4,6,2024-02-12,0,7,2,1.0,0.0,1.0,0.5,0.0,0.0
4,6,2024-02-19,0,8,2,0.0,1.0,0.0,0.25,0.0,0.0
4,6,2024-02-26,0,9,2,0.0,0.0,0.0,0.25,0.0,0.0
4,6,2024-03-04,0,10,3,0.0,0.0,1.0,0.25,0.0,0.0
4,6,2024-03-11,0,11,3,0.0,0.0,0.0,0.0,1.0,2.0
4,6,2024-03-18,2,12,3,0.0,0.0,0.0,0.0,1.0,0.0
4,6,2024-03-25,0,13,3,2.0,0.0,0.0,0.5,0.0,0.0
4,6,2024-04-01,0,14,4,0.0,2.0,0.0,0.5,0.0,1.0
4,6,2024-04-08,1,15,4,0.0,0.0,0.0,0.5,2.0,0.0
4,6,2024-04-15,0,16,4,1.0,0.0,2.0,0.75,0.0,1.0
4,6,2024-04-22,1,17,4,0.0,1.0,0.0,0.25,4.0,0.0
4,6,2024-04-29,0,18,4,1.0,0.0,0.0,0.5,0.0,2.0
4,6,2024-05-06,2,19,5,0.0,1.0,1.0,0.5,4.0,0.0
4,6,2024-05-13,0,20,5,2.0,0.0,0.0,0.75,0.0,0.0
4,6,2024-05-20,0,21,5,0.0,2.0,1.0,0.75,0.0,0.0
4,6,2024-05-27,0,22,5,0.0,0.0,0.0,0.5,0.0,0.0
4,6,2024-06-03,0,23,6,0.0,0.0,2.0,0.5,0.0,0.0
4,6,2024-06-10,0,24,6,0.0,0.0,0.0,0.0,1.0,1.0
4,6,2024-06-17,1,25,6,0.0,0.0,0.0,0.0,1.0,0.0
4,6,2024-06-24,0,26,6,1.0,0.0,0.0,0.25,0.0,0.0
4,6,2024-07-01,0,27,7,0.0,1.0,0.0,0.25,0.0,0.0
4,6,2024-07-08,0,28,7,0.0,0.0,0.0,0.25,0.0,1.0
4,6,2024-07-15,1,29,7,0.0,0.0,1.0,0.25,4.0,0.0
4,6,2024-07-22,0,30,7,1.0,0.0,0.0,0.25,0.0,1.0
4,6,2024-07-29,1,31,7,0.0,1.0,0.0,0.25,4.0,0.0
4,6,2024-08-05,0,32,8,1.0,0.0,0.0,0.5,0.0,1.0
4,6,2024-08-12,1,33,8,0.0,1.0,1.0,0.5,2.0,0.0
4,6,2024-08-19,0,34,8,1.0,0.0,0.0,0.5,0.0,0.0
4,6,2024-08-26,0,35,8,0.0,1.0,1.0,0.5,0.0,0.0
4,6,2024-09-02,0,36,9,0.0,0.0,0.0,0.25,0.0,0.0
4,6,2024-09-09,0,37,9,0.0,0.0,1.0,0.25,0.0,1.0
4,6,2024-09-16,1,38,9,0.0,0.0,0.0,0.0,1.0,3.0
4,6,2024-09-23,3,39,9,1.0,0.0,0.0,0.25,12.0,0.0
4,6,2024-09-30,0,40,9,3.0,1.0,0.0,1.0,0.0,0.0
4,6,2024-10-07,0,41,10,0.0,3.0,0.0,1.0,0.0,0.0
4,6,2024-10-14,0,42,10,0.0,0.0,1.0,1.0,0.0,1.0
4,6,2024-10-21,1,43,10,0.0,0.0,3.0,0.75,1.3333333333333333,0.0
4,6,2024-10-28,0,44,10,1.0,0.0,0.0,0.25,0.0,0.0
4,6,2024-11-04,0,45,11,0.0,1.0,0.0,0.25,0.0,0.0
4,6,2024-11-11,0,46,11,0.0,0.0,0.0,0.25,0.0,0.0
4,6,2024-11-18,0,47,11,0.0,0.0,1.0,0.25,0.0,0.0
4,6,2024-11-25,0,48,11,0.0,0.0,0.0,0.0,1.0,0.0
4,6,2024-12-02,0,49,12,0.0,0.0,0.0,0.0,1.0,2.0
4,6,2024-12-09,2,50,12,0.0,0.0,0.0,0.0,1.0,0.0
4,6,2024-12-16,0,51,12,2.0,0.0,0.0,0.5,0.0,0.0
4,6,2024-12-23,0,52,12,0.0,2.0,0.0,0.5,0.0,0.0
4,6,2024-12-30,0,1,12,0.0,0.0,0.0,0.5,0.0,0.0
4,6,2025-01-06,0,2,1,0.0,0.0,2.0,0.5,0.0,0.0
4,6,2025-01-13,0,3,1,0.0,0.0,0.0,0.0,1.0,0.0
4,6,2025-01-20,0,4,1,0.0,0.0,0.0,0.0,1.0,0.0
4,6,2025-01-27,0,5,1,0.0,0.0,0.0,0.0,1.0,0.0
4,6,2025-02-03,0,6,2,0.0,0.0,0.0,0.0,1.0,0.0
4,6,2025-02-10,0,7,2,0.0,0.0,0.0,0.0,1.0,0.0
4,6,2025-02-17,0,8,2,0.0,0.0,0.0,0.0,1.0,0.0
4,6,2025-02-24,0,9,2,0.0,0.0,0.0,0.0,1.0,0.0
4,6,2025-03-03,0,10,3,0.0,0.0,0.0,0.0,1.0,1.0
4,6,2025-03-10,1,11,3,0.0,0.0,0.0,0.0,1.0,4.0
4,6,2025-03-17,4,12,3,1.0,0.0,0.0,0.25,16.0,0.0
4,6,2025-03-24,0,13,3,4.0,1.0,0.0,1.25,0.0,0.0
4,6,2025-03-31,0,14,3,0.0,4.0,0.0,1.25,0.0,0.0
4,6,2025-04-07,0,15,4,0.0,0.0,1.0,1.25,0.0,1.0
4,6,2025-04-14,1,16,4,0.0,0.0,4.0,1.0,1.0,1.0
4,6,2025-04-21,1,17,4,1.0,0.0,0.0,0.25,4.0,0.0
4,6,2025-04-28,0,18,4,1.0,1.0,0.0,0.5,0.0,0.0
4,6,2025-05-05,0,19,5,0.0,1.0,0.0,0.5,0.0,0.0
4,6,2025-05-12,0,20,5,0.0,0.0,1.0,0.5,0.0,1.0
4,6,2025-05-19,1,21,5,0.0,0.0,1.0,0.25,4.0,0.0
4,6,2025-05-26,0,22,5,1.0,0.0,0.0,0.25,0.0,0.0
4,6,2025-06-02,0,23,6,0.0,1.0,0.0,0.25,0.0,0.0
4,6,2025-06-09,0,24,6,0.0,0.0,0.0,0.25,0.0,2.0
4,6,2025-06-16,2,25,6,0.0,0.0,1.0,0.25,8.0,1.0
4,6,2025-06-23,1,26,6,2.0,0.0,0.0,0.5,2.0,0.0
4,6,2025-06-30,0,27,6,1.0,2.0,0.0,0.75,0.0,1.0
4,6,2025-07-07,1,28,7,0.0,1.0,0.0,0.75,1.3333333333333333,1.0
4,6,2025-07-14,1,29,7,1.0,0.0,2.0,1.0,1.0,0.0
4,6,2025-07-21,0,30,7,1.0,1.0,1.0,0.75,0.0,0.0
4,6,2025-07-28,0,31,7,0.0,1.0,0.0,0.5,0.0,0.0
4,6,2025-08-04,0,32,8,0.0,0.0,1.0,0.5,0.0,0.0
4,6,2025-08-11,0,33,8,0.0,0.0,1.0,0.25,0.0,0.0
4,6,2025-08-18,0,34,8,0.0,0.0,0.0,0.0,1.0,1.0
4,6,2025-08-25,1,35,8,0.0,0.0,0.0,0.0,1.0,0.0
4,6,2025-09-01,0,36,9,1.0,0.0,0.0,0.25,0.0,0.0
4,6,2025-09-08,0,37,9,0.0,1.0,0.0,0.25,0.0,0.0
4,6,2025-09-15,0,38,9,0.0,0.0,0.0,0.25,0.0,1.0
4,6,2025-09-22,1,39,9,0.0,0.0,1.0,0.25,4.0,1.0
4,6,2025-09-29,1,40,9,1.0,0.0,0.0,0.25,4.0,1.0
4,6,2025-10-06,1,41,10,1.0,1.0,0.0,0.5,2.0,0.0
4,6,2025-10-13,0,42,10,1.0,1.0,0.0,0.75,0.0,0.0
4,6,2025-10-20,0,43,10,0.0,1.0,1.0,0.75,0.0,0.0
4,6,2025-10-27,0,44,10,0.0,0.0,1.0,0.5,0.0,0.0
4,6,2025-11-03,0,45,11,0.0,0.0,1.0,0.25,0.0,0.0
4,6,2025-11-10,0,46,11,0.0,0.0,0.0,0.0,1.0,0.0
4,6,2025-11-17,0,47,11,0.0,0.0,0.0,0.0,1.0,1.0
4,6,2025-11-24,1,48,11,0.0,0.0,0.0,0.0,1.0,0.0
4,6,2025-12-01,0,49,12,1.0,0.0,0.0,0.25,0.0,1.0
4,6,2025-12-08,1,50,12,0.0,1.0,0.0,0.25,4.0,0.0
4,6,2025-12-15,0,51,12,1.0,0.0,0.0,0.5,0.0,0.0
4,6,2025-12-22,0,52,12,0.0,1.0,1.0,0.5,0.0,0.0
4,6,2025-12-29,0,1,12,0.0,0.0,0.0,0.25,0.0,1.0
4,6,2026-01-05,1,2,1,0.0,0.0,1.0,0.25,4.0,0.0
4,6,2026-01-12,0,3,1,1.0,0.0,0.0,0.25,0.0,0.0
4,6,2026-01-19,0,4,1,0.0,1.0,0.0,0.25,0.0,0.0
4,6,2026-01-26,0,5,1,0.0,0.0,0.0,0.25,0.0,1.0
4,6,2026-02-02,1,6,2,0.0,0.0,1.0,0.25,4.0,0.0
4,6,2026-02-09,0,7,2,1.0,0.0,0.0,0.25,0.0,0.0
4,6,2026-02-16,0,8,2,0.0,1.0,0.0,0.25,0.0,0.0
4,6,2026-02-23,0,9,2,0.0,0.0,0.0,0.25,0.0,1.0
4,6,2026-03-02,1,10,3,0.0,0.0,1.0,0.25,4.0,1.0
4,6,2026-03-09,1,11,3,1.0,0.0,0.0,0.25,4.0,1.0
4,6,2026-03-16,1,12,3,1.0,1.0,0.0,0.5,2.0,1.0
4,6,2026-03-23,1,13,3,1.0,1.0,0.0,0.75,1.3333333333333333,0.0
4,6,2026-03-30,0,14,3,1.0,1.0,1.0,1.0,0.0,0.0
4,6,2026-04-06,0,15,4,0.0,1.0,1.0,0.75,0.0,0.0
4,6,2026-04-13,0,16,4,0.0,0.0,1.0,0.5,0.0,0.0
4,6,2026-04-20,0,17,4,0.0,0.0,1.0,0.25,0.0,0.0
4,6,2026-04-27,0,18,4,0.0,0.0,0.0,0.0,1.0,0.0
4,6,2026-05-04,0,19,5,0.0,0.0,0.0,0.0,1.0,1.0
4,6,2026-05-11,1,20,5,0.0,0.0,0.0,0.0,1.0,1.0
4,6,2026-05-18,1,21,5,1.0,0.0,0.0,0.25,4.0,0.0
4,6,2026-05-25,0,22,5,1.0,1.0,0.0,0.5,0.0,0.0
4,6,2026-06-01,0,23,6,0.0,1.0,0.0,0.5,0.0,0.0
4,6,2026-06-08,0,24,6,0.0,0.0,1.0,0.5,0.0,1.0
4,6,2026-06-15,1,25,6,0.0,0.0,1.0,0.25,4.0,1.0
4,6,2026-06-22,1,26,6,1.0,0.0,0.0,0.25,4.0,0.0
4,7,2024-01-29,0,5,1,0.0,0.0,1.0,0.25,0.0,1.0
4,7,2024-02-05,1,6,2,0.0,0.0,0.0,0.0,1.0,1.0
4,7,2024-02-12,1,7,2,1.0,0.0,0.0,0.25,4.0,0.0
4,7,2024-02-19,0,8,2,1.0,1.0,0.0,0.5,0.0,1.0
4,7,2024-02-26,1,9,2,0.0,1.0,0.0,0.5,2.0,1.0
4,7,2024-03-04,1,10,3,1.0,0.0,1.0,0.75,1.3333333333333333,1.0
4,7,2024-03-11,1,11,3,1.0,1.0,1.0,0.75,1.3333333333333333,0.0
4,7,2024-03-18,0,12,3,1.0,1.0,0.0,0.75,0.0,1.0
4,7,2024-03-25,1,13,3,0.0,1.0,1.0,0.75,1.3333333333333333,1.0
4,7,2024-04-01,1,14,4,1.0,0.0,1.0,0.75,1.3333333333333333,0.0
4,7,2024-04-08,0,15,4,1.0,1.0,1.0,0.75,0.0,1.0
4,7,2024-04-15,1,16,4,0.0,1.0,0.0,0.5,2.0,1.0
4,7,2024-04-22,1,17,4,1.0,0.0,1.0,0.75,1.3333333333333333,1.0
4,7,2024-04-29,1,18,4,1.0,1.0,1.0,0.75,1.3333333333333333,0.0
4,7,2024-05-06,0,19,5,1.0,1.0,0.0,0.75,0.0,0.0
4,7,2024-05-13,0,20,5,0.0,1.0,1.0,0.75,0.0,0.0
4,7,2024-05-20,0,21,5,0.0,0.0,1.0,0.5,0.0,1.0
4,7,2024-05-27,1,22,5,0.0,0.0,1.0,0.25,4.0,0.0
4,7,2024-06-03,0,23,6,1.0,0.0,0.0,0.25,0.0,1.0
4,7,2024-06-10,1,24,6,0.0,1.0,0.0,0.25,4.0,0.0
4,7,2024-06-17,0,25,6,1.0,0.0,0.0,0.5,0.0,0.0
4,7,2024-06-24,0,26,6,0.0,1.0,1.0,0.5,0.0,0.0
4,7,2024-07-01,0,27,7,0.0,0.0,0.0,0.25,0.0,1.0
4,7,2024-07-08,1,28,7,0.0,0.0,1.0,0.25,4.0,0.0
4,7,2024-07-15,0,29,7,1.0,0.0,0.0,0.25,0.0,0.0
4,7,2024-07-22,0,30,7,0.0,1.0,0.0,0.25,0.0,1.0
4,7,2024-07-29,1,31,7,0.0,0.0,0.0,0.25,4.0,1.0
4,7,2024-08-05,1,32,8,1.0,0.0,1.0,0.5,2.0,0.0
4,7,2024-08-12,0,33,8,1.0,1.0,0.0,0.5,0.0,0.0
4,7,2024-08-19,0,34,8,0.0,1.0,0.0,0.5,0.0,2.0
4,7,2024-08-26,2,35,8,0.0,0.0,1.0,0.5,4.0,1.0
4,7,2024-09-02,1,36,9,2.0,0.0,1.0,0.75,1.3333333333333333,1.0
4,7,2024-09-09,1,37,9,1.0,2.0,0.0,0.75,1.3333333333333333,0.0
4,7,2024-09-16,0,38,9,1.0,1.0,0.0,1.0,0.0,0.0
4,7,2024-09-23,0,39,9,0.0,1.0,2.0,1.0,0.0,0.0
4,7,2024-09-30,0,40,9,0.0,0.0,1.0,0.5,0.0,1.0
4,7,2024-10-07,1,41,10,0.0,0.0,1.0,0.25,4.0,0.0
4,7,2024-10-14,0,42,10,1.0,0.0,0.0,0.25,0.0,0.0
4,7,2024-10-21,0,43,10,0.0,1.0,0.0,0.25,0.0,1.0
4,7,2024-10-28,1,44,10,0.0,0.0,0.0,0.25,4.0,1.0
4,7,2024-11-04,1,45,11,1.0,0.0,1.0,0.5,2.0,1.0
4,7,2024-11-11,1,46,11,1.0,1.0,0.0,0.5,2.0,0.0
4,7,2024-11-18,0,47,11,1.0,1.0,0.0,0.75,0.0,1.0
4,7,2024-11-25,1,48,11,0.0,1.0,1.0,0.75,1.3333333333333333,1.0
4,7,2024-12-02,1,49,12,1.0,0.0,1.0,0.75,1.3333333333333333,1.0
4,7,2024-12-09,1,50,12,1.0,1.0,1.0,0.75,1.3333333333333333,1.0
4,7,2024-12-16,1,51,12,1.0,1.0,0.0,0.75,1.3333333333333333,0.0
4,7,2024-12-23,0,52,12,1.0,1.0,1.0,1.0,0.0,1.0
4,7,2024-12-30,1,1,12,0.0,1.0,1.0,0.75,1.3333333333333333,1.0
4,7,2025-01-06,1,2,1,1.0,0.0,1.0,0.75,1.3333333333333333,1.0
4,7,2025-01-13,1,3,1,1.0,1.0,1.0,0.75,1.3333333333333333,0.0
4,7,2025-01-20,0,4,1,1.0,1.0,0.0,0.75,0.0,0.0
4,7,2025-01-27,0,5,1,0.0,1.0,1.0,0.75,0.0,0.0
4,7,2025-02-03,0,6,2,0.0,0.0,1.0,0.5,0.0,0.0
4,7,2025-02-10,0,7,2,0.0,0.0,1.0,0.25,0.0,0.0
4,7,2025-02-17,0,8,2,0.0,0.0,0.0,0.0,1.0,0.0
4,7,2025-02-24,0,9,2,0.0,0.0,0.0,0.0,1.0,0.0
4,7,2025-03-03,0,10,3,0.0,0.0,0.0,0.0,1.0,0.0
4,7,2025-03-10,0,11,3,0.0,0.0,0.0,0.0,1.0,0.0
4,7,2025-03-17,0,12,3,0.0,0.0,0.0,0.0,1.0,0.0
4,7,2025-03-24,0,13,3,0.0,0.0,0.0,0.0,1.0,0.0
4,7,2025-03-31,0,14,3,0.0,0.0,0.0,0.0,1.0,0.0
4,7,2025-04-07,0,15,4,0.0,0.0,0.0,0.0,1.0,1.0
4,7,2025-04-14,1,16,4,0.0,0.0,0.0,0.0,1.0,1.0
4,7,2025-04-21,1,17,4,1.0,0.0,0.0,0.25,4.0,0.0
4,7,2025-04-28,0,18,4,1.0,1.0,0.0,0.5,0.0,1.0
4,7,2025-05-05,1,19,5,0.0,1.0,0.0,0.5,2.0,0.0
4,7,2025-05-12,0,20,5,1.0,0.0,1.0,0.75,0.0,0.0
4,7,2025-05-19,0,21,5,0.0,1.0,1.0,0.5,0.0,0.0
4,7,2025-05-26,0,22,5,0.0,0.0,0.0,0.25,0.0,0.0
4,7,2025-06-02,0,23,6,0.0,0.0,1.0,0.25,0.0,0.0
4,7,2025-06-09,0,24,6,0.0,0.0,0.0,0.0,1.0,0.0
4,7,2025-06-16,0,25,6,0.0,0.0,0.0,0.0,1.0,0.0
4,7,2025-06-23,0,26,6,0.0,0.0,0.0,0.0,1.0,1.0
4,7,2025-06-30,1,27,6,0.0,0.0,0.0,0.0,1.0,1.0
4,7,2025-07-07,1,28,7,1.0,0.0,0.0,0.25,4.0,0.0
4,7,2025-07-14,0,29,7,1.0,1.0,0.0,0.5,0.0,0.0
4,7,2025-07-21,0,30,7,0.0,1.0,0.0,0.5,0.0,0.0
4,7,2025-07-28,0,31,7,0.0,0.0,1.0,0.5,0.0,0.0
4,7,2025-08-04,0,32,8,0.0,0.0,1.0,0.25,0.0,0.0
4,7,2025-08-11,0,33,8,0.0,0.0,0.0,0.0,1.0,0.0
4,7,2025-08-18,0,34,8,0.0,0.0,0.0,0.0,1.0,3.0
4,7,2025-08-25,3,35,8,0.0,0.0,0.0,0.0,1.0,0.0
4,7,2025-09-01,0,36,9,3.0,0.0,0.0,0.75,0.0,0.0
4,7,2025-09-08,0,37,9,0.0,3.0,0.0,0.75,0.0,3.0
4,7,2025-09-15,3,38,9,0.0,0.0,0.0,0.75,4.0,0.0
4,7,2025-09-22,0,39,9,3.0,0.0,3.0,1.5,0.0,0.0
4,7,2025-09-29,0,40,9,0.0,3.0,0.0,0.75,0.0,0.0
4,7,2025-10-06,0,41,10,0.0,0.0,0.0,0.75,0.0,1.0
4,7,2025-10-13,1,42,10,0.0,0.0,3.0,0.75,1.3333333333333333,0.0
4,7,2025-10-20,0,43,10,1.0,0.0,0.0,0.25,0.0,3.0
4,7,2025-10-27,3,44,10,0.0,1.0,0.0,0.25,12.0,0.0
4,7,2025-11-03,0,45,11,3.0,0.0,0.0,1.0,0.0,0.0
4,7,2025-11-10,0,46,11,0.0,3.0,1.0,1.0,0.0,0.0
4,7,2025-11-17,0,47,11,0.0,0.0,0.0,0.75,0.0,0.0
4,7,2025-11-24,0,48,11,0.0,0.0,3.0,0.75,0.0,0.0
4,7,2025-12-01,0,49,12,0.0,0.0,0.0,0.0,1.0,0.0
4,7,2025-12-08,0,50,12,0.0,0.0,0.0,0.0,1.0,1.0
4,7,2025-12-15,1,51,12,0.0,0.0,0.0,0.0,1.0,0.0
4,7,2025-12-22,0,52,12,1.0,0.0,0.0,0.25,0.0,0.0
4,7,2025-12-29,0,1,12,0.0,1.0,0.0,0.25,0.0,1.0
4,7,2026-01-05,1,2,1,0.0,0.0,0.0,0.25,4.0,1.0
4,7,2026-01-12,1,3,1,1.0,0.0,1.0,0.5,2.0,1.0
4,7,2026-01-19,1,4,1,1.0,1.0,0.0,0.5,2.0,0.0
4,7,2026-01-26,0,5,1,1.0,1.0,0.0,0.75,0.0,1.0
4,7,2026-02-02,1,6,2,0.0,1.0,1.0,0.75,1.3333333333333333,1.0
4,7,2026-02-09,1,7,2,1.0,0.0,1.0,0.75,1.3333333333333333,0.0
4,7,2026-02-16,0,8,2,1.0,1.0,1.0,0.75,0.0,1.0
4,7,2026-02-23,1,9,2,0.0,1.0,0.0,0.5,2.0,0.0
4,7,2026-03-02,0,10,3,1.0,0.0,1.0,0.75,0.0,0.0
4,7,2026-03-09,0,11,3,0.0,1.0,1.0,0.5,0.0,0.0
4,7,2026-03-16,0,12,3,0.0,0.0,0.0,0.25,0.0,0.0
4,7,2026-03-23,0,13,3,0.0,0.0,1.0,0.25,0.0,1.0
4,7,2026-03-30,1,14,3,0.0,0.0,0.0,0.0,1.0,0.0
4,7,2026-04-06,0,15,4,1.0,0.0,0.0,0.25,0.0,0.0
4,7,2026-04-13,0,16,4,0.0,1.0,0.0,0.25,0.0,2.0
4,7,2026-04-20,2,17,4,0.0,0.0,0.0,0.25,8.0,1.0
4,7,2026-04-27,1,18,4,2.0,0.0,1.0,0.75,1.3333333333333333,0.0
4,7,2026-05-04,0,19,5,1.0,2.0,0.0,0.75,0.0,0.0
4,7,2026-05-11,0,20,5,0.0,1.0,0.0,0.75,0.0,0.0
4,7,2026-05-18,0,21,5,0.0,0.0,2.0,0.75,0.0,2.0
4,7,2026-05-25,2,22,5,0.0,0.0,1.0,0.25,8.0,0.0
4,7,2026-06-01,0,23,6,2.0,0.0,0.0,0.5,0.0,2.0
4,7,2026-06-08,2,24,6,0.0,2.0,0.0,0.5,4.0,0.0
4,7,2026-06-15,0,25,6,2.0,0.0,0.0,1.0,0.0,0.0
4,7,2026-06-22,0,26,6,0.0,2.0,2.0,1.0,0.0,0.0
4,8,2024-01-29,1,5,1,0.0,0.0,0.0,0.0,1.0,1.0
4,8,2024-02-05,1,6,2,1.0,0.0,0.0,0.25,4.0,1.0
4,8,2024-02-12,1,7,2,1.0,1.0,0.0,0.5,2.0,0.0
4,8,2024-02-19,0,8,2,1.0,1.0,0.0,0.75,0.0,1.0
4,8,2024-02-26,1,9,2,0.0,1.0,1.0,0.75,1.3333333333333333,1.0
4,8,2024-03-04,1,10,3,1.0,0.0,1.0,0.75,1.3333333333333333,1.0
4,8,2024-03-11,1,11,3,1.0,1.0,1.0,0.75,1.3333333333333333,0.0
4,8,2024-03-18,0,12,3,1.0,1.0,0.0,0.75,0.0,1.0
4,8,2024-03-25,1,13,3,0.0,1.0,1.0,0.75,1.3333333333333333,0.0
4,8,2024-04-01,0,14,4,1.0,0.0,1.0,0.75,0.0,0.0
4,8,2024-04-08,0,15,4,0.0,1.0,1.0,0.5,0.0,2.0
4,8,2024-04-15,2,16,4,0.0,0.0,0.0,0.25,8.0,1.0
4,8,2024-04-22,1,17,4,2.0,0.0,1.0,0.75,1.3333333333333333,0.0
4,8,2024-04-29,0,18,4,1.0,2.0,0.0,0.75,0.0,1.0
4,8,2024-05-06,1,19,5,0.0,1.0,0.0,0.75,1.3333333333333333,0.0
4,8,2024-05-13,0,20,5,1.0,0.0,2.0,1.0,0.0,0.0
4,8,2024-05-20,0,21,5,0.0,1.0,1.0,0.5,0.0,0.0
4,8,2024-05-27,0,22,5,0.0,0.0,0.0,0.25,0.0,0.0
4,8,2024-06-03,0,23,6,0.0,0.0,1.0,0.25,0.0,0.0
4,8,2024-06-10,0,24,6,0.0,0.0,0.0,0.0,1.0,1.0
4,8,2024-06-17,1,25,6,0.0,0.0,0.0,0.0,1.0,0.0
4,8,2024-06-24,0,26,6,1.0,0.0,0.0,0.25,0.0,0.0
4,8,2024-07-01,0,27,7,0.0,1.0,0.0,0.25,0.0,0.0
4,8,2024-07-08,0,28,7,0.0,0.0,0.0,0.25,0.0,0.0
4,8,2024-07-15,0,29,7,0.0,0.0,1.0,0.25,0.0,0.0
4,8,2024-07-22,0,30,7,0.0,0.0,0.0,0.0,1.0,0.0
4,8,2024-07-29,0,31,7,0.0,0.0,0.0,0.0,1.0,0.0
4,8,2024-08-05,0,32,8,0.0,0.0,0.0,0.0,1.0,2.0
4,8,2024-08-12,2,33,8,0.0,0.0,0.0,0.0,1.0,0.0
4,8,2024-08-19,0,34,8,2.0,0.0,0.0,0.5,0.0,0.0
4,8,2024-08-26,0,35,8,0.0,2.0,0.0,0.5,0.0,0.0
4,8,2024-09-02,0,36,9,0.0,0.0,0.0,0.5,0.0,1.0
4,8,2024-09-09,1,37,9,0.0,0.0,2.0,0.5,2.0,1.0
4,8,2024-09-16,1,38,9,1.0,0.0,0.0,0.25,4.0,0.0
4,8,2024-09-23,0,39,9,1.0,1.0,0.0,0.5,0.0,0.0
4,8,2024-09-30,0,40,9,0.0,1.0,0.0,0.5,0.0,1.0
4,8,2024-10-07,1,41,10,0.0,0.0,1.0,0.5,2.0,0.0
4,8,2024-10-14,0,42,10,1.0,0.0,1.0,0.5,0.0,1.0
4,8,2024-10-21,1,43,10,0.0,1.0,0.0,0.25,4.0,0.0
4,8,2024-10-28,0,44,10,1.0,0.0,0.0,0.5,0.0,0.0
4,8,2024-11-04,0,45,11,0.0,1.0,1.0,0.5,0.0,2.0
4,8,2024-11-11,2,46,11,0.0,0.0,0.0,0.25,8.0,0.0
4,8,2024-11-18,0,47,11,2.0,0.0,1.0,0.75,0.0,1.0
4,8,2024-11-25,1,48,11,0.0,2.0,0.0,0.5,2.0,0.0
4,8,2024-12-02,0,49,12,1.0,0.0,0.0,0.75,0.0,0.0
4,8,2024-12-09,0,50,12,0.0,1.0,2.0,0.75,0.0,0.0
4,8,2024-12-16,0,51,12,0.0,0.0,0.0,0.25,0.0,0.0
4,8,2024-12-23,0,52,12,0.0,0.0,1.0,0.25,0.0,0.0
4,8,2024-12-30,0,1,12,0.0,0.0,0.0,0.0,1.0,0.0
4,8,2025-01-06,0,2,1,0.0,0.0,0.0,0.0,1.0,0.0
4,8,2025-01-13,0,3,1,0.0,0.0,0.0,0.0,1.0,0.0
4,8,2025-01-20,0,4,1,0.0,0.0,0.0,0.0,1.0,0.0
4,8,2025-01-27,0,5,1,0.0,0.0,0.0,0.0,1.0,0.0
4,8,2025-02-03,0,6,2,0.0,0.0,0.0,0.0,1.0,1.0
4,8,2025-02-10,1,7,2,0.0,0.0,0.0,0.0,1.0,2.0
4,8,2025-02-17,2,8,2,1.0,0.0,0.0,0.25,8.0,1.0
4,8,2025-02-24,1,9,2,2.0,1.0,0.0,0.75,1.3333333333333333,1.0
4,8,2025-03-03,1,10,3,1.0,2.0,0.0,1.0,1.0,0.0
4,8,2025-03-10,0,11,3,1.0,1.0,1.0,1.25,0.0,1.0
4,8,2025-03-17,1,12,3,0.0,1.0,2.0,1.0,1.0,0.0
4,8,2025-03-24,0,13,3,1.0,0.0,1.0,0.75,0.0,0.0
4,8,2025-03-31,0,14,3,0.0,1.0,1.0,0.5,0.0,1.0
4,8,2025-04-07,1,15,4,0.0,0.0,0.0,0.25,4.0,1.0
4,8,2025-04-14,1,16,4,1.0,0.0,1.0,0.5,2.0,1.0
4,8,2025-04-21,1,17,4,1.0,1.0,0.0,0.5,2.0,0.0
4,8,2025-04-28,0,18,4,1.0,1.0,0.0,0.75,0.0,0.0
4,8,2025-05-05,0,19,5,0.0,1.0,1.0,0.75,0.0,1.0
4,8,2025-05-12,1,20,5,0.0,0.0,1.0,0.5,2.0,1.0
4,8,2025-05-19,1,21,5,1.0,0.0,1.0,0.5,2.0,1.0
4,8,2025-05-26,1,22,5,1.0,1.0,0.0,0.5,2.0,0.0
4,8,2025-06-02,0,23,6,1.0,1.0,0.0,0.75,0.0,0.0
4,8,2025-06-09,0,24,6,0.0,1.0,1.0,0.75,0.0,0.0
4,8,2025-06-16,0,25,6,0.0,0.0,1.0,0.5,0.0,0.0
4,8,2025-06-23,0,26,6,0.0,0.0,1.0,0.25,0.0,0.0
4,8,2025-06-30,0,27,6,0.0,0.0,0.0,0.0,1.0,0.0
4,8,2025-07-07,0,28,7,0.0,0.0,0.0,0.0,1.0,2.0
4,8,2025-07-14,2,29,7,0.0,0.0,0.0,0.0,1.0,0.0
4,8,2025-07-21,0,30,7,2.0,0.0,0.0,0.5,0.0,1.0
4,8,2025-07-28,1,31,7,0.0,2.0,0.0,0.5,2.0,1.0
4,8,2025-08-04,1,32,8,1.0,0.0,0.0,0.75,1.3333333333333333,0.0
4,8,2025-08-11,0,33,8,1.0,1.0,2.0,1.0,0.0,1.0
4,8,2025-08-18,1,34,8,0.0,1.0,0.0,0.5,2.0,0.0
4,8,2025-08-25,0,35,8,1.0,0.0,1.0,0.75,0.0,0.0
4,8,2025-09-01,0,36,9,0.0,1.0,1.0,0.5,0.0,0.0
4,8,2025-09-08,0,37,9,0.0,0.0,0.0,0.25,0.0,0.0
4,8,2025-09-15,0,38,9,0.0,0.0,1.0,0.25,0.0,0.0
4,8,2025-09-22,0,39,9,0.0,0.0,0.0,0.0,1.0,1.0
4,8,2025-09-29,1,40,9,0.0,0.0,0.0,0.0,1.0,1.0
4,8,2025-10-06,1,41,10,1.0,0.0,0.0,0.25,4.0,0.0
4,8,2025-10-13,0,42,10,1.0,1.0,0.0,0.5,0.0,0.0
4,8,2025-10-20,0,43,10,0.0,1.0,0.0,0.5,0.0,0.0
4,8,2025-10-27,0,44,10,0.0,0.0,1.0,0.5,0.0,1.0
4,8,2025-11-03,1,45,11,0.0,0.0,1.0,0.25,4.0,0.0
4,8,2025-11-10,0,46,11,1.0,0.0,0.0,0.25,0.0,0.0
4,8,2025-11-17,0,47,11,0.0,1.0,0.0,0.25,0.0,0.0
4,8,2025-11-24,0,48,11,0.0,0.0,0.0,0.25,0.0,0.0
4,8,2025-12-01,0,49,12,0.0,0.0,1.0,0.25,0.0,1.0
4,8,2025-12-08,1,50,12,0.0,0.0,0.0,0.0,1.0,0.0
4,8,2025-12-15,0,51,12,1.0,0.0,0.0,0.25,0.0,0.0
4,8,2025-12-22,0,52,12,0.0,1.0,0.0,0.25,0.0,0.0
4,8,2025-12-29,0,1,12,0.0,0.0,0.0,0.25,0.0,0.0
4,8,2026-01-05,0,2,1,0.0,0.0,1.0,0.25,0.0,0.0
4,8,2026-01-12,0,3,1,0.0,0.0,0.0,0.0,1.0,0.0
4,8,2026-01-19,0,4,1,0.0,0.0,0.0,0.0,1.0,1.0
4,8,2026-01-26,1,5,1,0.0,0.0,0.0,0.0,1.0,0.0
4,8,2026-02-02,0,6,2,1.0,0.0,0.0,0.25,0.0,0.0
4,8,2026-02-09,0,7,2,0.0,1.0,0.0,0.25,0.0,1.0
4,8,2026-02-16,1,8,2,0.0,0.0,0.0,0.25,4.0,0.0
4,8,2026-02-23,0,9,2,1.0,0.0,1.0,0.5,0.0,0.0
4,8,2026-03-02,0,10,3,0.0,1.0,0.0,0.25,0.0,0.0
4,8,2026-03-09,0,11,3,0.0,0.0,0.0,0.25,0.0,0.0
4,8,2026-03-16,0,12,3,0.0,0.0,1.0,0.25,0.0,0.0
4,8,2026-03-23,0,13,3,0.0,0.0,0.0,0.0,1.0,0.0
4,8,2026-03-30,0,14,3,0.0,0.0,0.0,0.0,1.0,0.0
4,8,2026-04-06,0,15,4,0.0,0.0,0.0,0.0,1.0,0.0
4,8,2026-04-13,0,16,4,0.0,0.0,0.0,0.0,1.0,0.0
4,8,2026-04-20,0,17,4,0.0,0.0,0.0,0.0,1.0,0.0
4,8,2026-04-27,0,18,4,0.0,0.0,0.0,0.0,1.0,2.0
4,8,2026-05-04,2,19,5,0.0,0.0,0.0,0.0,1.0,0.0
4,8,2026-05-11,0,20,5,2.0,0.0,0.0,0.5,0.0,0.0
4,8,2026-05-18,0,21,5,0.0,2.0,0.0,0.5,0.0,0.0
4,8,2026-05-25,0,22,5,0.0,0.0,0.0,0.5,0.0,0.0
4,8,2026-06-01,0,23,6,0.0,0.0,2.0,0.5,0.0,1.0
4,8,2026-06-08,1,24,6,0.0,0.0,0.0,0.0,1.0,0.0
4,8,2026-06-15,0,25,6,1.0,0.0,0.0,0.25,0.0,0.0
4,8,2026-06-22,0,26,6,0.0,1.0,0.0,0.25,0.0,0.0
4,9,2024-01-29,0,5,1,1.0,1.0,0.0,0.5,0.0,0.0
4,9,2024-02-05,0,6,2,0.0,1.0,0.0,0.5,0.0,1.0
4,9,2024-02-12,1,7,2,0.0,0.0,1.0,0.5,2.0,1.0
4,9,2024-02-19,1,8,2,1.0,0.0,1.0,0.5,2.0,0.0
4,9,2024-02-26,0,9,2,1.0,1.0,0.0,0.5,0.0,0.0
4,9,2024-03-04,0,10,3,0.0,1.0,0.0,0.5,0.0,0.0
4,9,2024-03-11,0,11,3,0.0,0.0,1.0,0.5,0.0,2.0
4,9,2024-03-18,2,12,3,0.0,0.0,1.0,0.25,8.0,0.0
4,9,2024-03-25,0,13,3,2.0,0.0,0.0,0.5,0.0,2.0
4,9,2024-04-01,2,14,4,0.0,2.0,0.0,0.5,4.0,1.0
4,9,2024-04-08,1,15,4,2.0,0.0,0.0,1.0,1.0,1.0
4,9,2024-04-15,1,16,4,1.0,2.0,2.0,1.25,0.8,1.0
4,9,2024-04-22,1,17,4,1.0,1.0,0.0,1.0,1.0,0.0
4,9,2024-04-29,0,18,4,1.0,1.0,2.0,1.25,0.0,0.0
4,9,2024-05-06,0,19,5,0.0,1.0,1.0,0.75,0.0,0.0
4,9,2024-05-13,0,20,5,0.0,0.0,1.0,0.5,0.0,0.0
4,9,2024-05-20,0,21,5,0.0,0.0,1.0,0.25,0.0,0.0
4,9,2024-05-27,0,22,5,0.0,0.0,0.0,0.0,1.0,0.0
4,9,2024-06-03,0,23,6,0.0,0.0,0.0,0.0,1.0,0.0
4,9,2024-06-10,0,24,6,0.0,0.0,0.0,0.0,1.0,0.0
4,9,2024-06-17,0,25,6,0.0,0.0,0.0,0.0,1.0,0.0
4,9,2024-06-24,0,26,6,0.0,0.0,0.0,0.0,1.0,1.0
4,9,2024-07-01,1,27,7,0.0,0.0,0.0,0.0,1.0,1.0
4,9,2024-07-08,1,28,7,1.0,0.0,0.0,0.25,4.0,0.0
4,9,2024-07-15,0,29,7,1.0,1.0,0.0,0.5,0.0,2.0
4,9,2024-07-22,2,30,7,0.0,1.0,0.0,0.5,4.0,0.0
4,9,2024-07-29,0,31,7,2.0,0.0,1.0,1.0,0.0,0.0
4,9,2024-08-05,0,32,8,0.0,2.0,1.0,0.75,0.0,1.0
4,9,2024-08-12,1,33,8,0.0,0.0,0.0,0.5,2.0,0.0
4,9,2024-08-19,0,34,8,1.0,0.0,2.0,0.75,0.0,1.0
4,9,2024-08-26,1,35,8,0.0,1.0,0.0,0.25,4.0,0.0
4,9,2024-09-02,0,36,9,1.0,0.0,0.0,0.5,0.0,0.0
4,9,2024-09-09,0,37,9,0.0,1.0,1.0,0.5,0.0,1.0
4,9,2024-09-16,1,38,9,0.0,0.0,0.0,0.25,4.0,0.0
4,9,2024-09-23,0,39,9,1.0,0.0,1.0,0.5,0.0,1.0
4,9,2024-09-30,1,40,9,0.0,1.0,0.0,0.25,4.0,3.0
4,9,2024-10-07,3,41,10,1.0,0.0,0.0,0.5,6.0,2.0
4,9,2024-10-14,2,42,10,3.0,1.0,1.0,1.25,1.6,0.0
4,9,2024-10-21,0,43,10,2.0,3.0,0.0,1.5,0.0,0.0
4,9,2024-10-28,0,44,10,0.0,2.0,1.0,1.5,0.0,0.0
4,9,2024-11-04,0,45,11,0.0,0.0,3.0,1.25,0.0,1.0
4,9,2024-11-11,1,46,11,0.0,0.0,2.0,0.5,2.0,1.0
4,9,2024-11-18,1,47,11,1.0,0.0,0.0,0.25,4.0,1.0
4,9,2024-11-25,1,48,11,1.0,1.0,0.0,0.5,2.0,0.0
4,9,2024-12-02,0,49,12,1.0,1.0,0.0,0.75,0.0,0.0
4,9,2024-12-09,0,50,12,0.0,1.0,1.0,0.75,0.0,0.0
4,9,2024-12-16,0,51,12,0.0,0.0,1.0,0.5,0.0,0.0
4,9,2024-12-23,0,52,12,0.0,0.0,1.0,0.25,0.0,0.0
4,9,2024-12-30,0,1,12,0.0,0.0,0.0,0.0,1.0,0.0
4,9,2025-01-06,0,2,1,0.0,0.0,0.0,0.0,1.0,1.0
4,9,2025-01-13,1,3,1,0.0,0.0,0.0,0.0,1.0,1.0
4,9,2025-01-20,1,4,1,1.0,0.0,0.0,0.25,4.0,0.0
4,9,2025-01-27,0,5,1,1.0,1.0,0.0,0.5,0.0,1.0
4,9,2025-02-03,1,6,2,0.0,1.0,0.0,0.5,2.0,0.0
4,9,2025-02-10,0,7,2,1.0,0.0,1.0,0.75,0.0,0.0
4,9,2025-02-17,0,8,2,0.0,1.0,1.0,0.5,0.0,0.0
4,9,2025-02-24,0,9,2,0.0,0.0,0.0,0.25,0.0,0.0
4,9,2025-03-03,0,10,3,0.0,0.0,1.0,0.25,0.0,1.0
4,9,2025-03-10,1,11,3,0.0,0.0,0.0,0.0,1.0,0.0
4,9,2025-03-17,0,12,3,1.0,0.0,0.0,0.25,0.0,1.0
4,9,2025-03-24,1,13,3,0.0,1.0,0.0,0.25,4.0,0.0
4,9,2025-03-31,0,14,3,1.0,0.0,0.0,0.5,0.0,0.0
4,9,2025-04-07,0,15,4,0.0,1.0,1.0,0.5,0.0,1.0
4,9,2025-04-14,1,16,4,0.0,0.0,0.0,0.25,4.0,0.0
4,9,2025-04-21,0,17,4,1.0,0.0,1.0,0.5,0.0,0.0
4,9,2025-04-28,0,18,4,0.0,1.0,0.0,0.25,0.0,1.0
4,9,2025-05-05,1,19,5,0.0,0.0,0.0,0.25,4.0,1.0
4,9,2025-05-12,1,20,5,1.0,0.0,1.0,0.5,2.0,0.0
4,9,2025-05-19,0,21,5,1.0,1.0,0.0,0.5,0.0,0.0
4,9,2025-05-26,0,22,5,0.0,1.0,0.0,0.5,0.0,1.0
4,9,2025-06-02,1,23,6,0.0,0.0,1.0,0.5,2.0,0.0
4,9,2025-06-09,0,24,6,1.0,0.0,1.0,0.5,0.0,0.0
4,9,2025-06-16,0,25,6,0.0,1.0,0.0,0.25,0.0,1.0
4,9,2025-06-23,1,26,6,0.0,0.0,0.0,0.25,4.0,0.0
4,9,2025-06-30,0,27,6,1.0,0.0,1.0,0.5,0.0,0.0
4,9,2025-07-07,0,28,7,0.0,1.0,0.0,0.25,0.0,1.0
4,9,2025-07-14,1,29,7,0.0,0.0,0.0,0.25,4.0,0.0
4,9,2025-07-21,0,30,7,1.0,0.0,1.0,0.5,0.0,0.0
4,9,2025-07-28,0,31,7,0.0,1.0,0.0,0.25,0.0,1.0
4,9,2025-08-04,1,32,8,0.0,0.0,0.0,0.25,4.0,1.0
4,9,2025-08-11,1,33,8,1.0,0.0,1.0,0.5,2.0,0.0
4,9,2025-08-18,0,34,8,1.0,1.0,0.0,0.5,0.0,0.0
4,9,2025-08-25,0,35,8,0.0,1.0,0.0,0.5,0.0,0.0
4,9,2025-09-01,0,36,9,0.0,0.0,1.0,0.5,0.0,0.0
4,9,2025-09-08,0,37,9,0.0,0.0,1.0,0.25,0.0,1.0
4,9,2025-09-15,1,38,9,0.0,0.0,0.0,0.0,1.0,0.0
4,9,2025-09-22,0,39,9,1.0,0.0,0.0,0.25,0.0,0.0
4,9,2025-09-29,0,40,9,0.0,1.0,0.0,0.25,0.0,3.0
4,9,2025-10-06,3,41,10,0.0,0.0,0.0,0.25,12.0,0.0
4,9,2025-10-13,0,42,10,3.0,0.0,1.0,1.0,0.0,0.0
4,9,2025-10-20,0,43,10,0.0,3.0,0.0,0.75,0.0,0.0
4,9,2025-10-27,0,44,10,0.0,0.0,0.0,0.75,0.0,1.0
4,9,2025-11-03,1,45,11,0.0,0.0,3.0,0.75,1.3333333333333333,1.0
4,9,2025-11-10,1,46,11,1.0,0.0,0.0,0.25,4.0,0.0
4,9,2025-11-17,0,47,11,1.0,1.0,0.0,0.5,0.0,1.0
4,9,2025-11-24,1,48,11,0.0,1.0,0.0,0.5,2.0,1.0
4,9,2025-12-01,1,49,12,1.0,0.0,1.0,0.75,1.3333333333333333,0.0
4,9,2025-12-08,0,50,12,1.0,1.0,1.0,0.75,0.0,1.0
4,9,2025-12-15,1,51,12,0.0,1.0,0.0,0.5,2.0,0.0
4,9,2025-12-22,0,52,12,1.0,0.0,1.0,0.75,0.0,0.0
4,9,2025-12-29,0,1,12,0.0,1.0,1.0,0.5,0.0,2.0
4,9,2026-01-05,2,2,1,0.0,0.0,0.0,0.25,8.0,0.0
4,9,2026-01-12,0,3,1,2.0,0.0,1.0,0.75,0.0,1.0
4,9,2026-01-19,1,4,1,0.0,2.0,0.0,0.5,2.0,0.0
4,9,2026-01-26,0,5,1,1.0,0.0,0.0,0.75,0.0,0.0
4,9,2026-02-02,0,6,2,0.0,1.0,2.0,0.75,0.0,0.0
4,9,2026-02-09,0,7,2,0.0,0.0,0.0,0.25,0.0,1.0
4,9,2026-02-16,1,8,2,0.0,0.0,1.0,0.25,4.0,0.0
4,9,2026-02-23,0,9,2,1.0,0.0,0.0,0.25,0.0,0.0
4,9,2026-03-02,0,10,3,0.0,1.0,0.0,0.25,0.0,0.0
4,9,2026-03-09,0,11,3,0.0,0.0,0.0,0.25,0.0,0.0
4,9,2026-03-16,0,12,3,0.0,0.0,1.0,0.25,0.0,0.0
4,9,2026-03-23,0,13,3,0.0,0.0,0.0,0.0,1.0,0.0
4,9,2026-03-30,0,14,3,0.0,0.0,0.0,0.0,1.0,0.0
4,9,2026-04-06,0,15,4,0.0,0.0,0.0,0.0,1.0,0.0
4,9,2026-04-13,0,16,4,0.0,0.0,0.0,0.0,1.0,0.0
4,9,2026-04-20,0,17,4,0.0,0.0,0.0,0.0,1.0,1.0
4,9,2026-04-27,1,18,4,0.0,0.0,0.0,0.0,1.0,0.0
4,9,2026-05-04,0,19,5,1.0,0.0,0.0,0.25,0.0,1.0
4,9,2026-05-11,1,20,5,0.0,1.0,0.0,0.25,4.0,0.0
4,9,2026-05-18,0,21,5,1.0,0.0,0.0,0.5,0.0,1.0
4,9,2026-05-25,1,22,5,0.0,1.0,1.0,0.5,2.0,0.0
4,9,2026-06-01,0,23,6,1.0,0.0,0.0,0.5,0.0,0.0
4,9,2026-06-08,0,24,6,0.0,1.0,1.0,0.5,0.0,0.0
4,9,2026-06-15,0,25,6,0.0,0.0,0.0,0.25,0.0,1.0
4,9,2026-06-22,1,26,6,0.0,0.0,1.0,0.25,4.0,0.0
4,10,2024-01-29,0,5,1,0.0,2.0,0.0,0.5,0.0,0.0
4,10,2024-02-05,0,6,2,0.0,0.0,0.0,0.5,0.0,0.0
4,10,2024-02-12,0,7,2,0.0,0.0,2.0,0.5,0.0,1.0
4,10,2024-02-19,1,8,2,0.0,0.0,0.0,0.0,1.0,0.0
4,10,2024-02-26,0,9,2,1.0,0.0,0.0,0.25,0.0,0.0
4,10,2024-03-04,0,10,3,0.0,1.0,0.0,0.25,0.0,1.0
4,10,2024-03-11,1,11,3,0.0,0.0,0.0,0.25,4.0,0.0
4,10,2024-03-18,0,12,3,1.0,0.0,1.0,0.5,0.0,0.0
4,10,2024-03-25,0,13,3,0.0,1.0,0.0,0.25,0.0,0.0
4,10,2024-04-01,0,14,4,0.0,0.0,0.0,0.25,0.0,0.0
4,10,2024-04-08,0,15,4,0.0,0.0,1.0,0.25,0.0,1.0
4,10,2024-04-15,1,16,4,0.0,0.0,0.0,0.0,1.0,0.0
4,10,2024-04-22,0,17,4,1.0,0.0,0.0,0.25,0.0,0.0
4,10,2024-04-29,0,18,4,0.0,1.0,0.0,0.25,0.0,1.0
4,10,2024-05-06,1,19,5,0.0,0.0,0.0,0.25,4.0,0.0
4,10,2024-05-13,0,20,5,1.0,0.0,1.0,0.5,0.0,0.0
4,10,2024-05-20,0,21,5,0.0,1.0,0.0,0.25,0.0,0.0
4,10,2024-05-27,0,22,5,0.0,0.0,0.0,0.25,0.0,0.0
4,10,2024-06-03,0,23,6,0.0,0.0,1.0,0.25,0.0,0.0
4,10,2024-06-10,0,24,6,0.0,0.0,0.0,0.0,1.0,1.0
4,10,2024-06-17,1,25,6,0.0,0.0,0.0,0.0,1.0,0.0
4,10,2024-06-24,0,26,6,1.0,0.0,0.0,0.25,0.0,1.0
4,10,2024-07-01,1,27,7,0.0,1.0,0.0,0.25,4.0,0.0
4,10,2024-07-08,0,28,7,1.0,0.0,0.0,0.5,0.0,2.0
4,10,2024-07-15,2,29,7,0.0,1.0,1.0,0.5,4.0,0.0
4,10,2024-07-22,0,30,7,2.0,0.0,0.0,0.75,0.0,0.0
4,10,2024-07-29,0,31,7,0.0,2.0,1.0,0.75,0.0,0.0
4,10,2024-08-05,0,32,8,0.0,0.0,0.0,0.5,0.0,0.0
4,10,2024-08-12,0,33,8,0.0,0.0,2.0,0.5,0.0,0.0
4,10,2024-08-19,0,34,8,0.0,0.0,0.0,0.0,1.0,0.0
4,10,2024-08-26,0,35,8,0.0,0.0,0.0,0.0,1.0,0.0
4,10,2024-09-02,0,36,9,0.0,0.0,0.0,0.0,1.0,0.0
4,10,2024-09-09,0,37,9,0.0,0.0,0.0,0.0,1.0,0.0
4,10,2024-09-16,0,38,9,0.0,0.0,0.0,0.0,1.0,0.0
4,10,2024-09-23,0,39,9,0.0,0.0,0.0,0.0,1.0,0.0
4,10,2024-09-30,0,40,9,0.0,0.0,0.0,0.0,1.0,1.0
4,10,2024-10-07,1,41,10,0.0,0.0,0.0,0.0,1.0,1.0
4,10,2024-10-14,1,42,10,1.0,0.0,0.0,0.25,4.0,0.0
4,10,2024-10-21,0,43,10,1.0,1.0,0.0,0.5,0.0,1.0
4,10,2024-10-28,1,44,10,0.0,1.0,0.0,0.5,2.0,1.0
4,10,2024-11-04,1,45,11,1.0,0.0,1.0,0.75,1.3333333333333333,1.0
4,10,2024-11-11,1,46,11,1.0,1.0,1.0,0.75,1.3333333333333333,0.0
4,10,2024-11-18,0,47,11,1.0,1.0,0.0,0.75,0.0,0.0
4,10,2024-11-25,0,48,11,0.0,1.0,1.0,0.75,0.0,0.0
4,10,2024-12-02,0,49,12,0.0,0.0,1.0,0.5,0.0,0.0
4,10,2024-12-09,0,50,12,0.0,0.0,1.0,0.25,0.0,1.0
4,10,2024-12-16,1,51,12,0.0,0.0,0.0,0.0,1.0,0.0
4,10,2024-12-23,0,52,12,1.0,0.0,0.0,0.25,0.0,0.0
4,10,2024-12-30,0,1,12,0.0,1.0,0.0,0.25,0.0,1.0
4,10,2025-01-06,1,2,1,0.0,0.0,0.0,0.25,4.0,0.0
4,10,2025-01-13,0,3,1,1.0,0.0,1.0,0.5,0.0,0.0
4,10,2025-01-20,0,4,1,0.0,1.0,0.0,0.25,0.0,1.0
4,10,2025-01-27,1,5,1,0.0,0.0,0.0,0.25,4.0,0.0
4,10,2025-02-03,0,6,2,1.0,0.0,1.0,0.5,0.0,1.0
4,10,2025-02-10,1,7,2,0.0,1.0,0.0,0.25,4.0,0.0
4,10,2025-02-17,0,8,2,1.0,0.0,0.0,0.5,0.0,2.0
4,10,2025-02-24,2,9,2,0.0,1.0,1.0,0.5,4.0,0.0
4,10,2025-03-03,0,10,3,2.0,0.0,0.0,0.75,0.0,1.0
4,10,2025-03-10,1,11,3,0.0,2.0,1.0,0.75,1.3333333333333333,1.0
4,10,2025-03-17,1,12,3,1.0,0.0,0.0,0.75,1.3333333333333333,1.0
4,10,2025-03-24,1,13,3,1.0,1.0,2.0,1.0,1.0,1.0
4,10,2025-03-31,1,14,3,1.0,1.0,0.0,0.75,1.3333333333333333,0.0
4,10,2025-04-07,0,15,4,1.0,1.0,1.0,1.0,0.0,1.0
4,10,2025-04-14,1,16,4,0.0,1.0,1.0,0.75,1.3333333333333333,0.0
4,10,2025-04-21,0,17,4,1.0,0.0,1.0,0.75,0.0,0.0
4,10,2025-04-28,0,18,4,0.0,1.0,1.0,0.5,0.0,0.0
4,10,2025-05-05,0,19,5,0.0,0.0,0.0,0.25,0.0,0.0
4,10,2025-05-12,0,20,5,0.0,0.0,1.0,0.25,0.0,1.0
4,10,2025-05-19,1,21,5,0.0,0.0,0.0,0.0,1.0,2.0
4,10,2025-05-26,2,22,5,1.0,0.0,0.0,0.25,8.0,1.0
4,10,2025-06-02,1,23,6,2.0,1.0,0.0,0.75,1.3333333333333333,0.0
4,10,2025-06-09,0,24,6,1.0,2.0,0.0,1.0,0.0,0.0
4,10,2025-06-16,0,25,6,0.0,1.0,1.0,1.0,0.0,0.0
4,10,2025-06-23,0,26,6,0.0,0.0,2.0,0.75,0.0,0.0
4,10,2025-06-30,0,27,6,0.0,0.0,1.0,0.25,0.0,0.0
4,10,2025-07-07,0,28,7,0.0,0.0,0.0,0.0,1.0,1.0
4,10,2025-07-14,1,29,7,0.0,0.0,0.0,0.0,1.0,0.0
4,10,2025-07-21,0,30,7,1.0,0.0,0.0,0.25,0.0,1.0
4,10,2025-07-28,1,31,7,0.0,1.0,0.0,0.25,4.0,0.0
4,10,2025-08-04,0,32,8,1.0,0.0,0.0,0.5,0.0,1.0
4,10,2025-08-11,1,33,8,0.0,1.0,1.0,0.5,2.0,1.0
4,10,2025-08-18,1,34,8,1.0,0.0,0.0,0.5,2.0,0.0
4,10,2025-08-25,0,35,8,1.0,1.0,1.0,0.75,0.0,0.0
4,10,2025-09-01,0,36,9,0.0,1.0,0.0,0.5,0.0,0.0
4,10,2025-09-08,0,37,9,0.0,0.0,1.0,0.5,0.0,0.0
4,10,2025-09-15,0,38,9,0.0,0.0,1.0,0.25,0.0,0.0
4,10,2025-09-22,0,39,9,0.0,0.0,0.0,0.0,1.0,0.0
4,10,2025-09-29,0,40,9,0.0,0.0,0.0,0.0,1.0,0.0
4,10,2025-10-06,0,41,10,0.0,0.0,0.0,0.0,1.0,0.0
4,10,2025-10-13,0,42,10,0.0,0.0,0.0,0.0,1.0,0.0
4,10,2025-10-20,0,43,10,0.0,0.0,0.0,0.0,1.0,0.0
4,10,2025-10-27,0,44,10,0.0,0.0,0.0,0.0,1.0,0.0
4,10,2025-11-03,0,45,11,0.0,0.0,0.0,0.0,1.0,1.0
4,10,2025-11-10,1,46,11,0.0,0.0,0.0,0.0,1.0,1.0
4,10,2025-11-17,1,47,11,1.0,0.0,0.0,0.25,4.0,0.0
4,10,2025-11-24,0,48,11,1.0,1.0,0.0,0.5,0.0,0.0
4,10,2025-12-01,0,49,12,0.0,1.0,0.0,0.5,0.0,0.0
4,10,2025-12-08,0,50,12,0.0,0.0,1.0,0.5,0.0,0.0
4,10,2025-12-15,0,51,12,0.0,0.0,1.0,0.25,0.0,0.0
4,10,2025-12-22,0,52,12,0.0,0.0,0.0,0.0,1.0,0.0
4,10,2025-12-29,0,1,12,0.0,0.0,0.0,0.0,1.0,1.0
4,10,2026-01-05,1,2,1,0.0,0.0,0.0,0.0,1.0,0.0
4,10,2026-01-12,0,3,1,1.0,0.0,0.0,0.25,0.0,0.0
4,10,2026-01-19,0,4,1,0.0,1.0,0.0,0.25,0.0,2.0
4,10,2026-01-26,2,5,1,0.0,0.0,0.0,0.25,8.0,2.0
4,10,2026-02-02,2,6,2,2.0,0.0,1.0,0.75,2.6666666666666665,0.0
4,10,2026-02-09,0,7,2,2.0,2.0,0.0,1.0,0.0,0.0
4,10,2026-02-16,0,8,2,0.0,2.0,0.0,1.0,0.0,0.0
4,10,2026-02-23,0,9,2,0.0,0.0,2.0,1.0,0.0,1.0
4,10,2026-03-02,1,10,3,0.0,0.0,2.0,0.5,2.0,1.0
4,10,2026-03-09,1,11,3,1.0,0.0,0.0,0.25,4.0,0.0
4,10,2026-03-16,0,12,3,1.0,1.0,0.0,0.5,0.0,1.0
4,10,2026-03-23,1,13,3,0.0,1.0,0.0,0.5,2.0,0.0
4,10,2026-03-30,0,14,3,1.0,0.0,1.0,0.75,0.0,0.0
4,10,2026-04-06,0,15,4,0.0,1.0,1.0,0.5,0.0,1.0
4,10,2026-04-13,1,16,4,0.0,0.0,0.0,0.25,4.0,0.0
4,10,2026-04-20,0,17,4,1.0,0.0,1.0,0.5,0.0,1.0
4,10,2026-04-27,1,18,4,0.0,1.0,0.0,0.25,4.0,1.0
4,10,2026-05-04,1,19,5,1.0,0.0,0.0,0.5,2.0,1.0
4,10,2026-05-11,1,20,5,1.0,1.0,1.0,0.75,1.3333333333333333,0.0
4,10,2026-05-18,0,21,5,1.0,1.0,0.0,0.75,0.0,0.0
4,10,2026-05-25,0,22,5,0.0,1.0,1.0,0.75,0.0,0.0
4,10,2026-06-01,0,23,6,0.0,0.0,1.0,0.5,0.0,0.0
4,10,2026-06-08,0,24,6,0.0,0.0,1.0,0.25,0.0,1.0
4,10,2026-06-15,1,25,6,0.0,0.0,0.0,0.0,1.0,0.0
4,10,2026-06-22,0,26,6,1.0,0.0,0.0,0.25,0.0,0.0
4,11,2024-01-29,3,5,1,1.0,0.0,0.0,0.25,12.0,0.0
4,11,2024-02-05,0,6,2,3.0,1.0,0.0,1.0,0.0,0.0
4,11,2024-02-12,0,7,2,0.0,3.0,0.0,1.0,0.0,0.0
4,11,2024-02-19,0,8,2,0.0,0.0,1.0,1.0,0.0,1.0
4,11,2024-02-26,1,9,2,0.0,0.0,3.0,0.75,1.3333333333333333,1.0
4,11,2024-03-04,1,10,3,1.0,0.0,0.0,0.25,4.0,1.0
4,11,2024-03-11,1,11,3,1.0,1.0,0.0,0.5,2.0,0.0
4,11,2024-03-18,0,12,3,1.0,1.0,0.0,0.75,0.0,1.0
4,11,2024-03-25,1,13,3,0.0,1.0,1.0,0.75,1.3333333333333333,0.0
4,11,2024-04-01,0,14,4,1.0,0.0,1.0,0.75,0.0,1.0
4,11,2024-04-08,1,15,4,0.0,1.0,1.0,0.5,2.0,0.0
4,11,2024-04-15,0,16,4,1.0,0.0,0.0,0.5,0.0,0.0
4,11,2024-04-22,0,17,4,0.0,1.0,1.0,0.5,0.0,1.0
4,11,2024-04-29,1,18,4,0.0,0.0,0.0,0.25,4.0,1.0
4,11,2024-05-06,1,19,5,1.0,0.0,1.0,0.5,2.0,0.0
4,11,2024-05-13,0,20,5,1.0,1.0,0.0,0.5,0.0,0.0
4,11,2024-05-20,0,21,5,0.0,1.0,0.0,0.5,0.0,0.0
4,11,2024-05-27,0,22,5,0.0,0.0,1.0,0.5,0.0,0.0
4,11,2024-06-03,0,23,6,0.0,0.0,1.0,0.25,0.0,0.0
4,11,2024-06-10,0,24,6,0.0,0.0,0.0,0.0,1.0,1.0
4,11,2024-06-17,1,25,6,0.0,0.0,0.0,0.0,1.0,0.0
4,11,2024-06-24,0,26,6,1.0,0.0,0.0,0.25,0.0,1.0
4,11,2024-07-01,1,27,7,0.0,1.0,0.0,0.25,4.0,1.0
4,11,2024-07-08,1,28,7,1.0,0.0,0.0,0.5,2.0,0.0
4,11,2024-07-15,0,29,7,1.0,1.0,1.0,0.75,0.0,0.0
4,11,2024-07-22,0,30,7,0.0,1.0,0.0,0.5,0.0,2.0
4,11,2024-07-29,2,31,7,0.0,0.0,1.0,0.5,4.0,0.0
4,11,2024-08-05,0,32,8,2.0,0.0,1.0,0.75,0.0,1.0
4,11,2024-08-12,1,33,8,0.0,2.0,0.0,0.5,2.0,1.0
4,11,2024-08-19,1,34,8,1.0,0.0,0.0,0.75,1.3333333333333333,0.0
4,11,2024-08-26,0,35,8,1.0,1.0,2.0,1.0,0.0,0.0
4,11,2024-09-02,0,36,9,0.0,1.0,0.0,0.5,0.0,1.0
4,11,2024-09-09,1,37,9,0.0,0.0,1.0,0.5,2.0,0.0
4,11,2024-09-16,0,38,9,1.0,0.0,1.0,0.5,0.0,0.0
4,11,2024-09-23,0,39,9,0.0,1.0,0.0,0.25,0.0,0.0
4,11,2024-09-30,0,40,9,0.0,0.0,0.0,0.25,0.0,0.0
4,11,2024-10-07,0,41,10,0.0,0.0,1.0,0.25,0.0,0.0
4,11,2024-10-14,0,42,10,0.0,0.0,0.0,0.0,1.0,2.0
4,11,2024-10-21,2,43,10,0.0,0.0,0.0,0.0,1.0,0.0
4,11,2024-10-28,0,44,10,2.0,0.0,0.0,0.5,0.0,0.0
4,11,2024-11-04,0,45,11,0.0,2.0,0.0,0.5,0.0,1.0
4,11,2024-11-11,1,46,11,0.0,0.0,0.0,0.5,2.0,0.0
4,11,2024-11-18,0,47,11,1.0,0.0,2.0,0.75,0.0,0.0
4,11,2024-11-25,0,48,11,0.0,1.0,0.0,0.25,0.0,2.0
4,11,2024-12-02,2,49,12,0.0,0.0,0.0,0.25,8.0,0.0
4,11,2024-12-09,0,50,12,2.0,0.0,1.0,0.75,0.0,1.0
4,11,2024-12-16,1,51,12,0.0,2.0,0.0,0.5,2.0,0.0
4,11,2024-12-23,0,52,12,1.0,0.0,0.0,0.75,0.0,0.0
4,11,2024-12-30,0,1,12,0.0,1.0,2.0,0.75,0.0,0.0
4,11,2025-01-06,0,2,1,0.0,0.0,0.0,0.25,0.0,1.0
4,11,2025-01-13,1,3,1,0.0,0.0,1.0,0.25,4.0,0.0
4,11,2025-01-20,0,4,1,1.0,0.0,0.0,0.25,0.0,0.0
4,11,2025-01-27,0,5,1,0.0,1.0,0.0,0.25,0.0,1.0
4,11,2025-02-03,1,6,2,0.0,0.0,0.0,0.25,4.0,0.0
4,11,2025-02-10,0,7,2,1.0,0.0,1.0,0.5,0.0,1.0
4,11,2025-02-17,1,8,2,0.0,1.0,0.0,0.25,4.0,0.0
4,11,2025-02-24,0,9,2,1.0,0.0,0.0,0.5,0.0,0.0
4,11,2025-03-03,0,10,3,0.0,1.0,1.0,0.5,0.0,0.0
4,11,2025-03-10,0,11,3,0.0,0.0,0.0,0.25,0.0,1.0
4,11,2025-03-17,1,12,3,0.0,0.0,1.0,0.25,4.0,0.0
4,11,2025-03-24,0,13,3,1.0,0.0,0.0,0.25,0.0,1.0
4,11,2025-03-31,1,14,3,0.0,1.0,0.0,0.25,4.0,2.0
4,11,2025-04-07,2,15,4,1.0,0.0,0.0,0.5,4.0,1.0
4,11,2025-04-14,1,16,4,2.0,1.0,1.0,1.0,1.0,0.0
4,11,2025-04-21,0,17,4,1.0,2.0,0.0,1.0,0.0,0.0
4,11,2025-04-28,0,18,4,0.0,1.0,1.0,1.0,0.0,0.0
4,11,2025-05-05,0,19,5,0.0,0.0,2.0,0.75,0.0,1.0
4,11,2025-05-12,1,20,5,0.0,0.0,1.0,0.25,4.0,0.0
4,11,2025-05-19,0,21,5,1.0,0.0,0.0,0.25,0.0,0.0
4,11,2025-05-26,0,22,5,0.0,1.0,0.0,0.25,0.0,1.0
4,11,2025-06-02,1,23,6,0.0,0.0,0.0,0.25,4.0,1.0
4,11,2025-06-09,1,24,6,1.0,0.0,1.0,0.5,2.0,0.0
4,11,2025-06-16,0,25,6,1.0,1.0,0.0,0.5,0.0,0.0
4,11,2025-06-23,0,26,6,0.0,1.0,0.0,0.5,0.0,0.0
4,11,2025-06-30,0,27,6,0.0,0.0,1.0,0.5,0.0,0.0
4,11,2025-07-07,0,28,7,0.0,0.0,1.0,0.25,0.0,0.0
4,11,2025-07-14,0,29,7,0.0,0.0,0.0,0.0,1.0,0.0
4,11,2025-07-21,0,30,7,0.0,0.0,0.0,0.0,1.0,0.0
4,11,2025-07-28,0,31,7,0.0,0.0,0.0,0.0,1.0,1.0
4,11,2025-08-04,1,32,8,0.0,0.0,0.0,0.0,1.0,1.0
4,11,2025-08-11,1,33,8,1.0,0.0,0.0,0.25,4.0,0.0
4,11,2025-08-18,0,34,8,1.0,1.0,0.0,0.5,0.0,0.0
4,11,2025-08-25,0,35,8,0.0,1.0,0.0,0.5,0.0,0.0
4,11,2025-09-01,0,36,9,0.0,0.0,1.0,0.5,0.0,1.0
4,11,2025-09-08,1,37,9,0.0,0.0,1.0,0.25,4.0,0.0
4,11,2025-09-15,0,38,9,1.0,0.0,0.0,0.25,0.0,0.0
4,11,2025-09-22,0,39,9,0.0,1.0,0.0,0.25,0.0,0.0
4,11,2025-09-29,0,40,9,0.0,0.0,0.0,0.25,0.0,0.0
4,11,2025-10-06,0,41,10,0.0,0.0,1.0,0.25,0.0,0.0
4,11,2025-10-13,0,42,10,0.0,0.0,0.0,0.0,1.0,0.0
4,11,2025-10-20,0,43,10,0.0,0.0,0.0,0.0,1.0,1.0
4,11,2025-10-27,1,44,10,0.0,0.0,0.0,0.0,1.0,1.0
4,11,2025-11-03,1,45,11,1.0,0.0,0.0,0.25,4.0,0.0
4,11,2025-11-10,0,46,11,1.0,1.0,0.0,0.5,0.0,0.0
4,11,2025-11-17,0,47,11,0.0,1.0,0.0,0.5,0.0,0.0
4,11,2025-11-24,0,48,11,0.0,0.0,1.0,0.5,0.0,2.0
4,11,2025-12-01,2,49,12,0.0,0.0,1.0,0.25,8.0,0.0
4,11,2025-12-08,0,50,12,2.0,0.0,0.0,0.5,0.0,1.0
4,11,2025-12-15,1,51,12,0.0,2.0,0.0,0.5,2.0,0.0
4,11,2025-12-22,0,52,12,1.0,0.0,0.0,0.75,0.0,0.0
4,11,2025-12-29,0,1,12,0.0,1.0,2.0,0.75,0.0,0.0
4,11,2026-01-05,0,2,1,0.0,0.0,0.0,0.25,0.0,0.0
4,11,2026-01-12,0,3,1,0.0,0.0,1.0,0.25,0.0,2.0
4,11,2026-01-19,2,4,1,0.0,0.0,0.0,0.0,1.0,0.0
4,11,2026-01-26,0,5,1,2.0,0.0,0.0,0.5,0.0,0.0
4,11,2026-02-02,0,6,2,0.0,2.0,0.0,0.5,0.0,0.0
4,11,2026-02-09,0,7,2,0.0,0.0,0.0,0.5,0.0,1.0
4,11,2026-02-16,1,8,2,0.0,0.0,2.0,0.5,2.0,0.0
4,11,2026-02-23,0,9,2,1.0,0.0,0.0,0.25,0.0,0.0
4,11,2026-03-02,0,10,3,0.0,1.0,0.0,0.25,0.0,0.0
4,11,2026-03-09,0,11,3,0.0,0.0,0.0,0.25,0.0,0.0
4,11,2026-03-16,0,12,3,0.0,0.0,1.0,0.25,0.0,0.0
4,11,2026-03-23,0,13,3,0.0,0.0,0.0,0.0,1.0,0.0
4,11,2026-03-30,0,14,3,0.0,0.0,0.0,0.0,1.0,0.0
4,11,2026-04-06,0,15,4,0.0,0.0,0.0,0.0,1.0,0.0
4,11,2026-04-13,0,16,4,0.0,0.0,0.0,0.0,1.0,0.0
4,11,2026-04-20,0,17,4,0.0,0.0,0.0,0.0,1.0,0.0
4,11,2026-04-27,0,18,4,0.0,0.0,0.0,0.0,1.0,0.0
4,11,2026-05-04,0,19,5,0.0,0.0,0.0,0.0,1.0,0.0
4,11,2026-05-11,0,20,5,0.0,0.0,0.0,0.0,1.0,0.0
4,11,2026-05-18,0,21,5,0.0,0.0,0.0,0.0,1.0,0.0
4,11,2026-05-25,0,22,5,0.0,0.0,0.0,0.0,1.0,1.0
4,11,2026-06-01,1,23,6,0.0,0.0,0.0,0.0,1.0,0.0
4,11,2026-06-08,0,24,6,1.0,0.0,0.0,0.25,0.0,0.0
4,11,2026-06-15,0,25,6,0.0,1.0,0.0,0.25,0.0,1.0
4,11,2026-06-22,1,26,6,0.0,0.0,0.0,0.25,4.0,0.0
4,12,2024-01-29,1,5,1,0.0,1.0,1.0,0.75,1.3333333333333333,0.0
4,12,2024-02-05,0,6,2,1.0,0.0,1.0,0.75,0.0,0.0
4,12,2024-02-12,0,7,2,0.0,1.0,1.0,0.5,0.0,0.0
4,12,2024-02-19,0,8,2,0.0,0.0,0.0,0.25,0.0,1.0
4,12,2024-02-26,1,9,2,0.0,0.0,1.0,0.25,4.0,0.0
4,12,2024-03-04,0,10,3,1.0,0.0,0.0,0.25,0.0,1.0
4,12,2024-03-11,1,11,3,0.0,1.0,0.0,0.25,4.0,1.0
4,12,2024-03-18,1,12,3,1.0,0.0,0.0,0.5,2.0,0.0
4,12,2024-03-25,0,13,3,1.0,1.0,1.0,0.75,0.0,1.0
4,12,2024-04-01,1,14,4,0.0,1.0,0.0,0.5,2.0,2.0
4,12,2024-04-08,2,15,4,1.0,0.0,1.0,0.75,2.6666666666666665,0.0
4,12,2024-04-15,0,16,4,2.0,1.0,1.0,1.0,0.0,0.0
4,12,2024-04-22,0,17,4,0.0,2.0,0.0,0.75,0.0,0.0
4,12,2024-04-29,0,18,4,0.0,0.0,1.0,0.75,0.0,1.0
4,12,2024-05-06,1,19,5,0.0,0.0,2.0,0.5,2.0,0.0
4,12,2024-05-13,0,20,5,1.0,0.0,0.0,0.25,0.0,0.0
4,12,2024-05-20,0,21,5,0.0,1.0,0.0,0.25,0.0,0.0
4,12,2024-05-27,0,22,5,0.0,0.0,0.0,0.25,0.0,0.0
4,12,2024-06-03,0,23,6,0.0,0.0,1.0,0.25,0.0,0.0
4,12,2024-06-10,0,24,6,0.0,0.0,0.0,0.0,1.0,0.0
4,12,2024-06-17,0,25,6,0.0,0.0,0.0,0.0,1.0,0.0
4,12,2024-06-24,0,26,6,0.0,0.0,0.0,0.0,1.0,1.0
4,12,2024-07-01,1,27,7,0.0,0.0,0.0,0.0,1.0,0.0
4,12,2024-07-08,0,28,7,1.0,0.0,0.0,0.25,0.0,1.0
4,12,2024-07-15,1,29,7,0.0,1.0,0.0,0.25,4.0,1.0
4,12,2024-07-22,1,30,7,1.0,0.0,0.0,0.5,2.0,0.0
4,12,2024-07-29,0,31,7,1.0,1.0,1.0,0.75,0.0,0.0
4,12,2024-08-05,0,32,8,0.0,1.0,0.0,0.5,0.0,0.0
4,12,2024-08-12,0,33,8,0.0,0.0,1.0,0.5,0.0,0.0
4,12,2024-08-19,0,34,8,0.0,0.0,1.0,0.25,0.0,0.0
4,12,2024-08-26,0,35,8,0.0,0.0,0.0,0.0,1.0,1.0
4,12,2024-09-02,1,36,9,0.0,0.0,0.0,0.0,1.0,0.0
4,12,2024-09-09,0,37,9,1.0,0.0,0.0,0.25,0.0,2.0
4,12,2024-09-16,2,38,9,0.0,1.0,0.0,0.25,8.0,0.0
4,12,2024-09-23,0,39,9,2.0,0.0,0.0,0.75,0.0,0.0
4,12,2024-09-30,0,40,9,0.0,2.0,1.0,0.75,0.0,2.0
4,12,2024-10-07,2,41,10,0.0,0.0,0.0,0.5,4.0,0.0
4,12,2024-10-14,0,42,10,2.0,0.0,2.0,1.0,0.0,0.0
4,12,2024-10-21,0,43,10,0.0,2.0,0.0,0.5,0.0,1.0
4,12,2024-10-28,1,44,10,0.0,0.0,0.0,0.5,2.0,1.0
4,12,2024-11-04,1,45,11,1.0,0.0,2.0,0.75,1.3333333333333333,0.0
4,12,2024-11-11,0,46,11,1.0,1.0,0.0,0.5,0.0,0.0
4,12,2024-11-18,0,47,11,0.0,1.0,0.0,0.5,0.0,0.0
4,12,2024-11-25,0,48,11,0.0,0.0,1.0,0.5,0.0,0.0
4,12,2024-12-02,0,49,12,0.0,0.0,1.0,0.25,0.0,0.0
4,12,2024-12-09,0,50,12,0.0,0.0,0.0,0.0,1.0,1.0
4,12,2024-12-16,1,51,12,0.0,0.0,0.0,0.0,1.0,0.0
4,12,2024-12-23,0,52,12,1.0,0.0,0.0,0.25,0.0,0.0
4,12,2024-12-30,0,1,12,0.0,1.0,0.0,0.25,0.0,1.0
4,12,2025-01-06,1,2,1,0.0,0.0,0.0,0.25,4.0,3.0
4,12,2025-01-13,3,3,1,1.0,0.0,1.0,0.5,6.0,1.0
4,12,2025-01-20,1,4,1,3.0,1.0,0.0,1.0,1.0,0.0
4,12,2025-01-27,0,5,1,1.0,3.0,0.0,1.25,0.0,0.0
4,12,2025-02-03,0,6,2,0.0,1.0,1.0,1.25,0.0,0.0
4,12,2025-02-10,0,7,2,0.0,0.0,3.0,1.0,0.0,1.0
4,12,2025-02-17,1,8,2,0.0,0.0,1.0,0.25,4.0,0.0
4,12,2025-02-24,0,9,2,1.0,0.0,0.0,0.25,0.0,0.0
4,12,2025-03-03,0,10,3,0.0,1.0,0.0,0.25,0.0,1.0
4,12,2025-03-10,1,11,3,0.0,0.0,0.0,0.25,4.0,1.0
4,12,2025-03-17,1,12,3,1.0,0.0,1.0,0.5,2.0,1.0
4,12,2025-03-24,1,13,3,1.0,1.0,0.0,0.5,2.0,1.0
4,12,2025-03-31,1,14,3,1.0,1.0,0.0,0.75,1.3333333333333333,1.0
4,12,2025-04-07,1,15,4,1.0,1.0,1.0,1.0,1.0,0.0
4,12,2025-04-14,0,16,4,1.0,1.0,1.0,1.0,0.0,0.0
4,12,2025-04-21,0,17,4,0.0,1.0,1.0,0.75,0.0,0.0
4,12,2025-04-28,0,18,4,0.0,0.0,1.0,0.5,0.0,1.0
4,12,2025-05-05,1,19,5,0.0,0.0,1.0,0.25,4.0,0.0
4,12,2025-05-12,0,20,5,1.0,0.0,0.0,0.25,0.0,0.0
4,12,2025-05-19,0,21,5,0.0,1.0,0.0,0.25,0.0,1.0
4,12,2025-05-26,1,22,5,0.0,0.0,0.0,0.25,4.0,3.0
4,12,2025-06-02,3,23,6,1.0,0.0,1.0,0.5,6.0,1.0
4,12,2025-06-09,1,24,6,3.0,1.0,0.0,1.0,1.0,1.0
4,12,2025-06-16,1,25,6,1.0,3.0,0.0,1.25,0.8,0.0
4,12,2025-06-23,0,26,6,1.0,1.0,1.0,1.5,0.0,1.0
4,12,2025-06-30,1,27,6,0.0,1.0,3.0,1.25,0.8,0.0
4,12,2025-07-07,0,28,7,1.0,0.0,1.0,0.75,0.0,1.0
4,12,2025-07-14,1,29,7,0.0,1.0,1.0,0.5,2.0,1.0
4,12,2025-07-21,1,30,7,1.0,0.0,0.0,0.5,2.0,0.0
4,12,2025-07-28,0,31,7,1.0,1.0,1.0,0.75,0.0,1.0
4,12,2025-08-04,1,32,8,0.0,1.0,0.0,0.5,2.0,2.0
4,12,2025-08-11,2,33,8,1.0,0.0,1.0,0.75,2.6666666666666665,1.0
4,12,2025-08-18,1,34,8,2.0,1.0,1.0,1.0,1.0,0.0
4,12,2025-08-25,0,35,8,1.0,2.0,0.0,1.0,0.0,1.0
4,12,2025-09-01,1,36,9,0.0,1.0,1.0,1.0,1.0,1.0
4,12,2025-09-08,1,37,9,1.0,0.0,2.0,1.0,1.0,2.0
4,12,2025-09-15,2,38,9,1.0,1.0,1.0,0.75,2.6666666666666665,1.0
4,12,2025-09-22,1,39,9,2.0,1.0,0.0,1.0,1.0,1.0
4,12,2025-09-29,1,40,9,1.0,2.0,1.0,1.25,0.8,1.0
4,12,2025-10-06,1,41,10,1.0,1.0,1.0,1.25,0.8,2.0
4,12,2025-10-13,2,42,10,1.0,1.0,2.0,1.25,1.6,1.0
4,12,2025-10-20,1,43,10,2.0,1.0,1.0,1.25,0.8,0.0
4,12,2025-10-27,0,44,10,1.0,2.0,1.0,1.25,0.0,0.0
4,12,2025-11-03,0,45,11,0.0,1.0,1.0,1.0,0.0,2.0
4,12,2025-11-10,2,46,11,0.0,0.0,2.0,0.75,2.6666666666666665,0.0
4,12,2025-11-17,0,47,11,2.0,0.0,1.0,0.75,0.0,2.0
4,12,2025-11-24,2,48,11,0.0,2.0,0.0,0.5,4.0,0.0
4,12,2025-12-01,0,49,12,2.0,0.0,0.0,1.0,0.0,2.0
4,12,2025-12-08,2,50,12,0.0,2.0,2.0,1.0,2.0,0.0
4,12,2025-12-15,0,51,12,2.0,0.0,0.0,1.0,0.0,0.0
4,12,2025-12-22,0,52,12,0.0,2.0,2.0,1.0,0.0,1.0
4,12,2025-12-29,1,1,12,0.0,0.0,0.0,0.5,2.0,0.0
4,12,2026-01-05,0,2,1,1.0,0.0,2.0,0.75,0.0,0.0
4,12,2026-01-12,0,3,1,0.0,1.0,0.0,0.25,0.0,1.0
4,12,2026-01-19,1,4,1,0.0,0.0,0.0,0.25,4.0,0.0
4,12,2026-01-26,0,5,1,1.0,0.0,1.0,0.5,0.0,0.0
4,12,2026-02-02,0,6,2,0.0,1.0,0.0,0.25,0.0,0.0
4,12,2026-02-09,0,7,2,0.0,0.0,0.0,0.25,0.0,0.0
4,12,2026-02-16,0,8,2,0.0,0.0,1.0,0.25,0.0,1.0
4,12,2026-02-23,1,9,2,0.0,0.0,0.0,0.0,1.0,1.0
4,12,2026-03-02,1,10,3,1.0,0.0,0.0,0.25,4.0,1.0
4,12,2026-03-09,1,11,3,1.0,1.0,0.0,0.5,2.0,1.0
4,12,2026-03-16,1,12,3,1.0,1.0,0.0,0.75,1.3333333333333333,0.0
4,12,2026-03-23,0,13,3,1.0,1.0,1.0,1.0,0.0,0.0
4,12,2026-03-30,0,14,3,0.0,1.0,1.0,0.75,0.0,0.0
4,12,2026-04-06,0,15,4,0.0,0.0,1.0,0.5,0.0,0.0
4,12,2026-04-13,0,16,4,0.0,0.0,1.0,0.25,0.0,0.0
4,12,2026-04-20,0,17,4,0.0,0.0,0.0,0.0,1.0,0.0
4,12,2026-04-27,0,18,4,0.0,0.0,0.0,0.0,1.0,0.0
4,12,2026-05-04,0,19,5,0.0,0.0,0.0,0.0,1.0,0.0
4,12,2026-05-11,0,20,5,0.0,0.0,0.0,0.0,1.0,0.0
4,12,2026-05-18,0,21,5,0.0,0.0,0.0,0.0,1.0,1.0
4,12,2026-05-25,1,22,5,0.0,0.0,0.0,0.0,1.0,1.0
4,12,2026-06-01,1,23,6,1.0,0.0,0.0,0.25,4.0,0.0
4,12,2026-06-08,0,24,6,1.0,1.0,0.0,0.5,0.0,0.0
4,12,2026-06-15,0,25,6,0.0,1.0,0.0,0.5,0.0,0.0
4,12,2026-06-22,0,26,6,0.0,0.0,1.0,0.5,0.0,0.0
4,13,2024-01-29,0,5,1,0.0,0.0,1.0,0.25,0.0,0.0
4,13,2024-02-05,0,6,2,0.0,0.0,0.0,0.0,1.0,1.0
4,13,2024-02-12,1,7,2,0.0,0.0,0.0,0.0,1.0,0.0
4,13,2024-02-19,0,8,2,1.0,0.0,0.0,0.25,0.0,0.0
4,13,2024-02-26,0,9,2,0.0,1.0,0.0,0.25,0.0,0.0
4,13,2024-03-04,0,10,3,0.0,0.0,0.0,0.25,0.0,0.0
4,13,2024-03-11,0,11,3,0.0,0.0,1.0,0.25,0.0,2.0
4,13,2024-03-18,2,12,3,0.0,0.0,0.0,0.0,1.0,1.0
4,13,2024-03-25,1,13,3,2.0,0.0,0.0,0.5,2.0,0.0
4,13,2024-04-01,0,14,4,1.0,2.0,0.0,0.75,0.0,0.0
4,13,2024-04-08,0,15,4,0.0,1.0,0.0,0.75,0.0,0.0
4,13,2024-04-15,0,16,4,0.0,0.0,2.0,0.75,0.0,1.0
4,13,2024-04-22,1,17,4,0.0,0.0,1.0,0.25,4.0,1.0
4,13,2024-04-29,1,18,4,1.0,0.0,0.0,0.25,4.0,0.0
4,13,2024-05-06,0,19,5,1.0,1.0,0.0,0.5,0.0,1.0
4,13,2024-05-13,1,20,5,0.0,1.0,0.0,0.5,2.0,0.0
4,13,2024-05-20,0,21,5,1.0,0.0,1.0,0.75,0.0,0.0
4,13,2024-05-27,0,22,5,0.0,1.0,1.0,0.5,0.0,0.0
4,13,2024-06-03,0,23,6,0.0,0.0,0.0,0.25,0.0,0.0
4,13,2024-06-10,0,24,6,0.0,0.0,1.0,0.25,0.0,0.0
4,13,2024-06-17,0,25,6,0.0,0.0,0.0,0.0,1.0,1.0
4,13,2024-06-24,1,26,6,0.0,0.0,0.0,0.0,1.0,1.0
4,13,2024-07-01,1,27,7,1.0,0.0,0.0,0.25,4.0,1.0
4,13,2024-07-08,1,28,7,1.0,1.0,0.0,0.5,2.0,0.0
4,13,2024-07-15,0,29,7,1.0,1.0,0.0,0.75,0.0,2.0
4,13,2024-07-22,2,30,7,0.0,1.0,1.0,0.75,2.6666666666666665,0.0
4,13,2024-07-29,0,31,7,2.0,0.0,1.0,1.0,0.0,1.0
4,13,2024-08-05,1,32,8,0.0,2.0,1.0,0.75,1.3333333333333333,0.0
4,13,2024-08-12,0,33,8,1.0,0.0,0.0,0.75,0.0,1.0
4,13,2024-08-19,1,34,8,0.0,1.0,2.0,0.75,1.3333333333333333,1.0
4,13,2024-08-26,1,35,8,1.0,0.0,0.0,0.5,2.0,0.0
4,13,2024-09-02,0,36,9,1.0,1.0,1.0,0.75,0.0,1.0
4,13,2024-09-09,1,37,9,0.0,1.0,0.0,0.5,2.0,0.0
4,13,2024-09-16,0,38,9,1.0,0.0,1.0,0.75,0.0,0.0
4,13,2024-09-23,0,39,9,0.0,1.0,1.0,0.5,0.0,0.0
4,13,2024-09-30,0,40,9,0.0,0.0,0.0,0.25,0.0,0.0
4,13,2024-10-07,0,41,10,0.0,0.0,1.0,0.25,0.0,0.0
4,13,2024-10-14,0,42,10,0.0,0.0,0.0,0.0,1.0,0.0
4,13,2024-10-21,0,43,10,0.0,0.0,0.0,0.0,1.0,0.0
4,13,2024-10-28,0,44,10,0.0,0.0,0.0,0.0,1.0,0.0
4,13,2024-11-04,0,45,11,0.0,0.0,0.0,0.0,1.0,2.0
4,13,2024-11-11,2,46,11,0.0,0.0,0.0,0.0,1.0,0.0
4,13,2024-11-18,0,47,11,2.0,0.0,0.0,0.5,0.0,1.0
4,13,2024-11-25,1,48,11,0.0,2.0,0.0,0.5,2.0,0.0
4,13,2024-12-02,0,49,12,1.0,0.0,0.0,0.75,0.0,0.0
4,13,2024-12-09,0,50,12,0.0,1.0,2.0,0.75,0.0,1.0
4,13,2024-12-16,1,51,12,0.0,0.0,0.0,0.25,4.0,1.0
4,13,2024-12-23,1,52,12,1.0,0.0,1.0,0.5,2.0,0.0
4,13,2024-12-30,0,1,12,1.0,1.0,0.0,0.5,0.0,1.0
4,13,2025-01-06,1,2,1,0.0,1.0,0.0,0.5,2.0,0.0
4,13,2025-01-13,0,3,1,1.0,0.0,1.0,0.75,0.0,0.0
4,13,2025-01-20,0,4,1,0.0,1.0,1.0,0.5,0.0,0.0
4,13,2025-01-27,0,5,1,0.0,0.0,0.0,0.25,0.0,0.0
4,13,2025-02-03,0,6,2,0.0,0.0,1.0,0.25,0.0,0.0
4,13,2025-02-10,0,7,2,0.0,0.0,0.0,0.0,1.0,0.0
4,13,2025-02-17,0,8,2,0.0,0.0,0.0,0.0,1.0,0.0
4,13,2025-02-24,0,9,2,0.0,0.0,0.0,0.0,1.0,0.0
4,13,2025-03-03,0,10,3,0.0,0.0,0.0,0.0,1.0,0.0
4,13,2025-03-10,0,11,3,0.0,0.0,0.0,0.0,1.0,0.0
4,13,2025-03-17,0,12,3,0.0,0.0,0.0,0.0,1.0,0.0
4,13,2025-03-24,0,13,3,0.0,0.0,0.0,0.0,1.0,1.0
4,13,2025-03-31,1,14,3,0.0,0.0,0.0,0.0,1.0,0.0
4,13,2025-04-07,0,15,4,1.0,0.0,0.0,0.25,0.0,1.0
4,13,2025-04-14,1,16,4,0.0,1.0,0.0,0.25,4.0,0.0
4,13,2025-04-21,0,17,4,1.0,0.0,0.0,0.5,0.0,0.0
4,13,2025-04-28,0,18,4,0.0,1.0,1.0,0.5,0.0,0.0
4,13,2025-05-05,0,19,5,0.0,0.0,0.0,0.25,0.0,0.0
4,13,2025-05-12,0,20,5,0.0,0.0,1.0,0.25,0.0,0.0
4,13,2025-05-19,0,21,5,0.0,0.0,0.0,0.0,1.0,0.0
4,13,2025-05-26,0,22,5,0.0,0.0,0.0,0.0,1.0,0.0
4,13,2025-06-02,0,23,6,0.0,0.0,0.0,0.0,1.0,0.0
4,13,2025-06-09,0,24,6,0.0,0.0,0.0,0.0,1.0,0.0
4,13,2025-06-16,0,25,6,0.0,0.0,0.0,0.0,1.0,0.0
4,13,2025-06-23,0,26,6,0.0,0.0,0.0,0.0,1.0,1.0
4,13,2025-06-30,1,27,6,0.0,0.0,0.0,0.0,1.0,0.0
4,13,2025-07-07,0,28,7,1.0,0.0,0.0,0.25,0.0,0.0
4,13,2025-07-14,0,29,7,0.0,1.0,0.0,0.25,0.0,0.0
4,13,2025-07-21,0,30,7,0.0,0.0,0.0,0.25,0.0,0.0
4,13,2025-07-28,0,31,7,0.0,0.0,1.0,0.25,0.0,0.0
4,13,2025-08-04,0,32,8,0.0,0.0,0.0,0.0,1.0,0.0
4,13,2025-08-11,0,33,8,0.0,0.0,0.0,0.0,1.0,1.0
4,13,2025-08-18,1,34,8,0.0,0.0,0.0,0.0,1.0,0.0
4,13,2025-08-25,0,35,8,1.0,0.0,0.0,0.25,0.0,2.0
4,13,2025-09-01,2,36,9,0.0,1.0,0.0,0.25,8.0,1.0
4,13,2025-09-08,1,37,9,2.0,0.0,0.0,0.75,1.3333333333333333,0.0
4,13,2025-09-15,0,38,9,1.0,2.0,1.0,1.0,0.0,0.0
4,13,2025-09-22,0,39,9,0.0,1.0,0.0,0.75,0.0,0.0
4,13,2025-09-29,0,40,9,0.0,0.0,2.0,0.75,0.0,0.0
4,13,2025-10-06,0,41,10,0.0,0.0,1.0,0.25,0.0,2.0
4,13,2025-10-13,2,42,10,0.0,0.0,0.0,0.0,1.0,2.0
4,13,2025-10-20,2,43,10,2.0,0.0,0.0,0.5,4.0,0.0
4,13,2025-10-27,0,44,10,2.0,2.0,0.0,1.0,0.0,0.0
4,13,2025-11-03,0,45,11,0.0,2.0,0.0,1.0,0.0,1.0
4,13,2025-11-10,1,46,11,0.0,0.0,2.0,1.0,1.0,4.0
4,13,2025-11-17,4,47,11,1.0,0.0,2.0,0.75,5.333333333333333,2.0
4,13,2025-11-24,2,48,11,4.0,1.0,0.0,1.25,1.6,1.0
4,13,2025-12-01,1,49,12,2.0,4.0,0.0,1.75,0.5714285714285714,1.0
4,13,2025-12-08,1,50,12,1.0,2.0,1.0,2.0,0.5,0.0
4,13,2025-12-15,0,51,12,1.0,1.0,4.0,2.0,0.0,1.0
4,13,2025-12-22,1,52,12,0.0,1.0,2.0,1.0,1.0,0.0
4,13,2025-12-29,0,1,12,1.0,0.0,1.0,0.75,0.0,2.0
4,13,2026-01-05,2,2,1,0.0,1.0,1.0,0.5,4.0,1.0
4,13,2026-01-12,1,3,1,2.0,0.0,0.0,0.75,1.3333333333333333,0.0
4,13,2026-01-19,0,4,1,1.0,2.0,1.0,1.0,0.0,2.0
4,13,2026-01-26,2,5,1,0.0,1.0,0.0,0.75,2.6666666666666665,1.0
4,13,2026-02-02,1,6,2,2.0,0.0,2.0,1.25,0.8,0.0
4,13,2026-02-09,0,7,2,1.0,2.0,1.0,1.0,0.0,2.0
4,13,2026-02-16,2,8,2,0.0,1.0,0.0,0.75,2.6666666666666665,1.0
4,13,2026-02-23,1,9,2,2.0,0.0,2.0,1.25,0.8,1.0
4,13,2026-03-02,1,10,3,1.0,2.0,1.0,1.0,1.0,0.0
4,13,2026-03-09,0,11,3,1.0,1.0,0.0,1.0,0.0,3.0
4,13,2026-03-16,3,12,3,0.0,1.0,2.0,1.0,3.0,0.0
4,13,2026-03-23,0,13,3,3.0,0.0,1.0,1.25,0.0,1.0
4,13,2026-03-30,1,14,3,0.0,3.0,1.0,1.0,1.0,0.0
4,13,2026-04-06,0,15,4,1.0,0.0,0.0,1.0,0.0,0.0
4,13,2026-04-13,0,16,4,0.0,1.0,3.0,1.0,0.0,1.0
4,13,2026-04-20,1,17,4,0.0,0.0,0.0,0.25,4.0,0.0
4,13,2026-04-27,0,18,4,1.0,0.0,1.0,0.5,0.0,1.0
4,13,2026-05-04,1,19,5,0.0,1.0,0.0,0.25,4.0,0.0
4,13,2026-05-11,0,20,5,1.0,0.0,0.0,0.5,0.0,1.0
4,13,2026-05-18,1,21,5,0.0,1.0,1.0,0.5,2.0,0.0
4,13,2026-05-25,0,22,5,1.0,0.0,0.0,0.5,0.0,0.0
4,13,2026-06-01,0,23,6,0.0,1.0,1.0,0.5,0.0,0.0
4,13,2026-06-08,0,24,6,0.0,0.0,0.0,0.25,0.0,0.0
4,13,2026-06-15,0,25,6,0.0,0.0,1.0,0.25,0.0,0.0
4,13,2026-06-22,0,26,6,0.0,0.0,0.0,0.0,1.0,0.0
4,14,2024-01-29,0,5,1,0.0,0.0,1.0,0.25,0.0,0.0
4,14,2024-02-05,0,6,2,0.0,0.0,0.0,0.0,1.0,0.0
4,14,2024-02-12,0,7,2,0.0,0.0,0.0,0.0,1.0,0.0
4,14,2024-02-19,0,8,2,0.0,0.0,0.0,0.0,1.0,0.0
4,14,2024-02-26,0,9,2,0.0,0.0,0.0,0.0,1.0,0.0
4,14,2024-03-04,0,10,3,0.0,0.0,0.0,0.0,1.0,1.0
4,14,2024-03-11,1,11,3,0.0,0.0,0.0,0.0,1.0,0.0
4,14,2024-03-18,0,12,3,1.0,0.0,0.0,0.25,0.0,0.0
4,14,2024-03-25,0,13,3,0.0,1.0,0.0,0.25,0.0,0.0
4,14,2024-04-01,0,14,4,0.0,0.0,0.0,0.25,0.0,0.0
4,14,2024-04-08,0,15,4,0.0,0.0,1.0,0.25,0.0,0.0
4,14,2024-04-15,0,16,4,0.0,0.0,0.0,0.0,1.0,0.0
4,14,2024-04-22,0,17,4,0.0,0.0,0.0,0.0,1.0,0.0
4,14,2024-04-29,0,18,4,0.0,0.0,0.0,0.0,1.0,0.0
4,14,2024-05-06,0,19,5,0.0,0.0,0.0,0.0,1.0,0.0
4,14,2024-05-13,0,20,5,0.0,0.0,0.0,0.0,1.0,0.0
4,14,2024-05-20,0,21,5,0.0,0.0,0.0,0.0,1.0,0.0
4,14,2024-05-27,0,22,5,0.0,0.0,0.0,0.0,1.0,2.0
4,14,2024-06-03,2,23,6,0.0,0.0,0.0,0.0,1.0,3.0
4,14,2024-06-10,3,24,6,2.0,0.0,0.0,0.5,6.0,0.0
4,14,2024-06-17,0,25,6,3.0,2.0,0.0,1.25,0.0,0.0
4,14,2024-06-24,0,26,6,0.0,3.0,0.0,1.25,0.0,0.0
4,14,2024-07-01,0,27,7,0.0,0.0,2.0,1.25,0.0,0.0
4,14,2024-07-08,0,28,7,0.0,0.0,3.0,0.75,0.0,0.0
4,14,2024-07-15,0,29,7,0.0,0.0,0.0,0.0,1.0,1.0
4,14,2024-07-22,1,30,7,0.0,0.0,0.0,0.0,1.0,0.0
4,14,2024-07-29,0,31,7,1.0,0.0,0.0,0.25,0.0,2.0
4,14,2024-08-05,2,32,8,0.0,1.0,0.0,0.25,8.0,0.0
4,14,2024-08-12,0,33,8,2.0,0.0,0.0,0.75,0.0,0.0
4,14,2024-08-19,0,34,8,0.0,2.0,1.0,0.75,0.0,0.0
4,14,2024-08-26,0,35,8,0.0,0.0,0.0,0.5,0.0,0.0
4,14,2024-09-02,0,36,9,0.0,0.0,2.0,0.5,0.0,2.0
4,14,2024-09-09,2,37,9,0.0,0.0,0.0,0.0,1.0,2.0
4,14,2024-09-16,2,38,9,2.0,0.0,0.0,0.5,4.0,0.0
4,14,2024-09-23,0,39,9,2.0,2.0,0.0,1.0,0.0,0.0
4,14,2024-09-30,0,40,9,0.0,2.0,0.0,1.0,0.0,0.0
4,14,2024-10-07,0,41,10,0.0,0.0,2.0,1.0,0.0,0.0
4,14,2024-10-14,0,42,10,0.0,0.0,2.0,0.5,0.0,0.0
4,14,2024-10-21,0,43,10,0.0,0.0,0.0,0.0,1.0,0.0
4,14,2024-10-28,0,44,10,0.0,0.0,0.0,0.0,1.0,0.0
4,14,2024-11-04,0,45,11,0.0,0.0,0.0,0.0,1.0,0.0
4,14,2024-11-11,0,46,11,0.0,0.0,0.0,0.0,1.0,0.0
4,14,2024-11-18,0,47,11,0.0,0.0,0.0,0.0,1.0,0.0
4,14,2024-11-25,0,48,11,0.0,0.0,0.0,0.0,1.0,3.0
4,14,2024-12-02,3,49,12,0.0,0.0,0.0,0.0,1.0,0.0
4,14,2024-12-09,0,50,12,3.0,0.0,0.0,0.75,0.0,0.0
4,14,2024-12-16,0,51,12,0.0,3.0,0.0,0.75,0.0,0.0
4,14,2024-12-23,0,52,12,0.0,0.0,0.0,0.75,0.0,1.0
4,14,2024-12-30,1,1,12,0.0,0.0,3.0,0.75,1.3333333333333333,0.0
4,14,2025-01-06,0,2,1,1.0,0.0,0.0,0.25,0.0,2.0
4,14,2025-01-13,2,3,1,0.0,1.0,0.0,0.25,8.0,1.0
4,14,2025-01-20,1,4,1,2.0,0.0,0.0,0.75,1.3333333333333333,0.0
4,14,2025-01-27,0,5,1,1.0,2.0,1.0,1.0,0.0,1.0
4,14,2025-02-03,1,6,2,0.0,1.0,0.0,0.75,1.3333333333333333,1.0
4,14,2025-02-10,1,7,2,1.0,0.0,2.0,1.0,1.0,0.0
4,14,2025-02-17,0,8,2,1.0,1.0,1.0,0.75,0.0,0.0
4,14,2025-02-24,0,9,2,0.0,1.0,0.0,0.5,0.0,1.0
4,14,2025-03-03,1,10,3,0.0,0.0,1.0,0.5,2.0,0.0
4,14,2025-03-10,0,11,3,1.0,0.0,1.0,0.5,0.0,0.0
4,14,2025-03-17,0,12,3,0.0,1.0,0.0,0.25,0.0,0.0
4,14,2025-03-24,0,13,3,0.0,0.0,0.0,0.25,0.0,0.0
4,14,2025-03-31,0,14,3,0.0,0.0,1.0,0.25,0.0,1.0
4,14,2025-04-07,1,15,4,0.0,0.0,0.0,0.0,1.0,0.0
4,14,2025-04-14,0,16,4,1.0,0.0,0.0,0.25,0.0,0.0
4,14,2025-04-21,0,17,4,0.0,1.0,0.0,0.25,0.0,0.0
4,14,2025-04-28,0,18,4,0.0,0.0,0.0,0.25,0.0,1.0
4,14,2025-05-05,1,19,5,0.0,0.0,1.0,0.25,4.0,0.0
4,14,2025-05-12,0,20,5,1.0,0.0,0.0,0.25,0.0,0.0
4,14,2025-05-19,0,21,5,0.0,1.0,0.0,0.25,0.0,0.0
4,14,2025-05-26,0,22,5,0.0,0.0,0.0,0.25,0.0,0.0
4,14,2025-06-02,0,23,6,0.0,0.0,1.0,0.25,0.0,1.0
4,14,2025-06-09,1,24,6,0.0,0.0,0.0,0.0,1.0,0.0
4,14,2025-06-16,0,25,6,1.0,0.0,0.0,0.25,0.0,0.0
4,14,2025-06-23,0,26,6,0.0,1.0,0.0,0.25,0.0,0.0
4,14,2025-06-30,0,27,6,0.0,0.0,0.0,0.25,0.0,0.0
4,14,2025-07-07,0,28,7,0.0,0.0,1.0,0.25,0.0,1.0
4,14,2025-07-14,1,29,7,0.0,0.0,0.0,0.0,1.0,2.0
4,14,2025-07-21,2,30,7,1.0,0.0,0.0,0.25,8.0,0.0
4,14,2025-07-28,0,31,7,2.0,1.0,0.0,0.75,0.0,0.0
4,14,2025-08-04,0,32,8,0.0,2.0,0.0,0.75,0.0,0.0
4,14,2025-08-11,0,33,8,0.0,0.0,1.0,0.75,0.0,0.0
4,14,2025-08-18,0,34,8,0.0,0.0,2.0,0.5,0.0,0.0
4,14,2025-08-25,0,35,8,0.0,0.0,0.0,0.0,1.0,1.0
4,14,2025-09-01,1,36,9,0.0,0.0,0.0,0.0,1.0,1.0
4,14,2025-09-08,1,37,9,1.0,0.0,0.0,0.25,4.0,0.0
4,14,2025-09-15,0,38,9,1.0,1.0,0.0,0.5,0.0,1.0
4,14,2025-09-22,1,39,9,0.0,1.0,0.0,0.5,2.0,1.0
4,14,2025-09-29,1,40,9,1.0,0.0,1.0,0.75,1.3333333333333333,0.0
4,14,2025-10-06,0,41,10,1.0,1.0,1.0,0.75,0.0,0.0
4,14,2025-10-13,0,42,10,0.0,1.0,0.0,0.5,0.0,1.0
4,14,2025-10-20,1,43,10,0.0,0.0,1.0,0.5,2.0,0.0
4,14,2025-10-27,0,44,10,1.0,0.0,1.0,0.5,0.0,1.0
4,14,2025-11-03,1,45,11,0.0,1.0,0.0,0.25,4.0,0.0
4,14,2025-11-10,0,46,11,1.0,0.0,0.0,0.5,0.0,0.0
4,14,2025-11-17,0,47,11,0.0,1.0,1.0,0.5,0.0,1.0
4,14,2025-11-24,1,48,11,0.0,0.0,0.0,0.25,4.0,0.0
4,14,2025-12-01,0,49,12,1.0,0.0,1.0,0.5,0.0,0.0
4,14,2025-12-08,0,50,12,0.0,1.0,0.0,0.25,0.0,1.0
4,14,2025-12-15,1,51,12,0.0,0.0,0.0,0.25,4.0,0.0
4,14,2025-12-22,0,52,12,1.0,0.0,1.0,0.5,0.0,1.0
4,14,2025-12-29,1,1,12,0.0,1.0,0.0,0.25,4.0,0.0
4,14,2026-01-05,0,2,1,1.0,0.0,0.0,0.5,0.0,0.0
4,14,2026-01-12,0,3,1,0.0,1.0,1.0,0.5,0.0,0.0
4,14,2026-01-19,0,4,1,0.0,0.0,0.0,0.25,0.0,1.0
4,14,2026-01-26,1,5,1,0.0,0.0,1.0,0.25,4.0,0.0
4,14,2026-02-02,0,6,2,1.0,0.0,0.0,0.25,0.0,0.0
4,14,2026-02-09,0,7,2,0.0,1.0,0.0,0.25,0.0,0.0
4,14,2026-02-16,0,8,2,0.0,0.0,0.0,0.25,0.0,0.0
4,14,2026-02-23,0,9,2,0.0,0.0,1.0,0.25,0.0,0.0
4,14,2026-03-02,0,10,3,0.0,0.0,0.0,0.0,1.0,0.0
4,14,2026-03-09,0,11,3,0.0,0.0,0.0,0.0,1.0,0.0
4,14,2026-03-16,0,12,3,0.0,0.0,0.0,0.0,1.0,0.0
4,14,2026-03-23,0,13,3,0.0,0.0,0.0,0.0,1.0,1.0
4,14,2026-03-30,1,14,3,0.0,0.0,0.0,0.0,1.0,0.0
4,14,2026-04-06,0,15,4,1.0,0.0,0.0,0.25,0.0,0.0
4,14,2026-04-13,0,16,4,0.0,1.0,0.0,0.25,0.0,1.0
4,14,2026-04-20,1,17,4,0.0,0.0,0.0,0.25,4.0,1.0
4,14,2026-04-27,1,18,4,1.0,0.0,1.0,0.5,2.0,0.0
4,14,2026-05-04,0,19,5,1.0,1.0,0.0,0.5,0.0,0.0
4,14,2026-05-11,0,20,5,0.0,1.0,0.0,0.5,0.0,0.0
4,14,2026-05-18,0,21,5,0.0,0.0,1.0,0.5,0.0,1.0
4,14,2026-05-25,1,22,5,0.0,0.0,1.0,0.25,4.0,0.0
4,14,2026-06-01,0,23,6,1.0,0.0,0.0,0.25,0.0,1.0
4,14,2026-06-08,1,24,6,0.0,1.0,0.0,0.25,4.0,1.0
4,14,2026-06-15,1,25,6,1.0,0.0,0.0,0.5,2.0,1.0
4,14,2026-06-22,1,26,6,1.0,1.0,1.0,0.75,1.3333333333333333,1.0
5,1,2024-01-29,1,5,1,0.0,0.0,1.0,0.5,2.0,0.0
5,1,2024-02-05,0,6,2,1.0,0.0,1.0,0.5,0.0,0.0
5,1,2024-02-12,0,7,2,0.0,1.0,0.0,0.25,0.0,1.0
5,1,2024-02-19,1,8,2,0.0,0.0,0.0,0.25,4.0,2.0
5,1,2024-02-26,2,9,2,1.0,0.0,1.0,0.5,4.0,2.0
5,1,2024-03-04,2,10,3,2.0,1.0,0.0,0.75,2.6666666666666665,0.0
5,1,2024-03-11,0,11,3,2.0,2.0,0.0,1.25,0.0,0.0
5,1,2024-03-18,0,12,3,0.0,2.0,1.0,1.25,0.0,0.0
5,1,2024-03-25,0,13,3,0.0,0.0,2.0,1.0,0.0,0.0
5,1,2024-04-01,0,14,4,0.0,0.0,2.0,0.5,0.0,1.0
5,1,2024-04-08,1,15,4,0.0,0.0,0.0,0.0,1.0,1.0
5,1,2024-04-15,1,16,4,1.0,0.0,0.0,0.25,4.0,0.0
5,1,2024-04-22,0,17,4,1.0,1.0,0.0,0.5,0.0,0.0
5,1,2024-04-29,0,18,4,0.0,1.0,0.0,0.5,0.0,0.0
5,1,2024-05-06,0,19,5,0.0,0.0,1.0,0.5,0.0,0.0
5,1,2024-05-13,0,20,5,0.0,0.0,1.0,0.25,0.0,1.0
5,1,2024-05-20,1,21,5,0.0,0.0,0.0,0.0,1.0,1.0
5,1,2024-05-27,1,22,5,1.0,0.0,0.0,0.25,4.0,0.0
5,1,2024-06-03,0,23,6,1.0,1.0,0.0,0.5,0.0,2.0
5,1,2024-06-10,2,24,6,0.0,1.0,0.0,0.5,4.0,0.0
5,1,2024-06-17,0,25,6,2.0,0.0,1.0,1.0,0.0,0.0
5,1,2024-06-24,0,26,6,0.0,2.0,1.0,0.75,0.0,0.0
5,1,2024-07-01,0,27,7,0.0,0.0,0.0,0.5,0.0,0.0
5,1,2024-07-08,0,28,7,0.0,0.0,2.0,0.5,0.0,1.0
5,1,2024-07-15,1,29,7,0.0,0.0,0.0,0.0,1.0,1.0
5,1,2024-07-22,1,30,7,1.0,0.0,0.0,0.25,4.0,1.0
5,1,2024-07-29,1,31,7,1.0,1.0,0.0,0.5,2.0,0.0
5,1,2024-08-05,0,32,8,1.0,1.0,0.0,0.75,0.0,1.0
5,1,2024-08-12,1,33,8,0.0,1.0,1.0,0.75,1.3333333333333333,2.0
5,1,2024-08-19,2,34,8,1.0,0.0,1.0,0.75,2.6666666666666665,0.0
5,1,2024-08-26,0,35,8,2.0,1.0,1.0,1.0,0.0,1.0
5,1,2024-09-02,1,36,9,0.0,2.0,0.0,0.75,1.3333333333333333,0.0
5,1,2024-09-09,0,37,9,1.0,0.0,1.0,1.0,0.0,0.0
5,1,2024-09-16,0,38,9,0.0,1.0,2.0,0.75,0.0,0.0
5,1,2024-09-23,0,39,9,0.0,0.0,0.0,0.25,0.0,0.0
5,1,2024-09-30,0,40,9,0.0,0.0,1.0,0.25,0.0,0.0
5,1,2024-10-07,0,41,10,0.0,0.0,0.0,0.0,1.0,0.0
5,1,2024-10-14,0,42,10,0.0,0.0,0.0,0.0,1.0,2.0
5,1,2024-10-21,2,43,10,0.0,0.0,0.0,0.0,1.0,0.0
5,1,2024-10-28,0,44,10,2.0,0.0,0.0,0.5,0.0,1.0
5,1,2024-11-04,1,45,11,0.0,2.0,0.0,0.5,2.0,1.0
5,1,2024-11-11,1,46,11,1.0,0.0,0.0,0.75,1.3333333333333333,0.0
5,1,2024-11-18,0,47,11,1.0,1.0,2.0,1.0,0.0,0.0
5,1,2024-11-25,0,48,11,0.0,1.0,0.0,0.5,0.0,2.0
5,1,2024-12-02,2,49,12,0.0,0.0,1.0,0.5,4.0,0.0
5,1,2024-12-09,0,50,12,2.0,0.0,1.0,0.75,0.0,2.0
5,1,2024-12-16,2,51,12,0.0,2.0,0.0,0.5,4.0,2.0
5,1,2024-12-23,2,52,12,2.0,0.0,0.0,1.0,2.0,0.0
5,1,2024-12-30,0,1,12,2.0,2.0,2.0,1.5,0.0,0.0
5,1,2025-01-06,0,2,1,0.0,2.0,0.0,1.0,0.0,2.0
5,1,2025-01-13,2,3,1,0.0,0.0,2.0,1.0,2.0,0.0
5,1,2025-01-20,0,4,1,2.0,0.0,2.0,1.0,0.0,0.0
5,1,2025-01-27,0,5,1,0.0,2.0,0.0,0.5,0.0,0.0
5,1,2025-02-03,0,6,2,0.0,0.0,0.0,0.5,0.0,3.0
5,1,2025-02-10,3,7,2,0.0,0.0,2.0,0.5,6.0,0.0
5,1,2025-02-17,0,8,2,3.0,0.0,0.0,0.75,0.0,1.0
5,1,2025-02-24,1,9,2,0.0,3.0,0.0,0.75,1.3333333333333333,0.0
5,1,2025-03-03,0,10,3,1.0,0.0,0.0,1.0,0.0,0.0
5,1,2025-03-10,0,11,3,0.0,1.0,3.0,1.0,0.0,0.0
5,1,2025-03-17,0,12,3,0.0,0.0,0.0,0.25,0.0,0.0
5,1,2025-03-24,0,13,3,0.0,0.0,1.0,0.25,0.0,1.0
5,1,2025-03-31,1,14,3,0.0,0.0,0.0,0.0,1.0,0.0
5,1,2025-04-07,0,15,4,1.0,0.0,0.0,0.25,0.0,0.0
5,1,2025-04-14,0,16,4,0.0,1.0,0.0,0.25,0.0,0.0
5,1,2025-04-21,0,17,4,0.0,0.0,0.0,0.25,0.0,1.0
5,1,2025-04-28,1,18,4,0.0,0.0,1.0,0.25,4.0,0.0
5,1,2025-05-05,0,19,5,1.0,0.0,0.0,0.25,0.0,0.0
5,1,2025-05-12,0,20,5,0.0,1.0,0.0,0.25,0.0,0.0
5,1,2025-05-19,0,21,5,0.0,0.0,0.0,0.25,0.0,0.0
5,1,2025-05-26,0,22,5,0.0,0.0,1.0,0.25,0.0,0.0
5,1,2025-06-02,0,23,6,0.0,0.0,0.0,0.0,1.0,1.0
5,1,2025-06-09,1,24,6,0.0,0.0,0.0,0.0,1.0,1.0
5,1,2025-06-16,1,25,6,1.0,0.0,0.0,0.25,4.0,1.0
5,1,2025-06-23,1,26,6,1.0,1.0,0.0,0.5,2.0,0.0
5,1,2025-06-30,0,27,6,1.0,1.0,0.0,0.75,0.0,1.0
5,1,2025-07-07,1,28,7,0.0,1.0,1.0,0.75,1.3333333333333333,0.0
5,1,2025-07-14,0,29,7,1.0,0.0,1.0,0.75,0.0,0.0
5,1,2025-07-21,0,30,7,0.0,1.0,1.0,0.5,0.0,1.0
5,1,2025-07-28,1,31,7,0.0,0.0,0.0,0.25,4.0,0.0
5,1,2025-08-04,0,32,8,1.0,0.0,1.0,0.5,0.0,1.0
5,1,2025-08-11,1,33,8,0.0,1.0,0.0,0.25,4.0,1.0
5,1,2025-08-18,1,34,8,1.0,0.0,0.0,0.5,2.0,0.0
5,1,2025-08-25,0,35,8,1.0,1.0,1.0,0.75,0.0,0.0
5,1,2025-09-01,0,36,9,0.0,1.0,0.0,0.5,0.0,0.0
5,1,2025-09-08,0,37,9,0.0,0.0,1.0,0.5,0.0,0.0
5,1,2025-09-15,0,38,9,0.0,0.0,1.0,0.25,0.0,1.0
5,1,2025-09-22,1,39,9,0.0,0.0,0.0,0.0,1.0,0.0
5,1,2025-09-29,0,40,9,1.0,0.0,0.0,0.25,0.0,0.0
5,1,2025-10-06,0,41,10,0.0,1.0,0.0,0.25,0.0,0.0
5,1,2025-10-13,0,42,10,0.0,0.0,0.0,0.25,0.0,1.0
5,1,2025-10-20,1,43,10,0.0,0.0,1.0,0.25,4.0,0.0
5,1,2025-10-27,0,44,10,1.0,0.0,0.0,0.25,0.0,0.0
5,1,2025-11-03,0,45,11,0.0,1.0,0.0,0.25,0.0,0.0
5,1,2025-11-10,0,46,11,0.0,0.0,0.0,0.25,0.0,1.0
5,1,2025-11-17,1,47,11,0.0,0.0,1.0,0.25,4.0,1.0
5,1,2025-11-24,1,48,11,1.0,0.0,0.0,0.25,4.0,2.0
5,1,2025-12-01,2,49,12,1.0,1.0,0.0,0.5,4.0,2.0
5,1,2025-12-08,2,50,12,2.0,1.0,0.0,1.0,2.0,1.0
5,1,2025-12-15,1,51,12,2.0,2.0,1.0,1.5,0.6666666666666666,0.0
5,1,2025-12-22,0,52,12,1.0,2.0,1.0,1.5,0.0,0.0
5,1,2025-12-29,0,1,12,0.0,1.0,2.0,1.25,0.0,1.0
5,1,2026-01-05,1,2,1,0.0,0.0,2.0,0.75,1.3333333333333333,0.0
5,1,2026-01-12,0,3,1,1.0,0.0,1.0,0.5,0.0,0.0
5,1,2026-01-19,0,4,1,0.0,1.0,0.0,0.25,0.0,2.0
5,1,2026-01-26,2,5,1,0.0,0.0,0.0,0.25,8.0,2.0
5,1,2026-02-02,2,6,2,2.0,0.0,1.0,0.75,2.6666666666666665,0.0
5,1,2026-02-09,0,7,2,2.0,2.0,0.0,1.0,0.0,2.0
5,1,2026-02-16,2,8,2,0.0,2.0,0.0,1.0,2.0,0.0
5,1,2026-02-23,0,9,2,2.0,0.0,2.0,1.5,0.0,0.0
5,1,2026-03-02,0,10,3,0.0,2.0,2.0,1.0,0.0,1.0
5,1,2026-03-09,1,11,3,0.0,0.0,0.0,0.5,2.0,2.0
5,1,2026-03-16,2,12,3,1.0,0.0,2.0,0.75,2.6666666666666665,0.0
5,1,2026-03-23,0,13,3,2.0,1.0,0.0,0.75,0.0,1.0
5,1,2026-03-30,1,14,3,0.0,2.0,0.0,0.75,1.3333333333333333,0.0
5,1,2026-04-06,0,15,4,1.0,0.0,1.0,1.0,0.0,0.0
5,1,2026-04-13,0,16,4,0.0,1.0,2.0,0.75,0.0,0.0
5,1,2026-04-20,0,17,4,0.0,0.0,0.0,0.25,0.0,0.0
5,1,2026-04-27,0,18,4,0.0,0.0,1.0,0.25,0.0,1.0
5,1,2026-05-04,1,19,5,0.0,0.0,0.0,0.0,1.0,0.0
5,1,2026-05-11,0,20,5,1.0,0.0,0.0,0.25,0.0,1.0
5,1,2026-05-18,1,21,5,0.0,1.0,0.0,0.25,4.0,0.0
5,1,2026-05-25,0,22,5,1.0,0.0,0.0,0.5,0.0,0.0
5,1,2026-06-01,0,23,6,0.0,1.0,1.0,0.5,0.0,0.0
5,1,2026-06-08,0,24,6,0.0,0.0,0.0,0.25,0.0,0.0
5,1,2026-06-15,0,25,6,0.0,0.0,1.0,0.25,0.0,0.0
5,1,2026-06-22,0,26,6,0.0,0.0,0.0,0.0,1.0,0.0
5,2,2024-01-29,1,5,1,1.0,1.0,0.0,0.5,2.0,0.0
5,2,2024-02-05,0,6,2,1.0,1.0,0.0,0.75,0.0,0.0
5,2,2024-02-12,0,7,2,0.0,1.0,1.0,0.75,0.0,1.0
5,2,2024-02-19,1,8,2,0.0,0.0,1.0,0.5,2.0,0.0
5,2,2024-02-26,0,9,2,1.0,0.0,1.0,0.5,0.0,1.0
5,2,2024-03-04,1,10,3,0.0,1.0,0.0,0.25,4.0,0.0
5,2,2024-03-11,0,11,3,1.0,0.0,0.0,0.5,0.0,0.0
5,2,2024-03-18,0,12,3,0.0,1.0,1.0,0.5,0.0,0.0
5,2,2024-03-25,0,13,3,0.0,0.0,0.0,0.25,0.0,0.0
5,2,2024-04-01,0,14,4,0.0,0.0,1.0,0.25,0.0,0.0
5,2,2024-04-08,0,15,4,0.0,0.0,0.0,0.0,1.0,1.0
5,2,2024-04-15,1,16,4,0.0,0.0,0.0,0.0,1.0,0.0
5,2,2024-04-22,0,17,4,1.0,0.0,0.0,0.25,0.0,1.0
5,2,2024-04-29,1,18,4,0.0,1.0,0.0,0.25,4.0,2.0
5,2,2024-05-06,2,19,5,1.0,0.0,0.0,0.5,4.0,0.0
5,2,2024-05-13,0,20,5,2.0,1.0,1.0,1.0,0.0,0.0
5,2,2024-05-20,0,21,5,0.0,2.0,0.0,0.75,0.0,0.0
5,2,2024-05-27,0,22,5,0.0,0.0,1.0,0.75,0.0,1.0
5,2,2024-06-03,1,23,6,0.0,0.0,2.0,0.5,2.0,0.0
5,2,2024-06-10,0,24,6,1.0,0.0,0.0,0.25,0.0,0.0
5,2,2024-06-17,0,25,6,0.0,1.0,0.0,0.25,0.0,1.0
5,2,2024-06-24,1,26,6,0.0,0.0,0.0,0.25,4.0,1.0
5,2,2024-07-01,1,27,7,1.0,0.0,1.0,0.5,2.0,0.0
5,2,2024-07-08,0,28,7,1.0,1.0,0.0,0.5,0.0,1.0
5,2,2024-07-15,1,29,7,0.0,1.0,0.0,0.5,2.0,0.0
5,2,2024-07-22,0,30,7,1.0,0.0,1.0,0.75,0.0,0.0
5,2,2024-07-29,0,31,7,0.0,1.0,1.0,0.5,0.0,1.0
5,2,2024-08-05,1,32,8,0.0,0.0,0.0,0.25,4.0,0.0
5,2,2024-08-12,0,33,8,1.0,0.0,1.0,0.5,0.0,2.0
5,2,2024-08-19,2,34,8,0.0,1.0,0.0,0.25,8.0,0.0
5,2,2024-08-26,0,35,8,2.0,0.0,0.0,0.75,0.0,0.0
5,2,2024-09-02,0,36,9,0.0,2.0,1.0,0.75,0.0,0.0
5,2,2024-09-09,0,37,9,0.0,0.0,0.0,0.5,0.0,0.0
5,2,2024-09-16,0,38,9,0.0,0.0,2.0,0.5,0.0,0.0
5,2,2024-09-23,0,39,9,0.0,0.0,0.0,0.0,1.0,1.0
5,2,2024-09-30,1,40,9,0.0,0.0,0.0,0.0,1.0,1.0
5,2,2024-10-07,1,41,10,1.0,0.0,0.0,0.25,4.0,0.0
5,2,2024-10-14,0,42,10,1.0,1.0,0.0,0.5,0.0,2.0
5,2,2024-10-21,2,43,10,0.0,1.0,0.0,0.5,4.0,1.0
5,2,2024-10-28,1,44,10,2.0,0.0,1.0,1.0,1.0,1.0
5,2,2024-11-04,1,45,11,1.0,2.0,1.0,1.0,1.0,0.0
5,2,2024-11-11,0,46,11,1.0,1.0,0.0,1.0,0.0,0.0
5,2,2024-11-18,0,47,11,0.0,1.0,2.0,1.0,0.0,0.0
5,2,2024-11-25,0,48,11,0.0,0.0,1.0,0.5,0.0,0.0
5,2,2024-12-02,0,49,12,0.0,0.0,1.0,0.25,0.0,0.0
5,2,2024-12-09,0,50,12,0.0,0.0,0.0,0.0,1.0,0.0
5,2,2024-12-16,0,51,12,0.0,0.0,0.0,0.0,1.0,0.0
5,2,2024-12-23,0,52,12,0.0,0.0,0.0,0.0,1.0,0.0
5,2,2024-12-30,0,1,12,0.0,0.0,0.0,0.0,1.0,0.0
5,2,2025-01-06,0,2,1,0.0,0.0,0.0,0.0,1.0,0.0
5,2,2025-01-13,0,3,1,0.0,0.0,0.0,0.0,1.0,0.0
5,2,2025-01-20,0,4,1,0.0,0.0,0.0,0.0,1.0,0.0
5,2,2025-01-27,0,5,1,0.0,0.0,0.0,0.0,1.0,1.0
5,2,2025-02-03,1,6,2,0.0,0.0,0.0,0.0,1.0,1.0
5,2,2025-02-10,1,7,2,1.0,0.0,0.0,0.25,4.0,0.0
5,2,2025-02-17,0,8,2,1.0,1.0,0.0,0.5,0.0,1.0
5,2,2025-02-24,1,9,2,0.0,1.0,0.0,0.5,2.0,0.0
5,2,2025-03-03,0,10,3,1.0,0.0,1.0,0.75,0.0,1.0
5,2,2025-03-10,1,11,3,0.0,1.0,1.0,0.5,2.0,0.0
5,2,2025-03-17,0,12,3,1.0,0.0,0.0,0.5,0.0,0.0
5,2,2025-03-24,0,13,3,0.0,1.0,1.0,0.5,0.0,0.0
5,2,2025-03-31,0,14,3,0.0,0.0,0.0,0.25,0.0,0.0
5,2,2025-04-07,0,15,4,0.0,0.0,1.0,0.25,0.0,0.0
5,2,2025-04-14,0,16,4,0.0,0.0,0.0,0.0,1.0,0.0
5,2,2025-04-21,0,17,4,0.0,0.0,0.0,0.0,1.0,1.0
5,2,2025-04-28,1,18,4,0.0,0.0,0.0,0.0,1.0,0.0
5,2,2025-05-05,0,19,5,1.0,0.0,0.0,0.25,0.0,0.0
5,2,2025-05-12,0,20,5,0.0,1.0,0.0,0.25,0.0,0.0
5,2,2025-05-19,0,21,5,0.0,0.0,0.0,0.25,0.0,0.0
5,2,2025-05-26,0,22,5,0.0,0.0,1.0,0.25,0.0,0.0
5,2,2025-06-02,0,23,6,0.0,0.0,0.0,0.0,1.0,2.0
5,2,2025-06-09,2,24,6,0.0,0.0,0.0,0.0,1.0,0.0
5,2,2025-06-16,0,25,6,2.0,0.0,0.0,0.5,0.0,0.0
5,2,2025-06-23,0,26,6,0.0,2.0,0.0,0.5,0.0,0.0
5,2,2025-06-30,0,27,6,0.0,0.0,0.0,0.5,0.0,2.0
5,2,2025-07-07,2,28,7,0.0,0.0,2.0,0.5,4.0,1.0
5,2,2025-07-14,1,29,7,2.0,0.0,0.0,0.5,2.0,1.0
5,2,2025-07-21,1,30,7,1.0,2.0,0.0,0.75,1.3333333333333333,2.0
5,2,2025-07-28,2,31,7,1.0,1.0,0.0,1.0,2.0,0.0
5,2,2025-08-04,0,32,8,2.0,1.0,2.0,1.5,0.0,0.0
5,2,2025-08-11,0,33,8,0.0,2.0,1.0,1.0,0.0,0.0
5,2,2025-08-18,0,34,8,0.0,0.0,1.0,0.75,0.0,0.0
5,2,2025-08-25,0,35,8,0.0,0.0,2.0,0.5,0.0,0.0
5,2,2025-09-01,0,36,9,0.0,0.0,0.0,0.0,1.0,0.0
5,2,2025-09-08,0,37,9,0.0,0.0,0.0,0.0,1.0,0.0
5,2,2025-09-15,0,38,9,0.0,0.0,0.0,0.0,1.0,0.0
5,2,2025-09-22,0,39,9,0.0,0.0,0.0,0.0,1.0,0.0
5,2,2025-09-29,0,40,9,0.0,0.0,0.0,0.0,1.0,0.0
5,2,2025-10-06,0,41,10,0.0,0.0,0.0,0.0,1.0,0.0
5,2,2025-10-13,0,42,10,0.0,0.0,0.0,0.0,1.0,0.0
5,2,2025-10-20,0,43,10,0.0,0.0,0.0,0.0,1.0,0.0
5,2,2025-10-27,0,44,10,0.0,0.0,0.0,0.0,1.0,1.0
5,2,2025-11-03,1,45,11,0.0,0.0,0.0,0.0,1.0,1.0
5,2,2025-11-10,1,46,11,1.0,0.0,0.0,0.25,4.0,1.0
5,2,2025-11-17,1,47,11,1.0,1.0,0.0,0.5,2.0,0.0
5,2,2025-11-24,0,48,11,1.0,1.0,0.0,0.75,0.0,0.0
5,2,2025-12-01,0,49,12,0.0,1.0,1.0,0.75,0.0,0.0
5,2,2025-12-08,0,50,12,0.0,0.0,1.0,0.5,0.0,0.0
5,2,2025-12-15,0,51,12,0.0,0.0,1.0,0.25,0.0,2.0
5,2,2025-12-22,2,52,12,0.0,0.0,0.0,0.0,1.0,0.0
5,2,2025-12-29,0,1,12,2.0,0.0,0.0,0.5,0.0,0.0
5,2,2026-01-05,0,2,1,0.0,2.0,0.0,0.5,0.0,1.0
5,2,2026-01-12,1,3,1,0.0,0.0,0.0,0.5,2.0,0.0
5,2,2026-01-19,0,4,1,1.0,0.0,2.0,0.75,0.0,0.0
5,2,2026-01-26,0,5,1,0.0,1.0,0.0,0.25,0.0,0.0
5,2,2026-02-02,0,6,2,0.0,0.0,0.0,0.25,0.0,1.0
5,2,2026-02-09,1,7,2,0.0,0.0,1.0,0.25,4.0,0.0
5,2,2026-02-16,0,8,2,1.0,0.0,0.0,0.25,0.0,1.0
5,2,2026-02-23,1,9,2,0.0,1.0,0.0,0.25,4.0,1.0
5,2,2026-03-02,1,10,3,1.0,0.0,0.0,0.5,2.0,0.0
5,2,2026-03-09,0,11,3,1.0,1.0,1.0,0.75,0.0,0.0
5,2,2026-03-16,0,12,3,0.0,1.0,0.0,0.5,0.0,0.0
5,2,2026-03-23,0,13,3,0.0,0.0,1.0,0.5,0.0,0.0
5,2,2026-03-30,0,14,3,0.0,0.0,1.0,0.25,0.0,0.0
5,2,2026-04-06,0,15,4,0.0,0.0,0.0,0.0,1.0,0.0
5,2,2026-04-13,0,16,4,0.0,0.0,0.0,0.0,1.0,0.0
5,2,2026-04-20,0,17,4,0.0,0.0,0.0,0.0,1.0,0.0
5,2,2026-04-27,0,18,4,0.0,0.0,0.0,0.0,1.0,0.0
5,2,2026-05-04,0,19,5,0.0,0.0,0.0,0.0,1.0,0.0
5,2,2026-05-11,0,20,5,0.0,0.0,0.0,0.0,1.0,2.0
5,2,2026-05-18,2,21,5,0.0,0.0,0.0,0.0,1.0,1.0
5,2,2026-05-25,1,22,5,2.0,0.0,0.0,0.5,2.0,0.0
5,2,2026-06-01,0,23,6,1.0,2.0,0.0,0.75,0.0,0.0
5,2,2026-06-08,0,24,6,0.0,1.0,0.0,0.75,0.0,1.0
5,2,2026-06-15,1,25,6,0.0,0.0,2.0,0.75,1.3333333333333333,1.0
5,2,2026-06-22,1,26,6,1.0,0.0,1.0,0.5,2.0,0.0
5,3,2024-01-29,0,5,1,2.0,2.0,0.0,1.0,0.0,1.0
5,3,2024-02-05,1,6,2,0.0,2.0,0.0,1.0,1.0,0.0
5,3,2024-02-12,0,7,2,1.0,0.0,2.0,1.25,0.0,0.0
5,3,2024-02-19,0,8,2,0.0,1.0,2.0,0.75,0.0,1.0
5,3,2024-02-26,1,9,2,0.0,0.0,0.0,0.25,4.0,1.0
5,3,2024-03-04,1,10,3,1.0,0.0,1.0,0.5,2.0,0.0
5,3,2024-03-11,0,11,3,1.0,1.0,0.0,0.5,0.0,0.0
5,3,2024-03-18,0,12,3,0.0,1.0,0.0,0.5,0.0,0.0
5,3,2024-03-25,0,13,3,0.0,0.0,1.0,0.5,0.0,0.0
5,3,2024-04-01,0,14,4,0.0,0.0,1.0,0.25,0.0,2.0
5,3,2024-04-08,2,15,4,0.0,0.0,0.0,0.0,1.0,2.0
5,3,2024-04-15,2,16,4,2.0,0.0,0.0,0.5,4.0,1.0
5,3,2024-04-22,1,17,4,2.0,2.0,0.0,1.0,1.0,1.0
5,3,2024-04-29,1,18,4,1.0,2.0,0.0,1.25,0.8,0.0
5,3,2024-05-06,0,19,5,1.0,1.0,2.0,1.5,0.0,0.0
5,3,2024-05-13,0,20,5,0.0,1.0,2.0,1.0,0.0,0.0
5,3,2024-05-20,0,21,5,0.0,0.0,1.0,0.5,0.0,0.0
5,3,2024-05-27,0,22,5,0.0,0.0,1.0,0.25,0.0,1.0
5,3,2024-06-03,1,23,6,0.0,0.0,0.0,0.0,1.0,0.0
5,3,2024-06-10,0,24,6,1.0,0.0,0.0,0.25,0.0,0.0
5,3,2024-06-17,0,25,6,0.0,1.0,0.0,0.25,0.0,0.0
5,3,2024-06-24,0,26,6,0.0,0.0,0.0,0.25,0.0,1.0
5,3,2024-07-01,1,27,7,0.0,0.0,1.0,0.25,4.0,1.0
5,3,2024-07-08,1,28,7,1.0,0.0,0.0,0.25,4.0,0.0
5,3,2024-07-15,0,29,7,1.0,1.0,0.0,0.5,0.0,0.0
5,3,2024-07-22,0,30,7,0.0,1.0,0.0,0.5,0.0,1.0
5,3,2024-07-29,1,31,7,0.0,0.0,1.0,0.5,2.0,2.0
5,3,2024-08-05,2,32,8,1.0,0.0,1.0,0.5,4.0,0.0
5,3,2024-08-12,0,33,8,2.0,1.0,0.0,0.75,0.0,2.0
5,3,2024-08-19,2,34,8,0.0,2.0,0.0,0.75,2.6666666666666665,0.0
5,3,2024-08-26,0,35,8,2.0,0.0,1.0,1.25,0.0,0.0
5,3,2024-09-02,0,36,9,0.0,2.0,2.0,1.0,0.0,0.0
5,3,2024-09-09,0,37,9,0.0,0.0,0.0,0.5,0.0,2.0
5,3,2024-09-16,2,38,9,0.0,0.0,2.0,0.5,4.0,0.0
5,3,2024-09-23,0,39,9,2.0,0.0,0.0,0.5,0.0,0.0
5,3,2024-09-30,0,40,9,0.0,2.0,0.0,0.5,0.0,0.0
5,3,2024-10-07,0,41,10,0.0,0.0,0.0,0.5,0.0,0.0
5,3,2024-10-14,0,42,10,0.0,0.0,2.0,0.5,0.0,1.0
5,3,2024-10-21,1,43,10,0.0,0.0,0.0,0.0,1.0,0.0
5,3,2024-10-28,0,44,10,1.0,0.0,0.0,0.25,0.0,0.0
5,3,2024-11-04,0,45,11,0.0,1.0,0.0,0.25,0.0,0.0
5,3,2024-11-11,0,46,11,0.0,0.0,0.0,0.25,0.0,0.0
5,3,2024-11-18,0,47,11,0.0,0.0,1.0,0.25,0.0,0.0
5,3,2024-11-25,0,48,11,0.0,0.0,0.0,0.0,1.0,0.0
5,3,2024-12-02,0,49,12,0.0,0.0,0.0,0.0,1.0,3.0
5,3,2024-12-09,3,50,12,0.0,0.0,0.0,0.0,1.0,2.0
5,3,2024-12-16,2,51,12,3.0,0.0,0.0,0.75,2.6666666666666665,0.0
5,3,2024-12-23,0,52,12,2.0,3.0,0.0,1.25,0.0,0.0
5,3,2024-12-30,0,1,12,0.0,2.0,0.0,1.25,0.0,1.0
5,3,2025-01-06,1,2,1,0.0,0.0,3.0,1.25,0.8,0.0
5,3,2025-01-13,0,3,1,1.0,0.0,2.0,0.75,0.0,1.0
5,3,2025-01-20,1,4,1,0.0,1.0,0.0,0.25,4.0,1.0
5,3,2025-01-27,1,5,1,1.0,0.0,0.0,0.5,2.0,0.0
5,3,2025-02-03,0,6,2,1.0,1.0,1.0,0.75,0.0,0.0
5,3,2025-02-10,0,7,2,0.0,1.0,0.0,0.5,0.0,1.0
5,3,2025-02-17,1,8,2,0.0,0.0,1.0,0.5,2.0,1.0
5,3,2025-02-24,1,9,2,1.0,0.0,1.0,0.5,2.0,1.0
5,3,2025-03-03,1,10,3,1.0,1.0,0.0,0.5,2.0,0.0
5,3,2025-03-10,0,11,3,1.0,1.0,0.0,0.75,0.0,0.0
5,3,2025-03-17,0,12,3,0.0,1.0,1.0,0.75,0.0,0.0
5,3,2025-03-24,0,13,3,0.0,0.0,1.0,0.5,0.0,0.0
5,3,2025-03-31,0,14,3,0.0,0.0,1.0,0.25,0.0,0.0
5,3,2025-04-07,0,15,4,0.0,0.0,0.0,0.0,1.0,2.0
5,3,2025-04-14,2,16,4,0.0,0.0,0.0,0.0,1.0,0.0
5,3,2025-04-21,0,17,4,2.0,0.0,0.0,0.5,0.0,0.0
5,3,2025-04-28,0,18,4,0.0,2.0,0.0,0.5,0.0,1.0
5,3,2025-05-05,1,19,5,0.0,0.0,0.0,0.5,2.0,0.0
5,3,2025-05-12,0,20,5,1.0,0.0,2.0,0.75,0.0,1.0
5,3,2025-05-19,1,21,5,0.0,1.0,0.0,0.25,4.0,0.0
5,3,2025-05-26,0,22,5,1.0,0.0,0.0,0.5,0.0,1.0
5,3,2025-06-02,1,23,6,0.0,1.0,1.0,0.5,2.0,1.0
5,3,2025-06-09,1,24,6,1.0,0.0,0.0,0.5,2.0,0.0
5,3,2025-06-16,0,25,6,1.0,1.0,1.0,0.75,0.0,1.0
5,3,2025-06-23,1,26,6,0.0,1.0,0.0,0.5,2.0,1.0
5,3,2025-06-30,1,27,6,1.0,0.0,1.0,0.75,1.3333333333333333,0.0
5,3,2025-07-07,0,28,7,1.0,1.0,1.0,0.75,0.0,0.0
5,3,2025-07-14,0,29,7,0.0,1.0,0.0,0.5,0.0,0.0
5,3,2025-07-21,0,30,7,0.0,0.0,1.0,0.5,0.0,0.0
5,3,2025-07-28,0,31,7,0.0,0.0,1.0,0.25,0.0,0.0
5,3,2025-08-04,0,32,8,0.0,0.0,0.0,0.0,1.0,0.0
5,3,2025-08-11,0,33,8,0.0,0.0,0.0,0.0,1.0,1.0
5,3,2025-08-18,1,34,8,0.0,0.0,0.0,0.0,1.0,1.0
5,3,2025-08-25,1,35,8,1.0,0.0,0.0,0.25,4.0,0.0
5,3,2025-09-01,0,36,9,1.0,1.0,0.0,0.5,0.0,1.0
5,3,2025-09-08,1,37,9,0.0,1.0,0.0,0.5,2.0,1.0
5,3,2025-09-15,1,38,9,1.0,0.0,1.0,0.75,1.3333333333333333,0.0
5,3,2025-09-22,0,39,9,1.0,1.0,1.0,0.75,0.0,0.0
5,3,2025-09-29,0,40,9,0.0,1.0,0.0,0.5,0.0,2.0
5,3,2025-10-06,2,41,10,0.0,0.0,1.0,0.5,4.0,0.0
5,3,2025-10-13,0,42,10,2.0,0.0,1.0,0.75,0.0,0.0
5,3,2025-10-20,0,43,10,0.0,2.0,0.0,0.5,0.0,0.0
5,3,2025-10-27,0,44,10,0.0,0.0,0.0,0.5,0.0,0.0
5,3,2025-11-03,0,45,11,0.0,0.0,2.0,0.5,0.0,0.0
5,3,2025-11-10,0,46,11,0.0,0.0,0.0,0.0,1.0,1.0
5,3,2025-11-17,1,47,11,0.0,0.0,0.0,0.0,1.0,0.0
5,3,2025-11-24,0,48,11,1.0,0.0,0.0,0.25,0.0,1.0
5,3,2025-12-01,1,49,12,0.0,1.0,0.0,0.25,4.0,0.0
5,3,2025-12-08,0,50,12,1.0,0.0,0.0,0.5,0.0,1.0
5,3,2025-12-15,1,51,12,0.0,1.0,1.0,0.5,2.0,0.0
5,3,2025-12-22,0,52,12,1.0,0.0,0.0,0.5,0.0,0.0
5,3,2025-12-29,0,1,12,0.0,1.0,1.0,0.5,0.0,0.0
5,3,2026-01-05,0,2,1,0.0,0.0,0.0,0.25,0.0,0.0
5,3,2026-01-12,0,3,1,0.0,0.0,1.0,0.25,0.0,1.0
5,3,2026-01-19,1,4,1,0.0,0.0,0.0,0.0,1.0,1.0
5,3,2026-01-26,1,5,1,1.0,0.0,0.0,0.25,4.0,0.0
5,3,2026-02-02,0,6,2,1.0,1.0,0.0,0.5,0.0,0.0
5,3,2026-02-09,0,7,2,0.0,1.0,0.0,0.5,0.0,0.0
5,3,2026-02-16,0,8,2,0.0,0.0,1.0,0.5,0.0,0.0
5,3,2026-02-23,0,9,2,0.0,0.0,1.0,0.25,0.0,0.0
5,3,2026-03-02,0,10,3,0.0,0.0,0.0,0.0,1.0,1.0
5,3,2026-03-09,1,11,3,0.0,0.0,0.0,0.0,1.0,0.0
5,3,2026-03-16,0,12,3,1.0,0.0,0.0,0.25,0.0,1.0
5,3,2026-03-23,1,13,3,0.0,1.0,0.0,0.25,4.0,2.0
5,3,2026-03-30,2,14,3,1.0,0.0,0.0,0.5,4.0,0.0
5,3,2026-04-06,0,15,4,2.0,1.0,1.0,1.0,0.0,0.0
5,3,2026-04-13,0,16,4,0.0,2.0,0.0,0.75,0.0,1.0
5,3,2026-04-20,1,17,4,0.0,0.0,1.0,0.75,1.3333333333333333,0.0
5,3,2026-04-27,0,18,4,1.0,0.0,2.0,0.75,0.0,0.0
5,3,2026-05-04,0,19,5,0.0,1.0,0.0,0.25,0.0,1.0
5,3,2026-05-11,1,20,5,0.0,0.0,0.0,0.25,4.0,0.0
5,3,2026-05-18,0,21,5,1.0,0.0,1.0,0.5,0.0,2.0
5,3,2026-05-25,2,22,5,0.0,1.0,0.0,0.25,8.0,0.0
5,3,2026-06-01,0,23,6,2.0,0.0,0.0,0.75,0.0,0.0
5,3,2026-06-08,0,24,6,0.0,2.0,1.0,0.75,0.0,1.0
5,3,2026-06-15,1,25,6,0.0,0.0,0.0,0.5,2.0,0.0
5,3,2026-06-22,0,26,6,1.0,0.0,2.0,0.75,0.0,0.0
5,4,2024-01-29,1,5,1,1.0,0.0,1.0,0.75,1.3333333333333333,0.0
5,4,2024-02-05,0,6,2,1.0,1.0,1.0,0.75,0.0,0.0
5,4,2024-02-12,0,7,2,0.0,1.0,0.0,0.5,0.0,1.0
5,4,2024-02-19,1,8,2,0.0,0.0,1.0,0.5,2.0,2.0
5,4,2024-02-26,2,9,2,1.0,0.0,1.0,0.5,4.0,0.0
5,4,2024-03-04,0,10,3,2.0,1.0,0.0,0.75,0.0,1.0
5,4,2024-03-11,1,11,3,0.0,2.0,0.0,0.75,1.3333333333333333,4.0
5,4,2024-03-18,4,12,3,1.0,0.0,1.0,1.0,4.0,1.0
5,4,2024-03-25,1,13,3,4.0,1.0,2.0,1.75,0.5714285714285714,1.0
5,4,2024-04-01,1,14,4,1.0,4.0,0.0,1.5,0.6666666666666666,0.0
5,4,2024-04-08,0,15,4,1.0,1.0,1.0,1.75,0.0,0.0
5,4,2024-04-15,0,16,4,0.0,1.0,4.0,1.5,0.0,0.0
5,4,2024-04-22,0,17,4,0.0,0.0,1.0,0.5,0.0,0.0
5,4,2024-04-29,0,18,4,0.0,0.0,1.0,0.25,0.0,0.0
5,4,2024-05-06,0,19,5,0.0,0.0,0.0,0.0,1.0,2.0
5,4,2024-05-13,2,20,5,0.0,0.0,0.0,0.0,1.0,1.0
5,4,2024-05-20,1,21,5,2.0,0.0,0.0,0.5,2.0,0.0
5,4,2024-05-27,0,22,5,1.0,2.0,0.0,0.75,0.0,0.0
5,4,2024-06-03,0,23,6,0.0,1.0,0.0,0.75,0.0,1.0
5,4,2024-06-10,1,24,6,0.0,0.0,2.0,0.75,1.3333333333333333,1.0
5,4,2024-06-17,1,25,6,1.0,0.0,1.0,0.5,2.0,1.0
5,4,2024-06-24,1,26,6,1.0,1.0,0.0,0.5,2.0,0.0
5,4,2024-07-01,0,27,7,1.0,1.0,0.0,0.75,0.0,0.0
5,4,2024-07-08,0,28,7,0.0,1.0,1.0,0.75,0.0,0.0
5,4,2024-07-15,0,29,7,0.0,0.0,1.0,0.5,0.0,2.0
5,4,2024-07-22,2,30,7,0.0,0.0,1.0,0.25,8.0,0.0
5,4,2024-07-29,0,31,7,2.0,0.0,0.0,0.5,0.0,0.0
5,4,2024-08-05,0,32,8,0.0,2.0,0.0,0.5,0.0,0.0
5,4,2024-08-12,0,33,8,0.0,0.0,0.0,0.5,0.0,2.0
5,4,2024-08-19,2,34,8,0.0,0.0,2.0,0.5,4.0,1.0
5,4,2024-08-26,1,35,8,2.0,0.0,0.0,0.5,2.0,1.0
5,4,2024-09-02,1,36,9,1.0,2.0,0.0,0.75,1.3333333333333333,0.0
5,4,2024-09-09,0,37,9,1.0,1.0,0.0,1.0,0.0,0.0
5,4,2024-09-16,0,38,9,0.0,1.0,2.0,1.0,0.0,1.0
5,4,2024-09-23,1,39,9,0.0,0.0,1.0,0.5,2.0,0.0
5,4,2024-09-30,0,40,9,1.0,0.0,1.0,0.5,0.0,1.0
5,4,2024-10-07,1,41,10,0.0,1.0,0.0,0.25,4.0,0.0
5,4,2024-10-14,0,42,10,1.0,0.0,0.0,0.5,0.0,0.0
5,4,2024-10-21,0,43,10,0.0,1.0,1.0,0.5,0.0,0.0
5,4,2024-10-28,0,44,10,0.0,0.0,0.0,0.25,0.0,0.0
5,4,2024-11-04,0,45,11,0.0,0.0,1.0,0.25,0.0,0.0
5,4,2024-11-11,0,46,11,0.0,0.0,0.0,0.0,1.0,0.0
5,4,2024-11-18,0,47,11,0.0,0.0,0.0,0.0,1.0,1.0
5,4,2024-11-25,1,48,11,0.0,0.0,0.0,0.0,1.0,0.0
5,4,2024-12-02,0,49,12,1.0,0.0,0.0,0.25,0.0,1.0
5,4,2024-12-09,1,50,12,0.0,1.0,0.0,0.25,4.0,1.0
5,4,2024-12-16,1,51,12,1.0,0.0,0.0,0.5,2.0,0.0
5,4,2024-12-23,0,52,12,1.0,1.0,1.0,0.75,0.0,1.0
5,4,2024-12-30,1,1,12,0.0,1.0,0.0,0.5,2.0,1.0
5,4,2025-01-06,1,2,1,1.0,0.0,1.0,0.75,1.3333333333333333,0.0
5,4,2025-01-13,0,3,1,1.0,1.0,1.0,0.75,0.0,0.0
5,4,2025-01-20,0,4,1,0.0,1.0,0.0,0.5,0.0,0.0
5,4,2025-01-27,0,5,1,0.0,0.0,1.0,0.5,0.0,3.0
5,4,2025-02-03,3,6,2,0.0,0.0,1.0,0.25,12.0,0.0
5,4,2025-02-10,0,7,2,3.0,0.0,0.0,0.75,0.0,0.0
5,4,2025-02-17,0,8,2,0.0,3.0,0.0,0.75,0.0,1.0
5,4,2025-02-24,1,9,2,0.0,0.0,0.0,0.75,1.3333333333333333,1.0
5,4,2025-03-03,1,10,3,1.0,0.0,3.0,1.0,1.0,0.0
5,4,2025-03-10,0,11,3,1.0,1.0,0.0,0.5,0.0,0.0
5,4,2025-03-17,0,12,3,0.0,1.0,0.0,0.5,0.0,1.0
5,4,2025-03-24,1,13,3,0.0,0.0,1.0,0.5,2.0,0.0
5,4,2025-03-31,0,14,3,1.0,0.0,1.0,0.5,0.0,0.0
5,4,2025-04-07,0,15,4,0.0,1.0,0.0,0.25,0.0,0.0
5,4,2025-04-14,0,16,4,0.0,0.0,0.0,0.25,0.0,0.0
5,4,2025-04-21,0,17,4,0.0,0.0,1.0,0.25,0.0,1.0
5,4,2025-04-28,1,18,4,0.0,0.0,0.0,0.0,1.0,0.0
5,4,2025-05-05,0,19,5,1.0,0.0,0.0,0.25,0.0,0.0
5,4,2025-05-12,0,20,5,0.0,1.0,0.0,0.25,0.0,0.0
5,4,2025-05-19,0,21,5,0.0,0.0,0.0,0.25,0.0,0.0
5,4,2025-05-26,0,22,5,0.0,0.0,1.0,0.25,0.0,1.0
5,4,2025-06-02,1,23,6,0.0,0.0,0.0,0.0,1.0,1.0
5,4,2025-06-09,1,24,6,1.0,0.0,0.0,0.25,4.0,0.0
5,4,2025-06-16,0,25,6,1.0,1.0,0.0,0.5,0.0,0.0
5,4,2025-06-23,0,26,6,0.0,1.0,0.0,0.5,0.0,0.0
5,4,2025-06-30,0,27,6,0.0,0.0,1.0,0.5,0.0,1.0
5,4,2025-07-07,1,28,7,0.0,0.0,1.0,0.25,4.0,0.0
5,4,2025-07-14,0,29,7,1.0,0.0,0.0,0.25,0.0,3.0
5,4,2025-07-21,3,30,7,0.0,1.0,0.0,0.25,12.0,0.0
5,4,2025-07-28,0,31,7,3.0,0.0,0.0,1.0,0.0,0.0
5,4,2025-08-04,0,32,8,0.0,3.0,1.0,1.0,0.0,0.0
5,4,2025-08-11,0,33,8,0.0,0.0,0.0,0.75,0.0,1.0
5,4,2025-08-18,1,34,8,0.0,0.0,3.0,0.75,1.3333333333333333,0.0
5,4,2025-08-25,0,35,8,1.0,0.0,0.0,0.25,0.0,1.0
5,4,2025-09-01,1,36,9,0.0,1.0,0.0,0.25,4.0,0.0
5,4,2025-09-08,0,37,9,1.0,0.0,0.0,0.5,0.0,1.0
5,4,2025-09-15,1,38,9,0.0,1.0,1.0,0.5,2.0,0.0
5,4,2025-09-22,0,39,9,1.0,0.0,0.0,0.5,0.0,0.0
5,4,2025-09-29,0,40,9,0.0,1.0,1.0,0.5,0.0,0.0
5,4,2025-10-06,0,41,10,0.0,0.0,0.0,0.25,0.0,0.0
5,4,2025-10-13,0,42,10,0.0,0.0,1.0,0.25,0.0,3.0
5,4,2025-10-20,3,43,10,0.0,0.0,0.0,0.0,1.0,0.0
5,4,2025-10-27,0,44,10,3.0,0.0,0.0,0.75,0.0,0.0
5,4,2025-11-03,0,45,11,0.0,3.0,0.0,0.75,0.0,0.0
5,4,2025-11-10,0,46,11,0.0,0.0,0.0,0.75,0.0,0.0
5,4,2025-11-17,0,47,11,0.0,0.0,3.0,0.75,0.0,0.0
5,4,2025-11-24,0,48,11,0.0,0.0,0.0,0.0,1.0,0.0
5,4,2025-12-01,0,49,12,0.0,0.0,0.0,0.0,1.0,1.0
5,4,2025-12-08,1,50,12,0.0,0.0,0.0,0.0,1.0,0.0
5,4,2025-12-15,0,51,12,1.0,0.0,0.0,0.25,0.0,1.0
5,4,2025-12-22,1,52,12,0.0,1.0,0.0,0.25,4.0,0.0
5,4,2025-12-29,0,1,12,1.0,0.0,0.0,0.5,0.0,0.0
5,4,2026-01-05,0,2,1,0.0,1.0,1.0,0.5,0.0,0.0
5,4,2026-01-12,0,3,1,0.0,0.0,0.0,0.25,0.0,1.0
5,4,2026-01-19,1,4,1,0.0,0.0,1.0,0.25,4.0,0.0
5,4,2026-01-26,0,5,1,1.0,0.0,0.0,0.25,0.0,1.0
5,4,2026-02-02,1,6,2,0.0,1.0,0.0,0.25,4.0,0.0
5,4,2026-02-09,0,7,2,1.0,0.0,0.0,0.5,0.0,1.0
5,4,2026-02-16,1,8,2,0.0,1.0,1.0,0.5,2.0,0.0
5,4,2026-02-23,0,9,2,1.0,0.0,0.0,0.5,0.0,0.0
5,4,2026-03-02,0,10,3,0.0,1.0,1.0,0.5,0.0,1.0
5,4,2026-03-09,1,11,3,0.0,0.0,0.0,0.25,4.0,0.0
5,4,2026-03-16,0,12,3,1.0,0.0,1.0,0.5,0.0,1.0
5,4,2026-03-23,1,13,3,0.0,1.0,0.0,0.25,4.0,1.0
5,4,2026-03-30,1,14,3,1.0,0.0,0.0,0.5,2.0,0.0
5,4,2026-04-06,0,15,4,1.0,1.0,1.0,0.75,0.0,0.0
5,4,2026-04-13,0,16,4,0.0,1.0,0.0,0.5,0.0,0.0
5,4,2026-04-20,0,17,4,0.0,0.0,1.0,0.5,0.0,0.0
5,4,2026-04-27,0,18,4,0.0,0.0,1.0,0.25,0.0,0.0
5,4,2026-05-04,0,19,5,0.0,0.0,0.0,0.0,1.0,0.0
5,4,2026-05-11,0,20,5,0.0,0.0,0.0,0.0,1.0,0.0
5,4,2026-05-18,0,21,5,0.0,0.0,0.0,0.0,1.0,0.0
5,4,2026-05-25,0,22,5,0.0,0.0,0.0,0.0,1.0,0.0
5,4,2026-06-01,0,23,6,0.0,0.0,0.0,0.0,1.0,0.0
5,4,2026-06-08,0,24,6,0.0,0.0,0.0,0.0,1.0,1.0
5,4,2026-06-15,1,25,6,0.0,0.0,0.0,0.0,1.0,0.0
5,4,2026-06-22,0,26,6,1.0,0.0,0.0,0.25,0.0,0.0
5,5,2024-01-29,0,5,1,0.0,0.0,0.0,0.5,0.0,0.0
5,5,2024-02-05,0,6,2,0.0,0.0,2.0,0.5,0.0,2.0
5,5,2024-02-12,2,7,2,0.0,0.0,0.0,0.0,1.0,1.0
5,5,2024-02-19,1,8,2,2.0,0.0,0.0,0.5,2.0,0.0
5,5,2024-02-26,0,9,2,1.0,2.0,0.0,0.75,0.0,1.0
5,5,2024-03-04,1,10,3,0.0,1.0,0.0,0.75,1.3333333333333333,0.0
5,5,2024-03-11,0,11,3,1.0,0.0,2.0,1.0,0.0,1.0
5,5,2024-03-18,1,12,3,0.0,1.0,1.0,0.5,2.0,1.0
5,5,2024-03-25,1,13,3,1.0,0.0,0.0,0.5,2.0,1.0
5,5,2024-04-01,1,14,4,1.0,1.0,1.0,0.75,1.3333333333333333,1.0
5,5,2024-04-08,1,15,4,1.0,1.0,0.0,0.75,1.3333333333333333,0.0
5,5,2024-04-15,0,16,4,1.0,1.0,1.0,1.0,0.0,1.0
5,5,2024-04-22,1,17,4,0.0,1.0,1.0,0.75,1.3333333333333333,0.0
5,5,2024-04-29,0,18,4,1.0,0.0,1.0,0.75,0.0,1.0
5,5,2024-05-06,1,19,5,0.0,1.0,1.0,0.5,2.0,1.0
5,5,2024-05-13,1,20,5,1.0,0.0,0.0,0.5,2.0,0.0
5,5,2024-05-20,0,21,5,1.0,1.0,1.0,0.75,0.0,2.0
5,5,2024-05-27,2,22,5,0.0,1.0,0.0,0.5,4.0,1.0
5,5,2024-06-03,1,23,6,2.0,0.0,1.0,1.0,1.0,0.0
5,5,2024-06-10,0,24,6,1.0,2.0,1.0,1.0,0.0,0.0
5,5,2024-06-17,0,25,6,0.0,1.0,0.0,0.75,0.0,0.0
5,5,2024-06-24,0,26,6,0.0,0.0,2.0,0.75,0.0,0.0
5,5,2024-07-01,0,27,7,0.0,0.0,1.0,0.25,0.0,0.0
5,5,2024-07-08,0,28,7,0.0,0.0,0.0,0.0,1.0,1.0
5,5,2024-07-15,1,29,7,0.0,0.0,0.0,0.0,1.0,0.0
5,5,2024-07-22,0,30,7,1.0,0.0,0.0,0.25,0.0,0.0
5,5,2024-07-29,0,31,7,0.0,1.0,0.0,0.25,0.0,0.0
5,5,2024-08-05,0,32,8,0.0,0.0,0.0,0.25,0.0,0.0
5,5,2024-08-12,0,33,8,0.0,0.0,1.0,0.25,0.0,2.0
5,5,2024-08-19,2,34,8,0.0,0.0,0.0,0.0,1.0,0.0
5,5,2024-08-26,0,35,8,2.0,0.0,0.0,0.5,0.0,0.0
5,5,2024-09-02,0,36,9,0.0,2.0,0.0,0.5,0.0,0.0
5,5,2024-09-09,0,37,9,0.0,0.0,0.0,0.5,0.0,0.0
5,5,2024-09-16,0,38,9,0.0,0.0,2.0,0.5,0.0,0.0
5,5,2024-09-23,0,39,9,0.0,0.0,0.0,0.0,1.0,0.0
5,5,2024-09-30,0,40,9,0.0,0.0,0.0,0.0,1.0,1.0
5,5,2024-10-07,1,41,10,0.0,0.0,0.0,0.0,1.0,1.0
5,5,2024-10-14,1,42,10,1.0,0.0,0.0,0.25,4.0,1.0
5,5,2024-10-21,1,43,10,1.0,1.0,0.0,0.5,2.0,1.0
5,5,2024-10-28,1,44,10,1.0,1.0,0.0,0.75,1.3333333333333333,0.0
5,5,2024-11-04,0,45,11,1.0,1.0,1.0,1.0,0.0,1.0
5,5,2024-11-11,1,46,11,0.0,1.0,1.0,0.75,1.3333333333333333,0.0
5,5,2024-11-18,0,47,11,1.0,0.0,1.0,0.75,0.0,1.0
5,5,2024-11-25,1,48,11,0.0,1.0,1.0,0.5,2.0,0.0
5,5,2024-12-02,0,49,12,1.0,0.0,0.0,0.5,0.0,0.0
5,5,2024-12-09,0,50,12,0.0,1.0,1.0,0.5,0.0,0.0
5,5,2024-12-16,0,51,12,0.0,0.0,0.0,0.25,0.0,0.0
5,5,2024-12-23,0,52,12,0.0,0.0,1.0,0.25,0.0,0.0
5,5,2024-12-30,0,1,12,0.0,0.0,0.0,0.0,1.0,2.0
5,5,2025-01-06,2,2,1,0.0,0.0,0.0,0.0,1.0,0.0
5,5,2025-01-13,0,3,1,2.0,0.0,0.0,0.5,0.0,1.0
5,5,2025-01-20,1,4,1,0.0,2.0,0.0,0.5,2.0,0.0
5,5,2025-01-27,0,5,1,1.0,0.0,0.0,0.75,0.0,0.0
5,5,2025-02-03,0,6,2,0.0,1.0,2.0,0.75,0.0,0.0
5,5,2025-02-10,0,7,2,0.0,0.0,0.0,0.25,0.0,1.0
5,5,2025-02-17,1,8,2,0.0,0.0,1.0,0.25,4.0,0.0
5,5,2025-02-24,0,9,2,1.0,0.0,0.0,0.25,0.0,1.0
5,5,2025-03-03,1,10,3,0.0,1.0,0.0,0.25,4.0,0.0
5,5,2025-03-10,0,11,3,1.0,0.0,0.0,0.5,0.0,0.0
5,5,2025-03-17,0,12,3,0.0,1.0,1.0,0.5,0.0,1.0
5,5,2025-03-24,1,13,3,0.0,0.0,0.0,0.25,4.0,1.0
5,5,2025-03-31,1,14,3,1.0,0.0,1.0,0.5,2.0,1.0
5,5,2025-04-07,1,15,4,1.0,1.0,0.0,0.5,2.0,1.0
5,5,2025-04-14,1,16,4,1.0,1.0,0.0,0.75,1.3333333333333333,0.0
5,5,2025-04-21,0,17,4,1.0,1.0,1.0,1.0,0.0,1.0
5,5,2025-04-28,1,18,4,0.0,1.0,1.0,0.75,1.3333333333333333,1.0
5,5,2025-05-05,1,19,5,1.0,0.0,1.0,0.75,1.3333333333333333,0.0
5,5,2025-05-12,0,20,5,1.0,1.0,1.0,0.75,0.0,0.0
5,5,2025-05-19,0,21,5,0.0,1.0,0.0,0.5,0.0,0.0
5,5,2025-05-26,0,22,5,0.0,0.0,1.0,0.5,0.0,3.0
5,5,2025-06-02,3,23,6,0.0,0.0,1.0,0.25,12.0,0.0
5,5,2025-06-09,0,24,6,3.0,0.0,0.0,0.75,0.0,0.0
5,5,2025-06-16,0,25,6,0.0,3.0,0.0,0.75,0.0,0.0
5,5,2025-06-23,0,26,6,0.0,0.0,0.0,0.75,0.0,0.0
5,5,2025-06-30,0,27,6,0.0,0.0,3.0,0.75,0.0,1.0
5,5,2025-07-07,1,28,7,0.0,0.0,0.0,0.0,1.0,0.0
5,5,2025-07-14,0,29,7,1.0,0.0,0.0,0.25,0.0,0.0
5,5,2025-07-21,0,30,7,0.0,1.0,0.0,0.25,0.0,0.0
5,5,2025-07-28,0,31,7,0.0,0.0,0.0,0.25,0.0,0.0
5,5,2025-08-04,0,32,8,0.0,0.0,1.0,0.25,0.0,0.0
5,5,2025-08-11,0,33,8,0.0,0.0,0.0,0.0,1.0,0.0
5,5,2025-08-18,0,34,8,0.0,0.0,0.0,0.0,1.0,0.0
5,5,2025-08-25,0,35,8,0.0,0.0,0.0,0.0,1.0,0.0
5,5,2025-09-01,0,36,9,0.0,0.0,0.0,0.0,1.0,1.0
5,5,2025-09-08,1,37,9,0.0,0.0,0.0,0.0,1.0,0.0
5,5,2025-09-15,0,38,9,1.0,0.0,0.0,0.25,0.0,0.0
5,5,2025-09-22,0,39,9,0.0,1.0,0.0,0.25,0.0,0.0
5,5,2025-09-29,0,40,9,0.0,0.0,0.0,0.25,0.0,1.0
5,5,2025-10-06,1,41,10,0.0,0.0,1.0,0.25,4.0,0.0
5,5,2025-10-13,0,42,10,1.0,0.0,0.0,0.25,0.0,1.0
5,5,2025-10-20,1,43,10,0.0,1.0,0.0,0.25,4.0,1.0
5,5,2025-10-27,1,44,10,1.0,0.0,0.0,0.5,2.0,0.0
5,5,2025-11-03,0,45,11,1.0,1.0,1.0,0.75,0.0,1.0
5,5,2025-11-10,1,46,11,0.0,1.0,0.0,0.5,2.0,0.0
5,5,2025-11-17,0,47,11,1.0,0.0,1.0,0.75,0.0,1.0
5,5,2025-11-24,1,48,11,0.0,1.0,1.0,0.5,2.0,1.0
5,5,2025-12-01,1,49,12,1.0,0.0,0.0,0.5,2.0,0.0
5,5,2025-12-08,0,50,12,1.0,1.0,1.0,0.75,0.0,0.0
5,5,2025-12-15,0,51,12,0.0,1.0,0.0,0.5,0.0,0.0
5,5,2025-12-22,0,52,12,0.0,0.0,1.0,0.5,0.0,0.0
5,5,2025-12-29,0,1,12,0.0,0.0,1.0,0.25,0.0,1.0
5,5,2026-01-05,1,2,1,0.0,0.0,0.0,0.0,1.0,0.0
5,5,2026-01-12,0,3,1,1.0,0.0,0.0,0.25,0.0,0.0
5,5,2026-01-19,0,4,1,0.0,1.0,0.0,0.25,0.0,1.0
5,5,2026-01-26,1,5,1,0.0,0.0,0.0,0.25,4.0,0.0
5,5,2026-02-02,0,6,2,1.0,0.0,1.0,0.5,0.0,0.0
5,5,2026-02-09,0,7,2,0.0,1.0,0.0,0.25,0.0,0.0
5,5,2026-02-16,0,8,2,0.0,0.0,0.0,0.25,0.0,0.0
5,5,2026-02-23,0,9,2,0.0,0.0,1.0,0.25,0.0,0.0
5,5,2026-03-02,0,10,3,0.0,0.0,0.0,0.0,1.0,1.0
5,5,2026-03-09,1,11,3,0.0,0.0,0.0,0.0,1.0,1.0
5,5,2026-03-16,1,12,3,1.0,0.0,0.0,0.25,4.0,0.0
5,5,2026-03-23,0,13,3,1.0,1.0,0.0,0.5,0.0,1.0
5,5,2026-03-30,1,14,3,0.0,1.0,0.0,0.5,2.0,0.0
5,5,2026-04-06,0,15,4,1.0,0.0,1.0,0.75,0.0,0.0
5,5,2026-04-13,0,16,4,0.0,1.0,1.0,0.5,0.0,1.0
5,5,2026-04-20,1,17,4,0.0,0.0,0.0,0.25,4.0,0.0
5,5,2026-04-27,0,18,4,1.0,0.0,1.0,0.5,0.0,1.0
5,5,2026-05-04,1,19,5,0.0,1.0,0.0,0.25,4.0,1.0
5,5,2026-05-11,1,20,5,1.0,0.0,0.0,0.5,2.0,0.0
5,5,2026-05-18,0,21,5,1.0,1.0,1.0,0.75,0.0,2.0
5,5,2026-05-25,2,22,5,0.0,1.0,0.0,0.5,4.0,0.0
5,5,2026-06-01,0,23,6,2.0,0.0,1.0,1.0,0.0,0.0
5,5,2026-06-08,0,24,6,0.0,2.0,1.0,0.75,0.0,0.0
5,5,2026-06-15,0,25,6,0.0,0.0,0.0,0.5,0.0,0.0
5,5,2026-06-22,0,26,6,0.0,0.0,2.0,0.5,0.0,0.0
5,6,2024-01-29,0,5,1,2.0,0.0,0.0,0.5,0.0,1.0
5,6,2024-02-05,1,6,2,0.0,2.0,0.0,0.5,2.0,1.0
5,6,2024-02-12,1,7,2,1.0,0.0,0.0,0.75,1.3333333333333333,0.0
5,6,2024-02-19,0,8,2,1.0,1.0,2.0,1.0,0.0,0.0
5,6,2024-02-26,0,9,2,0.0,1.0,0.0,0.5,0.0,1.0
5,6,2024-03-04,1,10,3,0.0,0.0,1.0,0.5,2.0,0.0
5,6,2024-03-11,0,11,3,1.0,0.0,1.0,0.5,0.0,2.0
5,6,2024-03-18,2,12,3,0.0,1.0,0.0,0.25,8.0,0.0
5,6,2024-03-25,0,13,3,2.0,0.0,0.0,0.75,0.0,0.0
5,6,2024-04-01,0,14,4,0.0,2.0,1.0,0.75,0.0,0.0
5,6,2024-04-08,0,15,4,0.0,0.0,0.0,0.5,0.0,0.0
5,6,2024-04-15,0,16,4,0.0,0.0,2.0,0.5,0.0,0.0
5,6,2024-04-22,0,17,4,0.0,0.0,0.0,0.0,1.0,0.0
5,6,2024-04-29,0,18,4,0.0,0.0,0.0,0.0,1.0,0.0
5,6,2024-05-06,0,19,5,0.0,0.0,0.0,0.0,1.0,0.0
5,6,2024-05-13,0,20,5,0.0,0.0,0.0,0.0,1.0,0.0
5,6,2024-05-20,0,21,5,0.0,0.0,0.0,0.0,1.0,0.0
5,6,2024-05-27,0,22,5,0.0,0.0,0.0,0.0,1.0,0.0
5,6,2024-06-03,0,23,6,0.0,0.0,0.0,0.0,1.0,1.0
5,6,2024-06-10,1,24,6,0.0,0.0,0.0,0.0,1.0,0.0
5,6,2024-06-17,0,25,6,1.0,0.0,0.0,0.25,0.0,0.0
5,6,2024-06-24,0,26,6,0.0,1.0,0.0,0.25,0.0,0.0
5,6,2024-07-01,0,27,7,0.0,0.0,0.0,0.25,0.0,1.0
5,6,2024-07-08,1,28,7,0.0,0.0,1.0,0.25,4.0,0.0
5,6,2024-07-15,0,29,7,1.0,0.0,0.0,0.25,0.0,1.0
5,6,2024-07-22,1,30,7,0.0,1.0,0.0,0.25,4.0,1.0
5,6,2024-07-29,1,31,7,1.0,0.0,0.0,0.5,2.0,0.0
5,6,2024-08-05,0,32,8,1.0,1.0,1.0,0.75,0.0,1.0
5,6,2024-08-12,1,33,8,0.0,1.0,0.0,0.5,2.0,1.0
5,6,2024-08-19,1,34,8,1.0,0.0,1.0,0.75,1.3333333333333333,0.0
5,6,2024-08-26,0,35,8,1.0,1.0,1.0,0.75,0.0,0.0
5,6,2024-09-02,0,36,9,0.0,1.0,0.0,0.5,0.0,0.0
5,6,2024-09-09,0,37,9,0.0,0.0,1.0,0.5,0.0,0.0
5,6,2024-09-16,0,38,9,0.0,0.0,1.0,0.25,0.0,1.0
5,6,2024-09-23,1,39,9,0.0,0.0,0.0,0.0,1.0,1.0
5,6,2024-09-30,1,40,9,1.0,0.0,0.0,0.25,4.0,2.0
5,6,2024-10-07,2,41,10,1.0,1.0,0.0,0.5,4.0,0.0
5,6,2024-10-14,0,42,10,2.0,1.0,0.0,1.0,0.0,0.0
5,6,2024-10-21,0,43,10,0.0,2.0,1.0,1.0,0.0,0.0
5,6,2024-10-28,0,44,10,0.0,0.0,1.0,0.75,0.0,0.0
5,6,2024-11-04,0,45,11,0.0,0.0,2.0,0.5,0.0,0.0
5,6,2024-11-11,0,46,11,0.0,0.0,0.0,0.0,1.0,0.0
5,6,2024-11-18,0,47,11,0.0,0.0,0.0,0.0,1.0,1.0
5,6,2024-11-25,1,48,11,0.0,0.0,0.0,0.0,1.0,1.0
5,6,2024-12-02,1,49,12,1.0,0.0,0.0,0.25,4.0,0.0
5,6,2024-12-09,0,50,12,1.0,1.0,0.0,0.5,0.0,2.0
5,6,2024-12-16,2,51,12,0.0,1.0,0.0,0.5,4.0,1.0
5,6,2024-12-23,1,52,12,2.0,0.0,1.0,1.0,1.0,1.0
5,6,2024-12-30,1,1,12,1.0,2.0,1.0,1.0,1.0,1.0
5,6,2025-01-06,1,2,1,1.0,1.0,0.0,1.0,1.0,0.0
5,6,2025-01-13,0,3,1,1.0,1.0,2.0,1.25,0.0,2.0
5,6,2025-01-20,2,4,1,0.0,1.0,1.0,0.75,2.6666666666666665,0.0
5,6,2025-01-27,0,5,1,2.0,0.0,1.0,1.0,0.0,0.0
5,6,2025-02-03,0,6,2,0.0,2.0,1.0,0.75,0.0,0.0
5,6,2025-02-10,0,7,2,0.0,0.0,0.0,0.5,0.0,0.0
5,6,2025-02-17,0,8,2,0.0,0.0,2.0,0.5,0.0,1.0
5,6,2025-02-24,1,9,2,0.0,0.0,0.0,0.0,1.0,0.0
5,6,2025-03-03,0,10,3,1.0,0.0,0.0,0.25,0.0,1.0
5,6,2025-03-10,1,11,3,0.0,1.0,0.0,0.25,4.0,1.0
5,6,2025-03-17,1,12,3,1.0,0.0,0.0,0.5,2.0,0.0
5,6,2025-03-24,0,13,3,1.0,1.0,1.0,0.75,0.0,1.0
5,6,2025-03-31,1,14,3,0.0,1.0,0.0,0.5,2.0,0.0
5,6,2025-04-07,0,15,4,1.0,0.0,1.0,0.75,0.0,2.0
5,6,2025-04-14,2,16,4,0.0,1.0,1.0,0.5,4.0,0.0
5,6,2025-04-21,0,17,4,2.0,0.0,0.0,0.75,0.0,0.0
5,6,2025-04-28,0,18,4,0.0,2.0,1.0,0.75,0.0,0.0
5,6,2025-05-05,0,19,5,0.0,0.0,0.0,0.5,0.0,0.0
5,6,2025-05-12,0,20,5,0.0,0.0,2.0,0.5,0.0,0.0
5,6,2025-05-19,0,21,5,0.0,0.0,0.0,0.0,1.0,0.0
5,6,2025-05-26,0,22,5,0.0,0.0,0.0,0.0,1.0,1.0
5,6,2025-06-02,1,23,6,0.0,0.0,0.0,0.0,1.0,0.0
5,6,2025-06-09,0,24,6,1.0,0.0,0.0,0.25,0.0,0.0
5,6,2025-06-16,0,25,6,0.0,1.0,0.0,0.25,0.0,1.0
5,6,2025-06-23,1,26,6,0.0,0.0,0.0,0.25,4.0,0.0
5,6,2025-06-30,0,27,6,1.0,0.0,1.0,0.5,0.0,1.0
5,6,2025-07-07,1,28,7,0.0,1.0,0.0,0.25,4.0,1.0
5,6,2025-07-14,1,29,7,1.0,0.0,0.0,0.5,2.0,0.0
5,6,2025-07-21,0,30,7,1.0,1.0,1.0,0.75,0.0,0.0
5,6,2025-07-28,0,31,7,0.0,1.0,0.0,0.5,0.0,1.0
5,6,2025-08-04,1,32,8,0.0,0.0,1.0,0.5,2.0,1.0
5,6,2025-08-11,1,33,8,1.0,0.0,1.0,0.5,2.0,0.0
5,6,2025-08-18,0,34,8,1.0,1.0,0.0,0.5,0.0,1.0
5,6,2025-08-25,1,35,8,0.0,1.0,0.0,0.5,2.0,0.0
5,6,2025-09-01,0,36,9,1.0,0.0,1.0,0.75,0.0,0.0
5,6,2025-09-08,0,37,9,0.0,1.0,1.0,0.5,0.0,1.0
5,6,2025-09-15,1,38,9,0.0,0.0,0.0,0.25,4.0,3.0
5,6,2025-09-22,3,39,9,1.0,0.0,1.0,0.5,6.0,0.0
5,6,2025-09-29,0,40,9,3.0,1.0,0.0,1.0,0.0,0.0
5,6,2025-10-06,0,41,10,0.0,3.0,0.0,1.0,0.0,0.0
5,6,2025-10-13,0,42,10,0.0,0.0,1.0,1.0,0.0,0.0
5,6,2025-10-20,0,43,10,0.0,0.0,3.0,0.75,0.0,0.0
5,6,2025-10-27,0,44,10,0.0,0.0,0.0,0.0,1.0,0.0
5,6,2025-11-03,0,45,11,0.0,0.0,0.0,0.0,1.0,0.0
5,6,2025-11-10,0,46,11,0.0,0.0,0.0,0.0,1.0,0.0
5,6,2025-11-17,0,47,11,0.0,0.0,0.0,0.0,1.0,0.0
5,6,2025-11-24,0,48,11,0.0,0.0,0.0,0.0,1.0,0.0
5,6,2025-12-01,0,49,12,0.0,0.0,0.0,0.0,1.0,1.0
5,6,2025-12-08,1,50,12,0.0,0.0,0.0,0.0,1.0,1.0
5,6,2025-12-15,1,51,12,1.0,0.0,0.0,0.25,4.0,2.0
5,6,2025-12-22,2,52,12,1.0,1.0,0.0,0.5,4.0,2.0
5,6,2025-12-29,2,1,12,2.0,1.0,0.0,1.0,2.0,1.0
5,6,2026-01-05,1,2,1,2.0,2.0,1.0,1.5,0.6666666666666666,0.0
5,6,2026-01-12,0,3,1,1.0,2.0,1.0,1.5,0.0,1.0
5,6,2026-01-19,1,4,1,0.0,1.0,2.0,1.25,0.8,0.0
5,6,2026-01-26,0,5,1,1.0,0.0,2.0,1.0,0.0,1.0
5,6,2026-02-02,1,6,2,0.0,1.0,1.0,0.5,2.0,1.0
5,6,2026-02-09,1,7,2,1.0,0.0,0.0,0.5,2.0,1.0
5,6,2026-02-16,1,8,2,1.0,1.0,1.0,0.75,1.3333333333333333,0.0
5,6,2026-02-23,0,9,2,1.0,1.0,0.0,0.75,0.0,1.0
5,6,2026-03-02,1,10,3,0.0,1.0,1.0,0.75,1.3333333333333333,0.0
5,6,2026-03-09,0,11,3,1.0,0.0,1.0,0.75,0.0,0.0
5,6,2026-03-16,0,12,3,0.0,1.0,1.0,0.5,0.0,0.0
5,6,2026-03-23,0,13,3,0.0,0.0,0.0,0.25,0.0,2.0
5,6,2026-03-30,2,14,3,0.0,0.0,1.0,0.25,8.0,1.0
5,6,2026-04-06,1,15,4,2.0,0.0,0.0,0.5,2.0,1.0
5,6,2026-04-13,1,16,4,1.0,2.0,0.0,0.75,1.3333333333333333,0.0
5,6,2026-04-20,0,17,4,1.0,1.0,0.0,1.0,0.0,0.0
5,6,2026-04-27,0,18,4,0.0,1.0,2.0,1.0,0.0,1.0
5,6,2026-05-04,1,19,5,0.0,0.0,1.0,0.5,2.0,1.0
5,6,2026-05-11,1,20,5,1.0,0.0,1.0,0.5,2.0,1.0
5,6,2026-05-18,1,21,5,1.0,1.0,0.0,0.5,2.0,0.0
5,6,2026-05-25,0,22,5,1.0,1.0,0.0,0.75,0.0,0.0
5,6,2026-06-01,0,23,6,0.0,1.0,1.0,0.75,0.0,0.0
5,6,2026-06-08,0,24,6,0.0,0.0,1.0,0.5,0.0,0.0
5,6,2026-06-15,0,25,6,0.0,0.0,1.0,0.25,0.0,0.0
5,6,2026-06-22,0,26,6,0.0,0.0,0.0,0.0,1.0,0.0
5,7,2024-01-29,0,5,1,0.0,2.0,0.0,0.5,0.0,0.0
5,7,2024-02-05,0,6,2,0.0,0.0,0.0,0.5,0.0,1.0
5,7,2024-02-12,1,7,2,0.0,0.0,2.0,0.5,2.0,0.0
5,7,2024-02-19,0,8,2,1.0,0.0,0.0,0.25,0.0,0.0
5,7,2024-02-26,0,9,2,0.0,1.0,0.0,0.25,0.0,0.0
5,7,2024-03-04,0,10,3,0.0,0.0,0.0,0.25,0.0,0.0
5,7,2024-03-11,0,11,3,0.0,0.0,1.0,0.25,0.0,1.0
5,7,2024-03-18,1,12,3,0.0,0.0,0.0,0.0,1.0,1.0
5,7,2024-03-25,1,13,3,1.0,0.0,0.0,0.25,4.0,0.0
5,7,2024-04-01,0,14,4,1.0,1.0,0.0,0.5,0.0,0.0
5,7,2024-04-08,0,15,4,0.0,1.0,0.0,0.5,0.0,1.0
5,7,2024-04-15,1,16,4,0.0,0.0,1.0,0.5,2.0,1.0
5,7,2024-04-22,1,17,4,1.0,0.0,1.0,0.5,2.0,1.0
5,7,2024-04-29,1,18,4,1.0,1.0,0.0,0.5,2.0,0.0
5,7,2024-05-06,0,19,5,1.0,1.0,0.0,0.75,0.0,0.0
5,7,2024-05-13,0,20,5,0.0,1.0,1.0,0.75,0.0,0.0
5,7,2024-05-20,0,21,5,0.0,0.0,1.0,0.5,0.0,2.0
5,7,2024-05-27,2,22,5,0.0,0.0,1.0,0.25,8.0,1.0
5,7,2024-06-03,1,23,6,2.0,0.0,0.0,0.5,2.0,0.0
5,7,2024-06-10,0,24,6,1.0,2.0,0.0,0.75,0.0,0.0
5,7,2024-06-17,0,25,6,0.0,1.0,0.0,0.75,0.0,1.0
5,7,2024-06-24,1,26,6,0.0,0.0,2.0,0.75,1.3333333333333333,0.0
5,7,2024-07-01,0,27,7,1.0,0.0,1.0,0.5,0.0,0.0
5,7,2024-07-08,0,28,7,0.0,1.0,0.0,0.25,0.0,0.0
5,7,2024-07-15,0,29,7,0.0,0.0,0.0,0.25,0.0,0.0
5,7,2024-07-22,0,30,7,0.0,0.0,1.0,0.25,0.0,0.0
5,7,2024-07-29,0,31,7,0.0,0.0,0.0,0.0,1.0,1.0
5,7,2024-08-05,1,32,8,0.0,0.0,0.0,0.0,1.0,0.0
5,7,2024-08-12,0,33,8,1.0,0.0,0.0,0.25,0.0,1.0
5,7,2024-08-19,1,34,8,0.0,1.0,0.0,0.25,4.0,1.0
5,7,2024-08-26,1,35,8,1.0,0.0,0.0,0.5,2.0,0.0
5,7,2024-09-02,0,36,9,1.0,1.0,1.0,0.75,0.0,0.0
5,7,2024-09-09,0,37,9,0.0,1.0,0.0,0.5,0.0,0.0
5,7,2024-09-16,0,38,9,0.0,0.0,1.0,0.5,0.0,0.0
5,7,2024-09-23,0,39,9,0.0,0.0,1.0,0.25,0.0,1.0
5,7,2024-09-30,1,40,9,0.0,0.0,0.0,0.0,1.0,0.0
5,7,2024-10-07,0,41,10,1.0,0.0,0.0,0.25,0.0,0.0
5,7,2024-10-14,0,42,10,0.0,1.0,0.0,0.25,0.0,0.0
5,7,2024-10-21,0,43,10,0.0,0.0,0.0,0.25,0.0,0.0
5,7,2024-10-28,0,44,10,0.0,0.0,1.0,0.25,0.0,0.0
5,7,2024-11-04,0,45,11,0.0,0.0,0.0,0.0,1.0,0.0
5,7,2024-11-11,0,46,11,0.0,0.0,0.0,0.0,1.0,0.0
5,7,2024-11-18,0,47,11,0.0,0.0,0.0,0.0,1.0,0.0
5,7,2024-11-25,0,48,11,0.0,0.0,0.0,0.0,1.0,0.0
5,7,2024-12-02,0,49,12,0.0,0.0,0.0,0.0,1.0,1.0
5,7,2024-12-09,1,50,12,0.0,0.0,0.0,0.0,1.0,0.0
5,7,2024-12-16,0,51,12,1.0,0.0,0.0,0.25,0.0,0.0
5,7,2024-12-23,0,52,12,0.0,1.0,0.0,0.25,0.0,0.0
5,7,2024-12-30,0,1,12,0.0,0.0,0.0,0.25,0.0,1.0
5,7,2025-01-06,1,2,1,0.0,0.0,1.0,0.25,4.0,0.0
5,7,2025-01-13,0,3,1,1.0,0.0,0.0,0.25,0.0,0.0
5,7,2025-01-20,0,4,1,0.0,1.0,0.0,0.25,0.0,0.0
5,7,2025-01-27,0,5,1,0.0,0.0,0.0,0.25,0.0,2.0
5,7,2025-02-03,2,6,2,0.0,0.0,1.0,0.25,8.0,1.0
5,7,2025-02-10,1,7,2,2.0,0.0,0.0,0.5,2.0,1.0
5,7,2025-02-17,1,8,2,1.0,2.0,0.0,0.75,1.3333333333333333,1.0
5,7,2025-02-24,1,9,2,1.0,1.0,0.0,1.0,1.0,2.0
5,7,2025-03-03,2,10,3,1.0,1.0,2.0,1.25,1.6,0.0
5,7,2025-03-10,0,11,3,2.0,1.0,1.0,1.25,0.0,0.0
5,7,2025-03-17,0,12,3,0.0,2.0,1.0,1.0,0.0,0.0
5,7,2025-03-24,0,13,3,0.0,0.0,1.0,0.75,0.0,1.0
5,7,2025-03-31,1,14,3,0.0,0.0,2.0,0.5,2.0,1.0
5,7,2025-04-07,1,15,4,1.0,0.0,0.0,0.25,4.0,0.0
5,7,2025-04-14,0,16,4,1.0,1.0,0.0,0.5,0.0,0.0
5,7,2025-04-21,0,17,4,0.0,1.0,0.0,0.5,0.0,0.0
5,7,2025-04-28,0,18,4,0.0,0.0,1.0,0.5,0.0,0.0
5,7,2025-05-05,0,19,5,0.0,0.0,1.0,0.25,0.0,0.0
5,7,2025-05-12,0,20,5,0.0,0.0,0.0,0.0,1.0,1.0
5,7,2025-05-19,1,21,5,0.0,0.0,0.0,0.0,1.0,1.0
5,7,2025-05-26,1,22,5,1.0,0.0,0.0,0.25,4.0,0.0
5,7,2025-06-02,0,23,6,1.0,1.0,0.0,0.5,0.0,0.0
5,7,2025-06-09,0,24,6,0.0,1.0,0.0,0.5,0.0,0.0
5,7,2025-06-16,0,25,6,0.0,0.0,1.0,0.5,0.0,0.0
5,7,2025-06-23,0,26,6,0.0,0.0,1.0,0.25,0.0,0.0
5,7,2025-06-30,0,27,6,0.0,0.0,0.0,0.0,1.0,0.0
5,7,2025-07-07,0,28,7,0.0,0.0,0.0,0.0,1.0,0.0
5,7,2025-07-14,0,29,7,0.0,0.0,0.0,0.0,1.0,1.0
5,7,2025-07-21,1,30,7,0.0,0.0,0.0,0.0,1.0,0.0
5,7,2025-07-28,0,31,7,1.0,0.0,0.0,0.25,0.0,0.0
5,7,2025-08-04,0,32,8,0.0,1.0,0.0,0.25,0.0,0.0
5,7,2025-08-11,0,33,8,0.0,0.0,0.0,0.25,0.0,0.0
5,7,2025-08-18,0,34,8,0.0,0.0,1.0,0.25,0.0,0.0
5,7,2025-08-25,0,35,8,0.0,0.0,0.0,0.0,1.0,0.0
5,7,2025-09-01,0,36,9,0.0,0.0,0.0,0.0,1.0,1.0
5,7,2025-09-08,1,37,9,0.0,0.0,0.0,0.0,1.0,2.0
5,7,2025-09-15,2,38,9,1.0,0.0,0.0,0.25,8.0,0.0
5,7,2025-09-22,0,39,9,2.0,1.0,0.0,0.75,0.0,0.0
5,7,2025-09-29,0,40,9,0.0,2.0,0.0,0.75,0.0,0.0
5,7,2025-10-06,0,41,10,0.0,0.0,1.0,0.75,0.0,1.0
5,7,2025-10-13,1,42,10,0.0,0.0,2.0,0.5,2.0,0.0
5,7,2025-10-20,0,43,10,1.0,0.0,0.0,0.25,0.0,0.0
5,7,2025-10-27,0,44,10,0.0,1.0,0.0,0.25,0.0,0.0
5,7,2025-11-03,0,45,11,0.0,0.0,0.0,0.25,0.0,1.0
5,7,2025-11-10,1,46,11,0.0,0.0,1.0,0.25,4.0,0.0
5,7,2025-11-17,0,47,11,1.0,0.0,0.0,0.25,0.0,1.0
5,7,2025-11-24,1,48,11,0.0,1.0,0.0,0.25,4.0,0.0
5,7,2025-12-01,0,49,12,1.0,0.0,0.0,0.5,0.0,2.0
5,7,2025-12-08,2,50,12,0.0,1.0,1.0,0.5,4.0,1.0
5,7,2025-12-15,1,51,12,2.0,0.0,0.0,0.75,1.3333333333333333,0.0
5,7,2025-12-22,0,52,12,1.0,2.0,1.0,1.0,0.0,0.0
5,7,2025-12-29,0,1,12,0.0,1.0,0.0,0.75,0.0,0.0
5,7,2026-01-05,0,2,1,0.0,0.0,2.0,0.75,0.0,0.0
5,7,2026-01-12,0,3,1,0.0,0.0,1.0,0.25,0.0,0.0
5,7,2026-01-19,0,4,1,0.0,0.0,0.0,0.0,1.0,0.0
5,7,2026-01-26,0,5,1,0.0,0.0,0.0,0.0,1.0,0.0
5,7,2026-02-02,0,6,2,0.0,0.0,0.0,0.0,1.0,1.0
5,7,2026-02-09,1,7,2,0.0,0.0,0.0,0.0,1.0,0.0
5,7,2026-02-16,0,8,2,1.0,0.0,0.0,0.25,0.0,0.0
5,7,2026-02-23,0,9,2,0.0,1.0,0.0,0.25,0.0,0.0
5,7,2026-03-02,0,10,3,0.0,0.0,0.0,0.25,0.0,1.0
5,7,2026-03-09,1,11,3,0.0,0.0,1.0,0.25,4.0,0.0
5,7,2026-03-16,0,12,3,1.0,0.0,0.0,0.25,0.0,0.0
5,7,2026-03-23,0,13,3,0.0,1.0,0.0,0.25,0.0,1.0
5,7,2026-03-30,1,14,3,0.0,0.0,0.0,0.25,4.0,2.0
5,7,2026-04-06,2,15,4,1.0,0.0,1.0,0.5,4.0,0.0
5,7,2026-04-13,0,16,4,2.0,1.0,0.0,0.75,0.0,0.0
5,7,2026-04-20,0,17,4,0.0,2.0,0.0,0.75,0.0,1.0
5,7,2026-04-27,1,18,4,0.0,0.0,1.0,0.75,1.3333333333333333,0.0
5,7,2026-05-04,0,19,5,1.0,0.0,2.0,0.75,0.0,0.0
5,7,2026-05-11,0,20,5,0.0,1.0,0.0,0.25,0.0,3.0
5,7,2026-05-18,3,21,5,0.0,0.0,0.0,0.25,12.0,0.0
5,7,2026-05-25,0,22,5,3.0,0.0,1.0,1.0,0.0,0.0
5,7,2026-06-01,0,23,6,0.0,3.0,0.0,0.75,0.0,0.0
5,7,2026-06-08,0,24,6,0.0,0.0,0.0,0.75,0.0,0.0
5,7,2026-06-15,0,25,6,0.0,0.0,3.0,0.75,0.0,1.0
5,7,2026-06-22,1,26,6,0.0,0.0,0.0,0.0,1.0,0.0
5,8,2024-01-29,1,5,1,0.0,2.0,1.0,0.75,1.3333333333333333,0.0
5,8,2024-02-05,0,6,2,1.0,0.0,0.0,0.75,0.0,0.0
5,8,2024-02-12,0,7,2,0.0,1.0,2.0,0.75,0.0,1.0
5,8,2024-02-19,1,8,2,0.0,0.0,0.0,0.25,4.0,0.0
5,8,2024-02-26,0,9,2,1.0,0.0,1.0,0.5,0.0,1.0
5,8,2024-03-04,1,10,3,0.0,1.0,0.0,0.25,4.0,0.0
5,8,2024-03-11,0,11,3,1.0,0.0,0.0,0.5,0.0,2.0
5,8,2024-03-18,2,12,3,0.0,1.0,1.0,0.5,4.0,0.0
5,8,2024-03-25,0,13,3,2.0,0.0,0.0,0.75,0.0,0.0
5,8,2024-04-01,0,14,4,0.0,2.0,1.0,0.75,0.0,0.0
5,8,2024-04-08,0,15,4,0.0,0.0,0.0,0.5,0.0,1.0
5,8,2024-04-15,1,16,4,0.0,0.0,2.0,0.5,2.0,0.0
5,8,2024-04-22,0,17,4,1.0,0.0,0.0,0.25,0.0,0.0
5,8,2024-04-29,0,18,4,0.0,1.0,0.0,0.25,0.0,0.0
5,8,2024-05-06,0,19,5,0.0,0.0,0.0,0.25,0.0,0.0
5,8,2024-05-13,0,20,5,0.0,0.0,1.0,0.25,0.0,0.0
5,8,2024-05-20,0,21,5,0.0,0.0,0.0,0.0,1.0,0.0
5,8,2024-05-27,0,22,5,0.0,0.0,0.0,0.0,1.0,0.0
5,8,2024-06-03,0,23,6,0.0,0.0,0.0,0.0,1.0,0.0
5,8,2024-06-10,0,24,6,0.0,0.0,0.0,0.0,1.0,0.0
5,8,2024-06-17,0,25,6,0.0,0.0,0.0,0.0,1.0,1.0
5,8,2024-06-24,1,26,6,0.0,0.0,0.0,0.0,1.0,0.0
5,8,2024-07-01,0,27,7,1.0,0.0,0.0,0.25,0.0,0.0
5,8,2024-07-08,0,28,7,0.0,1.0,0.0,0.25,0.0,0.0
5,8,2024-07-15,0,29,7,0.0,0.0,0.0,0.25,0.0,0.0
5,8,2024-07-22,0,30,7,0.0,0.0,1.0,0.25,0.0,0.0
5,8,2024-07-29,0,31,7,0.0,0.0,0.0,0.0,1.0,1.0
5,8,2024-08-05,1,32,8,0.0,0.0,0.0,0.0,1.0,1.0
5,8,2024-08-12,1,33,8,1.0,0.0,0.0,0.25,4.0,0.0
5,8,2024-08-19,0,34,8,1.0,1.0,0.0,0.5,0.0,0.0
5,8,2024-08-26,0,35,8,0.0,1.0,0.0,0.5,0.0,0.0
5,8,2024-09-02,0,36,9,0.0,0.0,1.0,0.5,0.0,0.0
5,8,2024-09-09,0,37,9,0.0,0.0,1.0,0.25,0.0,0.0
5,8,2024-09-16,0,38,9,0.0,0.0,0.0,0.0,1.0,1.0
5,8,2024-09-23,1,39,9,0.0,0.0,0.0,0.0,1.0,1.0
5,8,2024-09-30,1,40,9,1.0,0.0,0.0,0.25,4.0,0.0
5,8,2024-10-07,0,41,10,1.0,1.0,0.0,0.5,0.0,0.0
5,8,2024-10-14,0,42,10,0.0,1.0,0.0,0.5,0.0,0.0
5,8,2024-10-21,0,43,10,0.0,0.0,1.0,0.5,0.0,0.0
5,8,2024-10-28,0,44,10,0.0,0.0,1.0,0.25,0.0,0.0
5,8,2024-11-04,0,45,11,0.0,0.0,0.0,0.0,1.0,0.0
5,8,2024-11-11,0,46,11,0.0,0.0,0.0,0.0,1.0,0.0
5,8,2024-11-18,0,47,11,0.0,0.0,0.0,0.0,1.0,0.0
5,8,2024-11-25,0,48,11,0.0,0.0,0.0,0.0,1.0,2.0
5,8,2024-12-02,2,49,12,0.0,0.0,0.0,0.0,1.0,0.0
5,8,2024-12-09,0,50,12,2.0,0.0,0.0,0.5,0.0,0.0
5,8,2024-12-16,0,51,12,0.0,2.0,0.0,0.5,0.0,0.0
5,8,2024-12-23,0,52,12,0.0,0.0,0.0,0.5,0.0,0.0
5,8,2024-12-30,0,1,12,0.0,0.0,2.0,0.5,0.0,0.0
5,8,2025-01-06,0,2,1,0.0,0.0,0.0,0.0,1.0,0.0
5,8,2025-01-13,0,3,1,0.0,0.0,0.0,0.0,1.0,0.0
5,8,2025-01-20,0,4,1,0.0,0.0,0.0,0.0,1.0,1.0
5,8,2025-01-27,1,5,1,0.0,0.0,0.0,0.0,1.0,0.0
5,8,2025-02-03,0,6,2,1.0,0.0,0.0,0.25,0.0,0.0
5,8,2025-02-10,0,7,2,0.0,1.0,0.0,0.25,0.0,0.0
5,8,2025-02-17,0,8,2,0.0,0.0,0.0,0.25,0.0,1.0
5,8,2025-02-24,1,9,2,0.0,0.0,1.0,0.25,4.0,0.0
5,8,2025-03-03,0,10,3,1.0,0.0,0.0,0.25,0.0,0.0
5,8,2025-03-10,0,11,3,0.0,1.0,0.0,0.25,0.0,0.0
5,8,2025-03-17,0,12,3,0.0,0.0,0.0,0.25,0.0,1.0
5,8,2025-03-24,1,13,3,0.0,0.0,1.0,0.25,4.0,2.0
5,8,2025-03-31,2,14,3,1.0,0.0,0.0,0.25,8.0,1.0
5,8,2025-04-07,1,15,4,2.0,1.0,0.0,0.75,1.3333333333333333,2.0
5,8,2025-04-14,2,16,4,1.0,2.0,0.0,1.0,2.0,1.0
5,8,2025-04-21,1,17,4,2.0,1.0,1.0,1.5,0.6666666666666666,2.0
5,8,2025-04-28,2,18,4,1.0,2.0,2.0,1.5,1.3333333333333333,1.0
5,8,2025-05-05,1,19,5,2.0,1.0,1.0,1.5,0.6666666666666666,0.0
5,8,2025-05-12,0,20,5,1.0,2.0,2.0,1.5,0.0,0.0
5,8,2025-05-19,0,21,5,0.0,1.0,1.0,1.0,0.0,1.0
5,8,2025-05-26,1,22,5,0.0,0.0,2.0,0.75,1.3333333333333333,0.0
5,8,2025-06-02,0,23,6,1.0,0.0,1.0,0.5,0.0,0.0
5,8,2025-06-09,0,24,6,0.0,1.0,0.0,0.25,0.0,0.0
5,8,2025-06-16,0,25,6,0.0,0.0,0.0,0.25,0.0,0.0
5,8,2025-06-23,0,26,6,0.0,0.0,1.0,0.25,0.0,0.0
5,8,2025-06-30,0,27,6,0.0,0.0,0.0,0.0,1.0,0.0
5,8,2025-07-07,0,28,7,0.0,0.0,0.0,0.0,1.0,1.0
5,8,2025-07-14,1,29,7,0.0,0.0,0.0,0.0,1.0,1.0
5,8,2025-07-21,1,30,7,1.0,0.0,0.0,0.25,4.0,0.0
5,8,2025-07-28,0,31,7,1.0,1.0,0.0,0.5,0.0,1.0
5,8,2025-08-04,1,32,8,0.0,1.0,0.0,0.5,2.0,0.0
5,8,2025-08-11,0,33,8,1.0,0.0,1.0,0.75,0.0,0.0
5,8,2025-08-18,0,34,8,0.0,1.0,1.0,0.5,0.0,0.0
5,8,2025-08-25,0,35,8,0.0,0.0,0.0,0.25,0.0,0.0
5,8,2025-09-01,0,36,9,0.0,0.0,1.0,0.25,0.0,0.0
5,8,2025-09-08,0,37,9,0.0,0.0,0.0,0.0,1.0,1.0
5,8,2025-09-15,1,38,9,0.0,0.0,0.0,0.0,1.0,0.0
5,8,2025-09-22,0,39,9,1.0,0.0,0.0,0.25,0.0,0.0
5,8,2025-09-29,0,40,9,0.0,1.0,0.0,0.25,0.0,0.0
5,8,2025-10-06,0,41,10,0.0,0.0,0.0,0.25,0.0,0.0
5,8,2025-10-13,0,42,10,0.0,0.0,1.0,0.25,0.0,1.0
5,8,2025-10-20,1,43,10,0.0,0.0,0.0,0.0,1.0,1.0
5,8,2025-10-27,1,44,10,1.0,0.0,0.0,0.25,4.0,0.0
5,8,2025-11-03,0,45,11,1.0,1.0,0.0,0.5,0.0,1.0
5,8,2025-11-10,1,46,11,0.0,1.0,0.0,0.5,2.0,1.0
5,8,2025-11-17,1,47,11,1.0,0.0,1.0,0.75,1.3333333333333333,2.0
5,8,2025-11-24,2,48,11,1.0,1.0,1.0,0.75,2.6666666666666665,1.0
5,8,2025-12-01,1,49,12,2.0,1.0,0.0,1.0,1.0,1.0
5,8,2025-12-08,1,50,12,1.0,2.0,1.0,1.25,0.8,0.0
5,8,2025-12-15,0,51,12,1.0,1.0,1.0,1.25,0.0,0.0
5,8,2025-12-22,0,52,12,0.0,1.0,2.0,1.0,0.0,0.0
5,8,2025-12-29,0,1,12,0.0,0.0,1.0,0.5,0.0,1.0
5,8,2026-01-05,1,2,1,0.0,0.0,1.0,0.25,4.0,0.0
5,8,2026-01-12,0,3,1,1.0,0.0,0.0,0.25,0.0,0.0
5,8,2026-01-19,0,4,1,0.0,1.0,0.0,0.25,0.0,1.0
5,8,2026-01-26,1,5,1,0.0,0.0,0.0,0.25,4.0,0.0
5,8,2026-02-02,0,6,2,1.0,0.0,1.0,0.5,0.0,0.0
5,8,2026-02-09,0,7,2,0.0,1.0,0.0,0.25,0.0,1.0
5,8,2026-02-16,1,8,2,0.0,0.0,0.0,0.25,4.0,1.0
5,8,2026-02-23,1,9,2,1.0,0.0,1.0,0.5,2.0,0.0
5,8,2026-03-02,0,10,3,1.0,1.0,0.0,0.5,0.0,1.0
5,8,2026-03-09,1,11,3,0.0,1.0,0.0,0.5,2.0,0.0
5,8,2026-03-16,0,12,3,1.0,0.0,1.0,0.75,0.0,0.0
5,8,2026-03-23,0,13,3,0.0,1.0,1.0,0.5,0.0,1.0
5,8,2026-03-30,1,14,3,0.0,0.0,0.0,0.25,4.0,0.0
5,8,2026-04-06,0,15,4,1.0,0.0,1.0,0.5,0.0,1.0
5,8,2026-04-13,1,16,4,0.0,1.0,0.0,0.25,4.0,0.0
5,8,2026-04-20,0,17,4,1.0,0.0,0.0,0.5,0.0,1.0
5,8,2026-04-27,1,18,4,0.0,1.0,1.0,0.5,2.0,0.0
5,8,2026-05-04,0,19,5,1.0,0.0,0.0,0.5,0.0,1.0
5,8,2026-05-11,1,20,5,0.0,1.0,1.0,0.5,2.0,1.0
5,8,2026-05-18,1,21,5,1.0,0.0,0.0,0.5,2.0,0.0
5,8,2026-05-25,0,22,5,1.0,1.0,1.0,0.75,0.0,0.0
5,8,2026-06-01,0,23,6,0.0,1.0,0.0,0.5,0.0,1.0
5,8,2026-06-08,1,24,6,0.0,0.0,1.0,0.5,2.0,0.0
5,8,2026-06-15,0,25,6,1.0,0.0,1.0,0.5,0.0,1.0
5,8,2026-06-22,1,26,6,0.0,1.0,0.0,0.25,4.0,0.0
5,9,2024-01-29,2,5,1,0.0,0.0,0.0,0.0,1.0,1.0
5,9,2024-02-05,1,6,2,2.0,0.0,0.0,0.5,2.0,1.0
5,9,2024-02-12,1,7,2,1.0,2.0,0.0,0.75,1.3333333333333333,2.0
5,9,2024-02-19,2,8,2,1.0,1.0,0.0,1.0,2.0,0.0
5,9,2024-02-26,0,9,2,2.0,1.0,2.0,1.5,0.0,1.0
5,9,2024-03-04,1,10,3,0.0,2.0,1.0,1.0,1.0,1.0
5,9,2024-03-11,1,11,3,1.0,0.0,1.0,1.0,1.0,1.0
5,9,2024-03-18,1,12,3,1.0,1.0,2.0,1.0,1.0,0.0
5,9,2024-03-25,0,13,3,1.0,1.0,0.0,0.75,0.0,0.0
5,9,2024-04-01,0,14,4,0.0,1.0,1.0,0.75,0.0,0.0
5,9,2024-04-08,0,15,4,0.0,0.0,1.0,0.5,0.0,0.0
5,9,2024-04-15,0,16,4,0.0,0.0,1.0,0.25,0.0,2.0
5,9,2024-04-22,2,17,4,0.0,0.0,0.0,0.0,1.0,0.0
5,9,2024-04-29,0,18,4,2.0,0.0,0.0,0.5,0.0,0.0
5,9,2024-05-06,0,19,5,0.0,2.0,0.0,0.5,0.0,0.0
5,9,2024-05-13,0,20,5,0.0,0.0,0.0,0.5,0.0,0.0
5,9,2024-05-20,0,21,5,0.0,0.0,2.0,0.5,0.0,1.0
5,9,2024-05-27,1,22,5,0.0,0.0,0.0,0.0,1.0,1.0
5,9,2024-06-03,1,23,6,1.0,0.0,0.0,0.25,4.0,0.0
5,9,2024-06-10,0,24,6,1.0,1.0,0.0,0.5,0.0,0.0
5,9,2024-06-17,0,25,6,0.0,1.0,0.0,0.5,0.0,1.0
5,9,2024-06-24,1,26,6,0.0,0.0,1.0,0.5,2.0,2.0
5,9,2024-07-01,2,27,7,1.0,0.0,1.0,0.5,4.0,0.0
5,9,2024-07-08,0,28,7,2.0,1.0,0.0,0.75,0.0,0.0
5,9,2024-07-15,0,29,7,0.0,2.0,0.0,0.75,0.0,2.0
5,9,2024-07-22,2,30,7,0.0,0.0,1.0,0.75,2.6666666666666665,0.0
5,9,2024-07-29,0,31,7,2.0,0.0,2.0,1.0,0.0,1.0
5,9,2024-08-05,1,32,8,0.0,2.0,0.0,0.5,2.0,0.0
5,9,2024-08-12,0,33,8,1.0,0.0,0.0,0.75,0.0,0.0
5,9,2024-08-19,0,34,8,0.0,1.0,2.0,0.75,0.0,0.0
5,9,2024-08-26,0,35,8,0.0,0.0,0.0,0.25,0.0,0.0
5,9,2024-09-02,0,36,9,0.0,0.0,1.0,0.25,0.0,0.0
5,9,2024-09-09,0,37,9,0.0,0.0,0.0,0.0,1.0,0.0
5,9,2024-09-16,0,38,9,0.0,0.0,0.0,0.0,1.0,0.0
5,9,2024-09-23,0,39,9,0.0,0.0,0.0,0.0,1.0,0.0
5,9,2024-09-30,0,40,9,0.0,0.0,0.0,0.0,1.0,0.0
5,9,2024-10-07,0,41,10,0.0,0.0,0.0,0.0,1.0,0.0
5,9,2024-10-14,0,42,10,0.0,0.0,0.0,0.0,1.0,0.0
5,9,2024-10-21,0,43,10,0.0,0.0,0.0,0.0,1.0,1.0
5,9,2024-10-28,1,44,10,0.0,0.0,0.0,0.0,1.0,0.0
5,9,2024-11-04,0,45,11,1.0,0.0,0.0,0.25,0.0,1.0
5,9,2024-11-11,1,46,11,0.0,1.0,0.0,0.25,4.0,0.0
5,9,2024-11-18,0,47,11,1.0,0.0,0.0,0.5,0.0,0.0
5,9,2024-11-25,0,48,11,0.0,1.0,1.0,0.5,0.0,0.0
5,9,2024-12-02,0,49,12,0.0,0.0,0.0,0.25,0.0,1.0
5,9,2024-12-09,1,50,12,0.0,0.0,1.0,0.25,4.0,1.0
5,9,2024-12-16,1,51,12,1.0,0.0,0.0,0.25,4.0,0.0
5,9,2024-12-23,0,52,12,1.0,1.0,0.0,0.5,0.0,0.0
5,9,2024-12-30,0,1,12,0.0,1.0,0.0,0.5,0.0,1.0
5,9,2025-01-06,1,2,1,0.0,0.0,1.0,0.5,2.0,0.0
5,9,2025-01-13,0,3,1,1.0,0.0,1.0,0.5,0.0,0.0
5,9,2025-01-20,0,4,1,0.0,1.0,0.0,0.25,0.0,0.0
5,9,2025-01-27,0,5,1,0.0,0.0,0.0,0.25,0.0,0.0
5,9,2025-02-03,0,6,2,0.0,0.0,1.0,0.25,0.0,0.0
5,9,2025-02-10,0,7,2,0.0,0.0,0.0,0.0,1.0,0.0
5,9,2025-02-17,0,8,2,0.0,0.0,0.0,0.0,1.0,0.0
5,9,2025-02-24,0,9,2,0.0,0.0,0.0,0.0,1.0,0.0
5,9,2025-03-03,0,10,3,0.0,0.0,0.0,0.0,1.0,1.0
5,9,2025-03-10,1,11,3,0.0,0.0,0.0,0.0,1.0,2.0
5,9,2025-03-17,2,12,3,1.0,0.0,0.0,0.25,8.0,0.0
5,9,2025-03-24,0,13,3,2.0,1.0,0.0,0.75,0.0,0.0
5,9,2025-03-31,0,14,3,0.0,2.0,0.0,0.75,0.0,1.0
5,9,2025-04-07,1,15,4,0.0,0.0,1.0,0.75,1.3333333333333333,0.0
5,9,2025-04-14,0,16,4,1.0,0.0,2.0,0.75,0.0,0.0
5,9,2025-04-21,0,17,4,0.0,1.0,0.0,0.25,0.0,1.0
5,9,2025-04-28,1,18,4,0.0,0.0,0.0,0.25,4.0,1.0
5,9,2025-05-05,1,19,5,1.0,0.0,1.0,0.5,2.0,0.0
5,9,2025-05-12,0,20,5,1.0,1.0,0.0,0.5,0.0,2.0
5,9,2025-05-19,2,21,5,0.0,1.0,0.0,0.5,4.0,0.0
5,9,2025-05-26,0,22,5,2.0,0.0,1.0,1.0,0.0,1.0
5,9,2025-06-02,1,23,6,0.0,2.0,1.0,0.75,1.3333333333333333,0.0
5,9,2025-06-09,0,24,6,1.0,0.0,0.0,0.75,0.0,0.0
5,9,2025-06-16,0,25,6,0.0,1.0,2.0,0.75,0.0,0.0
5,9,2025-06-23,0,26,6,0.0,0.0,0.0,0.25,0.0,1.0
5,9,2025-06-30,1,27,6,0.0,0.0,1.0,0.25,4.0,0.0
5,9,2025-07-07,0,28,7,1.0,0.0,0.0,0.25,0.0,1.0
5,9,2025-07-14,1,29,7,0.0,1.0,0.0,0.25,4.0,0.0
5,9,2025-07-21,0,30,7,1.0,0.0,0.0,0.5,0.0,0.0
5,9,2025-07-28,0,31,7,0.0,1.0,1.0,0.5,0.0,0.0
5,9,2025-08-04,0,32,8,0.0,0.0,0.0,0.25,0.0,1.0
5,9,2025-08-11,1,33,8,0.0,0.0,1.0,0.25,4.0,0.0
5,9,2025-08-18,0,34,8,1.0,0.0,0.0,0.25,0.0,0.0
5,9,2025-08-25,0,35,8,0.0,1.0,0.0,0.25,0.0,0.0
5,9,2025-09-01,0,36,9,0.0,0.0,0.0,0.25,0.0,2.0
5,9,2025-09-08,2,37,9,0.0,0.0,1.0,0.25,8.0,0.0
5,9,2025-09-15,0,38,9,2.0,0.0,0.0,0.5,0.0,0.0
5,9,2025-09-22,0,39,9,0.0,2.0,0.0,0.5,0.0,1.0
5,9,2025-09-29,1,40,9,0.0,0.0,0.0,0.5,2.0,1.0
5,9,2025-10-06,1,41,10,1.0,0.0,2.0,0.75,1.3333333333333333,0.0
5,9,2025-10-13,0,42,10,1.0,1.0,0.0,0.5,0.0,0.0
5,9,2025-10-20,0,43,10,0.0,1.0,0.0,0.5,0.0,1.0
5,9,2025-10-27,1,44,10,0.0,0.0,1.0,0.5,2.0,0.0
5,9,2025-11-03,0,45,11,1.0,0.0,1.0,0.5,0.0,0.0
5,9,2025-11-10,0,46,11,0.0,1.0,0.0,0.25,0.0,1.0
5,9,2025-11-17,1,47,11,0.0,0.0,0.0,0.25,4.0,1.0
5,9,2025-11-24,1,48,11,1.0,0.0,1.0,0.5,2.0,0.0
5,9,2025-12-01,0,49,12,1.0,1.0,0.0,0.5,0.0,0.0
5,9,2025-12-08,0,50,12,0.0,1.0,0.0,0.5,0.0,0.0
5,9,2025-12-15,0,51,12,0.0,0.0,1.0,0.5,0.0,0.0
5,9,2025-12-22,0,52,12,0.0,0.0,1.0,0.25,0.0,0.0
5,9,2025-12-29,0,1,12,0.0,0.0,0.0,0.0,1.0,0.0
5,9,2026-01-05,0,2,1,0.0,0.0,0.0,0.0,1.0,0.0
5,9,2026-01-12,0,3,1,0.0,0.0,0.0,0.0,1.0,1.0
5,9,2026-01-19,1,4,1,0.0,0.0,0.0,0.0,1.0,1.0
5,9,2026-01-26,1,5,1,1.0,0.0,0.0,0.25,4.0,1.0
5,9,2026-02-02,1,6,2,1.0,1.0,0.0,0.5,2.0,1.0
5,9,2026-02-09,1,7,2,1.0,1.0,0.0,0.75,1.3333333333333333,0.0
5,9,2026-02-16,0,8,2,1.0,1.0,1.0,1.0,0.0,1.0
5,9,2026-02-23,1,9,2,0.0,1.0,1.0,0.75,1.3333333333333333,0.0
5,9,2026-03-02,0,10,3,1.0,0.0,1.0,0.75,0.0,1.0
5,9,2026-03-09,1,11,3,0.0,1.0,1.0,0.5,2.0,1.0
5,9,2026-03-16,1,12,3,1.0,0.0,0.0,0.5,2.0,0.0
5,9,2026-03-23,0,13,3,1.0,1.0,1.0,0.75,0.0,1.0
5,9,2026-03-30,1,14,3,0.0,1.0,0.0,0.5,2.0,0.0
5,9,2026-04-06,0,15,4,1.0,0.0,1.0,0.75,0.0,0.0
5,9,2026-04-13,0,16,4,0.0,1.0,1.0,0.5,0.0,0.0
5,9,2026-04-20,0,17,4,0.0,0.0,0.0,0.25,0.0,0.0
5,9,2026-04-27,0,18,4,0.0,0.0,1.0,0.25,0.0,0.0
5,9,2026-05-04,0,19,5,0.0,0.0,0.0,0.0,1.0,0.0
5,9,2026-05-11,0,20,5,0.0,0.0,0.0,0.0,1.0,0.0
5,9,2026-05-18,0,21,5,0.0,0.0,0.0,0.0,1.0,0.0
5,9,2026-05-25,0,22,5,0.0,0.0,0.0,0.0,1.0,0.0
5,9,2026-06-01,0,23,6,0.0,0.0,0.0,0.0,1.0,0.0
5,9,2026-06-08,0,24,6,0.0,0.0,0.0,0.0,1.0,0.0
5,9,2026-06-15,0,25,6,0.0,0.0,0.0,0.0,1.0,0.0
5,9,2026-06-22,0,26,6,0.0,0.0,0.0,0.0,1.0,0.0
5,10,2024-01-29,0,5,1,0.0,1.0,0.0,0.25,0.0,0.0
5,10,2024-02-05,0,6,2,0.0,0.0,0.0,0.25,0.0,0.0
5,10,2024-02-12,0,7,2,0.0,0.0,1.0,0.25,0.0,2.0
5,10,2024-02-19,2,8,2,0.0,0.0,0.0,0.0,1.0,0.0
5,10,2024-02-26,0,9,2,2.0,0.0,0.0,0.5,0.0,0.0
5,10,2024-03-04,0,10,3,0.0,2.0,0.0,0.5,0.0,1.0
5,10,2024-03-11,1,11,3,0.0,0.0,0.0,0.5,2.0,0.0
5,10,2024-03-18,0,12,3,1.0,0.0,2.0,0.75,0.0,0.0
5,10,2024-03-25,0,13,3,0.0,1.0,0.0,0.25,0.0,0.0
5,10,2024-04-01,0,14,4,0.0,0.0,0.0,0.25,0.0,1.0
5,10,2024-04-08,1,15,4,0.0,0.0,1.0,0.25,4.0,3.0
5,10,2024-04-15,3,16,4,1.0,0.0,0.0,0.25,12.0,0.0
5,10,2024-04-22,0,17,4,3.0,1.0,0.0,1.0,0.0,0.0
5,10,2024-04-29,0,18,4,0.0,3.0,0.0,1.0,0.0,1.0
5,10,2024-05-06,1,19,5,0.0,0.0,1.0,1.0,1.0,2.0
5,10,2024-05-13,2,20,5,1.0,0.0,3.0,1.0,2.0,0.0
5,10,2024-05-20,0,21,5,2.0,1.0,0.0,0.75,0.0,2.0
5,10,2024-05-27,2,22,5,0.0,2.0,0.0,0.75,2.6666666666666665,1.0
5,10,2024-06-03,1,23,6,2.0,0.0,1.0,1.25,0.8,0.0
5,10,2024-06-10,0,24,6,1.0,2.0,2.0,1.25,0.0,0.0
5,10,2024-06-17,0,25,6,0.0,1.0,0.0,0.75,0.0,1.0
5,10,2024-06-24,1,26,6,0.0,0.0,2.0,0.75,1.3333333333333333,0.0
5,10,2024-07-01,0,27,7,1.0,0.0,1.0,0.5,0.0,0.0
5,10,2024-07-08,0,28,7,0.0,1.0,0.0,0.25,0.0,0.0
5,10,2024-07-15,0,29,7,0.0,0.0,0.0,0.25,0.0,1.0
5,10,2024-07-22,1,30,7,0.0,0.0,1.0,0.25,4.0,1.0
5,10,2024-07-29,1,31,7,1.0,0.0,0.0,0.25,4.0,1.0
5,10,2024-08-05,1,32,8,1.0,1.0,0.0,0.5,2.0,0.0
5,10,2024-08-12,0,33,8,1.0,1.0,0.0,0.75,0.0,0.0
5,10,2024-08-19,0,34,8,0.0,1.0,1.0,0.75,0.0,0.0
5,10,2024-08-26,0,35,8,0.0,0.0,1.0,0.5,0.0,1.0
5,10,2024-09-02,1,36,9,0.0,0.0,1.0,0.25,4.0,0.0
5,10,2024-09-09,0,37,9,1.0,0.0,0.0,0.25,0.0,0.0
5,10,2024-09-16,0,38,9,0.0,1.0,0.0,0.25,0.0,0.0
5,10,2024-09-23,0,39,9,0.0,0.0,0.0,0.25,0.0,1.0
5,10,2024-09-30,1,40,9,0.0,0.0,1.0,0.25,4.0,0.0
5,10,2024-10-07,0,41,10,1.0,0.0,0.0,0.25,0.0,1.0
5,10,2024-10-14,1,42,10,0.0,1.0,0.0,0.25,4.0,0.0
5,10,2024-10-21,0,43,10,1.0,0.0,0.0,0.5,0.0,1.0
5,10,2024-10-28,1,44,10,0.0,1.0,1.0,0.5,2.0,1.0
5,10,2024-11-04,1,45,11,1.0,0.0,0.0,0.5,2.0,1.0
5,10,2024-11-11,1,46,11,1.0,1.0,1.0,0.75,1.3333333333333333,0.0
5,10,2024-11-18,0,47,11,1.0,1.0,0.0,0.75,0.0,1.0
5,10,2024-11-25,1,48,11,0.0,1.0,1.0,0.75,1.3333333333333333,1.0
5,10,2024-12-02,1,49,12,1.0,0.0,1.0,0.75,1.3333333333333333,1.0
5,10,2024-12-09,1,50,12,1.0,1.0,1.0,0.75,1.3333333333333333,1.0
5,10,2024-12-16,1,51,12,1.0,1.0,0.0,0.75,1.3333333333333333,0.0
5,10,2024-12-23,0,52,12,1.0,1.0,1.0,1.0,0.0,0.0
5,10,2024-12-30,0,1,12,0.0,1.0,1.0,0.75,0.0,2.0
5,10,2025-01-06,2,2,1,0.0,0.0,1.0,0.5,4.0,0.0
5,10,2025-01-13,0,3,1,2.0,0.0,1.0,0.75,0.0,0.0
5,10,2025-01-20,0,4,1,0.0,2.0,0.0,0.5,0.0,0.0
5,10,2025-01-27,0,5,1,0.0,0.0,0.0,0.5,0.0,1.0
5,10,2025-02-03,1,6,2,0.0,0.0,2.0,0.5,2.0,0.0
5,10,2025-02-10,0,7,2,1.0,0.0,0.0,0.25,0.0,2.0
5,10,2025-02-17,2,8,2,0.0,1.0,0.0,0.25,8.0,1.0
5,10,2025-02-24,1,9,2,2.0,0.0,0.0,0.75,1.3333333333333333,3.0
5,10,2025-03-03,3,10,3,1.0,2.0,1.0,1.0,3.0,1.0
5,10,2025-03-10,1,11,3,3.0,1.0,0.0,1.5,0.6666666666666666,0.0
5,10,2025-03-17,0,12,3,1.0,3.0,2.0,1.75,0.0,0.0
5,10,2025-03-24,0,13,3,0.0,1.0,1.0,1.25,0.0,0.0
5,10,2025-03-31,0,14,3,0.0,0.0,3.0,1.0,0.0,0.0
5,10,2025-04-07,0,15,4,0.0,0.0,1.0,0.25,0.0,2.0
5,10,2025-04-14,2,16,4,0.0,0.0,0.0,0.0,1.0,1.0
5,10,2025-04-21,1,17,4,2.0,0.0,0.0,0.5,2.0,0.0
5,10,2025-04-28,0,18,4,1.0,2.0,0.0,0.75,0.0,2.0
5,10,2025-05-05,2,19,5,0.0,1.0,0.0,0.75,2.6666666666666665,0.0
5,10,2025-05-12,0,20,5,2.0,0.0,2.0,1.25,0.0,1.0
5,10,2025-05-19,1,21,5,0.0,2.0,1.0,0.75,1.3333333333333333,0.0
5,10,2025-05-26,0,22,5,1.0,0.0,0.0,0.75,0.0,1.0
5,10,2025-06-02,1,23,6,0.0,1.0,2.0,0.75,1.3333333333333333,0.0
5,10,2025-06-09,0,24,6,1.0,0.0,0.0,0.5,0.0,0.0
5,10,2025-06-16,0,25,6,0.0,1.0,1.0,0.5,0.0,0.0
5,10,2025-06-23,0,26,6,0.0,0.0,0.0,0.25,0.0,0.0
5,10,2025-06-30,0,27,6,0.0,0.0,1.0,0.25,0.0,0.0
5,10,2025-07-07,0,28,7,0.0,0.0,0.0,0.0,1.0,0.0
5,10,2025-07-14,0,29,7,0.0,0.0,0.0,0.0,1.0,0.0
5,10,2025-07-21,0,30,7,0.0,0.0,0.0,0.0,1.0,0.0
5,10,2025-07-28,0,31,7,0.0,0.0,0.0,0.0,1.0,0.0
5,10,2025-08-04,0,32,8,0.0,0.0,0.0,0.0,1.0,1.0
5,10,2025-08-11,1,33,8,0.0,0.0,0.0,0.0,1.0,0.0
5,10,2025-08-18,0,34,8,1.0,0.0,0.0,0.25,0.0,0.0
5,10,2025-08-25,0,35,8,0.0,1.0,0.0,0.25,0.0,0.0
5,10,2025-09-01,0,36,9,0.0,0.0,0.0,0.25,0.0,0.0
5,10,2025-09-08,0,37,9,0.0,0.0,1.0,0.25,0.0,0.0
5,10,2025-09-15,0,38,9,0.0,0.0,0.0,0.0,1.0,0.0
5,10,2025-09-22,0,39,9,0.0,0.0,0.0,0.0,1.0,1.0
5,10,2025-09-29,1,40,9,0.0,0.0,0.0,0.0,1.0,0.0
5,10,2025-10-06,0,41,10,1.0,0.0,0.0,0.25,0.0,0.0
5,10,2025-10-13,0,42,10,0.0,1.0,0.0,0.25,0.0,0.0
5,10,2025-10-20,0,43,10,0.0,0.0,0.0,0.25,0.0,1.0
5,10,2025-10-27,1,44,10,0.0,0.0,1.0,0.25,4.0,0.0
5,10,2025-11-03,0,45,11,1.0,0.0,0.0,0.25,0.0,1.0
5,10,2025-11-10,1,46,11,0.0,1.0,0.0,0.25,4.0,1.0
5,10,2025-11-17,1,47,11,1.0,0.0,0.0,0.5,2.0,1.0
5,10,2025-11-24,1,48,11,1.0,1.0,1.0,0.75,1.3333333333333333,0.0
5,10,2025-12-01,0,49,12,1.0,1.0,0.0,0.75,0.0,1.0
5,10,2025-12-08,1,50,12,0.0,1.0,1.0,0.75,1.3333333333333333,0.0
5,10,2025-12-15,0,51,12,1.0,0.0,1.0,0.75,0.0,0.0
5,10,2025-12-22,0,52,12,0.0,1.0,1.0,0.5,0.0,0.0
5,10,2025-12-29,0,1,12,0.0,0.0,0.0,0.25,0.0,1.0
5,10,2026-01-05,1,2,1,0.0,0.0,1.0,0.25,4.0,0.0
5,10,2026-01-12,0,3,1,1.0,0.0,0.0,0.25,0.0,0.0
5,10,2026-01-19,0,4,1,0.0,1.0,0.0,0.25,0.0,0.0
5,10,2026-01-26,0,5,1,0.0,0.0,0.0,0.25,0.0,1.0
5,10,2026-02-02,1,6,2,0.0,0.0,1.0,0.25,4.0,1.0
5,10,2026-02-09,1,7,2,1.0,0.0,0.0,0.25,4.0,0.0
5,10,2026-02-16,0,8,2,1.0,1.0,0.0,0.5,0.0,1.0
5,10,2026-02-23,1,9,2,0.0,1.0,0.0,0.5,2.0,0.0
5,10,2026-03-02,0,10,3,1.0,0.0,1.0,0.75,0.0,0.0
5,10,2026-03-09,0,11,3,0.0,1.0,1.0,0.5,0.0,0.0
5,10,2026-03-16,0,12,3,0.0,0.0,0.0,0.25,0.0,0.0
5,10,2026-03-23,0,13,3,0.0,0.0,1.0,0.25,0.0,1.0
5,10,2026-03-30,1,14,3,0.0,0.0,0.0,0.0,1.0,0.0
5,10,2026-04-06,0,15,4,1.0,0.0,0.0,0.25,0.0,0.0
5,10,2026-04-13,0,16,4,0.0,1.0,0.0,0.25,0.0,0.0
5,10,2026-04-20,0,17,4,0.0,0.0,0.0,0.25,0.0,0.0
5,10,2026-04-27,0,18,4,0.0,0.0,1.0,0.25,0.0,0.0
5,10,2026-05-04,0,19,5,0.0,0.0,0.0,0.0,1.0,0.0
5,10,2026-05-11,0,20,5,0.0,0.0,0.0,0.0,1.0,0.0
5,10,2026-05-18,0,21,5,0.0,0.0,0.0,0.0,1.0,1.0
5,10,2026-05-25,1,22,5,0.0,0.0,0.0,0.0,1.0,1.0
5,10,2026-06-01,1,23,6,1.0,0.0,0.0,0.25,4.0,0.0
5,10,2026-06-08,0,24,6,1.0,1.0,0.0,0.5,0.0,0.0
5,10,2026-06-15,0,25,6,0.0,1.0,0.0,0.5,0.0,1.0
5,10,2026-06-22,1,26,6,0.0,0.0,1.0,0.5,2.0,0.0
5,11,2024-01-29,1,5,1,0.0,0.0,0.0,0.0,1.0,0.0
5,11,2024-02-05,0,6,2,1.0,0.0,0.0,0.25,0.0,0.0
5,11,2024-02-12,0,7,2,0.0,1.0,0.0,0.25,0.0,2.0
5,11,2024-02-19,2,8,2,0.0,0.0,0.0,0.25,8.0,0.0
5,11,2024-02-26,0,9,2,2.0,0.0,1.0,0.75,0.0,0.0
5,11,2024-03-04,0,10,3,0.0,2.0,0.0,0.5,0.0,1.0
5,11,2024-03-11,1,11,3,0.0,0.0,0.0,0.5,2.0,0.0
5,11,2024-03-18,0,12,3,1.0,0.0,2.0,0.75,0.0,0.0
5,11,2024-03-25,0,13,3,0.0,1.0,0.0,0.25,0.0,0.0
5,11,2024-04-01,0,14,4,0.0,0.0,0.0,0.25,0.0,0.0
5,11,2024-04-08,0,15,4,0.0,0.0,1.0,0.25,0.0,0.0
5,11,2024-04-15,0,16,4,0.0,0.0,0.0,0.0,1.0,0.0
5,11,2024-04-22,0,17,4,0.0,0.0,0.0,0.0,1.0,1.0
5,11,2024-04-29,1,18,4,0.0,0.0,0.0,0.0,1.0,2.0
5,11,2024-05-06,2,19,5,1.0,0.0,0.0,0.25,8.0,4.0
5,11,2024-05-13,4,20,5,2.0,1.0,0.0,0.75,5.333333333333333,0.0
5,11,2024-05-20,0,21,5,4.0,2.0,0.0,1.75,0.0,1.0
5,11,2024-05-27,1,22,5,0.0,4.0,1.0,1.75,0.5714285714285714,0.0
5,11,2024-06-03,0,23,6,1.0,0.0,2.0,1.75,0.0,0.0
5,11,2024-06-10,0,24,6,0.0,1.0,4.0,1.25,0.0,2.0
5,11,2024-06-17,2,25,6,0.0,0.0,0.0,0.25,8.0,1.0
5,11,2024-06-24,1,26,6,2.0,0.0,1.0,0.75,1.3333333333333333,1.0
5,11,2024-07-01,1,27,7,1.0,2.0,0.0,0.75,1.3333333333333333,1.0
5,11,2024-07-08,1,28,7,1.0,1.0,0.0,1.0,1.0,1.0
5,11,2024-07-15,1,29,7,1.0,1.0,2.0,1.25,0.8,0.0
5,11,2024-07-22,0,30,7,1.0,1.0,1.0,1.0,0.0,0.0
5,11,2024-07-29,0,31,7,0.0,1.0,1.0,0.75,0.0,0.0
5,11,2024-08-05,0,32,8,0.0,0.0,1.0,0.5,0.0,0.0
5,11,2024-08-12,0,33,8,0.0,0.0,1.0,0.25,0.0,0.0
5,11,2024-08-19,0,34,8,0.0,0.0,0.0,0.0,1.0,0.0
5,11,2024-08-26,0,35,8,0.0,0.0,0.0,0.0,1.0,1.0
5,11,2024-09-02,1,36,9,0.0,0.0,0.0,0.0,1.0,1.0
5,11,2024-09-09,1,37,9,1.0,0.0,0.0,0.25,4.0,1.0
5,11,2024-09-16,1,38,9,1.0,1.0,0.0,0.5,2.0,0.0
5,11,2024-09-23,0,39,9,1.0,1.0,0.0,0.75,0.0,0.0
5,11,2024-09-30,0,40,9,0.0,1.0,1.0,0.75,0.0,1.0
5,11,2024-10-07,1,41,10,0.0,0.0,1.0,0.5,2.0,1.0
5,11,2024-10-14,1,42,10,1.0,0.0,1.0,0.5,2.0,0.0
5,11,2024-10-21,0,43,10,1.0,1.0,0.0,0.5,0.0,0.0
5,11,2024-10-28,0,44,10,0.0,1.0,0.0,0.5,0.0,1.0
5,11,2024-11-04,1,45,11,0.0,0.0,1.0,0.5,2.0,1.0
5,11,2024-11-11,1,46,11,1.0,0.0,1.0,0.5,2.0,1.0
5,11,2024-11-18,1,47,11,1.0,1.0,0.0,0.5,2.0,0.0
5,11,2024-11-25,0,48,11,1.0,1.0,0.0,0.75,0.0,0.0
5,11,2024-12-02,0,49,12,0.0,1.0,1.0,0.75,0.0,0.0
5,11,2024-12-09,0,50,12,0.0,0.0,1.0,0.5,0.0,0.0
5,11,2024-12-16,0,51,12,0.0,0.0,1.0,0.25,0.0,2.0
5,11,2024-12-23,2,52,12,0.0,0.0,0.0,0.0,1.0,0.0
5,11,2024-12-30,0,1,12,2.0,0.0,0.0,0.5,0.0,0.0
5,11,2025-01-06,0,2,1,0.0,2.0,0.0,0.5,0.0,0.0
5,11,2025-01-13,0,3,1,0.0,0.0,0.0,0.5,0.0,0.0
5,11,2025-01-20,0,4,1,0.0,0.0,2.0,0.5,0.0,1.0
5,11,2025-01-27,1,5,1,0.0,0.0,0.0,0.0,1.0,2.0
5,11,2025-02-03,2,6,2,1.0,0.0,0.0,0.25,8.0,2.0
5,11,2025-02-10,2,7,2,2.0,1.0,0.0,0.75,2.6666666666666665,1.0
5,11,2025-02-17,1,8,2,2.0,2.0,0.0,1.25,0.8,1.0
5,11,2025-02-24,1,9,2,1.0,2.0,1.0,1.5,0.6666666666666666,0.0
5,11,2025-03-03,0,10,3,1.0,1.0,2.0,1.5,0.0,2.0
5,11,2025-03-10,2,11,3,0.0,1.0,2.0,1.0,2.0,1.0
5,11,2025-03-17,1,12,3,2.0,0.0,1.0,1.0,1.0,1.0
5,11,2025-03-24,1,13,3,1.0,2.0,1.0,1.0,1.0,0.0
5,11,2025-03-31,0,14,3,1.0,1.0,0.0,1.0,0.0,1.0
5,11,2025-04-07,1,15,4,0.0,1.0,2.0,1.0,1.0,1.0
5,11,2025-04-14,1,16,4,1.0,0.0,1.0,0.75,1.3333333333333333,0.0
5,11,2025-04-21,0,17,4,1.0,1.0,1.0,0.75,0.0,1.0
5,11,2025-04-28,1,18,4,0.0,1.0,0.0,0.5,2.0,0.0
5,11,2025-05-05,0,19,5,1.0,0.0,1.0,0.75,0.0,1.0
5,11,2025-05-12,1,20,5,0.0,1.0,1.0,0.5,2.0,0.0
5,11,2025-05-19,0,21,5,1.0,0.0,0.0,0.5,0.0,0.0
5,11,2025-05-26,0,22,5,0.0,1.0,1.0,0.5,0.0,0.0
5,11,2025-06-02,0,23,6,0.0,0.0,0.0,0.25,0.0,1.0
5,11,2025-06-09,1,24,6,0.0,0.0,1.0,0.25,4.0,1.0
5,11,2025-06-16,1,25,6,1.0,0.0,0.0,0.25,4.0,0.0
5,11,2025-06-23,0,26,6,1.0,1.0,0.0,0.5,0.0,1.0
5,11,2025-06-30,1,27,6,0.0,1.0,0.0,0.5,2.0,1.0
5,11,2025-07-07,1,28,7,1.0,0.0,1.0,0.75,1.3333333333333333,0.0
5,11,2025-07-14,0,29,7,1.0,1.0,1.0,0.75,0.0,0.0
5,11,2025-07-21,0,30,7,0.0,1.0,0.0,0.5,0.0,0.0
5,11,2025-07-28,0,31,7,0.0,0.0,1.0,0.5,0.0,0.0
5,11,2025-08-04,0,32,8,0.0,0.0,1.0,0.25,0.0,1.0
5,11,2025-08-11,1,33,8,0.0,0.0,0.0,0.0,1.0,0.0
5,11,2025-08-18,0,34,8,1.0,0.0,0.0,0.25,0.0,0.0
5,11,2025-08-25,0,35,8,0.0,1.0,0.0,0.25,0.0,0.0
5,11,2025-09-01,0,36,9,0.0,0.0,0.0,0.25,0.0,0.0
5,11,2025-09-08,0,37,9,0.0,0.0,1.0,0.25,0.0,0.0
5,11,2025-09-15,0,38,9,0.0,0.0,0.0,0.0,1.0,2.0
5,11,2025-09-22,2,39,9,0.0,0.0,0.0,0.0,1.0,2.0
5,11,2025-09-29,2,40,9,2.0,0.0,0.0,0.5,4.0,0.0
5,11,2025-10-06,0,41,10,2.0,2.0,0.0,1.0,0.0,1.0
5,11,2025-10-13,1,42,10,0.0,2.0,0.0,1.0,1.0,0.0
5,11,2025-10-20,0,43,10,1.0,0.0,2.0,1.25,0.0,0.0
5,11,2025-10-27,0,44,10,0.0,1.0,2.0,0.75,0.0,0.0
5,11,2025-11-03,0,45,11,0.0,0.0,0.0,0.25,0.0,0.0
5,11,2025-11-10,0,46,11,0.0,0.0,1.0,0.25,0.0,1.0
5,11,2025-11-17,1,47,11,0.0,0.0,0.0,0.0,1.0,1.0
5,11,2025-11-24,1,48,11,1.0,0.0,0.0,0.25,4.0,0.0
5,11,2025-12-01,0,49,12,1.0,1.0,0.0,0.5,0.0,0.0
5,11,2025-12-08,0,50,12,0.0,1.0,0.0,0.5,0.0,1.0
5,11,2025-12-15,1,51,12,0.0,0.0,1.0,0.5,2.0,0.0
5,11,2025-12-22,0,52,12,1.0,0.0,1.0,0.5,0.0,1.0
5,11,2025-12-29,1,1,12,0.0,1.0,0.0,0.25,4.0,1.0
5,11,2026-01-05,1,2,1,1.0,0.0,0.0,0.5,2.0,1.0
5,11,2026-01-12,1,3,1,1.0,1.0,1.0,0.75,1.3333333333333333,0.0
5,11,2026-01-19,0,4,1,1.0,1.0,0.0,0.75,0.0,0.0
5,11,2026-01-26,0,5,1,0.0,1.0,1.0,0.75,0.0,1.0
5,11,2026-02-02,1,6,2,0.0,0.0,1.0,0.5,2.0,0.0
5,11,2026-02-09,0,7,2,1.0,0.0,1.0,0.5,0.0,1.0
5,11,2026-02-16,1,8,2,0.0,1.0,0.0,0.25,4.0,1.0
5,11,2026-02-23,1,9,2,1.0,0.0,0.0,0.5,2.0,2.0
5,11,2026-03-02,2,10,3,1.0,1.0,1.0,0.75,2.6666666666666665,0.0
5,11,2026-03-09,0,11,3,2.0,1.0,0.0,1.0,0.0,1.0
5,11,2026-03-16,1,12,3,0.0,2.0,1.0,1.0,1.0,1.0
5,11,2026-03-23,1,13,3,1.0,0.0,1.0,1.0,1.0,1.0
5,11,2026-03-30,1,14,3,1.0,1.0,2.0,1.0,1.0,0.0
5,11,2026-04-06,0,15,4,1.0,1.0,0.0,0.75,0.0,0.0
5,11,2026-04-13,0,16,4,0.0,1.0,1.0,0.75,0.0,0.0
5,11,2026-04-20,0,17,4,0.0,0.0,1.0,0.5,0.0,0.0
5,11,2026-04-27,0,18,4,0.0,0.0,1.0,0.25,0.0,0.0
5,11,2026-05-04,0,19,5,0.0,0.0,0.0,0.0,1.0,0.0
5,11,2026-05-11,0,20,5,0.0,0.0,0.0,0.0,1.0,1.0
5,11,2026-05-18,1,21,5,0.0,0.0,0.0,0.0,1.0,0.0
5,11,2026-05-25,0,22,5,1.0,0.0,0.0,0.25,0.0,0.0
5,11,2026-06-01,0,23,6,0.0,1.0,0.0,0.25,0.0,0.0
5,11,2026-06-08,0,24,6,0.0,0.0,0.0,0.25,0.0,1.0
5,11,2026-06-15,1,25,6,0.0,0.0,1.0,0.25,4.0,0.0
5,11,2026-06-22,0,26,6,1.0,0.0,0.0,0.25,0.0,0.0
5,12,2024-01-29,0,5,1,1.0,1.0,0.0,0.5,0.0,1.0
5,12,2024-02-05,1,6,2,0.0,1.0,0.0,0.5,2.0,0.0
5,12,2024-02-12,0,7,2,1.0,0.0,1.0,0.75,0.0,0.0
5,12,2024-02-19,0,8,2,0.0,1.0,1.0,0.5,0.0,0.0
5,12,2024-02-26,0,9,2,0.0,0.0,0.0,0.25,0.0,0.0
5,12,2024-03-04,0,10,3,0.0,0.0,1.0,0.25,0.0,1.0
5,12,2024-03-11,1,11,3,0.0,0.0,0.0,0.0,1.0,1.0
5,12,2024-03-18,1,12,3,1.0,0.0,0.0,0.25,4.0,1.0
5,12,2024-03-25,1,13,3,1.0,1.0,0.0,0.5,2.0,1.0
5,12,2024-04-01,1,14,4,1.0,1.0,0.0,0.75,1.3333333333333333,1.0
5,12,2024-04-08,1,15,4,1.0,1.0,1.0,1.0,1.0,1.0
5,12,2024-04-15,1,16,4,1.0,1.0,1.0,1.0,1.0,1.0
5,12,2024-04-22,1,17,4,1.0,1.0,1.0,1.0,1.0,1.0
5,12,2024-04-29,1,18,4,1.0,1.0,1.0,1.0,1.0,0.0
5,12,2024-05-06,0,19,5,1.0,1.0,1.0,1.0,0.0,0.0
5,12,2024-05-13,0,20,5,0.0,1.0,1.0,0.75,0.0,1.0
5,12,2024-05-20,1,21,5,0.0,0.0,1.0,0.5,2.0,2.0
5,12,2024-05-27,2,22,5,1.0,0.0,1.0,0.5,4.0,0.0
5,12,2024-06-03,0,23,6,2.0,1.0,0.0,0.75,0.0,0.0
5,12,2024-06-10,0,24,6,0.0,2.0,0.0,0.75,0.0,0.0
5,12,2024-06-17,0,25,6,0.0,0.0,1.0,0.75,0.0,2.0
5,12,2024-06-24,2,26,6,0.0,0.0,2.0,0.5,4.0,0.0
5,12,2024-07-01,0,27,7,2.0,0.0,0.0,0.5,0.0,2.0
5,12,2024-07-08,2,28,7,0.0,2.0,0.0,0.5,4.0,2.0
5,12,2024-07-15,2,29,7,2.0,0.0,0.0,1.0,2.0,1.0
5,12,2024-07-22,1,30,7,2.0,2.0,2.0,1.5,0.6666666666666666,1.0
5,12,2024-07-29,1,31,7,1.0,2.0,0.0,1.25,0.8,0.0
5,12,2024-08-05,0,32,8,1.0,1.0,2.0,1.5,0.0,1.0
5,12,2024-08-12,1,33,8,0.0,1.0,2.0,1.0,1.0,0.0
5,12,2024-08-19,0,34,8,1.0,0.0,1.0,0.75,0.0,0.0
5,12,2024-08-26,0,35,8,0.0,1.0,1.0,0.5,0.0,3.0
5,12,2024-09-02,3,36,9,0.0,0.0,0.0,0.25,12.0,1.0
5,12,2024-09-09,1,37,9,3.0,0.0,1.0,1.0,1.0,1.0
5,12,2024-09-16,1,38,9,1.0,3.0,0.0,1.0,1.0,0.0
5,12,2024-09-23,0,39,9,1.0,1.0,0.0,1.25,0.0,0.0
5,12,2024-09-30,0,40,9,0.0,1.0,3.0,1.25,0.0,0.0
5,12,2024-10-07,0,41,10,0.0,0.0,1.0,0.5,0.0,0.0
5,12,2024-10-14,0,42,10,0.0,0.0,1.0,0.25,0.0,1.0
5,12,2024-10-21,1,43,10,0.0,0.0,0.0,0.0,1.0,0.0
5,12,2024-10-28,0,44,10,1.0,0.0,0.0,0.25,0.0,1.0
5,12,2024-11-04,1,45,11,0.0,1.0,0.0,0.25,4.0,0.0
5,12,2024-11-11,0,46,11,1.0,0.0,0.0,0.5,0.0,0.0
5,12,2024-11-18,0,47,11,0.0,1.0,1.0,0.5,0.0,0.0
5,12,2024-11-25,0,48,11,0.0,0.0,0.0,0.25,0.0,0.0
5,12,2024-12-02,0,49,12,0.0,0.0,1.0,0.25,0.0,1.0
5,12,2024-12-09,1,50,12,0.0,0.0,0.0,0.0,1.0,2.0
5,12,2024-12-16,2,51,12,1.0,0.0,0.0,0.25,8.0,1.0
5,12,2024-12-23,1,52,12,2.0,1.0,0.0,0.75,1.3333333333333333,0.0
5,12,2024-12-30,0,1,12,1.0,2.0,0.0,1.0,0.0,0.0
5,12,2025-01-06,0,2,1,0.0,1.0,1.0,1.0,0.0,0.0
5,12,2025-01-13,0,3,1,0.0,0.0,2.0,0.75,0.0,1.0
5,12,2025-01-20,1,4,1,0.0,0.0,1.0,0.25,4.0,1.0
5,12,2025-01-27,1,5,1,1.0,0.0,0.0,0.25,4.0,0.0
5,12,2025-02-03,0,6,2,1.0,1.0,0.0,0.5,0.0,1.0
5,12,2025-02-10,1,7,2,0.0,1.0,0.0,0.5,2.0,0.0
5,12,2025-02-17,0,8,2,1.0,0.0,1.0,0.75,0.0,0.0
5,12,2025-02-24,0,9,2,0.0,1.0,1.0,0.5,0.0,0.0
5,12,2025-03-03,0,10,3,0.0,0.0,0.0,0.25,0.0,0.0
5,12,2025-03-10,0,11,3,0.0,0.0,1.0,0.25,0.0,1.0
5,12,2025-03-17,1,12,3,0.0,0.0,0.0,0.0,1.0,1.0
5,12,2025-03-24,1,13,3,1.0,0.0,0.0,0.25,4.0,1.0
5,12,2025-03-31,1,14,3,1.0,1.0,0.0,0.5,2.0,1.0
5,12,2025-04-07,1,15,4,1.0,1.0,0.0,0.75,1.3333333333333333,0.0
5,12,2025-04-14,0,16,4,1.0,1.0,1.0,1.0,0.0,0.0
5,12,2025-04-21,0,17,4,0.0,1.0,1.0,0.75,0.0,0.0
5,12,2025-04-28,0,18,4,0.0,0.0,1.0,0.5,0.0,0.0
5,12,2025-05-05,0,19,5,0.0,0.0,1.0,0.25,0.0,0.0
5,12,2025-05-12,0,20,5,0.0,0.0,0.0,0.0,1.0,1.0
5,12,2025-05-19,1,21,5,0.0,0.0,0.0,0.0,1.0,1.0
5,12,2025-05-26,1,22,5,1.0,0.0,0.0,0.25,4.0,0.0
5,12,2025-06-02,0,23,6,1.0,1.0,0.0,0.5,0.0,2.0
5,12,2025-06-09,2,24,6,0.0,1.0,0.0,0.5,4.0,0.0
5,12,2025-06-16,0,25,6,2.0,0.0,1.0,1.0,0.0,0.0
5,12,2025-06-23,0,26,6,0.0,2.0,1.0,0.75,0.0,1.0
5,12,2025-06-30,1,27,6,0.0,0.0,0.0,0.5,2.0,0.0
5,12,2025-07-07,0,28,7,1.0,0.0,2.0,0.75,0.0,0.0
5,12,2025-07-14,0,29,7,0.0,1.0,0.0,0.25,0.0,0.0
5,12,2025-07-21,0,30,7,0.0,0.0,0.0,0.25,0.0,0.0
5,12,2025-07-28,0,31,7,0.0,0.0,1.0,0.25,0.0,0.0
5,12,2025-08-04,0,32,8,0.0,0.0,0.0,0.0,1.0,1.0
5,12,2025-08-11,1,33,8,0.0,0.0,0.0,0.0,1.0,0.0
5,12,2025-08-18,0,34,8,1.0,0.0,0.0,0.25,0.0,1.0
5,12,2025-08-25,1,35,8,0.0,1.0,0.0,0.25,4.0,0.0
5,12,2025-09-01,0,36,9,1.0,0.0,0.0,0.5,0.0,2.0
5,12,2025-09-08,2,37,9,0.0,1.0,1.0,0.5,4.0,1.0
5,12,2025-09-15,1,38,9,2.0,0.0,0.0,0.75,1.3333333333333333,0.0
5,12,2025-09-22,0,39,9,1.0,2.0,1.0,1.0,0.0,1.0
5,12,2025-09-29,1,40,9,0.0,1.0,0.0,0.75,1.3333333333333333,0.0
5,12,2025-10-06,0,41,10,1.0,0.0,2.0,1.0,0.0,2.0
5,12,2025-10-13,2,42,10,0.0,1.0,1.0,0.5,4.0,1.0
5,12,2025-10-20,1,43,10,2.0,0.0,0.0,0.75,1.3333333333333333,0.0
5,12,2025-10-27,0,44,10,1.0,2.0,1.0,1.0,0.0,0.0
5,12,2025-11-03,0,45,11,0.0,1.0,0.0,0.75,0.0,0.0
5,12,2025-11-10,0,46,11,0.0,0.0,2.0,0.75,0.0,0.0
5,12,2025-11-17,0,47,11,0.0,0.0,1.0,0.25,0.0,1.0
5,12,2025-11-24,1,48,11,0.0,0.0,0.0,0.0,1.0,0.0
5,12,2025-12-01,0,49,12,1.0,0.0,0.0,0.25,0.0,1.0
5,12,2025-12-08,1,50,12,0.0,1.0,0.0,0.25,4.0,0.0
5,12,2025-12-15,0,51,12,1.0,0.0,0.0,0.5,0.0,1.0
5,12,2025-12-22,1,52,12,0.0,1.0,1.0,0.5,2.0,3.0
5,12,2025-12-29,3,1,12,1.0,0.0,0.0,0.5,6.0,0.0
5,12,2026-01-05,0,2,1,3.0,1.0,1.0,1.25,0.0,0.0
5,12,2026-01-12,0,3,1,0.0,3.0,0.0,1.0,0.0,0.0
5,12,2026-01-19,0,4,1,0.0,0.0,1.0,1.0,0.0,0.0
5,12,2026-01-26,0,5,1,0.0,0.0,3.0,0.75,0.0,0.0
5,12,2026-02-02,0,6,2,0.0,0.0,0.0,0.0,1.0,0.0
5,12,2026-02-09,0,7,2,0.0,0.0,0.0,0.0,1.0,0.0
5,12,2026-02-16,0,8,2,0.0,0.0,0.0,0.0,1.0,0.0
5,12,2026-02-23,0,9,2,0.0,0.0,0.0,0.0,1.0,1.0
5,12,2026-03-02,1,10,3,0.0,0.0,0.0,0.0,1.0,0.0
5,12,2026-03-09,0,11,3,1.0,0.0,0.0,0.25,0.0,0.0
5,12,2026-03-16,0,12,3,0.0,1.0,0.0,0.25,0.0,1.0
5,12,2026-03-23,1,13,3,0.0,0.0,0.0,0.25,4.0,1.0
5,12,2026-03-30,1,14,3,1.0,0.0,1.0,0.5,2.0,0.0
5,12,2026-04-06,0,15,4,1.0,1.0,0.0,0.5,0.0,0.0
5,12,2026-04-13,0,16,4,0.0,1.0,0.0,0.5,0.0,2.0
5,12,2026-04-20,2,17,4,0.0,0.0,1.0,0.5,4.0,1.0
5,12,2026-04-27,1,18,4,2.0,0.0,1.0,0.75,1.3333333333333333,1.0
5,12,2026-05-04,1,19,5,1.0,2.0,0.0,0.75,1.3333333333333333,0.0
5,12,2026-05-11,0,20,5,1.0,1.0,0.0,1.0,0.0,0.0
5,12,2026-05-18,0,21,5,0.0,1.0,2.0,1.0,0.0,0.0
5,12,2026-05-25,0,22,5,0.0,0.0,1.0,0.5,0.0,1.0
5,12,2026-06-01,1,23,6,0.0,0.0,1.0,0.25,4.0,1.0
5,12,2026-06-08,1,24,6,1.0,0.0,0.0,0.25,4.0,0.0
5,12,2026-06-15,0,25,6,1.0,1.0,0.0,0.5,0.0,2.0
5,12,2026-06-22,2,26,6,0.0,1.0,0.0,0.5,4.0,0.0
5,13,2024-01-29,0,5,1,0.0,1.0,0.0,0.25,0.0,0.0
5,13,2024-02-05,0,6,2,0.0,0.0,0.0,0.25,0.0,0.0
5,13,2024-02-12,0,7,2,0.0,0.0,1.0,0.25,0.0,0.0
5,13,2024-02-19,0,8,2,0.0,0.0,0.0,0.0,1.0,1.0
5,13,2024-02-26,1,9,2,0.0,0.0,0.0,0.0,1.0,0.0
5,13,2024-03-04,0,10,3,1.0,0.0,0.0,0.25,0.0,0.0
5,13,2024-03-11,0,11,3,0.0,1.0,0.0,0.25,0.0,1.0
5,13,2024-03-18,1,12,3,0.0,0.0,0.0,0.25,4.0,1.0
5,13,2024-03-25,1,13,3,1.0,0.0,1.0,0.5,2.0,0.0
5,13,2024-04-01,0,14,4,1.0,1.0,0.0,0.5,0.0,0.0
5,13,2024-04-08,0,15,4,0.0,1.0,0.0,0.5,0.0,0.0
5,13,2024-04-15,0,16,4,0.0,0.0,1.0,0.5,0.0,1.0
5,13,2024-04-22,1,17,4,0.0,0.0,1.0,0.25,4.0,2.0
5,13,2024-04-29,2,18,4,1.0,0.0,0.0,0.25,8.0,0.0
5,13,2024-05-06,0,19,5,2.0,1.0,0.0,0.75,0.0,0.0
5,13,2024-05-13,0,20,5,0.0,2.0,0.0,0.75,0.0,0.0
5,13,2024-05-20,0,21,5,0.0,0.0,1.0,0.75,0.0,0.0
5,13,2024-05-27,0,22,5,0.0,0.0,2.0,0.5,0.0,0.0
5,13,2024-06-03,0,23,6,0.0,0.0,0.0,0.0,1.0,0.0
5,13,2024-06-10,0,24,6,0.0,0.0,0.0,0.0,1.0,0.0
5,13,2024-06-17,0,25,6,0.0,0.0,0.0,0.0,1.0,1.0
5,13,2024-06-24,1,26,6,0.0,0.0,0.0,0.0,1.0,1.0
5,13,2024-07-01,1,27,7,1.0,0.0,0.0,0.25,4.0,0.0
5,13,2024-07-08,0,28,7,1.0,1.0,0.0,0.5,0.0,2.0
5,13,2024-07-15,2,29,7,0.0,1.0,0.0,0.5,4.0,1.0
5,13,2024-07-22,1,30,7,2.0,0.0,1.0,1.0,1.0,1.0
5,13,2024-07-29,1,31,7,1.0,2.0,1.0,1.0,1.0,1.0
5,13,2024-08-05,1,32,8,1.0,1.0,0.0,1.0,1.0,0.0
5,13,2024-08-12,0,33,8,1.0,1.0,2.0,1.25,0.0,0.0
5,13,2024-08-19,0,34,8,0.0,1.0,1.0,0.75,0.0,1.0
5,13,2024-08-26,1,35,8,0.0,0.0,1.0,0.5,2.0,0.0
5,13,2024-09-02,0,36,9,1.0,0.0,1.0,0.5,0.0,0.0
5,13,2024-09-09,0,37,9,0.0,1.0,0.0,0.25,0.0,0.0
5,13,2024-09-16,0,38,9,0.0,0.0,0.0,0.25,0.0,1.0
5,13,2024-09-23,1,39,9,0.0,0.0,1.0,0.25,4.0,0.0
5,13,2024-09-30,0,40,9,1.0,0.0,0.0,0.25,0.0,0.0
5,13,2024-10-07,0,41,10,0.0,1.0,0.0,0.25,0.0,0.0
5,13,2024-10-14,0,42,10,0.0,0.0,0.0,0.25,0.0,1.0
5,13,2024-10-21,1,43,10,0.0,0.0,1.0,0.25,4.0,0.0
5,13,2024-10-28,0,44,10,1.0,0.0,0.0,0.25,0.0,2.0
5,13,2024-11-04,2,45,11,0.0,1.0,0.0,0.25,8.0,1.0
5,13,2024-11-11,1,46,11,2.0,0.0,0.0,0.75,1.3333333333333333,0.0
5,13,2024-11-18,0,47,11,1.0,2.0,1.0,1.0,0.0,0.0
5,13,2024-11-25,0,48,11,0.0,1.0,0.0,0.75,0.0,0.0
5,13,2024-12-02,0,49,12,0.0,0.0,2.0,0.75,0.0,2.0
5,13,2024-12-09,2,50,12,0.0,0.0,1.0,0.25,8.0,3.0
5,13,2024-12-16,3,51,12,2.0,0.0,0.0,0.5,6.0,1.0
5,13,2024-12-23,1,52,12,3.0,2.0,0.0,1.25,0.8,0.0
5,13,2024-12-30,0,1,12,1.0,3.0,0.0,1.5,0.0,0.0
5,13,2025-01-06,0,2,1,0.0,1.0,2.0,1.5,0.0,0.0
5,13,2025-01-13,0,3,1,0.0,0.0,3.0,1.0,0.0,0.0
5,13,2025-01-20,0,4,1,0.0,0.0,1.0,0.25,0.0,1.0
5,13,2025-01-27,1,5,1,0.0,0.0,0.0,0.0,1.0,1.0
5,13,2025-02-03,1,6,2,1.0,0.0,0.0,0.25,4.0,1.0
5,13,2025-02-10,1,7,2,1.0,1.0,0.0,0.5,2.0,3.0
5,13,2025-02-17,3,8,2,1.0,1.0,0.0,0.75,4.0,0.0
5,13,2025-02-24,0,9,2,3.0,1.0,1.0,1.5,0.0,2.0
5,13,2025-03-03,2,10,3,0.0,3.0,1.0,1.25,1.6,1.0
5,13,2025-03-10,1,11,3,2.0,0.0,1.0,1.5,0.6666666666666666,0.0
5,13,2025-03-17,0,12,3,1.0,2.0,3.0,1.5,0.0,0.0
5,13,2025-03-24,0,13,3,0.0,1.0,0.0,0.75,0.0,0.0
5,13,2025-03-31,0,14,3,0.0,0.0,2.0,0.75,0.0,0.0
5,13,2025-04-07,0,15,4,0.0,0.0,1.0,0.25,0.0,0.0
5,13,2025-04-14,0,16,4,0.0,0.0,0.0,0.0,1.0,0.0
5,13,2025-04-21,0,17,4,0.0,0.0,0.0,0.0,1.0,2.0
5,13,2025-04-28,2,18,4,0.0,0.0,0.0,0.0,1.0,1.0
5,13,2025-05-05,1,19,5,2.0,0.0,0.0,0.5,2.0,0.0
5,13,2025-05-12,0,20,5,1.0,2.0,0.0,0.75,0.0,0.0
5,13,2025-05-19,0,21,5,0.0,1.0,0.0,0.75,0.0,1.0
5,13,2025-05-26,1,22,5,0.0,0.0,2.0,0.75,1.3333333333333333,1.0
5,13,2025-06-02,1,23,6,1.0,0.0,1.0,0.5,2.0,1.0
5,13,2025-06-09,1,24,6,1.0,1.0,0.0,0.5,2.0,0.0
5,13,2025-06-16,0,25,6,1.0,1.0,0.0,0.75,0.0,1.0
5,13,2025-06-23,1,26,6,0.0,1.0,1.0,0.75,1.3333333333333333,1.0
5,13,2025-06-30,1,27,6,1.0,0.0,1.0,0.75,1.3333333333333333,0.0
5,13,2025-07-07,0,28,7,1.0,1.0,1.0,0.75,0.0,1.0
5,13,2025-07-14,1,29,7,0.0,1.0,0.0,0.5,2.0,1.0
5,13,2025-07-21,1,30,7,1.0,0.0,1.0,0.75,1.3333333333333333,1.0
5,13,2025-07-28,1,31,7,1.0,1.0,1.0,0.75,1.3333333333333333,0.0
5,13,2025-08-04,0,32,8,1.0,1.0,0.0,0.75,0.0,1.0
5,13,2025-08-11,1,33,8,0.0,1.0,1.0,0.75,1.3333333333333333,0.0
5,13,2025-08-18,0,34,8,1.0,0.0,1.0,0.75,0.0,0.0
5,13,2025-08-25,0,35,8,0.0,1.0,1.0,0.5,0.0,0.0
5,13,2025-09-01,0,36,9,0.0,0.0,0.0,0.25,0.0,1.0
5,13,2025-09-08,1,37,9,0.0,0.0,1.0,0.25,4.0,1.0
5,13,2025-09-15,1,38,9,1.0,0.0,0.0,0.25,4.0,0.0
5,13,2025-09-22,0,39,9,1.0,1.0,0.0,0.5,0.0,0.0
5,13,2025-09-29,0,40,9,0.0,1.0,0.0,0.5,0.0,0.0
5,13,2025-10-06,0,41,10,0.0,0.0,1.0,0.5,0.0,0.0
5,13,2025-10-13,0,42,10,0.0,0.0,1.0,0.25,0.0,0.0
5,13,2025-10-20,0,43,10,0.0,0.0,0.0,0.0,1.0,0.0
5,13,2025-10-27,0,44,10,0.0,0.0,0.0,0.0,1.0,0.0
5,13,2025-11-03,0,45,11,0.0,0.0,0.0,0.0,1.0,0.0
5,13,2025-11-10,0,46,11,0.0,0.0,0.0,0.0,1.0,0.0
5,13,2025-11-17,0,47,11,0.0,0.0,0.0,0.0,1.0,1.0
5,13,2025-11-24,1,48,11,0.0,0.0,0.0,0.0,1.0,0.0
5,13,2025-12-01,0,49,12,1.0,0.0,0.0,0.25,0.0,0.0
5,13,2025-12-08,0,50,12,0.0,1.0,0.0,0.25,0.0,1.0
5,13,2025-12-15,1,51,12,0.0,0.0,0.0,0.25,4.0,0.0
5,13,2025-12-22,0,52,12,1.0,0.0,1.0,0.5,0.0,0.0
5,13,2025-12-29,0,1,12,0.0,1.0,0.0,0.25,0.0,1.0
5,13,2026-01-05,1,2,1,0.0,0.0,0.0,0.25,4.0,1.0
5,13,2026-01-12,1,3,1,1.0,0.0,1.0,0.5,2.0,1.0
5,13,2026-01-19,1,4,1,1.0,1.0,0.0,0.5,2.0,0.0
5,13,2026-01-26,0,5,1,1.0,1.0,0.0,0.75,0.0,0.0
5,13,2026-02-02,0,6,2,0.0,1.0,1.0,0.75,0.0,2.0
5,13,2026-02-09,2,7,2,0.0,0.0,1.0,0.5,4.0,0.0
5,13,2026-02-16,0,8,2,2.0,0.0,1.0,0.75,0.0,1.0
5,13,2026-02-23,1,9,2,0.0,2.0,0.0,0.5,2.0,1.0
5,13,2026-03-02,1,10,3,1.0,0.0,0.0,0.75,1.3333333333333333,0.0
5,13,2026-03-09,0,11,3,1.0,1.0,2.0,1.0,0.0,0.0
5,13,2026-03-16,0,12,3,0.0,1.0,0.0,0.5,0.0,1.0
5,13,2026-03-23,1,13,3,0.0,0.0,1.0,0.5,2.0,1.0
5,13,2026-03-30,1,14,3,1.0,0.0,1.0,0.5,2.0,0.0
5,13,2026-04-06,0,15,4,1.0,1.0,0.0,0.5,0.0,0.0
5,13,2026-04-13,0,16,4,0.0,1.0,0.0,0.5,0.0,1.0
5,13,2026-04-20,1,17,4,0.0,0.0,1.0,0.5,2.0,0.0
5,13,2026-04-27,0,18,4,1.0,0.0,1.0,0.5,0.0,0.0
5,13,2026-05-04,0,19,5,0.0,1.0,0.0,0.25,0.0,2.0
5,13,2026-05-11,2,20,5,0.0,0.0,0.0,0.25,8.0,1.0
5,13,2026-05-18,1,21,5,2.0,0.0,1.0,0.75,1.3333333333333333,1.0
5,13,2026-05-25,1,22,5,1.0,2.0,0.0,0.75,1.3333333333333333,0.0
5,13,2026-06-01,0,23,6,1.0,1.0,0.0,1.0,0.0,1.0
5,13,2026-06-08,1,24,6,0.0,1.0,2.0,1.0,1.0,1.0
5,13,2026-06-15,1,25,6,1.0,0.0,1.0,0.75,1.3333333333333333,0.0
5,13,2026-06-22,0,26,6,1.0,1.0,1.0,0.75,0.0,0.0
5,14,2024-01-29,1,5,1,1.0,0.0,0.0,0.25,4.0,0.0
5,14,2024-02-05,0,6,2,1.0,1.0,0.0,0.5,0.0,1.0
5,14,2024-02-12,1,7,2,0.0,1.0,0.0,0.5,2.0,1.0
5,14,2024-02-19,1,8,2,1.0,0.0,1.0,0.75,1.3333333333333333,2.0
5,14,2024-02-26,2,9,2,1.0,1.0,1.0,0.75,2.6666666666666665,1.0
5,14,2024-03-04,1,10,3,2.0,1.0,0.0,1.0,1.0,0.0
5,14,2024-03-11,0,11,3,1.0,2.0,1.0,1.25,0.0,0.0
5,14,2024-03-18,0,12,3,0.0,1.0,1.0,1.0,0.0,0.0
5,14,2024-03-25,0,13,3,0.0,0.0,2.0,0.75,0.0,1.0
5,14,2024-04-01,1,14,4,0.0,0.0,1.0,0.25,4.0,0.0
5,14,2024-04-08,0,15,4,1.0,0.0,0.0,0.25,0.0,0.0
5,14,2024-04-15,0,16,4,0.0,1.0,0.0,0.25,0.0,0.0
5,14,2024-04-22,0,17,4,0.0,0.0,0.0,0.25,0.0,1.0
5,14,2024-04-29,1,18,4,0.0,0.0,1.0,0.25,4.0,0.0
5,14,2024-05-06,0,19,5,1.0,0.0,0.0,0.25,0.0,1.0
5,14,2024-05-13,1,20,5,0.0,1.0,0.0,0.25,4.0,0.0
5,14,2024-05-20,0,21,5,1.0,0.0,0.0,0.5,0.0,2.0
5,14,2024-05-27,2,22,5,0.0,1.0,1.0,0.5,4.0,0.0
5,14,2024-06-03,0,23,6,2.0,0.0,0.0,0.75,0.0,0.0
5,14,2024-06-10,0,24,6,0.0,2.0,1.0,0.75,0.0,1.0
5,14,2024-06-17,1,25,6,0.0,0.0,0.0,0.5,2.0,1.0
5,14,2024-06-24,1,26,6,1.0,0.0,2.0,0.75,1.3333333333333333,0.0
5,14,2024-07-01,0,27,7,1.0,1.0,0.0,0.5,0.0,0.0
5,14,2024-07-08,0,28,7,0.0,1.0,0.0,0.5,0.0,1.0
5,14,2024-07-15,1,29,7,0.0,0.0,1.0,0.5,2.0,1.0
5,14,2024-07-22,1,30,7,1.0,0.0,1.0,0.5,2.0,1.0
5,14,2024-07-29,1,31,7,1.0,1.0,0.0,0.5,2.0,1.0
5,14,2024-08-05,1,32,8,1.0,1.0,0.0,0.75,1.3333333333333333,0.0
5,14,2024-08-12,0,33,8,1.0,1.0,1.0,1.0,0.0,1.0
5,14,2024-08-19,1,34,8,0.0,1.0,1.0,0.75,1.3333333333333333,0.0
5,14,2024-08-26,0,35,8,1.0,0.0,1.0,0.75,0.0,0.0
5,14,2024-09-02,0,36,9,0.0,1.0,1.0,0.5,0.0,0.0
5,14,2024-09-09,0,37,9,0.0,0.0,0.0,0.25,0.0,0.0
5,14,2024-09-16,0,38,9,0.0,0.0,1.0,0.25,0.0,1.0
5,14,2024-09-23,1,39,9,0.0,0.0,0.0,0.0,1.0,1.0
5,14,2024-09-30,1,40,9,1.0,0.0,0.0,0.25,4.0,1.0
5,14,2024-10-07,1,41,10,1.0,1.0,0.0,0.5,2.0,1.0
5,14,2024-10-14,1,42,10,1.0,1.0,0.0,0.75,1.3333333333333333,0.0
5,14,2024-10-21,0,43,10,1.0,1.0,1.0,1.0,0.0,0.0
5,14,2024-10-28,0,44,10,0.0,1.0,1.0,0.75,0.0,1.0
5,14,2024-11-04,1,45,11,0.0,0.0,1.0,0.5,2.0,0.0
5,14,2024-11-11,0,46,11,1.0,0.0,1.0,0.5,0.0,1.0
5,14,2024-11-18,1,47,11,0.0,1.0,0.0,0.25,4.0,1.0
5,14,2024-11-25,1,48,11,1.0,0.0,0.0,0.5,2.0,1.0
5,14,2024-12-02,1,49,12,1.0,1.0,1.0,0.75,1.3333333333333333,1.0
5,14,2024-12-09,1,50,12,1.0,1.0,0.0,0.75,1.3333333333333333,1.0
5,14,2024-12-16,1,51,12,1.0,1.0,1.0,1.0,1.0,0.0
5,14,2024-12-23,0,52,12,1.0,1.0,1.0,1.0,0.0,0.0
5,14,2024-12-30,0,1,12,0.0,1.0,1.0,0.75,0.0,1.0
5,14,2025-01-06,1,2,1,0.0,0.0,1.0,0.5,2.0,2.0
5,14,2025-01-13,2,3,1,1.0,0.0,1.0,0.5,4.0,1.0
5,14,2025-01-20,1,4,1,2.0,1.0,0.0,0.75,1.3333333333333333,1.0
5,14,2025-01-27,1,5,1,1.0,2.0,0.0,1.0,1.0,0.0
5,14,2025-02-03,0,6,2,1.0,1.0,1.0,1.25,0.0,0.0
5,14,2025-02-10,0,7,2,0.0,1.0,2.0,1.0,0.0,0.0
5,14,2025-02-17,0,8,2,0.0,0.0,1.0,0.5,0.0,0.0
5,14,2025-02-24,0,9,2,0.0,0.0,1.0,0.25,0.0,0.0
5,14,2025-03-03,0,10,3,0.0,0.0,0.0,0.0,1.0,0.0
5,14,2025-03-10,0,11,3,0.0,0.0,0.0,0.0,1.0,0.0
5,14,2025-03-17,0,12,3,0.0,0.0,0.0,0.0,1.0,0.0
5,14,2025-03-24,0,13,3,0.0,0.0,0.0,0.0,1.0,1.0
5,14,2025-03-31,1,14,3,0.0,0.0,0.0,0.0,1.0,0.0
5,14,2025-04-07,0,15,4,1.0,0.0,0.0,0.25,0.0,0.0
5,14,2025-04-14,0,16,4,0.0,1.0,0.0,0.25,0.0,1.0
5,14,2025-04-21,1,17,4,0.0,0.0,0.0,0.25,4.0,1.0
5,14,2025-04-28,1,18,4,1.0,0.0,1.0,0.5,2.0,0.0
5,14,2025-05-05,0,19,5,1.0,1.0,0.0,0.5,0.0,0.0
5,14,2025-05-12,0,20,5,0.0,1.0,0.0,0.5,0.0,0.0
5,14,2025-05-19,0,21,5,0.0,0.0,1.0,0.5,0.0,1.0
5,14,2025-05-26,1,22,5,0.0,0.0,1.0,0.25,4.0,0.0
5,14,2025-06-02,0,23,6,1.0,0.0,0.0,0.25,0.0,0.0
5,14,2025-06-09,0,24,6,0.0,1.0,0.0,0.25,0.0,1.0
5,14,2025-06-16,1,25,6,0.0,0.0,0.0,0.25,4.0,0.0
5,14,2025-06-23,0,26,6,1.0,0.0,1.0,0.5,0.0,2.0
5,14,2025-06-30,2,27,6,0.0,1.0,0.0,0.25,8.0,2.0
5,14,2025-07-07,2,28,7,2.0,0.0,0.0,0.75,2.6666666666666665,1.0
5,14,2025-07-14,1,29,7,2.0,2.0,1.0,1.25,0.8,0.0
5,14,2025-07-21,0,30,7,1.0,2.0,0.0,1.25,0.0,0.0
5,14,2025-07-28,0,31,7,0.0,1.0,2.0,1.25,0.0,0.0
5,14,2025-08-04,0,32,8,0.0,0.0,2.0,0.75,0.0,0.0
5,14,2025-08-11,0,33,8,0.0,0.0,1.0,0.25,0.0,3.0
5,14,2025-08-18,3,34,8,0.0,0.0,0.0,0.0,1.0,0.0
5,14,2025-08-25,0,35,8,3.0,0.0,0.0,0.75,0.0,0.0
5,14,2025-09-01,0,36,9,0.0,3.0,0.0,0.75,0.0,1.0
5,14,2025-09-08,1,37,9,0.0,0.0,0.0,0.75,1.3333333333333333,0.0
5,14,2025-09-15,0,38,9,1.0,0.0,3.0,1.0,0.0,0.0
5,14,2025-09-22,0,39,9,0.0,1.0,0.0,0.25,0.0,2.0
5,14,2025-09-29,2,40,9,0.0,0.0,0.0,0.25,8.0,2.0
5,14,2025-10-06,2,41,10,2.0,0.0,1.0,0.75,2.6666666666666665,0.0
5,14,2025-10-13,0,42,10,2.0,2.0,0.0,1.0,0.0,0.0
5,14,2025-10-20,0,43,10,0.0,2.0,0.0,1.0,0.0,0.0
5,14,2025-10-27,0,44,10,0.0,0.0,2.0,1.0,0.0,0.0
5,14,2025-11-03,0,45,11,0.0,0.0,2.0,0.5,0.0,1.0
5,14,2025-11-10,1,46,11,0.0,0.0,0.0,0.0,1.0,0.0
5,14,2025-11-17,0,47,11,1.0,0.0,0.0,0.25,0.0,0.0
5,14,2025-11-24,0,48,11,0.0,1.0,0.0,0.25,0.0,0.0
5,14,2025-12-01,0,49,12,0.0,0.0,0.0,0.25,0.0,0.0
5,14,2025-12-08,0,50,12,0.0,0.0,1.0,0.25,0.0,0.0
5,14,2025-12-15,0,51,12,0.0,0.0,0.0,0.0,1.0,0.0
5,14,2025-12-22,0,52,12,0.0,0.0,0.0,0.0,1.0,0.0
5,14,2025-12-29,0,1,12,0.0,0.0,0.0,0.0,1.0,0.0
5,14,2026-01-05,0,2,1,0.0,0.0,0.0,0.0,1.0,0.0
5,14,2026-01-12,0,3,1,0.0,0.0,0.0,0.0,1.0,0.0
5,14,2026-01-19,0,4,1,0.0,0.0,0.0,0.0,1.0,0.0
5,14,2026-01-26,0,5,1,0.0,0.0,0.0,0.0,1.0,1.0
5,14,2026-02-02,1,6,2,0.0,0.0,0.0,0.0,1.0,1.0
5,14,2026-02-09,1,7,2,1.0,0.0,0.0,0.25,4.0,0.0
5,14,2026-02-16,0,8,2,1.0,1.0,0.0,0.5,0.0,0.0
5,14,2026-02-23,0,9,2,0.0,1.0,0.0,0.5,0.0,0.0
5,14,2026-03-02,0,10,3,0.0,0.0,1.0,0.5,0.0,0.0
5,14,2026-03-09,0,11,3,0.0,0.0,1.0,0.25,0.0,1.0
5,14,2026-03-16,1,12,3,0.0,0.0,0.0,0.0,1.0,0.0
5,14,2026-03-23,0,13,3,1.0,0.0,0.0,0.25,0.0,0.0
5,14,2026-03-30,0,14,3,0.0,1.0,0.0,0.25,0.0,0.0
5,14,2026-04-06,0,15,4,0.0,0.0,0.0,0.25,0.0,0.0
5,14,2026-04-13,0,16,4,0.0,0.0,1.0,0.25,0.0,1.0
5,14,2026-04-20,1,17,4,0.0,0.0,0.0,0.0,1.0,0.0
5,14,2026-04-27,0,18,4,1.0,0.0,0.0,0.25,0.0,0.0
5,14,2026-05-04,0,19,5,0.0,1.0,0.0,0.25,0.0,0.0
5,14,2026-05-11,0,20,5,0.0,0.0,0.0,0.25,0.0,1.0
5,14,2026-05-18,1,21,5,0.0,0.0,1.0,0.25,4.0,1.0
5,14,2026-05-25,1,22,5,1.0,0.0,0.0,0.25,4.0,0.0
5,14,2026-06-01,0,23,6,1.0,1.0,0.0,0.5,0.0,0.0
5,14,2026-06-08,0,24,6,0.0,1.0,0.0,0.5,0.0,2.0
5,14,2026-06-15,2,25,6,0.0,0.0,1.0,0.5,4.0,0.0
5,14,2026-06-22,0,26,6,2.0,0.0,1.0,0.75,0.0,0.0
6,1,2024-01-29,0,5,1,0.0,1.0,0.0,0.25,0.0,0.0
6,1,2024-02-05,0,6,2,0.0,0.0,0.0,0.25,0.0,0.0
6,1,2024-02-12,0,7,2,0.0,0.0,1.0,0.25,0.0,0.0
6,1,2024-02-19,0,8,2,0.0,0.0,0.0,0.0,1.0,0.0
6,1,2024-02-26,0,9,2,0.0,0.0,0.0,0.0,1.0,0.0
6,1,2024-03-04,0,10,3,0.0,0.0,0.0,0.0,1.0,1.0
6,1,2024-03-11,1,11,3,0.0,0.0,0.0,0.0,1.0,0.0
6,1,2024-03-18,0,12,3,1.0,0.0,0.0,0.25,0.0,0.0
6,1,2024-03-25,0,13,3,0.0,1.0,0.0,0.25,0.0,0.0
6,1,2024-04-01,0,14,4,0.0,0.0,0.0,0.25,0.0,1.0
6,1,2024-04-08,1,15,4,0.0,0.0,1.0,0.25,4.0,1.0
6,1,2024-04-15,1,16,4,1.0,0.0,0.0,0.25,4.0,0.0
6,1,2024-04-22,0,17,4,1.0,1.0,0.0,0.5,0.0,0.0
6,1,2024-04-29,0,18,4,0.0,1.0,0.0,0.5,0.0,1.0
6,1,2024-05-06,1,19,5,0.0,0.0,1.0,0.5,2.0,0.0
6,1,2024-05-13,0,20,5,1.0,0.0,1.0,0.5,0.0,0.0
6,1,2024-05-20,0,21,5,0.0,1.0,0.0,0.25,0.0,0.0
6,1,2024-05-27,0,22,5,0.0,0.0,0.0,0.25,0.0,1.0
6,1,2024-06-03,1,23,6,0.0,0.0,1.0,0.25,4.0,0.0
6,1,2024-06-10,0,24,6,1.0,0.0,0.0,0.25,0.0,0.0
6,1,2024-06-17,0,25,6,0.0,1.0,0.0,0.25,0.0,2.0
6,1,2024-06-24,2,26,6,0.0,0.0,0.0,0.25,8.0,0.0
6,1,2024-07-01,0,27,7,2.0,0.0,1.0,0.75,0.0,1.0
6,1,2024-07-08,1,28,7,0.0,2.0,0.0,0.5,2.0,1.0
6,1,2024-07-15,1,29,7,1.0,0.0,0.0,0.75,1.3333333333333333,0.0
6,1,2024-07-22,0,30,7,1.0,1.0,2.0,1.0,0.0,1.0
6,1,2024-07-29,1,31,7,0.0,1.0,0.0,0.5,2.0,0.0
6,1,2024-08-05,0,32,8,1.0,0.0,1.0,0.75,0.0,0.0
6,1,2024-08-12,0,33,8,0.0,1.0,1.0,0.5,0.0,0.0
6,1,2024-08-19,0,34,8,0.0,0.0,0.0,0.25,0.0,0.0
6,1,2024-08-26,0,35,8,0.0,0.0,1.0,0.25,0.0,0.0
6,1,2024-09-02,0,36,9,0.0,0.0,0.0,0.0,1.0,1.0
6,1,2024-09-09,1,37,9,0.0,0.0,0.0,0.0,1.0,0.0
6,1,2024-09-16,0,38,9,1.0,0.0,0.0,0.25,0.0,1.0
6,1,2024-09-23,1,39,9,0.0,1.0,0.0,0.25,4.0,0.0
6,1,2024-09-30,0,40,9,1.0,0.0,0.0,0.5,0.0,0.0
6,1,2024-10-07,0,41,10,0.0,1.0,1.0,0.5,0.0,1.0
6,1,2024-10-14,1,42,10,0.0,0.0,0.0,0.25,4.0,0.0
6,1,2024-10-21,0,43,10,1.0,0.0,1.0,0.5,0.0,2.0
6,1,2024-10-28,2,44,10,0.0,1.0,0.0,0.25,8.0,1.0
6,1,2024-11-04,1,45,11,2.0,0.0,0.0,0.75,1.3333333333333333,1.0
6,1,2024-11-11,1,46,11,1.0,2.0,1.0,1.0,1.0,1.0
6,1,2024-11-18,1,47,11,1.0,1.0,0.0,1.0,1.0,0.0
6,1,2024-11-25,0,48,11,1.0,1.0,2.0,1.25,0.0,2.0
6,1,2024-12-02,2,49,12,0.0,1.0,1.0,0.75,2.6666666666666665,2.0
6,1,2024-12-09,2,50,12,2.0,0.0,1.0,1.0,2.0,0.0
6,1,2024-12-16,0,51,12,2.0,2.0,1.0,1.25,0.0,1.0
6,1,2024-12-23,1,52,12,0.0,2.0,0.0,1.0,1.0,0.0
6,1,2024-12-30,0,1,12,1.0,0.0,2.0,1.25,0.0,1.0
6,1,2025-01-06,1,2,1,0.0,1.0,2.0,0.75,1.3333333333333333,1.0
6,1,2025-01-13,1,3,1,1.0,0.0,0.0,0.5,2.0,0.0
6,1,2025-01-20,0,4,1,1.0,1.0,1.0,0.75,0.0,1.0
6,1,2025-01-27,1,5,1,0.0,1.0,0.0,0.5,2.0,0.0
6,1,2025-02-03,0,6,2,1.0,0.0,1.0,0.75,0.0,0.0
6,1,2025-02-10,0,7,2,0.0,1.0,1.0,0.5,0.0,0.0
6,1,2025-02-17,0,8,2,0.0,0.0,0.0,0.25,0.0,0.0
6,1,2025-02-24,0,9,2,0.0,0.0,1.0,0.25,0.0,1.0
6,1,2025-03-03,1,10,3,0.0,0.0,0.0,0.0,1.0,0.0
6,1,2025-03-10,0,11,3,1.0,0.0,0.0,0.25,0.0,0.0
6,1,2025-03-17,0,12,3,0.0,1.0,0.0,0.25,0.0,1.0
6,1,2025-03-24,1,13,3,0.0,0.0,0.0,0.25,4.0,0.0
6,1,2025-03-31,0,14,3,1.0,0.0,1.0,0.5,0.0,1.0
6,1,2025-04-07,1,15,4,0.0,1.0,0.0,0.25,4.0,2.0
6,1,2025-04-14,2,16,4,1.0,0.0,0.0,0.5,4.0,1.0
6,1,2025-04-21,1,17,4,2.0,1.0,1.0,1.0,1.0,0.0
6,1,2025-04-28,0,18,4,1.0,2.0,0.0,1.0,0.0,0.0
6,1,2025-05-05,0,19,5,0.0,1.0,1.0,1.0,0.0,1.0
6,1,2025-05-12,1,20,5,0.0,0.0,2.0,0.75,1.3333333333333333,1.0
6,1,2025-05-19,1,21,5,1.0,0.0,1.0,0.5,2.0,2.0
6,1,2025-05-26,2,22,5,1.0,1.0,0.0,0.5,4.0,1.0
6,1,2025-06-02,1,23,6,2.0,1.0,0.0,1.0,1.0,1.0
6,1,2025-06-09,1,24,6,1.0,2.0,1.0,1.25,0.8,1.0
6,1,2025-06-16,1,25,6,1.0,1.0,1.0,1.25,0.8,3.0
6,1,2025-06-23,3,26,6,1.0,1.0,2.0,1.25,2.4,2.0
6,1,2025-06-30,2,27,6,3.0,1.0,1.0,1.5,1.3333333333333333,0.0
6,1,2025-07-07,0,28,7,2.0,3.0,1.0,1.75,0.0,1.0
6,1,2025-07-14,1,29,7,0.0,2.0,1.0,1.5,0.6666666666666666,0.0
6,1,2025-07-21,0,30,7,1.0,0.0,3.0,1.5,0.0,0.0
6,1,2025-07-28,0,31,7,0.0,1.0,2.0,0.75,0.0,1.0
6,1,2025-08-04,1,32,8,0.0,0.0,0.0,0.25,4.0,1.0
6,1,2025-08-11,1,33,8,1.0,0.0,1.0,0.5,2.0,0.0
6,1,2025-08-18,0,34,8,1.0,1.0,0.0,0.5,0.0,2.0
6,1,2025-08-25,2,35,8,0.0,1.0,0.0,0.5,4.0,0.0
6,1,2025-09-01,0,36,9,2.0,0.0,1.0,1.0,0.0,0.0
6,1,2025-09-08,0,37,9,0.0,2.0,1.0,0.75,0.0,0.0
6,1,2025-09-15,0,38,9,0.0,0.0,0.0,0.5,0.0,1.0
6,1,2025-09-22,1,39,9,0.0,0.0,2.0,0.5,2.0,0.0
6,1,2025-09-29,0,40,9,1.0,0.0,0.0,0.25,0.0,0.0
6,1,2025-10-06,0,41,10,0.0,1.0,0.0,0.25,0.0,0.0
6,1,2025-10-13,0,42,10,0.0,0.0,0.0,0.25,0.0,0.0
6,1,2025-10-20,0,43,10,0.0,0.0,1.0,0.25,0.0,0.0
6,1,2025-10-27,0,44,10,0.0,0.0,0.0,0.0,1.0,0.0
6,1,2025-11-03,0,45,11,0.0,0.0,0.0,0.0,1.0,0.0
6,1,2025-11-10,0,46,11,0.0,0.0,0.0,0.0,1.0,0.0
6,1,2025-11-17,0,47,11,0.0,0.0,0.0,0.0,1.0,0.0
6,1,2025-11-24,0,48,11,0.0,0.0,0.0,0.0,1.0,1.0
6,1,2025-12-01,1,49,12,0.0,0.0,0.0,0.0,1.0,0.0
6,1,2025-12-08,0,50,12,1.0,0.0,0.0,0.25,0.0,1.0
6,1,2025-12-15,1,51,12,0.0,1.0,0.0,0.25,4.0,1.0
6,1,2025-12-22,1,52,12,1.0,0.0,0.0,0.5,2.0,2.0
6,1,2025-12-29,2,1,12,1.0,1.0,1.0,0.75,2.6666666666666665,1.0
6,1,2026-01-05,1,2,1,2.0,1.0,0.0,1.0,1.0,0.0
6,1,2026-01-12,0,3,1,1.0,2.0,1.0,1.25,0.0,1.0
6,1,2026-01-19,1,4,1,0.0,1.0,1.0,1.0,1.0,0.0
6,1,2026-01-26,0,5,1,1.0,0.0,2.0,1.0,0.0,0.0
6,1,2026-02-02,0,6,2,0.0,1.0,1.0,0.5,0.0,0.0
6,1,2026-02-09,0,7,2,0.0,0.0,0.0,0.25,0.0,0.0
6,1,2026-02-16,0,8,2,0.0,0.0,1.0,0.25,0.0,0.0
6,1,2026-02-23,0,9,2,0.0,0.0,0.0,0.0,1.0,0.0
6,1,2026-03-02,0,10,3,0.0,0.0,0.0,0.0,1.0,1.0
6,1,2026-03-09,1,11,3,0.0,0.0,0.0,0.0,1.0,1.0
6,1,2026-03-16,1,12,3,1.0,0.0,0.0,0.25,4.0,0.0
6,1,2026-03-23,0,13,3,1.0,1.0,0.0,0.5,0.0,2.0
6,1,2026-03-30,2,14,3,0.0,1.0,0.0,0.5,4.0,1.0
6,1,2026-04-06,1,15,4,2.0,0.0,1.0,1.0,1.0,0.0
6,1,2026-04-13,0,16,4,1.0,2.0,1.0,1.0,0.0,1.0
6,1,2026-04-20,1,17,4,0.0,1.0,0.0,0.75,1.3333333333333333,0.0
6,1,2026-04-27,0,18,4,1.0,0.0,2.0,1.0,0.0,0.0
6,1,2026-05-04,0,19,5,0.0,1.0,1.0,0.5,0.0,0.0
6,1,2026-05-11,0,20,5,0.0,0.0,0.0,0.25,0.0,0.0
6,1,2026-05-18,0,21,5,0.0,0.0,1.0,0.25,0.0,2.0
6,1,2026-05-25,2,22,5,0.0,0.0,0.0,0.0,1.0,1.0
6,1,2026-06-01,1,23,6,2.0,0.0,0.0,0.5,2.0,0.0
6,1,2026-06-08,0,24,6,1.0,2.0,0.0,0.75,0.0,1.0
6,1,2026-06-15,1,25,6,0.0,1.0,0.0,0.75,1.3333333333333333,1.0
6,1,2026-06-22,1,26,6,1.0,0.0,2.0,1.0,1.0,0.0
6,2,2024-01-29,1,5,1,0.0,0.0,2.0,0.5,2.0,0.0
6,2,2024-02-05,0,6,2,1.0,0.0,0.0,0.25,0.0,0.0
6,2,2024-02-12,0,7,2,0.0,1.0,0.0,0.25,0.0,1.0
6,2,2024-02-19,1,8,2,0.0,0.0,0.0,0.25,4.0,1.0
6,2,2024-02-26,1,9,2,1.0,0.0,1.0,0.5,2.0,0.0
6,2,2024-03-04,0,10,3,1.0,1.0,0.0,0.5,0.0,1.0
6,2,2024-03-11,1,11,3,0.0,1.0,0.0,0.5,2.0,0.0
6,2,2024-03-18,0,12,3,1.0,0.0,1.0,0.75,0.0,1.0
6,2,2024-03-25,1,13,3,0.0,1.0,1.0,0.5,2.0,0.0
6,2,2024-04-01,0,14,4,1.0,0.0,0.0,0.5,0.0,1.0
6,2,2024-04-08,1,15,4,0.0,1.0,1.0,0.5,2.0,0.0
6,2,2024-04-15,0,16,4,1.0,0.0,0.0,0.5,0.0,0.0
6,2,2024-04-22,0,17,4,0.0,1.0,1.0,0.5,0.0,1.0
6,2,2024-04-29,1,18,4,0.0,0.0,0.0,0.25,4.0,3.0
6,2,2024-05-06,3,19,5,1.0,0.0,1.0,0.5,6.0,1.0
6,2,2024-05-13,1,20,5,3.0,1.0,0.0,1.0,1.0,0.0
6,2,2024-05-20,0,21,5,1.0,3.0,0.0,1.25,0.0,1.0
6,2,2024-05-27,1,22,5,0.0,1.0,1.0,1.25,0.8,0.0
6,2,2024-06-03,0,23,6,1.0,0.0,3.0,1.25,0.0,0.0
6,2,2024-06-10,0,24,6,0.0,1.0,1.0,0.5,0.0,0.0
6,2,2024-06-17,0,25,6,0.0,0.0,0.0,0.25,0.0,0.0
6,2,2024-06-24,0,26,6,0.0,0.0,1.0,0.25,0.0,0.0
6,2,2024-07-01,0,27,7,0.0,0.0,0.0,0.0,1.0,1.0
6,2,2024-07-08,1,28,7,0.0,0.0,0.0,0.0,1.0,0.0
6,2,2024-07-15,0,29,7,1.0,0.0,0.0,0.25,0.0,0.0
6,2,2024-07-22,0,30,7,0.0,1.0,0.0,0.25,0.0,0.0
6,2,2024-07-29,0,31,7,0.0,0.0,0.0,0.25,0.0,0.0
6,2,2024-08-05,0,32,8,0.0,0.0,1.0,0.25,0.0,0.0
6,2,2024-08-12,0,33,8,0.0,0.0,0.0,0.0,1.0,0.0
6,2,2024-08-19,0,34,8,0.0,0.0,0.0,0.0,1.0,1.0
6,2,2024-08-26,1,35,8,0.0,0.0,0.0,0.0,1.0,0.0
6,2,2024-09-02,0,36,9,1.0,0.0,0.0,0.25,0.0,0.0
6,2,2024-09-09,0,37,9,0.0,1.0,0.0,0.25,0.0,1.0
6,2,2024-09-16,1,38,9,0.0,0.0,0.0,0.25,4.0,0.0
6,2,2024-09-23,0,39,9,1.0,0.0,1.0,0.5,0.0,0.0
6,2,2024-09-30,0,40,9,0.0,1.0,0.0,0.25,0.0,0.0
6,2,2024-10-07,0,41,10,0.0,0.0,0.0,0.25,0.0,0.0
6,2,2024-10-14,0,42,10,0.0,0.0,1.0,0.25,0.0,0.0
6,2,2024-10-21,0,43,10,0.0,0.0,0.0,0.0,1.0,1.0
6,2,2024-10-28,1,44,10,0.0,0.0,0.0,0.0,1.0,0.0
6,2,2024-11-04,0,45,11,1.0,0.0,0.0,0.25,0.0,0.0
6,2,2024-11-11,0,46,11,0.0,1.0,0.0,0.25,0.0,0.0
6,2,2024-11-18,0,47,11,0.0,0.0,0.0,0.25,0.0,0.0
6,2,2024-11-25,0,48,11,0.0,0.0,1.0,0.25,0.0,0.0
6,2,2024-12-02,0,49,12,0.0,0.0,0.0,0.0,1.0,1.0
6,2,2024-12-09,1,50,12,0.0,0.0,0.0,0.0,1.0,1.0
6,2,2024-12-16,1,51,12,1.0,0.0,0.0,0.25,4.0,0.0
6,2,2024-12-23,0,52,12,1.0,1.0,0.0,0.5,0.0,0.0
6,2,2024-12-30,0,1,12,0.0,1.0,0.0,0.5,0.0,1.0
6,2,2025-01-06,1,2,1,0.0,0.0,1.0,0.5,2.0,0.0
6,2,2025-01-13,0,3,1,1.0,0.0,1.0,0.5,0.0,0.0
6,2,2025-01-20,0,4,1,0.0,1.0,0.0,0.25,0.0,1.0
6,2,2025-01-27,1,5,1,0.0,0.0,0.0,0.25,4.0,0.0
6,2,2025-02-03,0,6,2,1.0,0.0,1.0,0.5,0.0,0.0
6,2,2025-02-10,0,7,2,0.0,1.0,0.0,0.25,0.0,0.0
6,2,2025-02-17,0,8,2,0.0,0.0,0.0,0.25,0.0,1.0
6,2,2025-02-24,1,9,2,0.0,0.0,1.0,0.25,4.0,0.0
6,2,2025-03-03,0,10,3,1.0,0.0,0.0,0.25,0.0,1.0
6,2,2025-03-10,1,11,3,0.0,1.0,0.0,0.25,4.0,0.0
6,2,2025-03-17,0,12,3,1.0,0.0,0.0,0.5,0.0,0.0
6,2,2025-03-24,0,13,3,0.0,1.0,1.0,0.5,0.0,1.0
6,2,2025-03-31,1,14,3,0.0,0.0,0.0,0.25,4.0,0.0
6,2,2025-04-07,0,15,4,1.0,0.0,1.0,0.5,0.0,0.0
6,2,2025-04-14,0,16,4,0.0,1.0,0.0,0.25,0.0,0.0
6,2,2025-04-21,0,17,4,0.0,0.0,0.0,0.25,0.0,0.0
6,2,2025-04-28,0,18,4,0.0,0.0,1.0,0.25,0.0,1.0
6,2,2025-05-05,1,19,5,0.0,0.0,0.0,0.0,1.0,0.0
6,2,2025-05-12,0,20,5,1.0,0.0,0.0,0.25,0.0,1.0
6,2,2025-05-19,1,21,5,0.0,1.0,0.0,0.25,4.0,0.0
6,2,2025-05-26,0,22,5,1.0,0.0,0.0,0.5,0.0,1.0
6,2,2025-06-02,1,23,6,0.0,1.0,1.0,0.5,2.0,0.0
6,2,2025-06-09,0,24,6,1.0,0.0,0.0,0.5,0.0,0.0
6,2,2025-06-16,0,25,6,0.0,1.0,1.0,0.5,0.0,2.0
6,2,2025-06-23,2,26,6,0.0,0.0,0.0,0.25,8.0,1.0
6,2,2025-06-30,1,27,6,2.0,0.0,1.0,0.75,1.3333333333333333,0.0
6,2,2025-07-07,0,28,7,1.0,2.0,0.0,0.75,0.0,0.0
6,2,2025-07-14,0,29,7,0.0,1.0,0.0,0.75,0.0,1.0
6,2,2025-07-21,1,30,7,0.0,0.0,2.0,0.75,1.3333333333333333,1.0
6,2,2025-07-28,1,31,7,1.0,0.0,1.0,0.5,2.0,0.0
6,2,2025-08-04,0,32,8,1.0,1.0,0.0,0.5,0.0,3.0
6,2,2025-08-11,3,33,8,0.0,1.0,0.0,0.5,6.0,1.0
6,2,2025-08-18,1,34,8,3.0,0.0,1.0,1.25,0.8,0.0
6,2,2025-08-25,0,35,8,1.0,3.0,1.0,1.25,0.0,1.0
6,2,2025-09-01,1,36,9,0.0,1.0,0.0,1.0,1.0,0.0
6,2,2025-09-08,0,37,9,1.0,0.0,3.0,1.25,0.0,0.0
6,2,2025-09-15,0,38,9,0.0,1.0,1.0,0.5,0.0,0.0
6,2,2025-09-22,0,39,9,0.0,0.0,0.0,0.25,0.0,0.0
6,2,2025-09-29,0,40,9,0.0,0.0,1.0,0.25,0.0,0.0
6,2,2025-10-06,0,41,10,0.0,0.0,0.0,0.0,1.0,0.0
6,2,2025-10-13,0,42,10,0.0,0.0,0.0,0.0,1.0,1.0
6,2,2025-10-20,1,43,10,0.0,0.0,0.0,0.0,1.0,0.0
6,2,2025-10-27,0,44,10,1.0,0.0,0.0,0.25,0.0,1.0
6,2,2025-11-03,1,45,11,0.0,1.0,0.0,0.25,4.0,1.0
6,2,2025-11-10,1,46,11,1.0,0.0,0.0,0.5,2.0,0.0
6,2,2025-11-17,0,47,11,1.0,1.0,1.0,0.75,0.0,1.0
6,2,2025-11-24,1,48,11,0.0,1.0,0.0,0.5,2.0,0.0
6,2,2025-12-01,0,49,12,1.0,0.0,1.0,0.75,0.0,0.0
6,2,2025-12-08,0,50,12,0.0,1.0,1.0,0.5,0.0,1.0
6,2,2025-12-15,1,51,12,0.0,0.0,0.0,0.25,4.0,0.0
6,2,2025-12-22,0,52,12,1.0,0.0,1.0,0.5,0.0,0.0
6,2,2025-12-29,0,1,12,0.0,1.0,0.0,0.25,0.0,0.0
6,2,2026-01-05,0,2,1,0.0,0.0,0.0,0.25,0.0,0.0
6,2,2026-01-12,0,3,1,0.0,0.0,1.0,0.25,0.0,0.0
6,2,2026-01-19,0,4,1,0.0,0.0,0.0,0.0,1.0,0.0
6,2,2026-01-26,0,5,1,0.0,0.0,0.0,0.0,1.0,0.0
6,2,2026-02-02,0,6,2,0.0,0.0,0.0,0.0,1.0,0.0
6,2,2026-02-09,0,7,2,0.0,0.0,0.0,0.0,1.0,0.0
6,2,2026-02-16,0,8,2,0.0,0.0,0.0,0.0,1.0,0.0
6,2,2026-02-23,0,9,2,0.0,0.0,0.0,0.0,1.0,1.0
6,2,2026-03-02,1,10,3,0.0,0.0,0.0,0.0,1.0,0.0
6,2,2026-03-09,0,11,3,1.0,0.0,0.0,0.25,0.0,0.0
6,2,2026-03-16,0,12,3,0.0,1.0,0.0,0.25,0.0,0.0
6,2,2026-03-23,0,13,3,0.0,0.0,0.0,0.25,0.0,1.0
6,2,2026-03-30,1,14,3,0.0,0.0,1.0,0.25,4.0,2.0
6,2,2026-04-06,2,15,4,1.0,0.0,0.0,0.25,8.0,0.0
6,2,2026-04-13,0,16,4,2.0,1.0,0.0,0.75,0.0,2.0
6,2,2026-04-20,2,17,4,0.0,2.0,0.0,0.75,2.6666666666666665,1.0
6,2,2026-04-27,1,18,4,2.0,0.0,1.0,1.25,0.8,0.0
6,2,2026-05-04,0,19,5,1.0,2.0,2.0,1.25,0.0,1.0
6,2,2026-05-11,1,20,5,0.0,1.0,0.0,0.75,1.3333333333333333,2.0
6,2,2026-05-18,2,21,5,1.0,0.0,2.0,1.0,2.0,1.0
6,2,2026-05-25,1,22,5,2.0,1.0,1.0,1.0,1.0,0.0
6,2,2026-06-01,0,23,6,1.0,2.0,0.0,1.0,0.0,0.0
6,2,2026-06-08,0,24,6,0.0,1.0,1.0,1.0,0.0,0.0
6,2,2026-06-15,0,25,6,0.0,0.0,2.0,0.75,0.0,2.0
6,2,2026-06-22,2,26,6,0.0,0.0,1.0,0.25,8.0,0.0
6,3,2024-01-29,1,5,1,0.0,0.0,2.0,0.5,2.0,0.0
6,3,2024-02-05,0,6,2,1.0,0.0,0.0,0.25,0.0,1.0
6,3,2024-02-12,1,7,2,0.0,1.0,0.0,0.25,4.0,1.0
6,3,2024-02-19,1,8,2,1.0,0.0,0.0,0.5,2.0,0.0
6,3,2024-02-26,0,9,2,1.0,1.0,1.0,0.75,0.0,0.0
6,3,2024-03-04,0,10,3,0.0,1.0,0.0,0.5,0.0,0.0
6,3,2024-03-11,0,11,3,0.0,0.0,1.0,0.5,0.0,2.0
6,3,2024-03-18,2,12,3,0.0,0.0,1.0,0.25,8.0,0.0
6,3,2024-03-25,0,13,3,2.0,0.0,0.0,0.5,0.0,0.0
6,3,2024-04-01,0,14,4,0.0,2.0,0.0,0.5,0.0,1.0
6,3,2024-04-08,1,15,4,0.0,0.0,0.0,0.5,2.0,0.0
6,3,2024-04-15,0,16,4,1.0,0.0,2.0,0.75,0.0,0.0
6,3,2024-04-22,0,17,4,0.0,1.0,0.0,0.25,0.0,0.0
6,3,2024-04-29,0,18,4,0.0,0.0,0.0,0.25,0.0,0.0
6,3,2024-05-06,0,19,5,0.0,0.0,1.0,0.25,0.0,1.0
6,3,2024-05-13,1,20,5,0.0,0.0,0.0,0.0,1.0,0.0
6,3,2024-05-20,0,21,5,1.0,0.0,0.0,0.25,0.0,0.0
6,3,2024-05-27,0,22,5,0.0,1.0,0.0,0.25,0.0,0.0
6,3,2024-06-03,0,23,6,0.0,0.0,0.0,0.25,0.0,0.0
6,3,2024-06-10,0,24,6,0.0,0.0,1.0,0.25,0.0,1.0
6,3,2024-06-17,1,25,6,0.0,0.0,0.0,0.0,1.0,0.0
6,3,2024-06-24,0,26,6,1.0,0.0,0.0,0.25,0.0,1.0
6,3,2024-07-01,1,27,7,0.0,1.0,0.0,0.25,4.0,0.0
6,3,2024-07-08,0,28,7,1.0,0.0,0.0,0.5,0.0,0.0
6,3,2024-07-15,0,29,7,0.0,1.0,1.0,0.5,0.0,0.0
6,3,2024-07-22,0,30,7,0.0,0.0,0.0,0.25,0.0,1.0
6,3,2024-07-29,1,31,7,0.0,0.0,1.0,0.25,4.0,1.0
6,3,2024-08-05,1,32,8,1.0,0.0,0.0,0.25,4.0,0.0
6,3,2024-08-12,0,33,8,1.0,1.0,0.0,0.5,0.0,0.0
6,3,2024-08-19,0,34,8,0.0,1.0,0.0,0.5,0.0,0.0
6,3,2024-08-26,0,35,8,0.0,0.0,1.0,0.5,0.0,0.0
6,3,2024-09-02,0,36,9,0.0,0.0,1.0,0.25,0.0,0.0
6,3,2024-09-09,0,37,9,0.0,0.0,0.0,0.0,1.0,1.0
6,3,2024-09-16,1,38,9,0.0,0.0,0.0,0.0,1.0,0.0
6,3,2024-09-23,0,39,9,1.0,0.0,0.0,0.25,0.0,0.0
6,3,2024-09-30,0,40,9,0.0,1.0,0.0,0.25,0.0,0.0
6,3,2024-10-07,0,41,10,0.0,0.0,0.0,0.25,0.0,0.0
6,3,2024-10-14,0,42,10,0.0,0.0,1.0,0.25,0.0,0.0
6,3,2024-10-21,0,43,10,0.0,0.0,0.0,0.0,1.0,0.0
6,3,2024-10-28,0,44,10,0.0,0.0,0.0,0.0,1.0,0.0
6,3,2024-11-04,0,45,11,0.0,0.0,0.0,0.0,1.0,0.0
6,3,2024-11-11,0,46,11,0.0,0.0,0.0,0.0,1.0,0.0
6,3,2024-11-18,0,47,11,0.0,0.0,0.0,0.0,1.0,0.0
6,3,2024-11-25,0,48,11,0.0,0.0,0.0,0.0,1.0,0.0
6,3,2024-12-02,0,49,12,0.0,0.0,0.0,0.0,1.0,0.0
6,3,2024-12-09,0,50,12,0.0,0.0,0.0,0.0,1.0,1.0
6,3,2024-12-16,1,51,12,0.0,0.0,0.0,0.0,1.0,1.0
6,3,2024-12-23,1,52,12,1.0,0.0,0.0,0.25,4.0,1.0
6,3,2024-12-30,1,1,12,1.0,1.0,0.0,0.5,2.0,0.0
6,3,2025-01-06,0,2,1,1.0,1.0,0.0,0.75,0.0,0.0
6,3,2025-01-13,0,3,1,0.0,1.0,1.0,0.75,0.0,0.0
6,3,2025-01-20,0,4,1,0.0,0.0,1.0,0.5,0.0,2.0
6,3,2025-01-27,2,5,1,0.0,0.0,1.0,0.25,8.0,1.0
6,3,2025-02-03,1,6,2,2.0,0.0,0.0,0.5,2.0,0.0
6,3,2025-02-10,0,7,2,1.0,2.0,0.0,0.75,0.0,1.0
6,3,2025-02-17,1,8,2,0.0,1.0,0.0,0.75,1.3333333333333333,0.0
6,3,2025-02-24,0,9,2,1.0,0.0,2.0,1.0,0.0,1.0
6,3,2025-03-03,1,10,3,0.0,1.0,1.0,0.5,2.0,0.0
6,3,2025-03-10,0,11,3,1.0,0.0,0.0,0.5,0.0,0.0
6,3,2025-03-17,0,12,3,0.0,1.0,1.0,0.5,0.0,0.0
6,3,2025-03-24,0,13,3,0.0,0.0,0.0,0.25,0.0,0.0
6,3,2025-03-31,0,14,3,0.0,0.0,1.0,0.25,0.0,0.0
6,3,2025-04-07,0,15,4,0.0,0.0,0.0,0.0,1.0,0.0
6,3,2025-04-14,0,16,4,0.0,0.0,0.0,0.0,1.0,0.0
6,3,2025-04-21,0,17,4,0.0,0.0,0.0,0.0,1.0,1.0
6,3,2025-04-28,1,18,4,0.0,0.0,0.0,0.0,1.0,0.0
6,3,2025-05-05,0,19,5,1.0,0.0,0.0,0.25,0.0,1.0
6,3,2025-05-12,1,20,5,0.0,1.0,0.0,0.25,4.0,1.0
6,3,2025-05-19,1,21,5,1.0,0.0,0.0,0.5,2.0,0.0
6,3,2025-05-26,0,22,5,1.0,1.0,1.0,0.75,0.0,1.0
6,3,2025-06-02,1,23,6,0.0,1.0,0.0,0.5,2.0,1.0
6,3,2025-06-09,1,24,6,1.0,0.0,1.0,0.75,1.3333333333333333,1.0
6,3,2025-06-16,1,25,6,1.0,1.0,1.0,0.75,1.3333333333333333,1.0
6,3,2025-06-23,1,26,6,1.0,1.0,0.0,0.75,1.3333333333333333,0.0
6,3,2025-06-30,0,27,6,1.0,1.0,1.0,1.0,0.0,1.0
6,3,2025-07-07,1,28,7,0.0,1.0,1.0,0.75,1.3333333333333333,1.0
6,3,2025-07-14,1,29,7,1.0,0.0,1.0,0.75,1.3333333333333333,0.0
6,3,2025-07-21,0,30,7,1.0,1.0,1.0,0.75,0.0,0.0
6,3,2025-07-28,0,31,7,0.0,1.0,0.0,0.5,0.0,1.0
6,3,2025-08-04,1,32,8,0.0,0.0,1.0,0.5,2.0,0.0
6,3,2025-08-11,0,33,8,1.0,0.0,1.0,0.5,0.0,1.0
6,3,2025-08-18,1,34,8,0.0,1.0,0.0,0.25,4.0,0.0
6,3,2025-08-25,0,35,8,1.0,0.0,0.0,0.5,0.0,0.0
6,3,2025-09-01,0,36,9,0.0,1.0,1.0,0.5,0.0,2.0
6,3,2025-09-08,2,37,9,0.0,0.0,0.0,0.25,8.0,0.0
6,3,2025-09-15,0,38,9,2.0,0.0,1.0,0.75,0.0,0.0
6,3,2025-09-22,0,39,9,0.0,2.0,0.0,0.5,0.0,0.0
6,3,2025-09-29,0,40,9,0.0,0.0,0.0,0.5,0.0,0.0
6,3,2025-10-06,0,41,10,0.0,0.0,2.0,0.5,0.0,0.0
6,3,2025-10-13,0,42,10,0.0,0.0,0.0,0.0,1.0,0.0
6,3,2025-10-20,0,43,10,0.0,0.0,0.0,0.0,1.0,1.0
6,3,2025-10-27,1,44,10,0.0,0.0,0.0,0.0,1.0,0.0
6,3,2025-11-03,0,45,11,1.0,0.0,0.0,0.25,0.0,0.0
6,3,2025-11-10,0,46,11,0.0,1.0,0.0,0.25,0.0,0.0
6,3,2025-11-17,0,47,11,0.0,0.0,0.0,0.25,0.0,0.0
6,3,2025-11-24,0,48,11,0.0,0.0,1.0,0.25,0.0,0.0
6,3,2025-12-01,0,49,12,0.0,0.0,0.0,0.0,1.0,0.0
6,3,2025-12-08,0,50,12,0.0,0.0,0.0,0.0,1.0,0.0
6,3,2025-12-15,0,51,12,0.0,0.0,0.0,0.0,1.0,0.0
6,3,2025-12-22,0,52,12,0.0,0.0,0.0,0.0,1.0,1.0
6,3,2025-12-29,1,1,12,0.0,0.0,0.0,0.0,1.0,1.0
6,3,2026-01-05,1,2,1,1.0,0.0,0.0,0.25,4.0,0.0
6,3,2026-01-12,0,3,1,1.0,1.0,0.0,0.5,0.0,0.0
6,3,2026-01-19,0,4,1,0.0,1.0,0.0,0.5,0.0,0.0
6,3,2026-01-26,0,5,1,0.0,0.0,1.0,0.5,0.0,0.0
6,3,2026-02-02,0,6,2,0.0,0.0,1.0,0.25,0.0,0.0
6,3,2026-02-09,0,7,2,0.0,0.0,0.0,0.0,1.0,0.0
6,3,2026-02-16,0,8,2,0.0,0.0,0.0,0.0,1.0,0.0
6,3,2026-02-23,0,9,2,0.0,0.0,0.0,0.0,1.0,0.0
6,3,2026-03-02,0,10,3,0.0,0.0,0.0,0.0,1.0,1.0
6,3,2026-03-09,1,11,3,0.0,0.0,0.0,0.0,1.0,2.0
6,3,2026-03-16,2,12,3,1.0,0.0,0.0,0.25,8.0,0.0
6,3,2026-03-23,0,13,3,2.0,1.0,0.0,0.75,0.0,0.0
6,3,2026-03-30,0,14,3,0.0,2.0,0.0,0.75,0.0,0.0
6,3,2026-04-06,0,15,4,0.0,0.0,1.0,0.75,0.0,0.0
6,3,2026-04-13,0,16,4,0.0,0.0,2.0,0.5,0.0,2.0
6,3,2026-04-20,2,17,4,0.0,0.0,0.0,0.0,1.0,0.0
6,3,2026-04-27,0,18,4,2.0,0.0,0.0,0.5,0.0,0.0
6,3,2026-05-04,0,19,5,0.0,2.0,0.0,0.5,0.0,0.0
6,3,2026-05-11,0,20,5,0.0,0.0,0.0,0.5,0.0,0.0
6,3,2026-05-18,0,21,5,0.0,0.0,2.0,0.5,0.0,0.0
6,3,2026-05-25,0,22,5,0.0,0.0,0.0,0.0,1.0,1.0
6,3,2026-06-01,1,23,6,0.0,0.0,0.0,0.0,1.0,1.0
6,3,2026-06-08,1,24,6,1.0,0.0,0.0,0.25,4.0,0.0
6,3,2026-06-15,0,25,6,1.0,1.0,0.0,0.5,0.0,0.0
6,3,2026-06-22,0,26,6,0.0,1.0,0.0,0.5,0.0,0.0
6,4,2024-01-29,1,5,1,0.0,0.0,2.0,0.5,2.0,0.0
6,4,2024-02-05,0,6,2,1.0,0.0,0.0,0.25,0.0,0.0
6,4,2024-02-12,0,7,2,0.0,1.0,0.0,0.25,0.0,0.0
6,4,2024-02-19,0,8,2,0.0,0.0,0.0,0.25,0.0,1.0
6,4,2024-02-26,1,9,2,0.0,0.0,1.0,0.25,4.0,1.0
6,4,2024-03-04,1,10,3,1.0,0.0,0.0,0.25,4.0,0.0
6,4,2024-03-11,0,11,3,1.0,1.0,0.0,0.5,0.0,0.0
6,4,2024-03-18,0,12,3,0.0,1.0,0.0,0.5,0.0,0.0
6,4,2024-03-25,0,13,3,0.0,0.0,1.0,0.5,0.0,0.0
6,4,2024-04-01,0,14,4,0.0,0.0,1.0,0.25,0.0,0.0
6,4,2024-04-08,0,15,4,0.0,0.0,0.0,0.0,1.0,0.0
6,4,2024-04-15,0,16,4,0.0,0.0,0.0,0.0,1.0,0.0
6,4,2024-04-22,0,17,4,0.0,0.0,0.0,0.0,1.0,0.0
6,4,2024-04-29,0,18,4,0.0,0.0,0.0,0.0,1.0,0.0
6,4,2024-05-06,0,19,5,0.0,0.0,0.0,0.0,1.0,0.0
6,4,2024-05-13,0,20,5,0.0,0.0,0.0,0.0,1.0,0.0
6,4,2024-05-20,0,21,5,0.0,0.0,0.0,0.0,1.0,0.0
6,4,2024-05-27,0,22,5,0.0,0.0,0.0,0.0,1.0,1.0
6,4,2024-06-03,1,23,6,0.0,0.0,0.0,0.0,1.0,1.0
6,4,2024-06-10,1,24,6,1.0,0.0,0.0,0.25,4.0,1.0
6,4,2024-06-17,1,25,6,1.0,1.0,0.0,0.5,2.0,1.0
6,4,2024-06-24,1,26,6,1.0,1.0,0.0,0.75,1.3333333333333333,1.0
6,4,2024-07-01,1,27,7,1.0,1.0,1.0,1.0,1.0,1.0
6,4,2024-07-08,1,28,7,1.0,1.0,1.0,1.0,1.0,0.0
6,4,2024-07-15,0,29,7,1.0,1.0,1.0,1.0,0.0,0.0
6,4,2024-07-22,0,30,7,0.0,1.0,1.0,0.75,0.0,0.0
6,4,2024-07-29,0,31,7,0.0,0.0,1.0,0.5,0.0,0.0
6,4,2024-08-05,0,32,8,0.0,0.0,1.0,0.25,0.0,1.0
6,4,2024-08-12,1,33,8,0.0,0.0,0.0,0.0,1.0,1.0
6,4,2024-08-19,1,34,8,1.0,0.0,0.0,0.25,4.0,1.0
6,4,2024-08-26,1,35,8,1.0,1.0,0.0,0.5,2.0,1.0
6,4,2024-09-02,1,36,9,1.0,1.0,0.0,0.75,1.3333333333333333,1.0
6,4,2024-09-09,1,37,9,1.0,1.0,1.0,1.0,1.0,0.0
6,4,2024-09-16,0,38,9,1.0,1.0,1.0,1.0,0.0,0.0
6,4,2024-09-23,0,39,9,0.0,1.0,1.0,0.75,0.0,0.0
6,4,2024-09-30,0,40,9,0.0,0.0,1.0,0.5,0.0,0.0
6,4,2024-10-07,0,41,10,0.0,0.0,1.0,0.25,0.0,0.0
6,4,2024-10-14,0,42,10,0.0,0.0,0.0,0.0,1.0,1.0
6,4,2024-10-21,1,43,10,0.0,0.0,0.0,0.0,1.0,1.0
6,4,2024-10-28,1,44,10,1.0,0.0,0.0,0.25,4.0,0.0
6,4,2024-11-04,0,45,11,1.0,1.0,0.0,0.5,0.0,0.0
6,4,2024-11-11,0,46,11,0.0,1.0,0.0,0.5,0.0,0.0
6,4,2024-11-18,0,47,11,0.0,0.0,1.0,0.5,0.0,1.0
6,4,2024-11-25,1,48,11,0.0,0.0,1.0,0.25,4.0,2.0
6,4,2024-12-02,2,49,12,1.0,0.0,0.0,0.25,8.0,0.0
6,4,2024-12-09,0,50,12,2.0,1.0,0.0,0.75,0.0,0.0
6,4,2024-12-16,0,51,12,0.0,2.0,0.0,0.75,0.0,0.0
6,4,2024-12-23,0,52,12,0.0,0.0,1.0,0.75,0.0,0.0
6,4,2024-12-30,0,1,12,0.0,0.0,2.0,0.5,0.0,0.0
6,4,2025-01-06,0,2,1,0.0,0.0,0.0,0.0,1.0,0.0
6,4,2025-01-13,0,3,1,0.0,0.0,0.0,0.0,1.0,1.0
6,4,2025-01-20,1,4,1,0.0,0.0,0.0,0.0,1.0,0.0
6,4,2025-01-27,0,5,1,1.0,0.0,0.0,0.25,0.0,1.0
6,4,2025-02-03,1,6,2,0.0,1.0,0.0,0.25,4.0,1.0
6,4,2025-02-10,1,7,2,1.0,0.0,0.0,0.5,2.0,1.0
6,4,2025-02-17,1,8,2,1.0,1.0,1.0,0.75,1.3333333333333333,0.0
6,4,2025-02-24,0,9,2,1.0,1.0,0.0,0.75,0.0,1.0
6,4,2025-03-03,1,10,3,0.0,1.0,1.0,0.75,1.3333333333333333,1.0
6,4,2025-03-10,1,11,3,1.0,0.0,1.0,0.75,1.3333333333333333,0.0
6,4,2025-03-17,0,12,3,1.0,1.0,1.0,0.75,0.0,0.0
6,4,2025-03-24,0,13,3,0.0,1.0,0.0,0.5,0.0,1.0
6,4,2025-03-31,1,14,3,0.0,0.0,1.0,0.5,2.0,0.0
6,4,2025-04-07,0,15,4,1.0,0.0,1.0,0.5,0.0,0.0
6,4,2025-04-14,0,16,4,0.0,1.0,0.0,0.25,0.0,0.0
6,4,2025-04-21,0,17,4,0.0,0.0,0.0,0.25,0.0,0.0
6,4,2025-04-28,0,18,4,0.0,0.0,1.0,0.25,0.0,0.0
6,4,2025-05-05,0,19,5,0.0,0.0,0.0,0.0,1.0,1.0
6,4,2025-05-12,1,20,5,0.0,0.0,0.0,0.0,1.0,0.0
6,4,2025-05-19,0,21,5,1.0,0.0,0.0,0.25,0.0,0.0
6,4,2025-05-26,0,22,5,0.0,1.0,0.0,0.25,0.0,0.0
6,4,2025-06-02,0,23,6,0.0,0.0,0.0,0.25,0.0,0.0
6,4,2025-06-09,0,24,6,0.0,0.0,1.0,0.25,0.0,0.0
6,4,2025-06-16,0,25,6,0.0,0.0,0.0,0.0,1.0,1.0
6,4,2025-06-23,1,26,6,0.0,0.0,0.0,0.0,1.0,0.0
6,4,2025-06-30,0,27,6,1.0,0.0,0.0,0.25,0.0,0.0
6,4,2025-07-07,0,28,7,0.0,1.0,0.0,0.25,0.0,0.0
6,4,2025-07-14,0,29,7,0.0,0.0,0.0,0.25,0.0,0.0
6,4,2025-07-21,0,30,7,0.0,0.0,1.0,0.25,0.0,0.0
6,4,2025-07-28,0,31,7,0.0,0.0,0.0,0.0,1.0,0.0
6,4,2025-08-04,0,32,8,0.0,0.0,0.0,0.0,1.0,1.0
6,4,2025-08-11,1,33,8,0.0,0.0,0.0,0.0,1.0,0.0
6,4,2025-08-18,0,34,8,1.0,0.0,0.0,0.25,0.0,0.0
6,4,2025-08-25,0,35,8,0.0,1.0,0.0,0.25,0.0,0.0
6,4,2025-09-01,0,36,9,0.0,0.0,0.0,0.25,0.0,1.0
6,4,2025-09-08,1,37,9,0.0,0.0,1.0,0.25,4.0,0.0
6,4,2025-09-15,0,38,9,1.0,0.0,0.0,0.25,0.0,1.0
6,4,2025-09-22,1,39,9,0.0,1.0,0.0,0.25,4.0,2.0
6,4,2025-09-29,2,40,9,1.0,0.0,0.0,0.5,4.0,0.0
6,4,2025-10-06,0,41,10,2.0,1.0,1.0,1.0,0.0,0.0
6,4,2025-10-13,0,42,10,0.0,2.0,0.0,0.75,0.0,0.0
6,4,2025-10-20,0,43,10,0.0,0.0,1.0,0.75,0.0,1.0
6,4,2025-10-27,1,44,10,0.0,0.0,2.0,0.5,2.0,1.0
6,4,2025-11-03,1,45,11,1.0,0.0,0.0,0.25,4.0,1.0
6,4,2025-11-10,1,46,11,1.0,1.0,0.0,0.5,2.0,0.0
6,4,2025-11-17,0,47,11,1.0,1.0,0.0,0.75,0.0,0.0
6,4,2025-11-24,0,48,11,0.0,1.0,1.0,0.75,0.0,0.0
6,4,2025-12-01,0,49,12,0.0,0.0,1.0,0.5,0.0,0.0
6,4,2025-12-08,0,50,12,0.0,0.0,1.0,0.25,0.0,0.0
6,4,2025-12-15,0,51,12,0.0,0.0,0.0,0.0,1.0,0.0
6,4,2025-12-22,0,52,12,0.0,0.0,0.0,0.0,1.0,0.0
6,4,2025-12-29,0,1,12,0.0,0.0,0.0,0.0,1.0,0.0
6,4,2026-01-05,0,2,1,0.0,0.0,0.0,0.0,1.0,1.0
6,4,2026-01-12,1,3,1,0.0,0.0,0.0,0.0,1.0,1.0
6,4,2026-01-19,1,4,1,1.0,0.0,0.0,0.25,4.0,0.0
6,4,2026-01-26,0,5,1,1.0,1.0,0.0,0.5,0.0,2.0
6,4,2026-02-02,2,6,2,0.0,1.0,0.0,0.5,4.0,1.0
6,4,2026-02-09,1,7,2,2.0,0.0,1.0,1.0,1.0,1.0
6,4,2026-02-16,1,8,2,1.0,2.0,1.0,1.0,1.0,0.0
6,4,2026-02-23,0,9,2,1.0,1.0,0.0,1.0,0.0,0.0
6,4,2026-03-02,0,10,3,0.0,1.0,2.0,1.0,0.0,1.0
6,4,2026-03-09,1,11,3,0.0,0.0,1.0,0.5,2.0,1.0
6,4,2026-03-16,1,12,3,1.0,0.0,1.0,0.5,2.0,0.0
6,4,2026-03-23,0,13,3,1.0,1.0,0.0,0.5,0.0,0.0
6,4,2026-03-30,0,14,3,0.0,1.0,0.0,0.5,0.0,0.0
6,4,2026-04-06,0,15,4,0.0,0.0,1.0,0.5,0.0,0.0
6,4,2026-04-13,0,16,4,0.0,0.0,1.0,0.25,0.0,0.0
6,4,2026-04-20,0,17,4,0.0,0.0,0.0,0.0,1.0,0.0
6,4,2026-04-27,0,18,4,0.0,0.0,0.0,0.0,1.0,1.0
6,4,2026-05-04,1,19,5,0.0,0.0,0.0,0.0,1.0,1.0
6,4,2026-05-11,1,20,5,1.0,0.0,0.0,0.25,4.0,0.0
6,4,2026-05-18,0,21,5,1.0,1.0,0.0,0.5,0.0,0.0
6,4,2026-05-25,0,22,5,0.0,1.0,0.0,0.5,0.0,1.0
6,4,2026-06-01,1,23,6,0.0,0.0,1.0,0.5,2.0,1.0
6,4,2026-06-08,1,24,6,1.0,0.0,1.0,0.5,2.0,0.0
6,4,2026-06-15,0,25,6,1.0,1.0,0.0,0.5,0.0,1.0
6,4,2026-06-22,1,26,6,0.0,1.0,0.0,0.5,2.0,0.0
6,5,2024-01-29,2,5,1,2.0,0.0,0.0,0.5,4.0,0.0
6,5,2024-02-05,0,6,2,2.0,2.0,0.0,1.0,0.0,1.0
6,5,2024-02-12,1,7,2,0.0,2.0,0.0,1.0,1.0,1.0
6,5,2024-02-19,1,8,2,1.0,0.0,2.0,1.25,0.8,1.0
6,5,2024-02-26,1,9,2,1.0,1.0,2.0,1.0,1.0,0.0
6,5,2024-03-04,0,10,3,1.0,1.0,0.0,0.75,0.0,0.0
6,5,2024-03-11,0,11,3,0.0,1.0,1.0,0.75,0.0,1.0
6,5,2024-03-18,1,12,3,0.0,0.0,1.0,0.5,2.0,0.0
6,5,2024-03-25,0,13,3,1.0,0.0,1.0,0.5,0.0,0.0
6,5,2024-04-01,0,14,4,0.0,1.0,0.0,0.25,0.0,0.0
6,5,2024-04-08,0,15,4,0.0,0.0,0.0,0.25,0.0,0.0
6,5,2024-04-15,0,16,4,0.0,0.0,1.0,0.25,0.0,0.0
6,5,2024-04-22,0,17,4,0.0,0.0,0.0,0.0,1.0,0.0
6,5,2024-04-29,0,18,4,0.0,0.0,0.0,0.0,1.0,0.0
6,5,2024-05-06,0,19,5,0.0,0.0,0.0,0.0,1.0,0.0
6,5,2024-05-13,0,20,5,0.0,0.0,0.0,0.0,1.0,0.0
6,5,2024-05-20,0,21,5,0.0,0.0,0.0,0.0,1.0,0.0
6,5,2024-05-27,0,22,5,0.0,0.0,0.0,0.0,1.0,1.0
6,5,2024-06-03,1,23,6,0.0,0.0,0.0,0.0,1.0,1.0
6,5,2024-06-10,1,24,6,1.0,0.0,0.0,0.25,4.0,0.0
6,5,2024-06-17,0,25,6,1.0,1.0,0.0,0.5,0.0,0.0
6,5,2024-06-24,0,26,6,0.0,1.0,0.0,0.5,0.0,0.0
6,5,2024-07-01,0,27,7,0.0,0.0,1.0,0.5,0.0,1.0
6,5,2024-07-08,1,28,7,0.0,0.0,1.0,0.25,4.0,0.0
6,5,2024-07-15,0,29,7,1.0,0.0,0.0,0.25,0.0,0.0
6,5,2024-07-22,0,30,7,0.0,1.0,0.0,0.25,0.0,1.0
6,5,2024-07-29,1,31,7,0.0,0.0,0.0,0.25,4.0,0.0
6,5,2024-08-05,0,32,8,1.0,0.0,1.0,0.5,0.0,0.0
6,5,2024-08-12,0,33,8,0.0,1.0,0.0,0.25,0.0,0.0
6,5,2024-08-19,0,34,8,0.0,0.0,0.0,0.25,0.0,1.0
6,5,2024-08-26,1,35,8,0.0,0.0,1.0,0.25,4.0,0.0
6,5,2024-09-02,0,36,9,1.0,0.0,0.0,0.25,0.0,1.0
6,5,2024-09-09,1,37,9,0.0,1.0,0.0,0.25,4.0,0.0
6,5,2024-09-16,0,38,9,1.0,0.0,0.0,0.5,0.0,1.0
6,5,2024-09-23,1,39,9,0.0,1.0,1.0,0.5,2.0,0.0
6,5,2024-09-30,0,40,9,1.0,0.0,0.0,0.5,0.0,0.0
6,5,2024-10-07,0,41,10,0.0,1.0,1.0,0.5,0.0,0.0
6,5,2024-10-14,0,42,10,0.0,0.0,0.0,0.25,0.0,1.0
6,5,2024-10-21,1,43,10,0.0,0.0,1.0,0.25,4.0,0.0
6,5,2024-10-28,0,44,10,1.0,0.0,0.0,0.25,0.0,1.0
6,5,2024-11-04,1,45,11,0.0,1.0,0.0,0.25,4.0,0.0
6,5,2024-11-11,0,46,11,1.0,0.0,0.0,0.5,0.0,0.0
6,5,2024-11-18,0,47,11,0.0,1.0,1.0,0.5,0.0,0.0
6,5,2024-11-25,0,48,11,0.0,0.0,0.0,0.25,0.0,2.0
6,5,2024-12-02,2,49,12,0.0,0.0,1.0,0.25,8.0,2.0
6,5,2024-12-09,2,50,12,2.0,0.0,0.0,0.5,4.0,0.0
6,5,2024-12-16,0,51,12,2.0,2.0,0.0,1.0,0.0,1.0
6,5,2024-12-23,1,52,12,0.0,2.0,0.0,1.0,1.0,0.0
6,5,2024-12-30,0,1,12,1.0,0.0,2.0,1.25,0.0,0.0
6,5,2025-01-06,0,2,1,0.0,1.0,2.0,0.75,0.0,2.0
6,5,2025-01-13,2,3,1,0.0,0.0,0.0,0.25,8.0,1.0
6,5,2025-01-20,1,4,1,2.0,0.0,1.0,0.75,1.3333333333333333,2.0
6,5,2025-01-27,2,5,1,1.0,2.0,0.0,0.75,2.6666666666666665,2.0
6,5,2025-02-03,2,6,2,2.0,1.0,0.0,1.25,1.6,1.0
6,5,2025-02-10,1,7,2,2.0,2.0,2.0,1.75,0.5714285714285714,0.0
6,5,2025-02-17,0,8,2,1.0,2.0,1.0,1.5,0.0,0.0
6,5,2025-02-24,0,9,2,0.0,1.0,2.0,1.25,0.0,0.0
6,5,2025-03-03,0,10,3,0.0,0.0,2.0,0.75,0.0,2.0
6,5,2025-03-10,2,11,3,0.0,0.0,1.0,0.25,8.0,0.0
6,5,2025-03-17,0,12,3,2.0,0.0,0.0,0.5,0.0,0.0
6,5,2025-03-24,0,13,3,0.0,2.0,0.0,0.5,0.0,0.0
6,5,2025-03-31,0,14,3,0.0,0.0,0.0,0.5,0.0,0.0
6,5,2025-04-07,0,15,4,0.0,0.0,2.0,0.5,0.0,0.0
6,5,2025-04-14,0,16,4,0.0,0.0,0.0,0.0,1.0,0.0
6,5,2025-04-21,0,17,4,0.0,0.0,0.0,0.0,1.0,0.0
6,5,2025-04-28,0,18,4,0.0,0.0,0.0,0.0,1.0,0.0
6,5,2025-05-05,0,19,5,0.0,0.0,0.0,0.0,1.0,0.0
6,5,2025-05-12,0,20,5,0.0,0.0,0.0,0.0,1.0,1.0
6,5,2025-05-19,1,21,5,0.0,0.0,0.0,0.0,1.0,0.0
6,5,2025-05-26,0,22,5,1.0,0.0,0.0,0.25,0.0,0.0
6,5,2025-06-02,0,23,6,0.0,1.0,0.0,0.25,0.0,1.0
6,5,2025-06-09,1,24,6,0.0,0.0,0.0,0.25,4.0,0.0
6,5,2025-06-16,0,25,6,1.0,0.0,1.0,0.5,0.0,0.0
6,5,2025-06-23,0,26,6,0.0,1.0,0.0,0.25,0.0,1.0
6,5,2025-06-30,1,27,6,0.0,0.0,0.0,0.25,4.0,1.0
6,5,2025-07-07,1,28,7,1.0,0.0,1.0,0.5,2.0,0.0
6,5,2025-07-14,0,29,7,1.0,1.0,0.0,0.5,0.0,1.0
6,5,2025-07-21,1,30,7,0.0,1.0,0.0,0.5,2.0,0.0
6,5,2025-07-28,0,31,7,1.0,0.0,1.0,0.75,0.0,0.0
6,5,2025-08-04,0,32,8,0.0,1.0,1.0,0.5,0.0,0.0
6,5,2025-08-11,0,33,8,0.0,0.0,0.0,0.25,0.0,0.0
6,5,2025-08-18,0,34,8,0.0,0.0,1.0,0.25,0.0,0.0
6,5,2025-08-25,0,35,8,0.0,0.0,0.0,0.0,1.0,0.0
6,5,2025-09-01,0,36,9,0.0,0.0,0.0,0.0,1.0,1.0
6,5,2025-09-08,1,37,9,0.0,0.0,0.0,0.0,1.0,0.0
6,5,2025-09-15,0,38,9,1.0,0.0,0.0,0.25,0.0,0.0
6,5,2025-09-22,0,39,9,0.0,1.0,0.0,0.25,0.0,0.0
6,5,2025-09-29,0,40,9,0.0,0.0,0.0,0.25,0.0,0.0
6,5,2025-10-06,0,41,10,0.0,0.0,1.0,0.25,0.0,0.0
6,5,2025-10-13,0,42,10,0.0,0.0,0.0,0.0,1.0,0.0
6,5,2025-10-20,0,43,10,0.0,0.0,0.0,0.0,1.0,1.0
6,5,2025-10-27,1,44,10,0.0,0.0,0.0,0.0,1.0,0.0
6,5,2025-11-03,0,45,11,1.0,0.0,0.0,0.25,0.0,0.0
6,5,2025-11-10,0,46,11,0.0,1.0,0.0,0.25,0.0,0.0
6,5,2025-11-17,0,47,11,0.0,0.0,0.0,0.25,0.0,1.0
6,5,2025-11-24,1,48,11,0.0,0.0,1.0,0.25,4.0,0.0
6,5,2025-12-01,0,49,12,1.0,0.0,0.0,0.25,0.0,0.0
6,5,2025-12-08,0,50,12,0.0,1.0,0.0,0.25,0.0,0.0
6,5,2025-12-15,0,51,12,0.0,0.0,0.0,0.25,0.0,0.0
6,5,2025-12-22,0,52,12,0.0,0.0,1.0,0.25,0.0,0.0
6,5,2025-12-29,0,1,12,0.0,0.0,0.0,0.0,1.0,3.0
6,5,2026-01-05,3,2,1,0.0,0.0,0.0,0.0,1.0,0.0
6,5,2026-01-12,0,3,1,3.0,0.0,0.0,0.75,0.0,0.0
6,5,2026-01-19,0,4,1,0.0,3.0,0.0,0.75,0.0,0.0
6,5,2026-01-26,0,5,1,0.0,0.0,0.0,0.75,0.0,0.0
6,5,2026-02-02,0,6,2,0.0,0.0,3.0,0.75,0.0,0.0
6,5,2026-02-09,0,7,2,0.0,0.0,0.0,0.0,1.0,0.0
6,5,2026-02-16,0,8,2,0.0,0.0,0.0,0.0,1.0,0.0
6,5,2026-02-23,0,9,2,0.0,0.0,0.0,0.0,1.0,0.0
6,5,2026-03-02,0,10,3,0.0,0.0,0.0,0.0,1.0,0.0
6,5,2026-03-09,0,11,3,0.0,0.0,0.0,0.0,1.0,0.0
6,5,2026-03-16,0,12,3,0.0,0.0,0.0,0.0,1.0,1.0
6,5,2026-03-23,1,13,3,0.0,0.0,0.0,0.0,1.0,0.0
6,5,2026-03-30,0,14,3,1.0,0.0,0.0,0.25,0.0,1.0
6,5,2026-04-06,1,15,4,0.0,1.0,0.0,0.25,4.0,1.0
6,5,2026-04-13,1,16,4,1.0,0.0,0.0,0.5,2.0,1.0
6,5,2026-04-20,1,17,4,1.0,1.0,1.0,0.75,1.3333333333333333,0.0
6,5,2026-04-27,0,18,4,1.0,1.0,0.0,0.75,0.0,1.0
6,5,2026-05-04,1,19,5,0.0,1.0,1.0,0.75,1.3333333333333333,0.0
6,5,2026-05-11,0,20,5,1.0,0.0,1.0,0.75,0.0,0.0
6,5,2026-05-18,0,21,5,0.0,1.0,1.0,0.5,0.0,1.0
6,5,2026-05-25,1,22,5,0.0,0.0,0.0,0.25,4.0,0.0
6,5,2026-06-01,0,23,6,1.0,0.0,1.0,0.5,0.0,1.0
6,5,2026-06-08,1,24,6,0.0,1.0,0.0,0.25,4.0,0.0
6,5,2026-06-15,0,25,6,1.0,0.0,0.0,0.5,0.0,0.0
6,5,2026-06-22,0,26,6,0.0,1.0,1.0,0.5,0.0,0.0
6,6,2024-01-29,0,5,1,2.0,0.0,1.0,0.75,0.0,2.0
6,6,2024-02-05,2,6,2,0.0,2.0,0.0,0.5,4.0,0.0
6,6,2024-02-12,0,7,2,2.0,0.0,0.0,1.0,0.0,3.0
6,6,2024-02-19,3,8,2,0.0,2.0,2.0,1.0,3.0,1.0
6,6,2024-02-26,1,9,2,3.0,0.0,0.0,1.25,0.8,1.0
6,6,2024-03-04,1,10,3,1.0,3.0,2.0,1.5,0.6666666666666666,0.0
6,6,2024-03-11,0,11,3,1.0,1.0,0.0,1.25,0.0,0.0
6,6,2024-03-18,0,12,3,0.0,1.0,3.0,1.25,0.0,1.0
6,6,2024-03-25,1,13,3,0.0,0.0,1.0,0.5,2.0,0.0
6,6,2024-04-01,0,14,4,1.0,0.0,1.0,0.5,0.0,0.0
6,6,2024-04-08,0,15,4,0.0,1.0,0.0,0.25,0.0,2.0
6,6,2024-04-15,2,16,4,0.0,0.0,0.0,0.25,8.0,0.0
6,6,2024-04-22,0,17,4,2.0,0.0,1.0,0.75,0.0,1.0
6,6,2024-04-29,1,18,4,0.0,2.0,0.0,0.5,2.0,0.0
6,6,2024-05-06,0,19,5,1.0,0.0,0.0,0.75,0.0,1.0
6,6,2024-05-13,1,20,5,0.0,1.0,2.0,0.75,1.3333333333333333,2.0
6,6,2024-05-20,2,21,5,1.0,0.0,0.0,0.5,4.0,1.0
6,6,2024-05-27,1,22,5,2.0,1.0,1.0,1.0,1.0,0.0
6,6,2024-06-03,0,23,6,1.0,2.0,0.0,1.0,0.0,1.0
6,6,2024-06-10,1,24,6,0.0,1.0,1.0,1.0,1.0,0.0
6,6,2024-06-17,0,25,6,1.0,0.0,2.0,1.0,0.0,1.0
6,6,2024-06-24,1,26,6,0.0,1.0,1.0,0.5,2.0,1.0
6,6,2024-07-01,1,27,7,1.0,0.0,0.0,0.5,2.0,0.0
6,6,2024-07-08,0,28,7,1.0,1.0,1.0,0.75,0.0,0.0
6,6,2024-07-15,0,29,7,0.0,1.0,0.0,0.5,0.0,0.0
6,6,2024-07-22,0,30,7,0.0,0.0,1.0,0.5,0.0,1.0
6,6,2024-07-29,1,31,7,0.0,0.0,1.0,0.25,4.0,0.0
6,6,2024-08-05,0,32,8,1.0,0.0,0.0,0.25,0.0,2.0
6,6,2024-08-12,2,33,8,0.0,1.0,0.0,0.25,8.0,0.0
6,6,2024-08-19,0,34,8,2.0,0.0,0.0,0.75,0.0,0.0
6,6,2024-08-26,0,35,8,0.0,2.0,1.0,0.75,0.0,0.0
6,6,2024-09-02,0,36,9,0.0,0.0,0.0,0.5,0.0,0.0
6,6,2024-09-09,0,37,9,0.0,0.0,2.0,0.5,0.0,1.0
6,6,2024-09-16,1,38,9,0.0,0.0,0.0,0.0,1.0,0.0
6,6,2024-09-23,0,39,9,1.0,0.0,0.0,0.25,0.0,0.0
6,6,2024-09-30,0,40,9,0.0,1.0,0.0,0.25,0.0,0.0
6,6,2024-10-07,0,41,10,0.0,0.0,0.0,0.25,0.0,0.0
6,6,2024-10-14,0,42,10,0.0,0.0,1.0,0.25,0.0,0.0
6,6,2024-10-21,0,43,10,0.0,0.0,0.0,0.0,1.0,0.0
6,6,2024-10-28,0,44,10,0.0,0.0,0.0,0.0,1.0,2.0
6,6,2024-11-04,2,45,11,0.0,0.0,0.0,0.0,1.0,0.0
6,6,2024-11-11,0,46,11,2.0,0.0,0.0,0.5,0.0,0.0
6,6,2024-11-18,0,47,11,0.0,2.0,0.0,0.5,0.0,0.0
6,6,2024-11-25,0,48,11,0.0,0.0,0.0,0.5,0.0,1.0
6,6,2024-12-02,1,49,12,0.0,0.0,2.0,0.5,2.0,0.0
6,6,2024-12-09,0,50,12,1.0,0.0,0.0,0.25,0.0,1.0
6,6,2024-12-16,1,51,12,0.0,1.0,0.0,0.25,4.0,2.0
6,6,2024-12-23,2,52,12,1.0,0.0,0.0,0.5,4.0,0.0
6,6,2024-12-30,0,1,12,2.0,1.0,1.0,1.0,0.0,0.0
6,6,2025-01-06,0,2,1,0.0,2.0,0.0,0.75,0.0,0.0
6,6,2025-01-13,0,3,1,0.0,0.0,1.0,0.75,0.0,0.0
6,6,2025-01-20,0,4,1,0.0,0.0,2.0,0.5,0.0,2.0
6,6,2025-01-27,2,5,1,0.0,0.0,0.0,0.0,1.0,0.0
6,6,2025-02-03,0,6,2,2.0,0.0,0.0,0.5,0.0,3.0
6,6,2025-02-10,3,7,2,0.0,2.0,0.0,0.5,6.0,0.0
6,6,2025-02-17,0,8,2,3.0,0.0,0.0,1.25,0.0,0.0
6,6,2025-02-24,0,9,2,0.0,3.0,2.0,1.25,0.0,0.0
6,6,2025-03-03,0,10,3,0.0,0.0,0.0,0.75,0.0,1.0
6,6,2025-03-10,1,11,3,0.0,0.0,3.0,0.75,1.3333333333333333,1.0
6,6,2025-03-17,1,12,3,1.0,0.0,0.0,0.25,4.0,0.0
6,6,2025-03-24,0,13,3,1.0,1.0,0.0,0.5,0.0,0.0
6,6,2025-03-31,0,14,3,0.0,1.0,0.0,0.5,0.0,0.0
6,6,2025-04-07,0,15,4,0.0,0.0,1.0,0.5,0.0,0.0
6,6,2025-04-14,0,16,4,0.0,0.0,1.0,0.25,0.0,0.0
6,6,2025-04-21,0,17,4,0.0,0.0,0.0,0.0,1.0,1.0
6,6,2025-04-28,1,18,4,0.0,0.0,0.0,0.0,1.0,1.0
6,6,2025-05-05,1,19,5,1.0,0.0,0.0,0.25,4.0,0.0
6,6,2025-05-12,0,20,5,1.0,1.0,0.0,0.5,0.0,1.0
6,6,2025-05-19,1,21,5,0.0,1.0,0.0,0.5,2.0,0.0
6,6,2025-05-26,0,22,5,1.0,0.0,1.0,0.75,0.0,3.0
6,6,2025-06-02,3,23,6,0.0,1.0,1.0,0.5,6.0,0.0
6,6,2025-06-09,0,24,6,3.0,0.0,0.0,1.0,0.0,1.0
6,6,2025-06-16,1,25,6,0.0,3.0,1.0,1.0,1.0,0.0
6,6,2025-06-23,0,26,6,1.0,0.0,0.0,1.0,0.0,0.0
6,6,2025-06-30,0,27,6,0.0,1.0,3.0,1.0,0.0,0.0
6,6,2025-07-07,0,28,7,0.0,0.0,0.0,0.25,0.0,0.0
6,6,2025-07-14,0,29,7,0.0,0.0,1.0,0.25,0.0,0.0
6,6,2025-07-21,0,30,7,0.0,0.0,0.0,0.0,1.0,0.0
6,6,2025-07-28,0,31,7,0.0,0.0,0.0,0.0,1.0,0.0
6,6,2025-08-04,0,32,8,0.0,0.0,0.0,0.0,1.0,0.0
6,6,2025-08-11,0,33,8,0.0,0.0,0.0,0.0,1.0,1.0
6,6,2025-08-18,1,34,8,0.0,0.0,0.0,0.0,1.0,0.0
6,6,2025-08-25,0,35,8,1.0,0.0,0.0,0.25,0.0,0.0
6,6,2025-09-01,0,36,9,0.0,1.0,0.0,0.25,0.0,0.0
6,6,2025-09-08,0,37,9,0.0,0.0,0.0,0.25,0.0,0.0
6,6,2025-09-15,0,38,9,0.0,0.0,1.0,0.25,0.0,1.0
6,6,2025-09-22,1,39,9,0.0,0.0,0.0,0.0,1.0,0.0
6,6,2025-09-29,0,40,9,1.0,0.0,0.0,0.25,0.0,1.0
6,6,2025-10-06,1,41,10,0.0,1.0,0.0,0.25,4.0,1.0
6,6,2025-10-13,1,42,10,1.0,0.0,0.0,0.5,2.0,0.0
6,6,2025-10-20,0,43,10,1.0,1.0,1.0,0.75,0.0,0.0
6,6,2025-10-27,0,44,10,0.0,1.0,0.0,0.5,0.0,1.0
6,6,2025-11-03,1,45,11,0.0,0.0,1.0,0.5,2.0,0.0
6,6,2025-11-10,0,46,11,1.0,0.0,1.0,0.5,0.0,0.0
6,6,2025-11-17,0,47,11,0.0,1.0,0.0,0.25,0.0,0.0
6,6,2025-11-24,0,48,11,0.0,0.0,0.0,0.25,0.0,1.0
6,6,2025-12-01,1,49,12,0.0,0.0,1.0,0.25,4.0,1.0
6,6,2025-12-08,1,50,12,1.0,0.0,0.0,0.25,4.0,1.0
6,6,2025-12-15,1,51,12,1.0,1.0,0.0,0.5,2.0,3.0
6,6,2025-12-22,3,52,12,1.0,1.0,0.0,0.75,4.0,0.0
6,6,2025-12-29,0,1,12,3.0,1.0,1.0,1.5,0.0,0.0
6,6,2026-01-05,0,2,1,0.0,3.0,1.0,1.25,0.0,1.0
6,6,2026-01-12,1,3,1,0.0,0.0,1.0,1.0,1.0,0.0
6,6,2026-01-19,0,4,1,1.0,0.0,3.0,1.0,0.0,1.0
6,6,2026-01-26,1,5,1,0.0,1.0,0.0,0.25,4.0,1.0
6,6,2026-02-02,1,6,2,1.0,0.0,0.0,0.5,2.0,0.0
6,6,2026-02-09,0,7,2,1.0,1.0,1.0,0.75,0.0,0.0
6,6,2026-02-16,0,8,2,0.0,1.0,0.0,0.5,0.0,1.0
6,6,2026-02-23,1,9,2,0.0,0.0,1.0,0.5,2.0,0.0
6,6,2026-03-02,0,10,3,1.0,0.0,1.0,0.5,0.0,0.0
6,6,2026-03-09,0,11,3,0.0,1.0,0.0,0.25,0.0,0.0
6,6,2026-03-16,0,12,3,0.0,0.0,0.0,0.25,0.0,0.0
6,6,2026-03-23,0,13,3,0.0,0.0,1.0,0.25,0.0,0.0
6,6,2026-03-30,0,14,3,0.0,0.0,0.0,0.0,1.0,0.0
6,6,2026-04-06,0,15,4,0.0,0.0,0.0,0.0,1.0,1.0
6,6,2026-04-13,1,16,4,0.0,0.0,0.0,0.0,1.0,1.0
6,6,2026-04-20,1,17,4,1.0,0.0,0.0,0.25,4.0,2.0
6,6,2026-04-27,2,18,4,1.0,1.0,0.0,0.5,4.0,0.0
6,6,2026-05-04,0,19,5,2.0,1.0,0.0,1.0,0.0,0.0
6,6,2026-05-11,0,20,5,0.0,2.0,1.0,1.0,0.0,0.0
6,6,2026-05-18,0,21,5,0.0,0.0,1.0,0.75,0.0,0.0
6,6,2026-05-25,0,22,5,0.0,0.0,2.0,0.5,0.0,0.0
6,6,2026-06-01,0,23,6,0.0,0.0,0.0,0.0,1.0,0.0
6,6,2026-06-08,0,24,6,0.0,0.0,0.0,0.0,1.0,0.0
6,6,2026-06-15,0,25,6,0.0,0.0,0.0,0.0,1.0,0.0
6,6,2026-06-22,0,26,6,0.0,0.0,0.0,0.0,1.0,1.0
6,7,2024-01-29,2,5,1,0.0,0.0,1.0,0.25,8.0,1.0
6,7,2024-02-05,1,6,2,2.0,0.0,0.0,0.5,2.0,0.0
6,7,2024-02-12,0,7,2,1.0,2.0,0.0,0.75,0.0,0.0
6,7,2024-02-19,0,8,2,0.0,1.0,0.0,0.75,0.0,0.0
6,7,2024-02-26,0,9,2,0.0,0.0,2.0,0.75,0.0,1.0
6,7,2024-03-04,1,10,3,0.0,0.0,1.0,0.25,4.0,0.0
6,7,2024-03-11,0,11,3,1.0,0.0,0.0,0.25,0.0,0.0
6,7,2024-03-18,0,12,3,0.0,1.0,0.0,0.25,0.0,3.0
6,7,2024-03-25,3,13,3,0.0,0.0,0.0,0.25,12.0,0.0
6,7,2024-04-01,0,14,4,3.0,0.0,1.0,1.0,0.0,0.0
6,7,2024-04-08,0,15,4,0.0,3.0,0.0,0.75,0.0,0.0
6,7,2024-04-15,0,16,4,0.0,0.0,0.0,0.75,0.0,0.0
6,7,2024-04-22,0,17,4,0.0,0.0,3.0,0.75,0.0,0.0
6,7,2024-04-29,0,18,4,0.0,0.0,0.0,0.0,1.0,0.0
6,7,2024-05-06,0,19,5,0.0,0.0,0.0,0.0,1.0,0.0
6,7,2024-05-13,0,20,5,0.0,0.0,0.0,0.0,1.0,1.0
6,7,2024-05-20,1,21,5,0.0,0.0,0.0,0.0,1.0,2.0
6,7,2024-05-27,2,22,5,1.0,0.0,0.0,0.25,8.0,1.0
6,7,2024-06-03,1,23,6,2.0,1.0,0.0,0.75,1.3333333333333333,1.0
6,7,2024-06-10,1,24,6,1.0,2.0,0.0,1.0,1.0,1.0
6,7,2024-06-17,1,25,6,1.0,1.0,1.0,1.25,0.8,0.0
6,7,2024-06-24,0,26,6,1.0,1.0,2.0,1.25,0.0,0.0
6,7,2024-07-01,0,27,7,0.0,1.0,1.0,0.75,0.0,1.0
6,7,2024-07-08,1,28,7,0.0,0.0,1.0,0.5,2.0,0.0
6,7,2024-07-15,0,29,7,1.0,0.0,1.0,0.5,0.0,1.0
6,7,2024-07-22,1,30,7,0.0,1.0,0.0,0.25,4.0,0.0
6,7,2024-07-29,0,31,7,1.0,0.0,0.0,0.5,0.0,0.0
6,7,2024-08-05,0,32,8,0.0,1.0,1.0,0.5,0.0,0.0
6,7,2024-08-12,0,33,8,0.0,0.0,0.0,0.25,0.0,2.0
6,7,2024-08-19,2,34,8,0.0,0.0,1.0,0.25,8.0,1.0
6,7,2024-08-26,1,35,8,2.0,0.0,0.0,0.5,2.0,1.0
6,7,2024-09-02,1,36,9,1.0,2.0,0.0,0.75,1.3333333333333333,1.0
6,7,2024-09-09,1,37,9,1.0,1.0,0.0,1.0,1.0,0.0
6,7,2024-09-16,0,38,9,1.0,1.0,2.0,1.25,0.0,0.0
6,7,2024-09-23,0,39,9,0.0,1.0,1.0,0.75,0.0,0.0
6,7,2024-09-30,0,40,9,0.0,0.0,1.0,0.5,0.0,0.0
6,7,2024-10-07,0,41,10,0.0,0.0,1.0,0.25,0.0,0.0
6,7,2024-10-14,0,42,10,0.0,0.0,0.0,0.0,1.0,3.0
6,7,2024-10-21,3,43,10,0.0,0.0,0.0,0.0,1.0,1.0
6,7,2024-10-28,1,44,10,3.0,0.0,0.0,0.75,1.3333333333333333,1.0
6,7,2024-11-04,1,45,11,1.0,3.0,0.0,1.0,1.0,0.0
6,7,2024-11-11,0,46,11,1.0,1.0,0.0,1.25,0.0,1.0
6,7,2024-11-18,1,47,11,0.0,1.0,3.0,1.25,0.8,0.0
6,7,2024-11-25,0,48,11,1.0,0.0,1.0,0.75,0.0,0.0
6,7,2024-12-02,0,49,12,0.0,1.0,1.0,0.5,0.0,0.0
6,7,2024-12-09,0,50,12,0.0,0.0,0.0,0.25,0.0,1.0
6,7,2024-12-16,1,51,12,0.0,0.0,1.0,0.25,4.0,1.0
6,7,2024-12-23,1,52,12,1.0,0.0,0.0,0.25,4.0,0.0
6,7,2024-12-30,0,1,12,1.0,1.0,0.0,0.5,0.0,3.0
6,7,2025-01-06,3,2,1,0.0,1.0,0.0,0.5,6.0,0.0
6,7,2025-01-13,0,3,1,3.0,0.0,1.0,1.25,0.0,1.0
6,7,2025-01-20,1,4,1,0.0,3.0,1.0,1.0,1.0,1.0
6,7,2025-01-27,1,5,1,1.0,0.0,0.0,1.0,1.0,2.0
6,7,2025-02-03,2,6,2,1.0,1.0,3.0,1.25,1.6,4.0
6,7,2025-02-10,4,7,2,2.0,1.0,0.0,1.0,4.0,1.0
6,7,2025-02-17,1,8,2,4.0,2.0,1.0,2.0,0.5,0.0
6,7,2025-02-24,0,9,2,1.0,4.0,1.0,2.0,0.0,0.0
6,7,2025-03-03,0,10,3,0.0,1.0,2.0,1.75,0.0,0.0
6,7,2025-03-10,0,11,3,0.0,0.0,4.0,1.25,0.0,0.0
6,7,2025-03-17,0,12,3,0.0,0.0,1.0,0.25,0.0,0.0
6,7,2025-03-24,0,13,3,0.0,0.0,0.0,0.0,1.0,0.0
6,7,2025-03-31,0,14,3,0.0,0.0,0.0,0.0,1.0,0.0
6,7,2025-04-07,0,15,4,0.0,0.0,0.0,0.0,1.0,1.0
6,7,2025-04-14,1,16,4,0.0,0.0,0.0,0.0,1.0,0.0
6,7,2025-04-21,0,17,4,1.0,0.0,0.0,0.25,0.0,0.0
6,7,2025-04-28,0,18,4,0.0,1.0,0.0,0.25,0.0,0.0
6,7,2025-05-05,0,19,5,0.0,0.0,0.0,0.25,0.0,1.0
6,7,2025-05-12,1,20,5,0.0,0.0,1.0,0.25,4.0,0.0
6,7,2025-05-19,0,21,5,1.0,0.0,0.0,0.25,0.0,0.0
6,7,2025-05-26,0,22,5,0.0,1.0,0.0,0.25,0.0,1.0
6,7,2025-06-02,1,23,6,0.0,0.0,0.0,0.25,4.0,0.0
6,7,2025-06-09,0,24,6,1.0,0.0,1.0,0.5,0.0,1.0
6,7,2025-06-16,1,25,6,0.0,1.0,0.0,0.25,4.0,0.0
6,7,2025-06-23,0,26,6,1.0,0.0,0.0,0.5,0.0,0.0
6,7,2025-06-30,0,27,6,0.0,1.0,1.0,0.5,0.0,0.0
6,7,2025-07-07,0,28,7,0.0,0.0,0.0,0.25,0.0,1.0
6,7,2025-07-14,1,29,7,0.0,0.0,1.0,0.25,4.0,2.0
6,7,2025-07-21,2,30,7,1.0,0.0,0.0,0.25,8.0,0.0
6,7,2025-07-28,0,31,7,2.0,1.0,0.0,0.75,0.0,0.0
6,7,2025-08-04,0,32,8,0.0,2.0,0.0,0.75,0.0,2.0
6,7,2025-08-11,2,33,8,0.0,0.0,1.0,0.75,2.6666666666666665,0.0
6,7,2025-08-18,0,34,8,2.0,0.0,2.0,1.0,0.0,0.0
6,7,2025-08-25,0,35,8,0.0,2.0,0.0,0.5,0.0,0.0
6,7,2025-09-01,0,36,9,0.0,0.0,0.0,0.5,0.0,1.0
6,7,2025-09-08,1,37,9,0.0,0.0,2.0,0.5,2.0,1.0
6,7,2025-09-15,1,38,9,1.0,0.0,0.0,0.25,4.0,1.0
6,7,2025-09-22,1,39,9,1.0,1.0,0.0,0.5,2.0,0.0
6,7,2025-09-29,0,40,9,1.0,1.0,0.0,0.75,0.0,0.0
6,7,2025-10-06,0,41,10,0.0,1.0,1.0,0.75,0.0,0.0
6,7,2025-10-13,0,42,10,0.0,0.0,1.0,0.5,0.0,0.0
6,7,2025-10-20,0,43,10,0.0,0.0,1.0,0.25,0.0,1.0
6,7,2025-10-27,1,44,10,0.0,0.0,0.0,0.0,1.0,0.0
6,7,2025-11-03,0,45,11,1.0,0.0,0.0,0.25,0.0,0.0
6,7,2025-11-10,0,46,11,0.0,1.0,0.0,0.25,0.0,2.0
6,7,2025-11-17,2,47,11,0.0,0.0,0.0,0.25,8.0,1.0
6,7,2025-11-24,1,48,11,2.0,0.0,1.0,0.75,1.3333333333333333,0.0
6,7,2025-12-01,0,49,12,1.0,2.0,0.0,0.75,0.0,1.0
6,7,2025-12-08,1,50,12,0.0,1.0,0.0,0.75,1.3333333333333333,0.0
6,7,2025-12-15,0,51,12,1.0,0.0,2.0,1.0,0.0,2.0
6,7,2025-12-22,2,52,12,0.0,1.0,1.0,0.5,4.0,1.0
6,7,2025-12-29,1,1,12,2.0,0.0,0.0,0.75,1.3333333333333333,0.0
6,7,2026-01-05,0,2,1,1.0,2.0,1.0,1.0,0.0,1.0
6,7,2026-01-12,1,3,1,0.0,1.0,0.0,0.75,1.3333333333333333,0.0
6,7,2026-01-19,0,4,1,1.0,0.0,2.0,1.0,0.0,0.0
6,7,2026-01-26,0,5,1,0.0,1.0,1.0,0.5,0.0,2.0
6,7,2026-02-02,2,6,2,0.0,0.0,0.0,0.25,8.0,1.0
6,7,2026-02-09,1,7,2,2.0,0.0,1.0,0.75,1.3333333333333333,0.0
6,7,2026-02-16,0,8,2,1.0,2.0,0.0,0.75,0.0,3.0
6,7,2026-02-23,3,9,2,0.0,1.0,0.0,0.75,4.0,0.0
6,7,2026-03-02,0,10,3,3.0,0.0,2.0,1.5,0.0,1.0
6,7,2026-03-09,1,11,3,0.0,3.0,1.0,1.0,1.0,2.0
6,7,2026-03-16,2,12,3,1.0,0.0,0.0,1.0,2.0,0.0
6,7,2026-03-23,0,13,3,2.0,1.0,3.0,1.5,0.0,1.0
6,7,2026-03-30,1,14,3,0.0,2.0,0.0,0.75,1.3333333333333333,1.0
6,7,2026-04-06,1,15,4,1.0,0.0,1.0,1.0,1.0,0.0
6,7,2026-04-13,0,16,4,1.0,1.0,2.0,1.0,0.0,0.0
6,7,2026-04-20,0,17,4,0.0,1.0,0.0,0.5,0.0,0.0
6,7,2026-04-27,0,18,4,0.0,0.0,1.0,0.5,0.0,2.0
6,7,2026-05-04,2,19,5,0.0,0.0,1.0,0.25,8.0,0.0
6,7,2026-05-11,0,20,5,2.0,0.0,0.0,0.5,0.0,0.0
6,7,2026-05-18,0,21,5,0.0,2.0,0.0,0.5,0.0,0.0
6,7,2026-05-25,0,22,5,0.0,0.0,0.0,0.5,0.0,0.0
6,7,2026-06-01,0,23,6,0.0,0.0,2.0,0.5,0.0,1.0
6,7,2026-06-08,1,24,6,0.0,0.0,0.0,0.0,1.0,1.0
6,7,2026-06-15,1,25,6,1.0,0.0,0.0,0.25,4.0,0.0
6,7,2026-06-22,0,26,6,1.0,1.0,0.0,0.5,0.0,0.0
6,8,2024-01-29,0,5,1,0.0,1.0,0.0,0.5,0.0,0.0
6,8,2024-02-05,0,6,2,0.0,0.0,1.0,0.5,0.0,1.0
6,8,2024-02-12,1,7,2,0.0,0.0,1.0,0.25,4.0,0.0
6,8,2024-02-19,0,8,2,1.0,0.0,0.0,0.25,0.0,0.0
6,8,2024-02-26,0,9,2,0.0,1.0,0.0,0.25,0.0,0.0
6,8,2024-03-04,0,10,3,0.0,0.0,0.0,0.25,0.0,0.0
6,8,2024-03-11,0,11,3,0.0,0.0,1.0,0.25,0.0,1.0
6,8,2024-03-18,1,12,3,0.0,0.0,0.0,0.0,1.0,0.0
6,8,2024-03-25,0,13,3,1.0,0.0,0.0,0.25,0.0,0.0
6,8,2024-04-01,0,14,4,0.0,1.0,0.0,0.25,0.0,1.0
6,8,2024-04-08,1,15,4,0.0,0.0,0.0,0.25,4.0,1.0
6,8,2024-04-15,1,16,4,1.0,0.0,1.0,0.5,2.0,0.0
6,8,2024-04-22,0,17,4,1.0,1.0,0.0,0.5,0.0,0.0
6,8,2024-04-29,0,18,4,0.0,1.0,0.0,0.5,0.0,1.0
6,8,2024-05-06,1,19,5,0.0,0.0,1.0,0.5,2.0,0.0
6,8,2024-05-13,0,20,5,1.0,0.0,1.0,0.5,0.0,0.0
6,8,2024-05-20,0,21,5,0.0,1.0,0.0,0.25,0.0,1.0
6,8,2024-05-27,1,22,5,0.0,0.0,0.0,0.25,4.0,1.0
6,8,2024-06-03,1,23,6,1.0,0.0,1.0,0.5,2.0,0.0
6,8,2024-06-10,0,24,6,1.0,1.0,0.0,0.5,0.0,0.0
6,8,2024-06-17,0,25,6,0.0,1.0,0.0,0.5,0.0,1.0
6,8,2024-06-24,1,26,6,0.0,0.0,1.0,0.5,2.0,0.0
6,8,2024-07-01,0,27,7,1.0,0.0,1.0,0.5,0.0,0.0
6,8,2024-07-08,0,28,7,0.0,1.0,0.0,0.25,0.0,0.0
6,8,2024-07-15,0,29,7,0.0,0.0,0.0,0.25,0.0,0.0
6,8,2024-07-22,0,30,7,0.0,0.0,1.0,0.25,0.0,0.0
6,8,2024-07-29,0,31,7,0.0,0.0,0.0,0.0,1.0,2.0
6,8,2024-08-05,2,32,8,0.0,0.0,0.0,0.0,1.0,0.0
6,8,2024-08-12,0,33,8,2.0,0.0,0.0,0.5,0.0,1.0
6,8,2024-08-19,1,34,8,0.0,2.0,0.0,0.5,2.0,0.0
6,8,2024-08-26,0,35,8,1.0,0.0,0.0,0.75,0.0,0.0
6,8,2024-09-02,0,36,9,0.0,1.0,2.0,0.75,0.0,0.0
6,8,2024-09-09,0,37,9,0.0,0.0,0.0,0.25,0.0,0.0
6,8,2024-09-16,0,38,9,0.0,0.0,1.0,0.25,0.0,1.0
6,8,2024-09-23,1,39,9,0.0,0.0,0.0,0.0,1.0,0.0
6,8,2024-09-30,0,40,9,1.0,0.0,0.0,0.25,0.0,0.0
6,8,2024-10-07,0,41,10,0.0,1.0,0.0,0.25,0.0,2.0
6,8,2024-10-14,2,42,10,0.0,0.0,0.0,0.25,8.0,0.0
6,8,2024-10-21,0,43,10,2.0,0.0,1.0,0.75,0.0,0.0
6,8,2024-10-28,0,44,10,0.0,2.0,0.0,0.5,0.0,1.0
6,8,2024-11-04,1,45,11,0.0,0.0,0.0,0.5,2.0,1.0
6,8,2024-11-11,1,46,11,1.0,0.0,2.0,0.75,1.3333333333333333,0.0
6,8,2024-11-18,0,47,11,1.0,1.0,0.0,0.5,0.0,0.0
6,8,2024-11-25,0,48,11,0.0,1.0,0.0,0.5,0.0,1.0
6,8,2024-12-02,1,49,12,0.0,0.0,1.0,0.5,2.0,0.0
6,8,2024-12-09,0,50,12,1.0,0.0,1.0,0.5,0.0,0.0
6,8,2024-12-16,0,51,12,0.0,1.0,0.0,0.25,0.0,0.0
6,8,2024-12-23,0,52,12,0.0,0.0,0.0,0.25,0.0,0.0
6,8,2024-12-30,0,1,12,0.0,0.0,1.0,0.25,0.0,0.0
6,8,2025-01-06,0,2,1,0.0,0.0,0.0,0.0,1.0,2.0
6,8,2025-01-13,2,3,1,0.0,0.0,0.0,0.0,1.0,1.0
6,8,2025-01-20,1,4,1,2.0,0.0,0.0,0.5,2.0,1.0
6,8,2025-01-27,1,5,1,1.0,2.0,0.0,0.75,1.3333333333333333,0.0
6,8,2025-02-03,0,6,2,1.0,1.0,0.0,1.0,0.0,1.0
6,8,2025-02-10,1,7,2,0.0,1.0,2.0,1.0,1.0,0.0
6,8,2025-02-17,0,8,2,1.0,0.0,1.0,0.75,0.0,1.0
6,8,2025-02-24,1,9,2,0.0,1.0,1.0,0.5,2.0,0.0
6,8,2025-03-03,0,10,3,1.0,0.0,0.0,0.5,0.0,1.0
6,8,2025-03-10,1,11,3,0.0,1.0,1.0,0.5,2.0,1.0
6,8,2025-03-17,1,12,3,1.0,0.0,0.0,0.5,2.0,1.0
6,8,2025-03-24,1,13,3,1.0,1.0,1.0,0.75,1.3333333333333333,0.0
6,8,2025-03-31,0,14,3,1.0,1.0,0.0,0.75,0.0,1.0
6,8,2025-04-07,1,15,4,0.0,1.0,1.0,0.75,1.3333333333333333,0.0
6,8,2025-04-14,0,16,4,1.0,0.0,1.0,0.75,0.0,0.0
6,8,2025-04-21,0,17,4,0.0,1.0,1.0,0.5,0.0,0.0
6,8,2025-04-28,0,18,4,0.0,0.0,0.0,0.25,0.0,0.0
6,8,2025-05-05,0,19,5,0.0,0.0,1.0,0.25,0.0,0.0
6,8,2025-05-12,0,20,5,0.0,0.0,0.0,0.0,1.0,0.0
6,8,2025-05-19,0,21,5,0.0,0.0,0.0,0.0,1.0,0.0
6,8,2025-05-26,0,22,5,0.0,0.0,0.0,0.0,1.0,0.0
6,8,2025-06-02,0,23,6,0.0,0.0,0.0,0.0,1.0,1.0
6,8,2025-06-09,1,24,6,0.0,0.0,0.0,0.0,1.0,0.0
6,8,2025-06-16,0,25,6,1.0,0.0,0.0,0.25,0.0,0.0
6,8,2025-06-23,0,26,6,0.0,1.0,0.0,0.25,0.0,0.0
6,8,2025-06-30,0,27,6,0.0,0.0,0.0,0.25,0.0,0.0
6,8,2025-07-07,0,28,7,0.0,0.0,1.0,0.25,0.0,0.0
6,8,2025-07-14,0,29,7,0.0,0.0,0.0,0.0,1.0,0.0
6,8,2025-07-21,0,30,7,0.0,0.0,0.0,0.0,1.0,0.0
6,8,2025-07-28,0,31,7,0.0,0.0,0.0,0.0,1.0,0.0
6,8,2025-08-04,0,32,8,0.0,0.0,0.0,0.0,1.0,0.0
6,8,2025-08-11,0,33,8,0.0,0.0,0.0,0.0,1.0,1.0
6,8,2025-08-18,1,34,8,0.0,0.0,0.0,0.0,1.0,0.0
6,8,2025-08-25,0,35,8,1.0,0.0,0.0,0.25,0.0,0.0
6,8,2025-09-01,0,36,9,0.0,1.0,0.0,0.25,0.0,0.0
6,8,2025-09-08,0,37,9,0.0,0.0,0.0,0.25,0.0,0.0
6,8,2025-09-15,0,38,9,0.0,0.0,1.0,0.25,0.0,0.0
6,8,2025-09-22,0,39,9,0.0,0.0,0.0,0.0,1.0,0.0
6,8,2025-09-29,0,40,9,0.0,0.0,0.0,0.0,1.0,0.0
6,8,2025-10-06,0,41,10,0.0,0.0,0.0,0.0,1.0,0.0
6,8,2025-10-13,0,42,10,0.0,0.0,0.0,0.0,1.0,0.0
6,8,2025-10-20,0,43,10,0.0,0.0,0.0,0.0,1.0,0.0
6,8,2025-10-27,0,44,10,0.0,0.0,0.0,0.0,1.0,1.0
6,8,2025-11-03,1,45,11,0.0,0.0,0.0,0.0,1.0,0.0
6,8,2025-11-10,0,46,11,1.0,0.0,0.0,0.25,0.0,0.0
6,8,2025-11-17,0,47,11,0.0,1.0,0.0,0.25,0.0,0.0
6,8,2025-11-24,0,48,11,0.0,0.0,0.0,0.25,0.0,1.0
6,8,2025-12-01,1,49,12,0.0,0.0,1.0,0.25,4.0,0.0
6,8,2025-12-08,0,50,12,1.0,0.0,0.0,0.25,0.0,0.0
6,8,2025-12-15,0,51,12,0.0,1.0,0.0,0.25,0.0,0.0
6,8,2025-12-22,0,52,12,0.0,0.0,0.0,0.25,0.0,1.0
6,8,2025-12-29,1,1,12,0.0,0.0,1.0,0.25,4.0,1.0
6,8,2026-01-05,1,2,1,1.0,0.0,0.0,0.25,4.0,0.0
6,8,2026-01-12,0,3,1,1.0,1.0,0.0,0.5,0.0,1.0
6,8,2026-01-19,1,4,1,0.0,1.0,0.0,0.5,2.0,0.0
6,8,2026-01-26,0,5,1,1.0,0.0,1.0,0.75,0.0,1.0
6,8,2026-02-02,1,6,2,0.0,1.0,1.0,0.5,2.0,0.0
6,8,2026-02-09,0,7,2,1.0,0.0,0.0,0.5,0.0,0.0
6,8,2026-02-16,0,8,2,0.0,1.0,1.0,0.5,0.0,1.0
6,8,2026-02-23,1,9,2,0.0,0.0,0.0,0.25,4.0,0.0
6,8,2026-03-02,0,10,3,1.0,0.0,1.0,0.5,0.0,1.0
6,8,2026-03-09,1,11,3,0.0,1.0,0.0,0.25,4.0,0.0
6,8,2026-03-16,0,12,3,1.0,0.0,0.0,0.5,0.0,0.0
6,8,2026-03-23,0,13,3,0.0,1.0,1.0,0.5,0.0,1.0
6,8,2026-03-30,1,14,3,0.0,0.0,0.0,0.25,4.0,1.0
6,8,2026-04-06,1,15,4,1.0,0.0,1.0,0.5,2.0,0.0
6,8,2026-04-13,0,16,4,1.0,1.0,0.0,0.5,0.0,0.0
6,8,2026-04-20,0,17,4,0.0,1.0,0.0,0.5,0.0,0.0
6,8,2026-04-27,0,18,4,0.0,0.0,1.0,0.5,0.0,0.0
6,8,2026-05-04,0,19,5,0.0,0.0,1.0,0.25,0.0,0.0
6,8,2026-05-11,0,20,5,0.0,0.0,0.0,0.0,1.0,0.0
6,8,2026-05-18,0,21,5,0.0,0.0,0.0,0.0,1.0,0.0
6,8,2026-05-25,0,22,5,0.0,0.0,0.0,0.0,1.0,0.0
6,8,2026-06-01,0,23,6,0.0,0.0,0.0,0.0,1.0,0.0
6,8,2026-06-08,0,24,6,0.0,0.0,0.0,0.0,1.0,0.0
6,8,2026-06-15,0,25,6,0.0,0.0,0.0,0.0,1.0,0.0
6,8,2026-06-22,0,26,6,0.0,0.0,0.0,0.0,1.0,0.0
6,9,2024-01-29,0,5,1,0.0,1.0,1.0,0.5,0.0,0.0
6,9,2024-02-05,0,6,2,0.0,0.0,0.0,0.25,0.0,3.0
6,9,2024-02-12,3,7,2,0.0,0.0,1.0,0.25,12.0,1.0
6,9,2024-02-19,1,8,2,3.0,0.0,0.0,0.75,1.3333333333333333,0.0
6,9,2024-02-26,0,9,2,1.0,3.0,0.0,1.0,0.0,1.0
6,9,2024-03-04,1,10,3,0.0,1.0,0.0,1.0,1.0,0.0
6,9,2024-03-11,0,11,3,1.0,0.0,3.0,1.25,0.0,0.0
6,9,2024-03-18,0,12,3,0.0,1.0,1.0,0.5,0.0,0.0
6,9,2024-03-25,0,13,3,0.0,0.0,0.0,0.25,0.0,1.0
6,9,2024-04-01,1,14,4,0.0,0.0,1.0,0.25,4.0,1.0
6,9,2024-04-08,1,15,4,1.0,0.0,0.0,0.25,4.0,0.0
6,9,2024-04-15,0,16,4,1.0,1.0,0.0,0.5,0.0,0.0
6,9,2024-04-22,0,17,4,0.0,1.0,0.0,0.5,0.0,0.0
6,9,2024-04-29,0,18,4,0.0,0.0,1.0,0.5,0.0,0.0
6,9,2024-05-06,0,19,5,0.0,0.0,1.0,0.25,0.0,2.0
6,9,2024-05-13,2,20,5,0.0,0.0,0.0,0.0,1.0,0.0
6,9,2024-05-20,0,21,5,2.0,0.0,0.0,0.5,0.0,0.0
6,9,2024-05-27,0,22,5,0.0,2.0,0.0,0.5,0.0,0.0
6,9,2024-06-03,0,23,6,0.0,0.0,0.0,0.5,0.0,2.0
6,9,2024-06-10,2,24,6,0.0,0.0,2.0,0.5,4.0,1.0
6,9,2024-06-17,1,25,6,2.0,0.0,0.0,0.5,2.0,2.0
6,9,2024-06-24,2,26,6,1.0,2.0,0.0,0.75,2.6666666666666665,0.0
6,9,2024-07-01,0,27,7,2.0,1.0,0.0,1.25,0.0,0.0
6,9,2024-07-08,0,28,7,0.0,2.0,2.0,1.25,0.0,1.0
6,9,2024-07-15,1,29,7,0.0,0.0,1.0,0.75,1.3333333333333333,1.0
6,9,2024-07-22,1,30,7,1.0,0.0,2.0,0.75,1.3333333333333333,0.0
6,9,2024-07-29,0,31,7,1.0,1.0,0.0,0.5,0.0,0.0
6,9,2024-08-05,0,32,8,0.0,1.0,0.0,0.5,0.0,0.0
6,9,2024-08-12,0,33,8,0.0,0.0,1.0,0.5,0.0,0.0
6,9,2024-08-19,0,34,8,0.0,0.0,1.0,0.25,0.0,3.0
6,9,2024-08-26,3,35,8,0.0,0.0,0.0,0.0,1.0,0.0
6,9,2024-09-02,0,36,9,3.0,0.0,0.0,0.75,0.0,0.0
6,9,2024-09-09,0,37,9,0.0,3.0,0.0,0.75,0.0,2.0
6,9,2024-09-16,2,38,9,0.0,0.0,0.0,0.75,2.6666666666666665,0.0
6,9,2024-09-23,0,39,9,2.0,0.0,3.0,1.25,0.0,0.0
6,9,2024-09-30,0,40,9,0.0,2.0,0.0,0.5,0.0,1.0
6,9,2024-10-07,1,41,10,0.0,0.0,0.0,0.5,2.0,1.0
6,9,2024-10-14,1,42,10,1.0,0.0,2.0,0.75,1.3333333333333333,0.0
6,9,2024-10-21,0,43,10,1.0,1.0,0.0,0.5,0.0,0.0
6,9,2024-10-28,0,44,10,0.0,1.0,0.0,0.5,0.0,1.0
6,9,2024-11-04,1,45,11,0.0,0.0,1.0,0.5,2.0,0.0
6,9,2024-11-11,0,46,11,1.0,0.0,1.0,0.5,0.0,1.0
6,9,2024-11-18,1,47,11,0.0,1.0,0.0,0.25,4.0,0.0
6,9,2024-11-25,0,48,11,1.0,0.0,0.0,0.5,0.0,0.0
6,9,2024-12-02,0,49,12,0.0,1.0,1.0,0.5,0.0,0.0
6,9,2024-12-09,0,50,12,0.0,0.0,0.0,0.25,0.0,1.0
6,9,2024-12-16,1,51,12,0.0,0.0,1.0,0.25,4.0,0.0
6,9,2024-12-23,0,52,12,1.0,0.0,0.0,0.25,0.0,0.0
6,9,2024-12-30,0,1,12,0.0,1.0,0.0,0.25,0.0,0.0
6,9,2025-01-06,0,2,1,0.0,0.0,0.0,0.25,0.0,2.0
6,9,2025-01-13,2,3,1,0.0,0.0,1.0,0.25,8.0,0.0
6,9,2025-01-20,0,4,1,2.0,0.0,0.0,0.5,0.0,1.0
6,9,2025-01-27,1,5,1,0.0,2.0,0.0,0.5,2.0,1.0
6,9,2025-02-03,1,6,2,1.0,0.0,0.0,0.75,1.3333333333333333,1.0
6,9,2025-02-10,1,7,2,1.0,1.0,2.0,1.0,1.0,2.0
6,9,2025-02-17,2,8,2,1.0,1.0,0.0,0.75,2.6666666666666665,0.0
6,9,2025-02-24,0,9,2,2.0,1.0,1.0,1.25,0.0,0.0
6,9,2025-03-03,0,10,3,0.0,2.0,1.0,1.0,0.0,0.0
6,9,2025-03-10,0,11,3,0.0,0.0,1.0,0.75,0.0,0.0
6,9,2025-03-17,0,12,3,0.0,0.0,2.0,0.5,0.0,0.0
6,9,2025-03-24,0,13,3,0.0,0.0,0.0,0.0,1.0,0.0
6,9,2025-03-31,0,14,3,0.0,0.0,0.0,0.0,1.0,0.0
6,9,2025-04-07,0,15,4,0.0,0.0,0.0,0.0,1.0,1.0
6,9,2025-04-14,1,16,4,0.0,0.0,0.0,0.0,1.0,1.0
6,9,2025-04-21,1,17,4,1.0,0.0,0.0,0.25,4.0,0.0
6,9,2025-04-28,0,18,4,1.0,1.0,0.0,0.5,0.0,1.0
6,9,2025-05-05,1,19,5,0.0,1.0,0.0,0.5,2.0,2.0
6,9,2025-05-12,2,20,5,1.0,0.0,1.0,0.75,2.6666666666666665,1.0
6,9,2025-05-19,1,21,5,2.0,1.0,1.0,1.0,1.0,0.0
6,9,2025-05-26,0,22,5,1.0,2.0,0.0,1.0,0.0,0.0
6,9,2025-06-02,0,23,6,0.0,1.0,1.0,1.0,0.0,1.0
6,9,2025-06-09,1,24,6,0.0,0.0,2.0,0.75,1.3333333333333333,0.0
6,9,2025-06-16,0,25,6,1.0,0.0,1.0,0.5,0.0,0.0
6,9,2025-06-23,0,26,6,0.0,1.0,0.0,0.25,0.0,1.0
6,9,2025-06-30,1,27,6,0.0,0.0,0.0,0.25,4.0,1.0
6,9,2025-07-07,1,28,7,1.0,0.0,1.0,0.5,2.0,1.0
6,9,2025-07-14,1,29,7,1.0,1.0,0.0,0.5,2.0,2.0
6,9,2025-07-21,2,30,7,1.0,1.0,0.0,0.75,2.6666666666666665,0.0
6,9,2025-07-28,0,31,7,2.0,1.0,1.0,1.25,0.0,0.0
6,9,2025-08-04,0,32,8,0.0,2.0,1.0,1.0,0.0,0.0
6,9,2025-08-11,0,33,8,0.0,0.0,1.0,0.75,0.0,0.0
6,9,2025-08-18,0,34,8,0.0,0.0,2.0,0.5,0.0,0.0
6,9,2025-08-25,0,35,8,0.0,0.0,0.0,0.0,1.0,0.0
6,9,2025-09-01,0,36,9,0.0,0.0,0.0,0.0,1.0,0.0
6,9,2025-09-08,0,37,9,0.0,0.0,0.0,0.0,1.0,0.0
6,9,2025-09-15,0,38,9,0.0,0.0,0.0,0.0,1.0,0.0
6,9,2025-09-22,0,39,9,0.0,0.0,0.0,0.0,1.0,0.0
6,9,2025-09-29,0,40,9,0.0,0.0,0.0,0.0,1.0,0.0
6,9,2025-10-06,0,41,10,0.0,0.0,0.0,0.0,1.0,0.0
6,9,2025-10-13,0,42,10,0.0,0.0,0.0,0.0,1.0,0.0
6,9,2025-10-20,0,43,10,0.0,0.0,0.0,0.0,1.0,0.0
6,9,2025-10-27,0,44,10,0.0,0.0,0.0,0.0,1.0,0.0
6,9,2025-11-03,0,45,11,0.0,0.0,0.0,0.0,1.0,0.0
6,9,2025-11-10,0,46,11,0.0,0.0,0.0,0.0,1.0,1.0
6,9,2025-11-17,1,47,11,0.0,0.0,0.0,0.0,1.0,0.0
6,9,2025-11-24,0,48,11,1.0,0.0,0.0,0.25,0.0,0.0
6,9,2025-12-01,0,49,12,0.0,1.0,0.0,0.25,0.0,0.0
6,9,2025-12-08,0,50,12,0.0,0.0,0.0,0.25,0.0,1.0
6,9,2025-12-15,1,51,12,0.0,0.0,1.0,0.25,4.0,0.0
6,9,2025-12-22,0,52,12,1.0,0.0,0.0,0.25,0.0,0.0
6,9,2025-12-29,0,1,12,0.0,1.0,0.0,0.25,0.0,0.0
6,9,2026-01-05,0,2,1,0.0,0.0,0.0,0.25,0.0,0.0
6,9,2026-01-12,0,3,1,0.0,0.0,1.0,0.25,0.0,0.0
6,9,2026-01-19,0,4,1,0.0,0.0,0.0,0.0,1.0,0.0
6,9,2026-01-26,0,5,1,0.0,0.0,0.0,0.0,1.0,0.0
6,9,2026-02-02,0,6,2,0.0,0.0,0.0,0.0,1.0,2.0
6,9,2026-02-09,2,7,2,0.0,0.0,0.0,0.0,1.0,0.0
6,9,2026-02-16,0,8,2,2.0,0.0,0.0,0.5,0.0,0.0
6,9,2026-02-23,0,9,2,0.0,2.0,0.0,0.5,0.0,0.0
6,9,2026-03-02,0,10,3,0.0,0.0,0.0,0.5,0.0,0.0
6,9,2026-03-09,0,11,3,0.0,0.0,2.0,0.5,0.0,1.0
6,9,2026-03-16,1,12,3,0.0,0.0,0.0,0.0,1.0,2.0
6,9,2026-03-23,2,13,3,1.0,0.0,0.0,0.25,8.0,1.0
6,9,2026-03-30,1,14,3,2.0,1.0,0.0,0.75,1.3333333333333333,1.0
6,9,2026-04-06,1,15,4,1.0,2.0,0.0,1.0,1.0,0.0
6,9,2026-04-13,0,16,4,1.0,1.0,1.0,1.25,0.0,0.0
6,9,2026-04-20,0,17,4,0.0,1.0,2.0,1.0,0.0,1.0
6,9,2026-04-27,1,18,4,0.0,0.0,1.0,0.5,2.0,0.0
6,9,2026-05-04,0,19,5,1.0,0.0,1.0,0.5,0.0,0.0
6,9,2026-05-11,0,20,5,0.0,1.0,0.0,0.25,0.0,0.0
6,9,2026-05-18,0,21,5,0.0,0.0,0.0,0.25,0.0,0.0
6,9,2026-05-25,0,22,5,0.0,0.0,1.0,0.25,0.0,0.0
6,9,2026-06-01,0,23,6,0.0,0.0,0.0,0.0,1.0,1.0
6,9,2026-06-08,1,24,6,0.0,0.0,0.0,0.0,1.0,0.0
6,9,2026-06-15,0,25,6,1.0,0.0,0.0,0.25,0.0,0.0
6,9,2026-06-22,0,26,6,0.0,1.0,0.0,0.25,0.0,0.0
6,10,2024-01-29,0,5,1,0.0,1.0,0.0,0.25,0.0,0.0
6,10,2024-02-05,0,6,2,0.0,0.0,0.0,0.25,0.0,0.0
6,10,2024-02-12,0,7,2,0.0,0.0,1.0,0.25,0.0,0.0
6,10,2024-02-19,0,8,2,0.0,0.0,0.0,0.0,1.0,0.0
6,10,2024-02-26,0,9,2,0.0,0.0,0.0,0.0,1.0,0.0
6,10,2024-03-04,0,10,3,0.0,0.0,0.0,0.0,1.0,0.0
6,10,2024-03-11,0,11,3,0.0,0.0,0.0,0.0,1.0,0.0
6,10,2024-03-18,0,12,3,0.0,0.0,0.0,0.0,1.0,1.0
6,10,2024-03-25,1,13,3,0.0,0.0,0.0,0.0,1.0,0.0
6,10,2024-04-01,0,14,4,1.0,0.0,0.0,0.25,0.0,0.0
6,10,2024-04-08,0,15,4,0.0,1.0,0.0,0.25,0.0,0.0
6,10,2024-04-15,0,16,4,0.0,0.0,0.0,0.25,0.0,0.0
6,10,2024-04-22,0,17,4,0.0,0.0,1.0,0.25,0.0,0.0
6,10,2024-04-29,0,18,4,0.0,0.0,0.0,0.0,1.0,0.0
6,10,2024-05-06,0,19,5,0.0,0.0,0.0,0.0,1.0,1.0
6,10,2024-05-13,1,20,5,0.0,0.0,0.0,0.0,1.0,0.0
6,10,2024-05-20,0,21,5,1.0,0.0,0.0,0.25,0.0,1.0
6,10,2024-05-27,1,22,5,0.0,1.0,0.0,0.25,4.0,1.0
6,10,2024-06-03,1,23,6,1.0,0.0,0.0,0.5,2.0,1.0
6,10,2024-06-10,1,24,6,1.0,1.0,1.0,0.75,1.3333333333333333,1.0
6,10,2024-06-17,1,25,6,1.0,1.0,0.0,0.75,1.3333333333333333,0.0
6,10,2024-06-24,0,26,6,1.0,1.0,1.0,1.0,0.0,0.0
6,10,2024-07-01,0,27,7,0.0,1.0,1.0,0.75,0.0,0.0
6,10,2024-07-08,0,28,7,0.0,0.0,1.0,0.5,0.0,1.0
6,10,2024-07-15,1,29,7,0.0,0.0,1.0,0.25,4.0,0.0
6,10,2024-07-22,0,30,7,1.0,0.0,0.0,0.25,0.0,0.0
6,10,2024-07-29,0,31,7,0.0,1.0,0.0,0.25,0.0,0.0
6,10,2024-08-05,0,32,8,0.0,0.0,0.0,0.25,0.0,2.0
6,10,2024-08-12,2,33,8,0.0,0.0,1.0,0.25,8.0,0.0
6,10,2024-08-19,0,34,8,2.0,0.0,0.0,0.5,0.0,0.0
6,10,2024-08-26,0,35,8,0.0,2.0,0.0,0.5,0.0,0.0
6,10,2024-09-02,0,36,9,0.0,0.0,0.0,0.5,0.0,0.0
6,10,2024-09-09,0,37,9,0.0,0.0,2.0,0.5,0.0,0.0
6,10,2024-09-16,0,38,9,0.0,0.0,0.0,0.0,1.0,0.0
6,10,2024-09-23,0,39,9,0.0,0.0,0.0,0.0,1.0,0.0
6,10,2024-09-30,0,40,9,0.0,0.0,0.0,0.0,1.0,1.0
6,10,2024-10-07,1,41,10,0.0,0.0,0.0,0.0,1.0,0.0
6,10,2024-10-14,0,42,10,1.0,0.0,0.0,0.25,0.0,0.0
6,10,2024-10-21,0,43,10,0.0,1.0,0.0,0.25,0.0,1.0
6,10,2024-10-28,1,44,10,0.0,0.0,0.0,0.25,4.0,0.0
6,10,2024-11-04,0,45,11,1.0,0.0,1.0,0.5,0.0,1.0
6,10,2024-11-11,1,46,11,0.0,1.0,0.0,0.25,4.0,1.0
6,10,2024-11-18,1,47,11,1.0,0.0,0.0,0.5,2.0,0.0
6,10,2024-11-25,0,48,11,1.0,1.0,1.0,0.75,0.0,2.0
6,10,2024-12-02,2,49,12,0.0,1.0,0.0,0.5,4.0,0.0
6,10,2024-12-09,0,50,12,2.0,0.0,1.0,1.0,0.0,0.0
6,10,2024-12-16,0,51,12,0.0,2.0,1.0,0.75,0.0,0.0
6,10,2024-12-23,0,52,12,0.0,0.0,0.0,0.5,0.0,0.0
6,10,2024-12-30,0,1,12,0.0,0.0,2.0,0.5,0.0,2.0
6,10,2025-01-06,2,2,1,0.0,0.0,0.0,0.0,1.0,0.0
6,10,2025-01-13,0,3,1,2.0,0.0,0.0,0.5,0.0,2.0
6,10,2025-01-20,2,4,1,0.0,2.0,0.0,0.5,4.0,0.0
6,10,2025-01-27,0,5,1,2.0,0.0,0.0,1.0,0.0,1.0
6,10,2025-02-03,1,6,2,0.0,2.0,2.0,1.0,1.0,0.0
6,10,2025-02-10,0,7,2,1.0,0.0,0.0,0.75,0.0,0.0
6,10,2025-02-17,0,8,2,0.0,1.0,2.0,0.75,0.0,0.0
6,10,2025-02-24,0,9,2,0.0,0.0,0.0,0.25,0.0,0.0
6,10,2025-03-03,0,10,3,0.0,0.0,1.0,0.25,0.0,0.0
6,10,2025-03-10,0,11,3,0.0,0.0,0.0,0.0,1.0,0.0
6,10,2025-03-17,0,12,3,0.0,0.0,0.0,0.0,1.0,0.0
6,10,2025-03-24,0,13,3,0.0,0.0,0.0,0.0,1.0,0.0
6,10,2025-03-31,0,14,3,0.0,0.0,0.0,0.0,1.0,0.0
6,10,2025-04-07,0,15,4,0.0,0.0,0.0,0.0,1.0,0.0
6,10,2025-04-14,0,16,4,0.0,0.0,0.0,0.0,1.0,0.0
6,10,2025-04-21,0,17,4,0.0,0.0,0.0,0.0,1.0,0.0
6,10,2025-04-28,0,18,4,0.0,0.0,0.0,0.0,1.0,0.0
6,10,2025-05-05,0,19,5,0.0,0.0,0.0,0.0,1.0,0.0
6,10,2025-05-12,0,20,5,0.0,0.0,0.0,0.0,1.0,1.0
6,10,2025-05-19,1,21,5,0.0,0.0,0.0,0.0,1.0,0.0
6,10,2025-05-26,0,22,5,1.0,0.0,0.0,0.25,0.0,1.0
6,10,2025-06-02,1,23,6,0.0,1.0,0.0,0.25,4.0,0.0
6,10,2025-06-09,0,24,6,1.0,0.0,0.0,0.5,0.0,1.0
6,10,2025-06-16,1,25,6,0.0,1.0,1.0,0.5,2.0,1.0
6,10,2025-06-23,1,26,6,1.0,0.0,0.0,0.5,2.0,1.0
6,10,2025-06-30,1,27,6,1.0,1.0,1.0,0.75,1.3333333333333333,0.0
6,10,2025-07-07,0,28,7,1.0,1.0,0.0,0.75,0.0,0.0
6,10,2025-07-14,0,29,7,0.0,1.0,1.0,0.75,0.0,1.0
6,10,2025-07-21,1,30,7,0.0,0.0,1.0,0.5,2.0,0.0
6,10,2025-07-28,0,31,7,1.0,0.0,1.0,0.5,0.0,0.0
6,10,2025-08-04,0,32,8,0.0,1.0,0.0,0.25,0.0,0.0
6,10,2025-08-11,0,33,8,0.0,0.0,0.0,0.25,0.0,1.0
6,10,2025-08-18,1,34,8,0.0,0.0,1.0,0.25,4.0,1.0
6,10,2025-08-25,1,35,8,1.0,0.0,0.0,0.25,4.0,2.0
6,10,2025-09-01,2,36,9,1.0,1.0,0.0,0.5,4.0,1.0
6,10,2025-09-08,1,37,9,2.0,1.0,0.0,1.0,1.0,0.0
6,10,2025-09-15,0,38,9,1.0,2.0,1.0,1.25,0.0,0.0
6,10,2025-09-22,0,39,9,0.0,1.0,1.0,1.0,0.0,1.0
6,10,2025-09-29,1,40,9,0.0,0.0,2.0,0.75,1.3333333333333333,1.0
6,10,2025-10-06,1,41,10,1.0,0.0,1.0,0.5,2.0,0.0
6,10,2025-10-13,0,42,10,1.0,1.0,0.0,0.5,0.0,1.0
6,10,2025-10-20,1,43,10,0.0,1.0,0.0,0.5,2.0,0.0
6,10,2025-10-27,0,44,10,1.0,0.0,1.0,0.75,0.0,1.0
6,10,2025-11-03,1,45,11,0.0,1.0,1.0,0.5,2.0,0.0
6,10,2025-11-10,0,46,11,1.0,0.0,0.0,0.5,0.0,1.0
6,10,2025-11-17,1,47,11,0.0,1.0,1.0,0.5,2.0,0.0
6,10,2025-11-24,0,48,11,1.0,0.0,0.0,0.5,0.0,0.0
6,10,2025-12-01,0,49,12,0.0,1.0,1.0,0.5,0.0,0.0
6,10,2025-12-08,0,50,12,0.0,0.0,0.0,0.25,0.0,1.0
6,10,2025-12-15,1,51,12,0.0,0.0,1.0,0.25,4.0,1.0
6,10,2025-12-22,1,52,12,1.0,0.0,0.0,0.25,4.0,0.0
6,10,2025-12-29,0,1,12,1.0,1.0,0.0,0.5,0.0,1.0
6,10,2026-01-05,1,2,1,0.0,1.0,0.0,0.5,2.0,0.0
6,10,2026-01-12,0,3,1,1.0,0.0,1.0,0.75,0.0,1.0
6,10,2026-01-19,1,4,1,0.0,1.0,1.0,0.5,2.0,0.0
6,10,2026-01-26,0,5,1,1.0,0.0,0.0,0.5,0.0,0.0
6,10,2026-02-02,0,6,2,0.0,1.0,1.0,0.5,0.0,1.0
6,10,2026-02-09,1,7,2,0.0,0.0,0.0,0.25,4.0,1.0
6,10,2026-02-16,1,8,2,1.0,0.0,1.0,0.5,2.0,2.0
6,10,2026-02-23,2,9,2,1.0,1.0,0.0,0.5,4.0,0.0
6,10,2026-03-02,0,10,3,2.0,1.0,0.0,1.0,0.0,0.0
6,10,2026-03-09,0,11,3,0.0,2.0,1.0,1.0,0.0,1.0
6,10,2026-03-16,1,12,3,0.0,0.0,1.0,0.75,1.3333333333333333,0.0
6,10,2026-03-23,0,13,3,1.0,0.0,2.0,0.75,0.0,0.0
6,10,2026-03-30,0,14,3,0.0,1.0,0.0,0.25,0.0,0.0
6,10,2026-04-06,0,15,4,0.0,0.0,0.0,0.25,0.0,0.0
6,10,2026-04-13,0,16,4,0.0,0.0,1.0,0.25,0.0,0.0
6,10,2026-04-20,0,17,4,0.0,0.0,0.0,0.0,1.0,0.0
6,10,2026-04-27,0,18,4,0.0,0.0,0.0,0.0,1.0,0.0
6,10,2026-05-04,0,19,5,0.0,0.0,0.0,0.0,1.0,0.0
6,10,2026-05-11,0,20,5,0.0,0.0,0.0,0.0,1.0,0.0
6,10,2026-05-18,0,21,5,0.0,0.0,0.0,0.0,1.0,0.0
6,10,2026-05-25,0,22,5,0.0,0.0,0.0,0.0,1.0,1.0
6,10,2026-06-01,1,23,6,0.0,0.0,0.0,0.0,1.0,0.0
6,10,2026-06-08,0,24,6,1.0,0.0,0.0,0.25,0.0,1.0
6,10,2026-06-15,1,25,6,0.0,1.0,0.0,0.25,4.0,2.0
6,10,2026-06-22,2,26,6,1.0,0.0,0.0,0.5,4.0,0.0
6,11,2024-01-29,12,5,1,10.0,13.0,13.0,12.75,0.9411764705882353,11.0
6,11,2024-02-05,11,6,2,12.0,10.0,15.0,12.5,0.88,13.0
6,11,2024-02-12,13,7,2,11.0,12.0,13.0,11.5,1.1304347826086956,8.0
6,11,2024-02-19,8,8,2,13.0,11.0,10.0,11.5,0.6956521739130435,9.0
6,11,2024-02-26,9,9,2,8.0,13.0,12.0,11.0,0.8181818181818182,15.0
6,11,2024-03-04,15,10,3,9.0,8.0,11.0,10.25,1.4634146341463414,12.0
6,11,2024-03-11,12,11,3,15.0,9.0,13.0,11.25,1.0666666666666667,16.0
6,11,2024-03-18,16,12,3,12.0,15.0,8.0,11.0,1.4545454545454546,12.0
6,11,2024-03-25,12,13,3,16.0,12.0,9.0,13.0,0.9230769230769231,15.0
6,11,2024-04-01,15,14,4,12.0,16.0,15.0,13.75,1.0909090909090908,11.0
6,11,2024-04-08,11,15,4,15.0,12.0,12.0,13.75,0.8,10.0
6,11,2024-04-15,10,16,4,11.0,15.0,16.0,13.5,0.7407407407407407,13.0
6,11,2024-04-22,13,17,4,10.0,11.0,12.0,12.0,1.0833333333333333,12.0
6,11,2024-04-29,12,18,4,13.0,10.0,15.0,12.25,0.9795918367346939,9.0
6,11,2024-05-06,9,19,5,12.0,13.0,11.0,11.5,0.782608695652174,13.0
6,11,2024-05-13,13,20,5,9.0,12.0,10.0,11.0,1.1818181818181819,9.0
6,11,2024-05-20,9,21,5,13.0,9.0,13.0,11.75,0.7659574468085106,6.0
6,11,2024-05-27,6,22,5,9.0,13.0,12.0,10.75,0.5581395348837209,13.0
6,11,2024-06-03,13,23,6,6.0,9.0,9.0,9.25,1.4054054054054055,15.0
6,11,2024-06-10,15,24,6,13.0,6.0,13.0,10.25,1.4634146341463414,16.0
6,11,2024-06-17,16,25,6,15.0,13.0,9.0,10.75,1.4883720930232558,15.0
6,11,2024-06-24,15,26,6,16.0,15.0,6.0,12.5,1.2,14.0
6,11,2024-07-01,14,27,7,15.0,16.0,13.0,14.75,0.9491525423728814,8.0
6,11,2024-07-08,8,28,7,14.0,15.0,15.0,15.0,0.5333333333333333,12.0
6,11,2024-07-15,12,29,7,8.0,14.0,16.0,13.25,0.9056603773584906,14.0
6,11,2024-07-22,14,30,7,12.0,8.0,15.0,12.25,1.1428571428571428,12.0
6,11,2024-07-29,12,31,7,14.0,12.0,14.0,12.0,1.0,15.0
6,11,2024-08-05,15,32,8,12.0,14.0,8.0,11.5,1.3043478260869565,16.0
6,11,2024-08-12,16,33,8,15.0,12.0,12.0,13.25,1.2075471698113207,11.0
6,11,2024-08-19,11,34,8,16.0,15.0,14.0,14.25,0.7719298245614035,8.0
6,11,2024-08-26,8,35,8,11.0,16.0,12.0,13.5,0.5925925925925926,10.0
6,11,2024-09-02,10,36,9,8.0,11.0,15.0,12.5,0.8,8.0
6,11,2024-09-09,8,37,9,10.0,8.0,16.0,11.25,0.7111111111111111,18.0
6,11,2024-09-16,18,38,9,8.0,10.0,11.0,9.25,1.945945945945946,16.0
6,11,2024-09-23,16,39,9,18.0,8.0,8.0,11.0,1.4545454545454546,10.0
6,11,2024-09-30,10,40,9,16.0,18.0,10.0,13.0,0.7692307692307693,19.0
6,11,2024-10-07,19,41,10,10.0,16.0,8.0,13.0,1.4615384615384615,15.0
6,11,2024-10-14,15,42,10,19.0,10.0,18.0,15.75,0.9523809523809523,7.0
6,11,2024-10-21,7,43,10,15.0,19.0,16.0,15.0,0.4666666666666667,11.0
6,11,2024-10-28,11,44,10,7.0,15.0,10.0,12.75,0.8627450980392157,17.0
6,11,2024-11-04,17,45,11,11.0,7.0,19.0,13.0,1.3076923076923077,14.0
6,11,2024-11-11,14,46,11,17.0,11.0,15.0,12.5,1.12,7.0
6,11,2024-11-18,7,47,11,14.0,17.0,7.0,12.25,0.5714285714285714,6.0
6,11,2024-11-25,6,48,11,7.0,14.0,11.0,12.25,0.4897959183673469,18.0
6,11,2024-12-02,18,49,12,6.0,7.0,17.0,11.0,1.6363636363636365,15.0
6,11,2024-12-09,15,50,12,18.0,6.0,14.0,11.25,1.3333333333333333,12.0
6,11,2024-12-16,12,51,12,15.0,18.0,7.0,11.5,1.0434782608695652,15.0
6,11,2024-12-23,15,52,12,12.0,15.0,6.0,12.75,1.1764705882352942,11.0
6,11,2024-12-30,11,1,12,15.0,12.0,18.0,15.0,0.7333333333333333,15.0
6,11,2025-01-06,15,2,1,11.0,15.0,15.0,13.25,1.1320754716981132,14.0
6,11,2025-01-13,14,3,1,15.0,11.0,12.0,13.25,1.0566037735849056,11.0
6,11,2025-01-20,11,4,1,14.0,15.0,15.0,13.75,0.8,14.0
6,11,2025-01-27,14,5,1,11.0,14.0,11.0,12.75,1.0980392156862746,11.0
6,11,2025-02-03,11,6,2,14.0,11.0,15.0,13.5,0.8148148148148148,14.0
6,11,2025-02-10,14,7,2,11.0,14.0,14.0,12.5,1.12,14.0
6,11,2025-02-17,14,8,2,14.0,11.0,11.0,12.5,1.12,11.0
6,11,2025-02-24,11,9,2,14.0,14.0,14.0,13.25,0.8301886792452831,14.0
6,11,2025-03-03,14,10,3,11.0,14.0,11.0,12.5,1.12,17.0
6,11,2025-03-10,17,11,3,14.0,11.0,14.0,13.25,1.2830188679245282,13.0
6,11,2025-03-17,13,12,3,17.0,14.0,14.0,14.0,0.9285714285714286,9.0
6,11,2025-03-24,9,13,3,13.0,17.0,11.0,13.75,0.6545454545454545,9.0
6,11,2025-03-31,9,14,3,9.0,13.0,14.0,13.25,0.6792452830188679,18.0
6,11,2025-04-07,18,15,4,9.0,9.0,17.0,12.0,1.5,11.0
6,11,2025-04-14,11,16,4,18.0,9.0,13.0,12.25,0.8979591836734694,5.0
6,11,2025-04-21,5,17,4,11.0,18.0,9.0,11.75,0.425531914893617,9.0
6,11,2025-04-28,9,18,4,5.0,11.0,9.0,10.75,0.8372093023255814,13.0
6,11,2025-05-05,13,19,5,9.0,5.0,18.0,10.75,1.2093023255813953,11.0
6,11,2025-05-12,11,20,5,13.0,9.0,11.0,9.5,1.1578947368421053,12.0
6,11,2025-05-19,12,21,5,11.0,13.0,5.0,9.5,1.263157894736842,9.0
6,11,2025-05-26,9,22,5,12.0,11.0,9.0,11.25,0.8,11.0
6,11,2025-06-02,11,23,6,9.0,12.0,13.0,11.25,0.9777777777777777,11.0
6,11,2025-06-09,11,24,6,11.0,9.0,11.0,10.75,1.0232558139534884,9.0
6,11,2025-06-16,9,25,6,11.0,11.0,12.0,10.75,0.8372093023255814,7.0
6,11,2025-06-23,7,26,6,9.0,11.0,9.0,10.0,0.7,11.0
6,11,2025-06-30,11,27,6,7.0,9.0,11.0,9.5,1.1578947368421053,14.0
6,11,2025-07-07,14,28,7,11.0,7.0,11.0,9.5,1.4736842105263157,10.0
6,11,2025-07-14,10,29,7,14.0,11.0,9.0,10.25,0.975609756097561,18.0
6,11,2025-07-21,18,30,7,10.0,14.0,7.0,10.5,1.7142857142857142,16.0
6,11,2025-07-28,16,31,7,18.0,10.0,11.0,13.25,1.2075471698113207,16.0
6,11,2025-08-04,16,32,8,16.0,18.0,14.0,14.5,1.103448275862069,12.0
6,11,2025-08-11,12,33,8,16.0,16.0,10.0,15.0,0.8,15.0
6,11,2025-08-18,15,34,8,12.0,16.0,18.0,15.5,0.967741935483871,12.0
6,11,2025-08-25,12,35,8,15.0,12.0,16.0,14.75,0.8135593220338984,8.0
6,11,2025-09-01,8,36,9,12.0,15.0,16.0,13.75,0.5818181818181818,6.0
6,11,2025-09-08,6,37,9,8.0,12.0,12.0,11.75,0.5106382978723404,12.0
6,11,2025-09-15,12,38,9,6.0,8.0,15.0,10.25,1.170731707317073,6.0
6,11,2025-09-22,6,39,9,12.0,6.0,12.0,9.5,0.631578947368421,17.0
6,11,2025-09-29,17,40,9,6.0,12.0,8.0,8.0,2.125,12.0
6,11,2025-10-06,12,41,10,17.0,6.0,6.0,10.25,1.170731707317073,11.0
6,11,2025-10-13,11,42,10,12.0,17.0,12.0,11.75,0.9361702127659575,14.0
6,11,2025-10-20,14,43,10,11.0,12.0,6.0,11.5,1.2173913043478262,15.0
6,11,2025-10-27,15,44,10,14.0,11.0,17.0,13.5,1.1111111111111112,13.0
6,11,2025-11-03,13,45,11,15.0,14.0,12.0,13.0,1.0,17.0
6,11,2025-11-10,17,46,11,13.0,15.0,11.0,13.25,1.2830188679245282,17.0
6,11,2025-11-17,17,47,11,17.0,13.0,14.0,14.75,1.152542372881356,7.0
6,11,2025-11-24,7,48,11,17.0,17.0,15.0,15.5,0.45161290322580644,12.0
6,11,2025-12-01,12,49,12,7.0,17.0,13.0,13.5,0.8888888888888888,21.0
6,11,2025-12-08,21,50,12,12.0,7.0,17.0,13.25,1.5849056603773586,17.0
6,11,2025-12-15,17,51,12,21.0,12.0,17.0,14.25,1.1929824561403508,17.0
6,11,2025-12-22,17,52,12,17.0,21.0,7.0,14.25,1.1929824561403508,13.0
6,11,2025-12-29,13,1,12,17.0,17.0,12.0,16.75,0.7761194029850746,13.0
6,11,2026-01-05,13,2,1,13.0,17.0,21.0,17.0,0.7647058823529411,19.0
6,11,2026-01-12,19,3,1,13.0,13.0,17.0,15.0,1.2666666666666666,13.0
6,11,2026-01-19,13,4,1,19.0,13.0,17.0,15.5,0.8387096774193549,16.0
6,11,2026-01-26,16,5,1,13.0,19.0,13.0,14.5,1.103448275862069,14.0
6,11,2026-02-02,14,6,2,16.0,13.0,13.0,15.25,0.9180327868852459,9.0
6,11,2026-02-09,9,7,2,14.0,16.0,19.0,15.5,0.5806451612903226,11.0
6,11,2026-02-16,11,8,2,9.0,14.0,13.0,13.0,0.8461538461538461,11.0
6,11,2026-02-23,11,9,2,11.0,9.0,16.0,12.5,0.88,6.0
6,11,2026-03-02,6,10,3,11.0,11.0,14.0,11.25,0.5333333333333333,16.0
6,11,2026-03-09,16,11,3,6.0,11.0,9.0,9.25,1.7297297297297298,13.0
6,11,2026-03-16,13,12,3,16.0,6.0,11.0,11.0,1.1818181818181819,16.0
6,11,2026-03-23,16,13,3,13.0,16.0,11.0,11.5,1.391304347826087,9.0
6,11,2026-03-30,9,14,3,16.0,13.0,6.0,12.75,0.7058823529411765,12.0
6,11,2026-04-06,12,15,4,9.0,16.0,16.0,13.5,0.8888888888888888,14.0
6,11,2026-04-13,14,16,4,12.0,9.0,13.0,12.5,1.12,9.0
6,11,2026-04-20,9,17,4,14.0,12.0,16.0,12.75,0.7058823529411765,16.0
6,11,2026-04-27,16,18,4,9.0,14.0,9.0,11.0,1.4545454545454546,12.0
6,11,2026-05-04,12,19,5,16.0,9.0,12.0,12.75,0.9411764705882353,10.0
6,11,2026-05-11,10,20,5,12.0,16.0,14.0,12.75,0.7843137254901961,12.0
6,11,2026-05-18,12,21,5,10.0,12.0,9.0,11.75,1.0212765957446808,18.0
6,11,2026-05-25,18,22,5,12.0,10.0,16.0,12.5,1.44,10.0
6,11,2026-06-01,10,23,6,18.0,12.0,12.0,13.0,0.7692307692307693,13.0
6,11,2026-06-08,13,24,6,10.0,18.0,10.0,12.5,1.04,13.0
6,11,2026-06-15,13,25,6,13.0,10.0,12.0,13.25,0.9811320754716981,12.0
6,11,2026-06-22,12,26,6,13.0,13.0,18.0,13.5,0.8888888888888888,2.0
6,12,2024-01-29,0,5,1,1.0,0.0,2.0,0.75,0.0,0.0
6,12,2024-02-05,0,6,2,0.0,1.0,0.0,0.25,0.0,0.0
6,12,2024-02-12,0,7,2,0.0,0.0,0.0,0.25,0.0,0.0
6,12,2024-02-19,0,8,2,0.0,0.0,1.0,0.25,0.0,0.0
6,12,2024-02-26,0,9,2,0.0,0.0,0.0,0.0,1.0,0.0
6,12,2024-03-04,0,10,3,0.0,0.0,0.0,0.0,1.0,0.0
6,12,2024-03-11,0,11,3,0.0,0.0,0.0,0.0,1.0,0.0
6,12,2024-03-18,0,12,3,0.0,0.0,0.0,0.0,1.0,3.0
6,12,2024-03-25,3,13,3,0.0,0.0,0.0,0.0,1.0,0.0
6,12,2024-04-01,0,14,4,3.0,0.0,0.0,0.75,0.0,0.0
6,12,2024-04-08,0,15,4,0.0,3.0,0.0,0.75,0.0,1.0
6,12,2024-04-15,1,16,4,0.0,0.0,0.0,0.75,1.3333333333333333,0.0
6,12,2024-04-22,0,17,4,1.0,0.0,3.0,1.0,0.0,2.0
6,12,2024-04-29,2,18,4,0.0,1.0,0.0,0.25,8.0,0.0
6,12,2024-05-06,0,19,5,2.0,0.0,0.0,0.75,0.0,0.0
6,12,2024-05-13,0,20,5,0.0,2.0,1.0,0.75,0.0,0.0
6,12,2024-05-20,0,21,5,0.0,0.0,0.0,0.5,0.0,0.0
6,12,2024-05-27,0,22,5,0.0,0.0,2.0,0.5,0.0,1.0
6,12,2024-06-03,1,23,6,0.0,0.0,0.0,0.0,1.0,1.0
6,12,2024-06-10,1,24,6,1.0,0.0,0.0,0.25,4.0,0.0
6,12,2024-06-17,0,25,6,1.0,1.0,0.0,0.5,0.0,1.0
6,12,2024-06-24,1,26,6,0.0,1.0,0.0,0.5,2.0,0.0
6,12,2024-07-01,0,27,7,1.0,0.0,1.0,0.75,0.0,2.0
6,12,2024-07-08,2,28,7,0.0,1.0,1.0,0.5,4.0,0.0
6,12,2024-07-15,0,29,7,2.0,0.0,0.0,0.75,0.0,0.0
6,12,2024-07-22,0,30,7,0.0,2.0,1.0,0.75,0.0,1.0
6,12,2024-07-29,1,31,7,0.0,0.0,0.0,0.5,2.0,0.0
6,12,2024-08-05,0,32,8,1.0,0.0,2.0,0.75,0.0,1.0
6,12,2024-08-12,1,33,8,0.0,1.0,0.0,0.25,4.0,0.0
6,12,2024-08-19,0,34,8,1.0,0.0,0.0,0.5,0.0,0.0
6,12,2024-08-26,0,35,8,0.0,1.0,1.0,0.5,0.0,0.0
6,12,2024-09-02,0,36,9,0.0,0.0,0.0,0.25,0.0,0.0
6,12,2024-09-09,0,37,9,0.0,0.0,1.0,0.25,0.0,0.0
6,12,2024-09-16,0,38,9,0.0,0.0,0.0,0.0,1.0,0.0
6,12,2024-09-23,0,39,9,0.0,0.0,0.0,0.0,1.0,1.0
6,12,2024-09-30,1,40,9,0.0,0.0,0.0,0.0,1.0,1.0
6,12,2024-10-07,1,41,10,1.0,0.0,0.0,0.25,4.0,1.0
6,12,2024-10-14,1,42,10,1.0,1.0,0.0,0.5,2.0,0.0
6,12,2024-10-21,0,43,10,1.0,1.0,0.0,0.75,0.0,0.0
6,12,2024-10-28,0,44,10,0.0,1.0,1.0,0.75,0.0,0.0
6,12,2024-11-04,0,45,11,0.0,0.0,1.0,0.5,0.0,0.0
6,12,2024-11-11,0,46,11,0.0,0.0,1.0,0.25,0.0,0.0
6,12,2024-11-18,0,47,11,0.0,0.0,0.0,0.0,1.0,1.0
6,12,2024-11-25,1,48,11,0.0,0.0,0.0,0.0,1.0,0.0
6,12,2024-12-02,0,49,12,1.0,0.0,0.0,0.25,0.0,0.0
6,12,2024-12-09,0,50,12,0.0,1.0,0.0,0.25,0.0,0.0
6,12,2024-12-16,0,51,12,0.0,0.0,0.0,0.25,0.0,0.0
6,12,2024-12-23,0,52,12,0.0,0.0,1.0,0.25,0.0,0.0
6,12,2024-12-30,0,1,12,0.0,0.0,0.0,0.0,1.0,0.0
6,12,2025-01-06,0,2,1,0.0,0.0,0.0,0.0,1.0,0.0
6,12,2025-01-13,0,3,1,0.0,0.0,0.0,0.0,1.0,0.0
6,12,2025-01-20,0,4,1,0.0,0.0,0.0,0.0,1.0,0.0
6,12,2025-01-27,0,5,1,0.0,0.0,0.0,0.0,1.0,1.0
6,12,2025-02-03,1,6,2,0.0,0.0,0.0,0.0,1.0,0.0
6,12,2025-02-10,0,7,2,1.0,0.0,0.0,0.25,0.0,0.0
6,12,2025-02-17,0,8,2,0.0,1.0,0.0,0.25,0.0,1.0
6,12,2025-02-24,1,9,2,0.0,0.0,0.0,0.25,4.0,0.0
6,12,2025-03-03,0,10,3,1.0,0.0,1.0,0.5,0.0,2.0
6,12,2025-03-10,2,11,3,0.0,1.0,0.0,0.25,8.0,0.0
6,12,2025-03-17,0,12,3,2.0,0.0,0.0,0.75,0.0,0.0
6,12,2025-03-24,0,13,3,0.0,2.0,1.0,0.75,0.0,1.0
6,12,2025-03-31,1,14,3,0.0,0.0,0.0,0.5,2.0,0.0
6,12,2025-04-07,0,15,4,1.0,0.0,2.0,0.75,0.0,0.0
6,12,2025-04-14,0,16,4,0.0,1.0,0.0,0.25,0.0,0.0
6,12,2025-04-21,0,17,4,0.0,0.0,0.0,0.25,0.0,0.0
6,12,2025-04-28,0,18,4,0.0,0.0,1.0,0.25,0.0,1.0
6,12,2025-05-05,1,19,5,0.0,0.0,0.0,0.0,1.0,1.0
6,12,2025-05-12,1,20,5,1.0,0.0,0.0,0.25,4.0,0.0
6,12,2025-05-19,0,21,5,1.0,1.0,0.0,0.5,0.0,1.0
6,12,2025-05-26,1,22,5,0.0,1.0,0.0,0.5,2.0,0.0
6,12,2025-06-02,0,23,6,1.0,0.0,1.0,0.75,0.0,0.0
6,12,2025-06-09,0,24,6,0.0,1.0,1.0,0.5,0.0,1.0
6,12,2025-06-16,1,25,6,0.0,0.0,0.0,0.25,4.0,0.0
6,12,2025-06-23,0,26,6,1.0,0.0,1.0,0.5,0.0,0.0
6,12,2025-06-30,0,27,6,0.0,1.0,0.0,0.25,0.0,1.0
6,12,2025-07-07,1,28,7,0.0,0.0,0.0,0.25,4.0,0.0
6,12,2025-07-14,0,29,7,1.0,0.0,1.0,0.5,0.0,0.0
6,12,2025-07-21,0,30,7,0.0,1.0,0.0,0.25,0.0,0.0
6,12,2025-07-28,0,31,7,0.0,0.0,0.0,0.25,0.0,1.0
6,12,2025-08-04,1,32,8,0.0,0.0,1.0,0.25,4.0,0.0
6,12,2025-08-11,0,33,8,1.0,0.0,0.0,0.25,0.0,1.0
6,12,2025-08-18,1,34,8,0.0,1.0,0.0,0.25,4.0,0.0
6,12,2025-08-25,0,35,8,1.0,0.0,0.0,0.5,0.0,0.0
6,12,2025-09-01,0,36,9,0.0,1.0,1.0,0.5,0.0,1.0
6,12,2025-09-08,1,37,9,0.0,0.0,0.0,0.25,4.0,0.0
6,12,2025-09-15,0,38,9,1.0,0.0,1.0,0.5,0.0,0.0
6,12,2025-09-22,0,39,9,0.0,1.0,0.0,0.25,0.0,0.0
6,12,2025-09-29,0,40,9,0.0,0.0,0.0,0.25,0.0,0.0
6,12,2025-10-06,0,41,10,0.0,0.0,1.0,0.25,0.0,0.0
6,12,2025-10-13,0,42,10,0.0,0.0,0.0,0.0,1.0,1.0
6,12,2025-10-20,1,43,10,0.0,0.0,0.0,0.0,1.0,0.0
6,12,2025-10-27,0,44,10,1.0,0.0,0.0,0.25,0.0,0.0
6,12,2025-11-03,0,45,11,0.0,1.0,0.0,0.25,0.0,0.0
6,12,2025-11-10,0,46,11,0.0,0.0,0.0,0.25,0.0,1.0
6,12,2025-11-17,1,47,11,0.0,0.0,1.0,0.25,4.0,0.0
6,12,2025-11-24,0,48,11,1.0,0.0,0.0,0.25,0.0,1.0
6,12,2025-12-01,1,49,12,0.0,1.0,0.0,0.25,4.0,0.0
6,12,2025-12-08,0,50,12,1.0,0.0,0.0,0.5,0.0,0.0
6,12,2025-12-15,0,51,12,0.0,1.0,1.0,0.5,0.0,2.0
6,12,2025-12-22,2,52,12,0.0,0.0,0.0,0.25,8.0,0.0
6,12,2025-12-29,0,1,12,2.0,0.0,1.0,0.75,0.0,0.0
6,12,2026-01-05,0,2,1,0.0,2.0,0.0,0.5,0.0,1.0
6,12,2026-01-12,1,3,1,0.0,0.0,0.0,0.5,2.0,1.0
6,12,2026-01-19,1,4,1,1.0,0.0,2.0,0.75,1.3333333333333333,0.0
6,12,2026-01-26,0,5,1,1.0,1.0,0.0,0.5,0.0,0.0
6,12,2026-02-02,0,6,2,0.0,1.0,0.0,0.5,0.0,0.0
6,12,2026-02-09,0,7,2,0.0,0.0,1.0,0.5,0.0,0.0
6,12,2026-02-16,0,8,2,0.0,0.0,1.0,0.25,0.0,0.0
6,12,2026-02-23,0,9,2,0.0,0.0,0.0,0.0,1.0,0.0
6,12,2026-03-02,0,10,3,0.0,0.0,0.0,0.0,1.0,1.0
6,12,2026-03-09,1,11,3,0.0,0.0,0.0,0.0,1.0,2.0
6,12,2026-03-16,2,12,3,1.0,0.0,0.0,0.25,8.0,0.0
6,12,2026-03-23,0,13,3,2.0,1.0,0.0,0.75,0.0,0.0
6,12,2026-03-30,0,14,3,0.0,2.0,0.0,0.75,0.0,1.0
6,12,2026-04-06,1,15,4,0.0,0.0,1.0,0.75,1.3333333333333333,0.0
6,12,2026-04-13,0,16,4,1.0,0.0,2.0,0.75,0.0,0.0
6,12,2026-04-20,0,17,4,0.0,1.0,0.0,0.25,0.0,0.0
6,12,2026-04-27,0,18,4,0.0,0.0,0.0,0.25,0.0,1.0
6,12,2026-05-04,1,19,5,0.0,0.0,1.0,0.25,4.0,0.0
6,12,2026-05-11,0,20,5,1.0,0.0,0.0,0.25,0.0,1.0
6,12,2026-05-18,1,21,5,0.0,1.0,0.0,0.25,4.0,1.0
6,12,2026-05-25,1,22,5,1.0,0.0,0.0,0.5,2.0,1.0
6,12,2026-06-01,1,23,6,1.0,1.0,1.0,0.75,1.3333333333333333,1.0
6,12,2026-06-08,1,24,6,1.0,1.0,0.0,0.75,1.3333333333333333,0.0
6,12,2026-06-15,0,25,6,1.0,1.0,1.0,1.0,0.0,1.0
6,12,2026-06-22,1,26,6,0.0,1.0,1.0,0.75,1.3333333333333333,0.0
6,13,2024-01-29,0,5,1,0.0,0.0,0.0,0.0,1.0,1.0
6,13,2024-02-05,1,6,2,0.0,0.0,0.0,0.0,1.0,0.0
6,13,2024-02-12,0,7,2,1.0,0.0,0.0,0.25,0.0,0.0
6,13,2024-02-19,0,8,2,0.0,1.0,0.0,0.25,0.0,0.0
6,13,2024-02-26,0,9,2,0.0,0.0,0.0,0.25,0.0,0.0
6,13,2024-03-04,0,10,3,0.0,0.0,1.0,0.25,0.0,0.0
6,13,2024-03-11,0,11,3,0.0,0.0,0.0,0.0,1.0,1.0
6,13,2024-03-18,1,12,3,0.0,0.0,0.0,0.0,1.0,1.0
6,13,2024-03-25,1,13,3,1.0,0.0,0.0,0.25,4.0,0.0
6,13,2024-04-01,0,14,4,1.0,1.0,0.0,0.5,0.0,1.0
6,13,2024-04-08,1,15,4,0.0,1.0,0.0,0.5,2.0,1.0
6,13,2024-04-15,1,16,4,1.0,0.0,1.0,0.75,1.3333333333333333,0.0
6,13,2024-04-22,0,17,4,1.0,1.0,1.0,0.75,0.0,0.0
6,13,2024-04-29,0,18,4,0.0,1.0,0.0,0.5,0.0,0.0
6,13,2024-05-06,0,19,5,0.0,0.0,1.0,0.5,0.0,0.0
6,13,2024-05-13,0,20,5,0.0,0.0,1.0,0.25,0.0,1.0
6,13,2024-05-20,1,21,5,0.0,0.0,0.0,0.0,1.0,0.0
6,13,2024-05-27,0,22,5,1.0,0.0,0.0,0.25,0.0,1.0
6,13,2024-06-03,1,23,6,0.0,1.0,0.0,0.25,4.0,1.0
6,13,2024-06-10,1,24,6,1.0,0.0,0.0,0.5,2.0,0.0
6,13,2024-06-17,0,25,6,1.0,1.0,1.0,0.75,0.0,1.0
6,13,2024-06-24,1,26,6,0.0,1.0,0.0,0.5,2.0,0.0
6,13,2024-07-01,0,27,7,1.0,0.0,1.0,0.75,0.0,1.0
6,13,2024-07-08,1,28,7,0.0,1.0,1.0,0.5,2.0,0.0
6,13,2024-07-15,0,29,7,1.0,0.0,0.0,0.5,0.0,0.0
6,13,2024-07-22,0,30,7,0.0,1.0,1.0,0.5,0.0,0.0
6,13,2024-07-29,0,31,7,0.0,0.0,0.0,0.25,0.0,0.0
6,13,2024-08-05,0,32,8,0.0,0.0,1.0,0.25,0.0,0.0
6,13,2024-08-12,0,33,8,0.0,0.0,0.0,0.0,1.0,1.0
6,13,2024-08-19,1,34,8,0.0,0.0,0.0,0.0,1.0,0.0
6,13,2024-08-26,0,35,8,1.0,0.0,0.0,0.25,0.0,2.0
6,13,2024-09-02,2,36,9,0.0,1.0,0.0,0.25,8.0,0.0
6,13,2024-09-09,0,37,9,2.0,0.0,0.0,0.75,0.0,2.0
6,13,2024-09-16,2,38,9,0.0,2.0,1.0,0.75,2.6666666666666665,0.0
6,13,2024-09-23,0,39,9,2.0,0.0,0.0,1.0,0.0,1.0
6,13,2024-09-30,1,40,9,0.0,2.0,2.0,1.0,1.0,0.0
6,13,2024-10-07,0,41,10,1.0,0.0,0.0,0.75,0.0,0.0
6,13,2024-10-14,0,42,10,0.0,1.0,2.0,0.75,0.0,0.0
6,13,2024-10-21,0,43,10,0.0,0.0,0.0,0.25,0.0,1.0
6,13,2024-10-28,1,44,10,0.0,0.0,1.0,0.25,4.0,0.0
6,13,2024-11-04,0,45,11,1.0,0.0,0.0,0.25,0.0,0.0
6,13,2024-11-11,0,46,11,0.0,1.0,0.0,0.25,0.0,0.0
6,13,2024-11-18,0,47,11,0.0,0.0,0.0,0.25,0.0,0.0
6,13,2024-11-25,0,48,11,0.0,0.0,1.0,0.25,0.0,1.0
6,13,2024-12-02,1,49,12,0.0,0.0,0.0,0.0,1.0,0.0
6,13,2024-12-09,0,50,12,1.0,0.0,0.0,0.25,0.0,1.0
6,13,2024-12-16,1,51,12,0.0,1.0,0.0,0.25,4.0,1.0
6,13,2024-12-23,1,52,12,1.0,0.0,0.0,0.5,2.0,0.0
6,13,2024-12-30,0,1,12,1.0,1.0,1.0,0.75,0.0,0.0
6,13,2025-01-06,0,2,1,0.0,1.0,0.0,0.5,0.0,0.0
6,13,2025-01-13,0,3,1,0.0,0.0,1.0,0.5,0.0,0.0
6,13,2025-01-20,0,4,1,0.0,0.0,1.0,0.25,0.0,1.0
6,13,2025-01-27,1,5,1,0.0,0.0,0.0,0.0,1.0,0.0
6,13,2025-02-03,0,6,2,1.0,0.0,0.0,0.25,0.0,1.0
6,13,2025-02-10,1,7,2,0.0,1.0,0.0,0.25,4.0,0.0
6,13,2025-02-17,0,8,2,1.0,0.0,0.0,0.5,0.0,1.0
6,13,2025-02-24,1,9,2,0.0,1.0,1.0,0.5,2.0,2.0
6,13,2025-03-03,2,10,3,1.0,0.0,0.0,0.5,4.0,1.0
6,13,2025-03-10,1,11,3,2.0,1.0,1.0,1.0,1.0,1.0
6,13,2025-03-17,1,12,3,1.0,2.0,0.0,1.0,1.0,1.0
6,13,2025-03-24,1,13,3,1.0,1.0,1.0,1.25,0.8,0.0
6,13,2025-03-31,0,14,3,1.0,1.0,2.0,1.25,0.0,0.0
6,13,2025-04-07,0,15,4,0.0,1.0,1.0,0.75,0.0,1.0
6,13,2025-04-14,1,16,4,0.0,0.0,1.0,0.5,2.0,0.0
6,13,2025-04-21,0,17,4,1.0,0.0,1.0,0.5,0.0,0.0
6,13,2025-04-28,0,18,4,0.0,1.0,0.0,0.25,0.0,2.0
6,13,2025-05-05,2,19,5,0.0,0.0,0.0,0.25,8.0,0.0
6,13,2025-05-12,0,20,5,2.0,0.0,1.0,0.75,0.0,0.0
6,13,2025-05-19,0,21,5,0.0,2.0,0.0,0.5,0.0,0.0
6,13,2025-05-26,0,22,5,0.0,0.0,0.0,0.5,0.0,0.0
6,13,2025-06-02,0,23,6,0.0,0.0,2.0,0.5,0.0,1.0
6,13,2025-06-09,1,24,6,0.0,0.0,0.0,0.0,1.0,0.0
6,13,2025-06-16,0,25,6,1.0,0.0,0.0,0.25,0.0,0.0
6,13,2025-06-23,0,26,6,0.0,1.0,0.0,0.25,0.0,0.0
6,13,2025-06-30,0,27,6,0.0,0.0,0.0,0.25,0.0,0.0
6,13,2025-07-07,0,28,7,0.0,0.0,1.0,0.25,0.0,0.0
6,13,2025-07-14,0,29,7,0.0,0.0,0.0,0.0,1.0,1.0
6,13,2025-07-21,1,30,7,0.0,0.0,0.0,0.0,1.0,1.0
6,13,2025-07-28,1,31,7,1.0,0.0,0.0,0.25,4.0,1.0
6,13,2025-08-04,1,32,8,1.0,1.0,0.0,0.5,2.0,0.0
6,13,2025-08-11,0,33,8,1.0,1.0,0.0,0.75,0.0,0.0
6,13,2025-08-18,0,34,8,0.0,1.0,1.0,0.75,0.0,0.0
6,13,2025-08-25,0,35,8,0.0,0.0,1.0,0.5,0.0,0.0
6,13,2025-09-01,0,36,9,0.0,0.0,1.0,0.25,0.0,1.0
6,13,2025-09-08,1,37,9,0.0,0.0,0.0,0.0,1.0,0.0
6,13,2025-09-15,0,38,9,1.0,0.0,0.0,0.25,0.0,0.0
6,13,2025-09-22,0,39,9,0.0,1.0,0.0,0.25,0.0,1.0
6,13,2025-09-29,1,40,9,0.0,0.0,0.0,0.25,4.0,0.0
6,13,2025-10-06,0,41,10,1.0,0.0,1.0,0.5,0.0,0.0
6,13,2025-10-13,0,42,10,0.0,1.0,0.0,0.25,0.0,1.0
6,13,2025-10-20,1,43,10,0.0,0.0,0.0,0.25,4.0,0.0
6,13,2025-10-27,0,44,10,1.0,0.0,1.0,0.5,0.0,0.0
6,13,2025-11-03,0,45,11,0.0,1.0,0.0,0.25,0.0,0.0
6,13,2025-11-10,0,46,11,0.0,0.0,0.0,0.25,0.0,1.0
6,13,2025-11-17,1,47,11,0.0,0.0,1.0,0.25,4.0,0.0
6,13,2025-11-24,0,48,11,1.0,0.0,0.0,0.25,0.0,0.0
6,13,2025-12-01,0,49,12,0.0,1.0,0.0,0.25,0.0,1.0
6,13,2025-12-08,1,50,12,0.0,0.0,0.0,0.25,4.0,0.0
6,13,2025-12-15,0,51,12,1.0,0.0,1.0,0.5,0.0,0.0
6,13,2025-12-22,0,52,12,0.0,1.0,0.0,0.25,0.0,0.0
6,13,2025-12-29,0,1,12,0.0,0.0,0.0,0.25,0.0,1.0
6,13,2026-01-05,1,2,1,0.0,0.0,1.0,0.25,4.0,0.0
6,13,2026-01-12,0,3,1,1.0,0.0,0.0,0.25,0.0,0.0
6,13,2026-01-19,0,4,1,0.0,1.0,0.0,0.25,0.0,0.0
6,13,2026-01-26,0,5,1,0.0,0.0,0.0,0.25,0.0,0.0
6,13,2026-02-02,0,6,2,0.0,0.0,1.0,0.25,0.0,0.0
6,13,2026-02-09,0,7,2,0.0,0.0,0.0,0.0,1.0,0.0
6,13,2026-02-16,0,8,2,0.0,0.0,0.0,0.0,1.0,1.0
6,13,2026-02-23,1,9,2,0.0,0.0,0.0,0.0,1.0,1.0
6,13,2026-03-02,1,10,3,1.0,0.0,0.0,0.25,4.0,1.0
6,13,2026-03-09,1,11,3,1.0,1.0,0.0,0.5,2.0,0.0
6,13,2026-03-16,0,12,3,1.0,1.0,0.0,0.75,0.0,2.0
6,13,2026-03-23,2,13,3,0.0,1.0,1.0,0.75,2.6666666666666665,2.0
6,13,2026-03-30,2,14,3,2.0,0.0,1.0,1.0,2.0,1.0
6,13,2026-04-06,1,15,4,2.0,2.0,1.0,1.25,0.8,0.0
6,13,2026-04-13,0,16,4,1.0,2.0,0.0,1.25,0.0,1.0
6,13,2026-04-20,1,17,4,0.0,1.0,2.0,1.25,0.8,0.0
6,13,2026-04-27,0,18,4,1.0,0.0,2.0,1.0,0.0,0.0
6,13,2026-05-04,0,19,5,0.0,1.0,1.0,0.5,0.0,2.0
6,13,2026-05-11,2,20,5,0.0,0.0,0.0,0.25,8.0,0.0
6,13,2026-05-18,0,21,5,2.0,0.0,1.0,0.75,0.0,0.0
6,13,2026-05-25,0,22,5,0.0,2.0,0.0,0.5,0.0,0.0
6,13,2026-06-01,0,23,6,0.0,0.0,0.0,0.5,0.0,0.0
6,13,2026-06-08,0,24,6,0.0,0.0,2.0,0.5,0.0,1.0
6,13,2026-06-15,1,25,6,0.0,0.0,0.0,0.0,1.0,1.0
6,13,2026-06-22,1,26,6,1.0,0.0,0.0,0.25,4.0,0.0
6,14,2024-01-29,0,5,1,1.0,0.0,2.0,0.75,0.0,0.0
6,14,2024-02-05,0,6,2,0.0,1.0,0.0,0.25,0.0,2.0
6,14,2024-02-12,2,7,2,0.0,0.0,0.0,0.25,8.0,2.0
6,14,2024-02-19,2,8,2,2.0,0.0,1.0,0.75,2.6666666666666665,3.0
6,14,2024-02-26,3,9,2,2.0,2.0,0.0,1.0,3.0,0.0
6,14,2024-03-04,0,10,3,3.0,2.0,0.0,1.75,0.0,0.0
6,14,2024-03-11,0,11,3,0.0,3.0,2.0,1.75,0.0,1.0
6,14,2024-03-18,1,12,3,0.0,0.0,2.0,1.25,0.8,0.0
6,14,2024-03-25,0,13,3,1.0,0.0,3.0,1.0,0.0,1.0
6,14,2024-04-01,1,14,4,0.0,1.0,0.0,0.25,4.0,2.0
6,14,2024-04-08,2,15,4,1.0,0.0,0.0,0.5,4.0,0.0
6,14,2024-04-15,0,16,4,2.0,1.0,1.0,1.0,0.0,0.0
6,14,2024-04-22,0,17,4,0.0,2.0,0.0,0.75,0.0,0.0
6,14,2024-04-29,0,18,4,0.0,0.0,1.0,0.75,0.0,1.0
6,14,2024-05-06,1,19,5,0.0,0.0,2.0,0.5,2.0,1.0
6,14,2024-05-13,1,20,5,1.0,0.0,0.0,0.25,4.0,0.0
6,14,2024-05-20,0,21,5,1.0,1.0,0.0,0.5,0.0,1.0
6,14,2024-05-27,1,22,5,0.0,1.0,0.0,0.5,2.0,0.0
6,14,2024-06-03,0,23,6,1.0,0.0,1.0,0.75,0.0,0.0
6,14,2024-06-10,0,24,6,0.0,1.0,1.0,0.5,0.0,0.0
6,14,2024-06-17,0,25,6,0.0,0.0,0.0,0.25,0.0,0.0
6,14,2024-06-24,0,26,6,0.0,0.0,1.0,0.25,0.0,0.0
6,14,2024-07-01,0,27,7,0.0,0.0,0.0,0.0,1.0,1.0
6,14,2024-07-08,1,28,7,0.0,0.0,0.0,0.0,1.0,0.0
6,14,2024-07-15,0,29,7,1.0,0.0,0.0,0.25,0.0,0.0
6,14,2024-07-22,0,30,7,0.0,1.0,0.0,0.25,0.0,1.0
6,14,2024-07-29,1,31,7,0.0,0.0,0.0,0.25,4.0,1.0
6,14,2024-08-05,1,32,8,1.0,0.0,1.0,0.5,2.0,1.0
6,14,2024-08-12,1,33,8,1.0,1.0,0.0,0.5,2.0,1.0
6,14,2024-08-19,1,34,8,1.0,1.0,0.0,0.75,1.3333333333333333,0.0
6,14,2024-08-26,0,35,8,1.0,1.0,1.0,1.0,0.0,1.0
6,14,2024-09-02,1,36,9,0.0,1.0,1.0,0.75,1.3333333333333333,0.0
6,14,2024-09-09,0,37,9,1.0,0.0,1.0,0.75,0.0,0.0
6,14,2024-09-16,0,38,9,0.0,1.0,1.0,0.5,0.0,2.0
6,14,2024-09-23,2,39,9,0.0,0.0,0.0,0.25,8.0,1.0
6,14,2024-09-30,1,40,9,2.0,0.0,1.0,0.75,1.3333333333333333,0.0
6,14,2024-10-07,0,41,10,1.0,2.0,0.0,0.75,0.0,0.0
6,14,2024-10-14,0,42,10,0.0,1.0,0.0,0.75,0.0,1.0
6,14,2024-10-21,1,43,10,0.0,0.0,2.0,0.75,1.3333333333333333,1.0
6,14,2024-10-28,1,44,10,1.0,0.0,1.0,0.5,2.0,0.0
6,14,2024-11-04,0,45,11,1.0,1.0,0.0,0.5,0.0,0.0
6,14,2024-11-11,0,46,11,0.0,1.0,0.0,0.5,0.0,0.0
6,14,2024-11-18,0,47,11,0.0,0.0,1.0,0.5,0.0,1.0
6,14,2024-11-25,1,48,11,0.0,0.0,1.0,0.25,4.0,1.0
6,14,2024-12-02,1,49,12,1.0,0.0,0.0,0.25,4.0,0.0
6,14,2024-12-09,0,50,12,1.0,1.0,0.0,0.5,0.0,0.0
6,14,2024-12-16,0,51,12,0.0,1.0,0.0,0.5,0.0,1.0
6,14,2024-12-23,1,52,12,0.0,0.0,1.0,0.5,2.0,0.0
6,14,2024-12-30,0,1,12,1.0,0.0,1.0,0.5,0.0,0.0
6,14,2025-01-06,0,2,1,0.0,1.0,0.0,0.25,0.0,0.0
6,14,2025-01-13,0,3,1,0.0,0.0,0.0,0.25,0.0,0.0
6,14,2025-01-20,0,4,1,0.0,0.0,1.0,0.25,0.0,1.0
6,14,2025-01-27,1,5,1,0.0,0.0,0.0,0.0,1.0,0.0
6,14,2025-02-03,0,6,2,1.0,0.0,0.0,0.25,0.0,0.0
6,14,2025-02-10,0,7,2,0.0,1.0,0.0,0.25,0.0,1.0
6,14,2025-02-17,1,8,2,0.0,0.0,0.0,0.25,4.0,0.0
6,14,2025-02-24,0,9,2,1.0,0.0,1.0,0.5,0.0,0.0
6,14,2025-03-03,0,10,3,0.0,1.0,0.0,0.25,0.0,0.0
6,14,2025-03-10,0,11,3,0.0,0.0,0.0,0.25,0.0,0.0
6,14,2025-03-17,0,12,3,0.0,0.0,1.0,0.25,0.0,0.0
6,14,2025-03-24,0,13,3,0.0,0.0,0.0,0.0,1.0,1.0
6,14,2025-03-31,1,14,3,0.0,0.0,0.0,0.0,1.0,1.0
6,14,2025-04-07,1,15,4,1.0,0.0,0.0,0.25,4.0,1.0
6,14,2025-04-14,1,16,4,1.0,1.0,0.0,0.5,2.0,0.0
6,14,2025-04-21,0,17,4,1.0,1.0,0.0,0.75,0.0,0.0
6,14,2025-04-28,0,18,4,0.0,1.0,1.0,0.75,0.0,1.0
6,14,2025-05-05,1,19,5,0.0,0.0,1.0,0.5,2.0,1.0
6,14,2025-05-12,1,20,5,1.0,0.0,1.0,0.5,2.0,0.0
6,14,2025-05-19,0,21,5,1.0,1.0,0.0,0.5,0.0,1.0
6,14,2025-05-26,1,22,5,0.0,1.0,0.0,0.5,2.0,1.0
6,14,2025-06-02,1,23,6,1.0,0.0,1.0,0.75,1.3333333333333333,0.0
6,14,2025-06-09,0,24,6,1.0,1.0,1.0,0.75,0.0,3.0
6,14,2025-06-16,3,25,6,0.0,1.0,0.0,0.5,6.0,1.0
6,14,2025-06-23,1,26,6,3.0,0.0,1.0,1.25,0.8,0.0
6,14,2025-06-30,0,27,6,1.0,3.0,1.0,1.25,0.0,0.0
6,14,2025-07-07,0,28,7,0.0,1.0,0.0,1.0,0.0,0.0
6,14,2025-07-14,0,29,7,0.0,0.0,3.0,1.0,0.0,2.0
6,14,2025-07-21,2,30,7,0.0,0.0,1.0,0.25,8.0,0.0
6,14,2025-07-28,0,31,7,2.0,0.0,0.0,0.5,0.0,1.0
6,14,2025-08-04,1,32,8,0.0,2.0,0.0,0.5,2.0,0.0
6,14,2025-08-11,0,33,8,1.0,0.0,0.0,0.75,0.0,1.0
6,14,2025-08-18,1,34,8,0.0,1.0,2.0,0.75,1.3333333333333333,0.0
6,14,2025-08-25,0,35,8,1.0,0.0,0.0,0.5,0.0,1.0
6,14,2025-09-01,1,36,9,0.0,1.0,1.0,0.5,2.0,0.0
6,14,2025-09-08,0,37,9,1.0,0.0,0.0,0.5,0.0,0.0
6,14,2025-09-15,0,38,9,0.0,1.0,1.0,0.5,0.0,0.0
6,14,2025-09-22,0,39,9,0.0,0.0,0.0,0.25,0.0,0.0
6,14,2025-09-29,0,40,9,0.0,0.0,1.0,0.25,0.0,1.0
6,14,2025-10-06,1,41,10,0.0,0.0,0.0,0.0,1.0,0.0
6,14,2025-10-13,0,42,10,1.0,0.0,0.0,0.25,0.0,0.0
6,14,2025-10-20,0,43,10,0.0,1.0,0.0,0.25,0.0,0.0
6,14,2025-10-27,0,44,10,0.0,0.0,0.0,0.25,0.0,0.0
6,14,2025-11-03,0,45,11,0.0,0.0,1.0,0.25,0.0,0.0
6,14,2025-11-10,0,46,11,0.0,0.0,0.0,0.0,1.0,0.0
6,14,2025-11-17,0,47,11,0.0,0.0,0.0,0.0,1.0,0.0
6,14,2025-11-24,0,48,11,0.0,0.0,0.0,0.0,1.0,0.0
6,14,2025-12-01,0,49,12,0.0,0.0,0.0,0.0,1.0,2.0
6,14,2025-12-08,2,50,12,0.0,0.0,0.0,0.0,1.0,0.0
6,14,2025-12-15,0,51,12,2.0,0.0,0.0,0.5,0.0,0.0
6,14,2025-12-22,0,52,12,0.0,2.0,0.0,0.5,0.0,0.0
6,14,2025-12-29,0,1,12,0.0,0.0,0.0,0.5,0.0,0.0
6,14,2026-01-05,0,2,1,0.0,0.0,2.0,0.5,0.0,0.0
6,14,2026-01-12,0,3,1,0.0,0.0,0.0,0.0,1.0,1.0
6,14,2026-01-19,1,4,1,0.0,0.0,0.0,0.0,1.0,0.0
6,14,2026-01-26,0,5,1,1.0,0.0,0.0,0.25,0.0,0.0
6,14,2026-02-02,0,6,2,0.0,1.0,0.0,0.25,0.0,1.0
6,14,2026-02-09,1,7,2,0.0,0.0,0.0,0.25,4.0,0.0
6,14,2026-02-16,0,8,2,1.0,0.0,1.0,0.5,0.0,0.0
6,14,2026-02-23,0,9,2,0.0,1.0,0.0,0.25,0.0,1.0
6,14,2026-03-02,1,10,3,0.0,0.0,0.0,0.25,4.0,2.0
6,14,2026-03-09,2,11,3,1.0,0.0,1.0,0.5,4.0,0.0
6,14,2026-03-16,0,12,3,2.0,1.0,0.0,0.75,0.0,0.0
6,14,2026-03-23,0,13,3,0.0,2.0,0.0,0.75,0.0,0.0
6,14,2026-03-30,0,14,3,0.0,0.0,1.0,0.75,0.0,0.0
6,14,2026-04-06,0,15,4,0.0,0.0,2.0,0.5,0.0,1.0
6,14,2026-04-13,1,16,4,0.0,0.0,0.0,0.0,1.0,0.0
6,14,2026-04-20,0,17,4,1.0,0.0,0.0,0.25,0.0,0.0
6,14,2026-04-27,0,18,4,0.0,1.0,0.0,0.25,0.0,0.0
6,14,2026-05-04,0,19,5,0.0,0.0,0.0,0.25,0.0,1.0
6,14,2026-05-11,1,20,5,0.0,0.0,1.0,0.25,4.0,0.0
6,14,2026-05-18,0,21,5,1.0,0.0,0.0,0.25,0.0,1.0
6,14,2026-05-25,1,22,5,0.0,1.0,0.0,0.25,4.0,3.0
6,14,2026-06-01,3,23,6,1.0,0.0,0.0,0.5,6.0,1.0
6,14,2026-06-08,1,24,6,3.0,1.0,1.0,1.25,0.8,1.0
6,14,2026-06-15,1,25,6,1.0,3.0,0.0,1.25,0.8,0.0
6,14,2026-06-22,0,26,6,1.0,1.0,1.0,1.5,0.0,0.0
7,1,2024-01-29,0,5,1,0.0,0.0,0.0,0.5,0.0,0.0
7,1,2024-02-05,0,6,2,0.0,0.0,2.0,0.5,0.0,0.0
7,1,2024-02-12,0,7,2,0.0,0.0,0.0,0.0,1.0,0.0
7,1,2024-02-19,0,8,2,0.0,0.0,0.0,0.0,1.0,1.0
7,1,2024-02-26,1,9,2,0.0,0.0,0.0,0.0,1.0,0.0
7,1,2024-03-04,0,10,3,1.0,0.0,0.0,0.25,0.0,0.0
7,1,2024-03-11,0,11,3,0.0,1.0,0.0,0.25,0.0,0.0
7,1,2024-03-18,0,12,3,0.0,0.0,0.0,0.25,0.0,1.0
7,1,2024-03-25,1,13,3,0.0,0.0,1.0,0.25,4.0,0.0
7,1,2024-04-01,0,14,4,1.0,0.0,0.0,0.25,0.0,0.0
7,1,2024-04-08,0,15,4,0.0,1.0,0.0,0.25,0.0,0.0
7,1,2024-04-15,0,16,4,0.0,0.0,0.0,0.25,0.0,0.0
7,1,2024-04-22,0,17,4,0.0,0.0,1.0,0.25,0.0,0.0
7,1,2024-04-29,0,18,4,0.0,0.0,0.0,0.0,1.0,0.0
7,1,2024-05-06,0,19,5,0.0,0.0,0.0,0.0,1.0,1.0
7,1,2024-05-13,1,20,5,0.0,0.0,0.0,0.0,1.0,0.0
7,1,2024-05-20,0,21,5,1.0,0.0,0.0,0.25,0.0,1.0
7,1,2024-05-27,1,22,5,0.0,1.0,0.0,0.25,4.0,1.0
7,1,2024-06-03,1,23,6,1.0,0.0,0.0,0.5,2.0,0.0
7,1,2024-06-10,0,24,6,1.0,1.0,1.0,0.75,0.0,0.0
7,1,2024-06-17,0,25,6,0.0,1.0,0.0,0.5,0.0,1.0
7,1,2024-06-24,1,26,6,0.0,0.0,1.0,0.5,2.0,0.0
7,1,2024-07-01,0,27,7,1.0,0.0,1.0,0.5,0.0,0.0
7,1,2024-07-08,0,28,7,0.0,1.0,0.0,0.25,0.0,1.0
7,1,2024-07-15,1,29,7,0.0,0.0,0.0,0.25,4.0,0.0
7,1,2024-07-22,0,30,7,1.0,0.0,1.0,0.5,0.0,0.0
7,1,2024-07-29,0,31,7,0.0,1.0,0.0,0.25,0.0,1.0
7,1,2024-08-05,1,32,8,0.0,0.0,0.0,0.25,4.0,1.0
7,1,2024-08-12,1,33,8,1.0,0.0,1.0,0.5,2.0,1.0
7,1,2024-08-19,1,34,8,1.0,1.0,0.0,0.5,2.0,1.0
7,1,2024-08-26,1,35,8,1.0,1.0,0.0,0.75,1.3333333333333333,0.0
7,1,2024-09-02,0,36,9,1.0,1.0,1.0,1.0,0.0,0.0
7,1,2024-09-09,0,37,9,0.0,1.0,1.0,0.75,0.0,0.0
7,1,2024-09-16,0,38,9,0.0,0.0,1.0,0.5,0.0,0.0
7,1,2024-09-23,0,39,9,0.0,0.0,1.0,0.25,0.0,1.0
7,1,2024-09-30,1,40,9,0.0,0.0,0.0,0.0,1.0,1.0
7,1,2024-10-07,1,41,10,1.0,0.0,0.0,0.25,4.0,0.0
7,1,2024-10-14,0,42,10,1.0,1.0,0.0,0.5,0.0,0.0
7,1,2024-10-21,0,43,10,0.0,1.0,0.0,0.5,0.0,2.0
7,1,2024-10-28,2,44,10,0.0,0.0,1.0,0.5,4.0,1.0
7,1,2024-11-04,1,45,11,2.0,0.0,1.0,0.75,1.3333333333333333,3.0
7,1,2024-11-11,3,46,11,1.0,2.0,0.0,0.75,4.0,0.0
7,1,2024-11-18,0,47,11,3.0,1.0,0.0,1.5,0.0,0.0
7,1,2024-11-25,0,48,11,0.0,3.0,2.0,1.5,0.0,0.0
7,1,2024-12-02,0,49,12,0.0,0.0,1.0,1.0,0.0,0.0
7,1,2024-12-09,0,50,12,0.0,0.0,3.0,0.75,0.0,0.0
7,1,2024-12-16,0,51,12,0.0,0.0,0.0,0.0,1.0,0.0
7,1,2024-12-23,0,52,12,0.0,0.0,0.0,0.0,1.0,1.0
7,1,2024-12-30,1,1,12,0.0,0.0,0.0,0.0,1.0,0.0
7,1,2025-01-06,0,2,1,1.0,0.0,0.0,0.25,0.0,0.0
7,1,2025-01-13,0,3,1,0.0,1.0,0.0,0.25,0.0,0.0
7,1,2025-01-20,0,4,1,0.0,0.0,0.0,0.25,0.0,0.0
7,1,2025-01-27,0,5,1,0.0,0.0,1.0,0.25,0.0,0.0
7,1,2025-02-03,0,6,2,0.0,0.0,0.0,0.0,1.0,0.0
7,1,2025-02-10,0,7,2,0.0,0.0,0.0,0.0,1.0,1.0
7,1,2025-02-17,1,8,2,0.0,0.0,0.0,0.0,1.0,0.0
7,1,2025-02-24,0,9,2,1.0,0.0,0.0,0.25,0.0,1.0
7,1,2025-03-03,1,10,3,0.0,1.0,0.0,0.25,4.0,1.0
7,1,2025-03-10,1,11,3,1.0,0.0,0.0,0.5,2.0,2.0
7,1,2025-03-17,2,12,3,1.0,1.0,1.0,0.75,2.6666666666666665,1.0
7,1,2025-03-24,1,13,3,2.0,1.0,0.0,1.0,1.0,1.0
7,1,2025-03-31,1,14,3,1.0,2.0,1.0,1.25,0.8,0.0
7,1,2025-04-07,0,15,4,1.0,1.0,1.0,1.25,0.0,1.0
7,1,2025-04-14,1,16,4,0.0,1.0,2.0,1.0,1.0,0.0
7,1,2025-04-21,0,17,4,1.0,0.0,1.0,0.75,0.0,0.0
7,1,2025-04-28,0,18,4,0.0,1.0,1.0,0.5,0.0,0.0
7,1,2025-05-05,0,19,5,0.0,0.0,0.0,0.25,0.0,1.0
7,1,2025-05-12,1,20,5,0.0,0.0,1.0,0.25,4.0,0.0
7,1,2025-05-19,0,21,5,1.0,0.0,0.0,0.25,0.0,0.0
7,1,2025-05-26,0,22,5,0.0,1.0,0.0,0.25,0.0,2.0
7,1,2025-06-02,2,23,6,0.0,0.0,0.0,0.25,8.0,0.0
7,1,2025-06-09,0,24,6,2.0,0.0,1.0,0.75,0.0,2.0
7,1,2025-06-16,2,25,6,0.0,2.0,0.0,0.5,4.0,0.0
7,1,2025-06-23,0,26,6,2.0,0.0,0.0,1.0,0.0,1.0
7,1,2025-06-30,1,27,6,0.0,2.0,2.0,1.0,1.0,0.0
7,1,2025-07-07,0,28,7,1.0,0.0,0.0,0.75,0.0,0.0
7,1,2025-07-14,0,29,7,0.0,1.0,2.0,0.75,0.0,0.0
7,1,2025-07-21,0,30,7,0.0,0.0,0.0,0.25,0.0,0.0
7,1,2025-07-28,0,31,7,0.0,0.0,1.0,0.25,0.0,0.0
7,1,2025-08-04,0,32,8,0.0,0.0,0.0,0.0,1.0,0.0
7,1,2025-08-11,0,33,8,0.0,0.0,0.0,0.0,1.0,0.0
7,1,2025-08-18,0,34,8,0.0,0.0,0.0,0.0,1.0,0.0
7,1,2025-08-25,0,35,8,0.0,0.0,0.0,0.0,1.0,0.0
7,1,2025-09-01,0,36,9,0.0,0.0,0.0,0.0,1.0,0.0
7,1,2025-09-08,0,37,9,0.0,0.0,0.0,0.0,1.0,1.0
7,1,2025-09-15,1,38,9,0.0,0.0,0.0,0.0,1.0,0.0
7,1,2025-09-22,0,39,9,1.0,0.0,0.0,0.25,0.0,0.0
7,1,2025-09-29,0,40,9,0.0,1.0,0.0,0.25,0.0,0.0
7,1,2025-10-06,0,41,10,0.0,0.0,0.0,0.25,0.0,1.0
7,1,2025-10-13,1,42,10,0.0,0.0,1.0,0.25,4.0,0.0
7,1,2025-10-20,0,43,10,1.0,0.0,0.0,0.25,0.0,2.0
7,1,2025-10-27,2,44,10,0.0,1.0,0.0,0.25,8.0,0.0
7,1,2025-11-03,0,45,11,2.0,0.0,0.0,0.75,0.0,0.0
7,1,2025-11-10,0,46,11,0.0,2.0,1.0,0.75,0.0,0.0
7,1,2025-11-17,0,47,11,0.0,0.0,0.0,0.5,0.0,0.0
7,1,2025-11-24,0,48,11,0.0,0.0,2.0,0.5,0.0,0.0
7,1,2025-12-01,0,49,12,0.0,0.0,0.0,0.0,1.0,0.0
7,1,2025-12-08,0,50,12,0.0,0.0,0.0,0.0,1.0,0.0
7,1,2025-12-15,0,51,12,0.0,0.0,0.0,0.0,1.0,2.0
7,1,2025-12-22,2,52,12,0.0,0.0,0.0,0.0,1.0,1.0
7,1,2025-12-29,1,1,12,2.0,0.0,0.0,0.5,2.0,0.0
7,1,2026-01-05,0,2,1,1.0,2.0,0.0,0.75,0.0,1.0
7,1,2026-01-12,1,3,1,0.0,1.0,0.0,0.75,1.3333333333333333,0.0
7,1,2026-01-19,0,4,1,1.0,0.0,2.0,1.0,0.0,2.0
7,1,2026-01-26,2,5,1,0.0,1.0,1.0,0.5,4.0,1.0
7,1,2026-02-02,1,6,2,2.0,0.0,0.0,0.75,1.3333333333333333,1.0
7,1,2026-02-09,1,7,2,1.0,2.0,1.0,1.0,1.0,0.0
7,1,2026-02-16,0,8,2,1.0,1.0,0.0,1.0,0.0,0.0
7,1,2026-02-23,0,9,2,0.0,1.0,2.0,1.0,0.0,1.0
7,1,2026-03-02,1,10,3,0.0,0.0,1.0,0.5,2.0,0.0
7,1,2026-03-09,0,11,3,1.0,0.0,1.0,0.5,0.0,0.0
7,1,2026-03-16,0,12,3,0.0,1.0,0.0,0.25,0.0,0.0
7,1,2026-03-23,0,13,3,0.0,0.0,0.0,0.25,0.0,1.0
7,1,2026-03-30,1,14,3,0.0,0.0,1.0,0.25,4.0,0.0
7,1,2026-04-06,0,15,4,1.0,0.0,0.0,0.25,0.0,0.0
7,1,2026-04-13,0,16,4,0.0,1.0,0.0,0.25,0.0,1.0
7,1,2026-04-20,1,17,4,0.0,0.0,0.0,0.25,4.0,0.0
7,1,2026-04-27,0,18,4,1.0,0.0,1.0,0.5,0.0,0.0
7,1,2026-05-04,0,19,5,0.0,1.0,0.0,0.25,0.0,0.0
7,1,2026-05-11,0,20,5,0.0,0.0,0.0,0.25,0.0,0.0
7,1,2026-05-18,0,21,5,0.0,0.0,1.0,0.25,0.0,0.0
7,1,2026-05-25,0,22,5,0.0,0.0,0.0,0.0,1.0,0.0
7,1,2026-06-01,0,23,6,0.0,0.0,0.0,0.0,1.0,0.0
7,1,2026-06-08,0,24,6,0.0,0.0,0.0,0.0,1.0,1.0
7,1,2026-06-15,1,25,6,0.0,0.0,0.0,0.0,1.0,0.0
7,1,2026-06-22,0,26,6,1.0,0.0,0.0,0.25,0.0,0.0
7,2,2024-01-29,1,5,1,2.0,2.0,0.0,1.25,0.8,0.0
7,2,2024-02-05,0,6,2,1.0,2.0,1.0,1.5,0.0,0.0
7,2,2024-02-12,0,7,2,0.0,1.0,2.0,1.25,0.0,0.0
7,2,2024-02-19,0,8,2,0.0,0.0,2.0,0.75,0.0,0.0
7,2,2024-02-26,0,9,2,0.0,0.0,1.0,0.25,0.0,1.0
7,2,2024-03-04,1,10,3,0.0,0.0,0.0,0.0,1.0,1.0
7,2,2024-03-11,1,11,3,1.0,0.0,0.0,0.25,4.0,1.0
7,2,2024-03-18,1,12,3,1.0,1.0,0.0,0.5,2.0,1.0
7,2,2024-03-25,1,13,3,1.0,1.0,0.0,0.75,1.3333333333333333,1.0
7,2,2024-04-01,1,14,4,1.0,1.0,1.0,1.0,1.0,0.0
7,2,2024-04-08,0,15,4,1.0,1.0,1.0,1.0,0.0,1.0
7,2,2024-04-15,1,16,4,0.0,1.0,1.0,0.75,1.3333333333333333,0.0
7,2,2024-04-22,0,17,4,1.0,0.0,1.0,0.75,0.0,1.0
7,2,2024-04-29,1,18,4,0.0,1.0,1.0,0.5,2.0,0.0
7,2,2024-05-06,0,19,5,1.0,0.0,0.0,0.5,0.0,0.0
7,2,2024-05-13,0,20,5,0.0,1.0,1.0,0.5,0.0,0.0
7,2,2024-05-20,0,21,5,0.0,0.0,0.0,0.25,0.0,0.0
7,2,2024-05-27,0,22,5,0.0,0.0,1.0,0.25,0.0,1.0
7,2,2024-06-03,1,23,6,0.0,0.0,0.0,0.0,1.0,0.0
7,2,2024-06-10,0,24,6,1.0,0.0,0.0,0.25,0.0,0.0
7,2,2024-06-17,0,25,6,0.0,1.0,0.0,0.25,0.0,2.0
7,2,2024-06-24,2,26,6,0.0,0.0,0.0,0.25,8.0,0.0
7,2,2024-07-01,0,27,7,2.0,0.0,1.0,0.75,0.0,0.0
7,2,2024-07-08,0,28,7,0.0,2.0,0.0,0.5,0.0,1.0
7,2,2024-07-15,1,29,7,0.0,0.0,0.0,0.5,2.0,0.0
7,2,2024-07-22,0,30,7,1.0,0.0,2.0,0.75,0.0,0.0
7,2,2024-07-29,0,31,7,0.0,1.0,0.0,0.25,0.0,1.0
7,2,2024-08-05,1,32,8,0.0,0.0,0.0,0.25,4.0,0.0
7,2,2024-08-12,0,33,8,1.0,0.0,1.0,0.5,0.0,0.0
7,2,2024-08-19,0,34,8,0.0,1.0,0.0,0.25,0.0,0.0
7,2,2024-08-26,0,35,8,0.0,0.0,0.0,0.25,0.0,0.0
7,2,2024-09-02,0,36,9,0.0,0.0,1.0,0.25,0.0,1.0
7,2,2024-09-09,1,37,9,0.0,0.0,0.0,0.0,1.0,1.0
7,2,2024-09-16,1,38,9,1.0,0.0,0.0,0.25,4.0,0.0
7,2,2024-09-23,0,39,9,1.0,1.0,0.0,0.5,0.0,0.0
7,2,2024-09-30,0,40,9,0.0,1.0,0.0,0.5,0.0,0.0
7,2,2024-10-07,0,41,10,0.0,0.0,1.0,0.5,0.0,1.0
7,2,2024-10-14,1,42,10,0.0,0.0,1.0,0.25,4.0,0.0
7,2,2024-10-21,0,43,10,1.0,0.0,0.0,0.25,0.0,1.0
7,2,2024-10-28,1,44,10,0.0,1.0,0.0,0.25,4.0,1.0
7,2,2024-11-04,1,45,11,1.0,0.0,0.0,0.5,2.0,0.0
7,2,2024-11-11,0,46,11,1.0,1.0,1.0,0.75,0.0,0.0
7,2,2024-11-18,0,47,11,0.0,1.0,0.0,0.5,0.0,0.0
7,2,2024-11-25,0,48,11,0.0,0.0,1.0,0.5,0.0,1.0
7,2,2024-12-02,1,49,12,0.0,0.0,1.0,0.25,4.0,0.0
7,2,2024-12-09,0,50,12,1.0,0.0,0.0,0.25,0.0,4.0
7,2,2024-12-16,4,51,12,0.0,1.0,0.0,0.25,16.0,0.0
7,2,2024-12-23,0,52,12,4.0,0.0,0.0,1.25,0.0,1.0
7,2,2024-12-30,1,1,12,0.0,4.0,1.0,1.25,0.8,0.0
7,2,2025-01-06,0,2,1,1.0,0.0,0.0,1.25,0.0,1.0
7,2,2025-01-13,1,3,1,0.0,1.0,4.0,1.25,0.8,2.0
7,2,2025-01-20,2,4,1,1.0,0.0,0.0,0.5,4.0,2.0
7,2,2025-01-27,2,5,1,2.0,1.0,1.0,1.0,2.0,1.0
7,2,2025-02-03,1,6,2,2.0,2.0,0.0,1.25,0.8,0.0
7,2,2025-02-10,0,7,2,1.0,2.0,1.0,1.5,0.0,0.0
7,2,2025-02-17,0,8,2,0.0,1.0,2.0,1.25,0.0,0.0
7,2,2025-02-24,0,9,2,0.0,0.0,2.0,0.75,0.0,1.0
7,2,2025-03-03,1,10,3,0.0,0.0,1.0,0.25,4.0,0.0
7,2,2025-03-10,0,11,3,1.0,0.0,0.0,0.25,0.0,0.0
7,2,2025-03-17,0,12,3,0.0,1.0,0.0,0.25,0.0,1.0
7,2,2025-03-24,1,13,3,0.0,0.0,0.0,0.25,4.0,0.0
7,2,2025-03-31,0,14,3,1.0,0.0,1.0,0.5,0.0,2.0
7,2,2025-04-07,2,15,4,0.0,1.0,0.0,0.25,8.0,0.0
7,2,2025-04-14,0,16,4,2.0,0.0,0.0,0.75,0.0,0.0
7,2,2025-04-21,0,17,4,0.0,2.0,1.0,0.75,0.0,1.0
7,2,2025-04-28,1,18,4,0.0,0.0,0.0,0.5,2.0,1.0
7,2,2025-05-05,1,19,5,1.0,0.0,2.0,0.75,1.3333333333333333,1.0
7,2,2025-05-12,1,20,5,1.0,1.0,0.0,0.5,2.0,1.0
7,2,2025-05-19,1,21,5,1.0,1.0,0.0,0.75,1.3333333333333333,3.0
7,2,2025-05-26,3,22,5,1.0,1.0,1.0,1.0,3.0,1.0
7,2,2025-06-02,1,23,6,3.0,1.0,1.0,1.5,0.6666666666666666,0.0
7,2,2025-06-09,0,24,6,1.0,3.0,1.0,1.5,0.0,1.0
7,2,2025-06-16,1,25,6,0.0,1.0,1.0,1.25,0.8,0.0
7,2,2025-06-23,0,26,6,1.0,0.0,3.0,1.25,0.0,0.0
7,2,2025-06-30,0,27,6,0.0,1.0,1.0,0.5,0.0,0.0
7,2,2025-07-07,0,28,7,0.0,0.0,0.0,0.25,0.0,0.0
7,2,2025-07-14,0,29,7,0.0,0.0,1.0,0.25,0.0,0.0
7,2,2025-07-21,0,30,7,0.0,0.0,0.0,0.0,1.0,0.0
7,2,2025-07-28,0,31,7,0.0,0.0,0.0,0.0,1.0,1.0
7,2,2025-08-04,1,32,8,0.0,0.0,0.0,0.0,1.0,0.0
7,2,2025-08-11,0,33,8,1.0,0.0,0.0,0.25,0.0,0.0
7,2,2025-08-18,0,34,8,0.0,1.0,0.0,0.25,0.0,0.0
7,2,2025-08-25,0,35,8,0.0,0.0,0.0,0.25,0.0,1.0
7,2,2025-09-01,1,36,9,0.0,0.0,1.0,0.25,4.0,0.0
7,2,2025-09-08,0,37,9,1.0,0.0,0.0,0.25,0.0,1.0
7,2,2025-09-15,1,38,9,0.0,1.0,0.0,0.25,4.0,0.0
7,2,2025-09-22,0,39,9,1.0,0.0,0.0,0.5,0.0,0.0
7,2,2025-09-29,0,40,9,0.0,1.0,1.0,0.5,0.0,1.0
7,2,2025-10-06,1,41,10,0.0,0.0,0.0,0.25,4.0,0.0
7,2,2025-10-13,0,42,10,1.0,0.0,1.0,0.5,0.0,2.0
7,2,2025-10-20,2,43,10,0.0,1.0,0.0,0.25,8.0,0.0
7,2,2025-10-27,0,44,10,2.0,0.0,0.0,0.75,0.0,0.0
7,2,2025-11-03,0,45,11,0.0,2.0,1.0,0.75,0.0,1.0
7,2,2025-11-10,1,46,11,0.0,0.0,0.0,0.5,2.0,1.0
7,2,2025-11-17,1,47,11,1.0,0.0,2.0,0.75,1.3333333333333333,0.0
7,2,2025-11-24,0,48,11,1.0,1.0,0.0,0.5,0.0,0.0
7,2,2025-12-01,0,49,12,0.0,1.0,0.0,0.5,0.0,0.0
7,2,2025-12-08,0,50,12,0.0,0.0,1.0,0.5,0.0,2.0
7,2,2025-12-15,2,51,12,0.0,0.0,1.0,0.25,8.0,1.0
7,2,2025-12-22,1,52,12,2.0,0.0,0.0,0.5,2.0,0.0
7,2,2025-12-29,0,1,12,1.0,2.0,0.0,0.75,0.0,1.0
7,2,2026-01-05,1,2,1,0.0,1.0,0.0,0.75,1.3333333333333333,0.0
7,2,2026-01-12,0,3,1,1.0,0.0,2.0,1.0,0.0,1.0
7,2,2026-01-19,1,4,1,0.0,1.0,1.0,0.5,2.0,0.0
7,2,2026-01-26,0,5,1,1.0,0.0,0.0,0.5,0.0,0.0
7,2,2026-02-02,0,6,2,0.0,1.0,1.0,0.5,0.0,1.0
7,2,2026-02-09,1,7,2,0.0,0.0,0.0,0.25,4.0,0.0
7,2,2026-02-16,0,8,2,1.0,0.0,1.0,0.5,0.0,0.0
7,2,2026-02-23,0,9,2,0.0,1.0,0.0,0.25,0.0,0.0
7,2,2026-03-02,0,10,3,0.0,0.0,0.0,0.25,0.0,1.0
7,2,2026-03-09,1,11,3,0.0,0.0,1.0,0.25,4.0,1.0
7,2,2026-03-16,1,12,3,1.0,0.0,0.0,0.25,4.0,1.0
7,2,2026-03-23,1,13,3,1.0,1.0,0.0,0.5,2.0,1.0
7,2,2026-03-30,1,14,3,1.0,1.0,0.0,0.75,1.3333333333333333,0.0
7,2,2026-04-06,0,15,4,1.0,1.0,1.0,1.0,0.0,0.0
7,2,2026-04-13,0,16,4,0.0,1.0,1.0,0.75,0.0,0.0
7,2,2026-04-20,0,17,4,0.0,0.0,1.0,0.5,0.0,0.0
7,2,2026-04-27,0,18,4,0.0,0.0,1.0,0.25,0.0,0.0
7,2,2026-05-04,0,19,5,0.0,0.0,0.0,0.0,1.0,0.0
7,2,2026-05-11,0,20,5,0.0,0.0,0.0,0.0,1.0,0.0
7,2,2026-05-18,0,21,5,0.0,0.0,0.0,0.0,1.0,0.0
7,2,2026-05-25,0,22,5,0.0,0.0,0.0,0.0,1.0,0.0
7,2,2026-06-01,0,23,6,0.0,0.0,0.0,0.0,1.0,2.0
7,2,2026-06-08,2,24,6,0.0,0.0,0.0,0.0,1.0,1.0
7,2,2026-06-15,1,25,6,2.0,0.0,0.0,0.5,2.0,0.0
7,2,2026-06-22,0,26,6,1.0,2.0,0.0,0.75,0.0,0.0
7,3,2024-01-29,1,5,1,0.0,1.0,0.0,1.0,1.0,1.0
7,3,2024-02-05,1,6,2,1.0,0.0,3.0,1.25,0.8,2.0
7,3,2024-02-12,2,7,2,1.0,1.0,1.0,0.75,2.6666666666666665,0.0
7,3,2024-02-19,0,8,2,2.0,1.0,0.0,1.0,0.0,2.0
7,3,2024-02-26,2,9,2,0.0,2.0,1.0,1.0,2.0,1.0
7,3,2024-03-04,1,10,3,2.0,0.0,1.0,1.25,0.8,0.0
7,3,2024-03-11,0,11,3,1.0,2.0,2.0,1.25,0.0,2.0
7,3,2024-03-18,2,12,3,0.0,1.0,0.0,0.75,2.6666666666666665,1.0
7,3,2024-03-25,1,13,3,2.0,0.0,2.0,1.25,0.8,0.0
7,3,2024-04-01,0,14,4,1.0,2.0,1.0,1.0,0.0,0.0
7,3,2024-04-08,0,15,4,0.0,1.0,0.0,0.75,0.0,0.0
7,3,2024-04-15,0,16,4,0.0,0.0,2.0,0.75,0.0,0.0
7,3,2024-04-22,0,17,4,0.0,0.0,1.0,0.25,0.0,0.0
7,3,2024-04-29,0,18,4,0.0,0.0,0.0,0.0,1.0,1.0
7,3,2024-05-06,1,19,5,0.0,0.0,0.0,0.0,1.0,1.0
7,3,2024-05-13,1,20,5,1.0,0.0,0.0,0.25,4.0,0.0
7,3,2024-05-20,0,21,5,1.0,1.0,0.0,0.5,0.0,1.0
7,3,2024-05-27,1,22,5,0.0,1.0,0.0,0.5,2.0,1.0
7,3,2024-06-03,1,23,6,1.0,0.0,1.0,0.75,1.3333333333333333,0.0
7,3,2024-06-10,0,24,6,1.0,1.0,1.0,0.75,0.0,0.0
7,3,2024-06-17,0,25,6,0.0,1.0,0.0,0.5,0.0,0.0
7,3,2024-06-24,0,26,6,0.0,0.0,1.0,0.5,0.0,0.0
7,3,2024-07-01,0,27,7,0.0,0.0,1.0,0.25,0.0,0.0
7,3,2024-07-08,0,28,7,0.0,0.0,0.0,0.0,1.0,1.0
7,3,2024-07-15,1,29,7,0.0,0.0,0.0,0.0,1.0,0.0
7,3,2024-07-22,0,30,7,1.0,0.0,0.0,0.25,0.0,1.0
7,3,2024-07-29,1,31,7,0.0,1.0,0.0,0.25,4.0,1.0
7,3,2024-08-05,1,32,8,1.0,0.0,0.0,0.5,2.0,2.0
7,3,2024-08-12,2,33,8,1.0,1.0,1.0,0.75,2.6666666666666665,1.0
7,3,2024-08-19,1,34,8,2.0,1.0,0.0,1.0,1.0,0.0
7,3,2024-08-26,0,35,8,1.0,2.0,1.0,1.25,0.0,0.0
7,3,2024-09-02,0,36,9,0.0,1.0,1.0,1.0,0.0,0.0
7,3,2024-09-09,0,37,9,0.0,0.0,2.0,0.75,0.0,1.0
7,3,2024-09-16,1,38,9,0.0,0.0,1.0,0.25,4.0,0.0
7,3,2024-09-23,0,39,9,1.0,0.0,0.0,0.25,0.0,2.0
7,3,2024-09-30,2,40,9,0.0,1.0,0.0,0.25,8.0,0.0
7,3,2024-10-07,0,41,10,2.0,0.0,0.0,0.75,0.0,0.0
7,3,2024-10-14,0,42,10,0.0,2.0,1.0,0.75,0.0,1.0
7,3,2024-10-21,1,43,10,0.0,0.0,0.0,0.5,2.0,0.0
7,3,2024-10-28,0,44,10,1.0,0.0,2.0,0.75,0.0,1.0
7,3,2024-11-04,1,45,11,0.0,1.0,0.0,0.25,4.0,0.0
7,3,2024-11-11,0,46,11,1.0,0.0,0.0,0.5,0.0,0.0
7,3,2024-11-18,0,47,11,0.0,1.0,1.0,0.5,0.0,0.0
7,3,2024-11-25,0,48,11,0.0,0.0,0.0,0.25,0.0,1.0
7,3,2024-12-02,1,49,12,0.0,0.0,1.0,0.25,4.0,1.0
7,3,2024-12-09,1,50,12,1.0,0.0,0.0,0.25,4.0,0.0
7,3,2024-12-16,0,51,12,1.0,1.0,0.0,0.5,0.0,0.0
7,3,2024-12-23,0,52,12,0.0,1.0,0.0,0.5,0.0,0.0
7,3,2024-12-30,0,1,12,0.0,0.0,1.0,0.5,0.0,1.0
7,3,2025-01-06,1,2,1,0.0,0.0,1.0,0.25,4.0,0.0
7,3,2025-01-13,0,3,1,1.0,0.0,0.0,0.25,0.0,2.0
7,3,2025-01-20,2,4,1,0.0,1.0,0.0,0.25,8.0,0.0
7,3,2025-01-27,0,5,1,2.0,0.0,0.0,0.75,0.0,1.0
7,3,2025-02-03,1,6,2,0.0,2.0,1.0,0.75,1.3333333333333333,0.0
7,3,2025-02-10,0,7,2,1.0,0.0,0.0,0.75,0.0,0.0
7,3,2025-02-17,0,8,2,0.0,1.0,2.0,0.75,0.0,0.0
7,3,2025-02-24,0,9,2,0.0,0.0,0.0,0.25,0.0,2.0
7,3,2025-03-03,2,10,3,0.0,0.0,1.0,0.25,8.0,2.0
7,3,2025-03-10,2,11,3,2.0,0.0,0.0,0.5,4.0,0.0
7,3,2025-03-17,0,12,3,2.0,2.0,0.0,1.0,0.0,0.0
7,3,2025-03-24,0,13,3,0.0,2.0,0.0,1.0,0.0,0.0
7,3,2025-03-31,0,14,3,0.0,0.0,2.0,1.0,0.0,1.0
7,3,2025-04-07,1,15,4,0.0,0.0,2.0,0.5,2.0,0.0
7,3,2025-04-14,0,16,4,1.0,0.0,0.0,0.25,0.0,0.0
7,3,2025-04-21,0,17,4,0.0,1.0,0.0,0.25,0.0,0.0
7,3,2025-04-28,0,18,4,0.0,0.0,0.0,0.25,0.0,1.0
7,3,2025-05-05,1,19,5,0.0,0.0,1.0,0.25,4.0,0.0
7,3,2025-05-12,0,20,5,1.0,0.0,0.0,0.25,0.0,2.0
7,3,2025-05-19,2,21,5,0.0,1.0,0.0,0.25,8.0,0.0
7,3,2025-05-26,0,22,5,2.0,0.0,0.0,0.75,0.0,1.0
7,3,2025-06-02,1,23,6,0.0,2.0,1.0,0.75,1.3333333333333333,0.0
7,3,2025-06-09,0,24,6,1.0,0.0,0.0,0.75,0.0,0.0
7,3,2025-06-16,0,25,6,0.0,1.0,2.0,0.75,0.0,1.0
7,3,2025-06-23,1,26,6,0.0,0.0,0.0,0.25,4.0,1.0
7,3,2025-06-30,1,27,6,1.0,0.0,1.0,0.5,2.0,2.0
7,3,2025-07-07,2,28,7,1.0,1.0,0.0,0.5,4.0,0.0
7,3,2025-07-14,0,29,7,2.0,1.0,0.0,1.0,0.0,1.0
7,3,2025-07-21,1,30,7,0.0,2.0,1.0,1.0,1.0,1.0
7,3,2025-07-28,1,31,7,1.0,0.0,1.0,1.0,1.0,0.0
7,3,2025-08-04,0,32,8,1.0,1.0,2.0,1.0,0.0,2.0
7,3,2025-08-11,2,33,8,0.0,1.0,0.0,0.5,4.0,0.0
7,3,2025-08-18,0,34,8,2.0,0.0,1.0,1.0,0.0,1.0
7,3,2025-08-25,1,35,8,0.0,2.0,1.0,0.75,1.3333333333333333,0.0
7,3,2025-09-01,0,36,9,1.0,0.0,0.0,0.75,0.0,1.0
7,3,2025-09-08,1,37,9,0.0,1.0,2.0,0.75,1.3333333333333333,0.0
7,3,2025-09-15,0,38,9,1.0,0.0,0.0,0.5,0.0,1.0
7,3,2025-09-22,1,39,9,0.0,1.0,1.0,0.5,2.0,0.0
7,3,2025-09-29,0,40,9,1.0,0.0,0.0,0.5,0.0,0.0
7,3,2025-10-06,0,41,10,0.0,1.0,1.0,0.5,0.0,0.0
7,3,2025-10-13,0,42,10,0.0,0.0,0.0,0.25,0.0,0.0
7,3,2025-10-20,0,43,10,0.0,0.0,1.0,0.25,0.0,1.0
7,3,2025-10-27,1,44,10,0.0,0.0,0.0,0.0,1.0,1.0
7,3,2025-11-03,1,45,11,1.0,0.0,0.0,0.25,4.0,2.0
7,3,2025-11-10,2,46,11,1.0,1.0,0.0,0.5,4.0,0.0
7,3,2025-11-17,0,47,11,2.0,1.0,0.0,1.0,0.0,1.0
7,3,2025-11-24,1,48,11,0.0,2.0,1.0,1.0,1.0,1.0
7,3,2025-12-01,1,49,12,1.0,0.0,1.0,1.0,1.0,1.0
7,3,2025-12-08,1,50,12,1.0,1.0,2.0,1.0,1.0,1.0
7,3,2025-12-15,1,51,12,1.0,1.0,0.0,0.75,1.3333333333333333,0.0
7,3,2025-12-22,0,52,12,1.0,1.0,1.0,1.0,0.0,0.0
7,3,2025-12-29,0,1,12,0.0,1.0,1.0,0.75,0.0,1.0
7,3,2026-01-05,1,2,1,0.0,0.0,1.0,0.5,2.0,0.0
7,3,2026-01-12,0,3,1,1.0,0.0,1.0,0.5,0.0,0.0
7,3,2026-01-19,0,4,1,0.0,1.0,0.0,0.25,0.0,1.0
7,3,2026-01-26,1,5,1,0.0,0.0,0.0,0.25,4.0,0.0
7,3,2026-02-02,0,6,2,1.0,0.0,1.0,0.5,0.0,0.0
7,3,2026-02-09,0,7,2,0.0,1.0,0.0,0.25,0.0,0.0
7,3,2026-02-16,0,8,2,0.0,0.0,0.0,0.25,0.0,0.0
7,3,2026-02-23,0,9,2,0.0,0.0,1.0,0.25,0.0,0.0
7,3,2026-03-02,0,10,3,0.0,0.0,0.0,0.0,1.0,0.0
7,3,2026-03-09,0,11,3,0.0,0.0,0.0,0.0,1.0,0.0
7,3,2026-03-16,0,12,3,0.0,0.0,0.0,0.0,1.0,0.0
7,3,2026-03-23,0,13,3,0.0,0.0,0.0,0.0,1.0,0.0
7,3,2026-03-30,0,14,3,0.0,0.0,0.0,0.0,1.0,0.0
7,3,2026-04-06,0,15,4,0.0,0.0,0.0,0.0,1.0,0.0
7,3,2026-04-13,0,16,4,0.0,0.0,0.0,0.0,1.0,1.0
7,3,2026-04-20,1,17,4,0.0,0.0,0.0,0.0,1.0,0.0
7,3,2026-04-27,0,18,4,1.0,0.0,0.0,0.25,0.0,0.0
7,3,2026-05-04,0,19,5,0.0,1.0,0.0,0.25,0.0,0.0
7,3,2026-05-11,0,20,5,0.0,0.0,0.0,0.25,0.0,0.0
7,3,2026-05-18,0,21,5,0.0,0.0,1.0,0.25,0.0,0.0
7,3,2026-05-25,0,22,5,0.0,0.0,0.0,0.0,1.0,0.0
7,3,2026-06-01,0,23,6,0.0,0.0,0.0,0.0,1.0,0.0
7,3,2026-06-08,0,24,6,0.0,0.0,0.0,0.0,1.0,1.0
7,3,2026-06-15,1,25,6,0.0,0.0,0.0,0.0,1.0,1.0
7,3,2026-06-22,1,26,6,1.0,0.0,0.0,0.25,4.0,0.0
7,4,2024-01-29,1,5,1,0.0,1.0,0.0,0.25,4.0,1.0
7,4,2024-02-05,1,6,2,1.0,0.0,0.0,0.5,2.0,0.0
7,4,2024-02-12,0,7,2,1.0,1.0,1.0,0.75,0.0,1.0
7,4,2024-02-19,1,8,2,0.0,1.0,0.0,0.5,2.0,0.0
7,4,2024-02-26,0,9,2,1.0,0.0,1.0,0.75,0.0,0.0
7,4,2024-03-04,0,10,3,0.0,1.0,1.0,0.5,0.0,0.0
7,4,2024-03-11,0,11,3,0.0,0.0,0.0,0.25,0.0,0.0
7,4,2024-03-18,0,12,3,0.0,0.0,1.0,0.25,0.0,0.0
7,4,2024-03-25,0,13,3,0.0,0.0,0.0,0.0,1.0,0.0
7,4,2024-04-01,0,14,4,0.0,0.0,0.0,0.0,1.0,0.0
7,4,2024-04-08,0,15,4,0.0,0.0,0.0,0.0,1.0,1.0
7,4,2024-04-15,1,16,4,0.0,0.0,0.0,0.0,1.0,0.0
7,4,2024-04-22,0,17,4,1.0,0.0,0.0,0.25,0.0,2.0
7,4,2024-04-29,2,18,4,0.0,1.0,0.0,0.25,8.0,2.0
7,4,2024-05-06,2,19,5,2.0,0.0,0.0,0.75,2.6666666666666665,1.0
7,4,2024-05-13,1,20,5,2.0,2.0,1.0,1.25,0.8,0.0
7,4,2024-05-20,0,21,5,1.0,2.0,0.0,1.25,0.0,1.0
7,4,2024-05-27,1,22,5,0.0,1.0,2.0,1.25,0.8,0.0
7,4,2024-06-03,0,23,6,1.0,0.0,2.0,1.0,0.0,2.0
7,4,2024-06-10,2,24,6,0.0,1.0,1.0,0.5,4.0,0.0
7,4,2024-06-17,0,25,6,2.0,0.0,0.0,0.75,0.0,2.0
7,4,2024-06-24,2,26,6,0.0,2.0,1.0,0.75,2.6666666666666665,0.0
7,4,2024-07-01,0,27,7,2.0,0.0,0.0,1.0,0.0,0.0
7,4,2024-07-08,0,28,7,0.0,2.0,2.0,1.0,0.0,0.0
7,4,2024-07-15,0,29,7,0.0,0.0,0.0,0.5,0.0,0.0
7,4,2024-07-22,0,30,7,0.0,0.0,2.0,0.5,0.0,0.0
7,4,2024-07-29,0,31,7,0.0,0.0,0.0,0.0,1.0,0.0
7,4,2024-08-05,0,32,8,0.0,0.0,0.0,0.0,1.0,0.0
7,4,2024-08-12,0,33,8,0.0,0.0,0.0,0.0,1.0,2.0
7,4,2024-08-19,2,34,8,0.0,0.0,0.0,0.0,1.0,0.0
7,4,2024-08-26,0,35,8,2.0,0.0,0.0,0.5,0.0,0.0
7,4,2024-09-02,0,36,9,0.0,2.0,0.0,0.5,0.0,0.0
7,4,2024-09-09,0,37,9,0.0,0.0,0.0,0.5,0.0,0.0
7,4,2024-09-16,0,38,9,0.0,0.0,2.0,0.5,0.0,0.0
7,4,2024-09-23,0,39,9,0.0,0.0,0.0,0.0,1.0,0.0
7,4,2024-09-30,0,40,9,0.0,0.0,0.0,0.0,1.0,0.0
7,4,2024-10-07,0,41,10,0.0,0.0,0.0,0.0,1.0,0.0
7,4,2024-10-14,0,42,10,0.0,0.0,0.0,0.0,1.0,0.0
7,4,2024-10-21,0,43,10,0.0,0.0,0.0,0.0,1.0,0.0
7,4,2024-10-28,0,44,10,0.0,0.0,0.0,0.0,1.0,1.0
7,4,2024-11-04,1,45,11,0.0,0.0,0.0,0.0,1.0,0.0
7,4,2024-11-11,0,46,11,1.0,0.0,0.0,0.25,0.0,0.0
7,4,2024-11-18,0,47,11,0.0,1.0,0.0,0.25,0.0,0.0
7,4,2024-11-25,0,48,11,0.0,0.0,0.0,0.25,0.0,1.0
7,4,2024-12-02,1,49,12,0.0,0.0,1.0,0.25,4.0,1.0
7,4,2024-12-09,1,50,12,1.0,0.0,0.0,0.25,4.0,1.0
7,4,2024-12-16,1,51,12,1.0,1.0,0.0,0.5,2.0,1.0
7,4,2024-12-23,1,52,12,1.0,1.0,0.0,0.75,1.3333333333333333,1.0
7,4,2024-12-30,1,1,12,1.0,1.0,1.0,1.0,1.0,1.0
7,4,2025-01-06,1,2,1,1.0,1.0,1.0,1.0,1.0,0.0
7,4,2025-01-13,0,3,1,1.0,1.0,1.0,1.0,0.0,0.0
7,4,2025-01-20,0,4,1,0.0,1.0,1.0,0.75,0.0,0.0
7,4,2025-01-27,0,5,1,0.0,0.0,1.0,0.5,0.0,0.0
7,4,2025-02-03,0,6,2,0.0,0.0,1.0,0.25,0.0,0.0
7,4,2025-02-10,0,7,2,0.0,0.0,0.0,0.0,1.0,0.0
7,4,2025-02-17,0,8,2,0.0,0.0,0.0,0.0,1.0,0.0
7,4,2025-02-24,0,9,2,0.0,0.0,0.0,0.0,1.0,1.0
7,4,2025-03-03,1,10,3,0.0,0.0,0.0,0.0,1.0,0.0
7,4,2025-03-10,0,11,3,1.0,0.0,0.0,0.25,0.0,0.0
7,4,2025-03-17,0,12,3,0.0,1.0,0.0,0.25,0.0,0.0
7,4,2025-03-24,0,13,3,0.0,0.0,0.0,0.25,0.0,0.0
7,4,2025-03-31,0,14,3,0.0,0.0,1.0,0.25,0.0,0.0
7,4,2025-04-07,0,15,4,0.0,0.0,0.0,0.0,1.0,1.0
7,4,2025-04-14,1,16,4,0.0,0.0,0.0,0.0,1.0,0.0
7,4,2025-04-21,0,17,4,1.0,0.0,0.0,0.25,0.0,0.0
7,4,2025-04-28,0,18,4,0.0,1.0,0.0,0.25,0.0,0.0
7,4,2025-05-05,0,19,5,0.0,0.0,0.0,0.25,0.0,1.0
7,4,2025-05-12,1,20,5,0.0,0.0,1.0,0.25,4.0,0.0
7,4,2025-05-19,0,21,5,1.0,0.0,0.0,0.25,0.0,0.0
7,4,2025-05-26,0,22,5,0.0,1.0,0.0,0.25,0.0,1.0
7,4,2025-06-02,1,23,6,0.0,0.0,0.0,0.25,4.0,0.0
7,4,2025-06-09,0,24,6,1.0,0.0,1.0,0.5,0.0,1.0
7,4,2025-06-16,1,25,6,0.0,1.0,0.0,0.25,4.0,0.0
7,4,2025-06-23,0,26,6,1.0,0.0,0.0,0.5,0.0,0.0
7,4,2025-06-30,0,27,6,0.0,1.0,1.0,0.5,0.0,1.0
7,4,2025-07-07,1,28,7,0.0,0.0,0.0,0.25,4.0,1.0
7,4,2025-07-14,1,29,7,1.0,0.0,1.0,0.5,2.0,0.0
7,4,2025-07-21,0,30,7,1.0,1.0,0.0,0.5,0.0,0.0
7,4,2025-07-28,0,31,7,0.0,1.0,0.0,0.5,0.0,1.0
7,4,2025-08-04,1,32,8,0.0,0.0,1.0,0.5,2.0,1.0
7,4,2025-08-11,1,33,8,1.0,0.0,1.0,0.5,2.0,0.0
7,4,2025-08-18,0,34,8,1.0,1.0,0.0,0.5,0.0,1.0
7,4,2025-08-25,1,35,8,0.0,1.0,0.0,0.5,2.0,1.0
7,4,2025-09-01,1,36,9,1.0,0.0,1.0,0.75,1.3333333333333333,1.0
7,4,2025-09-08,1,37,9,1.0,1.0,1.0,0.75,1.3333333333333333,0.0
7,4,2025-09-15,0,38,9,1.0,1.0,0.0,0.75,0.0,0.0
7,4,2025-09-22,0,39,9,0.0,1.0,1.0,0.75,0.0,1.0
7,4,2025-09-29,1,40,9,0.0,0.0,1.0,0.5,2.0,0.0
7,4,2025-10-06,0,41,10,1.0,0.0,1.0,0.5,0.0,1.0
7,4,2025-10-13,1,42,10,0.0,1.0,0.0,0.25,4.0,0.0
7,4,2025-10-20,0,43,10,1.0,0.0,0.0,0.5,0.0,1.0
7,4,2025-10-27,1,44,10,0.0,1.0,1.0,0.5,2.0,0.0
7,4,2025-11-03,0,45,11,1.0,0.0,0.0,0.5,0.0,0.0
7,4,2025-11-10,0,46,11,0.0,1.0,1.0,0.5,0.0,0.0
7,4,2025-11-17,0,47,11,0.0,0.0,0.0,0.25,0.0,0.0
7,4,2025-11-24,0,48,11,0.0,0.0,1.0,0.25,0.0,0.0
7,4,2025-12-01,0,49,12,0.0,0.0,0.0,0.0,1.0,2.0
7,4,2025-12-08,2,50,12,0.0,0.0,0.0,0.0,1.0,1.0
7,4,2025-12-15,1,51,12,2.0,0.0,0.0,0.5,2.0,0.0
7,4,2025-12-22,0,52,12,1.0,2.0,0.0,0.75,0.0,1.0
7,4,2025-12-29,1,1,12,0.0,1.0,0.0,0.75,1.3333333333333333,0.0
7,4,2026-01-05,0,2,1,1.0,0.0,2.0,1.0,0.0,0.0
7,4,2026-01-12,0,3,1,0.0,1.0,1.0,0.5,0.0,0.0
7,4,2026-01-19,0,4,1,0.0,0.0,0.0,0.25,0.0,0.0
7,4,2026-01-26,0,5,1,0.0,0.0,1.0,0.25,0.0,0.0
7,4,2026-02-02,0,6,2,0.0,0.0,0.0,0.0,1.0,1.0
7,4,2026-02-09,1,7,2,0.0,0.0,0.0,0.0,1.0,0.0
7,4,2026-02-16,0,8,2,1.0,0.0,0.0,0.25,0.0,0.0
7,4,2026-02-23,0,9,2,0.0,1.0,0.0,0.25,0.0,1.0
7,4,2026-03-02,1,10,3,0.0,0.0,0.0,0.25,4.0,0.0
7,4,2026-03-09,0,11,3,1.0,0.0,1.0,0.5,0.0,1.0
7,4,2026-03-16,1,12,3,0.0,1.0,0.0,0.25,4.0,1.0
7,4,2026-03-23,1,13,3,1.0,0.0,0.0,0.5,2.0,0.0
7,4,2026-03-30,0,14,3,1.0,1.0,1.0,0.75,0.0,0.0
7,4,2026-04-06,0,15,4,0.0,1.0,0.0,0.5,0.0,0.0
7,4,2026-04-13,0,16,4,0.0,0.0,1.0,0.5,0.0,1.0
7,4,2026-04-20,1,17,4,0.0,0.0,1.0,0.25,4.0,0.0
7,4,2026-04-27,0,18,4,1.0,0.0,0.0,0.25,0.0,2.0
7,4,2026-05-04,2,19,5,0.0,1.0,0.0,0.25,8.0,0.0
7,4,2026-05-11,0,20,5,2.0,0.0,0.0,0.75,0.0,0.0
7,4,2026-05-18,0,21,5,0.0,2.0,1.0,0.75,0.0,1.0
7,4,2026-05-25,1,22,5,0.0,0.0,0.0,0.5,2.0,0.0
7,4,2026-06-01,0,23,6,1.0,0.0,2.0,0.75,0.0,0.0
7,4,2026-06-08,0,24,6,0.0,1.0,0.0,0.25,0.0,0.0
7,4,2026-06-15,0,25,6,0.0,0.0,0.0,0.25,0.0,2.0
7,4,2026-06-22,2,26,6,0.0,0.0,1.0,0.25,8.0,0.0
7,5,2024-01-29,0,5,1,0.0,1.0,0.0,0.25,0.0,0.0
7,5,2024-02-05,0,6,2,0.0,0.0,0.0,0.25,0.0,0.0
7,5,2024-02-12,0,7,2,0.0,0.0,1.0,0.25,0.0,2.0
7,5,2024-02-19,2,8,2,0.0,0.0,0.0,0.0,1.0,1.0
7,5,2024-02-26,1,9,2,2.0,0.0,0.0,0.5,2.0,0.0
7,5,2024-03-04,0,10,3,1.0,2.0,0.0,0.75,0.0,0.0
7,5,2024-03-11,0,11,3,0.0,1.0,0.0,0.75,0.0,2.0
7,5,2024-03-18,2,12,3,0.0,0.0,2.0,0.75,2.6666666666666665,1.0
7,5,2024-03-25,1,13,3,2.0,0.0,1.0,0.75,1.3333333333333333,1.0
7,5,2024-04-01,1,14,4,1.0,2.0,0.0,0.75,1.3333333333333333,0.0
7,5,2024-04-08,0,15,4,1.0,1.0,0.0,1.0,0.0,1.0
7,5,2024-04-15,1,16,4,0.0,1.0,2.0,1.0,1.0,0.0
7,5,2024-04-22,0,17,4,1.0,0.0,1.0,0.75,0.0,1.0
7,5,2024-04-29,1,18,4,0.0,1.0,1.0,0.5,2.0,1.0
7,5,2024-05-06,1,19,5,1.0,0.0,0.0,0.5,2.0,1.0
7,5,2024-05-13,1,20,5,1.0,1.0,1.0,0.75,1.3333333333333333,0.0
7,5,2024-05-20,0,21,5,1.0,1.0,0.0,0.75,0.0,1.0
7,5,2024-05-27,1,22,5,0.0,1.0,1.0,0.75,1.3333333333333333,1.0
7,5,2024-06-03,1,23,6,1.0,0.0,1.0,0.75,1.3333333333333333,0.0
7,5,2024-06-10,0,24,6,1.0,1.0,1.0,0.75,0.0,0.0
7,5,2024-06-17,0,25,6,0.0,1.0,0.0,0.5,0.0,0.0
7,5,2024-06-24,0,26,6,0.0,0.0,1.0,0.5,0.0,2.0
7,5,2024-07-01,2,27,7,0.0,0.0,1.0,0.25,8.0,0.0
7,5,2024-07-08,0,28,7,2.0,0.0,0.0,0.5,0.0,0.0
7,5,2024-07-15,0,29,7,0.0,2.0,0.0,0.5,0.0,0.0
7,5,2024-07-22,0,30,7,0.0,0.0,0.0,0.5,0.0,1.0
7,5,2024-07-29,1,31,7,0.0,0.0,2.0,0.5,2.0,1.0
7,5,2024-08-05,1,32,8,1.0,0.0,0.0,0.25,4.0,0.0
7,5,2024-08-12,0,33,8,1.0,1.0,0.0,0.5,0.0,1.0
7,5,2024-08-19,1,34,8,0.0,1.0,0.0,0.5,2.0,1.0
7,5,2024-08-26,1,35,8,1.0,0.0,1.0,0.75,1.3333333333333333,0.0
7,5,2024-09-02,0,36,9,1.0,1.0,1.0,0.75,0.0,2.0
7,5,2024-09-09,2,37,9,0.0,1.0,0.0,0.5,4.0,0.0
7,5,2024-09-16,0,38,9,2.0,0.0,1.0,1.0,0.0,1.0
7,5,2024-09-23,1,39,9,0.0,2.0,1.0,0.75,1.3333333333333333,0.0
7,5,2024-09-30,0,40,9,1.0,0.0,0.0,0.75,0.0,1.0
7,5,2024-10-07,1,41,10,0.0,1.0,2.0,0.75,1.3333333333333333,2.0
7,5,2024-10-14,2,42,10,1.0,0.0,0.0,0.5,4.0,1.0
7,5,2024-10-21,1,43,10,2.0,1.0,1.0,1.0,1.0,0.0
7,5,2024-10-28,0,44,10,1.0,2.0,0.0,1.0,0.0,0.0
7,5,2024-11-04,0,45,11,0.0,1.0,1.0,1.0,0.0,1.0
7,5,2024-11-11,1,46,11,0.0,0.0,2.0,0.75,1.3333333333333333,0.0
7,5,2024-11-18,0,47,11,1.0,0.0,1.0,0.5,0.0,0.0
7,5,2024-11-25,0,48,11,0.0,1.0,0.0,0.25,0.0,1.0
7,5,2024-12-02,1,49,12,0.0,0.0,0.0,0.25,4.0,1.0
7,5,2024-12-09,1,50,12,1.0,0.0,1.0,0.5,2.0,0.0
7,5,2024-12-16,0,51,12,1.0,1.0,0.0,0.5,0.0,1.0
7,5,2024-12-23,1,52,12,0.0,1.0,0.0,0.5,2.0,0.0
7,5,2024-12-30,0,1,12,1.0,0.0,1.0,0.75,0.0,0.0
7,5,2025-01-06,0,2,1,0.0,1.0,1.0,0.5,0.0,2.0
7,5,2025-01-13,2,3,1,0.0,0.0,0.0,0.25,8.0,1.0
7,5,2025-01-20,1,4,1,2.0,0.0,1.0,0.75,1.3333333333333333,0.0
7,5,2025-01-27,0,5,1,1.0,2.0,0.0,0.75,0.0,0.0
7,5,2025-02-03,0,6,2,0.0,1.0,0.0,0.75,0.0,1.0
7,5,2025-02-10,1,7,2,0.0,0.0,2.0,0.75,1.3333333333333333,1.0
7,5,2025-02-17,1,8,2,1.0,0.0,1.0,0.5,2.0,0.0
7,5,2025-02-24,0,9,2,1.0,1.0,0.0,0.5,0.0,0.0
7,5,2025-03-03,0,10,3,0.0,1.0,0.0,0.5,0.0,1.0
7,5,2025-03-10,1,11,3,0.0,0.0,1.0,0.5,2.0,1.0
7,5,2025-03-17,1,12,3,1.0,0.0,1.0,0.5,2.0,0.0
7,5,2025-03-24,0,13,3,1.0,1.0,0.0,0.5,0.0,0.0
7,5,2025-03-31,0,14,3,0.0,1.0,0.0,0.5,0.0,0.0
7,5,2025-04-07,0,15,4,0.0,0.0,1.0,0.5,0.0,0.0
7,5,2025-04-14,0,16,4,0.0,0.0,1.0,0.25,0.0,0.0
7,5,2025-04-21,0,17,4,0.0,0.0,0.0,0.0,1.0,0.0
7,5,2025-04-28,0,18,4,0.0,0.0,0.0,0.0,1.0,0.0
7,5,2025-05-05,0,19,5,0.0,0.0,0.0,0.0,1.0,0.0
7,5,2025-05-12,0,20,5,0.0,0.0,0.0,0.0,1.0,0.0
7,5,2025-05-19,0,21,5,0.0,0.0,0.0,0.0,1.0,0.0
7,5,2025-05-26,0,22,5,0.0,0.0,0.0,0.0,1.0,0.0
7,5,2025-06-02,0,23,6,0.0,0.0,0.0,0.0,1.0,0.0
7,5,2025-06-09,0,24,6,0.0,0.0,0.0,0.0,1.0,0.0
7,5,2025-06-16,0,25,6,0.0,0.0,0.0,0.0,1.0,1.0
7,5,2025-06-23,1,26,6,0.0,0.0,0.0,0.0,1.0,0.0
7,5,2025-06-30,0,27,6,1.0,0.0,0.0,0.25,0.0,0.0
7,5,2025-07-07,0,28,7,0.0,1.0,0.0,0.25,0.0,1.0
7,5,2025-07-14,1,29,7,0.0,0.0,0.0,0.25,4.0,0.0
7,5,2025-07-21,0,30,7,1.0,0.0,1.0,0.5,0.0,0.0
7,5,2025-07-28,0,31,7,0.0,1.0,0.0,0.25,0.0,0.0
7,5,2025-08-04,0,32,8,0.0,0.0,0.0,0.25,0.0,0.0
7,5,2025-08-11,0,33,8,0.0,0.0,1.0,0.25,0.0,0.0
7,5,2025-08-18,0,34,8,0.0,0.0,0.0,0.0,1.0,0.0
7,5,2025-08-25,0,35,8,0.0,0.0,0.0,0.0,1.0,0.0
7,5,2025-09-01,0,36,9,0.0,0.0,0.0,0.0,1.0,0.0
7,5,2025-09-08,0,37,9,0.0,0.0,0.0,0.0,1.0,0.0
7,5,2025-09-15,0,38,9,0.0,0.0,0.0,0.0,1.0,1.0
7,5,2025-09-22,1,39,9,0.0,0.0,0.0,0.0,1.0,0.0
7,5,2025-09-29,0,40,9,1.0,0.0,0.0,0.25,0.0,0.0
7,5,2025-10-06,0,41,10,0.0,1.0,0.0,0.25,0.0,0.0
7,5,2025-10-13,0,42,10,0.0,0.0,0.0,0.25,0.0,0.0
7,5,2025-10-20,0,43,10,0.0,0.0,1.0,0.25,0.0,2.0
7,5,2025-10-27,2,44,10,0.0,0.0,0.0,0.0,1.0,1.0
7,5,2025-11-03,1,45,11,2.0,0.0,0.0,0.5,2.0,0.0
7,5,2025-11-10,0,46,11,1.0,2.0,0.0,0.75,0.0,2.0
7,5,2025-11-17,2,47,11,0.0,1.0,0.0,0.75,2.6666666666666665,0.0
7,5,2025-11-24,0,48,11,2.0,0.0,2.0,1.25,0.0,0.0
7,5,2025-12-01,0,49,12,0.0,2.0,1.0,0.75,0.0,0.0
7,5,2025-12-08,0,50,12,0.0,0.0,0.0,0.5,0.0,1.0
7,5,2025-12-15,1,51,12,0.0,0.0,2.0,0.5,2.0,2.0
7,5,2025-12-22,2,52,12,1.0,0.0,0.0,0.25,8.0,0.0
7,5,2025-12-29,0,1,12,2.0,1.0,0.0,0.75,0.0,1.0
7,5,2026-01-05,1,2,1,0.0,2.0,0.0,0.75,1.3333333333333333,1.0
7,5,2026-01-12,1,3,1,1.0,0.0,1.0,1.0,1.0,0.0
7,5,2026-01-19,0,4,1,1.0,1.0,2.0,1.0,0.0,1.0
7,5,2026-01-26,1,5,1,0.0,1.0,0.0,0.5,2.0,1.0
7,5,2026-02-02,1,6,2,1.0,0.0,1.0,0.75,1.3333333333333333,0.0
7,5,2026-02-09,0,7,2,1.0,1.0,1.0,0.75,0.0,0.0
7,5,2026-02-16,0,8,2,0.0,1.0,0.0,0.5,0.0,0.0
7,5,2026-02-23,0,9,2,0.0,0.0,1.0,0.5,0.0,0.0
7,5,2026-03-02,0,10,3,0.0,0.0,1.0,0.25,0.0,1.0
7,5,2026-03-09,1,11,3,0.0,0.0,0.0,0.0,1.0,0.0
7,5,2026-03-16,0,12,3,1.0,0.0,0.0,0.25,0.0,0.0
7,5,2026-03-23,0,13,3,0.0,1.0,0.0,0.25,0.0,0.0
7,5,2026-03-30,0,14,3,0.0,0.0,0.0,0.25,0.0,0.0
7,5,2026-04-06,0,15,4,0.0,0.0,1.0,0.25,0.0,0.0
7,5,2026-04-13,0,16,4,0.0,0.0,0.0,0.0,1.0,0.0
7,5,2026-04-20,0,17,4,0.0,0.0,0.0,0.0,1.0,0.0
7,5,2026-04-27,0,18,4,0.0,0.0,0.0,0.0,1.0,0.0
7,5,2026-05-04,0,19,5,0.0,0.0,0.0,0.0,1.0,2.0
7,5,2026-05-11,2,20,5,0.0,0.0,0.0,0.0,1.0,0.0
7,5,2026-05-18,0,21,5,2.0,0.0,0.0,0.5,0.0,0.0
7,5,2026-05-25,0,22,5,0.0,2.0,0.0,0.5,0.0,2.0
7,5,2026-06-01,2,23,6,0.0,0.0,0.0,0.5,4.0,1.0
7,5,2026-06-08,1,24,6,2.0,0.0,2.0,1.0,1.0,0.0
7,5,2026-06-15,0,25,6,1.0,2.0,0.0,0.75,0.0,0.0
7,5,2026-06-22,0,26,6,0.0,1.0,0.0,0.75,0.0,0.0
7,6,2024-01-29,1,5,1,0.0,0.0,0.0,0.25,4.0,1.0
7,6,2024-02-05,1,6,2,1.0,0.0,1.0,0.5,2.0,0.0
7,6,2024-02-12,0,7,2,1.0,1.0,0.0,0.5,0.0,1.0
7,6,2024-02-19,1,8,2,0.0,1.0,0.0,0.5,2.0,0.0
7,6,2024-02-26,0,9,2,1.0,0.0,1.0,0.75,0.0,0.0
7,6,2024-03-04,0,10,3,0.0,1.0,1.0,0.5,0.0,0.0
7,6,2024-03-11,0,11,3,0.0,0.0,0.0,0.25,0.0,0.0
7,6,2024-03-18,0,12,3,0.0,0.0,1.0,0.25,0.0,0.0
7,6,2024-03-25,0,13,3,0.0,0.0,0.0,0.0,1.0,0.0
7,6,2024-04-01,0,14,4,0.0,0.0,0.0,0.0,1.0,0.0
7,6,2024-04-08,0,15,4,0.0,0.0,0.0,0.0,1.0,0.0
7,6,2024-04-15,0,16,4,0.0,0.0,0.0,0.0,1.0,0.0
7,6,2024-04-22,0,17,4,0.0,0.0,0.0,0.0,1.0,1.0
7,6,2024-04-29,1,18,4,0.0,0.0,0.0,0.0,1.0,2.0
7,6,2024-05-06,2,19,5,1.0,0.0,0.0,0.25,8.0,2.0
7,6,2024-05-13,2,20,5,2.0,1.0,0.0,0.75,2.6666666666666665,1.0
7,6,2024-05-20,1,21,5,2.0,2.0,0.0,1.25,0.8,1.0
7,6,2024-05-27,1,22,5,1.0,2.0,1.0,1.5,0.6666666666666666,1.0
7,6,2024-06-03,1,23,6,1.0,1.0,2.0,1.5,0.6666666666666666,0.0
7,6,2024-06-10,0,24,6,1.0,1.0,2.0,1.25,0.0,1.0
7,6,2024-06-17,1,25,6,0.0,1.0,1.0,0.75,1.3333333333333333,0.0
7,6,2024-06-24,0,26,6,1.0,0.0,1.0,0.75,0.0,2.0
7,6,2024-07-01,2,27,7,0.0,1.0,1.0,0.5,4.0,1.0
7,6,2024-07-08,1,28,7,2.0,0.0,0.0,0.75,1.3333333333333333,0.0
7,6,2024-07-15,0,29,7,1.0,2.0,1.0,1.0,0.0,1.0
7,6,2024-07-22,1,30,7,0.0,1.0,0.0,0.75,1.3333333333333333,0.0
7,6,2024-07-29,0,31,7,1.0,0.0,2.0,1.0,0.0,1.0
7,6,2024-08-05,1,32,8,0.0,1.0,1.0,0.5,2.0,0.0
7,6,2024-08-12,0,33,8,1.0,0.0,0.0,0.5,0.0,1.0
7,6,2024-08-19,1,34,8,0.0,1.0,1.0,0.5,2.0,1.0
7,6,2024-08-26,1,35,8,1.0,0.0,0.0,0.5,2.0,0.0
7,6,2024-09-02,0,36,9,1.0,1.0,1.0,0.75,0.0,0.0
7,6,2024-09-09,0,37,9,0.0,1.0,0.0,0.5,0.0,1.0
7,6,2024-09-16,1,38,9,0.0,0.0,1.0,0.5,2.0,0.0
7,6,2024-09-23,0,39,9,1.0,0.0,1.0,0.5,0.0,1.0
7,6,2024-09-30,1,40,9,0.0,1.0,0.0,0.25,4.0,1.0
7,6,2024-10-07,1,41,10,1.0,0.0,0.0,0.5,2.0,0.0
7,6,2024-10-14,0,42,10,1.0,1.0,1.0,0.75,0.0,1.0
7,6,2024-10-21,1,43,10,0.0,1.0,0.0,0.5,2.0,0.0
7,6,2024-10-28,0,44,10,1.0,0.0,1.0,0.75,0.0,2.0
7,6,2024-11-04,2,45,11,0.0,1.0,1.0,0.5,4.0,0.0
7,6,2024-11-11,0,46,11,2.0,0.0,0.0,0.75,0.0,1.0
7,6,2024-11-18,1,47,11,0.0,2.0,1.0,0.75,1.3333333333333333,1.0
7,6,2024-11-25,1,48,11,1.0,0.0,0.0,0.75,1.3333333333333333,0.0
7,6,2024-12-02,0,49,12,1.0,1.0,2.0,1.0,0.0,1.0
7,6,2024-12-09,1,50,12,0.0,1.0,0.0,0.5,2.0,0.0
7,6,2024-12-16,0,51,12,1.0,0.0,1.0,0.75,0.0,0.0
7,6,2024-12-23,0,52,12,0.0,1.0,1.0,0.5,0.0,0.0
7,6,2024-12-30,0,1,12,0.0,0.0,0.0,0.25,0.0,1.0
7,6,2025-01-06,1,2,1,0.0,0.0,1.0,0.25,4.0,0.0
7,6,2025-01-13,0,3,1,1.0,0.0,0.0,0.25,0.0,0.0
7,6,2025-01-20,0,4,1,0.0,1.0,0.0,0.25,0.0,0.0
7,6,2025-01-27,0,5,1,0.0,0.0,0.0,0.25,0.0,1.0
7,6,2025-02-03,1,6,2,0.0,0.0,1.0,0.25,4.0,0.0
7,6,2025-02-10,0,7,2,1.0,0.0,0.0,0.25,0.0,1.0
7,6,2025-02-17,1,8,2,0.0,1.0,0.0,0.25,4.0,0.0
7,6,2025-02-24,0,9,2,1.0,0.0,0.0,0.5,0.0,0.0
7,6,2025-03-03,0,10,3,0.0,1.0,1.0,0.5,0.0,0.0
7,6,2025-03-10,0,11,3,0.0,0.0,0.0,0.25,0.0,1.0
7,6,2025-03-17,1,12,3,0.0,0.0,1.0,0.25,4.0,0.0
7,6,2025-03-24,0,13,3,1.0,0.0,0.0,0.25,0.0,0.0
7,6,2025-03-31,0,14,3,0.0,1.0,0.0,0.25,0.0,0.0
7,6,2025-04-07,0,15,4,0.0,0.0,0.0,0.25,0.0,1.0
7,6,2025-04-14,1,16,4,0.0,0.0,1.0,0.25,4.0,0.0
7,6,2025-04-21,0,17,4,1.0,0.0,0.0,0.25,0.0,1.0
7,6,2025-04-28,1,18,4,0.0,1.0,0.0,0.25,4.0,0.0
7,6,2025-05-05,0,19,5,1.0,0.0,0.0,0.5,0.0,0.0
7,6,2025-05-12,0,20,5,0.0,1.0,1.0,0.5,0.0,0.0
7,6,2025-05-19,0,21,5,0.0,0.0,0.0,0.25,0.0,0.0
7,6,2025-05-26,0,22,5,0.0,0.0,1.0,0.25,0.0,1.0
7,6,2025-06-02,1,23,6,0.0,0.0,0.0,0.0,1.0,1.0
7,6,2025-06-09,1,24,6,1.0,0.0,0.0,0.25,4.0,0.0
7,6,2025-06-16,0,25,6,1.0,1.0,0.0,0.5,0.0,0.0
7,6,2025-06-23,0,26,6,0.0,1.0,0.0,0.5,0.0,0.0
7,6,2025-06-30,0,27,6,0.0,0.0,1.0,0.5,0.0,1.0
7,6,2025-07-07,1,28,7,0.0,0.0,1.0,0.25,4.0,0.0
7,6,2025-07-14,0,29,7,1.0,0.0,0.0,0.25,0.0,0.0
7,6,2025-07-21,0,30,7,0.0,1.0,0.0,0.25,0.0,0.0
7,6,2025-07-28,0,31,7,0.0,0.0,0.0,0.25,0.0,0.0
7,6,2025-08-04,0,32,8,0.0,0.0,1.0,0.25,0.0,0.0
7,6,2025-08-11,0,33,8,0.0,0.0,0.0,0.0,1.0,2.0
7,6,2025-08-18,2,34,8,0.0,0.0,0.0,0.0,1.0,1.0
7,6,2025-08-25,1,35,8,2.0,0.0,0.0,0.5,2.0,0.0
7,6,2025-09-01,0,36,9,1.0,2.0,0.0,0.75,0.0,2.0
7,6,2025-09-08,2,37,9,0.0,1.0,0.0,0.75,2.6666666666666665,0.0
7,6,2025-09-15,0,38,9,2.0,0.0,2.0,1.25,0.0,0.0
7,6,2025-09-22,0,39,9,0.0,2.0,1.0,0.75,0.0,0.0
7,6,2025-09-29,0,40,9,0.0,0.0,0.0,0.5,0.0,0.0
7,6,2025-10-06,0,41,10,0.0,0.0,2.0,0.5,0.0,1.0
7,6,2025-10-13,1,42,10,0.0,0.0,0.0,0.0,1.0,1.0
7,6,2025-10-20,1,43,10,1.0,0.0,0.0,0.25,4.0,2.0
7,6,2025-10-27,2,44,10,1.0,1.0,0.0,0.5,4.0,0.0
7,6,2025-11-03,0,45,11,2.0,1.0,0.0,1.0,0.0,1.0
7,6,2025-11-10,1,46,11,0.0,2.0,1.0,1.0,1.0,0.0
7,6,2025-11-17,0,47,11,1.0,0.0,1.0,1.0,0.0,0.0
7,6,2025-11-24,0,48,11,0.0,1.0,2.0,0.75,0.0,1.0
7,6,2025-12-01,1,49,12,0.0,0.0,0.0,0.25,4.0,0.0
7,6,2025-12-08,0,50,12,1.0,0.0,1.0,0.5,0.0,0.0
7,6,2025-12-15,0,51,12,0.0,1.0,0.0,0.25,0.0,1.0
7,6,2025-12-22,1,52,12,0.0,0.0,0.0,0.25,4.0,0.0
7,6,2025-12-29,0,1,12,1.0,0.0,1.0,0.5,0.0,0.0
7,6,2026-01-05,0,2,1,0.0,1.0,0.0,0.25,0.0,2.0
7,6,2026-01-12,2,3,1,0.0,0.0,0.0,0.25,8.0,0.0
7,6,2026-01-19,0,4,1,2.0,0.0,1.0,0.75,0.0,0.0
7,6,2026-01-26,0,5,1,0.0,2.0,0.0,0.5,0.0,0.0
7,6,2026-02-02,0,6,2,0.0,0.0,0.0,0.5,0.0,0.0
7,6,2026-02-09,0,7,2,0.0,0.0,2.0,0.5,0.0,0.0
7,6,2026-02-16,0,8,2,0.0,0.0,0.0,0.0,1.0,0.0
7,6,2026-02-23,0,9,2,0.0,0.0,0.0,0.0,1.0,1.0
7,6,2026-03-02,1,10,3,0.0,0.0,0.0,0.0,1.0,1.0
7,6,2026-03-09,1,11,3,1.0,0.0,0.0,0.25,4.0,0.0
7,6,2026-03-16,0,12,3,1.0,1.0,0.0,0.5,0.0,0.0
7,6,2026-03-23,0,13,3,0.0,1.0,0.0,0.5,0.0,1.0
7,6,2026-03-30,1,14,3,0.0,0.0,1.0,0.5,2.0,2.0
7,6,2026-04-06,2,15,4,1.0,0.0,1.0,0.5,4.0,1.0
7,6,2026-04-13,1,16,4,2.0,1.0,0.0,0.75,1.3333333333333333,0.0
7,6,2026-04-20,0,17,4,1.0,2.0,0.0,1.0,0.0,1.0
7,6,2026-04-27,1,18,4,0.0,1.0,1.0,1.0,1.0,0.0
7,6,2026-05-04,0,19,5,1.0,0.0,2.0,1.0,0.0,0.0
7,6,2026-05-11,0,20,5,0.0,1.0,1.0,0.5,0.0,0.0
7,6,2026-05-18,0,21,5,0.0,0.0,0.0,0.25,0.0,0.0
7,6,2026-05-25,0,22,5,0.0,0.0,1.0,0.25,0.0,0.0
7,6,2026-06-01,0,23,6,0.0,0.0,0.0,0.0,1.0,0.0
7,6,2026-06-08,0,24,6,0.0,0.0,0.0,0.0,1.0,0.0
7,6,2026-06-15,0,25,6,0.0,0.0,0.0,0.0,1.0,1.0
7,6,2026-06-22,1,26,6,0.0,0.0,0.0,0.0,1.0,0.0
7,7,2024-01-29,0,5,1,0.0,1.0,0.0,0.25,0.0,0.0
7,7,2024-02-05,0,6,2,0.0,0.0,0.0,0.25,0.0,0.0
7,7,2024-02-12,0,7,2,0.0,0.0,1.0,0.25,0.0,1.0
7,7,2024-02-19,1,8,2,0.0,0.0,0.0,0.0,1.0,0.0
7,7,2024-02-26,0,9,2,1.0,0.0,0.0,0.25,0.0,1.0
7,7,2024-03-04,1,10,3,0.0,1.0,0.0,0.25,4.0,0.0
7,7,2024-03-11,0,11,3,1.0,0.0,0.0,0.5,0.0,0.0
7,7,2024-03-18,0,12,3,0.0,1.0,1.0,0.5,0.0,1.0
7,7,2024-03-25,1,13,3,0.0,0.0,0.0,0.25,4.0,0.0
7,7,2024-04-01,0,14,4,1.0,0.0,1.0,0.5,0.0,0.0
7,7,2024-04-08,0,15,4,0.0,1.0,0.0,0.25,0.0,0.0
7,7,2024-04-15,0,16,4,0.0,0.0,0.0,0.25,0.0,0.0
7,7,2024-04-22,0,17,4,0.0,0.0,1.0,0.25,0.0,0.0
7,7,2024-04-29,0,18,4,0.0,0.0,0.0,0.0,1.0,0.0
7,7,2024-05-06,0,19,5,0.0,0.0,0.0,0.0,1.0,2.0
7,7,2024-05-13,2,20,5,0.0,0.0,0.0,0.0,1.0,1.0
7,7,2024-05-20,1,21,5,2.0,0.0,0.0,0.5,2.0,0.0
7,7,2024-05-27,0,22,5,1.0,2.0,0.0,0.75,0.0,3.0
7,7,2024-06-03,3,23,6,0.0,1.0,0.0,0.75,4.0,1.0
7,7,2024-06-10,1,24,6,3.0,0.0,2.0,1.5,0.6666666666666666,1.0
7,7,2024-06-17,1,25,6,1.0,3.0,1.0,1.25,0.8,0.0
7,7,2024-06-24,0,26,6,1.0,1.0,0.0,1.25,0.0,1.0
7,7,2024-07-01,1,27,7,0.0,1.0,3.0,1.25,0.8,1.0
7,7,2024-07-08,1,28,7,1.0,0.0,1.0,0.75,1.3333333333333333,0.0
7,7,2024-07-15,0,29,7,1.0,1.0,1.0,0.75,0.0,1.0
7,7,2024-07-22,1,30,7,0.0,1.0,0.0,0.5,2.0,0.0
7,7,2024-07-29,0,31,7,1.0,0.0,1.0,0.75,0.0,0.0
7,7,2024-08-05,0,32,8,0.0,1.0,1.0,0.5,0.0,1.0
7,7,2024-08-12,1,33,8,0.0,0.0,0.0,0.25,4.0,1.0
7,7,2024-08-19,1,34,8,1.0,0.0,1.0,0.5,2.0,0.0
7,7,2024-08-26,0,35,8,1.0,1.0,0.0,0.5,0.0,1.0
7,7,2024-09-02,1,36,9,0.0,1.0,0.0,0.5,2.0,2.0
7,7,2024-09-09,2,37,9,1.0,0.0,1.0,0.75,2.6666666666666665,2.0
7,7,2024-09-16,2,38,9,2.0,1.0,1.0,1.0,2.0,0.0
7,7,2024-09-23,0,39,9,2.0,2.0,0.0,1.25,0.0,0.0
7,7,2024-09-30,0,40,9,0.0,2.0,1.0,1.25,0.0,0.0
7,7,2024-10-07,0,41,10,0.0,0.0,2.0,1.0,0.0,0.0
7,7,2024-10-14,0,42,10,0.0,0.0,2.0,0.5,0.0,1.0
7,7,2024-10-21,1,43,10,0.0,0.0,0.0,0.0,1.0,0.0
7,7,2024-10-28,0,44,10,1.0,0.0,0.0,0.25,0.0,0.0
7,7,2024-11-04,0,45,11,0.0,1.0,0.0,0.25,0.0,1.0
7,7,2024-11-11,1,46,11,0.0,0.0,0.0,0.25,4.0,0.0
7,7,2024-11-18,0,47,11,1.0,0.0,1.0,0.5,0.0,0.0
7,7,2024-11-25,0,48,11,0.0,1.0,0.0,0.25,0.0,0.0
7,7,2024-12-02,0,49,12,0.0,0.0,0.0,0.25,0.0,1.0
7,7,2024-12-09,1,50,12,0.0,0.0,1.0,0.25,4.0,0.0
7,7,2024-12-16,0,51,12,1.0,0.0,0.0,0.25,0.0,0.0
7,7,2024-12-23,0,52,12,0.0,1.0,0.0,0.25,0.0,0.0
7,7,2024-12-30,0,1,12,0.0,0.0,0.0,0.25,0.0,2.0
7,7,2025-01-06,2,2,1,0.0,0.0,1.0,0.25,8.0,0.0
7,7,2025-01-13,0,3,1,2.0,0.0,0.0,0.5,0.0,0.0
7,7,2025-01-20,0,4,1,0.0,2.0,0.0,0.5,0.0,0.0
7,7,2025-01-27,0,5,1,0.0,0.0,0.0,0.5,0.0,0.0
7,7,2025-02-03,0,6,2,0.0,0.0,2.0,0.5,0.0,1.0
7,7,2025-02-10,1,7,2,0.0,0.0,0.0,0.0,1.0,0.0
7,7,2025-02-17,0,8,2,1.0,0.0,0.0,0.25,0.0,0.0
7,7,2025-02-24,0,9,2,0.0,1.0,0.0,0.25,0.0,1.0
7,7,2025-03-03,1,10,3,0.0,0.0,0.0,0.25,4.0,0.0
7,7,2025-03-10,0,11,3,1.0,0.0,1.0,0.5,0.0,0.0
7,7,2025-03-17,0,12,3,0.0,1.0,0.0,0.25,0.0,0.0
7,7,2025-03-24,0,13,3,0.0,0.0,0.0,0.25,0.0,0.0
7,7,2025-03-31,0,14,3,0.0,0.0,1.0,0.25,0.0,1.0
7,7,2025-04-07,1,15,4,0.0,0.0,0.0,0.0,1.0,1.0
7,7,2025-04-14,1,16,4,1.0,0.0,0.0,0.25,4.0,0.0
7,7,2025-04-21,0,17,4,1.0,1.0,0.0,0.5,0.0,2.0
7,7,2025-04-28,2,18,4,0.0,1.0,0.0,0.5,4.0,0.0
7,7,2025-05-05,0,19,5,2.0,0.0,1.0,1.0,0.0,0.0
7,7,2025-05-12,0,20,5,0.0,2.0,1.0,0.75,0.0,0.0
7,7,2025-05-19,0,21,5,0.0,0.0,0.0,0.5,0.0,0.0
7,7,2025-05-26,0,22,5,0.0,0.0,2.0,0.5,0.0,1.0
7,7,2025-06-02,1,23,6,0.0,0.0,0.0,0.0,1.0,0.0
7,7,2025-06-09,0,24,6,1.0,0.0,0.0,0.25,0.0,2.0
7,7,2025-06-16,2,25,6,0.0,1.0,0.0,0.25,8.0,0.0
7,7,2025-06-23,0,26,6,2.0,0.0,0.0,0.75,0.0,1.0
7,7,2025-06-30,1,27,6,0.0,2.0,1.0,0.75,1.3333333333333333,1.0
7,7,2025-07-07,1,28,7,1.0,0.0,0.0,0.75,1.3333333333333333,1.0
7,7,2025-07-14,1,29,7,1.0,1.0,2.0,1.0,1.0,0.0
7,7,2025-07-21,0,30,7,1.0,1.0,0.0,0.75,0.0,0.0
7,7,2025-07-28,0,31,7,0.0,1.0,1.0,0.75,0.0,0.0
7,7,2025-08-04,0,32,8,0.0,0.0,1.0,0.5,0.0,0.0
7,7,2025-08-11,0,33,8,0.0,0.0,1.0,0.25,0.0,0.0
7,7,2025-08-18,0,34,8,0.0,0.0,0.0,0.0,1.0,0.0
7,7,2025-08-25,0,35,8,0.0,0.0,0.0,0.0,1.0,1.0
7,7,2025-09-01,1,36,9,0.0,0.0,0.0,0.0,1.0,0.0
7,7,2025-09-08,0,37,9,1.0,0.0,0.0,0.25,0.0,0.0
7,7,2025-09-15,0,38,9,0.0,1.0,0.0,0.25,0.0,3.0
7,7,2025-09-22,3,39,9,0.0,0.0,0.0,0.25,12.0,0.0
7,7,2025-09-29,0,40,9,3.0,0.0,1.0,1.0,0.0,1.0
7,7,2025-10-06,1,41,10,0.0,3.0,0.0,0.75,1.3333333333333333,0.0
7,7,2025-10-13,0,42,10,1.0,0.0,0.0,1.0,0.0,1.0
7,7,2025-10-20,1,43,10,0.0,1.0,3.0,1.0,1.0,0.0
7,7,2025-10-27,0,44,10,1.0,0.0,0.0,0.5,0.0,0.0
7,7,2025-11-03,0,45,11,0.0,1.0,1.0,0.5,0.0,0.0
7,7,2025-11-10,0,46,11,0.0,0.0,0.0,0.25,0.0,1.0
7,7,2025-11-17,1,47,11,0.0,0.0,1.0,0.25,4.0,0.0
7,7,2025-11-24,0,48,11,1.0,0.0,0.0,0.25,0.0,1.0
7,7,2025-12-01,1,49,12,0.0,1.0,0.0,0.25,4.0,0.0
7,7,2025-12-08,0,50,12,1.0,0.0,0.0,0.5,0.0,0.0
7,7,2025-12-15,0,51,12,0.0,1.0,1.0,0.5,0.0,0.0
7,7,2025-12-22,0,52,12,0.0,0.0,0.0,0.25,0.0,0.0
7,7,2025-12-29,0,1,12,0.0,0.0,1.0,0.25,0.0,0.0
7,7,2026-01-05,0,2,1,0.0,0.0,0.0,0.0,1.0,0.0
7,7,2026-01-12,0,3,1,0.0,0.0,0.0,0.0,1.0,3.0
7,7,2026-01-19,3,4,1,0.0,0.0,0.0,0.0,1.0,1.0
7,7,2026-01-26,1,5,1,3.0,0.0,0.0,0.75,1.3333333333333333,0.0
7,7,2026-02-02,0,6,2,1.0,3.0,0.0,1.0,0.0,1.0
7,7,2026-02-09,1,7,2,0.0,1.0,0.0,1.0,1.0,1.0
7,7,2026-02-16,1,8,2,1.0,0.0,3.0,1.25,0.8,0.0
7,7,2026-02-23,0,9,2,1.0,1.0,1.0,0.75,0.0,0.0
7,7,2026-03-02,0,10,3,0.0,1.0,0.0,0.5,0.0,1.0
7,7,2026-03-09,1,11,3,0.0,0.0,1.0,0.5,2.0,0.0
7,7,2026-03-16,0,12,3,1.0,0.0,1.0,0.5,0.0,0.0
7,7,2026-03-23,0,13,3,0.0,1.0,0.0,0.25,0.0,0.0
7,7,2026-03-30,0,14,3,0.0,0.0,0.0,0.25,0.0,1.0
7,7,2026-04-06,1,15,4,0.0,0.0,1.0,0.25,4.0,0.0
7,7,2026-04-13,0,16,4,1.0,0.0,0.0,0.25,0.0,0.0
7,7,2026-04-20,0,17,4,0.0,1.0,0.0,0.25,0.0,0.0
7,7,2026-04-27,0,18,4,0.0,0.0,0.0,0.25,0.0,1.0
7,7,2026-05-04,1,19,5,0.0,0.0,1.0,0.25,4.0,1.0
7,7,2026-05-11,1,20,5,1.0,0.0,0.0,0.25,4.0,0.0
7,7,2026-05-18,0,21,5,1.0,1.0,0.0,0.5,0.0,0.0
7,7,2026-05-25,0,22,5,0.0,1.0,0.0,0.5,0.0,0.0
7,7,2026-06-01,0,23,6,0.0,0.0,1.0,0.5,0.0,0.0
7,7,2026-06-08,0,24,6,0.0,0.0,1.0,0.25,0.0,0.0
7,7,2026-06-15,0,25,6,0.0,0.0,0.0,0.0,1.0,1.0
7,7,2026-06-22,1,26,6,0.0,0.0,0.0,0.0,1.0,0.0
7,8,2024-01-29,0,5,1,1.0,0.0,0.0,0.25,0.0,0.0
7,8,2024-02-05,0,6,2,0.0,1.0,0.0,0.25,0.0,0.0
7,8,2024-02-12,0,7,2,0.0,0.0,0.0,0.25,0.0,0.0
7,8,2024-02-19,0,8,2,0.0,0.0,1.0,0.25,0.0,0.0
7,8,2024-02-26,0,9,2,0.0,0.0,0.0,0.0,1.0,0.0
7,8,2024-03-04,0,10,3,0.0,0.0,0.0,0.0,1.0,1.0
7,8,2024-03-11,1,11,3,0.0,0.0,0.0,0.0,1.0,0.0
7,8,2024-03-18,0,12,3,1.0,0.0,0.0,0.25,0.0,0.0
7,8,2024-03-25,0,13,3,0.0,1.0,0.0,0.25,0.0,1.0
7,8,2024-04-01,1,14,4,0.0,0.0,0.0,0.25,4.0,1.0
7,8,2024-04-08,1,15,4,1.0,0.0,1.0,0.5,2.0,3.0
7,8,2024-04-15,3,16,4,1.0,1.0,0.0,0.5,6.0,0.0
7,8,2024-04-22,0,17,4,3.0,1.0,0.0,1.25,0.0,1.0
7,8,2024-04-29,1,18,4,0.0,3.0,1.0,1.25,0.8,0.0
7,8,2024-05-06,0,19,5,1.0,0.0,1.0,1.25,0.0,0.0
7,8,2024-05-13,0,20,5,0.0,1.0,3.0,1.0,0.0,0.0
7,8,2024-05-20,0,21,5,0.0,0.0,0.0,0.25,0.0,2.0
7,8,2024-05-27,2,22,5,0.0,0.0,1.0,0.25,8.0,0.0
7,8,2024-06-03,0,23,6,2.0,0.0,0.0,0.5,0.0,0.0
7,8,2024-06-10,0,24,6,0.0,2.0,0.0,0.5,0.0,0.0
7,8,2024-06-17,0,25,6,0.0,0.0,0.0,0.5,0.0,2.0
7,8,2024-06-24,2,26,6,0.0,0.0,2.0,0.5,4.0,0.0
7,8,2024-07-01,0,27,7,2.0,0.0,0.0,0.5,0.0,1.0
7,8,2024-07-08,1,28,7,0.0,2.0,0.0,0.5,2.0,0.0
7,8,2024-07-15,0,29,7,1.0,0.0,0.0,0.75,0.0,0.0
7,8,2024-07-22,0,30,7,0.0,1.0,2.0,0.75,0.0,1.0
7,8,2024-07-29,1,31,7,0.0,0.0,0.0,0.25,4.0,0.0
7,8,2024-08-05,0,32,8,1.0,0.0,1.0,0.5,0.0,0.0
7,8,2024-08-12,0,33,8,0.0,1.0,0.0,0.25,0.0,0.0
7,8,2024-08-19,0,34,8,0.0,0.0,0.0,0.25,0.0,0.0
7,8,2024-08-26,0,35,8,0.0,0.0,1.0,0.25,0.0,0.0
7,8,2024-09-02,0,36,9,0.0,0.0,0.0,0.0,1.0,2.0
7,8,2024-09-09,2,37,9,0.0,0.0,0.0,0.0,1.0,0.0
7,8,2024-09-16,0,38,9,2.0,0.0,0.0,0.5,0.0,3.0
7,8,2024-09-23,3,39,9,0.0,2.0,0.0,0.5,6.0,0.0
7,8,2024-09-30,0,40,9,3.0,0.0,0.0,1.25,0.0,0.0
7,8,2024-10-07,0,41,10,0.0,3.0,2.0,1.25,0.0,0.0
7,8,2024-10-14,0,42,10,0.0,0.0,0.0,0.75,0.0,0.0
7,8,2024-10-21,0,43,10,0.0,0.0,3.0,0.75,0.0,0.0
7,8,2024-10-28,0,44,10,0.0,0.0,0.0,0.0,1.0,0.0
7,8,2024-11-04,0,45,11,0.0,0.0,0.0,0.0,1.0,0.0
7,8,2024-11-11,0,46,11,0.0,0.0,0.0,0.0,1.0,0.0
7,8,2024-11-18,0,47,11,0.0,0.0,0.0,0.0,1.0,0.0
7,8,2024-11-25,0,48,11,0.0,0.0,0.0,0.0,1.0,0.0
7,8,2024-12-02,0,49,12,0.0,0.0,0.0,0.0,1.0,0.0
7,8,2024-12-09,0,50,12,0.0,0.0,0.0,0.0,1.0,0.0
7,8,2024-12-16,0,51,12,0.0,0.0,0.0,0.0,1.0,1.0
7,8,2024-12-23,1,52,12,0.0,0.0,0.0,0.0,1.0,2.0
7,8,2024-12-30,2,1,12,1.0,0.0,0.0,0.25,8.0,2.0
7,8,2025-01-06,2,2,1,2.0,1.0,0.0,0.75,2.6666666666666665,0.0
7,8,2025-01-13,0,3,1,2.0,2.0,0.0,1.25,0.0,0.0
7,8,2025-01-20,0,4,1,0.0,2.0,1.0,1.25,0.0,1.0
7,8,2025-01-27,1,5,1,0.0,0.0,2.0,1.0,1.0,0.0
7,8,2025-02-03,0,6,2,1.0,0.0,2.0,0.75,0.0,0.0
7,8,2025-02-10,0,7,2,0.0,1.0,0.0,0.25,0.0,2.0
7,8,2025-02-17,2,8,2,0.0,0.0,0.0,0.25,8.0,0.0
7,8,2025-02-24,0,9,2,2.0,0.0,1.0,0.75,0.0,0.0
7,8,2025-03-03,0,10,3,0.0,2.0,0.0,0.5,0.0,0.0
7,8,2025-03-10,0,11,3,0.0,0.0,0.0,0.5,0.0,1.0
7,8,2025-03-17,1,12,3,0.0,0.0,2.0,0.5,2.0,0.0
7,8,2025-03-24,0,13,3,1.0,0.0,0.0,0.25,0.0,0.0
7,8,2025-03-31,0,14,3,0.0,1.0,0.0,0.25,0.0,1.0
7,8,2025-04-07,1,15,4,0.0,0.0,0.0,0.25,4.0,0.0
7,8,2025-04-14,0,16,4,1.0,0.0,1.0,0.5,0.0,0.0
7,8,2025-04-21,0,17,4,0.0,1.0,0.0,0.25,0.0,0.0
7,8,2025-04-28,0,18,4,0.0,0.0,0.0,0.25,0.0,0.0
7,8,2025-05-05,0,19,5,0.0,0.0,1.0,0.25,0.0,0.0
7,8,2025-05-12,0,20,5,0.0,0.0,0.0,0.0,1.0,1.0
7,8,2025-05-19,1,21,5,0.0,0.0,0.0,0.0,1.0,1.0
7,8,2025-05-26,1,22,5,1.0,0.0,0.0,0.25,4.0,0.0
7,8,2025-06-02,0,23,6,1.0,1.0,0.0,0.5,0.0,0.0
7,8,2025-06-09,0,24,6,0.0,1.0,0.0,0.5,0.0,0.0
7,8,2025-06-16,0,25,6,0.0,0.0,1.0,0.5,0.0,1.0
7,8,2025-06-23,1,26,6,0.0,0.0,1.0,0.25,4.0,0.0
7,8,2025-06-30,0,27,6,1.0,0.0,0.0,0.25,0.0,0.0
7,8,2025-07-07,0,28,7,0.0,1.0,0.0,0.25,0.0,3.0
7,8,2025-07-14,3,29,7,0.0,0.0,0.0,0.25,12.0,0.0
7,8,2025-07-21,0,30,7,3.0,0.0,1.0,1.0,0.0,0.0
7,8,2025-07-28,0,31,7,0.0,3.0,0.0,0.75,0.0,1.0
7,8,2025-08-04,1,32,8,0.0,0.0,0.0,0.75,1.3333333333333333,0.0
7,8,2025-08-11,0,33,8,1.0,0.0,3.0,1.0,0.0,0.0
7,8,2025-08-18,0,34,8,0.0,1.0,0.0,0.25,0.0,0.0
7,8,2025-08-25,0,35,8,0.0,0.0,0.0,0.25,0.0,0.0
7,8,2025-09-01,0,36,9,0.0,0.0,1.0,0.25,0.0,0.0
7,8,2025-09-08,0,37,9,0.0,0.0,0.0,0.0,1.0,1.0
7,8,2025-09-15,1,38,9,0.0,0.0,0.0,0.0,1.0,1.0
7,8,2025-09-22,1,39,9,1.0,0.0,0.0,0.25,4.0,0.0
7,8,2025-09-29,0,40,9,1.0,1.0,0.0,0.5,0.0,1.0
7,8,2025-10-06,1,41,10,0.0,1.0,0.0,0.5,2.0,0.0
7,8,2025-10-13,0,42,10,1.0,0.0,1.0,0.75,0.0,1.0
7,8,2025-10-20,1,43,10,0.0,1.0,1.0,0.5,2.0,0.0
7,8,2025-10-27,0,44,10,1.0,0.0,0.0,0.5,0.0,0.0
7,8,2025-11-03,0,45,11,0.0,1.0,1.0,0.5,0.0,0.0
7,8,2025-11-10,0,46,11,0.0,0.0,0.0,0.25,0.0,0.0
7,8,2025-11-17,0,47,11,0.0,0.0,1.0,0.25,0.0,1.0
7,8,2025-11-24,1,48,11,0.0,0.0,0.0,0.0,1.0,3.0
7,8,2025-12-01,3,49,12,1.0,0.0,0.0,0.25,12.0,2.0
7,8,2025-12-08,2,50,12,3.0,1.0,0.0,1.0,2.0,1.0
7,8,2025-12-15,1,51,12,2.0,3.0,0.0,1.5,0.6666666666666666,1.0
7,8,2025-12-22,1,52,12,1.0,2.0,1.0,1.75,0.5714285714285714,0.0
7,8,2025-12-29,0,1,12,1.0,1.0,3.0,1.75,0.0,0.0
7,8,2026-01-05,0,2,1,0.0,1.0,2.0,1.0,0.0,1.0
7,8,2026-01-12,1,3,1,0.0,0.0,1.0,0.5,2.0,0.0
7,8,2026-01-19,0,4,1,1.0,0.0,1.0,0.5,0.0,1.0
7,8,2026-01-26,1,5,1,0.0,1.0,0.0,0.25,4.0,1.0
7,8,2026-02-02,1,6,2,1.0,0.0,0.0,0.5,2.0,0.0
7,8,2026-02-09,0,7,2,1.0,1.0,1.0,0.75,0.0,2.0
7,8,2026-02-16,2,8,2,0.0,1.0,0.0,0.5,4.0,0.0
7,8,2026-02-23,0,9,2,2.0,0.0,1.0,1.0,0.0,0.0
7,8,2026-03-02,0,10,3,0.0,2.0,1.0,0.75,0.0,3.0
7,8,2026-03-09,3,11,3,0.0,0.0,0.0,0.5,6.0,0.0
7,8,2026-03-16,0,12,3,3.0,0.0,2.0,1.25,0.0,2.0
7,8,2026-03-23,2,13,3,0.0,3.0,0.0,0.75,2.6666666666666665,0.0
7,8,2026-03-30,0,14,3,2.0,0.0,0.0,1.25,0.0,2.0
7,8,2026-04-06,2,15,4,0.0,2.0,3.0,1.25,1.6,2.0
7,8,2026-04-13,2,16,4,2.0,0.0,0.0,1.0,2.0,1.0
7,8,2026-04-20,1,17,4,2.0,2.0,2.0,1.5,0.6666666666666666,3.0
7,8,2026-04-27,3,18,4,1.0,2.0,0.0,1.25,2.4,0.0
7,8,2026-05-04,0,19,5,3.0,1.0,2.0,2.0,0.0,2.0
7,8,2026-05-11,2,20,5,0.0,3.0,2.0,1.5,1.3333333333333333,0.0
7,8,2026-05-18,0,21,5,2.0,0.0,1.0,1.5,0.0,0.0
7,8,2026-05-25,0,22,5,0.0,2.0,3.0,1.25,0.0,1.0
7,8,2026-06-01,1,23,6,0.0,0.0,0.0,0.5,2.0,1.0
7,8,2026-06-08,1,24,6,1.0,0.0,2.0,0.75,1.3333333333333333,0.0
7,8,2026-06-15,0,25,6,1.0,1.0,0.0,0.5,0.0,0.0
7,8,2026-06-22,0,26,6,0.0,1.0,0.0,0.5,0.0,1.0
7,9,2024-01-29,0,5,1,0.0,0.0,1.0,0.5,0.0,0.0
7,9,2024-02-05,0,6,2,0.0,0.0,1.0,0.25,0.0,0.0
7,9,2024-02-12,0,7,2,0.0,0.0,0.0,0.0,1.0,0.0
7,9,2024-02-19,0,8,2,0.0,0.0,0.0,0.0,1.0,0.0
7,9,2024-02-26,0,9,2,0.0,0.0,0.0,0.0,1.0,0.0
7,9,2024-03-04,0,10,3,0.0,0.0,0.0,0.0,1.0,0.0
7,9,2024-03-11,0,11,3,0.0,0.0,0.0,0.0,1.0,3.0
7,9,2024-03-18,3,12,3,0.0,0.0,0.0,0.0,1.0,1.0
7,9,2024-03-25,1,13,3,3.0,0.0,0.0,0.75,1.3333333333333333,1.0
7,9,2024-04-01,1,14,4,1.0,3.0,0.0,1.0,1.0,1.0
7,9,2024-04-08,1,15,4,1.0,1.0,0.0,1.25,0.8,0.0
7,9,2024-04-15,0,16,4,1.0,1.0,3.0,1.5,0.0,0.0
7,9,2024-04-22,0,17,4,0.0,1.0,1.0,0.75,0.0,1.0
7,9,2024-04-29,1,18,4,0.0,0.0,1.0,0.5,2.0,1.0
7,9,2024-05-06,1,19,5,1.0,0.0,1.0,0.5,2.0,0.0
7,9,2024-05-13,0,20,5,1.0,1.0,0.0,0.5,0.0,0.0
7,9,2024-05-20,0,21,5,0.0,1.0,0.0,0.5,0.0,0.0
7,9,2024-05-27,0,22,5,0.0,0.0,1.0,0.5,0.0,1.0
7,9,2024-06-03,1,23,6,0.0,0.0,1.0,0.25,4.0,1.0
7,9,2024-06-10,1,24,6,1.0,0.0,0.0,0.25,4.0,0.0
7,9,2024-06-17,0,25,6,1.0,1.0,0.0,0.5,0.0,0.0
7,9,2024-06-24,0,26,6,0.0,1.0,0.0,0.5,0.0,0.0
7,9,2024-07-01,0,27,7,0.0,0.0,1.0,0.5,0.0,0.0
7,9,2024-07-08,0,28,7,0.0,0.0,1.0,0.25,0.0,0.0
7,9,2024-07-15,0,29,7,0.0,0.0,0.0,0.0,1.0,1.0
7,9,2024-07-22,1,30,7,0.0,0.0,0.0,0.0,1.0,0.0
7,9,2024-07-29,0,31,7,1.0,0.0,0.0,0.25,0.0,0.0
7,9,2024-08-05,0,32,8,0.0,1.0,0.0,0.25,0.0,1.0
7,9,2024-08-12,1,33,8,0.0,0.0,0.0,0.25,4.0,1.0
7,9,2024-08-19,1,34,8,1.0,0.0,1.0,0.5,2.0,0.0
7,9,2024-08-26,0,35,8,1.0,1.0,0.0,0.5,0.0,0.0
7,9,2024-09-02,0,36,9,0.0,1.0,0.0,0.5,0.0,1.0
7,9,2024-09-09,1,37,9,0.0,0.0,1.0,0.5,2.0,1.0
7,9,2024-09-16,1,38,9,1.0,0.0,1.0,0.5,2.0,1.0
7,9,2024-09-23,1,39,9,1.0,1.0,0.0,0.5,2.0,1.0
7,9,2024-09-30,1,40,9,1.0,1.0,0.0,0.75,1.3333333333333333,0.0
7,9,2024-10-07,0,41,10,1.0,1.0,1.0,1.0,0.0,0.0
7,9,2024-10-14,0,42,10,0.0,1.0,1.0,0.75,0.0,0.0
7,9,2024-10-21,0,43,10,0.0,0.0,1.0,0.5,0.0,0.0
7,9,2024-10-28,0,44,10,0.0,0.0,1.0,0.25,0.0,0.0
7,9,2024-11-04,0,45,11,0.0,0.0,0.0,0.0,1.0,0.0
7,9,2024-11-11,0,46,11,0.0,0.0,0.0,0.0,1.0,1.0
7,9,2024-11-18,1,47,11,0.0,0.0,0.0,0.0,1.0,0.0
7,9,2024-11-25,0,48,11,1.0,0.0,0.0,0.25,0.0,2.0
7,9,2024-12-02,2,49,12,0.0,1.0,0.0,0.25,8.0,0.0
7,9,2024-12-09,0,50,12,2.0,0.0,0.0,0.75,0.0,0.0
7,9,2024-12-16,0,51,12,0.0,2.0,1.0,0.75,0.0,0.0
7,9,2024-12-23,0,52,12,0.0,0.0,0.0,0.5,0.0,0.0
7,9,2024-12-30,0,1,12,0.0,0.0,2.0,0.5,0.0,0.0
7,9,2025-01-06,0,2,1,0.0,0.0,0.0,0.0,1.0,1.0
7,9,2025-01-13,1,3,1,0.0,0.0,0.0,0.0,1.0,0.0
7,9,2025-01-20,0,4,1,1.0,0.0,0.0,0.25,0.0,1.0
7,9,2025-01-27,1,5,1,0.0,1.0,0.0,0.25,4.0,0.0
7,9,2025-02-03,0,6,2,1.0,0.0,0.0,0.5,0.0,0.0
7,9,2025-02-10,0,7,2,0.0,1.0,1.0,0.5,0.0,0.0
7,9,2025-02-17,0,8,2,0.0,0.0,0.0,0.25,0.0,0.0
7,9,2025-02-24,0,9,2,0.0,0.0,1.0,0.25,0.0,0.0
7,9,2025-03-03,0,10,3,0.0,0.0,0.0,0.0,1.0,2.0
7,9,2025-03-10,2,11,3,0.0,0.0,0.0,0.0,1.0,0.0
7,9,2025-03-17,0,12,3,2.0,0.0,0.0,0.5,0.0,0.0
7,9,2025-03-24,0,13,3,0.0,2.0,0.0,0.5,0.0,0.0
7,9,2025-03-31,0,14,3,0.0,0.0,0.0,0.5,0.0,0.0
7,9,2025-04-07,0,15,4,0.0,0.0,2.0,0.5,0.0,0.0
7,9,2025-04-14,0,16,4,0.0,0.0,0.0,0.0,1.0,0.0
7,9,2025-04-21,0,17,4,0.0,0.0,0.0,0.0,1.0,0.0
7,9,2025-04-28,0,18,4,0.0,0.0,0.0,0.0,1.0,0.0
7,9,2025-05-05,0,19,5,0.0,0.0,0.0,0.0,1.0,1.0
7,9,2025-05-12,1,20,5,0.0,0.0,0.0,0.0,1.0,2.0
7,9,2025-05-19,2,21,5,1.0,0.0,0.0,0.25,8.0,1.0
7,9,2025-05-26,1,22,5,2.0,1.0,0.0,0.75,1.3333333333333333,1.0
7,9,2025-06-02,1,23,6,1.0,2.0,0.0,1.0,1.0,1.0
7,9,2025-06-09,1,24,6,1.0,1.0,1.0,1.25,0.8,0.0
7,9,2025-06-16,0,25,6,1.0,1.0,2.0,1.25,0.0,0.0
7,9,2025-06-23,0,26,6,0.0,1.0,1.0,0.75,0.0,0.0
7,9,2025-06-30,0,27,6,0.0,0.0,1.0,0.5,0.0,0.0
7,9,2025-07-07,0,28,7,0.0,0.0,1.0,0.25,0.0,0.0
7,9,2025-07-14,0,29,7,0.0,0.0,0.0,0.0,1.0,0.0
7,9,2025-07-21,0,30,7,0.0,0.0,0.0,0.0,1.0,0.0
7,9,2025-07-28,0,31,7,0.0,0.0,0.0,0.0,1.0,0.0
7,9,2025-08-04,0,32,8,0.0,0.0,0.0,0.0,1.0,1.0
7,9,2025-08-11,1,33,8,0.0,0.0,0.0,0.0,1.0,0.0
7,9,2025-08-18,0,34,8,1.0,0.0,0.0,0.25,0.0,1.0
7,9,2025-08-25,1,35,8,0.0,1.0,0.0,0.25,4.0,0.0
7,9,2025-09-01,0,36,9,1.0,0.0,0.0,0.5,0.0,0.0
7,9,2025-09-08,0,37,9,0.0,1.0,1.0,0.5,0.0,3.0
7,9,2025-09-15,3,38,9,0.0,0.0,0.0,0.25,12.0,1.0
7,9,2025-09-22,1,39,9,3.0,0.0,1.0,1.0,1.0,1.0
7,9,2025-09-29,1,40,9,1.0,3.0,0.0,1.0,1.0,2.0
7,9,2025-10-06,2,41,10,1.0,1.0,0.0,1.25,1.6,0.0
7,9,2025-10-13,0,42,10,2.0,1.0,3.0,1.75,0.0,0.0
7,9,2025-10-20,0,43,10,0.0,2.0,1.0,1.0,0.0,0.0
7,9,2025-10-27,0,44,10,0.0,0.0,1.0,0.75,0.0,0.0
7,9,2025-11-03,0,45,11,0.0,0.0,2.0,0.5,0.0,2.0
7,9,2025-11-10,2,46,11,0.0,0.0,0.0,0.0,1.0,1.0
7,9,2025-11-17,1,47,11,2.0,0.0,0.0,0.5,2.0,0.0
7,9,2025-11-24,0,48,11,1.0,2.0,0.0,0.75,0.0,0.0
7,9,2025-12-01,0,49,12,0.0,1.0,0.0,0.75,0.0,3.0
7,9,2025-12-08,3,50,12,0.0,0.0,2.0,0.75,4.0,0.0
7,9,2025-12-15,0,51,12,3.0,0.0,1.0,1.0,0.0,0.0
7,9,2025-12-22,0,52,12,0.0,3.0,0.0,0.75,0.0,2.0
7,9,2025-12-29,2,1,12,0.0,0.0,0.0,0.75,2.6666666666666665,0.0
7,9,2026-01-05,0,2,1,2.0,0.0,3.0,1.25,0.0,2.0
7,9,2026-01-12,2,3,1,0.0,2.0,0.0,0.5,4.0,0.0
7,9,2026-01-19,0,4,1,2.0,0.0,0.0,1.0,0.0,1.0
7,9,2026-01-26,1,5,1,0.0,2.0,2.0,1.0,1.0,1.0
7,9,2026-02-02,1,6,2,1.0,0.0,0.0,0.75,1.3333333333333333,0.0
7,9,2026-02-09,0,7,2,1.0,1.0,2.0,1.0,0.0,0.0
7,9,2026-02-16,0,8,2,0.0,1.0,0.0,0.5,0.0,0.0
7,9,2026-02-23,0,9,2,0.0,0.0,1.0,0.5,0.0,1.0
7,9,2026-03-02,1,10,3,0.0,0.0,1.0,0.25,4.0,0.0
7,9,2026-03-09,0,11,3,1.0,0.0,0.0,0.25,0.0,1.0
7,9,2026-03-16,1,12,3,0.0,1.0,0.0,0.25,4.0,1.0
7,9,2026-03-23,1,13,3,1.0,0.0,0.0,0.5,2.0,1.0
7,9,2026-03-30,1,14,3,1.0,1.0,1.0,0.75,1.3333333333333333,1.0
7,9,2026-04-06,1,15,4,1.0,1.0,0.0,0.75,1.3333333333333333,0.0
7,9,2026-04-13,0,16,4,1.0,1.0,1.0,1.0,0.0,0.0
7,9,2026-04-20,0,17,4,0.0,1.0,1.0,0.75,0.0,2.0
7,9,2026-04-27,2,18,4,0.0,0.0,1.0,0.5,4.0,1.0
7,9,2026-05-04,1,19,5,2.0,0.0,1.0,0.75,1.3333333333333333,1.0
7,9,2026-05-11,1,20,5,1.0,2.0,0.0,0.75,1.3333333333333333,0.0
7,9,2026-05-18,0,21,5,1.0,1.0,0.0,1.0,0.0,0.0
7,9,2026-05-25,0,22,5,0.0,1.0,2.0,1.0,0.0,0.0
7,9,2026-06-01,0,23,6,0.0,0.0,1.0,0.5,0.0,0.0
7,9,2026-06-08,0,24,6,0.0,0.0,1.0,0.25,0.0,0.0
7,9,2026-06-15,0,25,6,0.0,0.0,0.0,0.0,1.0,0.0
7,9,2026-06-22,0,26,6,0.0,0.0,0.0,0.0,1.0,0.0
7,10,2024-01-29,0,5,1,0.0,1.0,0.0,0.25,0.0,0.0
7,10,2024-02-05,0,6,2,0.0,0.0,0.0,0.25,0.0,0.0
7,10,2024-02-12,0,7,2,0.0,0.0,1.0,0.25,0.0,1.0
7,10,2024-02-19,1,8,2,0.0,0.0,0.0,0.0,1.0,1.0
7,10,2024-02-26,1,9,2,1.0,0.0,0.0,0.25,4.0,0.0
7,10,2024-03-04,0,10,3,1.0,1.0,0.0,0.5,0.0,0.0
7,10,2024-03-11,0,11,3,0.0,1.0,0.0,0.5,0.0,0.0
7,10,2024-03-18,0,12,3,0.0,0.0,1.0,0.5,0.0,0.0
7,10,2024-03-25,0,13,3,0.0,0.0,1.0,0.25,0.0,0.0
7,10,2024-04-01,0,14,4,0.0,0.0,0.0,0.0,1.0,1.0
7,10,2024-04-08,1,15,4,0.0,0.0,0.0,0.0,1.0,0.0
7,10,2024-04-15,0,16,4,1.0,0.0,0.0,0.25,0.0,0.0
7,10,2024-04-22,0,17,4,0.0,1.0,0.0,0.25,0.0,1.0
7,10,2024-04-29,1,18,4,0.0,0.0,0.0,0.25,4.0,0.0
7,10,2024-05-06,0,19,5,1.0,0.0,1.0,0.5,0.0,0.0
7,10,2024-05-13,0,20,5,0.0,1.0,0.0,0.25,0.0,0.0
7,10,2024-05-20,0,21,5,0.0,0.0,0.0,0.25,0.0,1.0
7,10,2024-05-27,1,22,5,0.0,0.0,1.0,0.25,4.0,1.0
7,10,2024-06-03,1,23,6,1.0,0.0,0.0,0.25,4.0,0.0
7,10,2024-06-10,0,24,6,1.0,1.0,0.0,0.5,0.0,0.0
7,10,2024-06-17,0,25,6,0.0,1.0,0.0,0.5,0.0,1.0
7,10,2024-06-24,1,26,6,0.0,0.0,1.0,0.5,2.0,0.0
7,10,2024-07-01,0,27,7,1.0,0.0,1.0,0.5,0.0,1.0
7,10,2024-07-08,1,28,7,0.0,1.0,0.0,0.25,4.0,0.0
7,10,2024-07-15,0,29,7,1.0,0.0,0.0,0.5,0.0,0.0
7,10,2024-07-22,0,30,7,0.0,1.0,1.0,0.5,0.0,1.0
7,10,2024-07-29,1,31,7,0.0,0.0,0.0,0.25,4.0,0.0
7,10,2024-08-05,0,32,8,1.0,0.0,1.0,0.5,0.0,0.0
7,10,2024-08-12,0,33,8,0.0,1.0,0.0,0.25,0.0,0.0
7,10,2024-08-19,0,34,8,0.0,0.0,0.0,0.25,0.0,0.0
7,10,2024-08-26,0,35,8,0.0,0.0,1.0,0.25,0.0,0.0
7,10,2024-09-02,0,36,9,0.0,0.0,0.0,0.0,1.0,1.0
7,10,2024-09-09,1,37,9,0.0,0.0,0.0,0.0,1.0,0.0
7,10,2024-09-16,0,38,9,1.0,0.0,0.0,0.25,0.0,0.0
7,10,2024-09-23,0,39,9,0.0,1.0,0.0,0.25,0.0,1.0
7,10,2024-09-30,1,40,9,0.0,0.0,0.0,0.25,4.0,1.0
7,10,2024-10-07,1,41,10,1.0,0.0,1.0,0.5,2.0,0.0
7,10,2024-10-14,0,42,10,1.0,1.0,0.0,0.5,0.0,1.0
7,10,2024-10-21,1,43,10,0.0,1.0,0.0,0.5,2.0,0.0
7,10,2024-10-28,0,44,10,1.0,0.0,1.0,0.75,0.0,1.0
7,10,2024-11-04,1,45,11,0.0,1.0,1.0,0.5,2.0,0.0
7,10,2024-11-11,0,46,11,1.0,0.0,0.0,0.5,0.0,0.0
7,10,2024-11-18,0,47,11,0.0,1.0,1.0,0.5,0.0,1.0
7,10,2024-11-25,1,48,11,0.0,0.0,0.0,0.25,4.0,0.0
7,10,2024-12-02,0,49,12,1.0,0.0,1.0,0.5,0.0,2.0
7,10,2024-12-09,2,50,12,0.0,1.0,0.0,0.25,8.0,0.0
7,10,2024-12-16,0,51,12,2.0,0.0,0.0,0.75,0.0,1.0
7,10,2024-12-23,1,52,12,0.0,2.0,1.0,0.75,1.3333333333333333,0.0
7,10,2024-12-30,0,1,12,1.0,0.0,0.0,0.75,0.0,0.0
7,10,2025-01-06,0,2,1,0.0,1.0,2.0,0.75,0.0,0.0
7,10,2025-01-13,0,3,1,0.0,0.0,0.0,0.25,0.0,1.0
7,10,2025-01-20,1,4,1,0.0,0.0,1.0,0.25,4.0,0.0
7,10,2025-01-27,0,5,1,1.0,0.0,0.0,0.25,0.0,0.0
7,10,2025-02-03,0,6,2,0.0,1.0,0.0,0.25,0.0,0.0
7,10,2025-02-10,0,7,2,0.0,0.0,0.0,0.25,0.0,0.0
7,10,2025-02-17,0,8,2,0.0,0.0,1.0,0.25,0.0,1.0
7,10,2025-02-24,1,9,2,0.0,0.0,0.0,0.0,1.0,0.0
7,10,2025-03-03,0,10,3,1.0,0.0,0.0,0.25,0.0,0.0
7,10,2025-03-10,0,11,3,0.0,1.0,0.0,0.25,0.0,0.0
7,10,2025-03-17,0,12,3,0.0,0.0,0.0,0.25,0.0,1.0
7,10,2025-03-24,1,13,3,0.0,0.0,1.0,0.25,4.0,0.0
7,10,2025-03-31,0,14,3,1.0,0.0,0.0,0.25,0.0,0.0
7,10,2025-04-07,0,15,4,0.0,1.0,0.0,0.25,0.0,0.0
7,10,2025-04-14,0,16,4,0.0,0.0,0.0,0.25,0.0,0.0
7,10,2025-04-21,0,17,4,0.0,0.0,1.0,0.25,0.0,1.0
7,10,2025-04-28,1,18,4,0.0,0.0,0.0,0.0,1.0,0.0
7,10,2025-05-05,0,19,5,1.0,0.0,0.0,0.25,0.0,0.0
7,10,2025-05-12,0,20,5,0.0,1.0,0.0,0.25,0.0,0.0
7,10,2025-05-19,0,21,5,0.0,0.0,0.0,0.25,0.0,0.0
7,10,2025-05-26,0,22,5,0.0,0.0,1.0,0.25,0.0,1.0
7,10,2025-06-02,1,23,6,0.0,0.0,0.0,0.0,1.0,1.0
7,10,2025-06-09,1,24,6,1.0,0.0,0.0,0.25,4.0,1.0
7,10,2025-06-16,1,25,6,1.0,1.0,0.0,0.5,2.0,0.0
7,10,2025-06-23,0,26,6,1.0,1.0,0.0,0.75,0.0,1.0
7,10,2025-06-30,1,27,6,0.0,1.0,1.0,0.75,1.3333333333333333,0.0
7,10,2025-07-07,0,28,7,1.0,0.0,1.0,0.75,0.0,2.0
7,10,2025-07-14,2,29,7,0.0,1.0,1.0,0.5,4.0,0.0
7,10,2025-07-21,0,30,7,2.0,0.0,0.0,0.75,0.0,1.0
7,10,2025-07-28,1,31,7,0.0,2.0,1.0,0.75,1.3333333333333333,0.0
7,10,2025-08-04,0,32,8,1.0,0.0,0.0,0.75,0.0,1.0
7,10,2025-08-11,1,33,8,0.0,1.0,2.0,0.75,1.3333333333333333,0.0
7,10,2025-08-18,0,34,8,1.0,0.0,0.0,0.5,0.0,1.0
7,10,2025-08-25,1,35,8,0.0,1.0,1.0,0.5,2.0,1.0
7,10,2025-09-01,1,36,9,1.0,0.0,0.0,0.5,2.0,0.0
7,10,2025-09-08,0,37,9,1.0,1.0,1.0,0.75,0.0,1.0
7,10,2025-09-15,1,38,9,0.0,1.0,0.0,0.5,2.0,0.0
7,10,2025-09-22,0,39,9,1.0,0.0,1.0,0.75,0.0,0.0
7,10,2025-09-29,0,40,9,0.0,1.0,1.0,0.5,0.0,0.0
7,10,2025-10-06,0,41,10,0.0,0.0,0.0,0.25,0.0,1.0
7,10,2025-10-13,1,42,10,0.0,0.0,1.0,0.25,4.0,0.0
7,10,2025-10-20,0,43,10,1.0,0.0,0.0,0.25,0.0,1.0
7,10,2025-10-27,1,44,10,0.0,1.0,0.0,0.25,4.0,0.0
7,10,2025-11-03,0,45,11,1.0,0.0,0.0,0.5,0.0,1.0
7,10,2025-11-10,1,46,11,0.0,1.0,1.0,0.5,2.0,1.0
7,10,2025-11-17,1,47,11,1.0,0.0,0.0,0.5,2.0,2.0
7,10,2025-11-24,2,48,11,1.0,1.0,1.0,0.75,2.6666666666666665,0.0
7,10,2025-12-01,0,49,12,2.0,1.0,0.0,1.0,0.0,1.0
7,10,2025-12-08,1,50,12,0.0,2.0,1.0,1.0,1.0,0.0
7,10,2025-12-15,0,51,12,1.0,0.0,1.0,1.0,0.0,0.0
7,10,2025-12-22,0,52,12,0.0,1.0,2.0,0.75,0.0,1.0
7,10,2025-12-29,1,1,12,0.0,0.0,0.0,0.25,4.0,1.0
7,10,2026-01-05,1,2,1,1.0,0.0,1.0,0.5,2.0,0.0
7,10,2026-01-12,0,3,1,1.0,1.0,0.0,0.5,0.0,0.0
7,10,2026-01-19,0,4,1,0.0,1.0,0.0,0.5,0.0,0.0
7,10,2026-01-26,0,5,1,0.0,0.0,1.0,0.5,0.0,1.0
7,10,2026-02-02,1,6,2,0.0,0.0,1.0,0.25,4.0,1.0
7,10,2026-02-09,1,7,2,1.0,0.0,0.0,0.25,4.0,1.0
7,10,2026-02-16,1,8,2,1.0,1.0,0.0,0.5,2.0,0.0
7,10,2026-02-23,0,9,2,1.0,1.0,0.0,0.75,0.0,0.0
7,10,2026-03-02,0,10,3,0.0,1.0,1.0,0.75,0.0,0.0
7,10,2026-03-09,0,11,3,0.0,0.0,1.0,0.5,0.0,1.0
7,10,2026-03-16,1,12,3,0.0,0.0,1.0,0.25,4.0,0.0
7,10,2026-03-23,0,13,3,1.0,0.0,0.0,0.25,0.0,0.0
7,10,2026-03-30,0,14,3,0.0,1.0,0.0,0.25,0.0,0.0
7,10,2026-04-06,0,15,4,0.0,0.0,0.0,0.25,0.0,1.0
7,10,2026-04-13,1,16,4,0.0,0.0,1.0,0.25,4.0,0.0
7,10,2026-04-20,0,17,4,1.0,0.0,0.0,0.25,0.0,1.0
7,10,2026-04-27,1,18,4,0.0,1.0,0.0,0.25,4.0,1.0
7,10,2026-05-04,1,19,5,1.0,0.0,0.0,0.5,2.0,0.0
7,10,2026-05-11,0,20,5,1.0,1.0,1.0,0.75,0.0,0.0
7,10,2026-05-18,0,21,5,0.0,1.0,0.0,0.5,0.0,1.0
7,10,2026-05-25,1,22,5,0.0,0.0,1.0,0.5,2.0,0.0
7,10,2026-06-01,0,23,6,1.0,0.0,1.0,0.5,0.0,0.0
7,10,2026-06-08,0,24,6,0.0,1.0,0.0,0.25,0.0,0.0
7,10,2026-06-15,0,25,6,0.0,0.0,0.0,0.25,0.0,1.0
7,10,2026-06-22,1,26,6,0.0,0.0,1.0,0.25,4.0,0.0
7,11,2024-01-29,0,5,1,0.0,0.0,0.0,0.0,1.0,0.0
7,11,2024-02-05,0,6,2,0.0,0.0,0.0,0.0,1.0,1.0
7,11,2024-02-12,1,7,2,0.0,0.0,0.0,0.0,1.0,0.0
7,11,2024-02-19,0,8,2,1.0,0.0,0.0,0.25,0.0,0.0
7,11,2024-02-26,0,9,2,0.0,1.0,0.0,0.25,0.0,1.0
7,11,2024-03-04,1,10,3,0.0,0.0,0.0,0.25,4.0,0.0
7,11,2024-03-11,0,11,3,1.0,0.0,1.0,0.5,0.0,0.0
7,11,2024-03-18,0,12,3,0.0,1.0,0.0,0.25,0.0,1.0
7,11,2024-03-25,1,13,3,0.0,0.0,0.0,0.25,4.0,0.0
7,11,2024-04-01,0,14,4,1.0,0.0,1.0,0.5,0.0,1.0
7,11,2024-04-08,1,15,4,0.0,1.0,0.0,0.25,4.0,1.0
7,11,2024-04-15,1,16,4,1.0,0.0,0.0,0.5,2.0,1.0
7,11,2024-04-22,1,17,4,1.0,1.0,1.0,0.75,1.3333333333333333,0.0
7,11,2024-04-29,0,18,4,1.0,1.0,0.0,0.75,0.0,0.0
7,11,2024-05-06,0,19,5,0.0,1.0,1.0,0.75,0.0,0.0
7,11,2024-05-13,0,20,5,0.0,0.0,1.0,0.5,0.0,0.0
7,11,2024-05-20,0,21,5,0.0,0.0,1.0,0.25,0.0,0.0
7,11,2024-05-27,0,22,5,0.0,0.0,0.0,0.0,1.0,0.0
7,11,2024-06-03,0,23,6,0.0,0.0,0.0,0.0,1.0,0.0
7,11,2024-06-10,0,24,6,0.0,0.0,0.0,0.0,1.0,1.0
7,11,2024-06-17,1,25,6,0.0,0.0,0.0,0.0,1.0,0.0
7,11,2024-06-24,0,26,6,1.0,0.0,0.0,0.25,0.0,0.0
7,11,2024-07-01,0,27,7,0.0,1.0,0.0,0.25,0.0,0.0
7,11,2024-07-08,0,28,7,0.0,0.0,0.0,0.25,0.0,0.0
7,11,2024-07-15,0,29,7,0.0,0.0,1.0,0.25,0.0,2.0
7,11,2024-07-22,2,30,7,0.0,0.0,0.0,0.0,1.0,3.0
7,11,2024-07-29,3,31,7,2.0,0.0,0.0,0.5,6.0,0.0
7,11,2024-08-05,0,32,8,3.0,2.0,0.0,1.25,0.0,1.0
7,11,2024-08-12,1,33,8,0.0,3.0,0.0,1.25,0.8,1.0
7,11,2024-08-19,1,34,8,1.0,0.0,2.0,1.5,0.6666666666666666,3.0
7,11,2024-08-26,3,35,8,1.0,1.0,3.0,1.25,2.4,0.0
7,11,2024-09-02,0,36,9,3.0,1.0,0.0,1.25,0.0,2.0
7,11,2024-09-09,2,37,9,0.0,3.0,1.0,1.25,1.6,1.0
7,11,2024-09-16,1,38,9,2.0,0.0,1.0,1.5,0.6666666666666666,1.0
7,11,2024-09-23,1,39,9,1.0,2.0,3.0,1.5,0.6666666666666666,1.0
7,11,2024-09-30,1,40,9,1.0,1.0,0.0,1.0,1.0,0.0
7,11,2024-10-07,0,41,10,1.0,1.0,2.0,1.25,0.0,0.0
7,11,2024-10-14,0,42,10,0.0,1.0,1.0,0.75,0.0,1.0
7,11,2024-10-21,1,43,10,0.0,0.0,1.0,0.5,2.0,3.0
7,11,2024-10-28,3,44,10,1.0,0.0,1.0,0.5,6.0,0.0
7,11,2024-11-04,0,45,11,3.0,1.0,0.0,1.0,0.0,0.0
7,11,2024-11-11,0,46,11,0.0,3.0,0.0,1.0,0.0,1.0
7,11,2024-11-18,1,47,11,0.0,0.0,1.0,1.0,1.0,0.0
7,11,2024-11-25,0,48,11,1.0,0.0,3.0,1.0,0.0,0.0
7,11,2024-12-02,0,49,12,0.0,1.0,0.0,0.25,0.0,0.0
7,11,2024-12-09,0,50,12,0.0,0.0,0.0,0.25,0.0,1.0
7,11,2024-12-16,1,51,12,0.0,0.0,1.0,0.25,4.0,0.0
7,11,2024-12-23,0,52,12,1.0,0.0,0.0,0.25,0.0,0.0
7,11,2024-12-30,0,1,12,0.0,1.0,0.0,0.25,0.0,0.0
7,11,2025-01-06,0,2,1,0.0,0.0,0.0,0.25,0.0,0.0
7,11,2025-01-13,0,3,1,0.0,0.0,1.0,0.25,0.0,1.0
7,11,2025-01-20,1,4,1,0.0,0.0,0.0,0.0,1.0,0.0
7,11,2025-01-27,0,5,1,1.0,0.0,0.0,0.25,0.0,0.0
7,11,2025-02-03,0,6,2,0.0,1.0,0.0,0.25,0.0,0.0
7,11,2025-02-10,0,7,2,0.0,0.0,0.0,0.25,0.0,0.0
7,11,2025-02-17,0,8,2,0.0,0.0,1.0,0.25,0.0,1.0
7,11,2025-02-24,1,9,2,0.0,0.0,0.0,0.0,1.0,1.0
7,11,2025-03-03,1,10,3,1.0,0.0,0.0,0.25,4.0,1.0
7,11,2025-03-10,1,11,3,1.0,1.0,0.0,0.5,2.0,1.0
7,11,2025-03-17,1,12,3,1.0,1.0,0.0,0.75,1.3333333333333333,0.0
7,11,2025-03-24,0,13,3,1.0,1.0,1.0,1.0,0.0,0.0
7,11,2025-03-31,0,14,3,0.0,1.0,1.0,0.75,0.0,0.0
7,11,2025-04-07,0,15,4,0.0,0.0,1.0,0.5,0.0,0.0
7,11,2025-04-14,0,16,4,0.0,0.0,1.0,0.25,0.0,0.0
7,11,2025-04-21,0,17,4,0.0,0.0,0.0,0.0,1.0,1.0
7,11,2025-04-28,1,18,4,0.0,0.0,0.0,0.0,1.0,1.0
7,11,2025-05-05,1,19,5,1.0,0.0,0.0,0.25,4.0,2.0
7,11,2025-05-12,2,20,5,1.0,1.0,0.0,0.5,4.0,0.0
7,11,2025-05-19,0,21,5,2.0,1.0,0.0,1.0,0.0,1.0
7,11,2025-05-26,1,22,5,0.0,2.0,1.0,1.0,1.0,1.0
7,11,2025-06-02,1,23,6,1.0,0.0,1.0,1.0,1.0,0.0
7,11,2025-06-09,0,24,6,1.0,1.0,2.0,1.0,0.0,1.0
7,11,2025-06-16,1,25,6,0.0,1.0,0.0,0.5,2.0,0.0
7,11,2025-06-23,0,26,6,1.0,0.0,1.0,0.75,0.0,0.0
7,11,2025-06-30,0,27,6,0.0,1.0,1.0,0.5,0.0,0.0
7,11,2025-07-07,0,28,7,0.0,0.0,0.0,0.25,0.0,0.0
7,11,2025-07-14,0,29,7,0.0,0.0,1.0,0.25,0.0,1.0
7,11,2025-07-21,1,30,7,0.0,0.0,0.0,0.0,1.0,1.0
7,11,2025-07-28,1,31,7,1.0,0.0,0.0,0.25,4.0,0.0
7,11,2025-08-04,0,32,8,1.0,1.0,0.0,0.5,0.0,0.0
7,11,2025-08-11,0,33,8,0.0,1.0,0.0,0.5,0.0,1.0
7,11,2025-08-18,1,34,8,0.0,0.0,1.0,0.5,2.0,0.0
7,11,2025-08-25,0,35,8,1.0,0.0,1.0,0.5,0.0,0.0
7,11,2025-09-01,0,36,9,0.0,1.0,0.0,0.25,0.0,1.0
7,11,2025-09-08,1,37,9,0.0,0.0,0.0,0.25,4.0,2.0
7,11,2025-09-15,2,38,9,1.0,0.0,1.0,0.5,4.0,1.0
7,11,2025-09-22,1,39,9,2.0,1.0,0.0,0.75,1.3333333333333333,0.0
7,11,2025-09-29,0,40,9,1.0,2.0,0.0,1.0,0.0,0.0
7,11,2025-10-06,0,41,10,0.0,1.0,1.0,1.0,0.0,0.0
7,11,2025-10-13,0,42,10,0.0,0.0,2.0,0.75,0.0,1.0
7,11,2025-10-20,1,43,10,0.0,0.0,1.0,0.25,4.0,0.0
7,11,2025-10-27,0,44,10,1.0,0.0,0.0,0.25,0.0,0.0
7,11,2025-11-03,0,45,11,0.0,1.0,0.0,0.25,0.0,0.0
7,11,2025-11-10,0,46,11,0.0,0.0,0.0,0.25,0.0,0.0
7,11,2025-11-17,0,47,11,0.0,0.0,1.0,0.25,0.0,0.0
7,11,2025-11-24,0,48,11,0.0,0.0,0.0,0.0,1.0,0.0
7,11,2025-12-01,0,49,12,0.0,0.0,0.0,0.0,1.0,0.0
7,11,2025-12-08,0,50,12,0.0,0.0,0.0,0.0,1.0,0.0
7,11,2025-12-15,0,51,12,0.0,0.0,0.0,0.0,1.0,0.0
7,11,2025-12-22,0,52,12,0.0,0.0,0.0,0.0,1.0,0.0
7,11,2025-12-29,0,1,12,0.0,0.0,0.0,0.0,1.0,0.0
7,11,2026-01-05,0,2,1,0.0,0.0,0.0,0.0,1.0,2.0
7,11,2026-01-12,2,3,1,0.0,0.0,0.0,0.0,1.0,0.0
7,11,2026-01-19,0,4,1,2.0,0.0,0.0,0.5,0.0,2.0
7,11,2026-01-26,2,5,1,0.0,2.0,0.0,0.5,4.0,1.0
7,11,2026-02-02,1,6,2,2.0,0.0,0.0,1.0,1.0,0.0
7,11,2026-02-09,0,7,2,1.0,2.0,2.0,1.25,0.0,0.0
7,11,2026-02-16,0,8,2,0.0,1.0,0.0,0.75,0.0,1.0
7,11,2026-02-23,1,9,2,0.0,0.0,2.0,0.75,1.3333333333333333,0.0
7,11,2026-03-02,0,10,3,1.0,0.0,1.0,0.5,0.0,0.0
7,11,2026-03-09,0,11,3,0.0,1.0,0.0,0.25,0.0,1.0
7,11,2026-03-16,1,12,3,0.0,0.0,0.0,0.25,4.0,1.0
7,11,2026-03-23,1,13,3,1.0,0.0,1.0,0.5,2.0,1.0
7,11,2026-03-30,1,14,3,1.0,1.0,0.0,0.5,2.0,0.0
7,11,2026-04-06,0,15,4,1.0,1.0,0.0,0.75,0.0,0.0
7,11,2026-04-13,0,16,4,0.0,1.0,1.0,0.75,0.0,1.0
7,11,2026-04-20,1,17,4,0.0,0.0,1.0,0.5,2.0,1.0
7,11,2026-04-27,1,18,4,1.0,0.0,1.0,0.5,2.0,0.0
7,11,2026-05-04,0,19,5,1.0,1.0,0.0,0.5,0.0,0.0
7,11,2026-05-11,0,20,5,0.0,1.0,0.0,0.5,0.0,1.0
7,11,2026-05-18,1,21,5,0.0,0.0,1.0,0.5,2.0,0.0
7,11,2026-05-25,0,22,5,1.0,0.0,1.0,0.5,0.0,1.0
7,11,2026-06-01,1,23,6,0.0,1.0,0.0,0.25,4.0,0.0
7,11,2026-06-08,0,24,6,1.0,0.0,0.0,0.5,0.0,0.0
7,11,2026-06-15,0,25,6,0.0,1.0,1.0,0.5,0.0,0.0
7,11,2026-06-22,0,26,6,0.0,0.0,0.0,0.25,0.0,0.0
7,12,2024-01-29,1,5,1,0.0,1.0,0.0,0.75,1.3333333333333333,2.0
7,12,2024-02-05,2,6,2,1.0,0.0,2.0,1.0,2.0,2.0
7,12,2024-02-12,2,7,2,2.0,1.0,1.0,1.0,2.0,1.0
7,12,2024-02-19,1,8,2,2.0,2.0,0.0,1.25,0.8,0.0
7,12,2024-02-26,0,9,2,1.0,2.0,1.0,1.5,0.0,0.0
7,12,2024-03-04,0,10,3,0.0,1.0,2.0,1.25,0.0,1.0
7,12,2024-03-11,1,11,3,0.0,0.0,2.0,0.75,1.3333333333333333,0.0
7,12,2024-03-18,0,12,3,1.0,0.0,1.0,0.5,0.0,0.0
7,12,2024-03-25,0,13,3,0.0,1.0,0.0,0.25,0.0,1.0
7,12,2024-04-01,1,14,4,0.0,0.0,0.0,0.25,4.0,0.0
7,12,2024-04-08,0,15,4,1.0,0.0,1.0,0.5,0.0,2.0
7,12,2024-04-15,2,16,4,0.0,1.0,0.0,0.25,8.0,0.0
7,12,2024-04-22,0,17,4,2.0,0.0,0.0,0.75,0.0,1.0
7,12,2024-04-29,1,18,4,0.0,2.0,1.0,0.75,1.3333333333333333,0.0
7,12,2024-05-06,0,19,5,1.0,0.0,0.0,0.75,0.0,0.0
7,12,2024-05-13,0,20,5,0.0,1.0,2.0,0.75,0.0,0.0
7,12,2024-05-20,0,21,5,0.0,0.0,0.0,0.25,0.0,0.0
7,12,2024-05-27,0,22,5,0.0,0.0,1.0,0.25,0.0,2.0
7,12,2024-06-03,2,23,6,0.0,0.0,0.0,0.0,1.0,1.0
7,12,2024-06-10,1,24,6,2.0,0.0,0.0,0.5,2.0,1.0
7,12,2024-06-17,1,25,6,1.0,2.0,0.0,0.75,1.3333333333333333,0.0
7,12,2024-06-24,0,26,6,1.0,1.0,0.0,1.0,0.0,1.0
7,12,2024-07-01,1,27,7,0.0,1.0,2.0,1.0,1.0,0.0
7,12,2024-07-08,0,28,7,1.0,0.0,1.0,0.75,0.0,1.0
7,12,2024-07-15,1,29,7,0.0,1.0,1.0,0.5,2.0,0.0
7,12,2024-07-22,0,30,7,1.0,0.0,0.0,0.5,0.0,1.0
7,12,2024-07-29,1,31,7,0.0,1.0,1.0,0.5,2.0,0.0
7,12,2024-08-05,0,32,8,1.0,0.0,0.0,0.5,0.0,0.0
7,12,2024-08-12,0,33,8,0.0,1.0,1.0,0.5,0.0,0.0
7,12,2024-08-19,0,34,8,0.0,0.0,0.0,0.25,0.0,0.0
7,12,2024-08-26,0,35,8,0.0,0.0,1.0,0.25,0.0,1.0
7,12,2024-09-02,1,36,9,0.0,0.0,0.0,0.0,1.0,1.0
7,12,2024-09-09,1,37,9,1.0,0.0,0.0,0.25,4.0,0.0
7,12,2024-09-16,0,38,9,1.0,1.0,0.0,0.5,0.0,1.0
7,12,2024-09-23,1,39,9,0.0,1.0,0.0,0.5,2.0,0.0
7,12,2024-09-30,0,40,9,1.0,0.0,1.0,0.75,0.0,0.0
7,12,2024-10-07,0,41,10,0.0,1.0,1.0,0.5,0.0,1.0
7,12,2024-10-14,1,42,10,0.0,0.0,0.0,0.25,4.0,1.0
7,12,2024-10-21,1,43,10,1.0,0.0,1.0,0.5,2.0,0.0
7,12,2024-10-28,0,44,10,1.0,1.0,0.0,0.5,0.0,1.0
7,12,2024-11-04,1,45,11,0.0,1.0,0.0,0.5,2.0,0.0
7,12,2024-11-11,0,46,11,1.0,0.0,1.0,0.75,0.0,1.0
7,12,2024-11-18,1,47,11,0.0,1.0,1.0,0.5,2.0,0.0
7,12,2024-11-25,0,48,11,1.0,0.0,0.0,0.5,0.0,0.0
7,12,2024-12-02,0,49,12,0.0,1.0,1.0,0.5,0.0,0.0
7,12,2024-12-09,0,50,12,0.0,0.0,0.0,0.25,0.0,0.0
7,12,2024-12-16,0,51,12,0.0,0.0,1.0,0.25,0.0,1.0
7,12,2024-12-23,1,52,12,0.0,0.0,0.0,0.0,1.0,1.0
7,12,2024-12-30,1,1,12,1.0,0.0,0.0,0.25,4.0,1.0
7,12,2025-01-06,1,2,1,1.0,1.0,0.0,0.5,2.0,0.0
7,12,2025-01-13,0,3,1,1.0,1.0,0.0,0.75,0.0,0.0
7,12,2025-01-20,0,4,1,0.0,1.0,1.0,0.75,0.0,1.0
7,12,2025-01-27,1,5,1,0.0,0.0,1.0,0.5,2.0,1.0
7,12,2025-02-03,1,6,2,1.0,0.0,1.0,0.5,2.0,0.0
7,12,2025-02-10,0,7,2,1.0,1.0,0.0,0.5,0.0,0.0
7,12,2025-02-17,0,8,2,0.0,1.0,0.0,0.5,0.0,0.0
7,12,2025-02-24,0,9,2,0.0,0.0,1.0,0.5,0.0,0.0
7,12,2025-03-03,0,10,3,0.0,0.0,1.0,0.25,0.0,0.0
7,12,2025-03-10,0,11,3,0.0,0.0,0.0,0.0,1.0,0.0
7,12,2025-03-17,0,12,3,0.0,0.0,0.0,0.0,1.0,1.0
7,12,2025-03-24,1,13,3,0.0,0.0,0.0,0.0,1.0,0.0
7,12,2025-03-31,0,14,3,1.0,0.0,0.0,0.25,0.0,0.0
7,12,2025-04-07,0,15,4,0.0,1.0,0.0,0.25,0.0,1.0
7,12,2025-04-14,1,16,4,0.0,0.0,0.0,0.25,4.0,0.0
7,12,2025-04-21,0,17,4,1.0,0.0,1.0,0.5,0.0,0.0
7,12,2025-04-28,0,18,4,0.0,1.0,0.0,0.25,0.0,0.0
7,12,2025-05-05,0,19,5,0.0,0.0,0.0,0.25,0.0,1.0
7,12,2025-05-12,1,20,5,0.0,0.0,1.0,0.25,4.0,0.0
7,12,2025-05-19,0,21,5,1.0,0.0,0.0,0.25,0.0,0.0
7,12,2025-05-26,0,22,5,0.0,1.0,0.0,0.25,0.0,0.0
7,12,2025-06-02,0,23,6,0.0,0.0,0.0,0.25,0.0,0.0
7,12,2025-06-09,0,24,6,0.0,0.0,1.0,0.25,0.0,0.0
7,12,2025-06-16,0,25,6,0.0,0.0,0.0,0.0,1.0,0.0
7,12,2025-06-23,0,26,6,0.0,0.0,0.0,0.0,1.0,0.0
7,12,2025-06-30,0,27,6,0.0,0.0,0.0,0.0,1.0,0.0
7,12,2025-07-07,0,28,7,0.0,0.0,0.0,0.0,1.0,0.0
7,12,2025-07-14,0,29,7,0.0,0.0,0.0,0.0,1.0,0.0
7,12,2025-07-21,0,30,7,0.0,0.0,0.0,0.0,1.0,0.0
7,12,2025-07-28,0,31,7,0.0,0.0,0.0,0.0,1.0,1.0
7,12,2025-08-04,1,32,8,0.0,0.0,0.0,0.0,1.0,1.0
7,12,2025-08-11,1,33,8,1.0,0.0,0.0,0.25,4.0,1.0
7,12,2025-08-18,1,34,8,1.0,1.0,0.0,0.5,2.0,0.0
7,12,2025-08-25,0,35,8,1.0,1.0,0.0,0.75,0.0,1.0
7,12,2025-09-01,1,36,9,0.0,1.0,1.0,0.75,1.3333333333333333,0.0
7,12,2025-09-08,0,37,9,1.0,0.0,1.0,0.75,0.0,1.0
7,12,2025-09-15,1,38,9,0.0,1.0,1.0,0.5,2.0,0.0
7,12,2025-09-22,0,39,9,1.0,0.0,0.0,0.5,0.0,0.0
7,12,2025-09-29,0,40,9,0.0,1.0,1.0,0.5,0.0,0.0
7,12,2025-10-06,0,41,10,0.0,0.0,0.0,0.25,0.0,2.0
7,12,2025-10-13,2,42,10,0.0,0.0,1.0,0.25,8.0,2.0
7,12,2025-10-20,2,43,10,2.0,0.0,0.0,0.5,4.0,0.0
7,12,2025-10-27,0,44,10,2.0,2.0,0.0,1.0,0.0,0.0
7,12,2025-11-03,0,45,11,0.0,2.0,0.0,1.0,0.0,0.0
7,12,2025-11-10,0,46,11,0.0,0.0,2.0,1.0,0.0,0.0
7,12,2025-11-17,0,47,11,0.0,0.0,2.0,0.5,0.0,0.0
7,12,2025-11-24,0,48,11,0.0,0.0,0.0,0.0,1.0,0.0
7,12,2025-12-01,0,49,12,0.0,0.0,0.0,0.0,1.0,0.0
7,12,2025-12-08,0,50,12,0.0,0.0,0.0,0.0,1.0,1.0
7,12,2025-12-15,1,51,12,0.0,0.0,0.0,0.0,1.0,1.0
7,12,2025-12-22,1,52,12,1.0,0.0,0.0,0.25,4.0,0.0
7,12,2025-12-29,0,1,12,1.0,1.0,0.0,0.5,0.0,0.0
7,12,2026-01-05,0,2,1,0.0,1.0,0.0,0.5,0.0,1.0
7,12,2026-01-12,1,3,1,0.0,0.0,1.0,0.5,2.0,1.0
7,12,2026-01-19,1,4,1,1.0,0.0,1.0,0.5,2.0,0.0
7,12,2026-01-26,0,5,1,1.0,1.0,0.0,0.5,0.0,0.0
7,12,2026-02-02,0,6,2,0.0,1.0,0.0,0.5,0.0,1.0
7,12,2026-02-09,1,7,2,0.0,0.0,1.0,0.5,2.0,0.0
7,12,2026-02-16,0,8,2,1.0,0.0,1.0,0.5,0.0,0.0
7,12,2026-02-23,0,9,2,0.0,1.0,0.0,0.25,0.0,1.0
7,12,2026-03-02,1,10,3,0.0,0.0,0.0,0.25,4.0,0.0
7,12,2026-03-09,0,11,3,1.0,0.0,1.0,0.5,0.0,1.0
7,12,2026-03-16,1,12,3,0.0,1.0,0.0,0.25,4.0,0.0
7,12,2026-03-23,0,13,3,1.0,0.0,0.0,0.5,0.0,0.0
7,12,2026-03-30,0,14,3,0.0,1.0,1.0,0.5,0.0,0.0
7,12,2026-04-06,0,15,4,0.0,0.0,0.0,0.25,0.0,1.0
7,12,2026-04-13,1,16,4,0.0,0.0,1.0,0.25,4.0,0.0
7,12,2026-04-20,0,17,4,1.0,0.0,0.0,0.25,0.0,0.0
7,12,2026-04-27,0,18,4,0.0,1.0,0.0,0.25,0.0,1.0
7,12,2026-05-04,1,19,5,0.0,0.0,0.0,0.25,4.0,0.0
7,12,2026-05-11,0,20,5,1.0,0.0,1.0,0.5,0.0,1.0
7,12,2026-05-18,1,21,5,0.0,1.0,0.0,0.25,4.0,0.0
7,12,2026-05-25,0,22,5,1.0,0.0,0.0,0.5,0.0,0.0
7,12,2026-06-01,0,23,6,0.0,1.0,1.0,0.5,0.0,2.0
7,12,2026-06-08,2,24,6,0.0,0.0,0.0,0.25,8.0,0.0
7,12,2026-06-15,0,25,6,2.0,0.0,1.0,0.75,0.0,3.0
7,12,2026-06-22,3,26,6,0.0,2.0,0.0,0.5,6.0,0.0
7,13,2024-01-29,13,5,1,13.0,6.0,11.0,8.75,1.4857142857142858,15.0
7,13,2024-02-05,15,6,2,13.0,13.0,5.0,9.25,1.6216216216216217,14.0
7,13,2024-02-12,14,7,2,15.0,13.0,6.0,11.75,1.1914893617021276,6.0
7,13,2024-02-19,6,8,2,14.0,15.0,13.0,13.75,0.43636363636363634,8.0
7,13,2024-02-26,8,9,2,6.0,14.0,13.0,12.0,0.6666666666666666,8.0
7,13,2024-03-04,8,10,3,8.0,6.0,15.0,10.75,0.7441860465116279,15.0
7,13,2024-03-11,15,11,3,8.0,8.0,14.0,9.0,1.6666666666666667,9.0
7,13,2024-03-18,9,12,3,15.0,8.0,6.0,9.25,0.972972972972973,13.0
7,13,2024-03-25,13,13,3,9.0,15.0,8.0,10.0,1.3,9.0
7,13,2024-04-01,9,14,4,13.0,9.0,8.0,11.25,0.8,11.0
7,13,2024-04-08,11,15,4,9.0,13.0,15.0,11.5,0.9565217391304348,7.0
7,13,2024-04-15,7,16,4,11.0,9.0,9.0,10.5,0.6666666666666666,7.0
7,13,2024-04-22,7,17,4,7.0,11.0,13.0,10.0,0.7,15.0
7,13,2024-04-29,15,18,4,7.0,7.0,9.0,8.5,1.7647058823529411,8.0
7,13,2024-05-06,8,19,5,15.0,7.0,11.0,10.0,0.8,13.0
7,13,2024-05-13,13,20,5,8.0,15.0,7.0,9.25,1.4054054054054055,9.0
7,13,2024-05-20,9,21,5,13.0,8.0,7.0,10.75,0.8372093023255814,9.0
7,13,2024-05-27,9,22,5,9.0,13.0,15.0,11.25,0.8,14.0
7,13,2024-06-03,14,23,6,9.0,9.0,8.0,9.75,1.435897435897436,11.0
7,13,2024-06-10,11,24,6,14.0,9.0,13.0,11.25,0.9777777777777777,12.0
7,13,2024-06-17,12,25,6,11.0,14.0,9.0,10.75,1.1162790697674418,7.0
7,13,2024-06-24,7,26,6,12.0,11.0,9.0,11.5,0.6086956521739131,4.0
7,13,2024-07-01,4,27,7,7.0,12.0,14.0,11.0,0.36363636363636365,17.0
7,13,2024-07-08,17,28,7,4.0,7.0,11.0,8.5,2.0,6.0
7,13,2024-07-15,6,29,7,17.0,4.0,12.0,10.0,0.6,9.0
7,13,2024-07-22,9,30,7,6.0,17.0,7.0,8.5,1.0588235294117647,7.0
7,13,2024-07-29,7,31,7,9.0,6.0,4.0,9.0,0.7777777777777778,9.0
7,13,2024-08-05,9,32,8,7.0,9.0,17.0,9.75,0.9230769230769231,4.0
7,13,2024-08-12,4,33,8,9.0,7.0,6.0,7.75,0.5161290322580645,9.0
7,13,2024-08-19,9,34,8,4.0,9.0,9.0,7.25,1.2413793103448276,10.0
7,13,2024-08-26,10,35,8,9.0,4.0,7.0,7.25,1.3793103448275863,10.0
7,13,2024-09-02,10,36,9,10.0,9.0,9.0,8.0,1.25,9.0
7,13,2024-09-09,9,37,9,10.0,10.0,4.0,8.25,1.0909090909090908,14.0
7,13,2024-09-16,14,38,9,9.0,10.0,9.0,9.5,1.4736842105263157,8.0
7,13,2024-09-23,8,39,9,14.0,9.0,10.0,10.75,0.7441860465116279,11.0
7,13,2024-09-30,11,40,9,8.0,14.0,10.0,10.25,1.0731707317073171,15.0
7,13,2024-10-07,15,41,10,11.0,8.0,9.0,10.5,1.4285714285714286,9.0
7,13,2024-10-14,9,42,10,15.0,11.0,14.0,12.0,0.75,11.0
7,13,2024-10-21,11,43,10,9.0,15.0,8.0,10.75,1.0232558139534884,5.0
7,13,2024-10-28,5,44,10,11.0,9.0,11.0,11.5,0.43478260869565216,9.0
7,13,2024-11-04,9,45,11,5.0,11.0,15.0,10.0,0.9,10.0
7,13,2024-11-11,10,46,11,9.0,5.0,9.0,8.5,1.1764705882352942,14.0
7,13,2024-11-18,14,47,11,10.0,9.0,11.0,8.75,1.6,10.0
7,13,2024-11-25,10,48,11,14.0,10.0,5.0,9.5,1.0526315789473684,14.0
7,13,2024-12-02,14,49,12,10.0,14.0,9.0,10.75,1.302325581395349,4.0
7,13,2024-12-09,4,50,12,14.0,10.0,10.0,12.0,0.3333333333333333,16.0
7,13,2024-12-16,16,51,12,4.0,14.0,14.0,10.5,1.5238095238095237,6.0
7,13,2024-12-23,6,52,12,16.0,4.0,10.0,11.0,0.5454545454545454,7.0
7,13,2024-12-30,7,1,12,6.0,16.0,14.0,10.0,0.7,16.0
7,13,2025-01-06,16,2,1,7.0,6.0,4.0,8.25,1.9393939393939394,9.0
7,13,2025-01-13,9,3,1,16.0,7.0,16.0,11.25,0.8,9.0
7,13,2025-01-20,9,4,1,9.0,16.0,6.0,9.5,0.9473684210526315,14.0
7,13,2025-01-27,14,5,1,9.0,9.0,7.0,10.25,1.3658536585365855,10.0
7,13,2025-02-03,10,6,2,14.0,9.0,16.0,12.0,0.8333333333333334,14.0
7,13,2025-02-10,14,7,2,10.0,14.0,9.0,10.5,1.3333333333333333,9.0
7,13,2025-02-17,9,8,2,14.0,10.0,9.0,11.75,0.7659574468085106,8.0
7,13,2025-02-24,8,9,2,9.0,14.0,14.0,11.75,0.6808510638297872,9.0
7,13,2025-03-03,9,10,3,8.0,9.0,10.0,10.25,0.8780487804878049,8.0
7,13,2025-03-10,8,11,3,9.0,8.0,14.0,10.0,0.8,10.0
7,13,2025-03-17,10,12,3,8.0,9.0,9.0,8.5,1.1764705882352942,9.0
7,13,2025-03-24,9,13,3,10.0,8.0,8.0,8.75,1.0285714285714285,15.0
7,13,2025-03-31,15,14,3,9.0,10.0,9.0,9.0,1.6666666666666667,13.0
7,13,2025-04-07,13,15,4,15.0,9.0,8.0,10.5,1.2380952380952381,17.0
7,13,2025-04-14,17,16,4,13.0,15.0,10.0,11.75,1.446808510638298,7.0
7,13,2025-04-21,7,17,4,17.0,13.0,9.0,13.5,0.5185185185185185,15.0
7,13,2025-04-28,15,18,4,7.0,17.0,15.0,13.0,1.1538461538461537,8.0
7,13,2025-05-05,8,19,5,15.0,7.0,13.0,13.0,0.6153846153846154,19.0
7,13,2025-05-12,19,20,5,8.0,15.0,17.0,11.75,1.6170212765957446,12.0
7,13,2025-05-19,12,21,5,19.0,8.0,7.0,12.25,0.9795918367346939,15.0
7,13,2025-05-26,15,22,5,12.0,19.0,15.0,13.5,1.1111111111111112,9.0
7,13,2025-06-02,9,23,6,15.0,12.0,8.0,13.5,0.6666666666666666,5.0
7,13,2025-06-09,5,24,6,9.0,15.0,19.0,13.75,0.36363636363636365,8.0
7,13,2025-06-16,8,25,6,5.0,9.0,12.0,10.25,0.7804878048780488,8.0
7,13,2025-06-23,8,26,6,8.0,5.0,15.0,9.25,0.8648648648648649,13.0
7,13,2025-06-30,13,27,6,8.0,8.0,9.0,7.5,1.7333333333333334,9.0
7,13,2025-07-07,9,28,7,13.0,8.0,5.0,8.5,1.0588235294117647,13.0
7,13,2025-07-14,13,29,7,9.0,13.0,8.0,9.5,1.368421052631579,13.0
7,13,2025-07-21,13,30,7,13.0,9.0,8.0,10.75,1.2093023255813953,4.0
7,13,2025-07-28,4,31,7,13.0,13.0,13.0,12.0,0.3333333333333333,12.0
7,13,2025-08-04,12,32,8,4.0,13.0,9.0,9.75,1.2307692307692308,9.0
7,13,2025-08-11,9,33,8,12.0,4.0,13.0,10.5,0.8571428571428571,10.0
7,13,2025-08-18,10,34,8,9.0,12.0,13.0,9.5,1.0526315789473684,10.0
7,13,2025-08-25,10,35,8,10.0,9.0,4.0,8.75,1.1428571428571428,11.0
7,13,2025-09-01,11,36,9,10.0,10.0,12.0,10.25,1.0731707317073171,9.0
7,13,2025-09-08,9,37,9,11.0,10.0,9.0,10.0,0.9,6.0
7,13,2025-09-15,6,38,9,9.0,11.0,10.0,10.0,0.6,12.0
7,13,2025-09-22,12,39,9,6.0,9.0,10.0,9.0,1.3333333333333333,17.0
7,13,2025-09-29,17,40,9,12.0,6.0,11.0,9.5,1.7894736842105263,11.0
7,13,2025-10-06,11,41,10,17.0,12.0,9.0,11.0,1.0,10.0
7,13,2025-10-13,10,42,10,11.0,17.0,6.0,11.5,0.8695652173913043,10.0
7,13,2025-10-20,10,43,10,10.0,11.0,12.0,12.5,0.8,9.0
7,13,2025-10-27,9,44,10,10.0,10.0,17.0,12.0,0.75,13.0
7,13,2025-11-03,13,45,11,9.0,10.0,11.0,10.0,1.3,11.0
7,13,2025-11-10,11,46,11,13.0,9.0,10.0,10.5,1.0476190476190477,13.0
7,13,2025-11-17,13,47,11,11.0,13.0,10.0,10.75,1.2093023255813953,12.0
7,13,2025-11-24,12,48,11,13.0,11.0,9.0,11.5,1.0434782608695652,16.0
7,13,2025-12-01,16,49,12,12.0,13.0,13.0,12.25,1.3061224489795917,12.0
7,13,2025-12-08,12,50,12,16.0,12.0,11.0,13.0,0.9230769230769231,10.0
7,13,2025-12-15,10,51,12,12.0,16.0,13.0,13.25,0.7547169811320755,10.0
7,13,2025-12-22,10,52,12,10.0,12.0,12.0,12.5,0.8,12.0
7,13,2025-12-29,12,1,12,10.0,10.0,16.0,12.0,1.0,17.0
7,13,2026-01-05,17,2,1,12.0,10.0,12.0,11.0,1.5454545454545454,10.0
7,13,2026-01-12,10,3,1,17.0,12.0,10.0,12.25,0.8163265306122449,9.0
7,13,2026-01-19,9,4,1,10.0,17.0,10.0,12.25,0.7346938775510204,9.0
7,13,2026-01-26,9,5,1,9.0,10.0,12.0,12.0,0.75,11.0
7,13,2026-02-02,11,6,2,9.0,9.0,17.0,11.25,0.9777777777777777,9.0
7,13,2026-02-09,9,7,2,11.0,9.0,10.0,9.75,0.9230769230769231,12.0
7,13,2026-02-16,12,8,2,9.0,11.0,9.0,9.5,1.263157894736842,8.0
7,13,2026-02-23,8,9,2,12.0,9.0,9.0,10.25,0.7804878048780488,17.0
7,13,2026-03-02,17,10,3,8.0,12.0,11.0,10.0,1.7,10.0
7,13,2026-03-09,10,11,3,17.0,8.0,9.0,11.5,0.8695652173913043,11.0
7,13,2026-03-16,11,12,3,10.0,17.0,12.0,11.75,0.9361702127659575,11.0
7,13,2026-03-23,11,13,3,11.0,10.0,8.0,11.5,0.9565217391304348,13.0
7,13,2026-03-30,13,14,3,11.0,11.0,17.0,12.25,1.0612244897959184,11.0
7,13,2026-04-06,11,15,4,13.0,11.0,10.0,11.25,0.9777777777777777,16.0
7,13,2026-04-13,16,16,4,11.0,13.0,11.0,11.5,1.391304347826087,3.0
7,13,2026-04-20,3,17,4,16.0,11.0,11.0,12.75,0.23529411764705882,9.0
7,13,2026-04-27,9,18,4,3.0,16.0,13.0,10.75,0.8372093023255814,7.0
7,13,2026-05-04,7,19,5,9.0,3.0,11.0,9.75,0.717948717948718,11.0
7,13,2026-05-11,11,20,5,7.0,9.0,16.0,8.75,1.2571428571428571,9.0
7,13,2026-05-18,9,21,5,11.0,7.0,3.0,7.5,1.2,15.0
7,13,2026-05-25,15,22,5,9.0,11.0,9.0,9.0,1.6666666666666667,8.0
7,13,2026-06-01,8,23,6,15.0,9.0,7.0,10.5,0.7619047619047619,7.0
7,13,2026-06-08,7,24,6,8.0,15.0,11.0,10.75,0.6511627906976745,10.0
7,13,2026-06-15,10,25,6,7.0,8.0,9.0,9.75,1.0256410256410255,11.0
7,13,2026-06-22,11,26,6,10.0,7.0,15.0,10.0,1.1,2.0
7,14,2024-01-29,0,5,1,0.0,0.0,0.0,0.25,0.0,1.0
7,14,2024-02-05,1,6,2,0.0,0.0,1.0,0.25,4.0,0.0
7,14,2024-02-12,0,7,2,1.0,0.0,0.0,0.25,0.0,1.0
7,14,2024-02-19,1,8,2,0.0,1.0,0.0,0.25,4.0,0.0
7,14,2024-02-26,0,9,2,1.0,0.0,0.0,0.5,0.0,0.0
7,14,2024-03-04,0,10,3,0.0,1.0,1.0,0.5,0.0,2.0
7,14,2024-03-11,2,11,3,0.0,0.0,0.0,0.25,8.0,0.0
7,14,2024-03-18,0,12,3,2.0,0.0,1.0,0.75,0.0,0.0
7,14,2024-03-25,0,13,3,0.0,2.0,0.0,0.5,0.0,0.0
7,14,2024-04-01,0,14,4,0.0,0.0,0.0,0.5,0.0,0.0
7,14,2024-04-08,0,15,4,0.0,0.0,2.0,0.5,0.0,0.0
7,14,2024-04-15,0,16,4,0.0,0.0,0.0,0.0,1.0,0.0
7,14,2024-04-22,0,17,4,0.0,0.0,0.0,0.0,1.0,1.0
7,14,2024-04-29,1,18,4,0.0,0.0,0.0,0.0,1.0,0.0
7,14,2024-05-06,0,19,5,1.0,0.0,0.0,0.25,0.0,0.0
7,14,2024-05-13,0,20,5,0.0,1.0,0.0,0.25,0.0,0.0
7,14,2024-05-20,0,21,5,0.0,0.0,0.0,0.25,0.0,0.0
7,14,2024-05-27,0,22,5,0.0,0.0,1.0,0.25,0.0,0.0
7,14,2024-06-03,0,23,6,0.0,0.0,0.0,0.0,1.0,1.0
7,14,2024-06-10,1,24,6,0.0,0.0,0.0,0.0,1.0,1.0
7,14,2024-06-17,1,25,6,1.0,0.0,0.0,0.25,4.0,0.0
7,14,2024-06-24,0,26,6,1.0,1.0,0.0,0.5,0.0,0.0
7,14,2024-07-01,0,27,7,0.0,1.0,0.0,0.5,0.0,0.0
7,14,2024-07-08,0,28,7,0.0,0.0,1.0,0.5,0.0,2.0
7,14,2024-07-15,2,29,7,0.0,0.0,1.0,0.25,8.0,0.0
7,14,2024-07-22,0,30,7,2.0,0.0,0.0,0.5,0.0,1.0
7,14,2024-07-29,1,31,7,0.0,2.0,0.0,0.5,2.0,0.0
7,14,2024-08-05,0,32,8,1.0,0.0,0.0,0.75,0.0,2.0
7,14,2024-08-12,2,33,8,0.0,1.0,2.0,0.75,2.6666666666666665,0.0
7,14,2024-08-19,0,34,8,2.0,0.0,0.0,0.75,0.0,0.0
7,14,2024-08-26,0,35,8,0.0,2.0,1.0,0.75,0.0,1.0
7,14,2024-09-02,1,36,9,0.0,0.0,0.0,0.5,2.0,0.0
7,14,2024-09-09,0,37,9,1.0,0.0,2.0,0.75,0.0,2.0
7,14,2024-09-16,2,38,9,0.0,1.0,0.0,0.25,8.0,0.0
7,14,2024-09-23,0,39,9,2.0,0.0,0.0,0.75,0.0,0.0
7,14,2024-09-30,0,40,9,0.0,2.0,1.0,0.75,0.0,0.0
7,14,2024-10-07,0,41,10,0.0,0.0,0.0,0.5,0.0,0.0
7,14,2024-10-14,0,42,10,0.0,0.0,2.0,0.5,0.0,1.0
7,14,2024-10-21,1,43,10,0.0,0.0,0.0,0.0,1.0,1.0
7,14,2024-10-28,1,44,10,1.0,0.0,0.0,0.25,4.0,0.0
7,14,2024-11-04,0,45,11,1.0,1.0,0.0,0.5,0.0,0.0
7,14,2024-11-11,0,46,11,0.0,1.0,0.0,0.5,0.0,2.0
7,14,2024-11-18,2,47,11,0.0,0.0,1.0,0.5,4.0,0.0
7,14,2024-11-25,0,48,11,2.0,0.0,1.0,0.75,0.0,1.0
7,14,2024-12-02,1,49,12,0.0,2.0,0.0,0.5,2.0,0.0
7,14,2024-12-09,0,50,12,1.0,0.0,0.0,0.75,0.0,0.0
7,14,2024-12-16,0,51,12,0.0,1.0,2.0,0.75,0.0,1.0
7,14,2024-12-23,1,52,12,0.0,0.0,0.0,0.25,4.0,0.0
7,14,2024-12-30,0,1,12,1.0,0.0,1.0,0.5,0.0,0.0
7,14,2025-01-06,0,2,1,0.0,1.0,0.0,0.25,0.0,3.0
7,14,2025-01-13,3,3,1,0.0,0.0,0.0,0.25,12.0,0.0
7,14,2025-01-20,0,4,1,3.0,0.0,1.0,1.0,0.0,0.0
7,14,2025-01-27,0,5,1,0.0,3.0,0.0,0.75,0.0,1.0
7,14,2025-02-03,1,6,2,0.0,0.0,0.0,0.75,1.3333333333333333,0.0
7,14,2025-02-10,0,7,2,1.0,0.0,3.0,1.0,0.0,0.0
7,14,2025-02-17,0,8,2,0.0,1.0,0.0,0.25,0.0,1.0
7,14,2025-02-24,1,9,2,0.0,0.0,0.0,0.25,4.0,1.0
7,14,2025-03-03,1,10,3,1.0,0.0,1.0,0.5,2.0,0.0
7,14,2025-03-10,0,11,3,1.0,1.0,0.0,0.5,0.0,1.0
7,14,2025-03-17,1,12,3,0.0,1.0,0.0,0.5,2.0,0.0
7,14,2025-03-24,0,13,3,1.0,0.0,1.0,0.75,0.0,1.0
7,14,2025-03-31,1,14,3,0.0,1.0,1.0,0.5,2.0,0.0
7,14,2025-04-07,0,15,4,1.0,0.0,0.0,0.5,0.0,0.0
7,14,2025-04-14,0,16,4,0.0,1.0,1.0,0.5,0.0,0.0
7,14,2025-04-21,0,17,4,0.0,0.0,0.0,0.25,0.0,0.0
7,14,2025-04-28,0,18,4,0.0,0.0,1.0,0.25,0.0,0.0
7,14,2025-05-05,0,19,5,0.0,0.0,0.0,0.0,1.0,1.0
7,14,2025-05-12,1,20,5,0.0,0.0,0.0,0.0,1.0,0.0
7,14,2025-05-19,0,21,5,1.0,0.0,0.0,0.25,0.0,0.0
7,14,2025-05-26,0,22,5,0.0,1.0,0.0,0.25,0.0,0.0
7,14,2025-06-02,0,23,6,0.0,0.0,0.0,0.25,0.0,0.0
7,14,2025-06-09,0,24,6,0.0,0.0,1.0,0.25,0.0,1.0
7,14,2025-06-16,1,25,6,0.0,0.0,0.0,0.0,1.0,0.0
7,14,2025-06-23,0,26,6,1.0,0.0,0.0,0.25,0.0,0.0
7,14,2025-06-30,0,27,6,0.0,1.0,0.0,0.25,0.0,0.0
7,14,2025-07-07,0,28,7,0.0,0.0,0.0,0.25,0.0,0.0
7,14,2025-07-14,0,29,7,0.0,0.0,1.0,0.25,0.0,0.0
7,14,2025-07-21,0,30,7,0.0,0.0,0.0,0.0,1.0,3.0
7,14,2025-07-28,3,31,7,0.0,0.0,0.0,0.0,1.0,0.0
7,14,2025-08-04,0,32,8,3.0,0.0,0.0,0.75,0.0,0.0
7,14,2025-08-11,0,33,8,0.0,3.0,0.0,0.75,0.0,0.0
7,14,2025-08-18,0,34,8,0.0,0.0,0.0,0.75,0.0,1.0
7,14,2025-08-25,1,35,8,0.0,0.0,3.0,0.75,1.3333333333333333,1.0
7,14,2025-09-01,1,36,9,1.0,0.0,0.0,0.25,4.0,0.0
7,14,2025-09-08,0,37,9,1.0,1.0,0.0,0.5,0.0,1.0
7,14,2025-09-15,1,38,9,0.0,1.0,0.0,0.5,2.0,1.0
7,14,2025-09-22,1,39,9,1.0,0.0,1.0,0.75,1.3333333333333333,0.0
7,14,2025-09-29,0,40,9,1.0,1.0,1.0,0.75,0.0,0.0
7,14,2025-10-06,0,41,10,0.0,1.0,0.0,0.5,0.0,0.0
7,14,2025-10-13,0,42,10,0.0,0.0,1.0,0.5,0.0,2.0
7,14,2025-10-20,2,43,10,0.0,0.0,1.0,0.25,8.0,0.0
7,14,2025-10-27,0,44,10,2.0,0.0,0.0,0.5,0.0,1.0
7,14,2025-11-03,1,45,11,0.0,2.0,0.0,0.5,2.0,0.0
7,14,2025-11-10,0,46,11,1.0,0.0,0.0,0.75,0.0,0.0
7,14,2025-11-17,0,47,11,0.0,1.0,2.0,0.75,0.0,1.0
7,14,2025-11-24,1,48,11,0.0,0.0,0.0,0.25,4.0,0.0
7,14,2025-12-01,0,49,12,1.0,0.0,1.0,0.5,0.0,0.0
7,14,2025-12-08,0,50,12,0.0,1.0,0.0,0.25,0.0,1.0
7,14,2025-12-15,1,51,12,0.0,0.0,0.0,0.25,4.0,1.0
7,14,2025-12-22,1,52,12,1.0,0.0,1.0,0.5,2.0,1.0
7,14,2025-12-29,1,1,12,1.0,1.0,0.0,0.5,2.0,1.0
7,14,2026-01-05,1,2,1,1.0,1.0,0.0,0.75,1.3333333333333333,0.0
7,14,2026-01-12,0,3,1,1.0,1.0,1.0,1.0,0.0,0.0
7,14,2026-01-19,0,4,1,0.0,1.0,1.0,0.75,0.0,0.0
7,14,2026-01-26,0,5,1,0.0,0.0,1.0,0.5,0.0,1.0
7,14,2026-02-02,1,6,2,0.0,0.0,1.0,0.25,4.0,2.0
7,14,2026-02-09,2,7,2,1.0,0.0,0.0,0.25,8.0,1.0
7,14,2026-02-16,1,8,2,2.0,1.0,0.0,0.75,1.3333333333333333,0.0
7,14,2026-02-23,0,9,2,1.0,2.0,0.0,1.0,0.0,0.0
7,14,2026-03-02,0,10,3,0.0,1.0,1.0,1.0,0.0,2.0
7,14,2026-03-09,2,11,3,0.0,0.0,2.0,0.75,2.6666666666666665,0.0
7,14,2026-03-16,0,12,3,2.0,0.0,1.0,0.75,0.0,0.0
7,14,2026-03-23,0,13,3,0.0,2.0,0.0,0.5,0.0,1.0
7,14,2026-03-30,1,14,3,0.0,0.0,0.0,0.5,2.0,0.0
7,14,2026-04-06,0,15,4,1.0,0.0,2.0,0.75,0.0,0.0
7,14,2026-04-13,0,16,4,0.0,1.0,0.0,0.25,0.0,1.0
7,14,2026-04-20,1,17,4,0.0,0.0,0.0,0.25,4.0,0.0
7,14,2026-04-27,0,18,4,1.0,0.0,1.0,0.5,0.0,0.0
7,14,2026-05-04,0,19,5,0.0,1.0,0.0,0.25,0.0,1.0
7,14,2026-05-11,1,20,5,0.0,0.0,0.0,0.25,4.0,0.0
7,14,2026-05-18,0,21,5,1.0,0.0,1.0,0.5,0.0,0.0
7,14,2026-05-25,0,22,5,0.0,1.0,0.0,0.25,0.0,0.0
7,14,2026-06-01,0,23,6,0.0,0.0,0.0,0.25,0.0,1.0
7,14,2026-06-08,1,24,6,0.0,0.0,1.0,0.25,4.0,0.0
7,14,2026-06-15,0,25,6,1.0,0.0,0.0,0.25,0.0,0.0
7,14,2026-06-22,0,26,6,0.0,1.0,0.0,0.25,0.0,0.0
8,1,2024-01-29,1,5,1,0.0,0.0,1.0,0.5,2.0,1.0
8,1,2024-02-05,1,6,2,1.0,0.0,1.0,0.5,2.0,1.0
8,1,2024-02-12,1,7,2,1.0,1.0,0.0,0.5,2.0,0.0
8,1,2024-02-19,0,8,2,1.0,1.0,0.0,0.75,0.0,0.0
8,1,2024-02-26,0,9,2,0.0,1.0,1.0,0.75,0.0,0.0
8,1,2024-03-04,0,10,3,0.0,0.0,1.0,0.5,0.0,0.0
8,1,2024-03-11,0,11,3,0.0,0.0,1.0,0.25,0.0,0.0
8,1,2024-03-18,0,12,3,0.0,0.0,0.0,0.0,1.0,0.0
8,1,2024-03-25,0,13,3,0.0,0.0,0.0,0.0,1.0,0.0
8,1,2024-04-01,0,14,4,0.0,0.0,0.0,0.0,1.0,0.0
8,1,2024-04-08,0,15,4,0.0,0.0,0.0,0.0,1.0,2.0
8,1,2024-04-15,2,16,4,0.0,0.0,0.0,0.0,1.0,0.0
8,1,2024-04-22,0,17,4,2.0,0.0,0.0,0.5,0.0,0.0
8,1,2024-04-29,0,18,4,0.0,2.0,0.0,0.5,0.0,0.0
8,1,2024-05-06,0,19,5,0.0,0.0,0.0,0.5,0.0,0.0
8,1,2024-05-13,0,20,5,0.0,0.0,2.0,0.5,0.0,2.0
8,1,2024-05-20,2,21,5,0.0,0.0,0.0,0.0,1.0,1.0
8,1,2024-05-27,1,22,5,2.0,0.0,0.0,0.5,2.0,0.0
8,1,2024-06-03,0,23,6,1.0,2.0,0.0,0.75,0.0,0.0
8,1,2024-06-10,0,24,6,0.0,1.0,0.0,0.75,0.0,1.0
8,1,2024-06-17,1,25,6,0.0,0.0,2.0,0.75,1.3333333333333333,1.0
8,1,2024-06-24,1,26,6,1.0,0.0,1.0,0.5,2.0,0.0
8,1,2024-07-01,0,27,7,1.0,1.0,0.0,0.5,0.0,1.0
8,1,2024-07-08,1,28,7,0.0,1.0,0.0,0.5,2.0,2.0
8,1,2024-07-15,2,29,7,1.0,0.0,1.0,0.75,2.6666666666666665,0.0
8,1,2024-07-22,0,30,7,2.0,1.0,1.0,1.0,0.0,0.0
8,1,2024-07-29,0,31,7,0.0,2.0,0.0,0.75,0.0,0.0
8,1,2024-08-05,0,32,8,0.0,0.0,1.0,0.75,0.0,0.0
8,1,2024-08-12,0,33,8,0.0,0.0,2.0,0.5,0.0,0.0
8,1,2024-08-19,0,34,8,0.0,0.0,0.0,0.0,1.0,1.0
8,1,2024-08-26,1,35,8,0.0,0.0,0.0,0.0,1.0,0.0
8,1,2024-09-02,0,36,9,1.0,0.0,0.0,0.25,0.0,0.0
8,1,2024-09-09,0,37,9,0.0,1.0,0.0,0.25,0.0,1.0
8,1,2024-09-16,1,38,9,0.0,0.0,0.0,0.25,4.0,0.0
8,1,2024-09-23,0,39,9,1.0,0.0,1.0,0.5,0.0,1.0
8,1,2024-09-30,1,40,9,0.0,1.0,0.0,0.25,4.0,1.0
8,1,2024-10-07,1,41,10,1.0,0.0,0.0,0.5,2.0,2.0
8,1,2024-10-14,2,42,10,1.0,1.0,1.0,0.75,2.6666666666666665,0.0
8,1,2024-10-21,0,43,10,2.0,1.0,0.0,1.0,0.0,0.0
8,1,2024-10-28,0,44,10,0.0,2.0,1.0,1.0,0.0,0.0
8,1,2024-11-04,0,45,11,0.0,0.0,1.0,0.75,0.0,0.0
8,1,2024-11-11,0,46,11,0.0,0.0,2.0,0.5,0.0,0.0
8,1,2024-11-18,0,47,11,0.0,0.0,0.0,0.0,1.0,0.0
8,1,2024-11-25,0,48,11,0.0,0.0,0.0,0.0,1.0,0.0
8,1,2024-12-02,0,49,12,0.0,0.0,0.0,0.0,1.0,3.0
8,1,2024-12-09,3,50,12,0.0,0.0,0.0,0.0,1.0,0.0
8,1,2024-12-16,0,51,12,3.0,0.0,0.0,0.75,0.0,0.0
8,1,2024-12-23,0,52,12,0.0,3.0,0.0,0.75,0.0,0.0
8,1,2024-12-30,0,1,12,0.0,0.0,0.0,0.75,0.0,0.0
8,1,2025-01-06,0,2,1,0.0,0.0,3.0,0.75,0.0,0.0
8,1,2025-01-13,0,3,1,0.0,0.0,0.0,0.0,1.0,0.0
8,1,2025-01-20,0,4,1,0.0,0.0,0.0,0.0,1.0,0.0
8,1,2025-01-27,0,5,1,0.0,0.0,0.0,0.0,1.0,0.0
8,1,2025-02-03,0,6,2,0.0,0.0,0.0,0.0,1.0,0.0
8,1,2025-02-10,0,7,2,0.0,0.0,0.0,0.0,1.0,0.0
8,1,2025-02-17,0,8,2,0.0,0.0,0.0,0.0,1.0,0.0
8,1,2025-02-24,0,9,2,0.0,0.0,0.0,0.0,1.0,0.0
8,1,2025-03-03,0,10,3,0.0,0.0,0.0,0.0,1.0,1.0
8,1,2025-03-10,1,11,3,0.0,0.0,0.0,0.0,1.0,0.0
8,1,2025-03-17,0,12,3,1.0,0.0,0.0,0.25,0.0,0.0
8,1,2025-03-24,0,13,3,0.0,1.0,0.0,0.25,0.0,0.0
8,1,2025-03-31,0,14,3,0.0,0.0,0.0,0.25,0.0,1.0
8,1,2025-04-07,1,15,4,0.0,0.0,1.0,0.25,4.0,0.0
8,1,2025-04-14,0,16,4,1.0,0.0,0.0,0.25,0.0,0.0
8,1,2025-04-21,0,17,4,0.0,1.0,0.0,0.25,0.0,1.0
8,1,2025-04-28,1,18,4,0.0,0.0,0.0,0.25,4.0,0.0
8,1,2025-05-05,0,19,5,1.0,0.0,1.0,0.5,0.0,0.0
8,1,2025-05-12,0,20,5,0.0,1.0,0.0,0.25,0.0,1.0
8,1,2025-05-19,1,21,5,0.0,0.0,0.0,0.25,4.0,1.0
8,1,2025-05-26,1,22,5,1.0,0.0,1.0,0.5,2.0,1.0
8,1,2025-06-02,1,23,6,1.0,1.0,0.0,0.5,2.0,0.0
8,1,2025-06-09,0,24,6,1.0,1.0,0.0,0.75,0.0,0.0
8,1,2025-06-16,0,25,6,0.0,1.0,1.0,0.75,0.0,0.0
8,1,2025-06-23,0,26,6,0.0,0.0,1.0,0.5,0.0,0.0
8,1,2025-06-30,0,27,6,0.0,0.0,1.0,0.25,0.0,1.0
8,1,2025-07-07,1,28,7,0.0,0.0,0.0,0.0,1.0,0.0
8,1,2025-07-14,0,29,7,1.0,0.0,0.0,0.25,0.0,0.0
8,1,2025-07-21,0,30,7,0.0,1.0,0.0,0.25,0.0,0.0
8,1,2025-07-28,0,31,7,0.0,0.0,0.0,0.25,0.0,0.0
8,1,2025-08-04,0,32,8,0.0,0.0,1.0,0.25,0.0,0.0
8,1,2025-08-11,0,33,8,0.0,0.0,0.0,0.0,1.0,0.0
8,1,2025-08-18,0,34,8,0.0,0.0,0.0,0.0,1.0,0.0
8,1,2025-08-25,0,35,8,0.0,0.0,0.0,0.0,1.0,0.0
8,1,2025-09-01,0,36,9,0.0,0.0,0.0,0.0,1.0,0.0
8,1,2025-09-08,0,37,9,0.0,0.0,0.0,0.0,1.0,0.0
8,1,2025-09-15,0,38,9,0.0,0.0,0.0,0.0,1.0,0.0
8,1,2025-09-22,0,39,9,0.0,0.0,0.0,0.0,1.0,0.0
8,1,2025-09-29,0,40,9,0.0,0.0,0.0,0.0,1.0,0.0
8,1,2025-10-06,0,41,10,0.0,0.0,0.0,0.0,1.0,0.0
8,1,2025-10-13,0,42,10,0.0,0.0,0.0,0.0,1.0,1.0
8,1,2025-10-20,1,43,10,0.0,0.0,0.0,0.0,1.0,0.0
8,1,2025-10-27,0,44,10,1.0,0.0,0.0,0.25,0.0,0.0
8,1,2025-11-03,0,45,11,0.0,1.0,0.0,0.25,0.0,0.0
8,1,2025-11-10,0,46,11,0.0,0.0,0.0,0.25,0.0,1.0
8,1,2025-11-17,1,47,11,0.0,0.0,1.0,0.25,4.0,2.0
8,1,2025-11-24,2,48,11,1.0,0.0,0.0,0.25,8.0,0.0
8,1,2025-12-01,0,49,12,2.0,1.0,0.0,0.75,0.0,1.0
8,1,2025-12-08,1,50,12,0.0,2.0,0.0,0.75,1.3333333333333333,1.0
8,1,2025-12-15,1,51,12,1.0,0.0,1.0,1.0,1.0,0.0
8,1,2025-12-22,0,52,12,1.0,1.0,2.0,1.0,0.0,0.0
8,1,2025-12-29,0,1,12,0.0,1.0,0.0,0.5,0.0,2.0
8,1,2026-01-05,2,2,1,0.0,0.0,1.0,0.5,4.0,0.0
8,1,2026-01-12,0,3,1,2.0,0.0,1.0,0.75,0.0,1.0
8,1,2026-01-19,1,4,1,0.0,2.0,0.0,0.5,2.0,0.0
8,1,2026-01-26,0,5,1,1.0,0.0,0.0,0.75,0.0,0.0
8,1,2026-02-02,0,6,2,0.0,1.0,2.0,0.75,0.0,0.0
8,1,2026-02-09,0,7,2,0.0,0.0,0.0,0.25,0.0,1.0
8,1,2026-02-16,1,8,2,0.0,0.0,1.0,0.25,4.0,2.0
8,1,2026-02-23,2,9,2,1.0,0.0,0.0,0.25,8.0,1.0
8,1,2026-03-02,1,10,3,2.0,1.0,0.0,0.75,1.3333333333333333,1.0
8,1,2026-03-09,1,11,3,1.0,2.0,0.0,1.0,1.0,0.0
8,1,2026-03-16,0,12,3,1.0,1.0,1.0,1.25,0.0,0.0
8,1,2026-03-23,0,13,3,0.0,1.0,2.0,1.0,0.0,0.0
8,1,2026-03-30,0,14,3,0.0,0.0,1.0,0.5,0.0,1.0
8,1,2026-04-06,1,15,4,0.0,0.0,1.0,0.25,4.0,3.0
8,1,2026-04-13,3,16,4,1.0,0.0,0.0,0.25,12.0,0.0
8,1,2026-04-20,0,17,4,3.0,1.0,0.0,1.0,0.0,0.0
8,1,2026-04-27,0,18,4,0.0,3.0,0.0,1.0,0.0,1.0
8,1,2026-05-04,1,19,5,0.0,0.0,1.0,1.0,1.0,0.0
8,1,2026-05-11,0,20,5,1.0,0.0,3.0,1.0,0.0,2.0
8,1,2026-05-18,2,21,5,0.0,1.0,0.0,0.25,8.0,0.0
8,1,2026-05-25,0,22,5,2.0,0.0,0.0,0.75,0.0,1.0
8,1,2026-06-01,1,23,6,0.0,2.0,1.0,0.75,1.3333333333333333,0.0
8,1,2026-06-08,0,24,6,1.0,0.0,0.0,0.75,0.0,1.0
8,1,2026-06-15,1,25,6,0.0,1.0,2.0,0.75,1.3333333333333333,0.0
8,1,2026-06-22,0,26,6,1.0,0.0,0.0,0.5,0.0,0.0
8,2,2024-01-29,0,5,1,1.0,0.0,0.0,0.25,0.0,0.0
8,2,2024-02-05,0,6,2,0.0,1.0,0.0,0.25,0.0,0.0
8,2,2024-02-12,0,7,2,0.0,0.0,0.0,0.25,0.0,0.0
8,2,2024-02-19,0,8,2,0.0,0.0,1.0,0.25,0.0,1.0
8,2,2024-02-26,1,9,2,0.0,0.0,0.0,0.0,1.0,1.0
8,2,2024-03-04,1,10,3,1.0,0.0,0.0,0.25,4.0,0.0
8,2,2024-03-11,0,11,3,1.0,1.0,0.0,0.5,0.0,0.0
8,2,2024-03-18,0,12,3,0.0,1.0,0.0,0.5,0.0,2.0
8,2,2024-03-25,2,13,3,0.0,0.0,1.0,0.5,4.0,0.0
8,2,2024-04-01,0,14,4,2.0,0.0,1.0,0.75,0.0,0.0
8,2,2024-04-08,0,15,4,0.0,2.0,0.0,0.5,0.0,0.0
8,2,2024-04-15,0,16,4,0.0,0.0,0.0,0.5,0.0,2.0
8,2,2024-04-22,2,17,4,0.0,0.0,2.0,0.5,4.0,0.0
8,2,2024-04-29,0,18,4,2.0,0.0,0.0,0.5,0.0,1.0
8,2,2024-05-06,1,19,5,0.0,2.0,0.0,0.5,2.0,0.0
8,2,2024-05-13,0,20,5,1.0,0.0,0.0,0.75,0.0,0.0
8,2,2024-05-20,0,21,5,0.0,1.0,2.0,0.75,0.0,0.0
8,2,2024-05-27,0,22,5,0.0,0.0,0.0,0.25,0.0,1.0
8,2,2024-06-03,1,23,6,0.0,0.0,1.0,0.25,4.0,0.0
8,2,2024-06-10,0,24,6,1.0,0.0,0.0,0.25,0.0,0.0
8,2,2024-06-17,0,25,6,0.0,1.0,0.0,0.25,0.0,1.0
8,2,2024-06-24,1,26,6,0.0,0.0,0.0,0.25,4.0,0.0
8,2,2024-07-01,0,27,7,1.0,0.0,1.0,0.5,0.0,0.0
8,2,2024-07-08,0,28,7,0.0,1.0,0.0,0.25,0.0,2.0
8,2,2024-07-15,2,29,7,0.0,0.0,0.0,0.25,8.0,0.0
8,2,2024-07-22,0,30,7,2.0,0.0,1.0,0.75,0.0,1.0
8,2,2024-07-29,1,31,7,0.0,2.0,0.0,0.5,2.0,1.0
8,2,2024-08-05,1,32,8,1.0,0.0,0.0,0.75,1.3333333333333333,1.0
8,2,2024-08-12,1,33,8,1.0,1.0,2.0,1.0,1.0,0.0
8,2,2024-08-19,0,34,8,1.0,1.0,0.0,0.75,0.0,1.0
8,2,2024-08-26,1,35,8,0.0,1.0,1.0,0.75,1.3333333333333333,0.0
8,2,2024-09-02,0,36,9,1.0,0.0,1.0,0.75,0.0,0.0
8,2,2024-09-09,0,37,9,0.0,1.0,1.0,0.5,0.0,1.0
8,2,2024-09-16,1,38,9,0.0,0.0,0.0,0.25,4.0,0.0
8,2,2024-09-23,0,39,9,1.0,0.0,1.0,0.5,0.0,1.0
8,2,2024-09-30,1,40,9,0.0,1.0,0.0,0.25,4.0,0.0
8,2,2024-10-07,0,41,10,1.0,0.0,0.0,0.5,0.0,0.0
8,2,2024-10-14,0,42,10,0.0,1.0,1.0,0.5,0.0,0.0
8,2,2024-10-21,0,43,10,0.0,0.0,0.0,0.25,0.0,0.0
8,2,2024-10-28,0,44,10,0.0,0.0,1.0,0.25,0.0,0.0
8,2,2024-11-04,0,45,11,0.0,0.0,0.0,0.0,1.0,0.0
8,2,2024-11-11,0,46,11,0.0,0.0,0.0,0.0,1.0,0.0
8,2,2024-11-18,0,47,11,0.0,0.0,0.0,0.0,1.0,0.0
8,2,2024-11-25,0,48,11,0.0,0.0,0.0,0.0,1.0,1.0
8,2,2024-12-02,1,49,12,0.0,0.0,0.0,0.0,1.0,0.0
8,2,2024-12-09,0,50,12,1.0,0.0,0.0,0.25,0.0,0.0
8,2,2024-12-16,0,51,12,0.0,1.0,0.0,0.25,0.0,2.0
8,2,2024-12-23,2,52,12,0.0,0.0,0.0,0.25,8.0,2.0
8,2,2024-12-30,2,1,12,2.0,0.0,1.0,0.75,2.6666666666666665,1.0
8,2,2025-01-06,1,2,1,2.0,2.0,0.0,1.0,1.0,1.0
8,2,2025-01-13,1,3,1,1.0,2.0,0.0,1.25,0.8,0.0
8,2,2025-01-20,0,4,1,1.0,1.0,2.0,1.5,0.0,0.0
8,2,2025-01-27,0,5,1,0.0,1.0,2.0,1.0,0.0,0.0
8,2,2025-02-03,0,6,2,0.0,0.0,1.0,0.5,0.0,0.0
8,2,2025-02-10,0,7,2,0.0,0.0,1.0,0.25,0.0,2.0
8,2,2025-02-17,2,8,2,0.0,0.0,0.0,0.0,1.0,0.0
8,2,2025-02-24,0,9,2,2.0,0.0,0.0,0.5,0.0,0.0
8,2,2025-03-03,0,10,3,0.0,2.0,0.0,0.5,0.0,0.0
8,2,2025-03-10,0,11,3,0.0,0.0,0.0,0.5,0.0,0.0
8,2,2025-03-17,0,12,3,0.0,0.0,2.0,0.5,0.0,1.0
8,2,2025-03-24,1,13,3,0.0,0.0,0.0,0.0,1.0,1.0
8,2,2025-03-31,1,14,3,1.0,0.0,0.0,0.25,4.0,0.0
8,2,2025-04-07,0,15,4,1.0,1.0,0.0,0.5,0.0,0.0
8,2,2025-04-14,0,16,4,0.0,1.0,0.0,0.5,0.0,0.0
8,2,2025-04-21,0,17,4,0.0,0.0,1.0,0.5,0.0,0.0
8,2,2025-04-28,0,18,4,0.0,0.0,1.0,0.25,0.0,1.0
8,2,2025-05-05,1,19,5,0.0,0.0,0.0,0.0,1.0,0.0
8,2,2025-05-12,0,20,5,1.0,0.0,0.0,0.25,0.0,1.0
8,2,2025-05-19,1,21,5,0.0,1.0,0.0,0.25,4.0,0.0
8,2,2025-05-26,0,22,5,1.0,0.0,0.0,0.5,0.0,1.0
8,2,2025-06-02,1,23,6,0.0,1.0,1.0,0.5,2.0,1.0
8,2,2025-06-09,1,24,6,1.0,0.0,0.0,0.5,2.0,0.0
8,2,2025-06-16,0,25,6,1.0,1.0,1.0,0.75,0.0,0.0
8,2,2025-06-23,0,26,6,0.0,1.0,0.0,0.5,0.0,2.0
8,2,2025-06-30,2,27,6,0.0,0.0,1.0,0.5,4.0,1.0
8,2,2025-07-07,1,28,7,2.0,0.0,1.0,0.75,1.3333333333333333,0.0
8,2,2025-07-14,0,29,7,1.0,2.0,0.0,0.75,0.0,3.0
8,2,2025-07-21,3,30,7,0.0,1.0,0.0,0.75,4.0,1.0
8,2,2025-07-28,1,31,7,3.0,0.0,2.0,1.5,0.6666666666666666,0.0
8,2,2025-08-04,0,32,8,1.0,3.0,1.0,1.25,0.0,1.0
8,2,2025-08-11,1,33,8,0.0,1.0,0.0,1.0,1.0,0.0
8,2,2025-08-18,0,34,8,1.0,0.0,3.0,1.25,0.0,2.0
8,2,2025-08-25,2,35,8,0.0,1.0,1.0,0.5,4.0,0.0
8,2,2025-09-01,0,36,9,2.0,0.0,0.0,0.75,0.0,1.0
8,2,2025-09-08,1,37,9,0.0,2.0,1.0,0.75,1.3333333333333333,1.0
8,2,2025-09-15,1,38,9,1.0,0.0,0.0,0.75,1.3333333333333333,1.0
8,2,2025-09-22,1,39,9,1.0,1.0,2.0,1.0,1.0,2.0
8,2,2025-09-29,2,40,9,1.0,1.0,0.0,0.75,2.6666666666666665,0.0
8,2,2025-10-06,0,41,10,2.0,1.0,1.0,1.25,0.0,1.0
8,2,2025-10-13,1,42,10,0.0,2.0,1.0,1.0,1.0,0.0
8,2,2025-10-20,0,43,10,1.0,0.0,1.0,1.0,0.0,0.0
8,2,2025-10-27,0,44,10,0.0,1.0,2.0,0.75,0.0,1.0
8,2,2025-11-03,1,45,11,0.0,0.0,0.0,0.25,4.0,0.0
8,2,2025-11-10,0,46,11,1.0,0.0,1.0,0.5,0.0,3.0
8,2,2025-11-17,3,47,11,0.0,1.0,0.0,0.25,12.0,2.0
8,2,2025-11-24,2,48,11,3.0,0.0,0.0,1.0,2.0,0.0
8,2,2025-12-01,0,49,12,2.0,3.0,1.0,1.5,0.0,0.0
8,2,2025-12-08,0,50,12,0.0,2.0,0.0,1.25,0.0,0.0
8,2,2025-12-15,0,51,12,0.0,0.0,3.0,1.25,0.0,1.0
8,2,2025-12-22,1,52,12,0.0,0.0,2.0,0.5,2.0,0.0
8,2,2025-12-29,0,1,12,1.0,0.0,0.0,0.25,0.0,1.0
8,2,2026-01-05,1,2,1,0.0,1.0,0.0,0.25,4.0,0.0
8,2,2026-01-12,0,3,1,1.0,0.0,0.0,0.5,0.0,0.0
8,2,2026-01-19,0,4,1,0.0,1.0,1.0,0.5,0.0,0.0
8,2,2026-01-26,0,5,1,0.0,0.0,0.0,0.25,0.0,0.0
8,2,2026-02-02,0,6,2,0.0,0.0,1.0,0.25,0.0,0.0
8,2,2026-02-09,0,7,2,0.0,0.0,0.0,0.0,1.0,0.0
8,2,2026-02-16,0,8,2,0.0,0.0,0.0,0.0,1.0,1.0
8,2,2026-02-23,1,9,2,0.0,0.0,0.0,0.0,1.0,0.0
8,2,2026-03-02,0,10,3,1.0,0.0,0.0,0.25,0.0,0.0
8,2,2026-03-09,0,11,3,0.0,1.0,0.0,0.25,0.0,0.0
8,2,2026-03-16,0,12,3,0.0,0.0,0.0,0.25,0.0,2.0
8,2,2026-03-23,2,13,3,0.0,0.0,1.0,0.25,8.0,0.0
8,2,2026-03-30,0,14,3,2.0,0.0,0.0,0.5,0.0,0.0
8,2,2026-04-06,0,15,4,0.0,2.0,0.0,0.5,0.0,1.0
8,2,2026-04-13,1,16,4,0.0,0.0,0.0,0.5,2.0,1.0
8,2,2026-04-20,1,17,4,1.0,0.0,2.0,0.75,1.3333333333333333,0.0
8,2,2026-04-27,0,18,4,1.0,1.0,0.0,0.5,0.0,1.0
8,2,2026-05-04,1,19,5,0.0,1.0,0.0,0.5,2.0,0.0
8,2,2026-05-11,0,20,5,1.0,0.0,1.0,0.75,0.0,1.0
8,2,2026-05-18,1,21,5,0.0,1.0,1.0,0.5,2.0,0.0
8,2,2026-05-25,0,22,5,1.0,0.0,0.0,0.5,0.0,0.0
8,2,2026-06-01,0,23,6,0.0,1.0,1.0,0.5,0.0,1.0
8,2,2026-06-08,1,24,6,0.0,0.0,0.0,0.25,4.0,0.0
8,2,2026-06-15,0,25,6,1.0,0.0,1.0,0.5,0.0,0.0
8,2,2026-06-22,0,26,6,0.0,1.0,0.0,0.25,0.0,0.0
8,3,2024-01-29,0,5,1,0.0,0.0,0.0,0.0,1.0,1.0
8,3,2024-02-05,1,6,2,0.0,0.0,0.0,0.0,1.0,0.0
8,3,2024-02-12,0,7,2,1.0,0.0,0.0,0.25,0.0,1.0
8,3,2024-02-19,1,8,2,0.0,1.0,0.0,0.25,4.0,0.0
8,3,2024-02-26,0,9,2,1.0,0.0,0.0,0.5,0.0,1.0
8,3,2024-03-04,1,10,3,0.0,1.0,1.0,0.5,2.0,1.0
8,3,2024-03-11,1,11,3,1.0,0.0,0.0,0.5,2.0,0.0
8,3,2024-03-18,0,12,3,1.0,1.0,1.0,0.75,0.0,0.0
8,3,2024-03-25,0,13,3,0.0,1.0,0.0,0.5,0.0,1.0
8,3,2024-04-01,1,14,4,0.0,0.0,1.0,0.5,2.0,0.0
8,3,2024-04-08,0,15,4,1.0,0.0,1.0,0.5,0.0,0.0
8,3,2024-04-15,0,16,4,0.0,1.0,0.0,0.25,0.0,3.0
8,3,2024-04-22,3,17,4,0.0,0.0,0.0,0.25,12.0,1.0
8,3,2024-04-29,1,18,4,3.0,0.0,1.0,1.0,1.0,0.0
8,3,2024-05-06,0,19,5,1.0,3.0,0.0,1.0,0.0,0.0
8,3,2024-05-13,0,20,5,0.0,1.0,0.0,1.0,0.0,0.0
8,3,2024-05-20,0,21,5,0.0,0.0,3.0,1.0,0.0,0.0
8,3,2024-05-27,0,22,5,0.0,0.0,1.0,0.25,0.0,0.0
8,3,2024-06-03,0,23,6,0.0,0.0,0.0,0.0,1.0,0.0
8,3,2024-06-10,0,24,6,0.0,0.0,0.0,0.0,1.0,0.0
8,3,2024-06-17,0,25,6,0.0,0.0,0.0,0.0,1.0,0.0
8,3,2024-06-24,0,26,6,0.0,0.0,0.0,0.0,1.0,0.0
8,3,2024-07-01,0,27,7,0.0,0.0,0.0,0.0,1.0,0.0
8,3,2024-07-08,0,28,7,0.0,0.0,0.0,0.0,1.0,1.0
8,3,2024-07-15,1,29,7,0.0,0.0,0.0,0.0,1.0,0.0
8,3,2024-07-22,0,30,7,1.0,0.0,0.0,0.25,0.0,0.0
8,3,2024-07-29,0,31,7,0.0,1.0,0.0,0.25,0.0,2.0
8,3,2024-08-05,2,32,8,0.0,0.0,0.0,0.25,8.0,0.0
8,3,2024-08-12,0,33,8,2.0,0.0,1.0,0.75,0.0,1.0
8,3,2024-08-19,1,34,8,0.0,2.0,0.0,0.5,2.0,1.0
8,3,2024-08-26,1,35,8,1.0,0.0,0.0,0.75,1.3333333333333333,1.0
8,3,2024-09-02,1,36,9,1.0,1.0,2.0,1.0,1.0,1.0
8,3,2024-09-09,1,37,9,1.0,1.0,0.0,0.75,1.3333333333333333,0.0
8,3,2024-09-16,0,38,9,1.0,1.0,1.0,1.0,0.0,1.0
8,3,2024-09-23,1,39,9,0.0,1.0,1.0,0.75,1.3333333333333333,0.0
8,3,2024-09-30,0,40,9,1.0,0.0,1.0,0.75,0.0,1.0
8,3,2024-10-07,1,41,10,0.0,1.0,1.0,0.5,2.0,0.0
8,3,2024-10-14,0,42,10,1.0,0.0,0.0,0.5,0.0,0.0
8,3,2024-10-21,0,43,10,0.0,1.0,1.0,0.5,0.0,1.0
8,3,2024-10-28,1,44,10,0.0,0.0,0.0,0.25,4.0,2.0
8,3,2024-11-04,2,45,11,1.0,0.0,1.0,0.5,4.0,1.0
8,3,2024-11-11,1,46,11,2.0,1.0,0.0,0.75,1.3333333333333333,0.0
8,3,2024-11-18,0,47,11,1.0,2.0,0.0,1.0,0.0,1.0
8,3,2024-11-25,1,48,11,0.0,1.0,1.0,1.0,1.0,0.0
8,3,2024-12-02,0,49,12,1.0,0.0,2.0,1.0,0.0,0.0
8,3,2024-12-09,0,50,12,0.0,1.0,1.0,0.5,0.0,0.0
8,3,2024-12-16,0,51,12,0.0,0.0,0.0,0.25,0.0,0.0
8,3,2024-12-23,0,52,12,0.0,0.0,1.0,0.25,0.0,0.0
8,3,2024-12-30,0,1,12,0.0,0.0,0.0,0.0,1.0,0.0
8,3,2025-01-06,0,2,1,0.0,0.0,0.0,0.0,1.0,0.0
8,3,2025-01-13,0,3,1,0.0,0.0,0.0,0.0,1.0,1.0
8,3,2025-01-20,1,4,1,0.0,0.0,0.0,0.0,1.0,0.0
8,3,2025-01-27,0,5,1,1.0,0.0,0.0,0.25,0.0,1.0
8,3,2025-02-03,1,6,2,0.0,1.0,0.0,0.25,4.0,1.0
8,3,2025-02-10,1,7,2,1.0,0.0,0.0,0.5,2.0,0.0
8,3,2025-02-17,0,8,2,1.0,1.0,1.0,0.75,0.0,0.0
8,3,2025-02-24,0,9,2,0.0,1.0,0.0,0.5,0.0,2.0
8,3,2025-03-03,2,10,3,0.0,0.0,1.0,0.5,4.0,0.0
8,3,2025-03-10,0,11,3,2.0,0.0,1.0,0.75,0.0,1.0
8,3,2025-03-17,1,12,3,0.0,2.0,0.0,0.5,2.0,1.0
8,3,2025-03-24,1,13,3,1.0,0.0,0.0,0.75,1.3333333333333333,0.0
8,3,2025-03-31,0,14,3,1.0,1.0,2.0,1.0,0.0,0.0
8,3,2025-04-07,0,15,4,0.0,1.0,0.0,0.5,0.0,2.0
8,3,2025-04-14,2,16,4,0.0,0.0,1.0,0.5,4.0,0.0
8,3,2025-04-21,0,17,4,2.0,0.0,1.0,0.75,0.0,1.0
8,3,2025-04-28,1,18,4,0.0,2.0,0.0,0.5,2.0,0.0
8,3,2025-05-05,0,19,5,1.0,0.0,0.0,0.75,0.0,0.0
8,3,2025-05-12,0,20,5,0.0,1.0,2.0,0.75,0.0,1.0
8,3,2025-05-19,1,21,5,0.0,0.0,0.0,0.25,4.0,0.0
8,3,2025-05-26,0,22,5,1.0,0.0,1.0,0.5,0.0,1.0
8,3,2025-06-02,1,23,6,0.0,1.0,0.0,0.25,4.0,0.0
8,3,2025-06-09,0,24,6,1.0,0.0,0.0,0.5,0.0,0.0
8,3,2025-06-16,0,25,6,0.0,1.0,1.0,0.5,0.0,0.0
8,3,2025-06-23,0,26,6,0.0,0.0,0.0,0.25,0.0,0.0
8,3,2025-06-30,0,27,6,0.0,0.0,1.0,0.25,0.0,1.0
8,3,2025-07-07,1,28,7,0.0,0.0,0.0,0.0,1.0,0.0
8,3,2025-07-14,0,29,7,1.0,0.0,0.0,0.25,0.0,0.0
8,3,2025-07-21,0,30,7,0.0,1.0,0.0,0.25,0.0,0.0
8,3,2025-07-28,0,31,7,0.0,0.0,0.0,0.25,0.0,0.0
8,3,2025-08-04,0,32,8,0.0,0.0,1.0,0.25,0.0,0.0
8,3,2025-08-11,0,33,8,0.0,0.0,0.0,0.0,1.0,0.0
8,3,2025-08-18,0,34,8,0.0,0.0,0.0,0.0,1.0,0.0
8,3,2025-08-25,0,35,8,0.0,0.0,0.0,0.0,1.0,1.0
8,3,2025-09-01,1,36,9,0.0,0.0,0.0,0.0,1.0,2.0
8,3,2025-09-08,2,37,9,1.0,0.0,0.0,0.25,8.0,1.0
8,3,2025-09-15,1,38,9,2.0,1.0,0.0,0.75,1.3333333333333333,0.0
8,3,2025-09-22,0,39,9,1.0,2.0,0.0,1.0,0.0,1.0
8,3,2025-09-29,1,40,9,0.0,1.0,1.0,1.0,1.0,0.0
8,3,2025-10-06,0,41,10,1.0,0.0,2.0,1.0,0.0,1.0
8,3,2025-10-13,1,42,10,0.0,1.0,1.0,0.5,2.0,0.0
8,3,2025-10-20,0,43,10,1.0,0.0,0.0,0.5,0.0,0.0
8,3,2025-10-27,0,44,10,0.0,1.0,1.0,0.5,0.0,0.0
8,3,2025-11-03,0,45,11,0.0,0.0,0.0,0.25,0.0,1.0
8,3,2025-11-10,1,46,11,0.0,0.0,1.0,0.25,4.0,1.0
8,3,2025-11-17,1,47,11,1.0,0.0,0.0,0.25,4.0,0.0
8,3,2025-11-24,0,48,11,1.0,1.0,0.0,0.5,0.0,1.0
8,3,2025-12-01,1,49,12,0.0,1.0,0.0,0.5,2.0,0.0
8,3,2025-12-08,0,50,12,1.0,0.0,1.0,0.75,0.0,1.0
8,3,2025-12-15,1,51,12,0.0,1.0,1.0,0.5,2.0,0.0
8,3,2025-12-22,0,52,12,1.0,0.0,0.0,0.5,0.0,0.0
8,3,2025-12-29,0,1,12,0.0,1.0,1.0,0.5,0.0,0.0
8,3,2026-01-05,0,2,1,0.0,0.0,0.0,0.25,0.0,0.0
8,3,2026-01-12,0,3,1,0.0,0.0,1.0,0.25,0.0,0.0
8,3,2026-01-19,0,4,1,0.0,0.0,0.0,0.0,1.0,0.0
8,3,2026-01-26,0,5,1,0.0,0.0,0.0,0.0,1.0,1.0
8,3,2026-02-02,1,6,2,0.0,0.0,0.0,0.0,1.0,0.0
8,3,2026-02-09,0,7,2,1.0,0.0,0.0,0.25,0.0,0.0
8,3,2026-02-16,0,8,2,0.0,1.0,0.0,0.25,0.0,0.0
8,3,2026-02-23,0,9,2,0.0,0.0,0.0,0.25,0.0,1.0
8,3,2026-03-02,1,10,3,0.0,0.0,1.0,0.25,4.0,2.0
8,3,2026-03-09,2,11,3,1.0,0.0,0.0,0.25,8.0,0.0
8,3,2026-03-16,0,12,3,2.0,1.0,0.0,0.75,0.0,0.0
8,3,2026-03-23,0,13,3,0.0,2.0,0.0,0.75,0.0,0.0
8,3,2026-03-30,0,14,3,0.0,0.0,1.0,0.75,0.0,1.0
8,3,2026-04-06,1,15,4,0.0,0.0,2.0,0.5,2.0,0.0
8,3,2026-04-13,0,16,4,1.0,0.0,0.0,0.25,0.0,1.0
8,3,2026-04-20,1,17,4,0.0,1.0,0.0,0.25,4.0,1.0
8,3,2026-04-27,1,18,4,1.0,0.0,0.0,0.5,2.0,1.0
8,3,2026-05-04,1,19,5,1.0,1.0,1.0,0.75,1.3333333333333333,0.0
8,3,2026-05-11,0,20,5,1.0,1.0,0.0,0.75,0.0,0.0
8,3,2026-05-18,0,21,5,0.0,1.0,1.0,0.75,0.0,0.0
8,3,2026-05-25,0,22,5,0.0,0.0,1.0,0.5,0.0,0.0
8,3,2026-06-01,0,23,6,0.0,0.0,1.0,0.25,0.0,0.0
8,3,2026-06-08,0,24,6,0.0,0.0,0.0,0.0,1.0,0.0
8,3,2026-06-15,0,25,6,0.0,0.0,0.0,0.0,1.0,0.0
8,3,2026-06-22,0,26,6,0.0,0.0,0.0,0.0,1.0,0.0
8,4,2024-01-29,0,5,1,0.0,1.0,0.0,0.25,0.0,1.0
8,4,2024-02-05,1,6,2,0.0,0.0,0.0,0.25,4.0,0.0
8,4,2024-02-12,0,7,2,1.0,0.0,1.0,0.5,0.0,0.0
8,4,2024-02-19,0,8,2,0.0,1.0,0.0,0.25,0.0,0.0
8,4,2024-02-26,0,9,2,0.0,0.0,0.0,0.25,0.0,1.0
8,4,2024-03-04,1,10,3,0.0,0.0,1.0,0.25,4.0,1.0
8,4,2024-03-11,1,11,3,1.0,0.0,0.0,0.25,4.0,1.0
8,4,2024-03-18,1,12,3,1.0,1.0,0.0,0.5,2.0,0.0
8,4,2024-03-25,0,13,3,1.0,1.0,0.0,0.75,0.0,0.0
8,4,2024-04-01,0,14,4,0.0,1.0,1.0,0.75,0.0,0.0
8,4,2024-04-08,0,15,4,0.0,0.0,1.0,0.5,0.0,0.0
8,4,2024-04-15,0,16,4,0.0,0.0,1.0,0.25,0.0,1.0
8,4,2024-04-22,1,17,4,0.0,0.0,0.0,0.0,1.0,0.0
8,4,2024-04-29,0,18,4,1.0,0.0,0.0,0.25,0.0,0.0
8,4,2024-05-06,0,19,5,0.0,1.0,0.0,0.25,0.0,1.0
8,4,2024-05-13,1,20,5,0.0,0.0,0.0,0.25,4.0,0.0
8,4,2024-05-20,0,21,5,1.0,0.0,1.0,0.5,0.0,1.0
8,4,2024-05-27,1,22,5,0.0,1.0,0.0,0.25,4.0,0.0
8,4,2024-06-03,0,23,6,1.0,0.0,0.0,0.5,0.0,0.0
8,4,2024-06-10,0,24,6,0.0,1.0,1.0,0.5,0.0,0.0
8,4,2024-06-17,0,25,6,0.0,0.0,0.0,0.25,0.0,0.0
8,4,2024-06-24,0,26,6,0.0,0.0,1.0,0.25,0.0,0.0
8,4,2024-07-01,0,27,7,0.0,0.0,0.0,0.0,1.0,0.0
8,4,2024-07-08,0,28,7,0.0,0.0,0.0,0.0,1.0,1.0
8,4,2024-07-15,1,29,7,0.0,0.0,0.0,0.0,1.0,2.0
8,4,2024-07-22,2,30,7,1.0,0.0,0.0,0.25,8.0,1.0
8,4,2024-07-29,1,31,7,2.0,1.0,0.0,0.75,1.3333333333333333,0.0
8,4,2024-08-05,0,32,8,1.0,2.0,0.0,1.0,0.0,0.0
8,4,2024-08-12,0,33,8,0.0,1.0,1.0,1.0,0.0,0.0
8,4,2024-08-19,0,34,8,0.0,0.0,2.0,0.75,0.0,0.0
8,4,2024-08-26,0,35,8,0.0,0.0,1.0,0.25,0.0,1.0
8,4,2024-09-02,1,36,9,0.0,0.0,0.0,0.0,1.0,0.0
8,4,2024-09-09,0,37,9,1.0,0.0,0.0,0.25,0.0,0.0
8,4,2024-09-16,0,38,9,0.0,1.0,0.0,0.25,0.0,1.0
8,4,2024-09-23,1,39,9,0.0,0.0,0.0,0.25,4.0,0.0
8,4,2024-09-30,0,40,9,1.0,0.0,1.0,0.5,0.0,0.0
8,4,2024-10-07,0,41,10,0.0,1.0,0.0,0.25,0.0,1.0
8,4,2024-10-14,1,42,10,0.0,0.0,0.0,0.25,4.0,0.0
8,4,2024-10-21,0,43,10,1.0,0.0,1.0,0.5,0.0,1.0
8,4,2024-10-28,1,44,10,0.0,1.0,0.0,0.25,4.0,1.0
8,4,2024-11-04,1,45,11,1.0,0.0,0.0,0.5,2.0,0.0
8,4,2024-11-11,0,46,11,1.0,1.0,1.0,0.75,0.0,0.0
8,4,2024-11-18,0,47,11,0.0,1.0,0.0,0.5,0.0,0.0
8,4,2024-11-25,0,48,11,0.0,0.0,1.0,0.5,0.0,0.0
8,4,2024-12-02,0,49,12,0.0,0.0,1.0,0.25,0.0,1.0
8,4,2024-12-09,1,50,12,0.0,0.0,0.0,0.0,1.0,1.0
8,4,2024-12-16,1,51,12,1.0,0.0,0.0,0.25,4.0,1.0
8,4,2024-12-23,1,52,12,1.0,1.0,0.0,0.5,2.0,0.0
8,4,2024-12-30,0,1,12,1.0,1.0,0.0,0.75,0.0,1.0
8,4,2025-01-06,1,2,1,0.0,1.0,1.0,0.75,1.3333333333333333,0.0
8,4,2025-01-13,0,3,1,1.0,0.0,1.0,0.75,0.0,0.0
8,4,2025-01-20,0,4,1,0.0,1.0,1.0,0.5,0.0,1.0
8,4,2025-01-27,1,5,1,0.0,0.0,0.0,0.25,4.0,2.0
8,4,2025-02-03,2,6,2,1.0,0.0,1.0,0.5,4.0,2.0
8,4,2025-02-10,2,7,2,2.0,1.0,0.0,0.75,2.6666666666666665,2.0
8,4,2025-02-17,2,8,2,2.0,2.0,0.0,1.25,1.6,1.0
8,4,2025-02-24,1,9,2,2.0,2.0,1.0,1.75,0.5714285714285714,1.0
8,4,2025-03-03,1,10,3,1.0,2.0,2.0,1.75,0.5714285714285714,1.0
8,4,2025-03-10,1,11,3,1.0,1.0,2.0,1.5,0.6666666666666666,0.0
8,4,2025-03-17,0,12,3,1.0,1.0,2.0,1.25,0.0,1.0
8,4,2025-03-24,1,13,3,0.0,1.0,1.0,0.75,1.3333333333333333,0.0
8,4,2025-03-31,0,14,3,1.0,0.0,1.0,0.75,0.0,0.0
8,4,2025-04-07,0,15,4,0.0,1.0,1.0,0.5,0.0,0.0
8,4,2025-04-14,0,16,4,0.0,0.0,0.0,0.25,0.0,1.0
8,4,2025-04-21,1,17,4,0.0,0.0,1.0,0.25,4.0,0.0
8,4,2025-04-28,0,18,4,1.0,0.0,0.0,0.25,0.0,0.0
8,4,2025-05-05,0,19,5,0.0,1.0,0.0,0.25,0.0,0.0
8,4,2025-05-12,0,20,5,0.0,0.0,0.0,0.25,0.0,0.0
8,4,2025-05-19,0,21,5,0.0,0.0,1.0,0.25,0.0,0.0
8,4,2025-05-26,0,22,5,0.0,0.0,0.0,0.0,1.0,0.0
8,4,2025-06-02,0,23,6,0.0,0.0,0.0,0.0,1.0,1.0
8,4,2025-06-09,1,24,6,0.0,0.0,0.0,0.0,1.0,1.0
8,4,2025-06-16,1,25,6,1.0,0.0,0.0,0.25,4.0,0.0
8,4,2025-06-23,0,26,6,1.0,1.0,0.0,0.5,0.0,0.0
8,4,2025-06-30,0,27,6,0.0,1.0,0.0,0.5,0.0,0.0
8,4,2025-07-07,0,28,7,0.0,0.0,1.0,0.5,0.0,1.0
8,4,2025-07-14,1,29,7,0.0,0.0,1.0,0.25,4.0,2.0
8,4,2025-07-21,2,30,7,1.0,0.0,0.0,0.25,8.0,0.0
8,4,2025-07-28,0,31,7,2.0,1.0,0.0,0.75,0.0,0.0
8,4,2025-08-04,0,32,8,0.0,2.0,0.0,0.75,0.0,0.0
8,4,2025-08-11,0,33,8,0.0,0.0,1.0,0.75,0.0,0.0
8,4,2025-08-18,0,34,8,0.0,0.0,2.0,0.5,0.0,0.0
8,4,2025-08-25,0,35,8,0.0,0.0,0.0,0.0,1.0,0.0
8,4,2025-09-01,0,36,9,0.0,0.0,0.0,0.0,1.0,1.0
8,4,2025-09-08,1,37,9,0.0,0.0,0.0,0.0,1.0,0.0
8,4,2025-09-15,0,38,9,1.0,0.0,0.0,0.25,0.0,0.0
8,4,2025-09-22,0,39,9,0.0,1.0,0.0,0.25,0.0,1.0
8,4,2025-09-29,1,40,9,0.0,0.0,0.0,0.25,4.0,0.0
8,4,2025-10-06,0,41,10,1.0,0.0,1.0,0.5,0.0,0.0
8,4,2025-10-13,0,42,10,0.0,1.0,0.0,0.25,0.0,0.0
8,4,2025-10-20,0,43,10,0.0,0.0,0.0,0.25,0.0,0.0
8,4,2025-10-27,0,44,10,0.0,0.0,1.0,0.25,0.0,0.0
8,4,2025-11-03,0,45,11,0.0,0.0,0.0,0.0,1.0,0.0
8,4,2025-11-10,0,46,11,0.0,0.0,0.0,0.0,1.0,2.0
8,4,2025-11-17,2,47,11,0.0,0.0,0.0,0.0,1.0,2.0
8,4,2025-11-24,2,48,11,2.0,0.0,0.0,0.5,4.0,2.0
8,4,2025-12-01,2,49,12,2.0,2.0,0.0,1.0,2.0,0.0
8,4,2025-12-08,0,50,12,2.0,2.0,0.0,1.5,0.0,0.0
8,4,2025-12-15,0,51,12,0.0,2.0,2.0,1.5,0.0,0.0
8,4,2025-12-22,0,52,12,0.0,0.0,2.0,1.0,0.0,0.0
8,4,2025-12-29,0,1,12,0.0,0.0,2.0,0.5,0.0,0.0
8,4,2026-01-05,0,2,1,0.0,0.0,0.0,0.0,1.0,2.0
8,4,2026-01-12,2,3,1,0.0,0.0,0.0,0.0,1.0,0.0
8,4,2026-01-19,0,4,1,2.0,0.0,0.0,0.5,0.0,0.0
8,4,2026-01-26,0,5,1,0.0,2.0,0.0,0.5,0.0,0.0
8,4,2026-02-02,0,6,2,0.0,0.0,0.0,0.5,0.0,0.0
8,4,2026-02-09,0,7,2,0.0,0.0,2.0,0.5,0.0,0.0
8,4,2026-02-16,0,8,2,0.0,0.0,0.0,0.0,1.0,0.0
8,4,2026-02-23,0,9,2,0.0,0.0,0.0,0.0,1.0,0.0
8,4,2026-03-02,0,10,3,0.0,0.0,0.0,0.0,1.0,0.0
8,4,2026-03-09,0,11,3,0.0,0.0,0.0,0.0,1.0,1.0
8,4,2026-03-16,1,12,3,0.0,0.0,0.0,0.0,1.0,0.0
8,4,2026-03-23,0,13,3,1.0,0.0,0.0,0.25,0.0,0.0
8,4,2026-03-30,0,14,3,0.0,1.0,0.0,0.25,0.0,1.0
8,4,2026-04-06,1,15,4,0.0,0.0,0.0,0.25,4.0,0.0
8,4,2026-04-13,0,16,4,1.0,0.0,1.0,0.5,0.0,1.0
8,4,2026-04-20,1,17,4,0.0,1.0,0.0,0.25,4.0,0.0
8,4,2026-04-27,0,18,4,1.0,0.0,0.0,0.5,0.0,0.0
8,4,2026-05-04,0,19,5,0.0,1.0,1.0,0.5,0.0,0.0
8,4,2026-05-11,0,20,5,0.0,0.0,0.0,0.25,0.0,0.0
8,4,2026-05-18,0,21,5,0.0,0.0,1.0,0.25,0.0,2.0
8,4,2026-05-25,2,22,5,0.0,0.0,0.0,0.0,1.0,0.0
8,4,2026-06-01,0,23,6,2.0,0.0,0.0,0.5,0.0,0.0
8,4,2026-06-08,0,24,6,0.0,2.0,0.0,0.5,0.0,1.0
8,4,2026-06-15,1,25,6,0.0,0.0,0.0,0.5,2.0,0.0
8,4,2026-06-22,0,26,6,1.0,0.0,2.0,0.75,0.0,0.0
8,5,2024-01-29,0,5,1,0.0,1.0,1.0,0.5,0.0,1.0
8,5,2024-02-05,1,6,2,0.0,0.0,0.0,0.25,4.0,0.0
8,5,2024-02-12,0,7,2,1.0,0.0,1.0,0.5,0.0,0.0
8,5,2024-02-19,0,8,2,0.0,1.0,0.0,0.25,0.0,0.0
8,5,2024-02-26,0,9,2,0.0,0.0,0.0,0.25,0.0,0.0
8,5,2024-03-04,0,10,3,0.0,0.0,1.0,0.25,0.0,0.0
8,5,2024-03-11,0,11,3,0.0,0.0,0.0,0.0,1.0,1.0
8,5,2024-03-18,1,12,3,0.0,0.0,0.0,0.0,1.0,0.0
8,5,2024-03-25,0,13,3,1.0,0.0,0.0,0.25,0.0,0.0
8,5,2024-04-01,0,14,4,0.0,1.0,0.0,0.25,0.0,2.0
8,5,2024-04-08,2,15,4,0.0,0.0,0.0,0.25,8.0,1.0
8,5,2024-04-15,1,16,4,2.0,0.0,1.0,0.75,1.3333333333333333,0.0
8,5,2024-04-22,0,17,4,1.0,2.0,0.0,0.75,0.0,1.0
8,5,2024-04-29,1,18,4,0.0,1.0,0.0,0.75,1.3333333333333333,0.0
8,5,2024-05-06,0,19,5,1.0,0.0,2.0,1.0,0.0,1.0
8,5,2024-05-13,1,20,5,0.0,1.0,1.0,0.5,2.0,1.0
8,5,2024-05-20,1,21,5,1.0,0.0,0.0,0.5,2.0,1.0
8,5,2024-05-27,1,22,5,1.0,1.0,1.0,0.75,1.3333333333333333,0.0
8,5,2024-06-03,0,23,6,1.0,1.0,0.0,0.75,0.0,0.0
8,5,2024-06-10,0,24,6,0.0,1.0,1.0,0.75,0.0,0.0
8,5,2024-06-17,0,25,6,0.0,0.0,1.0,0.5,0.0,0.0
8,5,2024-06-24,0,26,6,0.0,0.0,1.0,0.25,0.0,1.0
8,5,2024-07-01,1,27,7,0.0,0.0,0.0,0.0,1.0,1.0
8,5,2024-07-08,1,28,7,1.0,0.0,0.0,0.25,4.0,1.0
8,5,2024-07-15,1,29,7,1.0,1.0,0.0,0.5,2.0,0.0
8,5,2024-07-22,0,30,7,1.0,1.0,0.0,0.75,0.0,2.0
8,5,2024-07-29,2,31,7,0.0,1.0,1.0,0.75,2.6666666666666665,0.0
8,5,2024-08-05,0,32,8,2.0,0.0,1.0,1.0,0.0,0.0
8,5,2024-08-12,0,33,8,0.0,2.0,1.0,0.75,0.0,0.0
8,5,2024-08-19,0,34,8,0.0,0.0,0.0,0.5,0.0,0.0
8,5,2024-08-26,0,35,8,0.0,0.0,2.0,0.5,0.0,1.0
8,5,2024-09-02,1,36,9,0.0,0.0,0.0,0.0,1.0,0.0
8,5,2024-09-09,0,37,9,1.0,0.0,0.0,0.25,0.0,0.0
8,5,2024-09-16,0,38,9,0.0,1.0,0.0,0.25,0.0,0.0
8,5,2024-09-23,0,39,9,0.0,0.0,0.0,0.25,0.0,1.0
8,5,2024-09-30,1,40,9,0.0,0.0,1.0,0.25,4.0,0.0
8,5,2024-10-07,0,41,10,1.0,0.0,0.0,0.25,0.0,1.0
8,5,2024-10-14,1,42,10,0.0,1.0,0.0,0.25,4.0,0.0
8,5,2024-10-21,0,43,10,1.0,0.0,0.0,0.5,0.0,0.0
8,5,2024-10-28,0,44,10,0.0,1.0,1.0,0.5,0.0,0.0
8,5,2024-11-04,0,45,11,0.0,0.0,0.0,0.25,0.0,1.0
8,5,2024-11-11,1,46,11,0.0,0.0,1.0,0.25,4.0,0.0
8,5,2024-11-18,0,47,11,1.0,0.0,0.0,0.25,0.0,1.0
8,5,2024-11-25,1,48,11,0.0,1.0,0.0,0.25,4.0,0.0
8,5,2024-12-02,0,49,12,1.0,0.0,0.0,0.5,0.0,1.0
8,5,2024-12-09,1,50,12,0.0,1.0,1.0,0.5,2.0,0.0
8,5,2024-12-16,0,51,12,1.0,0.0,0.0,0.5,0.0,0.0
8,5,2024-12-23,0,52,12,0.0,1.0,1.0,0.5,0.0,0.0
8,5,2024-12-30,0,1,12,0.0,0.0,0.0,0.25,0.0,1.0
8,5,2025-01-06,1,2,1,0.0,0.0,1.0,0.25,4.0,0.0
8,5,2025-01-13,0,3,1,1.0,0.0,0.0,0.25,0.0,0.0
8,5,2025-01-20,0,4,1,0.0,1.0,0.0,0.25,0.0,0.0
8,5,2025-01-27,0,5,1,0.0,0.0,0.0,0.25,0.0,0.0
8,5,2025-02-03,0,6,2,0.0,0.0,1.0,0.25,0.0,0.0
8,5,2025-02-10,0,7,2,0.0,0.0,0.0,0.0,1.0,0.0
8,5,2025-02-17,0,8,2,0.0,0.0,0.0,0.0,1.0,1.0
8,5,2025-02-24,1,9,2,0.0,0.0,0.0,0.0,1.0,0.0
8,5,2025-03-03,0,10,3,1.0,0.0,0.0,0.25,0.0,1.0
8,5,2025-03-10,1,11,3,0.0,1.0,0.0,0.25,4.0,0.0
8,5,2025-03-17,0,12,3,1.0,0.0,0.0,0.5,0.0,0.0
8,5,2025-03-24,0,13,3,0.0,1.0,1.0,0.5,0.0,2.0
8,5,2025-03-31,2,14,3,0.0,0.0,0.0,0.25,8.0,0.0
8,5,2025-04-07,0,15,4,2.0,0.0,1.0,0.75,0.0,1.0
8,5,2025-04-14,1,16,4,0.0,2.0,0.0,0.5,2.0,0.0
8,5,2025-04-21,0,17,4,1.0,0.0,0.0,0.75,0.0,0.0
8,5,2025-04-28,0,18,4,0.0,1.0,2.0,0.75,0.0,0.0
8,5,2025-05-05,0,19,5,0.0,0.0,0.0,0.25,0.0,0.0
8,5,2025-05-12,0,20,5,0.0,0.0,1.0,0.25,0.0,0.0
8,5,2025-05-19,0,21,5,0.0,0.0,0.0,0.0,1.0,0.0
8,5,2025-05-26,0,22,5,0.0,0.0,0.0,0.0,1.0,2.0
8,5,2025-06-02,2,23,6,0.0,0.0,0.0,0.0,1.0,0.0
8,5,2025-06-09,0,24,6,2.0,0.0,0.0,0.5,0.0,0.0
8,5,2025-06-16,0,25,6,0.0,2.0,0.0,0.5,0.0,0.0
8,5,2025-06-23,0,26,6,0.0,0.0,0.0,0.5,0.0,0.0
8,5,2025-06-30,0,27,6,0.0,0.0,2.0,0.5,0.0,0.0
8,5,2025-07-07,0,28,7,0.0,0.0,0.0,0.0,1.0,0.0
8,5,2025-07-14,0,29,7,0.0,0.0,0.0,0.0,1.0,0.0
8,5,2025-07-21,0,30,7,0.0,0.0,0.0,0.0,1.0,0.0
8,5,2025-07-28,0,31,7,0.0,0.0,0.0,0.0,1.0,0.0
8,5,2025-08-04,0,32,8,0.0,0.0,0.0,0.0,1.0,0.0
8,5,2025-08-11,0,33,8,0.0,0.0,0.0,0.0,1.0,1.0
8,5,2025-08-18,1,34,8,0.0,0.0,0.0,0.0,1.0,0.0
8,5,2025-08-25,0,35,8,1.0,0.0,0.0,0.25,0.0,0.0
8,5,2025-09-01,0,36,9,0.0,1.0,0.0,0.25,0.0,0.0
8,5,2025-09-08,0,37,9,0.0,0.0,0.0,0.25,0.0,0.0
8,5,2025-09-15,0,38,9,0.0,0.0,1.0,0.25,0.0,1.0
8,5,2025-09-22,1,39,9,0.0,0.0,0.0,0.0,1.0,1.0
8,5,2025-09-29,1,40,9,1.0,0.0,0.0,0.25,4.0,0.0
8,5,2025-10-06,0,41,10,1.0,1.0,0.0,0.5,0.0,1.0
8,5,2025-10-13,1,42,10,0.0,1.0,0.0,0.5,2.0,0.0
8,5,2025-10-20,0,43,10,1.0,0.0,1.0,0.75,0.0,0.0
8,5,2025-10-27,0,44,10,0.0,1.0,1.0,0.5,0.0,0.0
8,5,2025-11-03,0,45,11,0.0,0.0,0.0,0.25,0.0,0.0
8,5,2025-11-10,0,46,11,0.0,0.0,1.0,0.25,0.0,1.0
8,5,2025-11-17,1,47,11,0.0,0.0,0.0,0.0,1.0,0.0
8,5,2025-11-24,0,48,11,1.0,0.0,0.0,0.25,0.0,0.0
8,5,2025-12-01,0,49,12,0.0,1.0,0.0,0.25,0.0,0.0
8,5,2025-12-08,0,50,12,0.0,0.0,0.0,0.25,0.0,0.0
8,5,2025-12-15,0,51,12,0.0,0.0,1.0,0.25,0.0,0.0
8,5,2025-12-22,0,52,12,0.0,0.0,0.0,0.0,1.0,1.0
8,5,2025-12-29,1,1,12,0.0,0.0,0.0,0.0,1.0,0.0
8,5,2026-01-05,0,2,1,1.0,0.0,0.0,0.25,0.0,1.0
8,5,2026-01-12,1,3,1,0.0,1.0,0.0,0.25,4.0,0.0
8,5,2026-01-19,0,4,1,1.0,0.0,0.0,0.5,0.0,0.0
8,5,2026-01-26,0,5,1,0.0,1.0,1.0,0.5,0.0,0.0
8,5,2026-02-02,0,6,2,0.0,0.0,0.0,0.25,0.0,0.0
8,5,2026-02-09,0,7,2,0.0,0.0,1.0,0.25,0.0,3.0
8,5,2026-02-16,3,8,2,0.0,0.0,0.0,0.0,1.0,1.0
8,5,2026-02-23,1,9,2,3.0,0.0,0.0,0.75,1.3333333333333333,0.0
8,5,2026-03-02,0,10,3,1.0,3.0,0.0,1.0,0.0,1.0
8,5,2026-03-09,1,11,3,0.0,1.0,0.0,1.0,1.0,1.0
8,5,2026-03-16,1,12,3,1.0,0.0,3.0,1.25,0.8,2.0
8,5,2026-03-23,2,13,3,1.0,1.0,1.0,0.75,2.6666666666666665,1.0
8,5,2026-03-30,1,14,3,2.0,1.0,0.0,1.0,1.0,0.0
8,5,2026-04-06,0,15,4,1.0,2.0,1.0,1.25,0.0,1.0
8,5,2026-04-13,1,16,4,0.0,1.0,1.0,1.0,1.0,0.0
8,5,2026-04-20,0,17,4,1.0,0.0,2.0,1.0,0.0,0.0
8,5,2026-04-27,0,18,4,0.0,1.0,1.0,0.5,0.0,0.0
8,5,2026-05-04,0,19,5,0.0,0.0,0.0,0.25,0.0,0.0
8,5,2026-05-11,0,20,5,0.0,0.0,1.0,0.25,0.0,2.0
8,5,2026-05-18,2,21,5,0.0,0.0,0.0,0.0,1.0,1.0
8,5,2026-05-25,1,22,5,2.0,0.0,0.0,0.5,2.0,0.0
8,5,2026-06-01,0,23,6,1.0,2.0,0.0,0.75,0.0,0.0
8,5,2026-06-08,0,24,6,0.0,1.0,0.0,0.75,0.0,1.0
8,5,2026-06-15,1,25,6,0.0,0.0,2.0,0.75,1.3333333333333333,1.0
8,5,2026-06-22,1,26,6,1.0,0.0,1.0,0.5,2.0,0.0
8,6,2024-01-29,0,5,1,0.0,0.0,0.0,0.0,1.0,0.0
8,6,2024-02-05,0,6,2,0.0,0.0,0.0,0.0,1.0,0.0
8,6,2024-02-12,0,7,2,0.0,0.0,0.0,0.0,1.0,0.0
8,6,2024-02-19,0,8,2,0.0,0.0,0.0,0.0,1.0,0.0
8,6,2024-02-26,0,9,2,0.0,0.0,0.0,0.0,1.0,1.0
8,6,2024-03-04,1,10,3,0.0,0.0,0.0,0.0,1.0,0.0
8,6,2024-03-11,0,11,3,1.0,0.0,0.0,0.25,0.0,0.0
8,6,2024-03-18,0,12,3,0.0,1.0,0.0,0.25,0.0,1.0
8,6,2024-03-25,1,13,3,0.0,0.0,0.0,0.25,4.0,0.0
8,6,2024-04-01,0,14,4,1.0,0.0,1.0,0.5,0.0,0.0
8,6,2024-04-08,0,15,4,0.0,1.0,0.0,0.25,0.0,0.0
8,6,2024-04-15,0,16,4,0.0,0.0,0.0,0.25,0.0,0.0
8,6,2024-04-22,0,17,4,0.0,0.0,1.0,0.25,0.0,0.0
8,6,2024-04-29,0,18,4,0.0,0.0,0.0,0.0,1.0,1.0
8,6,2024-05-06,1,19,5,0.0,0.0,0.0,0.0,1.0,1.0
8,6,2024-05-13,1,20,5,1.0,0.0,0.0,0.25,4.0,0.0
8,6,2024-05-20,0,21,5,1.0,1.0,0.0,0.5,0.0,0.0
8,6,2024-05-27,0,22,5,0.0,1.0,0.0,0.5,0.0,1.0
8,6,2024-06-03,1,23,6,0.0,0.0,1.0,0.5,2.0,1.0
8,6,2024-06-10,1,24,6,1.0,0.0,1.0,0.5,2.0,0.0
8,6,2024-06-17,0,25,6,1.0,1.0,0.0,0.5,0.0,3.0
8,6,2024-06-24,3,26,6,0.0,1.0,0.0,0.5,6.0,1.0
8,6,2024-07-01,1,27,7,3.0,0.0,1.0,1.25,0.8,0.0
8,6,2024-07-08,0,28,7,1.0,3.0,1.0,1.25,0.0,0.0
8,6,2024-07-15,0,29,7,0.0,1.0,0.0,1.0,0.0,0.0
8,6,2024-07-22,0,30,7,0.0,0.0,3.0,1.0,0.0,0.0
8,6,2024-07-29,0,31,7,0.0,0.0,1.0,0.25,0.0,0.0
8,6,2024-08-05,0,32,8,0.0,0.0,0.0,0.0,1.0,1.0
8,6,2024-08-12,1,33,8,0.0,0.0,0.0,0.0,1.0,0.0
8,6,2024-08-19,0,34,8,1.0,0.0,0.0,0.25,0.0,0.0
8,6,2024-08-26,0,35,8,0.0,1.0,0.0,0.25,0.0,2.0
8,6,2024-09-02,2,36,9,0.0,0.0,0.0,0.25,8.0,0.0
8,6,2024-09-09,0,37,9,2.0,0.0,1.0,0.75,0.0,1.0
8,6,2024-09-16,1,38,9,0.0,2.0,0.0,0.5,2.0,0.0
8,6,2024-09-23,0,39,9,1.0,0.0,0.0,0.75,0.0,1.0
8,6,2024-09-30,1,40,9,0.0,1.0,2.0,0.75,1.3333333333333333,1.0
8,6,2024-10-07,1,41,10,1.0,0.0,0.0,0.5,2.0,1.0
8,6,2024-10-14,1,42,10,1.0,1.0,1.0,0.75,1.3333333333333333,0.0
8,6,2024-10-21,0,43,10,1.0,1.0,0.0,0.75,0.0,2.0
8,6,2024-10-28,2,44,10,0.0,1.0,1.0,0.75,2.6666666666666665,1.0
8,6,2024-11-04,1,45,11,2.0,0.0,1.0,1.0,1.0,0.0
8,6,2024-11-11,0,46,11,1.0,2.0,1.0,1.0,0.0,0.0
8,6,2024-11-18,0,47,11,0.0,1.0,0.0,0.75,0.0,0.0
8,6,2024-11-25,0,48,11,0.0,0.0,2.0,0.75,0.0,0.0
8,6,2024-12-02,0,49,12,0.0,0.0,1.0,0.25,0.0,1.0
8,6,2024-12-09,1,50,12,0.0,0.0,0.0,0.0,1.0,0.0
8,6,2024-12-16,0,51,12,1.0,0.0,0.0,0.25,0.0,2.0
8,6,2024-12-23,2,52,12,0.0,1.0,0.0,0.25,8.0,0.0
8,6,2024-12-30,0,1,12,2.0,0.0,0.0,0.75,0.0,2.0
8,6,2025-01-06,2,2,1,0.0,2.0,1.0,0.75,2.6666666666666665,0.0
8,6,2025-01-13,0,3,1,2.0,0.0,0.0,1.0,0.0,0.0
8,6,2025-01-20,0,4,1,0.0,2.0,2.0,1.0,0.0,0.0
8,6,2025-01-27,0,5,1,0.0,0.0,0.0,0.5,0.0,1.0
8,6,2025-02-03,1,6,2,0.0,0.0,2.0,0.5,2.0,0.0
8,6,2025-02-10,0,7,2,1.0,0.0,0.0,0.25,0.0,2.0
8,6,2025-02-17,2,8,2,0.0,1.0,0.0,0.25,8.0,1.0
8,6,2025-02-24,1,9,2,2.0,0.0,0.0,0.75,1.3333333333333333,0.0
8,6,2025-03-03,0,10,3,1.0,2.0,1.0,1.0,0.0,0.0
8,6,2025-03-10,0,11,3,0.0,1.0,0.0,0.75,0.0,0.0
8,6,2025-03-17,0,12,3,0.0,0.0,2.0,0.75,0.0,0.0
8,6,2025-03-24,0,13,3,0.0,0.0,1.0,0.25,0.0,0.0
8,6,2025-03-31,0,14,3,0.0,0.0,0.0,0.0,1.0,1.0
8,6,2025-04-07,1,15,4,0.0,0.0,0.0,0.0,1.0,0.0
8,6,2025-04-14,0,16,4,1.0,0.0,0.0,0.25,0.0,0.0
8,6,2025-04-21,0,17,4,0.0,1.0,0.0,0.25,0.0,1.0
8,6,2025-04-28,1,18,4,0.0,0.0,0.0,0.25,4.0,1.0
8,6,2025-05-05,1,19,5,1.0,0.0,1.0,0.5,2.0,1.0
8,6,2025-05-12,1,20,5,1.0,1.0,0.0,0.5,2.0,1.0
8,6,2025-05-19,1,21,5,1.0,1.0,0.0,0.75,1.3333333333333333,1.0
8,6,2025-05-26,1,22,5,1.0,1.0,1.0,1.0,1.0,0.0
8,6,2025-06-02,0,23,6,1.0,1.0,1.0,1.0,0.0,0.0
8,6,2025-06-09,0,24,6,0.0,1.0,1.0,0.75,0.0,0.0
8,6,2025-06-16,0,25,6,0.0,0.0,1.0,0.5,0.0,0.0
8,6,2025-06-23,0,26,6,0.0,0.0,1.0,0.25,0.0,2.0
8,6,2025-06-30,2,27,6,0.0,0.0,0.0,0.0,1.0,1.0
8,6,2025-07-07,1,28,7,2.0,0.0,0.0,0.5,2.0,2.0
8,6,2025-07-14,2,29,7,1.0,2.0,0.0,0.75,2.6666666666666665,1.0
8,6,2025-07-21,1,30,7,2.0,1.0,0.0,1.25,0.8,0.0
8,6,2025-07-28,0,31,7,1.0,2.0,2.0,1.5,0.0,0.0
8,6,2025-08-04,0,32,8,0.0,1.0,1.0,1.0,0.0,0.0
8,6,2025-08-11,0,33,8,0.0,0.0,2.0,0.75,0.0,2.0
8,6,2025-08-18,2,34,8,0.0,0.0,1.0,0.25,8.0,0.0
8,6,2025-08-25,0,35,8,2.0,0.0,0.0,0.5,0.0,2.0
8,6,2025-09-01,2,36,9,0.0,2.0,0.0,0.5,4.0,1.0
8,6,2025-09-08,1,37,9,2.0,0.0,0.0,1.0,1.0,0.0
8,6,2025-09-15,0,38,9,1.0,2.0,2.0,1.25,0.0,0.0
8,6,2025-09-22,0,39,9,0.0,1.0,0.0,0.75,0.0,0.0
8,6,2025-09-29,0,40,9,0.0,0.0,2.0,0.75,0.0,1.0
8,6,2025-10-06,1,41,10,0.0,0.0,1.0,0.25,4.0,0.0
8,6,2025-10-13,0,42,10,1.0,0.0,0.0,0.25,0.0,0.0
8,6,2025-10-20,0,43,10,0.0,1.0,0.0,0.25,0.0,1.0
8,6,2025-10-27,1,44,10,0.0,0.0,0.0,0.25,4.0,0.0
8,6,2025-11-03,0,45,11,1.0,0.0,1.0,0.5,0.0,1.0
8,6,2025-11-10,1,46,11,0.0,1.0,0.0,0.25,4.0,1.0
8,6,2025-11-17,1,47,11,1.0,0.0,0.0,0.5,2.0,0.0
8,6,2025-11-24,0,48,11,1.0,1.0,1.0,0.75,0.0,0.0
8,6,2025-12-01,0,49,12,0.0,1.0,0.0,0.5,0.0,1.0
8,6,2025-12-08,1,50,12,0.0,0.0,1.0,0.5,2.0,0.0
8,6,2025-12-15,0,51,12,1.0,0.0,1.0,0.5,0.0,0.0
8,6,2025-12-22,0,52,12,0.0,1.0,0.0,0.25,0.0,1.0
8,6,2025-12-29,1,1,12,0.0,0.0,0.0,0.25,4.0,1.0
8,6,2026-01-05,1,2,1,1.0,0.0,1.0,0.5,2.0,1.0
8,6,2026-01-12,1,3,1,1.0,1.0,0.0,0.5,2.0,0.0
8,6,2026-01-19,0,4,1,1.0,1.0,0.0,0.75,0.0,1.0
8,6,2026-01-26,1,5,1,0.0,1.0,1.0,0.75,1.3333333333333333,1.0
8,6,2026-02-02,1,6,2,1.0,0.0,1.0,0.75,1.3333333333333333,0.0
8,6,2026-02-09,0,7,2,1.0,1.0,1.0,0.75,0.0,2.0
8,6,2026-02-16,2,8,2,0.0,1.0,0.0,0.5,4.0,1.0
8,6,2026-02-23,1,9,2,2.0,0.0,1.0,1.0,1.0,0.0
8,6,2026-03-02,0,10,3,1.0,2.0,1.0,1.0,0.0,0.0
8,6,2026-03-09,0,11,3,0.0,1.0,0.0,0.75,0.0,1.0
8,6,2026-03-16,1,12,3,0.0,0.0,2.0,0.75,1.3333333333333333,0.0
8,6,2026-03-23,0,13,3,1.0,0.0,1.0,0.5,0.0,0.0
8,6,2026-03-30,0,14,3,0.0,1.0,0.0,0.25,0.0,0.0
8,6,2026-04-06,0,15,4,0.0,0.0,0.0,0.25,0.0,1.0
8,6,2026-04-13,1,16,4,0.0,0.0,1.0,0.25,4.0,0.0
8,6,2026-04-20,0,17,4,1.0,0.0,0.0,0.25,0.0,2.0
8,6,2026-04-27,2,18,4,0.0,1.0,0.0,0.25,8.0,1.0
8,6,2026-05-04,1,19,5,2.0,0.0,0.0,0.75,1.3333333333333333,0.0
8,6,2026-05-11,0,20,5,1.0,2.0,1.0,1.0,0.0,0.0
8,6,2026-05-18,0,21,5,0.0,1.0,0.0,0.75,0.0,0.0
8,6,2026-05-25,0,22,5,0.0,0.0,2.0,0.75,0.0,1.0
8,6,2026-06-01,1,23,6,0.0,0.0,1.0,0.25,4.0,0.0
8,6,2026-06-08,0,24,6,1.0,0.0,0.0,0.25,0.0,3.0
8,6,2026-06-15,3,25,6,0.0,1.0,0.0,0.25,12.0,1.0
8,6,2026-06-22,1,26,6,3.0,0.0,0.0,1.0,1.0,0.0
8,7,2024-01-29,0,5,1,0.0,1.0,1.0,0.75,0.0,0.0
8,7,2024-02-05,0,6,2,0.0,0.0,1.0,0.5,0.0,2.0
8,7,2024-02-12,2,7,2,0.0,0.0,1.0,0.25,8.0,0.0
8,7,2024-02-19,0,8,2,2.0,0.0,0.0,0.5,0.0,1.0
8,7,2024-02-26,1,9,2,0.0,2.0,0.0,0.5,2.0,0.0
8,7,2024-03-04,0,10,3,1.0,0.0,0.0,0.75,0.0,0.0
8,7,2024-03-11,0,11,3,0.0,1.0,2.0,0.75,0.0,1.0
8,7,2024-03-18,1,12,3,0.0,0.0,0.0,0.25,4.0,0.0
8,7,2024-03-25,0,13,3,1.0,0.0,1.0,0.5,0.0,1.0
8,7,2024-04-01,1,14,4,0.0,1.0,0.0,0.25,4.0,0.0
8,7,2024-04-08,0,15,4,1.0,0.0,0.0,0.5,0.0,0.0
8,7,2024-04-15,0,16,4,0.0,1.0,1.0,0.5,0.0,1.0
8,7,2024-04-22,1,17,4,0.0,0.0,0.0,0.25,4.0,0.0
8,7,2024-04-29,0,18,4,1.0,0.0,1.0,0.5,0.0,1.0
8,7,2024-05-06,1,19,5,0.0,1.0,0.0,0.25,4.0,0.0
8,7,2024-05-13,0,20,5,1.0,0.0,0.0,0.5,0.0,0.0
8,7,2024-05-20,0,21,5,0.0,1.0,1.0,0.5,0.0,0.0
8,7,2024-05-27,0,22,5,0.0,0.0,0.0,0.25,0.0,0.0
8,7,2024-06-03,0,23,6,0.0,0.0,1.0,0.25,0.0,0.0
8,7,2024-06-10,0,24,6,0.0,0.0,0.0,0.0,1.0,0.0
8,7,2024-06-17,0,25,6,0.0,0.0,0.0,0.0,1.0,0.0
8,7,2024-06-24,0,26,6,0.0,0.0,0.0,0.0,1.0,0.0
8,7,2024-07-01,0,27,7,0.0,0.0,0.0,0.0,1.0,0.0
8,7,2024-07-08,0,28,7,0.0,0.0,0.0,0.0,1.0,0.0
8,7,2024-07-15,0,29,7,0.0,0.0,0.0,0.0,1.0,0.0
8,7,2024-07-22,0,30,7,0.0,0.0,0.0,0.0,1.0,1.0
8,7,2024-07-29,1,31,7,0.0,0.0,0.0,0.0,1.0,0.0
8,7,2024-08-05,0,32,8,1.0,0.0,0.0,0.25,0.0,1.0
8,7,2024-08-12,1,33,8,0.0,1.0,0.0,0.25,4.0,0.0
8,7,2024-08-19,0,34,8,1.0,0.0,0.0,0.5,0.0,0.0
8,7,2024-08-26,0,35,8,0.0,1.0,1.0,0.5,0.0,1.0
8,7,2024-09-02,1,36,9,0.0,0.0,0.0,0.25,4.0,0.0
8,7,2024-09-09,0,37,9,1.0,0.0,1.0,0.5,0.0,1.0
8,7,2024-09-16,1,38,9,0.0,1.0,0.0,0.25,4.0,0.0
8,7,2024-09-23,0,39,9,1.0,0.0,0.0,0.5,0.0,0.0
8,7,2024-09-30,0,40,9,0.0,1.0,1.0,0.5,0.0,1.0
8,7,2024-10-07,1,41,10,0.0,0.0,0.0,0.25,4.0,0.0
8,7,2024-10-14,0,42,10,1.0,0.0,1.0,0.5,0.0,0.0
8,7,2024-10-21,0,43,10,0.0,1.0,0.0,0.25,0.0,0.0
8,7,2024-10-28,0,44,10,0.0,0.0,0.0,0.25,0.0,1.0
8,7,2024-11-04,1,45,11,0.0,0.0,1.0,0.25,4.0,1.0
8,7,2024-11-11,1,46,11,1.0,0.0,0.0,0.25,4.0,1.0
8,7,2024-11-18,1,47,11,1.0,1.0,0.0,0.5,2.0,0.0
8,7,2024-11-25,0,48,11,1.0,1.0,0.0,0.75,0.0,0.0
8,7,2024-12-02,0,49,12,0.0,1.0,1.0,0.75,0.0,0.0
8,7,2024-12-09,0,50,12,0.0,0.0,1.0,0.5,0.0,0.0
8,7,2024-12-16,0,51,12,0.0,0.0,1.0,0.25,0.0,1.0
8,7,2024-12-23,1,52,12,0.0,0.0,0.0,0.0,1.0,0.0
8,7,2024-12-30,0,1,12,1.0,0.0,0.0,0.25,0.0,2.0
8,7,2025-01-06,2,2,1,0.0,1.0,0.0,0.25,8.0,1.0
8,7,2025-01-13,1,3,1,2.0,0.0,0.0,0.75,1.3333333333333333,1.0
8,7,2025-01-20,1,4,1,1.0,2.0,1.0,1.0,1.0,2.0
8,7,2025-01-27,2,5,1,1.0,1.0,0.0,1.0,2.0,1.0
8,7,2025-02-03,1,6,2,2.0,1.0,2.0,1.5,0.6666666666666666,1.0
8,7,2025-02-10,1,7,2,1.0,2.0,1.0,1.25,0.8,0.0
8,7,2025-02-17,0,8,2,1.0,1.0,1.0,1.25,0.0,1.0
8,7,2025-02-24,1,9,2,0.0,1.0,2.0,1.0,1.0,0.0
8,7,2025-03-03,0,10,3,1.0,0.0,1.0,0.75,0.0,1.0
8,7,2025-03-10,1,11,3,0.0,1.0,1.0,0.5,2.0,0.0
8,7,2025-03-17,0,12,3,1.0,0.0,0.0,0.5,0.0,0.0
8,7,2025-03-24,0,13,3,0.0,1.0,1.0,0.5,0.0,0.0
8,7,2025-03-31,0,14,3,0.0,0.0,0.0,0.25,0.0,0.0
8,7,2025-04-07,0,15,4,0.0,0.0,1.0,0.25,0.0,0.0
8,7,2025-04-14,0,16,4,0.0,0.0,0.0,0.0,1.0,0.0
8,7,2025-04-21,0,17,4,0.0,0.0,0.0,0.0,1.0,2.0
8,7,2025-04-28,2,18,4,0.0,0.0,0.0,0.0,1.0,0.0
8,7,2025-05-05,0,19,5,2.0,0.0,0.0,0.5,0.0,0.0
8,7,2025-05-12,0,20,5,0.0,2.0,0.0,0.5,0.0,1.0
8,7,2025-05-19,1,21,5,0.0,0.0,0.0,0.5,2.0,1.0
8,7,2025-05-26,1,22,5,1.0,0.0,2.0,0.75,1.3333333333333333,0.0
8,7,2025-06-02,0,23,6,1.0,1.0,0.0,0.5,0.0,0.0
8,7,2025-06-09,0,24,6,0.0,1.0,0.0,0.5,0.0,0.0
8,7,2025-06-16,0,25,6,0.0,0.0,1.0,0.5,0.0,1.0
8,7,2025-06-23,1,26,6,0.0,0.0,1.0,0.25,4.0,0.0
8,7,2025-06-30,0,27,6,1.0,0.0,0.0,0.25,0.0,0.0
8,7,2025-07-07,0,28,7,0.0,1.0,0.0,0.25,0.0,0.0
8,7,2025-07-14,0,29,7,0.0,0.0,0.0,0.25,0.0,0.0
8,7,2025-07-21,0,30,7,0.0,0.0,1.0,0.25,0.0,1.0
8,7,2025-07-28,1,31,7,0.0,0.0,0.0,0.0,1.0,0.0
8,7,2025-08-04,0,32,8,1.0,0.0,0.0,0.25,0.0,0.0
8,7,2025-08-11,0,33,8,0.0,1.0,0.0,0.25,0.0,1.0
8,7,2025-08-18,1,34,8,0.0,0.0,0.0,0.25,4.0,0.0
8,7,2025-08-25,0,35,8,1.0,0.0,1.0,0.5,0.0,0.0
8,7,2025-09-01,0,36,9,0.0,1.0,0.0,0.25,0.0,0.0
8,7,2025-09-08,0,37,9,0.0,0.0,0.0,0.25,0.0,2.0
8,7,2025-09-15,2,38,9,0.0,0.0,1.0,0.25,8.0,0.0
8,7,2025-09-22,0,39,9,2.0,0.0,0.0,0.5,0.0,1.0
8,7,2025-09-29,1,40,9,0.0,2.0,0.0,0.5,2.0,0.0
8,7,2025-10-06,0,41,10,1.0,0.0,0.0,0.75,0.0,1.0
8,7,2025-10-13,1,42,10,0.0,1.0,2.0,0.75,1.3333333333333333,2.0
8,7,2025-10-20,2,43,10,1.0,0.0,0.0,0.5,4.0,0.0
8,7,2025-10-27,0,44,10,2.0,1.0,1.0,1.0,0.0,1.0
8,7,2025-11-03,1,45,11,0.0,2.0,0.0,0.75,1.3333333333333333,0.0
8,7,2025-11-10,0,46,11,1.0,0.0,1.0,1.0,0.0,1.0
8,7,2025-11-17,1,47,11,0.0,1.0,2.0,0.75,1.3333333333333333,2.0
8,7,2025-11-24,2,48,11,1.0,0.0,0.0,0.5,4.0,0.0
8,7,2025-12-01,0,49,12,2.0,1.0,1.0,1.0,0.0,1.0
8,7,2025-12-08,1,50,12,0.0,2.0,0.0,0.75,1.3333333333333333,0.0
8,7,2025-12-15,0,51,12,1.0,0.0,1.0,1.0,0.0,0.0
8,7,2025-12-22,0,52,12,0.0,1.0,2.0,0.75,0.0,0.0
8,7,2025-12-29,0,1,12,0.0,0.0,0.0,0.25,0.0,0.0
8,7,2026-01-05,0,2,1,0.0,0.0,1.0,0.25,0.0,1.0
8,7,2026-01-12,1,3,1,0.0,0.0,0.0,0.0,1.0,0.0
8,7,2026-01-19,0,4,1,1.0,0.0,0.0,0.25,0.0,0.0
8,7,2026-01-26,0,5,1,0.0,1.0,0.0,0.25,0.0,0.0
8,7,2026-02-02,0,6,2,0.0,0.0,0.0,0.25,0.0,1.0
8,7,2026-02-09,1,7,2,0.0,0.0,1.0,0.25,4.0,0.0
8,7,2026-02-16,0,8,2,1.0,0.0,0.0,0.25,0.0,0.0
8,7,2026-02-23,0,9,2,0.0,1.0,0.0,0.25,0.0,1.0
8,7,2026-03-02,1,10,3,0.0,0.0,0.0,0.25,4.0,1.0
8,7,2026-03-09,1,11,3,1.0,0.0,1.0,0.5,2.0,0.0
8,7,2026-03-16,0,12,3,1.0,1.0,0.0,0.5,0.0,0.0
8,7,2026-03-23,0,13,3,0.0,1.0,0.0,0.5,0.0,0.0
8,7,2026-03-30,0,14,3,0.0,0.0,1.0,0.5,0.0,0.0
8,7,2026-04-06,0,15,4,0.0,0.0,1.0,0.25,0.0,0.0
8,7,2026-04-13,0,16,4,0.0,0.0,0.0,0.0,1.0,3.0
8,7,2026-04-20,3,17,4,0.0,0.0,0.0,0.0,1.0,1.0
8,7,2026-04-27,1,18,4,3.0,0.0,0.0,0.75,1.3333333333333333,0.0
8,7,2026-05-04,0,19,5,1.0,3.0,0.0,1.0,0.0,0.0
8,7,2026-05-11,0,20,5,0.0,1.0,0.0,1.0,0.0,3.0
8,7,2026-05-18,3,21,5,0.0,0.0,3.0,1.0,3.0,0.0
8,7,2026-05-25,0,22,5,3.0,0.0,1.0,1.0,0.0,0.0
8,7,2026-06-01,0,23,6,0.0,3.0,0.0,0.75,0.0,1.0
8,7,2026-06-08,1,24,6,0.0,0.0,0.0,0.75,1.3333333333333333,0.0
8,7,2026-06-15,0,25,6,1.0,0.0,3.0,1.0,0.0,0.0
8,7,2026-06-22,0,26,6,0.0,1.0,0.0,0.25,0.0,0.0
8,8,2024-01-29,1,5,1,1.0,1.0,1.0,0.75,1.3333333333333333,0.0
8,8,2024-02-05,0,6,2,1.0,1.0,0.0,0.75,0.0,2.0
8,8,2024-02-12,2,7,2,0.0,1.0,1.0,0.75,2.6666666666666665,0.0
8,8,2024-02-19,0,8,2,2.0,0.0,1.0,1.0,0.0,1.0
8,8,2024-02-26,1,9,2,0.0,2.0,1.0,0.75,1.3333333333333333,0.0
8,8,2024-03-04,0,10,3,1.0,0.0,0.0,0.75,0.0,0.0
8,8,2024-03-11,0,11,3,0.0,1.0,2.0,0.75,0.0,0.0
8,8,2024-03-18,0,12,3,0.0,0.0,0.0,0.25,0.0,0.0
8,8,2024-03-25,0,13,3,0.0,0.0,1.0,0.25,0.0,1.0
8,8,2024-04-01,1,14,4,0.0,0.0,0.0,0.0,1.0,0.0
8,8,2024-04-08,0,15,4,1.0,0.0,0.0,0.25,0.0,1.0
8,8,2024-04-15,1,16,4,0.0,1.0,0.0,0.25,4.0,1.0
8,8,2024-04-22,1,17,4,1.0,0.0,0.0,0.5,2.0,0.0
8,8,2024-04-29,0,18,4,1.0,1.0,1.0,0.75,0.0,0.0
8,8,2024-05-06,0,19,5,0.0,1.0,0.0,0.5,0.0,0.0
8,8,2024-05-13,0,20,5,0.0,0.0,1.0,0.5,0.0,0.0
8,8,2024-05-20,0,21,5,0.0,0.0,1.0,0.25,0.0,0.0
8,8,2024-05-27,0,22,5,0.0,0.0,0.0,0.0,1.0,0.0
8,8,2024-06-03,0,23,6,0.0,0.0,0.0,0.0,1.0,0.0
8,8,2024-06-10,0,24,6,0.0,0.0,0.0,0.0,1.0,0.0
8,8,2024-06-17,0,25,6,0.0,0.0,0.0,0.0,1.0,0.0
8,8,2024-06-24,0,26,6,0.0,0.0,0.0,0.0,1.0,0.0
8,8,2024-07-01,0,27,7,0.0,0.0,0.0,0.0,1.0,0.0
8,8,2024-07-08,0,28,7,0.0,0.0,0.0,0.0,1.0,4.0
8,8,2024-07-15,4,29,7,0.0,0.0,0.0,0.0,1.0,0.0
8,8,2024-07-22,0,30,7,4.0,0.0,0.0,1.0,0.0,0.0
8,8,2024-07-29,0,31,7,0.0,4.0,0.0,1.0,0.0,0.0
8,8,2024-08-05,0,32,8,0.0,0.0,0.0,1.0,0.0,1.0
8,8,2024-08-12,1,33,8,0.0,0.0,4.0,1.0,1.0,1.0
8,8,2024-08-19,1,34,8,1.0,0.0,0.0,0.25,4.0,1.0
8,8,2024-08-26,1,35,8,1.0,1.0,0.0,0.5,2.0,1.0
8,8,2024-09-02,1,36,9,1.0,1.0,0.0,0.75,1.3333333333333333,1.0
8,8,2024-09-09,1,37,9,1.0,1.0,1.0,1.0,1.0,0.0
8,8,2024-09-16,0,38,9,1.0,1.0,1.0,1.0,0.0,1.0
8,8,2024-09-23,1,39,9,0.0,1.0,1.0,0.75,1.3333333333333333,1.0
8,8,2024-09-30,1,40,9,1.0,0.0,1.0,0.75,1.3333333333333333,0.0
8,8,2024-10-07,0,41,10,1.0,1.0,1.0,0.75,0.0,1.0
8,8,2024-10-14,1,42,10,0.0,1.0,0.0,0.5,2.0,0.0
8,8,2024-10-21,0,43,10,1.0,0.0,1.0,0.75,0.0,1.0
8,8,2024-10-28,1,44,10,0.0,1.0,1.0,0.5,2.0,1.0
8,8,2024-11-04,1,45,11,1.0,0.0,0.0,0.5,2.0,0.0
8,8,2024-11-11,0,46,11,1.0,1.0,1.0,0.75,0.0,0.0
8,8,2024-11-18,0,47,11,0.0,1.0,0.0,0.5,0.0,1.0
8,8,2024-11-25,1,48,11,0.0,0.0,1.0,0.5,2.0,1.0
8,8,2024-12-02,1,49,12,1.0,0.0,1.0,0.5,2.0,0.0
8,8,2024-12-09,0,50,12,1.0,1.0,0.0,0.5,0.0,1.0
8,8,2024-12-16,1,51,12,0.0,1.0,0.0,0.5,2.0,1.0
8,8,2024-12-23,1,52,12,1.0,0.0,1.0,0.75,1.3333333333333333,0.0
8,8,2024-12-30,0,1,12,1.0,1.0,1.0,0.75,0.0,3.0
8,8,2025-01-06,3,2,1,0.0,1.0,0.0,0.5,6.0,0.0
8,8,2025-01-13,0,3,1,3.0,0.0,1.0,1.25,0.0,0.0
8,8,2025-01-20,0,4,1,0.0,3.0,1.0,1.0,0.0,1.0
8,8,2025-01-27,1,5,1,0.0,0.0,0.0,0.75,1.3333333333333333,0.0
8,8,2025-02-03,0,6,2,1.0,0.0,3.0,1.0,0.0,1.0
8,8,2025-02-10,1,7,2,0.0,1.0,0.0,0.25,4.0,0.0
8,8,2025-02-17,0,8,2,1.0,0.0,0.0,0.5,0.0,0.0
8,8,2025-02-24,0,9,2,0.0,1.0,1.0,0.5,0.0,2.0
8,8,2025-03-03,2,10,3,0.0,0.0,0.0,0.25,8.0,0.0
8,8,2025-03-10,0,11,3,2.0,0.0,1.0,0.75,0.0,0.0
8,8,2025-03-17,0,12,3,0.0,2.0,0.0,0.5,0.0,0.0
8,8,2025-03-24,0,13,3,0.0,0.0,0.0,0.5,0.0,1.0
8,8,2025-03-31,1,14,3,0.0,0.0,2.0,0.5,2.0,0.0
8,8,2025-04-07,0,15,4,1.0,0.0,0.0,0.25,0.0,2.0
8,8,2025-04-14,2,16,4,0.0,1.0,0.0,0.25,8.0,1.0
8,8,2025-04-21,1,17,4,2.0,0.0,0.0,0.75,1.3333333333333333,0.0
8,8,2025-04-28,0,18,4,1.0,2.0,1.0,1.0,0.0,0.0
8,8,2025-05-05,0,19,5,0.0,1.0,0.0,0.75,0.0,0.0
8,8,2025-05-12,0,20,5,0.0,0.0,2.0,0.75,0.0,1.0
8,8,2025-05-19,1,21,5,0.0,0.0,1.0,0.25,4.0,1.0
8,8,2025-05-26,1,22,5,1.0,0.0,0.0,0.25,4.0,0.0
8,8,2025-06-02,0,23,6,1.0,1.0,0.0,0.5,0.0,0.0
8,8,2025-06-09,0,24,6,0.0,1.0,0.0,0.5,0.0,0.0
8,8,2025-06-16,0,25,6,0.0,0.0,1.0,0.5,0.0,2.0
8,8,2025-06-23,2,26,6,0.0,0.0,1.0,0.25,8.0,1.0
8,8,2025-06-30,1,27,6,2.0,0.0,0.0,0.5,2.0,2.0
8,8,2025-07-07,2,28,7,1.0,2.0,0.0,0.75,2.6666666666666665,0.0
8,8,2025-07-14,0,29,7,2.0,1.0,0.0,1.25,0.0,0.0
8,8,2025-07-21,0,30,7,0.0,2.0,2.0,1.25,0.0,0.0
8,8,2025-07-28,0,31,7,0.0,0.0,1.0,0.75,0.0,0.0
8,8,2025-08-04,0,32,8,0.0,0.0,2.0,0.5,0.0,0.0
8,8,2025-08-11,0,33,8,0.0,0.0,0.0,0.0,1.0,0.0
8,8,2025-08-18,0,34,8,0.0,0.0,0.0,0.0,1.0,1.0
8,8,2025-08-25,1,35,8,0.0,0.0,0.0,0.0,1.0,0.0
8,8,2025-09-01,0,36,9,1.0,0.0,0.0,0.25,0.0,0.0
8,8,2025-09-08,0,37,9,0.0,1.0,0.0,0.25,0.0,0.0
8,8,2025-09-15,0,38,9,0.0,0.0,0.0,0.25,0.0,2.0
8,8,2025-09-22,2,39,9,0.0,0.0,1.0,0.25,8.0,0.0
8,8,2025-09-29,0,40,9,2.0,0.0,0.0,0.5,0.0,0.0
8,8,2025-10-06,0,41,10,0.0,2.0,0.0,0.5,0.0,0.0
8,8,2025-10-13,0,42,10,0.0,0.0,0.0,0.5,0.0,2.0
8,8,2025-10-20,2,43,10,0.0,0.0,2.0,0.5,4.0,0.0
8,8,2025-10-27,0,44,10,2.0,0.0,0.0,0.5,0.0,0.0
8,8,2025-11-03,0,45,11,0.0,2.0,0.0,0.5,0.0,0.0
8,8,2025-11-10,0,46,11,0.0,0.0,0.0,0.5,0.0,0.0
8,8,2025-11-17,0,47,11,0.0,0.0,2.0,0.5,0.0,0.0
8,8,2025-11-24,0,48,11,0.0,0.0,0.0,0.0,1.0,0.0
8,8,2025-12-01,0,49,12,0.0,0.0,0.0,0.0,1.0,0.0
8,8,2025-12-08,0,50,12,0.0,0.0,0.0,0.0,1.0,0.0
8,8,2025-12-15,0,51,12,0.0,0.0,0.0,0.0,1.0,1.0
8,8,2025-12-22,1,52,12,0.0,0.0,0.0,0.0,1.0,0.0
8,8,2025-12-29,0,1,12,1.0,0.0,0.0,0.25,0.0,0.0
8,8,2026-01-05,0,2,1,0.0,1.0,0.0,0.25,0.0,0.0
8,8,2026-01-12,0,3,1,0.0,0.0,0.0,0.25,0.0,0.0
8,8,2026-01-19,0,4,1,0.0,0.0,1.0,0.25,0.0,0.0
8,8,2026-01-26,0,5,1,0.0,0.0,0.0,0.0,1.0,1.0
8,8,2026-02-02,1,6,2,0.0,0.0,0.0,0.0,1.0,0.0
8,8,2026-02-09,0,7,2,1.0,0.0,0.0,0.25,0.0,1.0
8,8,2026-02-16,1,8,2,0.0,1.0,0.0,0.25,4.0,1.0
8,8,2026-02-23,1,9,2,1.0,0.0,0.0,0.5,2.0,0.0
8,8,2026-03-02,0,10,3,1.0,1.0,1.0,0.75,0.0,1.0
8,8,2026-03-09,1,11,3,0.0,1.0,0.0,0.5,2.0,0.0
8,8,2026-03-16,0,12,3,1.0,0.0,1.0,0.75,0.0,0.0
8,8,2026-03-23,0,13,3,0.0,1.0,1.0,0.5,0.0,1.0
8,8,2026-03-30,1,14,3,0.0,0.0,0.0,0.25,4.0,1.0
8,8,2026-04-06,1,15,4,1.0,0.0,1.0,0.5,2.0,2.0
8,8,2026-04-13,2,16,4,1.0,1.0,0.0,0.5,4.0,1.0
8,8,2026-04-20,1,17,4,2.0,1.0,0.0,1.0,1.0,0.0
8,8,2026-04-27,0,18,4,1.0,2.0,1.0,1.25,0.0,0.0
8,8,2026-05-04,0,19,5,0.0,1.0,1.0,1.0,0.0,0.0
8,8,2026-05-11,0,20,5,0.0,0.0,2.0,0.75,0.0,0.0
8,8,2026-05-18,0,21,5,0.0,0.0,1.0,0.25,0.0,1.0
8,8,2026-05-25,1,22,5,0.0,0.0,0.0,0.0,1.0,0.0
8,8,2026-06-01,0,23,6,1.0,0.0,0.0,0.25,0.0,0.0
8,8,2026-06-08,0,24,6,0.0,1.0,0.0,0.25,0.0,0.0
8,8,2026-06-15,0,25,6,0.0,0.0,0.0,0.25,0.0,0.0
8,8,2026-06-22,0,26,6,0.0,0.0,1.0,0.25,0.0,0.0
8,9,2024-01-29,0,5,1,0.0,0.0,1.0,0.25,0.0,1.0
8,9,2024-02-05,1,6,2,0.0,0.0,0.0,0.0,1.0,0.0
8,9,2024-02-12,0,7,2,1.0,0.0,0.0,0.25,0.0,0.0
8,9,2024-02-19,0,8,2,0.0,1.0,0.0,0.25,0.0,0.0
8,9,2024-02-26,0,9,2,0.0,0.0,0.0,0.25,0.0,1.0
8,9,2024-03-04,1,10,3,0.0,0.0,1.0,0.25,4.0,2.0
8,9,2024-03-11,2,11,3,1.0,0.0,0.0,0.25,8.0,0.0
8,9,2024-03-18,0,12,3,2.0,1.0,0.0,0.75,0.0,0.0
8,9,2024-03-25,0,13,3,0.0,2.0,0.0,0.75,0.0,0.0
8,9,2024-04-01,0,14,4,0.0,0.0,1.0,0.75,0.0,0.0
8,9,2024-04-08,0,15,4,0.0,0.0,2.0,0.5,0.0,1.0
8,9,2024-04-15,1,16,4,0.0,0.0,0.0,0.0,1.0,0.0
8,9,2024-04-22,0,17,4,1.0,0.0,0.0,0.25,0.0,1.0
8,9,2024-04-29,1,18,4,0.0,1.0,0.0,0.25,4.0,1.0
8,9,2024-05-06,1,19,5,1.0,0.0,0.0,0.5,2.0,0.0
8,9,2024-05-13,0,20,5,1.0,1.0,1.0,0.75,0.0,0.0
8,9,2024-05-20,0,21,5,0.0,1.0,0.0,0.5,0.0,0.0
8,9,2024-05-27,0,22,5,0.0,0.0,1.0,0.5,0.0,0.0
8,9,2024-06-03,0,23,6,0.0,0.0,1.0,0.25,0.0,1.0
8,9,2024-06-10,1,24,6,0.0,0.0,0.0,0.0,1.0,0.0
8,9,2024-06-17,0,25,6,1.0,0.0,0.0,0.25,0.0,1.0
8,9,2024-06-24,1,26,6,0.0,1.0,0.0,0.25,4.0,1.0
8,9,2024-07-01,1,27,7,1.0,0.0,0.0,0.5,2.0,3.0
8,9,2024-07-08,3,28,7,1.0,1.0,1.0,0.75,4.0,1.0
8,9,2024-07-15,1,29,7,3.0,1.0,0.0,1.25,0.8,0.0
8,9,2024-07-22,0,30,7,1.0,3.0,1.0,1.5,0.0,0.0
8,9,2024-07-29,0,31,7,0.0,1.0,1.0,1.25,0.0,0.0
8,9,2024-08-05,0,32,8,0.0,0.0,3.0,1.0,0.0,2.0
8,9,2024-08-12,2,33,8,0.0,0.0,1.0,0.25,8.0,0.0
8,9,2024-08-19,0,34,8,2.0,0.0,0.0,0.5,0.0,2.0
8,9,2024-08-26,2,35,8,0.0,2.0,0.0,0.5,4.0,1.0
8,9,2024-09-02,1,36,9,2.0,0.0,0.0,1.0,1.0,1.0
8,9,2024-09-09,1,37,9,1.0,2.0,2.0,1.25,0.8,0.0
8,9,2024-09-16,0,38,9,1.0,1.0,0.0,1.0,0.0,0.0
8,9,2024-09-23,0,39,9,0.0,1.0,2.0,1.0,0.0,1.0
8,9,2024-09-30,1,40,9,0.0,0.0,1.0,0.5,2.0,0.0
8,9,2024-10-07,0,41,10,1.0,0.0,1.0,0.5,0.0,0.0
8,9,2024-10-14,0,42,10,0.0,1.0,0.0,0.25,0.0,0.0
8,9,2024-10-21,0,43,10,0.0,0.0,0.0,0.25,0.0,0.0
8,9,2024-10-28,0,44,10,0.0,0.0,1.0,0.25,0.0,0.0
8,9,2024-11-04,0,45,11,0.0,0.0,0.0,0.0,1.0,0.0
8,9,2024-11-11,0,46,11,0.0,0.0,0.0,0.0,1.0,0.0
8,9,2024-11-18,0,47,11,0.0,0.0,0.0,0.0,1.0,0.0
8,9,2024-11-25,0,48,11,0.0,0.0,0.0,0.0,1.0,1.0
8,9,2024-12-02,1,49,12,0.0,0.0,0.0,0.0,1.0,1.0
8,9,2024-12-09,1,50,12,1.0,0.0,0.0,0.25,4.0,0.0
8,9,2024-12-16,0,51,12,1.0,1.0,0.0,0.5,0.0,0.0
8,9,2024-12-23,0,52,12,0.0,1.0,0.0,0.5,0.0,0.0
8,9,2024-12-30,0,1,12,0.0,0.0,1.0,0.5,0.0,0.0
8,9,2025-01-06,0,2,1,0.0,0.0,1.0,0.25,0.0,0.0
8,9,2025-01-13,0,3,1,0.0,0.0,0.0,0.0,1.0,1.0
8,9,2025-01-20,1,4,1,0.0,0.0,0.0,0.0,1.0,0.0
8,9,2025-01-27,0,5,1,1.0,0.0,0.0,0.25,0.0,0.0
8,9,2025-02-03,0,6,2,0.0,1.0,0.0,0.25,0.0,0.0
8,9,2025-02-10,0,7,2,0.0,0.0,0.0,0.25,0.0,1.0
8,9,2025-02-17,1,8,2,0.0,0.0,1.0,0.25,4.0,0.0
8,9,2025-02-24,0,9,2,1.0,0.0,0.0,0.25,0.0,0.0
8,9,2025-03-03,0,10,3,0.0,1.0,0.0,0.25,0.0,0.0
8,9,2025-03-10,0,11,3,0.0,0.0,0.0,0.25,0.0,0.0
8,9,2025-03-17,0,12,3,0.0,0.0,1.0,0.25,0.0,0.0
8,9,2025-03-24,0,13,3,0.0,0.0,0.0,0.0,1.0,3.0
8,9,2025-03-31,3,14,3,0.0,0.0,0.0,0.0,1.0,1.0
8,9,2025-04-07,1,15,4,3.0,0.0,0.0,0.75,1.3333333333333333,0.0
8,9,2025-04-14,0,16,4,1.0,3.0,0.0,1.0,0.0,1.0
8,9,2025-04-21,1,17,4,0.0,1.0,0.0,1.0,1.0,0.0
8,9,2025-04-28,0,18,4,1.0,0.0,3.0,1.25,0.0,0.0
8,9,2025-05-05,0,19,5,0.0,1.0,1.0,0.5,0.0,1.0
8,9,2025-05-12,1,20,5,0.0,0.0,0.0,0.25,4.0,0.0
8,9,2025-05-19,0,21,5,1.0,0.0,1.0,0.5,0.0,0.0
8,9,2025-05-26,0,22,5,0.0,1.0,0.0,0.25,0.0,1.0
8,9,2025-06-02,1,23,6,0.0,0.0,0.0,0.25,4.0,0.0
8,9,2025-06-09,0,24,6,1.0,0.0,1.0,0.5,0.0,1.0
8,9,2025-06-16,1,25,6,0.0,1.0,0.0,0.25,4.0,0.0
8,9,2025-06-23,0,26,6,1.0,0.0,0.0,0.5,0.0,0.0
8,9,2025-06-30,0,27,6,0.0,1.0,1.0,0.5,0.0,1.0
8,9,2025-07-07,1,28,7,0.0,0.0,0.0,0.25,4.0,2.0
8,9,2025-07-14,2,29,7,1.0,0.0,1.0,0.5,4.0,0.0
8,9,2025-07-21,0,30,7,2.0,1.0,0.0,0.75,0.0,0.0
8,9,2025-07-28,0,31,7,0.0,2.0,0.0,0.75,0.0,1.0
8,9,2025-08-04,1,32,8,0.0,0.0,1.0,0.75,1.3333333333333333,0.0
8,9,2025-08-11,0,33,8,1.0,0.0,2.0,0.75,0.0,0.0
8,9,2025-08-18,0,34,8,0.0,1.0,0.0,0.25,0.0,0.0
8,9,2025-08-25,0,35,8,0.0,0.0,0.0,0.25,0.0,0.0
8,9,2025-09-01,0,36,9,0.0,0.0,1.0,0.25,0.0,2.0
8,9,2025-09-08,2,37,9,0.0,0.0,0.0,0.0,1.0,0.0
8,9,2025-09-15,0,38,9,2.0,0.0,0.0,0.5,0.0,2.0
8,9,2025-09-22,2,39,9,0.0,2.0,0.0,0.5,4.0,0.0
8,9,2025-09-29,0,40,9,2.0,0.0,0.0,1.0,0.0,0.0
8,9,2025-10-06,0,41,10,0.0,2.0,2.0,1.0,0.0,0.0
8,9,2025-10-13,0,42,10,0.0,0.0,0.0,0.5,0.0,2.0
8,9,2025-10-20,2,43,10,0.0,0.0,2.0,0.5,4.0,0.0
8,9,2025-10-27,0,44,10,2.0,0.0,0.0,0.5,0.0,1.0
8,9,2025-11-03,1,45,11,0.0,2.0,0.0,0.5,2.0,1.0
8,9,2025-11-10,1,46,11,1.0,0.0,0.0,0.75,1.3333333333333333,1.0
8,9,2025-11-17,1,47,11,1.0,1.0,2.0,1.0,1.0,0.0
8,9,2025-11-24,0,48,11,1.0,1.0,0.0,0.75,0.0,0.0
8,9,2025-12-01,0,49,12,0.0,1.0,1.0,0.75,0.0,0.0
8,9,2025-12-08,0,50,12,0.0,0.0,1.0,0.5,0.0,0.0
8,9,2025-12-15,0,51,12,0.0,0.0,1.0,0.25,0.0,1.0
8,9,2025-12-22,1,52,12,0.0,0.0,0.0,0.0,1.0,0.0
8,9,2025-12-29,0,1,12,1.0,0.0,0.0,0.25,0.0,0.0
8,9,2026-01-05,0,2,1,0.0,1.0,0.0,0.25,0.0,1.0
8,9,2026-01-12,1,3,1,0.0,0.0,0.0,0.25,4.0,1.0
8,9,2026-01-19,1,4,1,1.0,0.0,1.0,0.5,2.0,0.0
8,9,2026-01-26,0,5,1,1.0,1.0,0.0,0.5,0.0,1.0
8,9,2026-02-02,1,6,2,0.0,1.0,0.0,0.5,2.0,0.0
8,9,2026-02-09,0,7,2,1.0,0.0,1.0,0.75,0.0,0.0
8,9,2026-02-16,0,8,2,0.0,1.0,1.0,0.5,0.0,1.0
8,9,2026-02-23,1,9,2,0.0,0.0,0.0,0.25,4.0,1.0
8,9,2026-03-02,1,10,3,1.0,0.0,1.0,0.5,2.0,1.0
8,9,2026-03-09,1,11,3,1.0,1.0,0.0,0.5,2.0,2.0
8,9,2026-03-16,2,12,3,1.0,1.0,0.0,0.75,2.6666666666666665,0.0
8,9,2026-03-23,0,13,3,2.0,1.0,1.0,1.25,0.0,0.0
8,9,2026-03-30,0,14,3,0.0,2.0,1.0,1.0,0.0,1.0
8,9,2026-04-06,1,15,4,0.0,0.0,1.0,0.75,1.3333333333333333,0.0
8,9,2026-04-13,0,16,4,1.0,0.0,2.0,0.75,0.0,1.0
8,9,2026-04-20,1,17,4,0.0,1.0,0.0,0.25,4.0,0.0
8,9,2026-04-27,0,18,4,1.0,0.0,0.0,0.5,0.0,0.0
8,9,2026-05-04,0,19,5,0.0,1.0,1.0,0.5,0.0,0.0
8,9,2026-05-11,0,20,5,0.0,0.0,0.0,0.25,0.0,0.0
8,9,2026-05-18,0,21,5,0.0,0.0,1.0,0.25,0.0,0.0
8,9,2026-05-25,0,22,5,0.0,0.0,0.0,0.0,1.0,0.0
8,9,2026-06-01,0,23,6,0.0,0.0,0.0,0.0,1.0,1.0
8,9,2026-06-08,1,24,6,0.0,0.0,0.0,0.0,1.0,0.0
8,9,2026-06-15,0,25,6,1.0,0.0,0.0,0.25,0.0,0.0
8,9,2026-06-22,0,26,6,0.0,1.0,0.0,0.25,0.0,0.0
8,10,2024-01-29,2,5,1,1.0,1.0,0.0,0.5,4.0,2.0
8,10,2024-02-05,2,6,2,2.0,1.0,0.0,1.0,2.0,1.0
8,10,2024-02-12,1,7,2,2.0,2.0,1.0,1.5,0.6666666666666666,0.0
8,10,2024-02-19,0,8,2,1.0,2.0,1.0,1.5,0.0,0.0
8,10,2024-02-26,0,9,2,0.0,1.0,2.0,1.25,0.0,1.0
8,10,2024-03-04,1,10,3,0.0,0.0,2.0,0.75,1.3333333333333333,1.0
8,10,2024-03-11,1,11,3,1.0,0.0,1.0,0.5,2.0,0.0
8,10,2024-03-18,0,12,3,1.0,1.0,0.0,0.5,0.0,0.0
8,10,2024-03-25,0,13,3,0.0,1.0,0.0,0.5,0.0,0.0
8,10,2024-04-01,0,14,4,0.0,0.0,1.0,0.5,0.0,0.0
8,10,2024-04-08,0,15,4,0.0,0.0,1.0,0.25,0.0,1.0
8,10,2024-04-15,1,16,4,0.0,0.0,0.0,0.0,1.0,0.0
8,10,2024-04-22,0,17,4,1.0,0.0,0.0,0.25,0.0,0.0
8,10,2024-04-29,0,18,4,0.0,1.0,0.0,0.25,0.0,0.0
8,10,2024-05-06,0,19,5,0.0,0.0,0.0,0.25,0.0,0.0
8,10,2024-05-13,0,20,5,0.0,0.0,1.0,0.25,0.0,1.0
8,10,2024-05-20,1,21,5,0.0,0.0,0.0,0.0,1.0,1.0
8,10,2024-05-27,1,22,5,1.0,0.0,0.0,0.25,4.0,0.0
8,10,2024-06-03,0,23,6,1.0,1.0,0.0,0.5,0.0,0.0
8,10,2024-06-10,0,24,6,0.0,1.0,0.0,0.5,0.0,0.0
8,10,2024-06-17,0,25,6,0.0,0.0,1.0,0.5,0.0,0.0
8,10,2024-06-24,0,26,6,0.0,0.0,1.0,0.25,0.0,0.0
8,10,2024-07-01,0,27,7,0.0,0.0,0.0,0.0,1.0,0.0
8,10,2024-07-08,0,28,7,0.0,0.0,0.0,0.0,1.0,0.0
8,10,2024-07-15,0,29,7,0.0,0.0,0.0,0.0,1.0,0.0
8,10,2024-07-22,0,30,7,0.0,0.0,0.0,0.0,1.0,0.0
8,10,2024-07-29,0,31,7,0.0,0.0,0.0,0.0,1.0,0.0
8,10,2024-08-05,0,32,8,0.0,0.0,0.0,0.0,1.0,0.0
8,10,2024-08-12,0,33,8,0.0,0.0,0.0,0.0,1.0,1.0
8,10,2024-08-19,1,34,8,0.0,0.0,0.0,0.0,1.0,0.0
8,10,2024-08-26,0,35,8,1.0,0.0,0.0,0.25,0.0,0.0
8,10,2024-09-02,0,36,9,0.0,1.0,0.0,0.25,0.0,0.0
8,10,2024-09-09,0,37,9,0.0,0.0,0.0,0.25,0.0,1.0
8,10,2024-09-16,1,38,9,0.0,0.0,1.0,0.25,4.0,0.0
8,10,2024-09-23,0,39,9,1.0,0.0,0.0,0.25,0.0,1.0
8,10,2024-09-30,1,40,9,0.0,1.0,0.0,0.25,4.0,0.0
8,10,2024-10-07,0,41,10,1.0,0.0,0.0,0.5,0.0,1.0
8,10,2024-10-14,1,42,10,0.0,1.0,1.0,0.5,2.0,0.0
8,10,2024-10-21,0,43,10,1.0,0.0,0.0,0.5,0.0,0.0
8,10,2024-10-28,0,44,10,0.0,1.0,1.0,0.5,0.0,0.0
8,10,2024-11-04,0,45,11,0.0,0.0,0.0,0.25,0.0,0.0
8,10,2024-11-11,0,46,11,0.0,0.0,1.0,0.25,0.0,1.0
8,10,2024-11-18,1,47,11,0.0,0.0,0.0,0.0,1.0,1.0
8,10,2024-11-25,1,48,11,1.0,0.0,0.0,0.25,4.0,1.0
8,10,2024-12-02,1,49,12,1.0,1.0,0.0,0.5,2.0,1.0
8,10,2024-12-09,1,50,12,1.0,1.0,0.0,0.75,1.3333333333333333,1.0
8,10,2024-12-16,1,51,12,1.0,1.0,1.0,1.0,1.0,0.0
8,10,2024-12-23,0,52,12,1.0,1.0,1.0,1.0,0.0,0.0
8,10,2024-12-30,0,1,12,0.0,1.0,1.0,0.75,0.0,1.0
8,10,2025-01-06,1,2,1,0.0,0.0,1.0,0.5,2.0,0.0
8,10,2025-01-13,0,3,1,1.0,0.0,1.0,0.5,0.0,0.0
8,10,2025-01-20,0,4,1,0.0,1.0,0.0,0.25,0.0,0.0
8,10,2025-01-27,0,5,1,0.0,0.0,0.0,0.25,0.0,2.0
8,10,2025-02-03,2,6,2,0.0,0.0,1.0,0.25,8.0,0.0
8,10,2025-02-10,0,7,2,2.0,0.0,0.0,0.5,0.0,0.0
8,10,2025-02-17,0,8,2,0.0,2.0,0.0,0.5,0.0,0.0
8,10,2025-02-24,0,9,2,0.0,0.0,0.0,0.5,0.0,1.0
8,10,2025-03-03,1,10,3,0.0,0.0,2.0,0.5,2.0,0.0
8,10,2025-03-10,0,11,3,1.0,0.0,0.0,0.25,0.0,1.0
8,10,2025-03-17,1,12,3,0.0,1.0,0.0,0.25,4.0,0.0
8,10,2025-03-24,0,13,3,1.0,0.0,0.0,0.5,0.0,2.0
8,10,2025-03-31,2,14,3,0.0,1.0,1.0,0.5,4.0,1.0
8,10,2025-04-07,1,15,4,2.0,0.0,0.0,0.75,1.3333333333333333,0.0
8,10,2025-04-14,0,16,4,1.0,2.0,1.0,1.0,0.0,0.0
8,10,2025-04-21,0,17,4,0.0,1.0,0.0,0.75,0.0,1.0
8,10,2025-04-28,1,18,4,0.0,0.0,2.0,0.75,1.3333333333333333,1.0
8,10,2025-05-05,1,19,5,1.0,0.0,1.0,0.5,2.0,0.0
8,10,2025-05-12,0,20,5,1.0,1.0,0.0,0.5,0.0,0.0
8,10,2025-05-19,0,21,5,0.0,1.0,0.0,0.5,0.0,1.0
8,10,2025-05-26,1,22,5,0.0,0.0,1.0,0.5,2.0,0.0
8,10,2025-06-02,0,23,6,1.0,0.0,1.0,0.5,0.0,0.0
8,10,2025-06-09,0,24,6,0.0,1.0,0.0,0.25,0.0,1.0
8,10,2025-06-16,1,25,6,0.0,0.0,0.0,0.25,4.0,0.0
8,10,2025-06-23,0,26,6,1.0,0.0,1.0,0.5,0.0,1.0
8,10,2025-06-30,1,27,6,0.0,1.0,0.0,0.25,4.0,0.0
8,10,2025-07-07,0,28,7,1.0,0.0,0.0,0.5,0.0,1.0
8,10,2025-07-14,1,29,7,0.0,1.0,1.0,0.5,2.0,0.0
8,10,2025-07-21,0,30,7,1.0,0.0,0.0,0.5,0.0,0.0
8,10,2025-07-28,0,31,7,0.0,1.0,1.0,0.5,0.0,1.0
8,10,2025-08-04,1,32,8,0.0,0.0,0.0,0.25,4.0,0.0
8,10,2025-08-11,0,33,8,1.0,0.0,1.0,0.5,0.0,1.0
8,10,2025-08-18,1,34,8,0.0,1.0,0.0,0.25,4.0,0.0
8,10,2025-08-25,0,35,8,1.0,0.0,0.0,0.5,0.0,0.0
8,10,2025-09-01,0,36,9,0.0,1.0,1.0,0.5,0.0,1.0
8,10,2025-09-08,1,37,9,0.0,0.0,0.0,0.25,4.0,0.0
8,10,2025-09-15,0,38,9,1.0,0.0,1.0,0.5,0.0,0.0
8,10,2025-09-22,0,39,9,0.0,1.0,0.0,0.25,0.0,1.0
8,10,2025-09-29,1,40,9,0.0,0.0,0.0,0.25,4.0,0.0
8,10,2025-10-06,0,41,10,1.0,0.0,1.0,0.5,0.0,0.0
8,10,2025-10-13,0,42,10,0.0,1.0,0.0,0.25,0.0,1.0
8,10,2025-10-20,1,43,10,0.0,0.0,0.0,0.25,4.0,0.0
8,10,2025-10-27,0,44,10,1.0,0.0,1.0,0.5,0.0,1.0
8,10,2025-11-03,1,45,11,0.0,1.0,0.0,0.25,4.0,0.0
8,10,2025-11-10,0,46,11,1.0,0.0,0.0,0.5,0.0,0.0
8,10,2025-11-17,0,47,11,0.0,1.0,1.0,0.5,0.0,1.0
8,10,2025-11-24,1,48,11,0.0,0.0,0.0,0.25,4.0,1.0
8,10,2025-12-01,1,49,12,1.0,0.0,1.0,0.5,2.0,0.0
8,10,2025-12-08,0,50,12,1.0,1.0,0.0,0.5,0.0,0.0
8,10,2025-12-15,0,51,12,0.0,1.0,0.0,0.5,0.0,0.0
8,10,2025-12-22,0,52,12,0.0,0.0,1.0,0.5,0.0,1.0
8,10,2025-12-29,1,1,12,0.0,0.0,1.0,0.25,4.0,0.0
8,10,2026-01-05,0,2,1,1.0,0.0,0.0,0.25,0.0,0.0
8,10,2026-01-12,0,3,1,0.0,1.0,0.0,0.25,0.0,1.0
8,10,2026-01-19,1,4,1,0.0,0.0,0.0,0.25,4.0,0.0
8,10,2026-01-26,0,5,1,1.0,0.0,1.0,0.5,0.0,1.0
8,10,2026-02-02,1,6,2,0.0,1.0,0.0,0.25,4.0,2.0
8,10,2026-02-09,2,7,2,1.0,0.0,0.0,0.5,4.0,0.0
8,10,2026-02-16,0,8,2,2.0,1.0,1.0,1.0,0.0,0.0
8,10,2026-02-23,0,9,2,0.0,2.0,0.0,0.75,0.0,1.0
8,10,2026-03-02,1,10,3,0.0,0.0,1.0,0.75,1.3333333333333333,0.0
8,10,2026-03-09,0,11,3,1.0,0.0,2.0,0.75,0.0,3.0
8,10,2026-03-16,3,12,3,0.0,1.0,0.0,0.25,12.0,0.0
8,10,2026-03-23,0,13,3,3.0,0.0,0.0,1.0,0.0,1.0
8,10,2026-03-30,1,14,3,0.0,3.0,1.0,1.0,1.0,1.0
8,10,2026-04-06,1,15,4,1.0,0.0,0.0,1.0,1.0,1.0
8,10,2026-04-13,1,16,4,1.0,1.0,3.0,1.25,0.8,0.0
8,10,2026-04-20,0,17,4,1.0,1.0,0.0,0.75,0.0,0.0
8,10,2026-04-27,0,18,4,0.0,1.0,1.0,0.75,0.0,0.0
8,10,2026-05-04,0,19,5,0.0,0.0,1.0,0.5,0.0,0.0
8,10,2026-05-11,0,20,5,0.0,0.0,1.0,0.25,0.0,0.0
8,10,2026-05-18,0,21,5,0.0,0.0,0.0,0.0,1.0,0.0
8,10,2026-05-25,0,22,5,0.0,0.0,0.0,0.0,1.0,1.0
8,10,2026-06-01,1,23,6,0.0,0.0,0.0,0.0,1.0,0.0
8,10,2026-06-08,0,24,6,1.0,0.0,0.0,0.25,0.0,0.0
8,10,2026-06-15,0,25,6,0.0,1.0,0.0,0.25,0.0,0.0
8,10,2026-06-22,0,26,6,0.0,0.0,0.0,0.25,0.0,0.0
8,11,2024-01-29,1,5,1,0.0,0.0,0.0,0.0,1.0,0.0
8,11,2024-02-05,0,6,2,1.0,0.0,0.0,0.25,0.0,1.0
8,11,2024-02-12,1,7,2,0.0,1.0,0.0,0.25,4.0,1.0
8,11,2024-02-19,1,8,2,1.0,0.0,0.0,0.5,2.0,1.0
8,11,2024-02-26,1,9,2,1.0,1.0,1.0,0.75,1.3333333333333333,1.0
8,11,2024-03-04,1,10,3,1.0,1.0,0.0,0.75,1.3333333333333333,1.0
8,11,2024-03-11,1,11,3,1.0,1.0,1.0,1.0,1.0,0.0
8,11,2024-03-18,0,12,3,1.0,1.0,1.0,1.0,0.0,0.0
8,11,2024-03-25,0,13,3,0.0,1.0,1.0,0.75,0.0,0.0
8,11,2024-04-01,0,14,4,0.0,0.0,1.0,0.5,0.0,3.0
8,11,2024-04-08,3,15,4,0.0,0.0,1.0,0.25,12.0,0.0
8,11,2024-04-15,0,16,4,3.0,0.0,0.0,0.75,0.0,1.0
8,11,2024-04-22,1,17,4,0.0,3.0,0.0,0.75,1.3333333333333333,0.0
8,11,2024-04-29,0,18,4,1.0,0.0,0.0,1.0,0.0,1.0
8,11,2024-05-06,1,19,5,0.0,1.0,3.0,1.0,1.0,0.0
8,11,2024-05-13,0,20,5,1.0,0.0,0.0,0.5,0.0,0.0
8,11,2024-05-20,0,21,5,0.0,1.0,1.0,0.5,0.0,1.0
8,11,2024-05-27,1,22,5,0.0,0.0,0.0,0.25,4.0,0.0
8,11,2024-06-03,0,23,6,1.0,0.0,1.0,0.5,0.0,0.0
8,11,2024-06-10,0,24,6,0.0,1.0,0.0,0.25,0.0,0.0
8,11,2024-06-17,0,25,6,0.0,0.0,0.0,0.25,0.0,0.0
8,11,2024-06-24,0,26,6,0.0,0.0,1.0,0.25,0.0,0.0
8,11,2024-07-01,0,27,7,0.0,0.0,0.0,0.0,1.0,0.0
8,11,2024-07-08,0,28,7,0.0,0.0,0.0,0.0,1.0,0.0
8,11,2024-07-15,0,29,7,0.0,0.0,0.0,0.0,1.0,0.0
8,11,2024-07-22,0,30,7,0.0,0.0,0.0,0.0,1.0,0.0
8,11,2024-07-29,0,31,7,0.0,0.0,0.0,0.0,1.0,1.0
8,11,2024-08-05,1,32,8,0.0,0.0,0.0,0.0,1.0,3.0
8,11,2024-08-12,3,33,8,1.0,0.0,0.0,0.25,12.0,0.0
8,11,2024-08-19,0,34,8,3.0,1.0,0.0,1.0,0.0,1.0
8,11,2024-08-26,1,35,8,0.0,3.0,0.0,1.0,1.0,2.0
8,11,2024-09-02,2,36,9,1.0,0.0,1.0,1.25,1.6,1.0
8,11,2024-09-09,1,37,9,2.0,1.0,3.0,1.5,0.6666666666666666,0.0
8,11,2024-09-16,0,38,9,1.0,2.0,0.0,1.0,0.0,0.0
8,11,2024-09-23,0,39,9,0.0,1.0,1.0,1.0,0.0,1.0
8,11,2024-09-30,1,40,9,0.0,0.0,2.0,0.75,1.3333333333333333,1.0
8,11,2024-10-07,1,41,10,1.0,0.0,1.0,0.5,2.0,0.0
8,11,2024-10-14,0,42,10,1.0,1.0,0.0,0.5,0.0,0.0
8,11,2024-10-21,0,43,10,0.0,1.0,0.0,0.5,0.0,0.0
8,11,2024-10-28,0,44,10,0.0,0.0,1.0,0.5,0.0,1.0
8,11,2024-11-04,1,45,11,0.0,0.0,1.0,0.25,4.0,0.0
8,11,2024-11-11,0,46,11,1.0,0.0,0.0,0.25,0.0,2.0
8,11,2024-11-18,2,47,11,0.0,1.0,0.0,0.25,8.0,0.0
8,11,2024-11-25,0,48,11,2.0,0.0,0.0,0.75,0.0,1.0
8,11,2024-12-02,1,49,12,0.0,2.0,1.0,0.75,1.3333333333333333,1.0
8,11,2024-12-09,1,50,12,1.0,0.0,0.0,0.75,1.3333333333333333,0.0
8,11,2024-12-16,0,51,12,1.0,1.0,2.0,1.0,0.0,0.0
8,11,2024-12-23,0,52,12,0.0,1.0,0.0,0.5,0.0,0.0
8,11,2024-12-30,0,1,12,0.0,0.0,1.0,0.5,0.0,1.0
8,11,2025-01-06,1,2,1,0.0,0.0,1.0,0.25,4.0,1.0
8,11,2025-01-13,1,3,1,1.0,0.0,0.0,0.25,4.0,0.0
8,11,2025-01-20,0,4,1,1.0,1.0,0.0,0.5,0.0,0.0
8,11,2025-01-27,0,5,1,0.0,1.0,0.0,0.5,0.0,0.0
8,11,2025-02-03,0,6,2,0.0,0.0,1.0,0.5,0.0,1.0
8,11,2025-02-10,1,7,2,0.0,0.0,1.0,0.25,4.0,0.0
8,11,2025-02-17,0,8,2,1.0,0.0,0.0,0.25,0.0,0.0
8,11,2025-02-24,0,9,2,0.0,1.0,0.0,0.25,0.0,0.0
8,11,2025-03-03,0,10,3,0.0,0.0,0.0,0.25,0.0,1.0
8,11,2025-03-10,1,11,3,0.0,0.0,1.0,0.25,4.0,0.0
8,11,2025-03-17,0,12,3,1.0,0.0,0.0,0.25,0.0,0.0
8,11,2025-03-24,0,13,3,0.0,1.0,0.0,0.25,0.0,2.0
8,11,2025-03-31,2,14,3,0.0,0.0,0.0,0.25,8.0,0.0
8,11,2025-04-07,0,15,4,2.0,0.0,1.0,0.75,0.0,1.0
8,11,2025-04-14,1,16,4,0.0,2.0,0.0,0.5,2.0,2.0
8,11,2025-04-21,2,17,4,1.0,0.0,0.0,0.75,2.6666666666666665,1.0
8,11,2025-04-28,1,18,4,2.0,1.0,2.0,1.25,0.8,0.0
8,11,2025-05-05,0,19,5,1.0,2.0,0.0,1.0,0.0,0.0
8,11,2025-05-12,0,20,5,0.0,1.0,1.0,1.0,0.0,2.0
8,11,2025-05-19,2,21,5,0.0,0.0,2.0,0.75,2.6666666666666665,1.0
8,11,2025-05-26,1,22,5,2.0,0.0,1.0,0.75,1.3333333333333333,2.0
8,11,2025-06-02,2,23,6,1.0,2.0,0.0,0.75,2.6666666666666665,0.0
8,11,2025-06-09,0,24,6,2.0,1.0,0.0,1.25,0.0,1.0
8,11,2025-06-16,1,25,6,0.0,2.0,2.0,1.25,0.8,1.0
8,11,2025-06-23,1,26,6,1.0,0.0,1.0,1.0,1.0,0.0
8,11,2025-06-30,0,27,6,1.0,1.0,2.0,1.0,0.0,0.0
8,11,2025-07-07,0,28,7,0.0,1.0,0.0,0.5,0.0,1.0
8,11,2025-07-14,1,29,7,0.0,0.0,1.0,0.5,2.0,0.0
8,11,2025-07-21,0,30,7,1.0,0.0,1.0,0.5,0.0,0.0
8,11,2025-07-28,0,31,7,0.0,1.0,0.0,0.25,0.0,0.0
8,11,2025-08-04,0,32,8,0.0,0.0,0.0,0.25,0.0,2.0
8,11,2025-08-11,2,33,8,0.0,0.0,1.0,0.25,8.0,0.0
8,11,2025-08-18,0,34,8,2.0,0.0,0.0,0.5,0.0,0.0
8,11,2025-08-25,0,35,8,0.0,2.0,0.0,0.5,0.0,0.0
8,11,2025-09-01,0,36,9,0.0,0.0,0.0,0.5,0.0,0.0
8,11,2025-09-08,0,37,9,0.0,0.0,2.0,0.5,0.0,0.0
8,11,2025-09-15,0,38,9,0.0,0.0,0.0,0.0,1.0,0.0
8,11,2025-09-22,0,39,9,0.0,0.0,0.0,0.0,1.0,0.0
8,11,2025-09-29,0,40,9,0.0,0.0,0.0,0.0,1.0,1.0
8,11,2025-10-06,1,41,10,0.0,0.0,0.0,0.0,1.0,0.0
8,11,2025-10-13,0,42,10,1.0,0.0,0.0,0.25,0.0,1.0
8,11,2025-10-20,1,43,10,0.0,1.0,0.0,0.25,4.0,0.0
8,11,2025-10-27,0,44,10,1.0,0.0,0.0,0.5,0.0,1.0
8,11,2025-11-03,1,45,11,0.0,1.0,1.0,0.5,2.0,1.0
8,11,2025-11-10,1,46,11,1.0,0.0,0.0,0.5,2.0,1.0
8,11,2025-11-17,1,47,11,1.0,1.0,1.0,0.75,1.3333333333333333,1.0
8,11,2025-11-24,1,48,11,1.0,1.0,0.0,0.75,1.3333333333333333,0.0
8,11,2025-12-01,0,49,12,1.0,1.0,1.0,1.0,0.0,0.0
8,11,2025-12-08,0,50,12,0.0,1.0,1.0,0.75,0.0,1.0
8,11,2025-12-15,1,51,12,0.0,0.0,1.0,0.5,2.0,1.0
8,11,2025-12-22,1,52,12,1.0,0.0,1.0,0.5,2.0,0.0
8,11,2025-12-29,0,1,12,1.0,1.0,0.0,0.5,0.0,0.0
8,11,2026-01-05,0,2,1,0.0,1.0,0.0,0.5,0.0,0.0
8,11,2026-01-12,0,3,1,0.0,0.0,1.0,0.5,0.0,0.0
8,11,2026-01-19,0,4,1,0.0,0.0,1.0,0.25,0.0,0.0
8,11,2026-01-26,0,5,1,0.0,0.0,0.0,0.0,1.0,1.0
8,11,2026-02-02,1,6,2,0.0,0.0,0.0,0.0,1.0,0.0
8,11,2026-02-09,0,7,2,1.0,0.0,0.0,0.25,0.0,0.0
8,11,2026-02-16,0,8,2,0.0,1.0,0.0,0.25,0.0,0.0
8,11,2026-02-23,0,9,2,0.0,0.0,0.0,0.25,0.0,0.0
8,11,2026-03-02,0,10,3,0.0,0.0,1.0,0.25,0.0,0.0
8,11,2026-03-09,0,11,3,0.0,0.0,0.0,0.0,1.0,1.0
8,11,2026-03-16,1,12,3,0.0,0.0,0.0,0.0,1.0,1.0
8,11,2026-03-23,1,13,3,1.0,0.0,0.0,0.25,4.0,1.0
8,11,2026-03-30,1,14,3,1.0,1.0,0.0,0.5,2.0,0.0
8,11,2026-04-06,0,15,4,1.0,1.0,0.0,0.75,0.0,0.0
8,11,2026-04-13,0,16,4,0.0,1.0,1.0,0.75,0.0,0.0
8,11,2026-04-20,0,17,4,0.0,0.0,1.0,0.5,0.0,1.0
8,11,2026-04-27,1,18,4,0.0,0.0,1.0,0.25,4.0,0.0
8,11,2026-05-04,0,19,5,1.0,0.0,0.0,0.25,0.0,0.0
8,11,2026-05-11,0,20,5,0.0,1.0,0.0,0.25,0.0,0.0
8,11,2026-05-18,0,21,5,0.0,0.0,0.0,0.25,0.0,0.0
8,11,2026-05-25,0,22,5,0.0,0.0,1.0,0.25,0.0,0.0
8,11,2026-06-01,0,23,6,0.0,0.0,0.0,0.0,1.0,1.0
8,11,2026-06-08,1,24,6,0.0,0.0,0.0,0.0,1.0,0.0
8,11,2026-06-15,0,25,6,1.0,0.0,0.0,0.25,0.0,0.0
8,11,2026-06-22,0,26,6,0.0,1.0,0.0,0.25,0.0,0.0
8,12,2024-01-29,0,5,1,0.0,0.0,0.0,0.0,1.0,0.0
8,12,2024-02-05,0,6,2,0.0,0.0,0.0,0.0,1.0,0.0
8,12,2024-02-12,0,7,2,0.0,0.0,0.0,0.0,1.0,0.0
8,12,2024-02-19,0,8,2,0.0,0.0,0.0,0.0,1.0,0.0
8,12,2024-02-26,0,9,2,0.0,0.0,0.0,0.0,1.0,1.0
8,12,2024-03-04,1,10,3,0.0,0.0,0.0,0.0,1.0,0.0
8,12,2024-03-11,0,11,3,1.0,0.0,0.0,0.25,0.0,1.0
8,12,2024-03-18,1,12,3,0.0,1.0,0.0,0.25,4.0,1.0
8,12,2024-03-25,1,13,3,1.0,0.0,0.0,0.5,2.0,0.0
8,12,2024-04-01,0,14,4,1.0,1.0,1.0,0.75,0.0,2.0
8,12,2024-04-08,2,15,4,0.0,1.0,0.0,0.5,4.0,1.0
8,12,2024-04-15,1,16,4,2.0,0.0,1.0,1.0,1.0,0.0
8,12,2024-04-22,0,17,4,1.0,2.0,1.0,1.0,0.0,0.0
8,12,2024-04-29,0,18,4,0.0,1.0,0.0,0.75,0.0,0.0
8,12,2024-05-06,0,19,5,0.0,0.0,2.0,0.75,0.0,0.0
8,12,2024-05-13,0,20,5,0.0,0.0,1.0,0.25,0.0,1.0
8,12,2024-05-20,1,21,5,0.0,0.0,0.0,0.0,1.0,0.0
8,12,2024-05-27,0,22,5,1.0,0.0,0.0,0.25,0.0,1.0
8,12,2024-06-03,1,23,6,0.0,1.0,0.0,0.25,4.0,0.0
8,12,2024-06-10,0,24,6,1.0,0.0,0.0,0.5,0.0,1.0
8,12,2024-06-17,1,25,6,0.0,1.0,1.0,0.5,2.0,0.0
8,12,2024-06-24,0,26,6,1.0,0.0,0.0,0.5,0.0,1.0
8,12,2024-07-01,1,27,7,0.0,1.0,1.0,0.5,2.0,0.0
8,12,2024-07-08,0,28,7,1.0,0.0,0.0,0.5,0.0,1.0
8,12,2024-07-15,1,29,7,0.0,1.0,1.0,0.5,2.0,0.0
8,12,2024-07-22,0,30,7,1.0,0.0,0.0,0.5,0.0,0.0
8,12,2024-07-29,0,31,7,0.0,1.0,1.0,0.5,0.0,0.0
8,12,2024-08-05,0,32,8,0.0,0.0,0.0,0.25,0.0,1.0
8,12,2024-08-12,1,33,8,0.0,0.0,1.0,0.25,4.0,0.0
8,12,2024-08-19,0,34,8,1.0,0.0,0.0,0.25,0.0,0.0
8,12,2024-08-26,0,35,8,0.0,1.0,0.0,0.25,0.0,1.0
8,12,2024-09-02,1,36,9,0.0,0.0,0.0,0.25,4.0,1.0
8,12,2024-09-09,1,37,9,1.0,0.0,1.0,0.5,2.0,0.0
8,12,2024-09-16,0,38,9,1.0,1.0,0.0,0.5,0.0,0.0
8,12,2024-09-23,0,39,9,0.0,1.0,0.0,0.5,0.0,1.0
8,12,2024-09-30,1,40,9,0.0,0.0,1.0,0.5,2.0,0.0
8,12,2024-10-07,0,41,10,1.0,0.0,1.0,0.5,0.0,0.0
8,12,2024-10-14,0,42,10,0.0,1.0,0.0,0.25,0.0,0.0
8,12,2024-10-21,0,43,10,0.0,0.0,0.0,0.25,0.0,1.0
8,12,2024-10-28,1,44,10,0.0,0.0,1.0,0.25,4.0,0.0
8,12,2024-11-04,0,45,11,1.0,0.0,0.0,0.25,0.0,0.0
8,12,2024-11-11,0,46,11,0.0,1.0,0.0,0.25,0.0,0.0
8,12,2024-11-18,0,47,11,0.0,0.0,0.0,0.25,0.0,0.0
8,12,2024-11-25,0,48,11,0.0,0.0,1.0,0.25,0.0,0.0
8,12,2024-12-02,0,49,12,0.0,0.0,0.0,0.0,1.0,0.0
8,12,2024-12-09,0,50,12,0.0,0.0,0.0,0.0,1.0,0.0
8,12,2024-12-16,0,51,12,0.0,0.0,0.0,0.0,1.0,0.0
8,12,2024-12-23,0,52,12,0.0,0.0,0.0,0.0,1.0,0.0
8,12,2024-12-30,0,1,12,0.0,0.0,0.0,0.0,1.0,2.0
8,12,2025-01-06,2,2,1,0.0,0.0,0.0,0.0,1.0,1.0
8,12,2025-01-13,1,3,1,2.0,0.0,0.0,0.5,2.0,0.0
8,12,2025-01-20,0,4,1,1.0,2.0,0.0,0.75,0.0,0.0
8,12,2025-01-27,0,5,1,0.0,1.0,0.0,0.75,0.0,2.0
8,12,2025-02-03,2,6,2,0.0,0.0,2.0,0.75,2.6666666666666665,2.0
8,12,2025-02-10,2,7,2,2.0,0.0,1.0,0.75,2.6666666666666665,0.0
8,12,2025-02-17,0,8,2,2.0,2.0,0.0,1.0,0.0,1.0
8,12,2025-02-24,1,9,2,0.0,2.0,0.0,1.0,1.0,0.0
8,12,2025-03-03,0,10,3,1.0,0.0,2.0,1.25,0.0,0.0
8,12,2025-03-10,0,11,3,0.0,1.0,2.0,0.75,0.0,0.0
8,12,2025-03-17,0,12,3,0.0,0.0,0.0,0.25,0.0,1.0
8,12,2025-03-24,1,13,3,0.0,0.0,1.0,0.25,4.0,0.0
8,12,2025-03-31,0,14,3,1.0,0.0,0.0,0.25,0.0,0.0
8,12,2025-04-07,0,15,4,0.0,1.0,0.0,0.25,0.0,0.0
8,12,2025-04-14,0,16,4,0.0,0.0,0.0,0.25,0.0,0.0
8,12,2025-04-21,0,17,4,0.0,0.0,1.0,0.25,0.0,0.0
8,12,2025-04-28,0,18,4,0.0,0.0,0.0,0.0,1.0,1.0
8,12,2025-05-05,1,19,5,0.0,0.0,0.0,0.0,1.0,0.0
8,12,2025-05-12,0,20,5,1.0,0.0,0.0,0.25,0.0,1.0
8,12,2025-05-19,1,21,5,0.0,1.0,0.0,0.25,4.0,1.0
8,12,2025-05-26,1,22,5,1.0,0.0,0.0,0.5,2.0,1.0
8,12,2025-06-02,1,23,6,1.0,1.0,1.0,0.75,1.3333333333333333,0.0
8,12,2025-06-09,0,24,6,1.0,1.0,0.0,0.75,0.0,0.0
8,12,2025-06-16,0,25,6,0.0,1.0,1.0,0.75,0.0,0.0
8,12,2025-06-23,0,26,6,0.0,0.0,1.0,0.5,0.0,0.0
8,12,2025-06-30,0,27,6,0.0,0.0,1.0,0.25,0.0,1.0
8,12,2025-07-07,1,28,7,0.0,0.0,0.0,0.0,1.0,0.0
8,12,2025-07-14,0,29,7,1.0,0.0,0.0,0.25,0.0,0.0
8,12,2025-07-21,0,30,7,0.0,1.0,0.0,0.25,0.0,0.0
8,12,2025-07-28,0,31,7,0.0,0.0,0.0,0.25,0.0,0.0
8,12,2025-08-04,0,32,8,0.0,0.0,1.0,0.25,0.0,0.0
8,12,2025-08-11,0,33,8,0.0,0.0,0.0,0.0,1.0,1.0
8,12,2025-08-18,1,34,8,0.0,0.0,0.0,0.0,1.0,0.0
8,12,2025-08-25,0,35,8,1.0,0.0,0.0,0.25,0.0,0.0
8,12,2025-09-01,0,36,9,0.0,1.0,0.0,0.25,0.0,0.0
8,12,2025-09-08,0,37,9,0.0,0.0,0.0,0.25,0.0,0.0
8,12,2025-09-15,0,38,9,0.0,0.0,1.0,0.25,0.0,0.0
8,12,2025-09-22,0,39,9,0.0,0.0,0.0,0.0,1.0,0.0
8,12,2025-09-29,0,40,9,0.0,0.0,0.0,0.0,1.0,1.0
8,12,2025-10-06,1,41,10,0.0,0.0,0.0,0.0,1.0,0.0
8,12,2025-10-13,0,42,10,1.0,0.0,0.0,0.25,0.0,1.0
8,12,2025-10-20,1,43,10,0.0,1.0,0.0,0.25,4.0,1.0
8,12,2025-10-27,1,44,10,1.0,0.0,0.0,0.5,2.0,0.0
8,12,2025-11-03,0,45,11,1.0,1.0,1.0,0.75,0.0,1.0
8,12,2025-11-10,1,46,11,0.0,1.0,0.0,0.5,2.0,0.0
8,12,2025-11-17,0,47,11,1.0,0.0,1.0,0.75,0.0,1.0
8,12,2025-11-24,1,48,11,0.0,1.0,1.0,0.5,2.0,0.0
8,12,2025-12-01,0,49,12,1.0,0.0,0.0,0.5,0.0,0.0
8,12,2025-12-08,0,50,12,0.0,1.0,1.0,0.5,0.0,1.0
8,12,2025-12-15,1,51,12,0.0,0.0,0.0,0.25,4.0,1.0
8,12,2025-12-22,1,52,12,1.0,0.0,1.0,0.5,2.0,0.0
8,12,2025-12-29,0,1,12,1.0,1.0,0.0,0.5,0.0,0.0
8,12,2026-01-05,0,2,1,0.0,1.0,0.0,0.5,0.0,0.0
8,12,2026-01-12,0,3,1,0.0,0.0,1.0,0.5,0.0,2.0
8,12,2026-01-19,2,4,1,0.0,0.0,1.0,0.25,8.0,1.0
8,12,2026-01-26,1,5,1,2.0,0.0,0.0,0.5,2.0,0.0
8,12,2026-02-02,0,6,2,1.0,2.0,0.0,0.75,0.0,1.0
8,12,2026-02-09,1,7,2,0.0,1.0,0.0,0.75,1.3333333333333333,0.0
8,12,2026-02-16,0,8,2,1.0,0.0,2.0,1.0,0.0,2.0
8,12,2026-02-23,2,9,2,0.0,1.0,1.0,0.5,4.0,1.0
8,12,2026-03-02,1,10,3,2.0,0.0,0.0,0.75,1.3333333333333333,0.0
8,12,2026-03-09,0,11,3,1.0,2.0,1.0,1.0,0.0,1.0
8,12,2026-03-16,1,12,3,0.0,1.0,0.0,0.75,1.3333333333333333,0.0
8,12,2026-03-23,0,13,3,1.0,0.0,2.0,1.0,0.0,0.0
8,12,2026-03-30,0,14,3,0.0,1.0,1.0,0.5,0.0,0.0
8,12,2026-04-06,0,15,4,0.0,0.0,0.0,0.25,0.0,2.0
8,12,2026-04-13,2,16,4,0.0,0.0,1.0,0.25,8.0,0.0
8,12,2026-04-20,0,17,4,2.0,0.0,0.0,0.5,0.0,0.0
8,12,2026-04-27,0,18,4,0.0,2.0,0.0,0.5,0.0,2.0
8,12,2026-05-04,2,19,5,0.0,0.0,0.0,0.5,4.0,0.0
8,12,2026-05-11,0,20,5,2.0,0.0,2.0,1.0,0.0,0.0
8,12,2026-05-18,0,21,5,0.0,2.0,0.0,0.5,0.0,0.0
8,12,2026-05-25,0,22,5,0.0,0.0,0.0,0.5,0.0,0.0
8,12,2026-06-01,0,23,6,0.0,0.0,2.0,0.5,0.0,0.0
8,12,2026-06-08,0,24,6,0.0,0.0,0.0,0.0,1.0,0.0
8,12,2026-06-15,0,25,6,0.0,0.0,0.0,0.0,1.0,1.0
8,12,2026-06-22,1,26,6,0.0,0.0,0.0,0.0,1.0,0.0
8,13,2024-01-29,1,5,1,0.0,0.0,0.0,0.0,1.0,1.0
8,13,2024-02-05,1,6,2,1.0,0.0,0.0,0.25,4.0,1.0
8,13,2024-02-12,1,7,2,1.0,1.0,0.0,0.5,2.0,0.0
8,13,2024-02-19,0,8,2,1.0,1.0,0.0,0.75,0.0,2.0
8,13,2024-02-26,2,9,2,0.0,1.0,1.0,0.75,2.6666666666666665,0.0
8,13,2024-03-04,0,10,3,2.0,0.0,1.0,1.0,0.0,0.0
8,13,2024-03-11,0,11,3,0.0,2.0,1.0,0.75,0.0,0.0
8,13,2024-03-18,0,12,3,0.0,0.0,0.0,0.5,0.0,0.0
8,13,2024-03-25,0,13,3,0.0,0.0,2.0,0.5,0.0,1.0
8,13,2024-04-01,1,14,4,0.0,0.0,0.0,0.0,1.0,1.0
8,13,2024-04-08,1,15,4,1.0,0.0,0.0,0.25,4.0,0.0
8,13,2024-04-15,0,16,4,1.0,1.0,0.0,0.5,0.0,0.0
8,13,2024-04-22,0,17,4,0.0,1.0,0.0,0.5,0.0,0.0
8,13,2024-04-29,0,18,4,0.0,0.0,1.0,0.5,0.0,1.0
8,13,2024-05-06,1,19,5,0.0,0.0,1.0,0.25,4.0,1.0
8,13,2024-05-13,1,20,5,1.0,0.0,0.0,0.25,4.0,0.0
8,13,2024-05-20,0,21,5,1.0,1.0,0.0,0.5,0.0,0.0
8,13,2024-05-27,0,22,5,0.0,1.0,0.0,0.5,0.0,0.0
8,13,2024-06-03,0,23,6,0.0,0.0,1.0,0.5,0.0,0.0
8,13,2024-06-10,0,24,6,0.0,0.0,1.0,0.25,0.0,1.0
8,13,2024-06-17,1,25,6,0.0,0.0,0.0,0.0,1.0,0.0
8,13,2024-06-24,0,26,6,1.0,0.0,0.0,0.25,0.0,0.0
8,13,2024-07-01,0,27,7,0.0,1.0,0.0,0.25,0.0,0.0
8,13,2024-07-08,0,28,7,0.0,0.0,0.0,0.25,0.0,1.0
8,13,2024-07-15,1,29,7,0.0,0.0,1.0,0.25,4.0,1.0
8,13,2024-07-22,1,30,7,1.0,0.0,0.0,0.25,4.0,0.0
8,13,2024-07-29,0,31,7,1.0,1.0,0.0,0.5,0.0,0.0
8,13,2024-08-05,0,32,8,0.0,1.0,0.0,0.5,0.0,1.0
8,13,2024-08-12,1,33,8,0.0,0.0,1.0,0.5,2.0,0.0
8,13,2024-08-19,0,34,8,1.0,0.0,1.0,0.5,0.0,0.0
8,13,2024-08-26,0,35,8,0.0,1.0,0.0,0.25,0.0,0.0
8,13,2024-09-02,0,36,9,0.0,0.0,0.0,0.25,0.0,1.0
8,13,2024-09-09,1,37,9,0.0,0.0,1.0,0.25,4.0,0.0
8,13,2024-09-16,0,38,9,1.0,0.0,0.0,0.25,0.0,0.0
8,13,2024-09-23,0,39,9,0.0,1.0,0.0,0.25,0.0,0.0
8,13,2024-09-30,0,40,9,0.0,0.0,0.0,0.25,0.0,0.0
8,13,2024-10-07,0,41,10,0.0,0.0,1.0,0.25,0.0,1.0
8,13,2024-10-14,1,42,10,0.0,0.0,0.0,0.0,1.0,0.0
8,13,2024-10-21,0,43,10,1.0,0.0,0.0,0.25,0.0,1.0
8,13,2024-10-28,1,44,10,0.0,1.0,0.0,0.25,4.0,0.0
8,13,2024-11-04,0,45,11,1.0,0.0,0.0,0.5,0.0,0.0
8,13,2024-11-11,0,46,11,0.0,1.0,1.0,0.5,0.0,1.0
8,13,2024-11-18,1,47,11,0.0,0.0,0.0,0.25,4.0,0.0
8,13,2024-11-25,0,48,11,1.0,0.0,1.0,0.5,0.0,0.0
8,13,2024-12-02,0,49,12,0.0,1.0,0.0,0.25,0.0,1.0
8,13,2024-12-09,1,50,12,0.0,0.0,0.0,0.25,4.0,0.0
8,13,2024-12-16,0,51,12,1.0,0.0,1.0,0.5,0.0,0.0
8,13,2024-12-23,0,52,12,0.0,1.0,0.0,0.25,0.0,0.0
8,13,2024-12-30,0,1,12,0.0,0.0,0.0,0.25,0.0,0.0
8,13,2025-01-06,0,2,1,0.0,0.0,1.0,0.25,0.0,0.0
8,13,2025-01-13,0,3,1,0.0,0.0,0.0,0.0,1.0,0.0
8,13,2025-01-20,0,4,1,0.0,0.0,0.0,0.0,1.0,0.0
8,13,2025-01-27,0,5,1,0.0,0.0,0.0,0.0,1.0,0.0
8,13,2025-02-03,0,6,2,0.0,0.0,0.0,0.0,1.0,0.0
8,13,2025-02-10,0,7,2,0.0,0.0,0.0,0.0,1.0,0.0
8,13,2025-02-17,0,8,2,0.0,0.0,0.0,0.0,1.0,0.0
8,13,2025-02-24,0,9,2,0.0,0.0,0.0,0.0,1.0,2.0
8,13,2025-03-03,2,10,3,0.0,0.0,0.0,0.0,1.0,0.0
8,13,2025-03-10,0,11,3,2.0,0.0,0.0,0.5,0.0,1.0
8,13,2025-03-17,1,12,3,0.0,2.0,0.0,0.5,2.0,1.0
8,13,2025-03-24,1,13,3,1.0,0.0,0.0,0.75,1.3333333333333333,0.0
8,13,2025-03-31,0,14,3,1.0,1.0,2.0,1.0,0.0,1.0
8,13,2025-04-07,1,15,4,0.0,1.0,0.0,0.5,2.0,1.0
8,13,2025-04-14,1,16,4,1.0,0.0,1.0,0.75,1.3333333333333333,0.0
8,13,2025-04-21,0,17,4,1.0,1.0,1.0,0.75,0.0,0.0
8,13,2025-04-28,0,18,4,0.0,1.0,0.0,0.5,0.0,1.0
8,13,2025-05-05,1,19,5,0.0,0.0,1.0,0.5,2.0,1.0
8,13,2025-05-12,1,20,5,1.0,0.0,1.0,0.5,2.0,1.0
8,13,2025-05-19,1,21,5,1.0,1.0,0.0,0.5,2.0,0.0
8,13,2025-05-26,0,22,5,1.0,1.0,0.0,0.75,0.0,1.0
8,13,2025-06-02,1,23,6,0.0,1.0,1.0,0.75,1.3333333333333333,0.0
8,13,2025-06-09,0,24,6,1.0,0.0,1.0,0.75,0.0,1.0
8,13,2025-06-16,1,25,6,0.0,1.0,1.0,0.5,2.0,0.0
8,13,2025-06-23,0,26,6,1.0,0.0,0.0,0.5,0.0,3.0
8,13,2025-06-30,3,27,6,0.0,1.0,1.0,0.5,6.0,0.0
8,13,2025-07-07,0,28,7,3.0,0.0,0.0,1.0,0.0,0.0
8,13,2025-07-14,0,29,7,0.0,3.0,1.0,1.0,0.0,1.0
8,13,2025-07-21,1,30,7,0.0,0.0,0.0,0.75,1.3333333333333333,2.0
8,13,2025-07-28,2,31,7,1.0,0.0,3.0,1.0,2.0,1.0
8,13,2025-08-04,1,32,8,2.0,1.0,0.0,0.75,1.3333333333333333,1.0
8,13,2025-08-11,1,33,8,1.0,2.0,0.0,1.0,1.0,0.0
8,13,2025-08-18,0,34,8,1.0,1.0,1.0,1.25,0.0,0.0
8,13,2025-08-25,0,35,8,0.0,1.0,2.0,1.0,0.0,0.0
8,13,2025-09-01,0,36,9,0.0,0.0,1.0,0.5,0.0,0.0
8,13,2025-09-08,0,37,9,0.0,0.0,1.0,0.25,0.0,3.0
8,13,2025-09-15,3,38,9,0.0,0.0,0.0,0.0,1.0,1.0
8,13,2025-09-22,1,39,9,3.0,0.0,0.0,0.75,1.3333333333333333,1.0
8,13,2025-09-29,1,40,9,1.0,3.0,0.0,1.0,1.0,0.0
8,13,2025-10-06,0,41,10,1.0,1.0,0.0,1.25,0.0,0.0
8,13,2025-10-13,0,42,10,0.0,1.0,3.0,1.25,0.0,0.0
8,13,2025-10-20,0,43,10,0.0,0.0,1.0,0.5,0.0,2.0
8,13,2025-10-27,2,44,10,0.0,0.0,1.0,0.25,8.0,2.0
8,13,2025-11-03,2,45,11,2.0,0.0,0.0,0.5,4.0,0.0
8,13,2025-11-10,0,46,11,2.0,2.0,0.0,1.0,0.0,2.0
8,13,2025-11-17,2,47,11,0.0,2.0,0.0,1.0,2.0,0.0
8,13,2025-11-24,0,48,11,2.0,0.0,2.0,1.5,0.0,1.0
8,13,2025-12-01,1,49,12,0.0,2.0,2.0,1.0,1.0,0.0
8,13,2025-12-08,0,50,12,1.0,0.0,0.0,0.75,0.0,0.0
8,13,2025-12-15,0,51,12,0.0,1.0,2.0,0.75,0.0,1.0
8,13,2025-12-22,1,52,12,0.0,0.0,0.0,0.25,4.0,0.0
8,13,2025-12-29,0,1,12,1.0,0.0,1.0,0.5,0.0,1.0
8,13,2026-01-05,1,2,1,0.0,1.0,0.0,0.25,4.0,2.0
8,13,2026-01-12,2,3,1,1.0,0.0,0.0,0.5,4.0,1.0
8,13,2026-01-19,1,4,1,2.0,1.0,1.0,1.0,1.0,1.0
8,13,2026-01-26,1,5,1,1.0,2.0,0.0,1.0,1.0,0.0
8,13,2026-02-02,0,6,2,1.0,1.0,1.0,1.25,0.0,1.0
8,13,2026-02-09,1,7,2,0.0,1.0,2.0,1.0,1.0,0.0
8,13,2026-02-16,0,8,2,1.0,0.0,1.0,0.75,0.0,0.0
8,13,2026-02-23,0,9,2,0.0,1.0,1.0,0.5,0.0,1.0
8,13,2026-03-02,1,10,3,0.0,0.0,0.0,0.25,4.0,1.0
8,13,2026-03-09,1,11,3,1.0,0.0,1.0,0.5,2.0,0.0
8,13,2026-03-16,0,12,3,1.0,1.0,0.0,0.5,0.0,0.0
8,13,2026-03-23,0,13,3,0.0,1.0,0.0,0.5,0.0,0.0
8,13,2026-03-30,0,14,3,0.0,0.0,1.0,0.5,0.0,0.0
8,13,2026-04-06,0,15,4,0.0,0.0,1.0,0.25,0.0,0.0
8,13,2026-04-13,0,16,4,0.0,0.0,0.0,0.0,1.0,0.0
8,13,2026-04-20,0,17,4,0.0,0.0,0.0,0.0,1.0,1.0
8,13,2026-04-27,1,18,4,0.0,0.0,0.0,0.0,1.0,0.0
8,13,2026-05-04,0,19,5,1.0,0.0,0.0,0.25,0.0,0.0
8,13,2026-05-11,0,20,5,0.0,1.0,0.0,0.25,0.0,0.0
8,13,2026-05-18,0,21,5,0.0,0.0,0.0,0.25,0.0,0.0
8,13,2026-05-25,0,22,5,0.0,0.0,1.0,0.25,0.0,0.0
8,13,2026-06-01,0,23,6,0.0,0.0,0.0,0.0,1.0,1.0
8,13,2026-06-08,1,24,6,0.0,0.0,0.0,0.0,1.0,0.0
8,13,2026-06-15,0,25,6,1.0,0.0,0.0,0.25,0.0,1.0
8,13,2026-06-22,1,26,6,0.0,1.0,0.0,0.25,4.0,1.0
8,14,2024-01-29,1,5,1,1.0,0.0,1.0,0.5,2.0,0.0
8,14,2024-02-05,0,6,2,1.0,1.0,0.0,0.5,0.0,1.0
8,14,2024-02-12,1,7,2,0.0,1.0,0.0,0.5,2.0,1.0
8,14,2024-02-19,1,8,2,1.0,0.0,1.0,0.75,1.3333333333333333,1.0
8,14,2024-02-26,1,9,2,1.0,1.0,1.0,0.75,1.3333333333333333,1.0
8,14,2024-03-04,1,10,3,1.0,1.0,0.0,0.75,1.3333333333333333,1.0
8,14,2024-03-11,1,11,3,1.0,1.0,1.0,1.0,1.0,1.0
8,14,2024-03-18,1,12,3,1.0,1.0,1.0,1.0,1.0,1.0
8,14,2024-03-25,1,13,3,1.0,1.0,1.0,1.0,1.0,0.0
8,14,2024-04-01,0,14,4,1.0,1.0,1.0,1.0,0.0,0.0
8,14,2024-04-08,0,15,4,0.0,1.0,1.0,0.75,0.0,0.0
8,14,2024-04-15,0,16,4,0.0,0.0,1.0,0.5,0.0,0.0
8,14,2024-04-22,0,17,4,0.0,0.0,1.0,0.25,0.0,0.0
8,14,2024-04-29,0,18,4,0.0,0.0,0.0,0.0,1.0,0.0
8,14,2024-05-06,0,19,5,0.0,0.0,0.0,0.0,1.0,1.0
8,14,2024-05-13,1,20,5,0.0,0.0,0.0,0.0,1.0,1.0
8,14,2024-05-20,1,21,5,1.0,0.0,0.0,0.25,4.0,1.0
8,14,2024-05-27,1,22,5,1.0,1.0,0.0,0.5,2.0,0.0
8,14,2024-06-03,0,23,6,1.0,1.0,0.0,0.75,0.0,0.0
8,14,2024-06-10,0,24,6,0.0,1.0,1.0,0.75,0.0,0.0
8,14,2024-06-17,0,25,6,0.0,0.0,1.0,0.5,0.0,0.0
8,14,2024-06-24,0,26,6,0.0,0.0,1.0,0.25,0.0,1.0
8,14,2024-07-01,1,27,7,0.0,0.0,0.0,0.0,1.0,0.0
8,14,2024-07-08,0,28,7,1.0,0.0,0.0,0.25,0.0,0.0
8,14,2024-07-15,0,29,7,0.0,1.0,0.0,0.25,0.0,1.0
8,14,2024-07-22,1,30,7,0.0,0.0,0.0,0.25,4.0,1.0
8,14,2024-07-29,1,31,7,1.0,0.0,1.0,0.5,2.0,1.0
8,14,2024-08-05,1,32,8,1.0,1.0,0.0,0.5,2.0,0.0
8,14,2024-08-12,0,33,8,1.0,1.0,0.0,0.75,0.0,1.0
8,14,2024-08-19,1,34,8,0.0,1.0,1.0,0.75,1.3333333333333333,0.0
8,14,2024-08-26,0,35,8,1.0,0.0,1.0,0.75,0.0,0.0
8,14,2024-09-02,0,36,9,0.0,1.0,1.0,0.5,0.0,0.0
8,14,2024-09-09,0,37,9,0.0,0.0,0.0,0.25,0.0,0.0
8,14,2024-09-16,0,38,9,0.0,0.0,1.0,0.25,0.0,0.0
8,14,2024-09-23,0,39,9,0.0,0.0,0.0,0.0,1.0,0.0
8,14,2024-09-30,0,40,9,0.0,0.0,0.0,0.0,1.0,1.0
8,14,2024-10-07,1,41,10,0.0,0.0,0.0,0.0,1.0,0.0
8,14,2024-10-14,0,42,10,1.0,0.0,0.0,0.25,0.0,0.0
8,14,2024-10-21,0,43,10,0.0,1.0,0.0,0.25,0.0,1.0
8,14,2024-10-28,1,44,10,0.0,0.0,0.0,0.25,4.0,0.0
8,14,2024-11-04,0,45,11,1.0,0.0,1.0,0.5,0.0,0.0
8,14,2024-11-11,0,46,11,0.0,1.0,0.0,0.25,0.0,0.0
8,14,2024-11-18,0,47,11,0.0,0.0,0.0,0.25,0.0,1.0
8,14,2024-11-25,1,48,11,0.0,0.0,1.0,0.25,4.0,1.0
8,14,2024-12-02,1,49,12,1.0,0.0,0.0,0.25,4.0,1.0
8,14,2024-12-09,1,50,12,1.0,1.0,0.0,0.5,2.0,2.0
8,14,2024-12-16,2,51,12,1.0,1.0,0.0,0.75,2.6666666666666665,1.0
8,14,2024-12-23,1,52,12,2.0,1.0,1.0,1.25,0.8,0.0
8,14,2024-12-30,0,1,12,1.0,2.0,1.0,1.25,0.0,0.0
8,14,2025-01-06,0,2,1,0.0,1.0,1.0,1.0,0.0,0.0
8,14,2025-01-13,0,3,1,0.0,0.0,2.0,0.75,0.0,0.0
8,14,2025-01-20,0,4,1,0.0,0.0,1.0,0.25,0.0,0.0
8,14,2025-01-27,0,5,1,0.0,0.0,0.0,0.0,1.0,0.0
8,14,2025-02-03,0,6,2,0.0,0.0,0.0,0.0,1.0,0.0
8,14,2025-02-10,0,7,2,0.0,0.0,0.0,0.0,1.0,0.0
8,14,2025-02-17,0,8,2,0.0,0.0,0.0,0.0,1.0,2.0
8,14,2025-02-24,2,9,2,0.0,0.0,0.0,0.0,1.0,0.0
8,14,2025-03-03,0,10,3,2.0,0.0,0.0,0.5,0.0,1.0
8,14,2025-03-10,1,11,3,0.0,2.0,0.0,0.5,2.0,0.0
8,14,2025-03-17,0,12,3,1.0,0.0,0.0,0.75,0.0,0.0
8,14,2025-03-24,0,13,3,0.0,1.0,2.0,0.75,0.0,2.0
8,14,2025-03-31,2,14,3,0.0,0.0,0.0,0.25,8.0,0.0
8,14,2025-04-07,0,15,4,2.0,0.0,1.0,0.75,0.0,0.0
8,14,2025-04-14,0,16,4,0.0,2.0,0.0,0.5,0.0,1.0
8,14,2025-04-21,1,17,4,0.0,0.0,0.0,0.5,2.0,0.0
8,14,2025-04-28,0,18,4,1.0,0.0,2.0,0.75,0.0,1.0
8,14,2025-05-05,1,19,5,0.0,1.0,0.0,0.25,4.0,0.0
8,14,2025-05-12,0,20,5,1.0,0.0,0.0,0.5,0.0,0.0
8,14,2025-05-19,0,21,5,0.0,1.0,1.0,0.5,0.0,0.0
8,14,2025-05-26,0,22,5,0.0,0.0,0.0,0.25,0.0,1.0
8,14,2025-06-02,1,23,6,0.0,0.0,1.0,0.25,4.0,0.0
8,14,2025-06-09,0,24,6,1.0,0.0,0.0,0.25,0.0,0.0
8,14,2025-06-16,0,25,6,0.0,1.0,0.0,0.25,0.0,1.0
8,14,2025-06-23,1,26,6,0.0,0.0,0.0,0.25,4.0,0.0
8,14,2025-06-30,0,27,6,1.0,0.0,1.0,0.5,0.0,1.0
8,14,2025-07-07,1,28,7,0.0,1.0,0.0,0.25,4.0,0.0
8,14,2025-07-14,0,29,7,1.0,0.0,0.0,0.5,0.0,1.0
8,14,2025-07-21,1,30,7,0.0,1.0,1.0,0.5,2.0,1.0
8,14,2025-07-28,1,31,7,1.0,0.0,0.0,0.5,2.0,1.0
8,14,2025-08-04,1,32,8,1.0,1.0,1.0,0.75,1.3333333333333333,2.0
8,14,2025-08-11,2,33,8,1.0,1.0,0.0,0.75,2.6666666666666665,0.0
8,14,2025-08-18,0,34,8,2.0,1.0,1.0,1.25,0.0,0.0
8,14,2025-08-25,0,35,8,0.0,2.0,1.0,1.0,0.0,0.0
8,14,2025-09-01,0,36,9,0.0,0.0,1.0,0.75,0.0,0.0
8,14,2025-09-08,0,37,9,0.0,0.0,2.0,0.5,0.0,0.0
8,14,2025-09-15,0,38,9,0.0,0.0,0.0,0.0,1.0,1.0
8,14,2025-09-22,1,39,9,0.0,0.0,0.0,0.0,1.0,0.0
8,14,2025-09-29,0,40,9,1.0,0.0,0.0,0.25,0.0,0.0
8,14,2025-10-06,0,41,10,0.0,1.0,0.0,0.25,0.0,1.0
8,14,2025-10-13,1,42,10,0.0,0.0,0.0,0.25,4.0,1.0
8,14,2025-10-20,1,43,10,1.0,0.0,1.0,0.5,2.0,1.0
8,14,2025-10-27,1,44,10,1.0,1.0,0.0,0.5,2.0,1.0
8,14,2025-11-03,1,45,11,1.0,1.0,0.0,0.75,1.3333333333333333,0.0
8,14,2025-11-10,0,46,11,1.0,1.0,1.0,1.0,0.0,0.0
8,14,2025-11-17,0,47,11,0.0,1.0,1.0,0.75,0.0,0.0
8,14,2025-11-24,0,48,11,0.0,0.0,1.0,0.5,0.0,0.0
8,14,2025-12-01,0,49,12,0.0,0.0,1.0,0.25,0.0,0.0
8,14,2025-12-08,0,50,12,0.0,0.0,0.0,0.0,1.0,0.0
8,14,2025-12-15,0,51,12,0.0,0.0,0.0,0.0,1.0,0.0
8,14,2025-12-22,0,52,12,0.0,0.0,0.0,0.0,1.0,0.0
8,14,2025-12-29,0,1,12,0.0,0.0,0.0,0.0,1.0,1.0
8,14,2026-01-05,1,2,1,0.0,0.0,0.0,0.0,1.0,1.0
8,14,2026-01-12,1,3,1,1.0,0.0,0.0,0.25,4.0,0.0
8,14,2026-01-19,0,4,1,1.0,1.0,0.0,0.5,0.0,0.0
8,14,2026-01-26,0,5,1,0.0,1.0,0.0,0.5,0.0,1.0
8,14,2026-02-02,1,6,2,0.0,0.0,1.0,0.5,2.0,0.0
8,14,2026-02-09,0,7,2,1.0,0.0,1.0,0.5,0.0,1.0
8,14,2026-02-16,1,8,2,0.0,1.0,0.0,0.25,4.0,1.0
8,14,2026-02-23,1,9,2,1.0,0.0,0.0,0.5,2.0,1.0
8,14,2026-03-02,1,10,3,1.0,1.0,1.0,0.75,1.3333333333333333,1.0
8,14,2026-03-09,1,11,3,1.0,1.0,0.0,0.75,1.3333333333333333,0.0
8,14,2026-03-16,0,12,3,1.0,1.0,1.0,1.0,0.0,0.0
8,14,2026-03-23,0,13,3,0.0,1.0,1.0,0.75,0.0,0.0
8,14,2026-03-30,0,14,3,0.0,0.0,1.0,0.5,0.0,0.0
8,14,2026-04-06,0,15,4,0.0,0.0,1.0,0.25,0.0,0.0
8,14,2026-04-13,0,16,4,0.0,0.0,0.0,0.0,1.0,0.0
8,14,2026-04-20,0,17,4,0.0,0.0,0.0,0.0,1.0,0.0
8,14,2026-04-27,0,18,4,0.0,0.0,0.0,0.0,1.0,1.0
8,14,2026-05-04,1,19,5,0.0,0.0,0.0,0.0,1.0,0.0
8,14,2026-05-11,0,20,5,1.0,0.0,0.0,0.25,0.0,0.0
8,14,2026-05-18,0,21,5,0.0,1.0,0.0,0.25,0.0,0.0
8,14,2026-05-25,0,22,5,0.0,0.0,0.0,0.25,0.0,3.0
8,14,2026-06-01,3,23,6,0.0,0.0,1.0,0.25,12.0,0.0
8,14,2026-06-08,0,24,6,3.0,0.0,0.0,0.75,0.0,0.0
8,14,2026-06-15,0,25,6,0.0,3.0,0.0,0.75,0.0,1.0
8,14,2026-06-22,1,26,6,0.0,0.0,0.0,0.75,1.3333333333333333,1.0
9,1,2024-01-29,0,5,1,1.0,0.0,0.0,0.5,0.0,0.0
9,1,2024-02-05,0,6,2,0.0,1.0,1.0,0.5,0.0,1.0
9,1,2024-02-12,1,7,2,0.0,0.0,0.0,0.25,4.0,0.0
9,1,2024-02-19,0,8,2,1.0,0.0,1.0,0.5,0.0,0.0
9,1,2024-02-26,0,9,2,0.0,1.0,0.0,0.25,0.0,0.0
9,1,2024-03-04,0,10,3,0.0,0.0,0.0,0.25,0.0,0.0
9,1,2024-03-11,0,11,3,0.0,0.0,1.0,0.25,0.0,0.0
9,1,2024-03-18,0,12,3,0.0,0.0,0.0,0.0,1.0,0.0
9,1,2024-03-25,0,13,3,0.0,0.0,0.0,0.0,1.0,0.0
9,1,2024-04-01,0,14,4,0.0,0.0,0.0,0.0,1.0,0.0
9,1,2024-04-08,0,15,4,0.0,0.0,0.0,0.0,1.0,0.0
9,1,2024-04-15,0,16,4,0.0,0.0,0.0,0.0,1.0,0.0
9,1,2024-04-22,0,17,4,0.0,0.0,0.0,0.0,1.0,1.0
9,1,2024-04-29,1,18,4,0.0,0.0,0.0,0.0,1.0,0.0
9,1,2024-05-06,0,19,5,1.0,0.0,0.0,0.25,0.0,0.0
9,1,2024-05-13,0,20,5,0.0,1.0,0.0,0.25,0.0,0.0
9,1,2024-05-20,0,21,5,0.0,0.0,0.0,0.25,0.0,0.0
9,1,2024-05-27,0,22,5,0.0,0.0,1.0,0.25,0.0,0.0
9,1,2024-06-03,0,23,6,0.0,0.0,0.0,0.0,1.0,0.0
9,1,2024-06-10,0,24,6,0.0,0.0,0.0,0.0,1.0,0.0
9,1,2024-06-17,0,25,6,0.0,0.0,0.0,0.0,1.0,0.0
9,1,2024-06-24,0,26,6,0.0,0.0,0.0,0.0,1.0,0.0
9,1,2024-07-01,0,27,7,0.0,0.0,0.0,0.0,1.0,0.0
9,1,2024-07-08,0,28,7,0.0,0.0,0.0,0.0,1.0,0.0
9,1,2024-07-15,0,29,7,0.0,0.0,0.0,0.0,1.0,0.0
9,1,2024-07-22,0,30,7,0.0,0.0,0.0,0.0,1.0,0.0
9,1,2024-07-29,0,31,7,0.0,0.0,0.0,0.0,1.0,1.0
9,1,2024-08-05,1,32,8,0.0,0.0,0.0,0.0,1.0,0.0
9,1,2024-08-12,0,33,8,1.0,0.0,0.0,0.25,0.0,1.0
9,1,2024-08-19,1,34,8,0.0,1.0,0.0,0.25,4.0,0.0
9,1,2024-08-26,0,35,8,1.0,0.0,0.0,0.5,0.0,0.0
9,1,2024-09-02,0,36,9,0.0,1.0,1.0,0.5,0.0,0.0
9,1,2024-09-09,0,37,9,0.0,0.0,0.0,0.25,0.0,0.0
9,1,2024-09-16,0,38,9,0.0,0.0,1.0,0.25,0.0,1.0
9,1,2024-09-23,1,39,9,0.0,0.0,0.0,0.0,1.0,0.0
9,1,2024-09-30,0,40,9,1.0,0.0,0.0,0.25,0.0,0.0
9,1,2024-10-07,0,41,10,0.0,1.0,0.0,0.25,0.0,0.0
9,1,2024-10-14,0,42,10,0.0,0.0,0.0,0.25,0.0,0.0
9,1,2024-10-21,0,43,10,0.0,0.0,1.0,0.25,0.0,1.0
9,1,2024-10-28,1,44,10,0.0,0.0,0.0,0.0,1.0,1.0
9,1,2024-11-04,1,45,11,1.0,0.0,0.0,0.25,4.0,0.0
9,1,2024-11-11,0,46,11,1.0,1.0,0.0,0.5,0.0,1.0
9,1,2024-11-18,1,47,11,0.0,1.0,0.0,0.5,2.0,2.0
9,1,2024-11-25,2,48,11,1.0,0.0,1.0,0.75,2.6666666666666665,2.0
9,1,2024-12-02,2,49,12,2.0,1.0,1.0,1.0,2.0,1.0
9,1,2024-12-09,1,50,12,2.0,2.0,0.0,1.25,0.8,0.0
9,1,2024-12-16,0,51,12,1.0,2.0,1.0,1.5,0.0,2.0
9,1,2024-12-23,2,52,12,0.0,1.0,2.0,1.25,1.6,0.0
9,1,2024-12-30,0,1,12,2.0,0.0,2.0,1.25,0.0,0.0
9,1,2025-01-06,0,2,1,0.0,2.0,1.0,0.75,0.0,1.0
9,1,2025-01-13,1,3,1,0.0,0.0,0.0,0.5,2.0,0.0
9,1,2025-01-20,0,4,1,1.0,0.0,2.0,0.75,0.0,0.0
9,1,2025-01-27,0,5,1,0.0,1.0,0.0,0.25,0.0,0.0
9,1,2025-02-03,0,6,2,0.0,0.0,0.0,0.25,0.0,0.0
9,1,2025-02-10,0,7,2,0.0,0.0,1.0,0.25,0.0,2.0
9,1,2025-02-17,2,8,2,0.0,0.0,0.0,0.0,1.0,0.0
9,1,2025-02-24,0,9,2,2.0,0.0,0.0,0.5,0.0,1.0
9,1,2025-03-03,1,10,3,0.0,2.0,0.0,0.5,2.0,2.0
9,1,2025-03-10,2,11,3,1.0,0.0,0.0,0.75,2.6666666666666665,0.0
9,1,2025-03-17,0,12,3,2.0,1.0,2.0,1.25,0.0,0.0
9,1,2025-03-24,0,13,3,0.0,2.0,0.0,0.75,0.0,0.0
9,1,2025-03-31,0,14,3,0.0,0.0,1.0,0.75,0.0,0.0
9,1,2025-04-07,0,15,4,0.0,0.0,2.0,0.5,0.0,0.0
9,1,2025-04-14,0,16,4,0.0,0.0,0.0,0.0,1.0,0.0
9,1,2025-04-21,0,17,4,0.0,0.0,0.0,0.0,1.0,1.0
9,1,2025-04-28,1,18,4,0.0,0.0,0.0,0.0,1.0,0.0
9,1,2025-05-05,0,19,5,1.0,0.0,0.0,0.25,0.0,0.0
9,1,2025-05-12,0,20,5,0.0,1.0,0.0,0.25,0.0,1.0
9,1,2025-05-19,1,21,5,0.0,0.0,0.0,0.25,4.0,0.0
9,1,2025-05-26,0,22,5,1.0,0.0,1.0,0.5,0.0,0.0
9,1,2025-06-02,0,23,6,0.0,1.0,0.0,0.25,0.0,0.0
9,1,2025-06-09,0,24,6,0.0,0.0,0.0,0.25,0.0,0.0
9,1,2025-06-16,0,25,6,0.0,0.0,1.0,0.25,0.0,0.0
9,1,2025-06-23,0,26,6,0.0,0.0,0.0,0.0,1.0,0.0
9,1,2025-06-30,0,27,6,0.0,0.0,0.0,0.0,1.0,0.0
9,1,2025-07-07,0,28,7,0.0,0.0,0.0,0.0,1.0,1.0
9,1,2025-07-14,1,29,7,0.0,0.0,0.0,0.0,1.0,0.0
9,1,2025-07-21,0,30,7,1.0,0.0,0.0,0.25,0.0,0.0
9,1,2025-07-28,0,31,7,0.0,1.0,0.0,0.25,0.0,0.0
9,1,2025-08-04,0,32,8,0.0,0.0,0.0,0.25,0.0,1.0
9,1,2025-08-11,1,33,8,0.0,0.0,1.0,0.25,4.0,1.0
9,1,2025-08-18,1,34,8,1.0,0.0,0.0,0.25,4.0,1.0
9,1,2025-08-25,1,35,8,1.0,1.0,0.0,0.5,2.0,0.0
9,1,2025-09-01,0,36,9,1.0,1.0,0.0,0.75,0.0,0.0
9,1,2025-09-08,0,37,9,0.0,1.0,1.0,0.75,0.0,0.0
9,1,2025-09-15,0,38,9,0.0,0.0,1.0,0.5,0.0,0.0
9,1,2025-09-22,0,39,9,0.0,0.0,1.0,0.25,0.0,0.0
9,1,2025-09-29,0,40,9,0.0,0.0,0.0,0.0,1.0,0.0
9,1,2025-10-06,0,41,10,0.0,0.0,0.0,0.0,1.0,0.0
9,1,2025-10-13,0,42,10,0.0,0.0,0.0,0.0,1.0,0.0
9,1,2025-10-20,0,43,10,0.0,0.0,0.0,0.0,1.0,0.0
9,1,2025-10-27,0,44,10,0.0,0.0,0.0,0.0,1.0,1.0
9,1,2025-11-03,1,45,11,0.0,0.0,0.0,0.0,1.0,0.0
9,1,2025-11-10,0,46,11,1.0,0.0,0.0,0.25,0.0,0.0
9,1,2025-11-17,0,47,11,0.0,1.0,0.0,0.25,0.0,0.0
9,1,2025-11-24,0,48,11,0.0,0.0,0.0,0.25,0.0,1.0
9,1,2025-12-01,1,49,12,0.0,0.0,1.0,0.25,4.0,1.0
9,1,2025-12-08,1,50,12,1.0,0.0,0.0,0.25,4.0,2.0
9,1,2025-12-15,2,51,12,1.0,1.0,0.0,0.5,4.0,1.0
9,1,2025-12-22,1,52,12,2.0,1.0,0.0,1.0,1.0,0.0
9,1,2025-12-29,0,1,12,1.0,2.0,1.0,1.25,0.0,0.0
9,1,2026-01-05,0,2,1,0.0,1.0,1.0,1.0,0.0,0.0
9,1,2026-01-12,0,3,1,0.0,0.0,2.0,0.75,0.0,1.0
9,1,2026-01-19,1,4,1,0.0,0.0,1.0,0.25,4.0,0.0
9,1,2026-01-26,0,5,1,1.0,0.0,0.0,0.25,0.0,1.0
9,1,2026-02-02,1,6,2,0.0,1.0,0.0,0.25,4.0,0.0
9,1,2026-02-09,0,7,2,1.0,0.0,0.0,0.5,0.0,1.0
9,1,2026-02-16,1,8,2,0.0,1.0,1.0,0.5,2.0,1.0
9,1,2026-02-23,1,9,2,1.0,0.0,0.0,0.5,2.0,0.0
9,1,2026-03-02,0,10,3,1.0,1.0,1.0,0.75,0.0,0.0
9,1,2026-03-09,0,11,3,0.0,1.0,0.0,0.5,0.0,2.0
9,1,2026-03-16,2,12,3,0.0,0.0,1.0,0.5,4.0,0.0
9,1,2026-03-23,0,13,3,2.0,0.0,1.0,0.75,0.0,3.0
9,1,2026-03-30,3,14,3,0.0,2.0,0.0,0.5,6.0,0.0
9,1,2026-04-06,0,15,4,3.0,0.0,0.0,1.25,0.0,0.0
9,1,2026-04-13,0,16,4,0.0,3.0,2.0,1.25,0.0,1.0
9,1,2026-04-20,1,17,4,0.0,0.0,0.0,0.75,1.3333333333333333,1.0
9,1,2026-04-27,1,18,4,1.0,0.0,3.0,1.0,1.0,0.0
9,1,2026-05-04,0,19,5,1.0,1.0,0.0,0.5,0.0,2.0
9,1,2026-05-11,2,20,5,0.0,1.0,0.0,0.5,4.0,0.0
9,1,2026-05-18,0,21,5,2.0,0.0,1.0,1.0,0.0,0.0
9,1,2026-05-25,0,22,5,0.0,2.0,1.0,0.75,0.0,0.0
9,1,2026-06-01,0,23,6,0.0,0.0,0.0,0.5,0.0,0.0
9,1,2026-06-08,0,24,6,0.0,0.0,2.0,0.5,0.0,0.0
9,1,2026-06-15,0,25,6,0.0,0.0,0.0,0.0,1.0,2.0
9,1,2026-06-22,2,26,6,0.0,0.0,0.0,0.0,1.0,0.0
9,2,2024-01-29,0,5,1,0.0,0.0,0.0,0.0,1.0,0.0
9,2,2024-02-05,0,6,2,0.0,0.0,0.0,0.0,1.0,2.0
9,2,2024-02-12,2,7,2,0.0,0.0,0.0,0.0,1.0,0.0
9,2,2024-02-19,0,8,2,2.0,0.0,0.0,0.5,0.0,0.0
9,2,2024-02-26,0,9,2,0.0,2.0,0.0,0.5,0.0,1.0
9,2,2024-03-04,1,10,3,0.0,0.0,0.0,0.5,2.0,1.0
9,2,2024-03-11,1,11,3,1.0,0.0,2.0,0.75,1.3333333333333333,0.0
9,2,2024-03-18,0,12,3,1.0,1.0,0.0,0.5,0.0,0.0
9,2,2024-03-25,0,13,3,0.0,1.0,0.0,0.5,0.0,0.0
9,2,2024-04-01,0,14,4,0.0,0.0,1.0,0.5,0.0,0.0
9,2,2024-04-08,0,15,4,0.0,0.0,1.0,0.25,0.0,0.0
9,2,2024-04-15,0,16,4,0.0,0.0,0.0,0.0,1.0,0.0
9,2,2024-04-22,0,17,4,0.0,0.0,0.0,0.0,1.0,2.0
9,2,2024-04-29,2,18,4,0.0,0.0,0.0,0.0,1.0,1.0
9,2,2024-05-06,1,19,5,2.0,0.0,0.0,0.5,2.0,0.0
9,2,2024-05-13,0,20,5,1.0,2.0,0.0,0.75,0.0,0.0
9,2,2024-05-20,0,21,5,0.0,1.0,0.0,0.75,0.0,0.0
9,2,2024-05-27,0,22,5,0.0,0.0,2.0,0.75,0.0,0.0
9,2,2024-06-03,0,23,6,0.0,0.0,1.0,0.25,0.0,2.0
9,2,2024-06-10,2,24,6,0.0,0.0,0.0,0.0,1.0,0.0
9,2,2024-06-17,0,25,6,2.0,0.0,0.0,0.5,0.0,1.0
9,2,2024-06-24,1,26,6,0.0,2.0,0.0,0.5,2.0,1.0
9,2,2024-07-01,1,27,7,1.0,0.0,0.0,0.75,1.3333333333333333,1.0
9,2,2024-07-08,1,28,7,1.0,1.0,2.0,1.0,1.0,0.0
9,2,2024-07-15,0,29,7,1.0,1.0,0.0,0.75,0.0,0.0
9,2,2024-07-22,0,30,7,0.0,1.0,1.0,0.75,0.0,0.0
9,2,2024-07-29,0,31,7,0.0,0.0,1.0,0.5,0.0,0.0
9,2,2024-08-05,0,32,8,0.0,0.0,1.0,0.25,0.0,1.0
9,2,2024-08-12,1,33,8,0.0,0.0,0.0,0.0,1.0,0.0
9,2,2024-08-19,0,34,8,1.0,0.0,0.0,0.25,0.0,0.0
9,2,2024-08-26,0,35,8,0.0,1.0,0.0,0.25,0.0,3.0
9,2,2024-09-02,3,36,9,0.0,0.0,0.0,0.25,12.0,0.0
9,2,2024-09-09,0,37,9,3.0,0.0,1.0,1.0,0.0,0.0
9,2,2024-09-16,0,38,9,0.0,3.0,0.0,0.75,0.0,0.0
9,2,2024-09-23,0,39,9,0.0,0.0,0.0,0.75,0.0,1.0
9,2,2024-09-30,1,40,9,0.0,0.0,3.0,0.75,1.3333333333333333,0.0
9,2,2024-10-07,0,41,10,1.0,0.0,0.0,0.25,0.0,0.0
9,2,2024-10-14,0,42,10,0.0,1.0,0.0,0.25,0.0,0.0
9,2,2024-10-21,0,43,10,0.0,0.0,0.0,0.25,0.0,0.0
9,2,2024-10-28,0,44,10,0.0,0.0,1.0,0.25,0.0,0.0
9,2,2024-11-04,0,45,11,0.0,0.0,0.0,0.0,1.0,1.0
9,2,2024-11-11,1,46,11,0.0,0.0,0.0,0.0,1.0,0.0
9,2,2024-11-18,0,47,11,1.0,0.0,0.0,0.25,0.0,1.0
9,2,2024-11-25,1,48,11,0.0,1.0,0.0,0.25,4.0,1.0
9,2,2024-12-02,1,49,12,1.0,0.0,0.0,0.5,2.0,0.0
9,2,2024-12-09,0,50,12,1.0,1.0,1.0,0.75,0.0,1.0
9,2,2024-12-16,1,51,12,0.0,1.0,0.0,0.5,2.0,1.0
9,2,2024-12-23,1,52,12,1.0,0.0,1.0,0.75,1.3333333333333333,0.0
9,2,2024-12-30,0,1,12,1.0,1.0,1.0,0.75,0.0,0.0
9,2,2025-01-06,0,2,1,0.0,1.0,0.0,0.5,0.0,1.0
9,2,2025-01-13,1,3,1,0.0,0.0,1.0,0.5,2.0,0.0
9,2,2025-01-20,0,4,1,1.0,0.0,1.0,0.5,0.0,0.0
9,2,2025-01-27,0,5,1,0.0,1.0,0.0,0.25,0.0,0.0
9,2,2025-02-03,0,6,2,0.0,0.0,0.0,0.25,0.0,0.0
9,2,2025-02-10,0,7,2,0.0,0.0,1.0,0.25,0.0,1.0
9,2,2025-02-17,1,8,2,0.0,0.0,0.0,0.0,1.0,0.0
9,2,2025-02-24,0,9,2,1.0,0.0,0.0,0.25,0.0,1.0
9,2,2025-03-03,1,10,3,0.0,1.0,0.0,0.25,4.0,0.0
9,2,2025-03-10,0,11,3,1.0,0.0,0.0,0.5,0.0,0.0
9,2,2025-03-17,0,12,3,0.0,1.0,1.0,0.5,0.0,1.0
9,2,2025-03-24,1,13,3,0.0,0.0,0.0,0.25,4.0,0.0
9,2,2025-03-31,0,14,3,1.0,0.0,1.0,0.5,0.0,0.0
9,2,2025-04-07,0,15,4,0.0,1.0,0.0,0.25,0.0,1.0
9,2,2025-04-14,1,16,4,0.0,0.0,0.0,0.25,4.0,1.0
9,2,2025-04-21,1,17,4,1.0,0.0,1.0,0.5,2.0,0.0
9,2,2025-04-28,0,18,4,1.0,1.0,0.0,0.5,0.0,1.0
9,2,2025-05-05,1,19,5,0.0,1.0,0.0,0.5,2.0,0.0
9,2,2025-05-12,0,20,5,1.0,0.0,1.0,0.75,0.0,1.0
9,2,2025-05-19,1,21,5,0.0,1.0,1.0,0.5,2.0,1.0
9,2,2025-05-26,1,22,5,1.0,0.0,0.0,0.5,2.0,0.0
9,2,2025-06-02,0,23,6,1.0,1.0,1.0,0.75,0.0,2.0
9,2,2025-06-09,2,24,6,0.0,1.0,0.0,0.5,4.0,0.0
9,2,2025-06-16,0,25,6,2.0,0.0,1.0,1.0,0.0,0.0
9,2,2025-06-23,0,26,6,0.0,2.0,1.0,0.75,0.0,0.0
9,2,2025-06-30,0,27,6,0.0,0.0,0.0,0.5,0.0,0.0
9,2,2025-07-07,0,28,7,0.0,0.0,2.0,0.5,0.0,3.0
9,2,2025-07-14,3,29,7,0.0,0.0,0.0,0.0,1.0,0.0
9,2,2025-07-21,0,30,7,3.0,0.0,0.0,0.75,0.0,0.0
9,2,2025-07-28,0,31,7,0.0,3.0,0.0,0.75,0.0,1.0
9,2,2025-08-04,1,32,8,0.0,0.0,0.0,0.75,1.3333333333333333,1.0
9,2,2025-08-11,1,33,8,1.0,0.0,3.0,1.0,1.0,2.0
9,2,2025-08-18,2,34,8,1.0,1.0,0.0,0.5,4.0,1.0
9,2,2025-08-25,1,35,8,2.0,1.0,0.0,1.0,1.0,0.0
9,2,2025-09-01,0,36,9,1.0,2.0,1.0,1.25,0.0,0.0
9,2,2025-09-08,0,37,9,0.0,1.0,1.0,1.0,0.0,1.0
9,2,2025-09-15,1,38,9,0.0,0.0,2.0,0.75,1.3333333333333333,0.0
9,2,2025-09-22,0,39,9,1.0,0.0,1.0,0.5,0.0,1.0
9,2,2025-09-29,1,40,9,0.0,1.0,0.0,0.25,4.0,1.0
9,2,2025-10-06,1,41,10,1.0,0.0,0.0,0.5,2.0,0.0
9,2,2025-10-13,0,42,10,1.0,1.0,1.0,0.75,0.0,0.0
9,2,2025-10-20,0,43,10,0.0,1.0,0.0,0.5,0.0,0.0
9,2,2025-10-27,0,44,10,0.0,0.0,1.0,0.5,0.0,0.0
9,2,2025-11-03,0,45,11,0.0,0.0,1.0,0.25,0.0,0.0
9,2,2025-11-10,0,46,11,0.0,0.0,0.0,0.0,1.0,0.0
9,2,2025-11-17,0,47,11,0.0,0.0,0.0,0.0,1.0,0.0
9,2,2025-11-24,0,48,11,0.0,0.0,0.0,0.0,1.0,0.0
9,2,2025-12-01,0,49,12,0.0,0.0,0.0,0.0,1.0,0.0
9,2,2025-12-08,0,50,12,0.0,0.0,0.0,0.0,1.0,1.0
9,2,2025-12-15,1,51,12,0.0,0.0,0.0,0.0,1.0,0.0
9,2,2025-12-22,0,52,12,1.0,0.0,0.0,0.25,0.0,2.0
9,2,2025-12-29,2,1,12,0.0,1.0,0.0,0.25,8.0,0.0
9,2,2026-01-05,0,2,1,2.0,0.0,0.0,0.75,0.0,1.0
9,2,2026-01-12,1,3,1,0.0,2.0,1.0,0.75,1.3333333333333333,0.0
9,2,2026-01-19,0,4,1,1.0,0.0,0.0,0.75,0.0,1.0
9,2,2026-01-26,1,5,1,0.0,1.0,2.0,0.75,1.3333333333333333,0.0
9,2,2026-02-02,0,6,2,1.0,0.0,0.0,0.5,0.0,0.0
9,2,2026-02-09,0,7,2,0.0,1.0,1.0,0.5,0.0,0.0
9,2,2026-02-16,0,8,2,0.0,0.0,0.0,0.25,0.0,0.0
9,2,2026-02-23,0,9,2,0.0,0.0,1.0,0.25,0.0,2.0
9,2,2026-03-02,2,10,3,0.0,0.0,0.0,0.0,1.0,0.0
9,2,2026-03-09,0,11,3,2.0,0.0,0.0,0.5,0.0,0.0
9,2,2026-03-16,0,12,3,0.0,2.0,0.0,0.5,0.0,0.0
9,2,2026-03-23,0,13,3,0.0,0.0,0.0,0.5,0.0,2.0
9,2,2026-03-30,2,14,3,0.0,0.0,2.0,0.5,4.0,0.0
9,2,2026-04-06,0,15,4,2.0,0.0,0.0,0.5,0.0,1.0
9,2,2026-04-13,1,16,4,0.0,2.0,0.0,0.5,2.0,0.0
9,2,2026-04-20,0,17,4,1.0,0.0,0.0,0.75,0.0,1.0
9,2,2026-04-27,1,18,4,0.0,1.0,2.0,0.75,1.3333333333333333,0.0
9,2,2026-05-04,0,19,5,1.0,0.0,0.0,0.5,0.0,0.0
9,2,2026-05-11,0,20,5,0.0,1.0,1.0,0.5,0.0,1.0
9,2,2026-05-18,1,21,5,0.0,0.0,0.0,0.25,4.0,1.0
9,2,2026-05-25,1,22,5,1.0,0.0,1.0,0.5,2.0,0.0
9,2,2026-06-01,0,23,6,1.0,1.0,0.0,0.5,0.0,1.0
9,2,2026-06-08,1,24,6,0.0,1.0,0.0,0.5,2.0,1.0
9,2,2026-06-15,1,25,6,1.0,0.0,1.0,0.75,1.3333333333333333,0.0
9,2,2026-06-22,0,26,6,1.0,1.0,1.0,0.75,0.0,0.0
9,3,2024-01-29,1,5,1,0.0,1.0,0.0,0.25,4.0,0.0
9,3,2024-02-05,0,6,2,1.0,0.0,0.0,0.5,0.0,1.0
9,3,2024-02-12,1,7,2,0.0,1.0,1.0,0.5,2.0,1.0
9,3,2024-02-19,1,8,2,1.0,0.0,0.0,0.5,2.0,2.0
9,3,2024-02-26,2,9,2,1.0,1.0,1.0,0.75,2.6666666666666665,0.0
9,3,2024-03-04,0,10,3,2.0,1.0,0.0,1.0,0.0,1.0
9,3,2024-03-11,1,11,3,0.0,2.0,1.0,1.0,1.0,1.0
9,3,2024-03-18,1,12,3,1.0,0.0,1.0,1.0,1.0,0.0
9,3,2024-03-25,0,13,3,1.0,1.0,2.0,1.0,0.0,1.0
9,3,2024-04-01,1,14,4,0.0,1.0,0.0,0.5,2.0,1.0
9,3,2024-04-08,1,15,4,1.0,0.0,1.0,0.75,1.3333333333333333,0.0
9,3,2024-04-15,0,16,4,1.0,1.0,1.0,0.75,0.0,0.0
9,3,2024-04-22,0,17,4,0.0,1.0,0.0,0.5,0.0,0.0
9,3,2024-04-29,0,18,4,0.0,0.0,1.0,0.5,0.0,2.0
9,3,2024-05-06,2,19,5,0.0,0.0,1.0,0.25,8.0,2.0
9,3,2024-05-13,2,20,5,2.0,0.0,0.0,0.5,4.0,0.0
9,3,2024-05-20,0,21,5,2.0,2.0,0.0,1.0,0.0,1.0
9,3,2024-05-27,1,22,5,0.0,2.0,0.0,1.0,1.0,1.0
9,3,2024-06-03,1,23,6,1.0,0.0,2.0,1.25,0.8,0.0
9,3,2024-06-10,0,24,6,1.0,1.0,2.0,1.0,0.0,1.0
9,3,2024-06-17,1,25,6,0.0,1.0,0.0,0.5,2.0,1.0
9,3,2024-06-24,1,26,6,1.0,0.0,1.0,0.75,1.3333333333333333,0.0
9,3,2024-07-01,0,27,7,1.0,1.0,1.0,0.75,0.0,1.0
9,3,2024-07-08,1,28,7,0.0,1.0,0.0,0.5,2.0,1.0
9,3,2024-07-15,1,29,7,1.0,0.0,1.0,0.75,1.3333333333333333,0.0
9,3,2024-07-22,0,30,7,1.0,1.0,1.0,0.75,0.0,1.0
9,3,2024-07-29,1,31,7,0.0,1.0,0.0,0.5,2.0,1.0
9,3,2024-08-05,1,32,8,1.0,0.0,1.0,0.75,1.3333333333333333,1.0
9,3,2024-08-12,1,33,8,1.0,1.0,1.0,0.75,1.3333333333333333,0.0
9,3,2024-08-19,0,34,8,1.0,1.0,0.0,0.75,0.0,0.0
9,3,2024-08-26,0,35,8,0.0,1.0,1.0,0.75,0.0,1.0
9,3,2024-09-02,1,36,9,0.0,0.0,1.0,0.5,2.0,0.0
9,3,2024-09-09,0,37,9,1.0,0.0,1.0,0.5,0.0,2.0
9,3,2024-09-16,2,38,9,0.0,1.0,0.0,0.25,8.0,1.0
9,3,2024-09-23,1,39,9,2.0,0.0,0.0,0.75,1.3333333333333333,0.0
9,3,2024-09-30,0,40,9,1.0,2.0,1.0,1.0,0.0,1.0
9,3,2024-10-07,1,41,10,0.0,1.0,0.0,0.75,1.3333333333333333,1.0
9,3,2024-10-14,1,42,10,1.0,0.0,2.0,1.0,1.0,1.0
9,3,2024-10-21,1,43,10,1.0,1.0,1.0,0.75,1.3333333333333333,1.0
9,3,2024-10-28,1,44,10,1.0,1.0,0.0,0.75,1.3333333333333333,0.0
9,3,2024-11-04,0,45,11,1.0,1.0,1.0,1.0,0.0,0.0
9,3,2024-11-11,0,46,11,0.0,1.0,1.0,0.75,0.0,0.0
9,3,2024-11-18,0,47,11,0.0,0.0,1.0,0.5,0.0,2.0
9,3,2024-11-25,2,48,11,0.0,0.0,1.0,0.25,8.0,0.0
9,3,2024-12-02,0,49,12,2.0,0.0,0.0,0.5,0.0,0.0
9,3,2024-12-09,0,50,12,0.0,2.0,0.0,0.5,0.0,1.0
9,3,2024-12-16,1,51,12,0.0,0.0,0.0,0.5,2.0,0.0
9,3,2024-12-23,0,52,12,1.0,0.0,2.0,0.75,0.0,0.0
9,3,2024-12-30,0,1,12,0.0,1.0,0.0,0.25,0.0,0.0
9,3,2025-01-06,0,2,1,0.0,0.0,0.0,0.25,0.0,0.0
9,3,2025-01-13,0,3,1,0.0,0.0,1.0,0.25,0.0,0.0
9,3,2025-01-20,0,4,1,0.0,0.0,0.0,0.0,1.0,1.0
9,3,2025-01-27,1,5,1,0.0,0.0,0.0,0.0,1.0,1.0
9,3,2025-02-03,1,6,2,1.0,0.0,0.0,0.25,4.0,1.0
9,3,2025-02-10,1,7,2,1.0,1.0,0.0,0.5,2.0,0.0
9,3,2025-02-17,0,8,2,1.0,1.0,0.0,0.75,0.0,0.0
9,3,2025-02-24,0,9,2,0.0,1.0,1.0,0.75,0.0,0.0
9,3,2025-03-03,0,10,3,0.0,0.0,1.0,0.5,0.0,0.0
9,3,2025-03-10,0,11,3,0.0,0.0,1.0,0.25,0.0,0.0
9,3,2025-03-17,0,12,3,0.0,0.0,0.0,0.0,1.0,0.0
9,3,2025-03-24,0,13,3,0.0,0.0,0.0,0.0,1.0,0.0
9,3,2025-03-31,0,14,3,0.0,0.0,0.0,0.0,1.0,0.0
9,3,2025-04-07,0,15,4,0.0,0.0,0.0,0.0,1.0,0.0
9,3,2025-04-14,0,16,4,0.0,0.0,0.0,0.0,1.0,0.0
9,3,2025-04-21,0,17,4,0.0,0.0,0.0,0.0,1.0,0.0
9,3,2025-04-28,0,18,4,0.0,0.0,0.0,0.0,1.0,0.0
9,3,2025-05-05,0,19,5,0.0,0.0,0.0,0.0,1.0,2.0
9,3,2025-05-12,2,20,5,0.0,0.0,0.0,0.0,1.0,1.0
9,3,2025-05-19,1,21,5,2.0,0.0,0.0,0.5,2.0,2.0
9,3,2025-05-26,2,22,5,1.0,2.0,0.0,0.75,2.6666666666666665,0.0
9,3,2025-06-02,0,23,6,2.0,1.0,0.0,1.25,0.0,0.0
9,3,2025-06-09,0,24,6,0.0,2.0,2.0,1.25,0.0,1.0
9,3,2025-06-16,1,25,6,0.0,0.0,1.0,0.75,1.3333333333333333,0.0
9,3,2025-06-23,0,26,6,1.0,0.0,2.0,0.75,0.0,0.0
9,3,2025-06-30,0,27,6,0.0,1.0,0.0,0.25,0.0,1.0
9,3,2025-07-07,1,28,7,0.0,0.0,0.0,0.25,4.0,0.0
9,3,2025-07-14,0,29,7,1.0,0.0,1.0,0.5,0.0,0.0
9,3,2025-07-21,0,30,7,0.0,1.0,0.0,0.25,0.0,0.0
9,3,2025-07-28,0,31,7,0.0,0.0,0.0,0.25,0.0,0.0
9,3,2025-08-04,0,32,8,0.0,0.0,1.0,0.25,0.0,0.0
9,3,2025-08-11,0,33,8,0.0,0.0,0.0,0.0,1.0,2.0
9,3,2025-08-18,2,34,8,0.0,0.0,0.0,0.0,1.0,0.0
9,3,2025-08-25,0,35,8,2.0,0.0,0.0,0.5,0.0,0.0
9,3,2025-09-01,0,36,9,0.0,2.0,0.0,0.5,0.0,0.0
9,3,2025-09-08,0,37,9,0.0,0.0,0.0,0.5,0.0,0.0
9,3,2025-09-15,0,38,9,0.0,0.0,2.0,0.5,0.0,1.0
9,3,2025-09-22,1,39,9,0.0,0.0,0.0,0.0,1.0,1.0
9,3,2025-09-29,1,40,9,1.0,0.0,0.0,0.25,4.0,0.0
9,3,2025-10-06,0,41,10,1.0,1.0,0.0,0.5,0.0,0.0
9,3,2025-10-13,0,42,10,0.0,1.0,0.0,0.5,0.0,0.0
9,3,2025-10-20,0,43,10,0.0,0.0,1.0,0.5,0.0,0.0
9,3,2025-10-27,0,44,10,0.0,0.0,1.0,0.25,0.0,0.0
9,3,2025-11-03,0,45,11,0.0,0.0,0.0,0.0,1.0,0.0
9,3,2025-11-10,0,46,11,0.0,0.0,0.0,0.0,1.0,0.0
9,3,2025-11-17,0,47,11,0.0,0.0,0.0,0.0,1.0,0.0
9,3,2025-11-24,0,48,11,0.0,0.0,0.0,0.0,1.0,0.0
9,3,2025-12-01,0,49,12,0.0,0.0,0.0,0.0,1.0,1.0
9,3,2025-12-08,1,50,12,0.0,0.0,0.0,0.0,1.0,0.0
9,3,2025-12-15,0,51,12,1.0,0.0,0.0,0.25,0.0,0.0
9,3,2025-12-22,0,52,12,0.0,1.0,0.0,0.25,0.0,1.0
9,3,2025-12-29,1,1,12,0.0,0.0,0.0,0.25,4.0,0.0
9,3,2026-01-05,0,2,1,1.0,0.0,1.0,0.5,0.0,1.0
9,3,2026-01-12,1,3,1,0.0,1.0,0.0,0.25,4.0,0.0
9,3,2026-01-19,0,4,1,1.0,0.0,0.0,0.5,0.0,0.0
9,3,2026-01-26,0,5,1,0.0,1.0,1.0,0.5,0.0,2.0
9,3,2026-02-02,2,6,2,0.0,0.0,0.0,0.25,8.0,0.0
9,3,2026-02-09,0,7,2,2.0,0.0,1.0,0.75,0.0,1.0
9,3,2026-02-16,1,8,2,0.0,2.0,0.0,0.5,2.0,0.0
9,3,2026-02-23,0,9,2,1.0,0.0,0.0,0.75,0.0,3.0
9,3,2026-03-02,3,10,3,0.0,1.0,2.0,0.75,4.0,0.0
9,3,2026-03-09,0,11,3,3.0,0.0,0.0,1.0,0.0,0.0
9,3,2026-03-16,0,12,3,0.0,3.0,1.0,1.0,0.0,0.0
9,3,2026-03-23,0,13,3,0.0,0.0,0.0,0.75,0.0,0.0
9,3,2026-03-30,0,14,3,0.0,0.0,3.0,0.75,0.0,1.0
9,3,2026-04-06,1,15,4,0.0,0.0,0.0,0.0,1.0,0.0
9,3,2026-04-13,0,16,4,1.0,0.0,0.0,0.25,0.0,0.0
9,3,2026-04-20,0,17,4,0.0,1.0,0.0,0.25,0.0,0.0
9,3,2026-04-27,0,18,4,0.0,0.0,0.0,0.25,0.0,0.0
9,3,2026-05-04,0,19,5,0.0,0.0,1.0,0.25,0.0,0.0
9,3,2026-05-11,0,20,5,0.0,0.0,0.0,0.0,1.0,1.0
9,3,2026-05-18,1,21,5,0.0,0.0,0.0,0.0,1.0,0.0
9,3,2026-05-25,0,22,5,1.0,0.0,0.0,0.25,0.0,1.0
9,3,2026-06-01,1,23,6,0.0,1.0,0.0,0.25,4.0,0.0
9,3,2026-06-08,0,24,6,1.0,0.0,0.0,0.5,0.0,1.0
9,3,2026-06-15,1,25,6,0.0,1.0,1.0,0.5,2.0,0.0
9,3,2026-06-22,0,26,6,1.0,0.0,0.0,0.5,0.0,0.0
9,4,2024-01-29,1,5,1,1.0,0.0,0.0,0.25,4.0,0.0
9,4,2024-02-05,0,6,2,1.0,1.0,0.0,0.5,0.0,0.0
9,4,2024-02-12,0,7,2,0.0,1.0,0.0,0.5,0.0,0.0
9,4,2024-02-19,0,8,2,0.0,0.0,1.0,0.5,0.0,0.0
9,4,2024-02-26,0,9,2,0.0,0.0,1.0,0.25,0.0,0.0
9,4,2024-03-04,0,10,3,0.0,0.0,0.0,0.0,1.0,0.0
9,4,2024-03-11,0,11,3,0.0,0.0,0.0,0.0,1.0,1.0
9,4,2024-03-18,1,12,3,0.0,0.0,0.0,0.0,1.0,1.0
9,4,2024-03-25,1,13,3,1.0,0.0,0.0,0.25,4.0,0.0
9,4,2024-04-01,0,14,4,1.0,1.0,0.0,0.5,0.0,2.0
9,4,2024-04-08,2,15,4,0.0,1.0,0.0,0.5,4.0,0.0
9,4,2024-04-15,0,16,4,2.0,0.0,1.0,1.0,0.0,0.0
9,4,2024-04-22,0,17,4,0.0,2.0,1.0,0.75,0.0,0.0
9,4,2024-04-29,0,18,4,0.0,0.0,0.0,0.5,0.0,0.0
9,4,2024-05-06,0,19,5,0.0,0.0,2.0,0.5,0.0,1.0
9,4,2024-05-13,1,20,5,0.0,0.0,0.0,0.0,1.0,1.0
9,4,2024-05-20,1,21,5,1.0,0.0,0.0,0.25,4.0,0.0
9,4,2024-05-27,0,22,5,1.0,1.0,0.0,0.5,0.0,0.0
9,4,2024-06-03,0,23,6,0.0,1.0,0.0,0.5,0.0,2.0
9,4,2024-06-10,2,24,6,0.0,0.0,1.0,0.5,4.0,1.0
9,4,2024-06-17,1,25,6,2.0,0.0,1.0,0.75,1.3333333333333333,0.0
9,4,2024-06-24,0,26,6,1.0,2.0,0.0,0.75,0.0,1.0
9,4,2024-07-01,1,27,7,0.0,1.0,0.0,0.75,1.3333333333333333,0.0
9,4,2024-07-08,0,28,7,1.0,0.0,2.0,1.0,0.0,2.0
9,4,2024-07-15,2,29,7,0.0,1.0,1.0,0.5,4.0,2.0
9,4,2024-07-22,2,30,7,2.0,0.0,0.0,0.75,2.6666666666666665,2.0
9,4,2024-07-29,2,31,7,2.0,2.0,1.0,1.25,1.6,0.0
9,4,2024-08-05,0,32,8,2.0,2.0,0.0,1.5,0.0,2.0
9,4,2024-08-12,2,33,8,0.0,2.0,2.0,1.5,1.3333333333333333,0.0
9,4,2024-08-19,0,34,8,2.0,0.0,2.0,1.5,0.0,0.0
9,4,2024-08-26,0,35,8,0.0,2.0,2.0,1.0,0.0,2.0
9,4,2024-09-02,2,36,9,0.0,0.0,0.0,0.5,4.0,1.0
9,4,2024-09-09,1,37,9,2.0,0.0,2.0,1.0,1.0,0.0
9,4,2024-09-16,0,38,9,1.0,2.0,0.0,0.75,0.0,2.0
9,4,2024-09-23,2,39,9,0.0,1.0,0.0,0.75,2.6666666666666665,0.0
9,4,2024-09-30,0,40,9,2.0,0.0,2.0,1.25,0.0,1.0
9,4,2024-10-07,1,41,10,0.0,2.0,1.0,0.75,1.3333333333333333,0.0
9,4,2024-10-14,0,42,10,1.0,0.0,0.0,0.75,0.0,1.0
9,4,2024-10-21,1,43,10,0.0,1.0,2.0,0.75,1.3333333333333333,0.0
9,4,2024-10-28,0,44,10,1.0,0.0,0.0,0.5,0.0,0.0
9,4,2024-11-04,0,45,11,0.0,1.0,1.0,0.5,0.0,2.0
9,4,2024-11-11,2,46,11,0.0,0.0,0.0,0.25,8.0,0.0
9,4,2024-11-18,0,47,11,2.0,0.0,1.0,0.75,0.0,1.0
9,4,2024-11-25,1,48,11,0.0,2.0,0.0,0.5,2.0,0.0
9,4,2024-12-02,0,49,12,1.0,0.0,0.0,0.75,0.0,1.0
9,4,2024-12-09,1,50,12,0.0,1.0,2.0,0.75,1.3333333333333333,0.0
9,4,2024-12-16,0,51,12,1.0,0.0,0.0,0.5,0.0,1.0
9,4,2024-12-23,1,52,12,0.0,1.0,1.0,0.5,2.0,1.0
9,4,2024-12-30,1,1,12,1.0,0.0,0.0,0.5,2.0,2.0
9,4,2025-01-06,2,2,1,1.0,1.0,1.0,0.75,2.6666666666666665,2.0
9,4,2025-01-13,2,3,1,2.0,1.0,0.0,1.0,2.0,0.0
9,4,2025-01-20,0,4,1,2.0,2.0,1.0,1.5,0.0,0.0
9,4,2025-01-27,0,5,1,0.0,2.0,1.0,1.25,0.0,0.0
9,4,2025-02-03,0,6,2,0.0,0.0,2.0,1.0,0.0,0.0
9,4,2025-02-10,0,7,2,0.0,0.0,2.0,0.5,0.0,0.0
9,4,2025-02-17,0,8,2,0.0,0.0,0.0,0.0,1.0,0.0
9,4,2025-02-24,0,9,2,0.0,0.0,0.0,0.0,1.0,0.0
9,4,2025-03-03,0,10,3,0.0,0.0,0.0,0.0,1.0,2.0
9,4,2025-03-10,2,11,3,0.0,0.0,0.0,0.0,1.0,0.0
9,4,2025-03-17,0,12,3,2.0,0.0,0.0,0.5,0.0,0.0
9,4,2025-03-24,0,13,3,0.0,2.0,0.0,0.5,0.0,3.0
9,4,2025-03-31,3,14,3,0.0,0.0,0.0,0.5,6.0,2.0
9,4,2025-04-07,2,15,4,3.0,0.0,2.0,1.25,1.6,1.0
9,4,2025-04-14,1,16,4,2.0,3.0,0.0,1.25,0.8,0.0
9,4,2025-04-21,0,17,4,1.0,2.0,0.0,1.5,0.0,1.0
9,4,2025-04-28,1,18,4,0.0,1.0,3.0,1.5,0.6666666666666666,0.0
9,4,2025-05-05,0,19,5,1.0,0.0,2.0,1.0,0.0,0.0
9,4,2025-05-12,0,20,5,0.0,1.0,1.0,0.5,0.0,1.0
9,4,2025-05-19,1,21,5,0.0,0.0,0.0,0.25,4.0,1.0
9,4,2025-05-26,1,22,5,1.0,0.0,1.0,0.5,2.0,1.0
9,4,2025-06-02,1,23,6,1.0,1.0,0.0,0.5,2.0,0.0
9,4,2025-06-09,0,24,6,1.0,1.0,0.0,0.75,0.0,0.0
9,4,2025-06-16,0,25,6,0.0,1.0,1.0,0.75,0.0,0.0
9,4,2025-06-23,0,26,6,0.0,0.0,1.0,0.5,0.0,0.0
9,4,2025-06-30,0,27,6,0.0,0.0,1.0,0.25,0.0,0.0
9,4,2025-07-07,0,28,7,0.0,0.0,0.0,0.0,1.0,0.0
9,4,2025-07-14,0,29,7,0.0,0.0,0.0,0.0,1.0,0.0
9,4,2025-07-21,0,30,7,0.0,0.0,0.0,0.0,1.0,2.0
9,4,2025-07-28,2,31,7,0.0,0.0,0.0,0.0,1.0,0.0
9,4,2025-08-04,0,32,8,2.0,0.0,0.0,0.5,0.0,0.0
9,4,2025-08-11,0,33,8,0.0,2.0,0.0,0.5,0.0,1.0
9,4,2025-08-18,1,34,8,0.0,0.0,0.0,0.5,2.0,1.0
9,4,2025-08-25,1,35,8,1.0,0.0,2.0,0.75,1.3333333333333333,0.0
9,4,2025-09-01,0,36,9,1.0,1.0,0.0,0.5,0.0,0.0
9,4,2025-09-08,0,37,9,0.0,1.0,0.0,0.5,0.0,0.0
9,4,2025-09-15,0,38,9,0.0,0.0,1.0,0.5,0.0,1.0
9,4,2025-09-22,1,39,9,0.0,0.0,1.0,0.25,4.0,1.0
9,4,2025-09-29,1,40,9,1.0,0.0,0.0,0.25,4.0,0.0
9,4,2025-10-06,0,41,10,1.0,1.0,0.0,0.5,0.0,0.0
9,4,2025-10-13,0,42,10,0.0,1.0,0.0,0.5,0.0,0.0
9,4,2025-10-20,0,43,10,0.0,0.0,1.0,0.5,0.0,0.0
9,4,2025-10-27,0,44,10,0.0,0.0,1.0,0.25,0.0,2.0
9,4,2025-11-03,2,45,11,0.0,0.0,0.0,0.0,1.0,0.0
9,4,2025-11-10,0,46,11,2.0,0.0,0.0,0.5,0.0,0.0
9,4,2025-11-17,0,47,11,0.0,2.0,0.0,0.5,0.0,1.0
9,4,2025-11-24,1,48,11,0.0,0.0,0.0,0.5,2.0,0.0
9,4,2025-12-01,0,49,12,1.0,0.0,2.0,0.75,0.0,0.0
9,4,2025-12-08,0,50,12,0.0,1.0,0.0,0.25,0.0,2.0
9,4,2025-12-15,2,51,12,0.0,0.0,0.0,0.25,8.0,0.0
9,4,2025-12-22,0,52,12,2.0,0.0,1.0,0.75,0.0,1.0
9,4,2025-12-29,1,1,12,0.0,2.0,0.0,0.5,2.0,1.0
9,4,2026-01-05,1,2,1,1.0,0.0,0.0,0.75,1.3333333333333333,0.0
9,4,2026-01-12,0,3,1,1.0,1.0,2.0,1.0,0.0,0.0
9,4,2026-01-19,0,4,1,0.0,1.0,0.0,0.5,0.0,1.0
9,4,2026-01-26,1,5,1,0.0,0.0,1.0,0.5,2.0,1.0
9,4,2026-02-02,1,6,2,1.0,0.0,1.0,0.5,2.0,0.0
9,4,2026-02-09,0,7,2,1.0,1.0,0.0,0.5,0.0,3.0
9,4,2026-02-16,3,8,2,0.0,1.0,0.0,0.5,6.0,1.0
9,4,2026-02-23,1,9,2,3.0,0.0,1.0,1.25,0.8,0.0
9,4,2026-03-02,0,10,3,1.0,3.0,1.0,1.25,0.0,0.0
9,4,2026-03-09,0,11,3,0.0,1.0,0.0,1.0,0.0,0.0
9,4,2026-03-16,0,12,3,0.0,0.0,3.0,1.0,0.0,0.0
9,4,2026-03-23,0,13,3,0.0,0.0,1.0,0.25,0.0,0.0
9,4,2026-03-30,0,14,3,0.0,0.0,0.0,0.0,1.0,0.0
9,4,2026-04-06,0,15,4,0.0,0.0,0.0,0.0,1.0,0.0
9,4,2026-04-13,0,16,4,0.0,0.0,0.0,0.0,1.0,0.0
9,4,2026-04-20,0,17,4,0.0,0.0,0.0,0.0,1.0,0.0
9,4,2026-04-27,0,18,4,0.0,0.0,0.0,0.0,1.0,0.0
9,4,2026-05-04,0,19,5,0.0,0.0,0.0,0.0,1.0,1.0
9,4,2026-05-11,1,20,5,0.0,0.0,0.0,0.0,1.0,0.0
9,4,2026-05-18,0,21,5,1.0,0.0,0.0,0.25,0.0,0.0
9,4,2026-05-25,0,22,5,0.0,1.0,0.0,0.25,0.0,1.0
9,4,2026-06-01,1,23,6,0.0,0.0,0.0,0.25,4.0,0.0
9,4,2026-06-08,0,24,6,1.0,0.0,1.0,0.5,0.0,0.0
9,4,2026-06-15,0,25,6,0.0,1.0,0.0,0.25,0.0,1.0
9,4,2026-06-22,1,26,6,0.0,0.0,0.0,0.25,4.0,1.0
9,5,2024-01-29,0,5,1,0.0,0.0,0.0,0.25,0.0,0.0
9,5,2024-02-05,0,6,2,0.0,0.0,1.0,0.25,0.0,0.0
9,5,2024-02-12,0,7,2,0.0,0.0,0.0,0.0,1.0,0.0
9,5,2024-02-19,0,8,2,0.0,0.0,0.0,0.0,1.0,1.0
9,5,2024-02-26,1,9,2,0.0,0.0,0.0,0.0,1.0,0.0
9,5,2024-03-04,0,10,3,1.0,0.0,0.0,0.25,0.0,0.0
9,5,2024-03-11,0,11,3,0.0,1.0,0.0,0.25,0.0,1.0
9,5,2024-03-18,1,12,3,0.0,0.0,0.0,0.25,4.0,1.0
9,5,2024-03-25,1,13,3,1.0,0.0,1.0,0.5,2.0,0.0
9,5,2024-04-01,0,14,4,1.0,1.0,0.0,0.5,0.0,0.0
9,5,2024-04-08,0,15,4,0.0,1.0,0.0,0.5,0.0,0.0
9,5,2024-04-15,0,16,4,0.0,0.0,1.0,0.5,0.0,0.0
9,5,2024-04-22,0,17,4,0.0,0.0,1.0,0.25,0.0,1.0
9,5,2024-04-29,1,18,4,0.0,0.0,0.0,0.0,1.0,0.0
9,5,2024-05-06,0,19,5,1.0,0.0,0.0,0.25,0.0,1.0
9,5,2024-05-13,1,20,5,0.0,1.0,0.0,0.25,4.0,0.0
9,5,2024-05-20,0,21,5,1.0,0.0,0.0,0.5,0.0,1.0
9,5,2024-05-27,1,22,5,0.0,1.0,1.0,0.5,2.0,0.0
9,5,2024-06-03,0,23,6,1.0,0.0,0.0,0.5,0.0,0.0
9,5,2024-06-10,0,24,6,0.0,1.0,1.0,0.5,0.0,0.0
9,5,2024-06-17,0,25,6,0.0,0.0,0.0,0.25,0.0,0.0
9,5,2024-06-24,0,26,6,0.0,0.0,1.0,0.25,0.0,1.0
9,5,2024-07-01,1,27,7,0.0,0.0,0.0,0.0,1.0,0.0
9,5,2024-07-08,0,28,7,1.0,0.0,0.0,0.25,0.0,1.0
9,5,2024-07-15,1,29,7,0.0,1.0,0.0,0.25,4.0,0.0
9,5,2024-07-22,0,30,7,1.0,0.0,0.0,0.5,0.0,0.0
9,5,2024-07-29,0,31,7,0.0,1.0,1.0,0.5,0.0,0.0
9,5,2024-08-05,0,32,8,0.0,0.0,0.0,0.25,0.0,0.0
9,5,2024-08-12,0,33,8,0.0,0.0,1.0,0.25,0.0,0.0
9,5,2024-08-19,0,34,8,0.0,0.0,0.0,0.0,1.0,0.0
9,5,2024-08-26,0,35,8,0.0,0.0,0.0,0.0,1.0,1.0
9,5,2024-09-02,1,36,9,0.0,0.0,0.0,0.0,1.0,0.0
9,5,2024-09-09,0,37,9,1.0,0.0,0.0,0.25,0.0,0.0
9,5,2024-09-16,0,38,9,0.0,1.0,0.0,0.25,0.0,1.0
9,5,2024-09-23,1,39,9,0.0,0.0,0.0,0.25,4.0,2.0
9,5,2024-09-30,2,40,9,1.0,0.0,1.0,0.5,4.0,0.0
9,5,2024-10-07,0,41,10,2.0,1.0,0.0,0.75,0.0,0.0
9,5,2024-10-14,0,42,10,0.0,2.0,0.0,0.75,0.0,1.0
9,5,2024-10-21,1,43,10,0.0,0.0,1.0,0.75,1.3333333333333333,0.0
9,5,2024-10-28,0,44,10,1.0,0.0,2.0,0.75,0.0,1.0
9,5,2024-11-04,1,45,11,0.0,1.0,0.0,0.25,4.0,0.0
9,5,2024-11-11,0,46,11,1.0,0.0,0.0,0.5,0.0,1.0
9,5,2024-11-18,1,47,11,0.0,1.0,1.0,0.5,2.0,0.0
9,5,2024-11-25,0,48,11,1.0,0.0,0.0,0.5,0.0,2.0
9,5,2024-12-02,2,49,12,0.0,1.0,1.0,0.5,4.0,1.0
9,5,2024-12-09,1,50,12,2.0,0.0,0.0,0.75,1.3333333333333333,1.0
9,5,2024-12-16,1,51,12,1.0,2.0,1.0,1.0,1.0,0.0
9,5,2024-12-23,0,52,12,1.0,1.0,0.0,1.0,0.0,1.0
9,5,2024-12-30,1,1,12,0.0,1.0,2.0,1.0,1.0,0.0
9,5,2025-01-06,0,2,1,1.0,0.0,1.0,0.75,0.0,0.0
9,5,2025-01-13,0,3,1,0.0,1.0,1.0,0.5,0.0,1.0
9,5,2025-01-20,1,4,1,0.0,0.0,0.0,0.25,4.0,1.0
9,5,2025-01-27,1,5,1,1.0,0.0,1.0,0.5,2.0,0.0
9,5,2025-02-03,0,6,2,1.0,1.0,0.0,0.5,0.0,0.0
9,5,2025-02-10,0,7,2,0.0,1.0,0.0,0.5,0.0,1.0
9,5,2025-02-17,1,8,2,0.0,0.0,1.0,0.5,2.0,0.0
9,5,2025-02-24,0,9,2,1.0,0.0,1.0,0.5,0.0,1.0
9,5,2025-03-03,1,10,3,0.0,1.0,0.0,0.25,4.0,0.0
9,5,2025-03-10,0,11,3,1.0,0.0,0.0,0.5,0.0,1.0
9,5,2025-03-17,1,12,3,0.0,1.0,1.0,0.5,2.0,1.0
9,5,2025-03-24,1,13,3,1.0,0.0,0.0,0.5,2.0,0.0
9,5,2025-03-31,0,14,3,1.0,1.0,1.0,0.75,0.0,1.0
9,5,2025-04-07,1,15,4,0.0,1.0,0.0,0.5,2.0,1.0
9,5,2025-04-14,1,16,4,1.0,0.0,1.0,0.75,1.3333333333333333,0.0
9,5,2025-04-21,0,17,4,1.0,1.0,1.0,0.75,0.0,0.0
9,5,2025-04-28,0,18,4,0.0,1.0,0.0,0.5,0.0,1.0
9,5,2025-05-05,1,19,5,0.0,0.0,1.0,0.5,2.0,1.0
9,5,2025-05-12,1,20,5,1.0,0.0,1.0,0.5,2.0,0.0
9,5,2025-05-19,0,21,5,1.0,1.0,0.0,0.5,0.0,1.0
9,5,2025-05-26,1,22,5,0.0,1.0,0.0,0.5,2.0,1.0
9,5,2025-06-02,1,23,6,1.0,0.0,1.0,0.75,1.3333333333333333,1.0
9,5,2025-06-09,1,24,6,1.0,1.0,1.0,0.75,1.3333333333333333,0.0
9,5,2025-06-16,0,25,6,1.0,1.0,0.0,0.75,0.0,1.0
9,5,2025-06-23,1,26,6,0.0,1.0,1.0,0.75,1.3333333333333333,0.0
9,5,2025-06-30,0,27,6,1.0,0.0,1.0,0.75,0.0,2.0
9,5,2025-07-07,2,28,7,0.0,1.0,1.0,0.5,4.0,0.0
9,5,2025-07-14,0,29,7,2.0,0.0,0.0,0.75,0.0,0.0
9,5,2025-07-21,0,30,7,0.0,2.0,1.0,0.75,0.0,0.0
9,5,2025-07-28,0,31,7,0.0,0.0,0.0,0.5,0.0,1.0
9,5,2025-08-04,1,32,8,0.0,0.0,2.0,0.5,2.0,2.0
9,5,2025-08-11,2,33,8,1.0,0.0,0.0,0.25,8.0,0.0
9,5,2025-08-18,0,34,8,2.0,1.0,0.0,0.75,0.0,0.0
9,5,2025-08-25,0,35,8,0.0,2.0,0.0,0.75,0.0,0.0
9,5,2025-09-01,0,36,9,0.0,0.0,1.0,0.75,0.0,0.0
9,5,2025-09-08,0,37,9,0.0,0.0,2.0,0.5,0.0,1.0
9,5,2025-09-15,1,38,9,0.0,0.0,0.0,0.0,1.0,0.0
9,5,2025-09-22,0,39,9,1.0,0.0,0.0,0.25,0.0,1.0
9,5,2025-09-29,1,40,9,0.0,1.0,0.0,0.25,4.0,1.0
9,5,2025-10-06,1,41,10,1.0,0.0,0.0,0.5,2.0,1.0
9,5,2025-10-13,1,42,10,1.0,1.0,1.0,0.75,1.3333333333333333,1.0
9,5,2025-10-20,1,43,10,1.0,1.0,0.0,0.75,1.3333333333333333,0.0
9,5,2025-10-27,0,44,10,1.0,1.0,1.0,1.0,0.0,2.0
9,5,2025-11-03,2,45,11,0.0,1.0,1.0,0.75,2.6666666666666665,0.0
9,5,2025-11-10,0,46,11,2.0,0.0,1.0,1.0,0.0,0.0
9,5,2025-11-17,0,47,11,0.0,2.0,1.0,0.75,0.0,1.0
9,5,2025-11-24,1,48,11,0.0,0.0,0.0,0.5,2.0,0.0
9,5,2025-12-01,0,49,12,1.0,0.0,2.0,0.75,0.0,2.0
9,5,2025-12-08,2,50,12,0.0,1.0,0.0,0.25,8.0,1.0
9,5,2025-12-15,1,51,12,2.0,0.0,0.0,0.75,1.3333333333333333,1.0
9,5,2025-12-22,1,52,12,1.0,2.0,1.0,1.0,1.0,0.0
9,5,2025-12-29,0,1,12,1.0,1.0,0.0,1.0,0.0,0.0
9,5,2026-01-05,0,2,1,0.0,1.0,2.0,1.0,0.0,0.0
9,5,2026-01-12,0,3,1,0.0,0.0,1.0,0.5,0.0,2.0
9,5,2026-01-19,2,4,1,0.0,0.0,1.0,0.25,8.0,0.0
9,5,2026-01-26,0,5,1,2.0,0.0,0.0,0.5,0.0,0.0
9,5,2026-02-02,0,6,2,0.0,2.0,0.0,0.5,0.0,0.0
9,5,2026-02-09,0,7,2,0.0,0.0,0.0,0.5,0.0,0.0
9,5,2026-02-16,0,8,2,0.0,0.0,2.0,0.5,0.0,1.0
9,5,2026-02-23,1,9,2,0.0,0.0,0.0,0.0,1.0,0.0
9,5,2026-03-02,0,10,3,1.0,0.0,0.0,0.25,0.0,0.0
9,5,2026-03-09,0,11,3,0.0,1.0,0.0,0.25,0.0,1.0
9,5,2026-03-16,1,12,3,0.0,0.0,0.0,0.25,4.0,1.0
9,5,2026-03-23,1,13,3,1.0,0.0,1.0,0.5,2.0,0.0
9,5,2026-03-30,0,14,3,1.0,1.0,0.0,0.5,0.0,1.0
9,5,2026-04-06,1,15,4,0.0,1.0,0.0,0.5,2.0,0.0
9,5,2026-04-13,0,16,4,1.0,0.0,1.0,0.75,0.0,1.0
9,5,2026-04-20,1,17,4,0.0,1.0,1.0,0.5,2.0,0.0
9,5,2026-04-27,0,18,4,1.0,0.0,0.0,0.5,0.0,0.0
9,5,2026-05-04,0,19,5,0.0,1.0,1.0,0.5,0.0,1.0
9,5,2026-05-11,1,20,5,0.0,0.0,0.0,0.25,4.0,1.0
9,5,2026-05-18,1,21,5,1.0,0.0,1.0,0.5,2.0,1.0
9,5,2026-05-25,1,22,5,1.0,1.0,0.0,0.5,2.0,1.0
9,5,2026-06-01,1,23,6,1.0,1.0,0.0,0.75,1.3333333333333333,0.0
9,5,2026-06-08,0,24,6,1.0,1.0,1.0,1.0,0.0,0.0
9,5,2026-06-15,0,25,6,0.0,1.0,1.0,0.75,0.0,0.0
9,5,2026-06-22,0,26,6,0.0,0.0,1.0,0.5,0.0,0.0
9,6,2024-01-29,1,5,1,0.0,0.0,1.0,0.5,2.0,0.0
9,6,2024-02-05,0,6,2,1.0,0.0,1.0,0.5,0.0,0.0
9,6,2024-02-12,0,7,2,0.0,1.0,0.0,0.25,0.0,0.0
9,6,2024-02-19,0,8,2,0.0,0.0,0.0,0.25,0.0,0.0
9,6,2024-02-26,0,9,2,0.0,0.0,1.0,0.25,0.0,0.0
9,6,2024-03-04,0,10,3,0.0,0.0,0.0,0.0,1.0,0.0
9,6,2024-03-11,0,11,3,0.0,0.0,0.0,0.0,1.0,1.0
9,6,2024-03-18,1,12,3,0.0,0.0,0.0,0.0,1.0,1.0
9,6,2024-03-25,1,13,3,1.0,0.0,0.0,0.25,4.0,0.0
9,6,2024-04-01,0,14,4,1.0,1.0,0.0,0.5,0.0,0.0
9,6,2024-04-08,0,15,4,0.0,1.0,0.0,0.5,0.0,0.0
9,6,2024-04-15,0,16,4,0.0,0.0,1.0,0.5,0.0,2.0
9,6,2024-04-22,2,17,4,0.0,0.0,1.0,0.25,8.0,2.0
9,6,2024-04-29,2,18,4,2.0,0.0,0.0,0.5,4.0,2.0
9,6,2024-05-06,2,19,5,2.0,2.0,0.0,1.0,2.0,0.0
9,6,2024-05-13,0,20,5,2.0,2.0,0.0,1.5,0.0,0.0
9,6,2024-05-20,0,21,5,0.0,2.0,2.0,1.5,0.0,0.0
9,6,2024-05-27,0,22,5,0.0,0.0,2.0,1.0,0.0,1.0
9,6,2024-06-03,1,23,6,0.0,0.0,2.0,0.5,2.0,0.0
9,6,2024-06-10,0,24,6,1.0,0.0,0.0,0.25,0.0,1.0
9,6,2024-06-17,1,25,6,0.0,1.0,0.0,0.25,4.0,0.0
9,6,2024-06-24,0,26,6,1.0,0.0,0.0,0.5,0.0,0.0
9,6,2024-07-01,0,27,7,0.0,1.0,1.0,0.5,0.0,1.0
9,6,2024-07-08,1,28,7,0.0,0.0,0.0,0.25,4.0,1.0
9,6,2024-07-15,1,29,7,1.0,0.0,1.0,0.5,2.0,0.0
9,6,2024-07-22,0,30,7,1.0,1.0,0.0,0.5,0.0,0.0
9,6,2024-07-29,0,31,7,0.0,1.0,0.0,0.5,0.0,1.0
9,6,2024-08-05,1,32,8,0.0,0.0,1.0,0.5,2.0,2.0
9,6,2024-08-12,2,33,8,1.0,0.0,1.0,0.5,4.0,1.0
9,6,2024-08-19,1,34,8,2.0,1.0,0.0,0.75,1.3333333333333333,3.0
9,6,2024-08-26,3,35,8,1.0,2.0,0.0,1.0,3.0,0.0
9,6,2024-09-02,0,36,9,3.0,1.0,1.0,1.75,0.0,0.0
9,6,2024-09-09,0,37,9,0.0,3.0,2.0,1.5,0.0,0.0
9,6,2024-09-16,0,38,9,0.0,0.0,1.0,1.0,0.0,0.0
9,6,2024-09-23,0,39,9,0.0,0.0,3.0,0.75,0.0,0.0
9,6,2024-09-30,0,40,9,0.0,0.0,0.0,0.0,1.0,1.0
9,6,2024-10-07,1,41,10,0.0,0.0,0.0,0.0,1.0,0.0
9,6,2024-10-14,0,42,10,1.0,0.0,0.0,0.25,0.0,2.0
9,6,2024-10-21,2,43,10,0.0,1.0,0.0,0.25,8.0,1.0
9,6,2024-10-28,1,44,10,2.0,0.0,0.0,0.75,1.3333333333333333,0.0
9,6,2024-11-04,0,45,11,1.0,2.0,1.0,1.0,0.0,1.0
9,6,2024-11-11,1,46,11,0.0,1.0,0.0,0.75,1.3333333333333333,1.0
9,6,2024-11-18,1,47,11,1.0,0.0,2.0,1.0,1.0,0.0
9,6,2024-11-25,0,48,11,1.0,1.0,1.0,0.75,0.0,0.0
9,6,2024-12-02,0,49,12,0.0,1.0,0.0,0.5,0.0,0.0
9,6,2024-12-09,0,50,12,0.0,0.0,1.0,0.5,0.0,0.0
9,6,2024-12-16,0,51,12,0.0,0.0,1.0,0.25,0.0,2.0
9,6,2024-12-23,2,52,12,0.0,0.0,0.0,0.0,1.0,0.0
9,6,2024-12-30,0,1,12,2.0,0.0,0.0,0.5,0.0,2.0
9,6,2025-01-06,2,2,1,0.0,2.0,0.0,0.5,4.0,1.0
9,6,2025-01-13,1,3,1,2.0,0.0,0.0,1.0,1.0,1.0
9,6,2025-01-20,1,4,1,1.0,2.0,2.0,1.25,0.8,0.0
9,6,2025-01-27,0,5,1,1.0,1.0,0.0,1.0,0.0,0.0
9,6,2025-02-03,0,6,2,0.0,1.0,2.0,1.0,0.0,0.0
9,6,2025-02-10,0,7,2,0.0,0.0,1.0,0.5,0.0,0.0
9,6,2025-02-17,0,8,2,0.0,0.0,1.0,0.25,0.0,1.0
9,6,2025-02-24,1,9,2,0.0,0.0,0.0,0.0,1.0,0.0
9,6,2025-03-03,0,10,3,1.0,0.0,0.0,0.25,0.0,0.0
9,6,2025-03-10,0,11,3,0.0,1.0,0.0,0.25,0.0,0.0
9,6,2025-03-17,0,12,3,0.0,0.0,0.0,0.25,0.0,1.0
9,6,2025-03-24,1,13,3,0.0,0.0,1.0,0.25,4.0,1.0
9,6,2025-03-31,1,14,3,1.0,0.0,0.0,0.25,4.0,2.0
9,6,2025-04-07,2,15,4,1.0,1.0,0.0,0.5,4.0,1.0
9,6,2025-04-14,1,16,4,2.0,1.0,0.0,1.0,1.0,0.0
9,6,2025-04-21,0,17,4,1.0,2.0,1.0,1.25,0.0,0.0
9,6,2025-04-28,0,18,4,0.0,1.0,1.0,1.0,0.0,1.0
9,6,2025-05-05,1,19,5,0.0,0.0,2.0,0.75,1.3333333333333333,2.0
9,6,2025-05-12,2,20,5,1.0,0.0,1.0,0.5,4.0,0.0
9,6,2025-05-19,0,21,5,2.0,1.0,0.0,0.75,0.0,0.0
9,6,2025-05-26,0,22,5,0.0,2.0,0.0,0.75,0.0,1.0
9,6,2025-06-02,1,23,6,0.0,0.0,1.0,0.75,1.3333333333333333,0.0
9,6,2025-06-09,0,24,6,1.0,0.0,2.0,0.75,0.0,0.0
9,6,2025-06-16,0,25,6,0.0,1.0,0.0,0.25,0.0,0.0
9,6,2025-06-23,0,26,6,0.0,0.0,0.0,0.25,0.0,1.0
9,6,2025-06-30,1,27,6,0.0,0.0,1.0,0.25,4.0,1.0
9,6,2025-07-07,1,28,7,1.0,0.0,0.0,0.25,4.0,0.0
9,6,2025-07-14,0,29,7,1.0,1.0,0.0,0.5,0.0,0.0
9,6,2025-07-21,0,30,7,0.0,1.0,0.0,0.5,0.0,0.0
9,6,2025-07-28,0,31,7,0.0,0.0,1.0,0.5,0.0,0.0
9,6,2025-08-04,0,32,8,0.0,0.0,1.0,0.25,0.0,0.0
9,6,2025-08-11,0,33,8,0.0,0.0,0.0,0.0,1.0,0.0
9,6,2025-08-18,0,34,8,0.0,0.0,0.0,0.0,1.0,0.0
9,6,2025-08-25,0,35,8,0.0,0.0,0.0,0.0,1.0,0.0
9,6,2025-09-01,0,36,9,0.0,0.0,0.0,0.0,1.0,1.0
9,6,2025-09-08,1,37,9,0.0,0.0,0.0,0.0,1.0,0.0
9,6,2025-09-15,0,38,9,1.0,0.0,0.0,0.25,0.0,0.0
9,6,2025-09-22,0,39,9,0.0,1.0,0.0,0.25,0.0,0.0
9,6,2025-09-29,0,40,9,0.0,0.0,0.0,0.25,0.0,0.0
9,6,2025-10-06,0,41,10,0.0,0.0,1.0,0.25,0.0,0.0
9,6,2025-10-13,0,42,10,0.0,0.0,0.0,0.0,1.0,0.0
9,6,2025-10-20,0,43,10,0.0,0.0,0.0,0.0,1.0,0.0
9,6,2025-10-27,0,44,10,0.0,0.0,0.0,0.0,1.0,0.0
9,6,2025-11-03,0,45,11,0.0,0.0,0.0,0.0,1.0,0.0
9,6,2025-11-10,0,46,11,0.0,0.0,0.0,0.0,1.0,0.0
9,6,2025-11-17,0,47,11,0.0,0.0,0.0,0.0,1.0,0.0
9,6,2025-11-24,0,48,11,0.0,0.0,0.0,0.0,1.0,0.0
9,6,2025-12-01,0,49,12,0.0,0.0,0.0,0.0,1.0,0.0
9,6,2025-12-08,0,50,12,0.0,0.0,0.0,0.0,1.0,0.0
9,6,2025-12-15,0,51,12,0.0,0.0,0.0,0.0,1.0,0.0
9,6,2025-12-22,0,52,12,0.0,0.0,0.0,0.0,1.0,0.0
9,6,2025-12-29,0,1,12,0.0,0.0,0.0,0.0,1.0,1.0
9,6,2026-01-05,1,2,1,0.0,0.0,0.0,0.0,1.0,0.0
9,6,2026-01-12,0,3,1,1.0,0.0,0.0,0.25,0.0,3.0
9,6,2026-01-19,3,4,1,0.0,1.0,0.0,0.25,12.0,0.0
9,6,2026-01-26,0,5,1,3.0,0.0,0.0,1.0,0.0,0.0
9,6,2026-02-02,0,6,2,0.0,3.0,1.0,1.0,0.0,1.0
9,6,2026-02-09,1,7,2,0.0,0.0,0.0,0.75,1.3333333333333333,0.0
9,6,2026-02-16,0,8,2,1.0,0.0,3.0,1.0,0.0,0.0
9,6,2026-02-23,0,9,2,0.0,1.0,0.0,0.25,0.0,0.0
9,6,2026-03-02,0,10,3,0.0,0.0,0.0,0.25,0.0,1.0
9,6,2026-03-09,1,11,3,0.0,0.0,1.0,0.25,4.0,0.0
9,6,2026-03-16,0,12,3,1.0,0.0,0.0,0.25,0.0,0.0
9,6,2026-03-23,0,13,3,0.0,1.0,0.0,0.25,0.0,0.0
9,6,2026-03-30,0,14,3,0.0,0.0,0.0,0.25,0.0,1.0
9,6,2026-04-06,1,15,4,0.0,0.0,1.0,0.25,4.0,2.0
9,6,2026-04-13,2,16,4,1.0,0.0,0.0,0.25,8.0,1.0
9,6,2026-04-20,1,17,4,2.0,1.0,0.0,0.75,1.3333333333333333,1.0
9,6,2026-04-27,1,18,4,1.0,2.0,0.0,1.0,1.0,0.0
9,6,2026-05-04,0,19,5,1.0,1.0,1.0,1.25,0.0,0.0
9,6,2026-05-11,0,20,5,0.0,1.0,2.0,1.0,0.0,0.0
9,6,2026-05-18,0,21,5,0.0,0.0,1.0,0.5,0.0,0.0
9,6,2026-05-25,0,22,5,0.0,0.0,1.0,0.25,0.0,0.0
9,6,2026-06-01,0,23,6,0.0,0.0,0.0,0.0,1.0,1.0
9,6,2026-06-08,1,24,6,0.0,0.0,0.0,0.0,1.0,0.0
9,6,2026-06-15,0,25,6,1.0,0.0,0.0,0.25,0.0,0.0
9,6,2026-06-22,0,26,6,0.0,1.0,0.0,0.25,0.0,0.0
9,7,2024-01-29,0,5,1,0.0,1.0,1.0,0.5,0.0,0.0
9,7,2024-02-05,0,6,2,0.0,0.0,0.0,0.25,0.0,2.0
9,7,2024-02-12,2,7,2,0.0,0.0,1.0,0.25,8.0,0.0
9,7,2024-02-19,0,8,2,2.0,0.0,0.0,0.5,0.0,0.0
9,7,2024-02-26,0,9,2,0.0,2.0,0.0,0.5,0.0,0.0
9,7,2024-03-04,0,10,3,0.0,0.0,0.0,0.5,0.0,1.0
9,7,2024-03-11,1,11,3,0.0,0.0,2.0,0.5,2.0,1.0
9,7,2024-03-18,1,12,3,1.0,0.0,0.0,0.25,4.0,0.0
9,7,2024-03-25,0,13,3,1.0,1.0,0.0,0.5,0.0,1.0
9,7,2024-04-01,1,14,4,0.0,1.0,0.0,0.5,2.0,0.0
9,7,2024-04-08,0,15,4,1.0,0.0,1.0,0.75,0.0,1.0
9,7,2024-04-15,1,16,4,0.0,1.0,1.0,0.5,2.0,0.0
9,7,2024-04-22,0,17,4,1.0,0.0,0.0,0.5,0.0,0.0
9,7,2024-04-29,0,18,4,0.0,1.0,1.0,0.5,0.0,0.0
9,7,2024-05-06,0,19,5,0.0,0.0,0.0,0.25,0.0,0.0
9,7,2024-05-13,0,20,5,0.0,0.0,1.0,0.25,0.0,1.0
9,7,2024-05-20,1,21,5,0.0,0.0,0.0,0.0,1.0,1.0
9,7,2024-05-27,1,22,5,1.0,0.0,0.0,0.25,4.0,0.0
9,7,2024-06-03,0,23,6,1.0,1.0,0.0,0.5,0.0,0.0
9,7,2024-06-10,0,24,6,0.0,1.0,0.0,0.5,0.0,0.0
9,7,2024-06-17,0,25,6,0.0,0.0,1.0,0.5,0.0,1.0
9,7,2024-06-24,1,26,6,0.0,0.0,1.0,0.25,4.0,1.0
9,7,2024-07-01,1,27,7,1.0,0.0,0.0,0.25,4.0,1.0
9,7,2024-07-08,1,28,7,1.0,1.0,0.0,0.5,2.0,1.0
9,7,2024-07-15,1,29,7,1.0,1.0,0.0,0.75,1.3333333333333333,0.0
9,7,2024-07-22,0,30,7,1.0,1.0,1.0,1.0,0.0,0.0
9,7,2024-07-29,0,31,7,0.0,1.0,1.0,0.75,0.0,0.0
9,7,2024-08-05,0,32,8,0.0,0.0,1.0,0.5,0.0,0.0
9,7,2024-08-12,0,33,8,0.0,0.0,1.0,0.25,0.0,0.0
9,7,2024-08-19,0,34,8,0.0,0.0,0.0,0.0,1.0,0.0
9,7,2024-08-26,0,35,8,0.0,0.0,0.0,0.0,1.0,0.0
9,7,2024-09-02,0,36,9,0.0,0.0,0.0,0.0,1.0,1.0
9,7,2024-09-09,1,37,9,0.0,0.0,0.0,0.0,1.0,0.0
9,7,2024-09-16,0,38,9,1.0,0.0,0.0,0.25,0.0,1.0
9,7,2024-09-23,1,39,9,0.0,1.0,0.0,0.25,4.0,1.0
9,7,2024-09-30,1,40,9,1.0,0.0,0.0,0.5,2.0,1.0
9,7,2024-10-07,1,41,10,1.0,1.0,1.0,0.75,1.3333333333333333,1.0
9,7,2024-10-14,1,42,10,1.0,1.0,0.0,0.75,1.3333333333333333,1.0
9,7,2024-10-21,1,43,10,1.0,1.0,1.0,1.0,1.0,0.0
9,7,2024-10-28,0,44,10,1.0,1.0,1.0,1.0,0.0,0.0
9,7,2024-11-04,0,45,11,0.0,1.0,1.0,0.75,0.0,0.0
9,7,2024-11-11,0,46,11,0.0,0.0,1.0,0.5,0.0,0.0
9,7,2024-11-18,0,47,11,0.0,0.0,1.0,0.25,0.0,0.0
9,7,2024-11-25,0,48,11,0.0,0.0,0.0,0.0,1.0,1.0
9,7,2024-12-02,1,49,12,0.0,0.0,0.0,0.0,1.0,0.0
9,7,2024-12-09,0,50,12,1.0,0.0,0.0,0.25,0.0,2.0
9,7,2024-12-16,2,51,12,0.0,1.0,0.0,0.25,8.0,1.0
9,7,2024-12-23,1,52,12,2.0,0.0,0.0,0.75,1.3333333333333333,0.0
9,7,2024-12-30,0,1,12,1.0,2.0,1.0,1.0,0.0,2.0
9,7,2025-01-06,2,2,1,0.0,1.0,0.0,0.75,2.6666666666666665,2.0
9,7,2025-01-13,2,3,1,2.0,0.0,2.0,1.25,1.6,0.0
9,7,2025-01-20,0,4,1,2.0,2.0,1.0,1.25,0.0,0.0
9,7,2025-01-27,0,5,1,0.0,2.0,0.0,1.0,0.0,0.0
9,7,2025-02-03,0,6,2,0.0,0.0,2.0,1.0,0.0,1.0
9,7,2025-02-10,1,7,2,0.0,0.0,2.0,0.5,2.0,0.0
9,7,2025-02-17,0,8,2,1.0,0.0,0.0,0.25,0.0,0.0
9,7,2025-02-24,0,9,2,0.0,1.0,0.0,0.25,0.0,1.0
9,7,2025-03-03,1,10,3,0.0,0.0,0.0,0.25,4.0,1.0
9,7,2025-03-10,1,11,3,1.0,0.0,1.0,0.5,2.0,0.0
9,7,2025-03-17,0,12,3,1.0,1.0,0.0,0.5,0.0,0.0
9,7,2025-03-24,0,13,3,0.0,1.0,0.0,0.5,0.0,0.0
9,7,2025-03-31,0,14,3,0.0,0.0,1.0,0.5,0.0,0.0
9,7,2025-04-07,0,15,4,0.0,0.0,1.0,0.25,0.0,0.0
9,7,2025-04-14,0,16,4,0.0,0.0,0.0,0.0,1.0,0.0
9,7,2025-04-21,0,17,4,0.0,0.0,0.0,0.0,1.0,0.0
9,7,2025-04-28,0,18,4,0.0,0.0,0.0,0.0,1.0,0.0
9,7,2025-05-05,0,19,5,0.0,0.0,0.0,0.0,1.0,0.0
9,7,2025-05-12,0,20,5,0.0,0.0,0.0,0.0,1.0,0.0
9,7,2025-05-19,0,21,5,0.0,0.0,0.0,0.0,1.0,1.0
9,7,2025-05-26,1,22,5,0.0,0.0,0.0,0.0,1.0,0.0
9,7,2025-06-02,0,23,6,1.0,0.0,0.0,0.25,0.0,1.0
9,7,2025-06-09,1,24,6,0.0,1.0,0.0,0.25,4.0,0.0
9,7,2025-06-16,0,25,6,1.0,0.0,0.0,0.5,0.0,0.0
9,7,2025-06-23,0,26,6,0.0,1.0,1.0,0.5,0.0,0.0
9,7,2025-06-30,0,27,6,0.0,0.0,0.0,0.25,0.0,0.0
9,7,2025-07-07,0,28,7,0.0,0.0,1.0,0.25,0.0,0.0
9,7,2025-07-14,0,29,7,0.0,0.0,0.0,0.0,1.0,0.0
9,7,2025-07-21,0,30,7,0.0,0.0,0.0,0.0,1.0,1.0
9,7,2025-07-28,1,31,7,0.0,0.0,0.0,0.0,1.0,1.0
9,7,2025-08-04,1,32,8,1.0,0.0,0.0,0.25,4.0,0.0
9,7,2025-08-11,0,33,8,1.0,1.0,0.0,0.5,0.0,0.0
9,7,2025-08-18,0,34,8,0.0,1.0,0.0,0.5,0.0,0.0
9,7,2025-08-25,0,35,8,0.0,0.0,1.0,0.5,0.0,0.0
9,7,2025-09-01,0,36,9,0.0,0.0,1.0,0.25,0.0,0.0
9,7,2025-09-08,0,37,9,0.0,0.0,0.0,0.0,1.0,1.0
9,7,2025-09-15,1,38,9,0.0,0.0,0.0,0.0,1.0,0.0
9,7,2025-09-22,0,39,9,1.0,0.0,0.0,0.25,0.0,0.0
9,7,2025-09-29,0,40,9,0.0,1.0,0.0,0.25,0.0,1.0
9,7,2025-10-06,1,41,10,0.0,0.0,0.0,0.25,4.0,0.0
9,7,2025-10-13,0,42,10,1.0,0.0,1.0,0.5,0.0,0.0
9,7,2025-10-20,0,43,10,0.0,1.0,0.0,0.25,0.0,1.0
9,7,2025-10-27,1,44,10,0.0,0.0,0.0,0.25,4.0,0.0
9,7,2025-11-03,0,45,11,1.0,0.0,1.0,0.5,0.0,1.0
9,7,2025-11-10,1,46,11,0.0,1.0,0.0,0.25,4.0,1.0
9,7,2025-11-17,1,47,11,1.0,0.0,0.0,0.5,2.0,0.0
9,7,2025-11-24,0,48,11,1.0,1.0,1.0,0.75,0.0,0.0
9,7,2025-12-01,0,49,12,0.0,1.0,0.0,0.5,0.0,1.0
9,7,2025-12-08,1,50,12,0.0,0.0,1.0,0.5,2.0,0.0
9,7,2025-12-15,0,51,12,1.0,0.0,1.0,0.5,0.0,1.0
9,7,2025-12-22,1,52,12,0.0,1.0,0.0,0.25,4.0,1.0
9,7,2025-12-29,1,1,12,1.0,0.0,0.0,0.5,2.0,0.0
9,7,2026-01-05,0,2,1,1.0,1.0,1.0,0.75,0.0,1.0
9,7,2026-01-12,1,3,1,0.0,1.0,0.0,0.5,2.0,0.0
9,7,2026-01-19,0,4,1,1.0,0.0,1.0,0.75,0.0,0.0
9,7,2026-01-26,0,5,1,0.0,1.0,1.0,0.5,0.0,0.0
9,7,2026-02-02,0,6,2,0.0,0.0,0.0,0.25,0.0,0.0
9,7,2026-02-09,0,7,2,0.0,0.0,1.0,0.25,0.0,0.0
9,7,2026-02-16,0,8,2,0.0,0.0,0.0,0.0,1.0,1.0
9,7,2026-02-23,1,9,2,0.0,0.0,0.0,0.0,1.0,0.0
9,7,2026-03-02,0,10,3,1.0,0.0,0.0,0.25,0.0,1.0
9,7,2026-03-09,1,11,3,0.0,1.0,0.0,0.25,4.0,0.0
9,7,2026-03-16,0,12,3,1.0,0.0,0.0,0.5,0.0,1.0
9,7,2026-03-23,1,13,3,0.0,1.0,1.0,0.5,2.0,0.0
9,7,2026-03-30,0,14,3,1.0,0.0,0.0,0.5,0.0,0.0
9,7,2026-04-06,0,15,4,0.0,1.0,1.0,0.5,0.0,0.0
9,7,2026-04-13,0,16,4,0.0,0.0,0.0,0.25,0.0,0.0
9,7,2026-04-20,0,17,4,0.0,0.0,1.0,0.25,0.0,2.0
9,7,2026-04-27,2,18,4,0.0,0.0,0.0,0.0,1.0,0.0
9,7,2026-05-04,0,19,5,2.0,0.0,0.0,0.5,0.0,0.0
9,7,2026-05-11,0,20,5,0.0,2.0,0.0,0.5,0.0,0.0
9,7,2026-05-18,0,21,5,0.0,0.0,0.0,0.5,0.0,0.0
9,7,2026-05-25,0,22,5,0.0,0.0,2.0,0.5,0.0,0.0
9,7,2026-06-01,0,23,6,0.0,0.0,0.0,0.0,1.0,0.0
9,7,2026-06-08,0,24,6,0.0,0.0,0.0,0.0,1.0,2.0
9,7,2026-06-15,2,25,6,0.0,0.0,0.0,0.0,1.0,1.0
9,7,2026-06-22,1,26,6,2.0,0.0,0.0,0.5,2.0,0.0
9,8,2024-01-29,1,5,1,0.0,0.0,0.0,0.0,1.0,0.0
9,8,2024-02-05,0,6,2,1.0,0.0,0.0,0.25,0.0,0.0
9,8,2024-02-12,0,7,2,0.0,1.0,0.0,0.25,0.0,2.0
9,8,2024-02-19,2,8,2,0.0,0.0,0.0,0.25,8.0,1.0
9,8,2024-02-26,1,9,2,2.0,0.0,1.0,0.75,1.3333333333333333,0.0
9,8,2024-03-04,0,10,3,1.0,2.0,0.0,0.75,0.0,2.0
9,8,2024-03-11,2,11,3,0.0,1.0,0.0,0.75,2.6666666666666665,0.0
9,8,2024-03-18,0,12,3,2.0,0.0,2.0,1.25,0.0,0.0
9,8,2024-03-25,0,13,3,0.0,2.0,1.0,0.75,0.0,2.0
9,8,2024-04-01,2,14,4,0.0,0.0,0.0,0.5,4.0,0.0
9,8,2024-04-08,0,15,4,2.0,0.0,2.0,1.0,0.0,0.0
9,8,2024-04-15,0,16,4,0.0,2.0,0.0,0.5,0.0,0.0
9,8,2024-04-22,0,17,4,0.0,0.0,0.0,0.5,0.0,0.0
9,8,2024-04-29,0,18,4,0.0,0.0,2.0,0.5,0.0,1.0
9,8,2024-05-06,1,19,5,0.0,0.0,0.0,0.0,1.0,3.0
9,8,2024-05-13,3,20,5,1.0,0.0,0.0,0.25,12.0,0.0
9,8,2024-05-20,0,21,5,3.0,1.0,0.0,1.0,0.0,1.0
9,8,2024-05-27,1,22,5,0.0,3.0,0.0,1.0,1.0,0.0
9,8,2024-06-03,0,23,6,1.0,0.0,1.0,1.25,0.0,0.0
9,8,2024-06-10,0,24,6,0.0,1.0,3.0,1.0,0.0,0.0
9,8,2024-06-17,0,25,6,0.0,0.0,0.0,0.25,0.0,1.0
9,8,2024-06-24,1,26,6,0.0,0.0,1.0,0.25,4.0,1.0
9,8,2024-07-01,1,27,7,1.0,0.0,0.0,0.25,4.0,1.0
9,8,2024-07-08,1,28,7,1.0,1.0,0.0,0.5,2.0,0.0
9,8,2024-07-15,0,29,7,1.0,1.0,0.0,0.75,0.0,1.0
9,8,2024-07-22,1,30,7,0.0,1.0,1.0,0.75,1.3333333333333333,0.0
9,8,2024-07-29,0,31,7,1.0,0.0,1.0,0.75,0.0,1.0
9,8,2024-08-05,1,32,8,0.0,1.0,1.0,0.5,2.0,1.0
9,8,2024-08-12,1,33,8,1.0,0.0,0.0,0.5,2.0,1.0
9,8,2024-08-19,1,34,8,1.0,1.0,1.0,0.75,1.3333333333333333,1.0
9,8,2024-08-26,1,35,8,1.0,1.0,0.0,0.75,1.3333333333333333,1.0
9,8,2024-09-02,1,36,9,1.0,1.0,1.0,1.0,1.0,0.0
9,8,2024-09-09,0,37,9,1.0,1.0,1.0,1.0,0.0,1.0
9,8,2024-09-16,1,38,9,0.0,1.0,1.0,0.75,1.3333333333333333,0.0
9,8,2024-09-23,0,39,9,1.0,0.0,1.0,0.75,0.0,0.0
9,8,2024-09-30,0,40,9,0.0,1.0,1.0,0.5,0.0,0.0
9,8,2024-10-07,0,41,10,0.0,0.0,0.0,0.25,0.0,0.0
9,8,2024-10-14,0,42,10,0.0,0.0,1.0,0.25,0.0,1.0
9,8,2024-10-21,1,43,10,0.0,0.0,0.0,0.0,1.0,1.0
9,8,2024-10-28,1,44,10,1.0,0.0,0.0,0.25,4.0,1.0
9,8,2024-11-04,1,45,11,1.0,1.0,0.0,0.5,2.0,0.0
9,8,2024-11-11,0,46,11,1.0,1.0,0.0,0.75,0.0,2.0
9,8,2024-11-18,2,47,11,0.0,1.0,1.0,0.75,2.6666666666666665,0.0
9,8,2024-11-25,0,48,11,2.0,0.0,1.0,1.0,0.0,2.0
9,8,2024-12-02,2,49,12,0.0,2.0,1.0,0.75,2.6666666666666665,1.0
9,8,2024-12-09,1,50,12,2.0,0.0,0.0,1.0,1.0,0.0
9,8,2024-12-16,0,51,12,1.0,2.0,2.0,1.25,0.0,0.0
9,8,2024-12-23,0,52,12,0.0,1.0,0.0,0.75,0.0,1.0
9,8,2024-12-30,1,1,12,0.0,0.0,2.0,0.75,1.3333333333333333,1.0
9,8,2025-01-06,1,2,1,1.0,0.0,1.0,0.5,2.0,0.0
9,8,2025-01-13,0,3,1,1.0,1.0,0.0,0.5,0.0,1.0
9,8,2025-01-20,1,4,1,0.0,1.0,0.0,0.5,2.0,0.0
9,8,2025-01-27,0,5,1,1.0,0.0,1.0,0.75,0.0,0.0
9,8,2025-02-03,0,6,2,0.0,1.0,1.0,0.5,0.0,0.0
9,8,2025-02-10,0,7,2,0.0,0.0,0.0,0.25,0.0,1.0
9,8,2025-02-17,1,8,2,0.0,0.0,1.0,0.25,4.0,0.0
9,8,2025-02-24,0,9,2,1.0,0.0,0.0,0.25,0.0,0.0
9,8,2025-03-03,0,10,3,0.0,1.0,0.0,0.25,0.0,0.0
9,8,2025-03-10,0,11,3,0.0,0.0,0.0,0.25,0.0,0.0
9,8,2025-03-17,0,12,3,0.0,0.0,1.0,0.25,0.0,0.0
9,8,2025-03-24,0,13,3,0.0,0.0,0.0,0.0,1.0,1.0
9,8,2025-03-31,1,14,3,0.0,0.0,0.0,0.0,1.0,1.0
9,8,2025-04-07,1,15,4,1.0,0.0,0.0,0.25,4.0,0.0
9,8,2025-04-14,0,16,4,1.0,1.0,0.0,0.5,0.0,0.0
9,8,2025-04-21,0,17,4,0.0,1.0,0.0,0.5,0.0,1.0
9,8,2025-04-28,1,18,4,0.0,0.0,1.0,0.5,2.0,2.0
9,8,2025-05-05,2,19,5,1.0,0.0,1.0,0.5,4.0,0.0
9,8,2025-05-12,0,20,5,2.0,1.0,0.0,0.75,0.0,0.0
9,8,2025-05-19,0,21,5,0.0,2.0,0.0,0.75,0.0,0.0
9,8,2025-05-26,0,22,5,0.0,0.0,1.0,0.75,0.0,0.0
9,8,2025-06-02,0,23,6,0.0,0.0,2.0,0.5,0.0,0.0
9,8,2025-06-09,0,24,6,0.0,0.0,0.0,0.0,1.0,0.0
9,8,2025-06-16,0,25,6,0.0,0.0,0.0,0.0,1.0,0.0
9,8,2025-06-23,0,26,6,0.0,0.0,0.0,0.0,1.0,0.0
9,8,2025-06-30,0,27,6,0.0,0.0,0.0,0.0,1.0,0.0
9,8,2025-07-07,0,28,7,0.0,0.0,0.0,0.0,1.0,0.0
9,8,2025-07-14,0,29,7,0.0,0.0,0.0,0.0,1.0,0.0
9,8,2025-07-21,0,30,7,0.0,0.0,0.0,0.0,1.0,0.0
9,8,2025-07-28,0,31,7,0.0,0.0,0.0,0.0,1.0,2.0
9,8,2025-08-04,2,32,8,0.0,0.0,0.0,0.0,1.0,0.0
9,8,2025-08-11,0,33,8,2.0,0.0,0.0,0.5,0.0,1.0
9,8,2025-08-18,1,34,8,0.0,2.0,0.0,0.5,2.0,0.0
9,8,2025-08-25,0,35,8,1.0,0.0,0.0,0.75,0.0,0.0
9,8,2025-09-01,0,36,9,0.0,1.0,2.0,0.75,0.0,0.0
9,8,2025-09-08,0,37,9,0.0,0.0,0.0,0.25,0.0,1.0
9,8,2025-09-15,1,38,9,0.0,0.0,1.0,0.25,4.0,1.0
9,8,2025-09-22,1,39,9,1.0,0.0,0.0,0.25,4.0,1.0
9,8,2025-09-29,1,40,9,1.0,1.0,0.0,0.5,2.0,0.0
9,8,2025-10-06,0,41,10,1.0,1.0,0.0,0.75,0.0,0.0
9,8,2025-10-13,0,42,10,0.0,1.0,1.0,0.75,0.0,1.0
9,8,2025-10-20,1,43,10,0.0,0.0,1.0,0.5,2.0,1.0
9,8,2025-10-27,1,44,10,1.0,0.0,1.0,0.5,2.0,2.0
9,8,2025-11-03,2,45,11,1.0,1.0,0.0,0.5,4.0,2.0
9,8,2025-11-10,2,46,11,2.0,1.0,0.0,1.0,2.0,0.0
9,8,2025-11-17,0,47,11,2.0,2.0,1.0,1.5,0.0,0.0
9,8,2025-11-24,0,48,11,0.0,2.0,1.0,1.25,0.0,0.0
9,8,2025-12-01,0,49,12,0.0,0.0,2.0,1.0,0.0,0.0
9,8,2025-12-08,0,50,12,0.0,0.0,2.0,0.5,0.0,0.0
9,8,2025-12-15,0,51,12,0.0,0.0,0.0,0.0,1.0,1.0
9,8,2025-12-22,1,52,12,0.0,0.0,0.0,0.0,1.0,1.0
9,8,2025-12-29,1,1,12,1.0,0.0,0.0,0.25,4.0,0.0
9,8,2026-01-05,0,2,1,1.0,1.0,0.0,0.5,0.0,1.0
9,8,2026-01-12,1,3,1,0.0,1.0,0.0,0.5,2.0,0.0
9,8,2026-01-19,0,4,1,1.0,0.0,1.0,0.75,0.0,1.0
9,8,2026-01-26,1,5,1,0.0,1.0,1.0,0.5,2.0,0.0
9,8,2026-02-02,0,6,2,1.0,0.0,0.0,0.5,0.0,0.0
9,8,2026-02-09,0,7,2,0.0,1.0,1.0,0.5,0.0,0.0
9,8,2026-02-16,0,8,2,0.0,0.0,0.0,0.25,0.0,1.0
9,8,2026-02-23,1,9,2,0.0,0.0,1.0,0.25,4.0,0.0
9,8,2026-03-02,0,10,3,1.0,0.0,0.0,0.25,0.0,0.0
9,8,2026-03-09,0,11,3,0.0,1.0,0.0,0.25,0.0,1.0
9,8,2026-03-16,1,12,3,0.0,0.0,0.0,0.25,4.0,0.0
9,8,2026-03-23,0,13,3,1.0,0.0,1.0,0.5,0.0,0.0
9,8,2026-03-30,0,14,3,0.0,1.0,0.0,0.25,0.0,0.0
9,8,2026-04-06,0,15,4,0.0,0.0,0.0,0.25,0.0,1.0
9,8,2026-04-13,1,16,4,0.0,0.0,1.0,0.25,4.0,0.0
9,8,2026-04-20,0,17,4,1.0,0.0,0.0,0.25,0.0,0.0
9,8,2026-04-27,0,18,4,0.0,1.0,0.0,0.25,0.0,0.0
9,8,2026-05-04,0,19,5,0.0,0.0,0.0,0.25,0.0,0.0
9,8,2026-05-11,0,20,5,0.0,0.0,1.0,0.25,0.0,0.0
9,8,2026-05-18,0,21,5,0.0,0.0,0.0,0.0,1.0,1.0
9,8,2026-05-25,1,22,5,0.0,0.0,0.0,0.0,1.0,1.0
9,8,2026-06-01,1,23,6,1.0,0.0,0.0,0.25,4.0,0.0
9,8,2026-06-08,0,24,6,1.0,1.0,0.0,0.5,0.0,2.0
9,8,2026-06-15,2,25,6,0.0,1.0,0.0,0.5,4.0,0.0
9,8,2026-06-22,0,26,6,2.0,0.0,1.0,1.0,0.0,0.0
9,9,2024-01-29,2,5,1,2.0,0.0,0.0,0.75,2.6666666666666665,0.0
9,9,2024-02-05,0,6,2,2.0,2.0,1.0,1.25,0.0,0.0
9,9,2024-02-12,0,7,2,0.0,2.0,0.0,1.0,0.0,0.0
9,9,2024-02-19,0,8,2,0.0,0.0,2.0,1.0,0.0,1.0
9,9,2024-02-26,1,9,2,0.0,0.0,2.0,0.5,2.0,0.0
9,9,2024-03-04,0,10,3,1.0,0.0,0.0,0.25,0.0,0.0
9,9,2024-03-11,0,11,3,0.0,1.0,0.0,0.25,0.0,0.0
9,9,2024-03-18,0,12,3,0.0,0.0,0.0,0.25,0.0,0.0
9,9,2024-03-25,0,13,3,0.0,0.0,1.0,0.25,0.0,1.0
9,9,2024-04-01,1,14,4,0.0,0.0,0.0,0.0,1.0,0.0
9,9,2024-04-08,0,15,4,1.0,0.0,0.0,0.25,0.0,1.0
9,9,2024-04-15,1,16,4,0.0,1.0,0.0,0.25,4.0,3.0
9,9,2024-04-22,3,17,4,1.0,0.0,0.0,0.5,6.0,0.0
9,9,2024-04-29,0,18,4,3.0,1.0,1.0,1.25,0.0,0.0
9,9,2024-05-06,0,19,5,0.0,3.0,0.0,1.0,0.0,0.0
9,9,2024-05-13,0,20,5,0.0,0.0,1.0,1.0,0.0,2.0
9,9,2024-05-20,2,21,5,0.0,0.0,3.0,0.75,2.6666666666666665,0.0
9,9,2024-05-27,0,22,5,2.0,0.0,0.0,0.5,0.0,0.0
9,9,2024-06-03,0,23,6,0.0,2.0,0.0,0.5,0.0,0.0
9,9,2024-06-10,0,24,6,0.0,0.0,0.0,0.5,0.0,0.0
9,9,2024-06-17,0,25,6,0.0,0.0,2.0,0.5,0.0,0.0
9,9,2024-06-24,0,26,6,0.0,0.0,0.0,0.0,1.0,1.0
9,9,2024-07-01,1,27,7,0.0,0.0,0.0,0.0,1.0,0.0
9,9,2024-07-08,0,28,7,1.0,0.0,0.0,0.25,0.0,0.0
9,9,2024-07-15,0,29,7,0.0,1.0,0.0,0.25,0.0,0.0
9,9,2024-07-22,0,30,7,0.0,0.0,0.0,0.25,0.0,1.0
9,9,2024-07-29,1,31,7,0.0,0.0,1.0,0.25,4.0,0.0
9,9,2024-08-05,0,32,8,1.0,0.0,0.0,0.25,0.0,0.0
9,9,2024-08-12,0,33,8,0.0,1.0,0.0,0.25,0.0,1.0
9,9,2024-08-19,1,34,8,0.0,0.0,0.0,0.25,4.0,1.0
9,9,2024-08-26,1,35,8,1.0,0.0,1.0,0.5,2.0,0.0
9,9,2024-09-02,0,36,9,1.0,1.0,0.0,0.5,0.0,1.0
9,9,2024-09-09,1,37,9,0.0,1.0,0.0,0.5,2.0,0.0
9,9,2024-09-16,0,38,9,1.0,0.0,1.0,0.75,0.0,2.0
9,9,2024-09-23,2,39,9,0.0,1.0,1.0,0.5,4.0,0.0
9,9,2024-09-30,0,40,9,2.0,0.0,0.0,0.75,0.0,0.0
9,9,2024-10-07,0,41,10,0.0,2.0,1.0,0.75,0.0,1.0
9,9,2024-10-14,1,42,10,0.0,0.0,0.0,0.5,2.0,0.0
9,9,2024-10-21,0,43,10,1.0,0.0,2.0,0.75,0.0,0.0
9,9,2024-10-28,0,44,10,0.0,1.0,0.0,0.25,0.0,0.0
9,9,2024-11-04,0,45,11,0.0,0.0,0.0,0.25,0.0,0.0
9,9,2024-11-11,0,46,11,0.0,0.0,1.0,0.25,0.0,1.0
9,9,2024-11-18,1,47,11,0.0,0.0,0.0,0.0,1.0,0.0
9,9,2024-11-25,0,48,11,1.0,0.0,0.0,0.25,0.0,1.0
9,9,2024-12-02,1,49,12,0.0,1.0,0.0,0.25,4.0,0.0
9,9,2024-12-09,0,50,12,1.0,0.0,0.0,0.5,0.0,0.0
9,9,2024-12-16,0,51,12,0.0,1.0,1.0,0.5,0.0,0.0
9,9,2024-12-23,0,52,12,0.0,0.0,0.0,0.25,0.0,0.0
9,9,2024-12-30,0,1,12,0.0,0.0,1.0,0.25,0.0,0.0
9,9,2025-01-06,0,2,1,0.0,0.0,0.0,0.0,1.0,0.0
9,9,2025-01-13,0,3,1,0.0,0.0,0.0,0.0,1.0,0.0
9,9,2025-01-20,0,4,1,0.0,0.0,0.0,0.0,1.0,2.0
9,9,2025-01-27,2,5,1,0.0,0.0,0.0,0.0,1.0,0.0
9,9,2025-02-03,0,6,2,2.0,0.0,0.0,0.5,0.0,1.0
9,9,2025-02-10,1,7,2,0.0,2.0,0.0,0.5,2.0,0.0
9,9,2025-02-17,0,8,2,1.0,0.0,0.0,0.75,0.0,1.0
9,9,2025-02-24,1,9,2,0.0,1.0,2.0,0.75,1.3333333333333333,0.0
9,9,2025-03-03,0,10,3,1.0,0.0,0.0,0.5,0.0,1.0
9,9,2025-03-10,1,11,3,0.0,1.0,1.0,0.5,2.0,3.0
9,9,2025-03-17,3,12,3,1.0,0.0,0.0,0.5,6.0,0.0
9,9,2025-03-24,0,13,3,3.0,1.0,1.0,1.25,0.0,0.0
9,9,2025-03-31,0,14,3,0.0,3.0,0.0,1.0,0.0,1.0
9,9,2025-04-07,1,15,4,0.0,0.0,1.0,1.0,1.0,0.0
9,9,2025-04-14,0,16,4,1.0,0.0,3.0,1.0,0.0,0.0
9,9,2025-04-21,0,17,4,0.0,1.0,0.0,0.25,0.0,0.0
9,9,2025-04-28,0,18,4,0.0,0.0,0.0,0.25,0.0,1.0
9,9,2025-05-05,1,19,5,0.0,0.0,1.0,0.25,4.0,0.0
9,9,2025-05-12,0,20,5,1.0,0.0,0.0,0.25,0.0,0.0
9,9,2025-05-19,0,21,5,0.0,1.0,0.0,0.25,0.0,0.0
9,9,2025-05-26,0,22,5,0.0,0.0,0.0,0.25,0.0,1.0
9,9,2025-06-02,1,23,6,0.0,0.0,1.0,0.25,4.0,0.0
9,9,2025-06-09,0,24,6,1.0,0.0,0.0,0.25,0.0,1.0
9,9,2025-06-16,1,25,6,0.0,1.0,0.0,0.25,4.0,1.0
9,9,2025-06-23,1,26,6,1.0,0.0,0.0,0.5,2.0,1.0
9,9,2025-06-30,1,27,6,1.0,1.0,1.0,0.75,1.3333333333333333,1.0
9,9,2025-07-07,1,28,7,1.0,1.0,0.0,0.75,1.3333333333333333,1.0
9,9,2025-07-14,1,29,7,1.0,1.0,1.0,1.0,1.0,0.0
9,9,2025-07-21,0,30,7,1.0,1.0,1.0,1.0,0.0,0.0
9,9,2025-07-28,0,31,7,0.0,1.0,1.0,0.75,0.0,0.0
9,9,2025-08-04,0,32,8,0.0,0.0,1.0,0.5,0.0,0.0
9,9,2025-08-11,0,33,8,0.0,0.0,1.0,0.25,0.0,0.0
9,9,2025-08-18,0,34,8,0.0,0.0,0.0,0.0,1.0,0.0
9,9,2025-08-25,0,35,8,0.0,0.0,0.0,0.0,1.0,0.0
9,9,2025-09-01,0,36,9,0.0,0.0,0.0,0.0,1.0,0.0
9,9,2025-09-08,0,37,9,0.0,0.0,0.0,0.0,1.0,1.0
9,9,2025-09-15,1,38,9,0.0,0.0,0.0,0.0,1.0,0.0
9,9,2025-09-22,0,39,9,1.0,0.0,0.0,0.25,0.0,0.0
9,9,2025-09-29,0,40,9,0.0,1.0,0.0,0.25,0.0,2.0
9,9,2025-10-06,2,41,10,0.0,0.0,0.0,0.25,8.0,0.0
9,9,2025-10-13,0,42,10,2.0,0.0,1.0,0.75,0.0,1.0
9,9,2025-10-20,1,43,10,0.0,2.0,0.0,0.5,2.0,1.0
9,9,2025-10-27,1,44,10,1.0,0.0,0.0,0.75,1.3333333333333333,0.0
9,9,2025-11-03,0,45,11,1.0,1.0,2.0,1.0,0.0,0.0
9,9,2025-11-10,0,46,11,0.0,1.0,0.0,0.5,0.0,1.0
9,9,2025-11-17,1,47,11,0.0,0.0,1.0,0.5,2.0,0.0
9,9,2025-11-24,0,48,11,1.0,0.0,1.0,0.5,0.0,1.0
9,9,2025-12-01,1,49,12,0.0,1.0,0.0,0.25,4.0,0.0
9,9,2025-12-08,0,50,12,1.0,0.0,0.0,0.5,0.0,1.0
9,9,2025-12-15,1,51,12,0.0,1.0,1.0,0.5,2.0,1.0
9,9,2025-12-22,1,52,12,1.0,0.0,0.0,0.5,2.0,3.0
9,9,2025-12-29,3,1,12,1.0,1.0,1.0,0.75,4.0,0.0
9,9,2026-01-05,0,2,1,3.0,1.0,0.0,1.25,0.0,1.0
9,9,2026-01-12,1,3,1,0.0,3.0,1.0,1.25,0.8,0.0
9,9,2026-01-19,0,4,1,1.0,0.0,1.0,1.25,0.0,1.0
9,9,2026-01-26,1,5,1,0.0,1.0,3.0,1.0,1.0,1.0
9,9,2026-02-02,1,6,2,1.0,0.0,0.0,0.5,2.0,0.0
9,9,2026-02-09,0,7,2,1.0,1.0,1.0,0.75,0.0,0.0
9,9,2026-02-16,0,8,2,0.0,1.0,0.0,0.5,0.0,0.0
9,9,2026-02-23,0,9,2,0.0,0.0,1.0,0.5,0.0,0.0
9,9,2026-03-02,0,10,3,0.0,0.0,1.0,0.25,0.0,1.0
9,9,2026-03-09,1,11,3,0.0,0.0,0.0,0.0,1.0,2.0
9,9,2026-03-16,2,12,3,1.0,0.0,0.0,0.25,8.0,0.0
9,9,2026-03-23,0,13,3,2.0,1.0,0.0,0.75,0.0,0.0
9,9,2026-03-30,0,14,3,0.0,2.0,0.0,0.75,0.0,0.0
9,9,2026-04-06,0,15,4,0.0,0.0,1.0,0.75,0.0,0.0
9,9,2026-04-13,0,16,4,0.0,0.0,2.0,0.5,0.0,0.0
9,9,2026-04-20,0,17,4,0.0,0.0,0.0,0.0,1.0,0.0
9,9,2026-04-27,0,18,4,0.0,0.0,0.0,0.0,1.0,1.0
9,9,2026-05-04,1,19,5,0.0,0.0,0.0,0.0,1.0,0.0
9,9,2026-05-11,0,20,5,1.0,0.0,0.0,0.25,0.0,2.0
9,9,2026-05-18,2,21,5,0.0,1.0,0.0,0.25,8.0,1.0
9,9,2026-05-25,1,22,5,2.0,0.0,0.0,0.75,1.3333333333333333,0.0
9,9,2026-06-01,0,23,6,1.0,2.0,1.0,1.0,0.0,2.0
9,9,2026-06-08,2,24,6,0.0,1.0,0.0,0.75,2.6666666666666665,1.0
9,9,2026-06-15,1,25,6,2.0,0.0,2.0,1.25,0.8,0.0
9,9,2026-06-22,0,26,6,1.0,2.0,1.0,1.0,0.0,0.0
9,10,2024-01-29,1,5,1,1.0,1.0,0.0,0.75,1.3333333333333333,0.0
9,10,2024-02-05,0,6,2,1.0,1.0,1.0,1.0,0.0,1.0
9,10,2024-02-12,1,7,2,0.0,1.0,1.0,0.75,1.3333333333333333,0.0
9,10,2024-02-19,0,8,2,1.0,0.0,1.0,0.75,0.0,1.0
9,10,2024-02-26,1,9,2,0.0,1.0,1.0,0.5,2.0,1.0
9,10,2024-03-04,1,10,3,1.0,0.0,0.0,0.5,2.0,0.0
9,10,2024-03-11,0,11,3,1.0,1.0,1.0,0.75,0.0,0.0
9,10,2024-03-18,0,12,3,0.0,1.0,0.0,0.5,0.0,1.0
9,10,2024-03-25,1,13,3,0.0,0.0,1.0,0.5,2.0,0.0
9,10,2024-04-01,0,14,4,1.0,0.0,1.0,0.5,0.0,0.0
9,10,2024-04-08,0,15,4,0.0,1.0,0.0,0.25,0.0,1.0
9,10,2024-04-15,1,16,4,0.0,0.0,0.0,0.25,4.0,0.0
9,10,2024-04-22,0,17,4,1.0,0.0,1.0,0.5,0.0,1.0
9,10,2024-04-29,1,18,4,0.0,1.0,0.0,0.25,4.0,0.0
9,10,2024-05-06,0,19,5,1.0,0.0,0.0,0.5,0.0,0.0
9,10,2024-05-13,0,20,5,0.0,1.0,1.0,0.5,0.0,0.0
9,10,2024-05-20,0,21,5,0.0,0.0,0.0,0.25,0.0,0.0
9,10,2024-05-27,0,22,5,0.0,0.0,1.0,0.25,0.0,0.0
9,10,2024-06-03,0,23,6,0.0,0.0,0.0,0.0,1.0,0.0
9,10,2024-06-10,0,24,6,0.0,0.0,0.0,0.0,1.0,0.0
9,10,2024-06-17,0,25,6,0.0,0.0,0.0,0.0,1.0,0.0
9,10,2024-06-24,0,26,6,0.0,0.0,0.0,0.0,1.0,1.0
9,10,2024-07-01,1,27,7,0.0,0.0,0.0,0.0,1.0,1.0
9,10,2024-07-08,1,28,7,1.0,0.0,0.0,0.25,4.0,0.0
9,10,2024-07-15,0,29,7,1.0,1.0,0.0,0.5,0.0,0.0
9,10,2024-07-22,0,30,7,0.0,1.0,0.0,0.5,0.0,0.0
9,10,2024-07-29,0,31,7,0.0,0.0,1.0,0.5,0.0,0.0
9,10,2024-08-05,0,32,8,0.0,0.0,1.0,0.25,0.0,1.0
9,10,2024-08-12,1,33,8,0.0,0.0,0.0,0.0,1.0,0.0
9,10,2024-08-19,0,34,8,1.0,0.0,0.0,0.25,0.0,0.0
9,10,2024-08-26,0,35,8,0.0,1.0,0.0,0.25,0.0,3.0
9,10,2024-09-02,3,36,9,0.0,0.0,0.0,0.25,12.0,0.0
9,10,2024-09-09,0,37,9,3.0,0.0,1.0,1.0,0.0,1.0
9,10,2024-09-16,1,38,9,0.0,3.0,0.0,0.75,1.3333333333333333,2.0
9,10,2024-09-23,2,39,9,1.0,0.0,0.0,1.0,2.0,0.0
9,10,2024-09-30,0,40,9,2.0,1.0,3.0,1.5,0.0,1.0
9,10,2024-10-07,1,41,10,0.0,2.0,0.0,0.75,1.3333333333333333,2.0
9,10,2024-10-14,2,42,10,1.0,0.0,1.0,1.0,2.0,0.0
9,10,2024-10-21,0,43,10,2.0,1.0,2.0,1.25,0.0,0.0
9,10,2024-10-28,0,44,10,0.0,2.0,0.0,0.75,0.0,1.0
9,10,2024-11-04,1,45,11,0.0,0.0,1.0,0.75,1.3333333333333333,1.0
9,10,2024-11-11,1,46,11,1.0,0.0,2.0,0.75,1.3333333333333333,0.0
9,10,2024-11-18,0,47,11,1.0,1.0,0.0,0.5,0.0,0.0
9,10,2024-11-25,0,48,11,0.0,1.0,0.0,0.5,0.0,0.0
9,10,2024-12-02,0,49,12,0.0,0.0,1.0,0.5,0.0,1.0
9,10,2024-12-09,1,50,12,0.0,0.0,1.0,0.25,4.0,0.0
9,10,2024-12-16,0,51,12,1.0,0.0,0.0,0.25,0.0,0.0
9,10,2024-12-23,0,52,12,0.0,1.0,0.0,0.25,0.0,0.0
9,10,2024-12-30,0,1,12,0.0,0.0,0.0,0.25,0.0,0.0
9,10,2025-01-06,0,2,1,0.0,0.0,1.0,0.25,0.0,0.0
9,10,2025-01-13,0,3,1,0.0,0.0,0.0,0.0,1.0,0.0
9,10,2025-01-20,0,4,1,0.0,0.0,0.0,0.0,1.0,2.0
9,10,2025-01-27,2,5,1,0.0,0.0,0.0,0.0,1.0,0.0
9,10,2025-02-03,0,6,2,2.0,0.0,0.0,0.5,0.0,1.0
9,10,2025-02-10,1,7,2,0.0,2.0,0.0,0.5,2.0,0.0
9,10,2025-02-17,0,8,2,1.0,0.0,0.0,0.75,0.0,0.0
9,10,2025-02-24,0,9,2,0.0,1.0,2.0,0.75,0.0,0.0
9,10,2025-03-03,0,10,3,0.0,0.0,0.0,0.25,0.0,3.0
9,10,2025-03-10,3,11,3,0.0,0.0,1.0,0.25,12.0,0.0
9,10,2025-03-17,0,12,3,3.0,0.0,0.0,0.75,0.0,1.0
9,10,2025-03-24,1,13,3,0.0,3.0,0.0,0.75,1.3333333333333333,0.0
9,10,2025-03-31,0,14,3,1.0,0.0,0.0,1.0,0.0,1.0
9,10,2025-04-07,1,15,4,0.0,1.0,3.0,1.0,1.0,0.0
9,10,2025-04-14,0,16,4,1.0,0.0,0.0,0.5,0.0,0.0
9,10,2025-04-21,0,17,4,0.0,1.0,1.0,0.5,0.0,0.0
9,10,2025-04-28,0,18,4,0.0,0.0,0.0,0.25,0.0,0.0
9,10,2025-05-05,0,19,5,0.0,0.0,1.0,0.25,0.0,0.0
9,10,2025-05-12,0,20,5,0.0,0.0,0.0,0.0,1.0,0.0
9,10,2025-05-19,0,21,5,0.0,0.0,0.0,0.0,1.0,0.0
9,10,2025-05-26,0,22,5,0.0,0.0,0.0,0.0,1.0,0.0
9,10,2025-06-02,0,23,6,0.0,0.0,0.0,0.0,1.0,2.0
9,10,2025-06-09,2,24,6,0.0,0.0,0.0,0.0,1.0,0.0
9,10,2025-06-16,0,25,6,2.0,0.0,0.0,0.5,0.0,0.0
9,10,2025-06-23,0,26,6,0.0,2.0,0.0,0.5,0.0,1.0
9,10,2025-06-30,1,27,6,0.0,0.0,0.0,0.5,2.0,1.0
9,10,2025-07-07,1,28,7,1.0,0.0,2.0,0.75,1.3333333333333333,0.0
9,10,2025-07-14,0,29,7,1.0,1.0,0.0,0.5,0.0,0.0
9,10,2025-07-21,0,30,7,0.0,1.0,0.0,0.5,0.0,0.0
9,10,2025-07-28,0,31,7,0.0,0.0,1.0,0.5,0.0,0.0
9,10,2025-08-04,0,32,8,0.0,0.0,1.0,0.25,0.0,0.0
9,10,2025-08-11,0,33,8,0.0,0.0,0.0,0.0,1.0,0.0
9,10,2025-08-18,0,34,8,0.0,0.0,0.0,0.0,1.0,0.0
9,10,2025-08-25,0,35,8,0.0,0.0,0.0,0.0,1.0,2.0
9,10,2025-09-01,2,36,9,0.0,0.0,0.0,0.0,1.0,0.0
9,10,2025-09-08,0,37,9,2.0,0.0,0.0,0.5,0.0,1.0
9,10,2025-09-15,1,38,9,0.0,2.0,0.0,0.5,2.0,0.0
9,10,2025-09-22,0,39,9,1.0,0.0,0.0,0.75,0.0,0.0
9,10,2025-09-29,0,40,9,0.0,1.0,2.0,0.75,0.0,0.0
9,10,2025-10-06,0,41,10,0.0,0.0,0.0,0.25,0.0,0.0
9,10,2025-10-13,0,42,10,0.0,0.0,1.0,0.25,0.0,0.0
9,10,2025-10-20,0,43,10,0.0,0.0,0.0,0.0,1.0,0.0
9,10,2025-10-27,0,44,10,0.0,0.0,0.0,0.0,1.0,0.0
9,10,2025-11-03,0,45,11,0.0,0.0,0.0,0.0,1.0,0.0
9,10,2025-11-10,0,46,11,0.0,0.0,0.0,0.0,1.0,0.0
9,10,2025-11-17,0,47,11,0.0,0.0,0.0,0.0,1.0,0.0
9,10,2025-11-24,0,48,11,0.0,0.0,0.0,0.0,1.0,0.0
9,10,2025-12-01,0,49,12,0.0,0.0,0.0,0.0,1.0,0.0
9,10,2025-12-08,0,50,12,0.0,0.0,0.0,0.0,1.0,1.0
9,10,2025-12-15,1,51,12,0.0,0.0,0.0,0.0,1.0,0.0
9,10,2025-12-22,0,52,12,1.0,0.0,0.0,0.25,0.0,1.0
9,10,2025-12-29,1,1,12,0.0,1.0,0.0,0.25,4.0,0.0
9,10,2026-01-05,0,2,1,1.0,0.0,0.0,0.5,0.0,0.0
9,10,2026-01-12,0,3,1,0.0,1.0,1.0,0.5,0.0,3.0
9,10,2026-01-19,3,4,1,0.0,0.0,0.0,0.25,12.0,0.0
9,10,2026-01-26,0,5,1,3.0,0.0,1.0,1.0,0.0,0.0
9,10,2026-02-02,0,6,2,0.0,3.0,0.0,0.75,0.0,1.0
9,10,2026-02-09,1,7,2,0.0,0.0,0.0,0.75,1.3333333333333333,0.0
9,10,2026-02-16,0,8,2,1.0,0.0,3.0,1.0,0.0,0.0
9,10,2026-02-23,0,9,2,0.0,1.0,0.0,0.25,0.0,0.0
9,10,2026-03-02,0,10,3,0.0,0.0,0.0,0.25,0.0,1.0
9,10,2026-03-09,1,11,3,0.0,0.0,1.0,0.25,4.0,0.0
9,10,2026-03-16,0,12,3,1.0,0.0,0.0,0.25,0.0,0.0
9,10,2026-03-23,0,13,3,0.0,1.0,0.0,0.25,0.0,1.0
9,10,2026-03-30,1,14,3,0.0,0.0,0.0,0.25,4.0,0.0
9,10,2026-04-06,0,15,4,1.0,0.0,1.0,0.5,0.0,0.0
9,10,2026-04-13,0,16,4,0.0,1.0,0.0,0.25,0.0,2.0
9,10,2026-04-20,2,17,4,0.0,0.0,0.0,0.25,8.0,1.0
9,10,2026-04-27,1,18,4,2.0,0.0,1.0,0.75,1.3333333333333333,0.0
9,10,2026-05-04,0,19,5,1.0,2.0,0.0,0.75,0.0,0.0
9,10,2026-05-11,0,20,5,0.0,1.0,0.0,0.75,0.0,0.0
9,10,2026-05-18,0,21,5,0.0,0.0,2.0,0.75,0.0,0.0
9,10,2026-05-25,0,22,5,0.0,0.0,1.0,0.25,0.0,0.0
9,10,2026-06-01,0,23,6,0.0,0.0,0.0,0.0,1.0,0.0
9,10,2026-06-08,0,24,6,0.0,0.0,0.0,0.0,1.0,0.0
9,10,2026-06-15,0,25,6,0.0,0.0,0.0,0.0,1.0,0.0
9,10,2026-06-22,0,26,6,0.0,0.0,0.0,0.0,1.0,0.0
9,11,2024-01-29,0,5,1,0.0,1.0,0.0,0.25,0.0,0.0
9,11,2024-02-05,0,6,2,0.0,0.0,0.0,0.25,0.0,1.0
9,11,2024-02-12,1,7,2,0.0,0.0,1.0,0.25,4.0,1.0
9,11,2024-02-19,1,8,2,1.0,0.0,0.0,0.25,4.0,0.0
9,11,2024-02-26,0,9,2,1.0,1.0,0.0,0.5,0.0,0.0
9,11,2024-03-04,0,10,3,0.0,1.0,0.0,0.5,0.0,1.0
9,11,2024-03-11,1,11,3,0.0,0.0,1.0,0.5,2.0,1.0
9,11,2024-03-18,1,12,3,1.0,0.0,1.0,0.5,2.0,0.0
9,11,2024-03-25,0,13,3,1.0,1.0,0.0,0.5,0.0,1.0
9,11,2024-04-01,1,14,4,0.0,1.0,0.0,0.5,2.0,0.0
9,11,2024-04-08,0,15,4,1.0,0.0,1.0,0.75,0.0,1.0
9,11,2024-04-15,1,16,4,0.0,1.0,1.0,0.5,2.0,1.0
9,11,2024-04-22,1,17,4,1.0,0.0,0.0,0.5,2.0,0.0
9,11,2024-04-29,0,18,4,1.0,1.0,1.0,0.75,0.0,0.0
9,11,2024-05-06,0,19,5,0.0,1.0,0.0,0.5,0.0,0.0
9,11,2024-05-13,0,20,5,0.0,0.0,1.0,0.5,0.0,0.0
9,11,2024-05-20,0,21,5,0.0,0.0,1.0,0.25,0.0,0.0
9,11,2024-05-27,0,22,5,0.0,0.0,0.0,0.0,1.0,1.0
9,11,2024-06-03,1,23,6,0.0,0.0,0.0,0.0,1.0,0.0
9,11,2024-06-10,0,24,6,1.0,0.0,0.0,0.25,0.0,0.0
9,11,2024-06-17,0,25,6,0.0,1.0,0.0,0.25,0.0,0.0
9,11,2024-06-24,0,26,6,0.0,0.0,0.0,0.25,0.0,0.0
9,11,2024-07-01,0,27,7,0.0,0.0,1.0,0.25,0.0,0.0
9,11,2024-07-08,0,28,7,0.0,0.0,0.0,0.0,1.0,0.0
9,11,2024-07-15,0,29,7,0.0,0.0,0.0,0.0,1.0,0.0
9,11,2024-07-22,0,30,7,0.0,0.0,0.0,0.0,1.0,1.0
9,11,2024-07-29,1,31,7,0.0,0.0,0.0,0.0,1.0,0.0
9,11,2024-08-05,0,32,8,1.0,0.0,0.0,0.25,0.0,1.0
9,11,2024-08-12,1,33,8,0.0,1.0,0.0,0.25,4.0,0.0
9,11,2024-08-19,0,34,8,1.0,0.0,0.0,0.5,0.0,0.0
9,11,2024-08-26,0,35,8,0.0,1.0,1.0,0.5,0.0,0.0
9,11,2024-09-02,0,36,9,0.0,0.0,0.0,0.25,0.0,0.0
9,11,2024-09-09,0,37,9,0.0,0.0,1.0,0.25,0.0,1.0
9,11,2024-09-16,1,38,9,0.0,0.0,0.0,0.0,1.0,0.0
9,11,2024-09-23,0,39,9,1.0,0.0,0.0,0.25,0.0,1.0
9,11,2024-09-30,1,40,9,0.0,1.0,0.0,0.25,4.0,0.0
9,11,2024-10-07,0,41,10,1.0,0.0,0.0,0.5,0.0,0.0
9,11,2024-10-14,0,42,10,0.0,1.0,1.0,0.5,0.0,1.0
9,11,2024-10-21,1,43,10,0.0,0.0,0.0,0.25,4.0,0.0
9,11,2024-10-28,0,44,10,1.0,0.0,1.0,0.5,0.0,0.0
9,11,2024-11-04,0,45,11,0.0,1.0,0.0,0.25,0.0,1.0
9,11,2024-11-11,1,46,11,0.0,0.0,0.0,0.25,4.0,0.0
9,11,2024-11-18,0,47,11,1.0,0.0,1.0,0.5,0.0,1.0
9,11,2024-11-25,1,48,11,0.0,1.0,0.0,0.25,4.0,3.0
9,11,2024-12-02,3,49,12,1.0,0.0,0.0,0.5,6.0,1.0
9,11,2024-12-09,1,50,12,3.0,1.0,1.0,1.25,0.8,0.0
9,11,2024-12-16,0,51,12,1.0,3.0,0.0,1.25,0.0,1.0
9,11,2024-12-23,1,52,12,0.0,1.0,1.0,1.25,0.8,0.0
9,11,2024-12-30,0,1,12,1.0,0.0,3.0,1.25,0.0,0.0
9,11,2025-01-06,0,2,1,0.0,1.0,1.0,0.5,0.0,1.0
9,11,2025-01-13,1,3,1,0.0,0.0,0.0,0.25,4.0,0.0
9,11,2025-01-20,0,4,1,1.0,0.0,1.0,0.5,0.0,0.0
9,11,2025-01-27,0,5,1,0.0,1.0,0.0,0.25,0.0,1.0
9,11,2025-02-03,1,6,2,0.0,0.0,0.0,0.25,4.0,0.0
9,11,2025-02-10,0,7,2,1.0,0.0,1.0,0.5,0.0,1.0
9,11,2025-02-17,1,8,2,0.0,1.0,0.0,0.25,4.0,0.0
9,11,2025-02-24,0,9,2,1.0,0.0,0.0,0.5,0.0,0.0
9,11,2025-03-03,0,10,3,0.0,1.0,1.0,0.5,0.0,0.0
9,11,2025-03-10,0,11,3,0.0,0.0,0.0,0.25,0.0,2.0
9,11,2025-03-17,2,12,3,0.0,0.0,1.0,0.25,8.0,0.0
9,11,2025-03-24,0,13,3,2.0,0.0,0.0,0.5,0.0,1.0
9,11,2025-03-31,1,14,3,0.0,2.0,0.0,0.5,2.0,0.0
9,11,2025-04-07,0,15,4,1.0,0.0,0.0,0.75,0.0,0.0
9,11,2025-04-14,0,16,4,0.0,1.0,2.0,0.75,0.0,0.0
9,11,2025-04-21,0,17,4,0.0,0.0,0.0,0.25,0.0,0.0
9,11,2025-04-28,0,18,4,0.0,0.0,1.0,0.25,0.0,0.0
9,11,2025-05-05,0,19,5,0.0,0.0,0.0,0.0,1.0,2.0
9,11,2025-05-12,2,20,5,0.0,0.0,0.0,0.0,1.0,0.0
9,11,2025-05-19,0,21,5,2.0,0.0,0.0,0.5,0.0,0.0
9,11,2025-05-26,0,22,5,0.0,2.0,0.0,0.5,0.0,1.0
9,11,2025-06-02,1,23,6,0.0,0.0,0.0,0.5,2.0,1.0
9,11,2025-06-09,1,24,6,1.0,0.0,2.0,0.75,1.3333333333333333,1.0
9,11,2025-06-16,1,25,6,1.0,1.0,0.0,0.5,2.0,0.0
9,11,2025-06-23,0,26,6,1.0,1.0,0.0,0.75,0.0,3.0
9,11,2025-06-30,3,27,6,0.0,1.0,1.0,0.75,4.0,1.0
9,11,2025-07-07,1,28,7,3.0,0.0,1.0,1.25,0.8,0.0
9,11,2025-07-14,0,29,7,1.0,3.0,1.0,1.25,0.0,0.0
9,11,2025-07-21,0,30,7,0.0,1.0,0.0,1.0,0.0,0.0
9,11,2025-07-28,0,31,7,0.0,0.0,3.0,1.0,0.0,1.0
9,11,2025-08-04,1,32,8,0.0,0.0,1.0,0.25,4.0,1.0
9,11,2025-08-11,1,33,8,1.0,0.0,0.0,0.25,4.0,0.0
9,11,2025-08-18,0,34,8,1.0,1.0,0.0,0.5,0.0,0.0
9,11,2025-08-25,0,35,8,0.0,1.0,0.0,0.5,0.0,0.0
9,11,2025-09-01,0,36,9,0.0,0.0,1.0,0.5,0.0,0.0
9,11,2025-09-08,0,37,9,0.0,0.0,1.0,0.25,0.0,0.0
9,11,2025-09-15,0,38,9,0.0,0.0,0.0,0.0,1.0,0.0
9,11,2025-09-22,0,39,9,0.0,0.0,0.0,0.0,1.0,0.0
9,11,2025-09-29,0,40,9,0.0,0.0,0.0,0.0,1.0,1.0
9,11,2025-10-06,1,41,10,0.0,0.0,0.0,0.0,1.0,0.0
9,11,2025-10-13,0,42,10,1.0,0.0,0.0,0.25,0.0,0.0
9,11,2025-10-20,0,43,10,0.0,1.0,0.0,0.25,0.0,0.0
9,11,2025-10-27,0,44,10,0.0,0.0,0.0,0.25,0.0,1.0
9,11,2025-11-03,1,45,11,0.0,0.0,1.0,0.25,4.0,1.0
9,11,2025-11-10,1,46,11,1.0,0.0,0.0,0.25,4.0,1.0
9,11,2025-11-17,1,47,11,1.0,1.0,0.0,0.5,2.0,0.0
9,11,2025-11-24,0,48,11,1.0,1.0,0.0,0.75,0.0,0.0
9,11,2025-12-01,0,49,12,0.0,1.0,1.0,0.75,0.0,0.0
9,11,2025-12-08,0,50,12,0.0,0.0,1.0,0.5,0.0,0.0
9,11,2025-12-15,0,51,12,0.0,0.0,1.0,0.25,0.0,1.0
9,11,2025-12-22,1,52,12,0.0,0.0,0.0,0.0,1.0,1.0
9,11,2025-12-29,1,1,12,1.0,0.0,0.0,0.25,4.0,1.0
9,11,2026-01-05,1,2,1,1.0,1.0,0.0,0.5,2.0,0.0
9,11,2026-01-12,0,3,1,1.0,1.0,0.0,0.75,0.0,2.0
9,11,2026-01-19,2,4,1,0.0,1.0,1.0,0.75,2.6666666666666665,2.0
9,11,2026-01-26,2,5,1,2.0,0.0,1.0,1.0,2.0,1.0
9,11,2026-02-02,1,6,2,2.0,2.0,1.0,1.25,0.8,1.0
9,11,2026-02-09,1,7,2,1.0,2.0,0.0,1.25,0.8,1.0
9,11,2026-02-16,1,8,2,1.0,1.0,2.0,1.5,0.6666666666666666,0.0
9,11,2026-02-23,0,9,2,1.0,1.0,2.0,1.25,0.0,1.0
9,11,2026-03-02,1,10,3,0.0,1.0,1.0,0.75,1.3333333333333333,0.0
9,11,2026-03-09,0,11,3,1.0,0.0,1.0,0.75,0.0,1.0
9,11,2026-03-16,1,12,3,0.0,1.0,1.0,0.5,2.0,0.0
9,11,2026-03-23,0,13,3,1.0,0.0,0.0,0.5,0.0,1.0
9,11,2026-03-30,1,14,3,0.0,1.0,1.0,0.5,2.0,0.0
9,11,2026-04-06,0,15,4,1.0,0.0,0.0,0.5,0.0,1.0
9,11,2026-04-13,1,16,4,0.0,1.0,1.0,0.5,2.0,2.0
9,11,2026-04-20,2,17,4,1.0,0.0,0.0,0.5,4.0,0.0
9,11,2026-04-27,0,18,4,2.0,1.0,1.0,1.0,0.0,0.0
9,11,2026-05-04,0,19,5,0.0,2.0,0.0,0.75,0.0,1.0
9,11,2026-05-11,1,20,5,0.0,0.0,1.0,0.75,1.3333333333333333,0.0
9,11,2026-05-18,0,21,5,1.0,0.0,2.0,0.75,0.0,0.0
9,11,2026-05-25,0,22,5,0.0,1.0,0.0,0.25,0.0,0.0
9,11,2026-06-01,0,23,6,0.0,0.0,0.0,0.25,0.0,0.0
9,11,2026-06-08,0,24,6,0.0,0.0,1.0,0.25,0.0,1.0
9,11,2026-06-15,1,25,6,0.0,0.0,0.0,0.0,1.0,1.0
9,11,2026-06-22,1,26,6,1.0,0.0,0.0,0.25,4.0,0.0
9,12,2024-01-29,0,5,1,0.0,0.0,0.0,0.0,1.0,2.0
9,12,2024-02-05,2,6,2,0.0,0.0,0.0,0.0,1.0,0.0
9,12,2024-02-12,0,7,2,2.0,0.0,0.0,0.5,0.0,0.0
9,12,2024-02-19,0,8,2,0.0,2.0,0.0,0.5,0.0,0.0
9,12,2024-02-26,0,9,2,0.0,0.0,0.0,0.5,0.0,1.0
9,12,2024-03-04,1,10,3,0.0,0.0,2.0,0.5,2.0,0.0
9,12,2024-03-11,0,11,3,1.0,0.0,0.0,0.25,0.0,0.0
9,12,2024-03-18,0,12,3,0.0,1.0,0.0,0.25,0.0,1.0
9,12,2024-03-25,1,13,3,0.0,0.0,0.0,0.25,4.0,1.0
9,12,2024-04-01,1,14,4,1.0,0.0,1.0,0.5,2.0,0.0
9,12,2024-04-08,0,15,4,1.0,1.0,0.0,0.5,0.0,0.0
9,12,2024-04-15,0,16,4,0.0,1.0,0.0,0.5,0.0,1.0
9,12,2024-04-22,1,17,4,0.0,0.0,1.0,0.5,2.0,0.0
9,12,2024-04-29,0,18,4,1.0,0.0,1.0,0.5,0.0,0.0
9,12,2024-05-06,0,19,5,0.0,1.0,0.0,0.25,0.0,0.0
9,12,2024-05-13,0,20,5,0.0,0.0,0.0,0.25,0.0,1.0
9,12,2024-05-20,1,21,5,0.0,0.0,1.0,0.25,4.0,0.0
9,12,2024-05-27,0,22,5,1.0,0.0,0.0,0.25,0.0,0.0
9,12,2024-06-03,0,23,6,0.0,1.0,0.0,0.25,0.0,1.0
9,12,2024-06-10,1,24,6,0.0,0.0,0.0,0.25,4.0,0.0
9,12,2024-06-17,0,25,6,1.0,0.0,1.0,0.5,0.0,0.0
9,12,2024-06-24,0,26,6,0.0,1.0,0.0,0.25,0.0,1.0
9,12,2024-07-01,1,27,7,0.0,0.0,0.0,0.25,4.0,1.0
9,12,2024-07-08,1,28,7,1.0,0.0,1.0,0.5,2.0,0.0
9,12,2024-07-15,0,29,7,1.0,1.0,0.0,0.5,0.0,0.0
9,12,2024-07-22,0,30,7,0.0,1.0,0.0,0.5,0.0,1.0
9,12,2024-07-29,1,31,7,0.0,0.0,1.0,0.5,2.0,1.0
9,12,2024-08-05,1,32,8,1.0,0.0,1.0,0.5,2.0,0.0
9,12,2024-08-12,0,33,8,1.0,1.0,0.0,0.5,0.0,0.0
9,12,2024-08-19,0,34,8,0.0,1.0,0.0,0.5,0.0,0.0
9,12,2024-08-26,0,35,8,0.0,0.0,1.0,0.5,0.0,1.0
9,12,2024-09-02,1,36,9,0.0,0.0,1.0,0.25,4.0,1.0
9,12,2024-09-09,1,37,9,1.0,0.0,0.0,0.25,4.0,1.0
9,12,2024-09-16,1,38,9,1.0,1.0,0.0,0.5,2.0,0.0
9,12,2024-09-23,0,39,9,1.0,1.0,0.0,0.75,0.0,0.0
9,12,2024-09-30,0,40,9,0.0,1.0,1.0,0.75,0.0,0.0
9,12,2024-10-07,0,41,10,0.0,0.0,1.0,0.5,0.0,0.0
9,12,2024-10-14,0,42,10,0.0,0.0,1.0,0.25,0.0,1.0
9,12,2024-10-21,1,43,10,0.0,0.0,0.0,0.0,1.0,0.0
9,12,2024-10-28,0,44,10,1.0,0.0,0.0,0.25,0.0,0.0
9,12,2024-11-04,0,45,11,0.0,1.0,0.0,0.25,0.0,0.0
9,12,2024-11-11,0,46,11,0.0,0.0,0.0,0.25,0.0,0.0
9,12,2024-11-18,0,47,11,0.0,0.0,1.0,0.25,0.0,1.0
9,12,2024-11-25,1,48,11,0.0,0.0,0.0,0.0,1.0,0.0
9,12,2024-12-02,0,49,12,1.0,0.0,0.0,0.25,0.0,1.0
9,12,2024-12-09,1,50,12,0.0,1.0,0.0,0.25,4.0,1.0
9,12,2024-12-16,1,51,12,1.0,0.0,0.0,0.5,2.0,1.0
9,12,2024-12-23,1,52,12,1.0,1.0,1.0,0.75,1.3333333333333333,0.0
9,12,2024-12-30,0,1,12,1.0,1.0,0.0,0.75,0.0,0.0
9,12,2025-01-06,0,2,1,0.0,1.0,1.0,0.75,0.0,0.0
9,12,2025-01-13,0,3,1,0.0,0.0,1.0,0.5,0.0,0.0
9,12,2025-01-20,0,4,1,0.0,0.0,1.0,0.25,0.0,0.0
9,12,2025-01-27,0,5,1,0.0,0.0,0.0,0.0,1.0,1.0
9,12,2025-02-03,1,6,2,0.0,0.0,0.0,0.0,1.0,0.0
9,12,2025-02-10,0,7,2,1.0,0.0,0.0,0.25,0.0,0.0
9,12,2025-02-17,0,8,2,0.0,1.0,0.0,0.25,0.0,1.0
9,12,2025-02-24,1,9,2,0.0,0.0,0.0,0.25,4.0,0.0
9,12,2025-03-03,0,10,3,1.0,0.0,1.0,0.5,0.0,0.0
9,12,2025-03-10,0,11,3,0.0,1.0,0.0,0.25,0.0,0.0
9,12,2025-03-17,0,12,3,0.0,0.0,0.0,0.25,0.0,0.0
9,12,2025-03-24,0,13,3,0.0,0.0,1.0,0.25,0.0,1.0
9,12,2025-03-31,1,14,3,0.0,0.0,0.0,0.0,1.0,0.0
9,12,2025-04-07,0,15,4,1.0,0.0,0.0,0.25,0.0,1.0
9,12,2025-04-14,1,16,4,0.0,1.0,0.0,0.25,4.0,0.0
9,12,2025-04-21,0,17,4,1.0,0.0,0.0,0.5,0.0,0.0
9,12,2025-04-28,0,18,4,0.0,1.0,1.0,0.5,0.0,0.0
9,12,2025-05-05,0,19,5,0.0,0.0,0.0,0.25,0.0,0.0
9,12,2025-05-12,0,20,5,0.0,0.0,1.0,0.25,0.0,0.0
9,12,2025-05-19,0,21,5,0.0,0.0,0.0,0.0,1.0,0.0
9,12,2025-05-26,0,22,5,0.0,0.0,0.0,0.0,1.0,0.0
9,12,2025-06-02,0,23,6,0.0,0.0,0.0,0.0,1.0,0.0
9,12,2025-06-09,0,24,6,0.0,0.0,0.0,0.0,1.0,0.0
9,12,2025-06-16,0,25,6,0.0,0.0,0.0,0.0,1.0,0.0
9,12,2025-06-23,0,26,6,0.0,0.0,0.0,0.0,1.0,0.0
9,12,2025-06-30,0,27,6,0.0,0.0,0.0,0.0,1.0,1.0
9,12,2025-07-07,1,28,7,0.0,0.0,0.0,0.0,1.0,0.0
9,12,2025-07-14,0,29,7,1.0,0.0,0.0,0.25,0.0,0.0
9,12,2025-07-21,0,30,7,0.0,1.0,0.0,0.25,0.0,1.0
9,12,2025-07-28,1,31,7,0.0,0.0,0.0,0.25,4.0,0.0
9,12,2025-08-04,0,32,8,1.0,0.0,1.0,0.5,0.0,0.0
9,12,2025-08-11,0,33,8,0.0,1.0,0.0,0.25,0.0,0.0
9,12,2025-08-18,0,34,8,0.0,0.0,0.0,0.25,0.0,0.0
9,12,2025-08-25,0,35,8,0.0,0.0,1.0,0.25,0.0,2.0
9,12,2025-09-01,2,36,9,0.0,0.0,0.0,0.0,1.0,0.0
9,12,2025-09-08,0,37,9,2.0,0.0,0.0,0.5,0.0,1.0
9,12,2025-09-15,1,38,9,0.0,2.0,0.0,0.5,2.0,1.0
9,12,2025-09-22,1,39,9,1.0,0.0,0.0,0.75,1.3333333333333333,0.0
9,12,2025-09-29,0,40,9,1.0,1.0,2.0,1.0,0.0,1.0
9,12,2025-10-06,1,41,10,0.0,1.0,0.0,0.5,2.0,0.0
9,12,2025-10-13,0,42,10,1.0,0.0,1.0,0.75,0.0,0.0
9,12,2025-10-20,0,43,10,0.0,1.0,1.0,0.5,0.0,0.0
9,12,2025-10-27,0,44,10,0.0,0.0,0.0,0.25,0.0,0.0
9,12,2025-11-03,0,45,11,0.0,0.0,1.0,0.25,0.0,1.0
9,12,2025-11-10,1,46,11,0.0,0.0,0.0,0.0,1.0,1.0
9,12,2025-11-17,1,47,11,1.0,0.0,0.0,0.25,4.0,0.0
9,12,2025-11-24,0,48,11,1.0,1.0,0.0,0.5,0.0,1.0
9,12,2025-12-01,1,49,12,0.0,1.0,0.0,0.5,2.0,3.0
9,12,2025-12-08,3,50,12,1.0,0.0,1.0,0.75,4.0,0.0
9,12,2025-12-15,0,51,12,3.0,1.0,1.0,1.25,0.0,0.0
9,12,2025-12-22,0,52,12,0.0,3.0,0.0,1.0,0.0,2.0
9,12,2025-12-29,2,1,12,0.0,0.0,1.0,1.0,2.0,1.0
9,12,2026-01-05,1,2,1,2.0,0.0,3.0,1.25,0.8,0.0
9,12,2026-01-12,0,3,1,1.0,2.0,0.0,0.75,0.0,0.0
9,12,2026-01-19,0,4,1,0.0,1.0,0.0,0.75,0.0,0.0
9,12,2026-01-26,0,5,1,0.0,0.0,2.0,0.75,0.0,1.0
9,12,2026-02-02,1,6,2,0.0,0.0,1.0,0.25,4.0,0.0
9,12,2026-02-09,0,7,2,1.0,0.0,0.0,0.25,0.0,0.0
9,12,2026-02-16,0,8,2,0.0,1.0,0.0,0.25,0.0,0.0
9,12,2026-02-23,0,9,2,0.0,0.0,0.0,0.25,0.0,2.0
9,12,2026-03-02,2,10,3,0.0,0.0,1.0,0.25,8.0,0.0
9,12,2026-03-09,0,11,3,2.0,0.0,0.0,0.5,0.0,0.0
9,12,2026-03-16,0,12,3,0.0,2.0,0.0,0.5,0.0,0.0
9,12,2026-03-23,0,13,3,0.0,0.0,0.0,0.5,0.0,1.0
9,12,2026-03-30,1,14,3,0.0,0.0,2.0,0.5,2.0,0.0
9,12,2026-04-06,0,15,4,1.0,0.0,0.0,0.25,0.0,0.0
9,12,2026-04-13,0,16,4,0.0,1.0,0.0,0.25,0.0,0.0
9,12,2026-04-20,0,17,4,0.0,0.0,0.0,0.25,0.0,1.0
9,12,2026-04-27,1,18,4,0.0,0.0,1.0,0.25,4.0,0.0
9,12,2026-05-04,0,19,5,1.0,0.0,0.0,0.25,0.0,0.0
9,12,2026-05-11,0,20,5,0.0,1.0,0.0,0.25,0.0,2.0
9,12,2026-05-18,2,21,5,0.0,0.0,0.0,0.25,8.0,0.0
9,12,2026-05-25,0,22,5,2.0,0.0,1.0,0.75,0.0,1.0
9,12,2026-06-01,1,23,6,0.0,2.0,0.0,0.5,2.0,0.0
9,12,2026-06-08,0,24,6,1.0,0.0,0.0,0.75,0.0,1.0
9,12,2026-06-15,1,25,6,0.0,1.0,2.0,0.75,1.3333333333333333,0.0
9,12,2026-06-22,0,26,6,1.0,0.0,0.0,0.5,0.0,0.0
9,13,2024-01-29,0,5,1,1.0,0.0,1.0,0.5,0.0,0.0
9,13,2024-02-05,0,6,2,0.0,1.0,0.0,0.25,0.0,0.0
9,13,2024-02-12,0,7,2,0.0,0.0,0.0,0.25,0.0,1.0
9,13,2024-02-19,1,8,2,0.0,0.0,1.0,0.25,4.0,0.0
9,13,2024-02-26,0,9,2,1.0,0.0,0.0,0.25,0.0,0.0
9,13,2024-03-04,0,10,3,0.0,1.0,0.0,0.25,0.0,0.0
9,13,2024-03-11,0,11,3,0.0,0.0,0.0,0.25,0.0,0.0
9,13,2024-03-18,0,12,3,0.0,0.0,1.0,0.25,0.0,2.0
9,13,2024-03-25,2,13,3,0.0,0.0,0.0,0.0,1.0,1.0
9,13,2024-04-01,1,14,4,2.0,0.0,0.0,0.5,2.0,0.0
9,13,2024-04-08,0,15,4,1.0,2.0,0.0,0.75,0.0,0.0
9,13,2024-04-15,0,16,4,0.0,1.0,0.0,0.75,0.0,0.0
9,13,2024-04-22,0,17,4,0.0,0.0,2.0,0.75,0.0,0.0
9,13,2024-04-29,0,18,4,0.0,0.0,1.0,0.25,0.0,0.0
9,13,2024-05-06,0,19,5,0.0,0.0,0.0,0.0,1.0,1.0
9,13,2024-05-13,1,20,5,0.0,0.0,0.0,0.0,1.0,1.0
9,13,2024-05-20,1,21,5,1.0,0.0,0.0,0.25,4.0,0.0
9,13,2024-05-27,0,22,5,1.0,1.0,0.0,0.5,0.0,0.0
9,13,2024-06-03,0,23,6,0.0,1.0,0.0,0.5,0.0,1.0
9,13,2024-06-10,1,24,6,0.0,0.0,1.0,0.5,2.0,1.0
9,13,2024-06-17,1,25,6,1.0,0.0,1.0,0.5,2.0,1.0
9,13,2024-06-24,1,26,6,1.0,1.0,0.0,0.5,2.0,1.0
9,13,2024-07-01,1,27,7,1.0,1.0,0.0,0.75,1.3333333333333333,2.0
9,13,2024-07-08,2,28,7,1.0,1.0,1.0,1.0,2.0,1.0
9,13,2024-07-15,1,29,7,2.0,1.0,1.0,1.25,0.8,0.0
9,13,2024-07-22,0,30,7,1.0,2.0,1.0,1.25,0.0,0.0
9,13,2024-07-29,0,31,7,0.0,1.0,1.0,1.0,0.0,2.0
9,13,2024-08-05,2,32,8,0.0,0.0,2.0,0.75,2.6666666666666665,1.0
9,13,2024-08-12,1,33,8,2.0,0.0,1.0,0.75,1.3333333333333333,1.0
9,13,2024-08-19,1,34,8,1.0,2.0,0.0,0.75,1.3333333333333333,0.0
9,13,2024-08-26,0,35,8,1.0,1.0,0.0,1.0,0.0,0.0
9,13,2024-09-02,0,36,9,0.0,1.0,2.0,1.0,0.0,0.0
9,13,2024-09-09,0,37,9,0.0,0.0,1.0,0.5,0.0,2.0
9,13,2024-09-16,2,38,9,0.0,0.0,1.0,0.25,8.0,1.0
9,13,2024-09-23,1,39,9,2.0,0.0,0.0,0.5,2.0,0.0
9,13,2024-09-30,0,40,9,1.0,2.0,0.0,0.75,0.0,1.0
9,13,2024-10-07,1,41,10,0.0,1.0,0.0,0.75,1.3333333333333333,1.0
9,13,2024-10-14,1,42,10,1.0,0.0,2.0,1.0,1.0,0.0
9,13,2024-10-21,0,43,10,1.0,1.0,1.0,0.75,0.0,0.0
9,13,2024-10-28,0,44,10,0.0,1.0,0.0,0.5,0.0,0.0
9,13,2024-11-04,0,45,11,0.0,0.0,1.0,0.5,0.0,0.0
9,13,2024-11-11,0,46,11,0.0,0.0,1.0,0.25,0.0,0.0
9,13,2024-11-18,0,47,11,0.0,0.0,0.0,0.0,1.0,0.0
9,13,2024-11-25,0,48,11,0.0,0.0,0.0,0.0,1.0,0.0
9,13,2024-12-02,0,49,12,0.0,0.0,0.0,0.0,1.0,0.0
9,13,2024-12-09,0,50,12,0.0,0.0,0.0,0.0,1.0,1.0
9,13,2024-12-16,1,51,12,0.0,0.0,0.0,0.0,1.0,0.0
9,13,2024-12-23,0,52,12,1.0,0.0,0.0,0.25,0.0,1.0
9,13,2024-12-30,1,1,12,0.0,1.0,0.0,0.25,4.0,1.0
9,13,2025-01-06,1,2,1,1.0,0.0,0.0,0.5,2.0,0.0
9,13,2025-01-13,0,3,1,1.0,1.0,1.0,0.75,0.0,0.0
9,13,2025-01-20,0,4,1,0.0,1.0,0.0,0.5,0.0,0.0
9,13,2025-01-27,0,5,1,0.0,0.0,1.0,0.5,0.0,0.0
9,13,2025-02-03,0,6,2,0.0,0.0,1.0,0.25,0.0,1.0
9,13,2025-02-10,1,7,2,0.0,0.0,0.0,0.0,1.0,2.0
9,13,2025-02-17,2,8,2,1.0,0.0,0.0,0.25,8.0,1.0
9,13,2025-02-24,1,9,2,2.0,1.0,0.0,0.75,1.3333333333333333,2.0
9,13,2025-03-03,2,10,3,1.0,2.0,0.0,1.0,2.0,0.0
9,13,2025-03-10,0,11,3,2.0,1.0,1.0,1.5,0.0,1.0
9,13,2025-03-17,1,12,3,0.0,2.0,2.0,1.25,0.8,2.0
9,13,2025-03-24,2,13,3,1.0,0.0,1.0,1.0,2.0,0.0
9,13,2025-03-31,0,14,3,2.0,1.0,2.0,1.25,0.0,0.0
9,13,2025-04-07,0,15,4,0.0,2.0,0.0,0.75,0.0,0.0
9,13,2025-04-14,0,16,4,0.0,0.0,1.0,0.75,0.0,1.0
9,13,2025-04-21,1,17,4,0.0,0.0,2.0,0.5,2.0,4.0
9,13,2025-04-28,4,18,4,1.0,0.0,0.0,0.25,16.0,1.0
9,13,2025-05-05,1,19,5,4.0,1.0,0.0,1.25,0.8,1.0
9,13,2025-05-12,1,20,5,1.0,4.0,0.0,1.5,0.6666666666666666,2.0
9,13,2025-05-19,2,21,5,1.0,1.0,1.0,1.75,1.1428571428571428,0.0
9,13,2025-05-26,0,22,5,2.0,1.0,4.0,2.0,0.0,0.0
9,13,2025-06-02,0,23,6,0.0,2.0,1.0,1.0,0.0,0.0
9,13,2025-06-09,0,24,6,0.0,0.0,1.0,0.75,0.0,0.0
9,13,2025-06-16,0,25,6,0.0,0.0,2.0,0.5,0.0,1.0
9,13,2025-06-23,1,26,6,0.0,0.0,0.0,0.0,1.0,0.0
9,13,2025-06-30,0,27,6,1.0,0.0,0.0,0.25,0.0,0.0
9,13,2025-07-07,0,28,7,0.0,1.0,0.0,0.25,0.0,2.0
9,13,2025-07-14,2,29,7,0.0,0.0,0.0,0.25,8.0,0.0
9,13,2025-07-21,0,30,7,2.0,0.0,1.0,0.75,0.0,0.0
9,13,2025-07-28,0,31,7,0.0,2.0,0.0,0.5,0.0,0.0
9,13,2025-08-04,0,32,8,0.0,0.0,0.0,0.5,0.0,0.0
9,13,2025-08-11,0,33,8,0.0,0.0,2.0,0.5,0.0,0.0
9,13,2025-08-18,0,34,8,0.0,0.0,0.0,0.0,1.0,0.0
9,13,2025-08-25,0,35,8,0.0,0.0,0.0,0.0,1.0,0.0
9,13,2025-09-01,0,36,9,0.0,0.0,0.0,0.0,1.0,0.0
9,13,2025-09-08,0,37,9,0.0,0.0,0.0,0.0,1.0,1.0
9,13,2025-09-15,1,38,9,0.0,0.0,0.0,0.0,1.0,0.0
9,13,2025-09-22,0,39,9,1.0,0.0,0.0,0.25,0.0,2.0
9,13,2025-09-29,2,40,9,0.0,1.0,0.0,0.25,8.0,0.0
9,13,2025-10-06,0,41,10,2.0,0.0,0.0,0.75,0.0,1.0
9,13,2025-10-13,1,42,10,0.0,2.0,1.0,0.75,1.3333333333333333,0.0
9,13,2025-10-20,0,43,10,1.0,0.0,0.0,0.75,0.0,0.0
9,13,2025-10-27,0,44,10,0.0,1.0,2.0,0.75,0.0,0.0
9,13,2025-11-03,0,45,11,0.0,0.0,0.0,0.25,0.0,0.0
9,13,2025-11-10,0,46,11,0.0,0.0,1.0,0.25,0.0,0.0
9,13,2025-11-17,0,47,11,0.0,0.0,0.0,0.0,1.0,1.0
9,13,2025-11-24,1,48,11,0.0,0.0,0.0,0.0,1.0,0.0
9,13,2025-12-01,0,49,12,1.0,0.0,0.0,0.25,0.0,2.0
9,13,2025-12-08,2,50,12,0.0,1.0,0.0,0.25,8.0,1.0
9,13,2025-12-15,1,51,12,2.0,0.0,0.0,0.75,1.3333333333333333,0.0
9,13,2025-12-22,0,52,12,1.0,2.0,1.0,1.0,0.0,1.0
9,13,2025-12-29,1,1,12,0.0,1.0,0.0,0.75,1.3333333333333333,0.0
9,13,2026-01-05,0,2,1,1.0,0.0,2.0,1.0,0.0,0.0
9,13,2026-01-12,0,3,1,0.0,1.0,1.0,0.5,0.0,1.0
9,13,2026-01-19,1,4,1,0.0,0.0,0.0,0.25,4.0,0.0
9,13,2026-01-26,0,5,1,1.0,0.0,1.0,0.5,0.0,0.0
9,13,2026-02-02,0,6,2,0.0,1.0,0.0,0.25,0.0,1.0
9,13,2026-02-09,1,7,2,0.0,0.0,0.0,0.25,4.0,2.0
9,13,2026-02-16,2,8,2,1.0,0.0,1.0,0.5,4.0,0.0
9,13,2026-02-23,0,9,2,2.0,1.0,0.0,0.75,0.0,0.0
9,13,2026-03-02,0,10,3,0.0,2.0,0.0,0.75,0.0,3.0
9,13,2026-03-09,3,11,3,0.0,0.0,1.0,0.75,4.0,0.0
9,13,2026-03-16,0,12,3,3.0,0.0,2.0,1.25,0.0,1.0
9,13,2026-03-23,1,13,3,0.0,3.0,0.0,0.75,1.3333333333333333,0.0
9,13,2026-03-30,0,14,3,1.0,0.0,0.0,1.0,0.0,0.0
9,13,2026-04-06,0,15,4,0.0,1.0,3.0,1.0,0.0,0.0
9,13,2026-04-13,0,16,4,0.0,0.0,0.0,0.25,0.0,1.0
9,13,2026-04-20,1,17,4,0.0,0.0,1.0,0.25,4.0,1.0
9,13,2026-04-27,1,18,4,1.0,0.0,0.0,0.25,4.0,0.0
9,13,2026-05-04,0,19,5,1.0,1.0,0.0,0.5,0.0,0.0
9,13,2026-05-11,0,20,5,0.0,1.0,0.0,0.5,0.0,0.0
9,13,2026-05-18,0,21,5,0.0,0.0,1.0,0.5,0.0,1.0
9,13,2026-05-25,1,22,5,0.0,0.0,1.0,0.25,4.0,0.0
9,13,2026-06-01,0,23,6,1.0,0.0,0.0,0.25,0.0,0.0
9,13,2026-06-08,0,24,6,0.0,1.0,0.0,0.25,0.0,1.0
9,13,2026-06-15,1,25,6,0.0,0.0,0.0,0.25,4.0,0.0
9,13,2026-06-22,0,26,6,1.0,0.0,1.0,0.5,0.0,0.0
9,14,2024-01-29,0,5,1,0.0,0.0,0.0,0.0,1.0,0.0
9,14,2024-02-05,0,6,2,0.0,0.0,0.0,0.0,1.0,0.0
9,14,2024-02-12,0,7,2,0.0,0.0,0.0,0.0,1.0,1.0
9,14,2024-02-19,1,8,2,0.0,0.0,0.0,0.0,1.0,0.0
9,14,2024-02-26,0,9,2,1.0,0.0,0.0,0.25,0.0,0.0
9,14,2024-03-04,0,10,3,0.0,1.0,0.0,0.25,0.0,0.0
9,14,2024-03-11,0,11,3,0.0,0.0,0.0,0.25,0.0,1.0
9,14,2024-03-18,1,12,3,0.0,0.0,1.0,0.25,4.0,0.0
9,14,2024-03-25,0,13,3,1.0,0.0,0.0,0.25,0.0,0.0
9,14,2024-04-01,0,14,4,0.0,1.0,0.0,0.25,0.0,4.0
9,14,2024-04-08,4,15,4,0.0,0.0,0.0,0.25,16.0,1.0
9,14,2024-04-15,1,16,4,4.0,0.0,1.0,1.25,0.8,1.0
9,14,2024-04-22,1,17,4,1.0,4.0,0.0,1.25,0.8,1.0
9,14,2024-04-29,1,18,4,1.0,1.0,0.0,1.5,0.6666666666666666,0.0
9,14,2024-05-06,0,19,5,1.0,1.0,4.0,1.75,0.0,0.0
9,14,2024-05-13,0,20,5,0.0,1.0,1.0,0.75,0.0,0.0
9,14,2024-05-20,0,21,5,0.0,0.0,1.0,0.5,0.0,0.0
9,14,2024-05-27,0,22,5,0.0,0.0,1.0,0.25,0.0,0.0
9,14,2024-06-03,0,23,6,0.0,0.0,0.0,0.0,1.0,0.0
9,14,2024-06-10,0,24,6,0.0,0.0,0.0,0.0,1.0,0.0
9,14,2024-06-17,0,25,6,0.0,0.0,0.0,0.0,1.0,0.0
9,14,2024-06-24,0,26,6,0.0,0.0,0.0,0.0,1.0,1.0
9,14,2024-07-01,1,27,7,0.0,0.0,0.0,0.0,1.0,0.0
9,14,2024-07-08,0,28,7,1.0,0.0,0.0,0.25,0.0,0.0
9,14,2024-07-15,0,29,7,0.0,1.0,0.0,0.25,0.0,0.0
9,14,2024-07-22,0,30,7,0.0,0.0,0.0,0.25,0.0,0.0
9,14,2024-07-29,0,31,7,0.0,0.0,1.0,0.25,0.0,0.0
9,14,2024-08-05,0,32,8,0.0,0.0,0.0,0.0,1.0,0.0
9,14,2024-08-12,0,33,8,0.0,0.0,0.0,0.0,1.0,0.0
9,14,2024-08-19,0,34,8,0.0,0.0,0.0,0.0,1.0,0.0
9,14,2024-08-26,0,35,8,0.0,0.0,0.0,0.0,1.0,1.0
9,14,2024-09-02,1,36,9,0.0,0.0,0.0,0.0,1.0,0.0
9,14,2024-09-09,0,37,9,1.0,0.0,0.0,0.25,0.0,0.0
9,14,2024-09-16,0,38,9,0.0,1.0,0.0,0.25,0.0,2.0
9,14,2024-09-23,2,39,9,0.0,0.0,0.0,0.25,8.0,2.0
9,14,2024-09-30,2,40,9,2.0,0.0,1.0,0.75,2.6666666666666665,1.0
9,14,2024-10-07,1,41,10,2.0,2.0,0.0,1.0,1.0,0.0
9,14,2024-10-14,0,42,10,1.0,2.0,0.0,1.25,0.0,0.0
9,14,2024-10-21,0,43,10,0.0,1.0,2.0,1.25,0.0,1.0
9,14,2024-10-28,1,44,10,0.0,0.0,2.0,0.75,1.3333333333333333,0.0
9,14,2024-11-04,0,45,11,1.0,0.0,1.0,0.5,0.0,1.0
9,14,2024-11-11,1,46,11,0.0,1.0,0.0,0.25,4.0,0.0
9,14,2024-11-18,0,47,11,1.0,0.0,0.0,0.5,0.0,0.0
9,14,2024-11-25,0,48,11,0.0,1.0,1.0,0.5,0.0,1.0
9,14,2024-12-02,1,49,12,0.0,0.0,0.0,0.25,4.0,0.0
9,14,2024-12-09,0,50,12,1.0,0.0,1.0,0.5,0.0,0.0
9,14,2024-12-16,0,51,12,0.0,1.0,0.0,0.25,0.0,0.0
9,14,2024-12-23,0,52,12,0.0,0.0,0.0,0.25,0.0,1.0
9,14,2024-12-30,1,1,12,0.0,0.0,1.0,0.25,4.0,0.0
9,14,2025-01-06,0,2,1,1.0,0.0,0.0,0.25,0.0,0.0
9,14,2025-01-13,0,3,1,0.0,1.0,0.0,0.25,0.0,1.0
9,14,2025-01-20,1,4,1,0.0,0.0,0.0,0.25,4.0,1.0
9,14,2025-01-27,1,5,1,1.0,0.0,1.0,0.5,2.0,0.0
9,14,2025-02-03,0,6,2,1.0,1.0,0.0,0.5,0.0,0.0
9,14,2025-02-10,0,7,2,0.0,1.0,0.0,0.5,0.0,1.0
9,14,2025-02-17,1,8,2,0.0,0.0,1.0,0.5,2.0,2.0
9,14,2025-02-24,2,9,2,1.0,0.0,1.0,0.5,4.0,1.0
9,14,2025-03-03,1,10,3,2.0,1.0,0.0,0.75,1.3333333333333333,1.0
9,14,2025-03-10,1,11,3,1.0,2.0,0.0,1.0,1.0,0.0
9,14,2025-03-17,0,12,3,1.0,1.0,1.0,1.25,0.0,0.0
9,14,2025-03-24,0,13,3,0.0,1.0,2.0,1.0,0.0,0.0
9,14,2025-03-31,0,14,3,0.0,0.0,1.0,0.5,0.0,1.0
9,14,2025-04-07,1,15,4,0.0,0.0,1.0,0.25,4.0,1.0
9,14,2025-04-14,1,16,4,1.0,0.0,0.0,0.25,4.0,0.0
9,14,2025-04-21,0,17,4,1.0,1.0,0.0,0.5,0.0,0.0
9,14,2025-04-28,0,18,4,0.0,1.0,0.0,0.5,0.0,1.0
9,14,2025-05-05,1,19,5,0.0,0.0,1.0,0.5,2.0,0.0
9,14,2025-05-12,0,20,5,1.0,0.0,1.0,0.5,0.0,1.0
9,14,2025-05-19,1,21,5,0.0,1.0,0.0,0.25,4.0,0.0
9,14,2025-05-26,0,22,5,1.0,0.0,0.0,0.5,0.0,1.0
9,14,2025-06-02,1,23,6,0.0,1.0,1.0,0.5,2.0,2.0
9,14,2025-06-09,2,24,6,1.0,0.0,0.0,0.5,4.0,0.0
9,14,2025-06-16,0,25,6,2.0,1.0,1.0,1.0,0.0,1.0
9,14,2025-06-23,1,26,6,0.0,2.0,0.0,0.75,1.3333333333333333,0.0
9,14,2025-06-30,0,27,6,1.0,0.0,1.0,1.0,0.0,0.0
9,14,2025-07-07,0,28,7,0.0,1.0,2.0,0.75,0.0,0.0
9,14,2025-07-14,0,29,7,0.0,0.0,0.0,0.25,0.0,0.0
9,14,2025-07-21,0,30,7,0.0,0.0,1.0,0.25,0.0,0.0
9,14,2025-07-28,0,31,7,0.0,0.0,0.0,0.0,1.0,0.0
9,14,2025-08-04,0,32,8,0.0,0.0,0.0,0.0,1.0,4.0
9,14,2025-08-11,4,33,8,0.0,0.0,0.0,0.0,1.0,0.0
9,14,2025-08-18,0,34,8,4.0,0.0,0.0,1.0,0.0,0.0
9,14,2025-08-25,0,35,8,0.0,4.0,0.0,1.0,0.0,1.0
9,14,2025-09-01,1,36,9,0.0,0.0,0.0,1.0,1.0,0.0
9,14,2025-09-08,0,37,9,1.0,0.0,4.0,1.25,0.0,1.0
9,14,2025-09-15,1,38,9,0.0,1.0,0.0,0.25,4.0,0.0
9,14,2025-09-22,0,39,9,1.0,0.0,0.0,0.5,0.0,1.0
9,14,2025-09-29,1,40,9,0.0,1.0,1.0,0.5,2.0,0.0
9,14,2025-10-06,0,41,10,1.0,0.0,0.0,0.5,0.0,0.0
9,14,2025-10-13,0,42,10,0.0,1.0,1.0,0.5,0.0,0.0
9,14,2025-10-20,0,43,10,0.0,0.0,0.0,0.25,0.0,0.0
9,14,2025-10-27,0,44,10,0.0,0.0,1.0,0.25,0.0,1.0
9,14,2025-11-03,1,45,11,0.0,0.0,0.0,0.0,1.0,0.0
9,14,2025-11-10,0,46,11,1.0,0.0,0.0,0.25,0.0,0.0
9,14,2025-11-17,0,47,11,0.0,1.0,0.0,0.25,0.0,0.0
9,14,2025-11-24,0,48,11,0.0,0.0,0.0,0.25,0.0,0.0
9,14,2025-12-01,0,49,12,0.0,0.0,1.0,0.25,0.0,0.0
9,14,2025-12-08,0,50,12,0.0,0.0,0.0,0.0,1.0,0.0
9,14,2025-12-15,0,51,12,0.0,0.0,0.0,0.0,1.0,0.0
9,14,2025-12-22,0,52,12,0.0,0.0,0.0,0.0,1.0,1.0
9,14,2025-12-29,1,1,12,0.0,0.0,0.0,0.0,1.0,0.0
9,14,2026-01-05,0,2,1,1.0,0.0,0.0,0.25,0.0,1.0
9,14,2026-01-12,1,3,1,0.0,1.0,0.0,0.25,4.0,0.0
9,14,2026-01-19,0,4,1,1.0,0.0,0.0,0.5,0.0,0.0
9,14,2026-01-26,0,5,1,0.0,1.0,1.0,0.5,0.0,2.0
9,14,2026-02-02,2,6,2,0.0,0.0,0.0,0.25,8.0,0.0
9,14,2026-02-09,0,7,2,2.0,0.0,1.0,0.75,0.0,0.0
9,14,2026-02-16,0,8,2,0.0,2.0,0.0,0.5,0.0,0.0
9,14,2026-02-23,0,9,2,0.0,0.0,0.0,0.5,0.0,0.0
9,14,2026-03-02,0,10,3,0.0,0.0,2.0,0.5,0.0,1.0
9,14,2026-03-09,1,11,3,0.0,0.0,0.0,0.0,1.0,0.0
9,14,2026-03-16,0,12,3,1.0,0.0,0.0,0.25,0.0,0.0
9,14,2026-03-23,0,13,3,0.0,1.0,0.0,0.25,0.0,0.0
9,14,2026-03-30,0,14,3,0.0,0.0,0.0,0.25,0.0,0.0
9,14,2026-04-06,0,15,4,0.0,0.0,1.0,0.25,0.0,0.0
9,14,2026-04-13,0,16,4,0.0,0.0,0.0,0.0,1.0,0.0
9,14,2026-04-20,0,17,4,0.0,0.0,0.0,0.0,1.0,1.0
9,14,2026-04-27,1,18,4,0.0,0.0,0.0,0.0,1.0,0.0
9,14,2026-05-04,0,19,5,1.0,0.0,0.0,0.25,0.0,0.0
9,14,2026-05-11,0,20,5,0.0,1.0,0.0,0.25,0.0,1.0
9,14,2026-05-18,1,21,5,0.0,0.0,0.0,0.25,4.0,1.0
9,14,2026-05-25,1,22,5,1.0,0.0,1.0,0.5,2.0,0.0
9,14,2026-06-01,0,23,6,1.0,1.0,0.0,0.5,0.0,0.0
9,14,2026-06-08,0,24,6,0.0,1.0,0.0,0.5,0.0,0.0
9,14,2026-06-15,0,25,6,0.0,0.0,1.0,0.5,0.0,0.0
9,14,2026-06-22,0,26,6,0.0,0.0,1.0,0.25,0.0,0.0
10,1,2024-01-29,0,5,1,0.0,1.0,0.0,0.25,0.0,0.0
10,1,2024-02-05,0,6,2,0.0,0.0,0.0,0.25,0.0,0.0
10,1,2024-02-12,0,7,2,0.0,0.0,1.0,0.25,0.0,0.0
10,1,2024-02-19,0,8,2,0.0,0.0,0.0,0.0,1.0,0.0
10,1,2024-02-26,0,9,2,0.0,0.0,0.0,0.0,1.0,3.0
10,1,2024-03-04,3,10,3,0.0,0.0,0.0,0.0,1.0,1.0
10,1,2024-03-11,1,11,3,3.0,0.0,0.0,0.75,1.3333333333333333,0.0
10,1,2024-03-18,0,12,3,1.0,3.0,0.0,1.0,0.0,0.0
10,1,2024-03-25,0,13,3,0.0,1.0,0.0,1.0,0.0,0.0
10,1,2024-04-01,0,14,4,0.0,0.0,3.0,1.0,0.0,0.0
10,1,2024-04-08,0,15,4,0.0,0.0,1.0,0.25,0.0,0.0
10,1,2024-04-15,0,16,4,0.0,0.0,0.0,0.0,1.0,1.0
10,1,2024-04-22,1,17,4,0.0,0.0,0.0,0.0,1.0,0.0
10,1,2024-04-29,0,18,4,1.0,0.0,0.0,0.25,0.0,0.0
10,1,2024-05-06,0,19,5,0.0,1.0,0.0,0.25,0.0,0.0
10,1,2024-05-13,0,20,5,0.0,0.0,0.0,0.25,0.0,0.0
10,1,2024-05-20,0,21,5,0.0,0.0,1.0,0.25,0.0,1.0
10,1,2024-05-27,1,22,5,0.0,0.0,0.0,0.0,1.0,0.0
10,1,2024-06-03,0,23,6,1.0,0.0,0.0,0.25,0.0,0.0
10,1,2024-06-10,0,24,6,0.0,1.0,0.0,0.25,0.0,1.0
10,1,2024-06-17,1,25,6,0.0,0.0,0.0,0.25,4.0,1.0
10,1,2024-06-24,1,26,6,1.0,0.0,1.0,0.5,2.0,0.0
10,1,2024-07-01,0,27,7,1.0,1.0,0.0,0.5,0.0,0.0
10,1,2024-07-08,0,28,7,0.0,1.0,0.0,0.5,0.0,0.0
10,1,2024-07-15,0,29,7,0.0,0.0,1.0,0.5,0.0,1.0
10,1,2024-07-22,1,30,7,0.0,0.0,1.0,0.25,4.0,0.0
10,1,2024-07-29,0,31,7,1.0,0.0,0.0,0.25,0.0,1.0
10,1,2024-08-05,1,32,8,0.0,1.0,0.0,0.25,4.0,0.0
10,1,2024-08-12,0,33,8,1.0,0.0,0.0,0.5,0.0,0.0
10,1,2024-08-19,0,34,8,0.0,1.0,1.0,0.5,0.0,1.0
10,1,2024-08-26,1,35,8,0.0,0.0,0.0,0.25,4.0,0.0
10,1,2024-09-02,0,36,9,1.0,0.0,1.0,0.5,0.0,0.0
10,1,2024-09-09,0,37,9,0.0,1.0,0.0,0.25,0.0,1.0
10,1,2024-09-16,1,38,9,0.0,0.0,0.0,0.25,4.0,0.0
10,1,2024-09-23,0,39,9,1.0,0.0,1.0,0.5,0.0,2.0
10,1,2024-09-30,2,40,9,0.0,1.0,0.0,0.25,8.0,1.0
10,1,2024-10-07,1,41,10,2.0,0.0,0.0,0.75,1.3333333333333333,0.0
10,1,2024-10-14,0,42,10,1.0,2.0,1.0,1.0,0.0,0.0
10,1,2024-10-21,0,43,10,0.0,1.0,0.0,0.75,0.0,0.0
10,1,2024-10-28,0,44,10,0.0,0.0,2.0,0.75,0.0,0.0
10,1,2024-11-04,0,45,11,0.0,0.0,1.0,0.25,0.0,0.0
10,1,2024-11-11,0,46,11,0.0,0.0,0.0,0.0,1.0,1.0
10,1,2024-11-18,1,47,11,0.0,0.0,0.0,0.0,1.0,0.0
10,1,2024-11-25,0,48,11,1.0,0.0,0.0,0.25,0.0,0.0
10,1,2024-12-02,0,49,12,0.0,1.0,0.0,0.25,0.0,0.0
10,1,2024-12-09,0,50,12,0.0,0.0,0.0,0.25,0.0,0.0
10,1,2024-12-16,0,51,12,0.0,0.0,1.0,0.25,0.0,1.0
10,1,2024-12-23,1,52,12,0.0,0.0,0.0,0.0,1.0,0.0
10,1,2024-12-30,0,1,12,1.0,0.0,0.0,0.25,0.0,1.0
10,1,2025-01-06,1,2,1,0.0,1.0,0.0,0.25,4.0,0.0
10,1,2025-01-13,0,3,1,1.0,0.0,0.0,0.5,0.0,1.0
10,1,2025-01-20,1,4,1,0.0,1.0,1.0,0.5,2.0,0.0
10,1,2025-01-27,0,5,1,1.0,0.0,0.0,0.5,0.0,1.0
10,1,2025-02-03,1,6,2,0.0,1.0,1.0,0.5,2.0,0.0
10,1,2025-02-10,0,7,2,1.0,0.0,0.0,0.5,0.0,1.0
10,1,2025-02-17,1,8,2,0.0,1.0,1.0,0.5,2.0,1.0
10,1,2025-02-24,1,9,2,1.0,0.0,0.0,0.5,2.0,0.0
10,1,2025-03-03,0,10,3,1.0,1.0,1.0,0.75,0.0,1.0
10,1,2025-03-10,1,11,3,0.0,1.0,0.0,0.5,2.0,0.0
10,1,2025-03-17,0,12,3,1.0,0.0,1.0,0.75,0.0,0.0
10,1,2025-03-24,0,13,3,0.0,1.0,1.0,0.5,0.0,0.0
10,1,2025-03-31,0,14,3,0.0,0.0,0.0,0.25,0.0,1.0
10,1,2025-04-07,1,15,4,0.0,0.0,1.0,0.25,4.0,1.0
10,1,2025-04-14,1,16,4,1.0,0.0,0.0,0.25,4.0,0.0
10,1,2025-04-21,0,17,4,1.0,1.0,0.0,0.5,0.0,0.0
10,1,2025-04-28,0,18,4,0.0,1.0,0.0,0.5,0.0,1.0
10,1,2025-05-05,1,19,5,0.0,0.0,1.0,0.5,2.0,1.0
10,1,2025-05-12,1,20,5,1.0,0.0,1.0,0.5,2.0,1.0
10,1,2025-05-19,1,21,5,1.0,1.0,0.0,0.5,2.0,1.0
10,1,2025-05-26,1,22,5,1.0,1.0,0.0,0.75,1.3333333333333333,1.0
10,1,2025-06-02,1,23,6,1.0,1.0,1.0,1.0,1.0,0.0
10,1,2025-06-09,0,24,6,1.0,1.0,1.0,1.0,0.0,3.0
10,1,2025-06-16,3,25,6,0.0,1.0,1.0,0.75,4.0,0.0
10,1,2025-06-23,0,26,6,3.0,0.0,1.0,1.25,0.0,0.0
10,1,2025-06-30,0,27,6,0.0,3.0,1.0,1.0,0.0,1.0
10,1,2025-07-07,1,28,7,0.0,0.0,0.0,0.75,1.3333333333333333,0.0
10,1,2025-07-14,0,29,7,1.0,0.0,3.0,1.0,0.0,0.0
10,1,2025-07-21,0,30,7,0.0,1.0,0.0,0.25,0.0,1.0
10,1,2025-07-28,1,31,7,0.0,0.0,0.0,0.25,4.0,0.0
10,1,2025-08-04,0,32,8,1.0,0.0,1.0,0.5,0.0,2.0
10,1,2025-08-11,2,33,8,0.0,1.0,0.0,0.25,8.0,0.0
10,1,2025-08-18,0,34,8,2.0,0.0,0.0,0.75,0.0,0.0
10,1,2025-08-25,0,35,8,0.0,2.0,1.0,0.75,0.0,0.0
10,1,2025-09-01,0,36,9,0.0,0.0,0.0,0.5,0.0,0.0
10,1,2025-09-08,0,37,9,0.0,0.0,2.0,0.5,0.0,1.0
10,1,2025-09-15,1,38,9,0.0,0.0,0.0,0.0,1.0,0.0
10,1,2025-09-22,0,39,9,1.0,0.0,0.0,0.25,0.0,0.0
10,1,2025-09-29,0,40,9,0.0,1.0,0.0,0.25,0.0,1.0
10,1,2025-10-06,1,41,10,0.0,0.0,0.0,0.25,4.0,0.0
10,1,2025-10-13,0,42,10,1.0,0.0,1.0,0.5,0.0,0.0
10,1,2025-10-20,0,43,10,0.0,1.0,0.0,0.25,0.0,0.0
10,1,2025-10-27,0,44,10,0.0,0.0,0.0,0.25,0.0,1.0
10,1,2025-11-03,1,45,11,0.0,0.0,1.0,0.25,4.0,1.0
10,1,2025-11-10,1,46,11,1.0,0.0,0.0,0.25,4.0,0.0
10,1,2025-11-17,0,47,11,1.0,1.0,0.0,0.5,0.0,0.0
10,1,2025-11-24,0,48,11,0.0,1.0,0.0,0.5,0.0,1.0
10,1,2025-12-01,1,49,12,0.0,0.0,1.0,0.5,2.0,2.0
10,1,2025-12-08,2,50,12,1.0,0.0,1.0,0.5,4.0,0.0
10,1,2025-12-15,0,51,12,2.0,1.0,0.0,0.75,0.0,1.0
10,1,2025-12-22,1,52,12,0.0,2.0,0.0,0.75,1.3333333333333333,2.0
10,1,2025-12-29,2,1,12,1.0,0.0,1.0,1.0,2.0,0.0
10,1,2026-01-05,0,2,1,2.0,1.0,2.0,1.25,0.0,2.0
10,1,2026-01-12,2,3,1,0.0,2.0,0.0,0.75,2.6666666666666665,0.0
10,1,2026-01-19,0,4,1,2.0,0.0,1.0,1.25,0.0,0.0
10,1,2026-01-26,0,5,1,0.0,2.0,2.0,1.0,0.0,0.0
10,1,2026-02-02,0,6,2,0.0,0.0,0.0,0.5,0.0,1.0
10,1,2026-02-09,1,7,2,0.0,0.0,2.0,0.5,2.0,3.0
10,1,2026-02-16,3,8,2,1.0,0.0,0.0,0.25,12.0,0.0
10,1,2026-02-23,0,9,2,3.0,1.0,0.0,1.0,0.0,0.0
10,1,2026-03-02,0,10,3,0.0,3.0,0.0,1.0,0.0,1.0
10,1,2026-03-09,1,11,3,0.0,0.0,1.0,1.0,1.0,0.0
10,1,2026-03-16,0,12,3,1.0,0.0,3.0,1.0,0.0,0.0
10,1,2026-03-23,0,13,3,0.0,1.0,0.0,0.25,0.0,2.0
10,1,2026-03-30,2,14,3,0.0,0.0,0.0,0.25,8.0,1.0
10,1,2026-04-06,1,15,4,2.0,0.0,1.0,0.75,1.3333333333333333,0.0
10,1,2026-04-13,0,16,4,1.0,2.0,0.0,0.75,0.0,0.0
10,1,2026-04-20,0,17,4,0.0,1.0,0.0,0.75,0.0,0.0
10,1,2026-04-27,0,18,4,0.0,0.0,2.0,0.75,0.0,1.0
10,1,2026-05-04,1,19,5,0.0,0.0,1.0,0.25,4.0,1.0
10,1,2026-05-11,1,20,5,1.0,0.0,0.0,0.25,4.0,1.0
10,1,2026-05-18,1,21,5,1.0,1.0,0.0,0.5,2.0,0.0
10,1,2026-05-25,0,22,5,1.0,1.0,0.0,0.75,0.0,0.0
10,1,2026-06-01,0,23,6,0.0,1.0,1.0,0.75,0.0,0.0
10,1,2026-06-08,0,24,6,0.0,0.0,1.0,0.5,0.0,3.0
10,1,2026-06-15,3,25,6,0.0,0.0,1.0,0.25,12.0,0.0
10,1,2026-06-22,0,26,6,3.0,0.0,0.0,0.75,0.0,0.0
10,2,2024-01-29,0,5,1,1.0,1.0,0.0,0.5,0.0,1.0
10,2,2024-02-05,1,6,2,0.0,1.0,0.0,0.5,2.0,0.0
10,2,2024-02-12,0,7,2,1.0,0.0,1.0,0.75,0.0,0.0
10,2,2024-02-19,0,8,2,0.0,1.0,1.0,0.5,0.0,0.0
10,2,2024-02-26,0,9,2,0.0,0.0,0.0,0.25,0.0,0.0
10,2,2024-03-04,0,10,3,0.0,0.0,1.0,0.25,0.0,0.0
10,2,2024-03-11,0,11,3,0.0,0.0,0.0,0.0,1.0,0.0
10,2,2024-03-18,0,12,3,0.0,0.0,0.0,0.0,1.0,0.0
10,2,2024-03-25,0,13,3,0.0,0.0,0.0,0.0,1.0,0.0
10,2,2024-04-01,0,14,4,0.0,0.0,0.0,0.0,1.0,0.0
10,2,2024-04-08,0,15,4,0.0,0.0,0.0,0.0,1.0,1.0
10,2,2024-04-15,1,16,4,0.0,0.0,0.0,0.0,1.0,1.0
10,2,2024-04-22,1,17,4,1.0,0.0,0.0,0.25,4.0,1.0
10,2,2024-04-29,1,18,4,1.0,1.0,0.0,0.5,2.0,0.0
10,2,2024-05-06,0,19,5,1.0,1.0,0.0,0.75,0.0,0.0
10,2,2024-05-13,0,20,5,0.0,1.0,1.0,0.75,0.0,0.0
10,2,2024-05-20,0,21,5,0.0,0.0,1.0,0.5,0.0,0.0
10,2,2024-05-27,0,22,5,0.0,0.0,1.0,0.25,0.0,1.0
10,2,2024-06-03,1,23,6,0.0,0.0,0.0,0.0,1.0,1.0
10,2,2024-06-10,1,24,6,1.0,0.0,0.0,0.25,4.0,0.0
10,2,2024-06-17,0,25,6,1.0,1.0,0.0,0.5,0.0,0.0
10,2,2024-06-24,0,26,6,0.0,1.0,0.0,0.5,0.0,0.0
10,2,2024-07-01,0,27,7,0.0,0.0,1.0,0.5,0.0,0.0
10,2,2024-07-08,0,28,7,0.0,0.0,1.0,0.25,0.0,0.0
10,2,2024-07-15,0,29,7,0.0,0.0,0.0,0.0,1.0,0.0
10,2,2024-07-22,0,30,7,0.0,0.0,0.0,0.0,1.0,0.0
10,2,2024-07-29,0,31,7,0.0,0.0,0.0,0.0,1.0,3.0
10,2,2024-08-05,3,32,8,0.0,0.0,0.0,0.0,1.0,0.0
10,2,2024-08-12,0,33,8,3.0,0.0,0.0,0.75,0.0,0.0
10,2,2024-08-19,0,34,8,0.0,3.0,0.0,0.75,0.0,0.0
10,2,2024-08-26,0,35,8,0.0,0.0,0.0,0.75,0.0,0.0
10,2,2024-09-02,0,36,9,0.0,0.0,3.0,0.75,0.0,0.0
10,2,2024-09-09,0,37,9,0.0,0.0,0.0,0.0,1.0,0.0
10,2,2024-09-16,0,38,9,0.0,0.0,0.0,0.0,1.0,1.0
10,2,2024-09-23,1,39,9,0.0,0.0,0.0,0.0,1.0,1.0
10,2,2024-09-30,1,40,9,1.0,0.0,0.0,0.25,4.0,0.0
10,2,2024-10-07,0,41,10,1.0,1.0,0.0,0.5,0.0,0.0
10,2,2024-10-14,0,42,10,0.0,1.0,0.0,0.5,0.0,1.0
10,2,2024-10-21,1,43,10,0.0,0.0,1.0,0.5,2.0,1.0
10,2,2024-10-28,1,44,10,1.0,0.0,1.0,0.5,2.0,0.0
10,2,2024-11-04,0,45,11,1.0,1.0,0.0,0.5,0.0,0.0
10,2,2024-11-11,0,46,11,0.0,1.0,0.0,0.5,0.0,0.0
10,2,2024-11-18,0,47,11,0.0,0.0,1.0,0.5,0.0,1.0
10,2,2024-11-25,1,48,11,0.0,0.0,1.0,0.25,4.0,0.0
10,2,2024-12-02,0,49,12,1.0,0.0,0.0,0.25,0.0,0.0
10,2,2024-12-09,0,50,12,0.0,1.0,0.0,0.25,0.0,0.0
10,2,2024-12-16,0,51,12,0.0,0.0,0.0,0.25,0.0,0.0
10,2,2024-12-23,0,52,12,0.0,0.0,1.0,0.25,0.0,0.0
10,2,2024-12-30,0,1,12,0.0,0.0,0.0,0.0,1.0,2.0
10,2,2025-01-06,2,2,1,0.0,0.0,0.0,0.0,1.0,1.0
10,2,2025-01-13,1,3,1,2.0,0.0,0.0,0.5,2.0,1.0
10,2,2025-01-20,1,4,1,1.0,2.0,0.0,0.75,1.3333333333333333,1.0
10,2,2025-01-27,1,5,1,1.0,1.0,0.0,1.0,1.0,0.0
10,2,2025-02-03,0,6,2,1.0,1.0,2.0,1.25,0.0,0.0
10,2,2025-02-10,0,7,2,0.0,1.0,1.0,0.75,0.0,0.0
10,2,2025-02-17,0,8,2,0.0,0.0,1.0,0.5,0.0,0.0
10,2,2025-02-24,0,9,2,0.0,0.0,1.0,0.25,0.0,0.0
10,2,2025-03-03,0,10,3,0.0,0.0,0.0,0.0,1.0,0.0
10,2,2025-03-10,0,11,3,0.0,0.0,0.0,0.0,1.0,1.0
10,2,2025-03-17,1,12,3,0.0,0.0,0.0,0.0,1.0,0.0
10,2,2025-03-24,0,13,3,1.0,0.0,0.0,0.25,0.0,0.0
10,2,2025-03-31,0,14,3,0.0,1.0,0.0,0.25,0.0,0.0
10,2,2025-04-07,0,15,4,0.0,0.0,0.0,0.25,0.0,0.0
10,2,2025-04-14,0,16,4,0.0,0.0,1.0,0.25,0.0,0.0
10,2,2025-04-21,0,17,4,0.0,0.0,0.0,0.0,1.0,0.0
10,2,2025-04-28,0,18,4,0.0,0.0,0.0,0.0,1.0,1.0
10,2,2025-05-05,1,19,5,0.0,0.0,0.0,0.0,1.0,1.0
10,2,2025-05-12,1,20,5,1.0,0.0,0.0,0.25,4.0,1.0
10,2,2025-05-19,1,21,5,1.0,1.0,0.0,0.5,2.0,1.0
10,2,2025-05-26,1,22,5,1.0,1.0,0.0,0.75,1.3333333333333333,2.0
10,2,2025-06-02,2,23,6,1.0,1.0,1.0,1.0,2.0,0.0
10,2,2025-06-09,0,24,6,2.0,1.0,1.0,1.25,0.0,0.0
10,2,2025-06-16,0,25,6,0.0,2.0,1.0,1.0,0.0,2.0
10,2,2025-06-23,2,26,6,0.0,0.0,1.0,0.75,2.6666666666666665,0.0
10,2,2025-06-30,0,27,6,2.0,0.0,2.0,1.0,0.0,0.0
10,2,2025-07-07,0,28,7,0.0,2.0,0.0,0.5,0.0,0.0
10,2,2025-07-14,0,29,7,0.0,0.0,0.0,0.5,0.0,0.0
10,2,2025-07-21,0,30,7,0.0,0.0,2.0,0.5,0.0,0.0
10,2,2025-07-28,0,31,7,0.0,0.0,0.0,0.0,1.0,0.0
10,2,2025-08-04,0,32,8,0.0,0.0,0.0,0.0,1.0,0.0
10,2,2025-08-11,0,33,8,0.0,0.0,0.0,0.0,1.0,1.0
10,2,2025-08-18,1,34,8,0.0,0.0,0.0,0.0,1.0,0.0
10,2,2025-08-25,0,35,8,1.0,0.0,0.0,0.25,0.0,0.0
10,2,2025-09-01,0,36,9,0.0,1.0,0.0,0.25,0.0,0.0
10,2,2025-09-08,0,37,9,0.0,0.0,0.0,0.25,0.0,0.0
10,2,2025-09-15,0,38,9,0.0,0.0,1.0,0.25,0.0,1.0
10,2,2025-09-22,1,39,9,0.0,0.0,0.0,0.0,1.0,1.0
10,2,2025-09-29,1,40,9,1.0,0.0,0.0,0.25,4.0,1.0
10,2,2025-10-06,1,41,10,1.0,1.0,0.0,0.5,2.0,1.0
10,2,2025-10-13,1,42,10,1.0,1.0,0.0,0.75,1.3333333333333333,0.0
10,2,2025-10-20,0,43,10,1.0,1.0,1.0,1.0,0.0,0.0
10,2,2025-10-27,0,44,10,0.0,1.0,1.0,0.75,0.0,0.0
10,2,2025-11-03,0,45,11,0.0,0.0,1.0,0.5,0.0,0.0
10,2,2025-11-10,0,46,11,0.0,0.0,1.0,0.25,0.0,1.0
10,2,2025-11-17,1,47,11,0.0,0.0,0.0,0.0,1.0,1.0
10,2,2025-11-24,1,48,11,1.0,0.0,0.0,0.25,4.0,0.0
10,2,2025-12-01,0,49,12,1.0,1.0,0.0,0.5,0.0,0.0
10,2,2025-12-08,0,50,12,0.0,1.0,0.0,0.5,0.0,0.0
10,2,2025-12-15,0,51,12,0.0,0.0,1.0,0.5,0.0,0.0
10,2,2025-12-22,0,52,12,0.0,0.0,1.0,0.25,0.0,0.0
10,2,2025-12-29,0,1,12,0.0,0.0,0.0,0.0,1.0,1.0
10,2,2026-01-05,1,2,1,0.0,0.0,0.0,0.0,1.0,0.0
10,2,2026-01-12,0,3,1,1.0,0.0,0.0,0.25,0.0,1.0
10,2,2026-01-19,1,4,1,0.0,1.0,0.0,0.25,4.0,0.0
10,2,2026-01-26,0,5,1,1.0,0.0,0.0,0.5,0.0,1.0
10,2,2026-02-02,1,6,2,0.0,1.0,1.0,0.5,2.0,0.0
10,2,2026-02-09,0,7,2,1.0,0.0,0.0,0.5,0.0,1.0
10,2,2026-02-16,1,8,2,0.0,1.0,1.0,0.5,2.0,1.0
10,2,2026-02-23,1,9,2,1.0,0.0,0.0,0.5,2.0,0.0
10,2,2026-03-02,0,10,3,1.0,1.0,1.0,0.75,0.0,0.0
10,2,2026-03-09,0,11,3,0.0,1.0,0.0,0.5,0.0,0.0
10,2,2026-03-16,0,12,3,0.0,0.0,1.0,0.5,0.0,0.0
10,2,2026-03-23,0,13,3,0.0,0.0,1.0,0.25,0.0,0.0
10,2,2026-03-30,0,14,3,0.0,0.0,0.0,0.0,1.0,0.0
10,2,2026-04-06,0,15,4,0.0,0.0,0.0,0.0,1.0,2.0
10,2,2026-04-13,2,16,4,0.0,0.0,0.0,0.0,1.0,1.0
10,2,2026-04-20,1,17,4,2.0,0.0,0.0,0.5,2.0,0.0
10,2,2026-04-27,0,18,4,1.0,2.0,0.0,0.75,0.0,0.0
10,2,2026-05-04,0,19,5,0.0,1.0,0.0,0.75,0.0,2.0
10,2,2026-05-11,2,20,5,0.0,0.0,2.0,0.75,2.6666666666666665,0.0
10,2,2026-05-18,0,21,5,2.0,0.0,1.0,0.75,0.0,1.0
10,2,2026-05-25,1,22,5,0.0,2.0,0.0,0.5,2.0,0.0
10,2,2026-06-01,0,23,6,1.0,0.0,0.0,0.75,0.0,1.0
10,2,2026-06-08,1,24,6,0.0,1.0,2.0,0.75,1.3333333333333333,2.0
10,2,2026-06-15,2,25,6,1.0,0.0,0.0,0.5,4.0,0.0
10,2,2026-06-22,0,26,6,2.0,1.0,1.0,1.0,0.0,0.0
10,3,2024-01-29,1,5,1,2.0,0.0,0.0,0.5,2.0,0.0
10,3,2024-02-05,0,6,2,1.0,2.0,0.0,0.75,0.0,0.0
10,3,2024-02-12,0,7,2,0.0,1.0,0.0,0.75,0.0,1.0
10,3,2024-02-19,1,8,2,0.0,0.0,2.0,0.75,1.3333333333333333,1.0
10,3,2024-02-26,1,9,2,1.0,0.0,1.0,0.5,2.0,0.0
10,3,2024-03-04,0,10,3,1.0,1.0,0.0,0.5,0.0,0.0
10,3,2024-03-11,0,11,3,0.0,1.0,0.0,0.5,0.0,0.0
10,3,2024-03-18,0,12,3,0.0,0.0,1.0,0.5,0.0,1.0
10,3,2024-03-25,1,13,3,0.0,0.0,1.0,0.25,4.0,0.0
10,3,2024-04-01,0,14,4,1.0,0.0,0.0,0.25,0.0,1.0
10,3,2024-04-08,1,15,4,0.0,1.0,0.0,0.25,4.0,0.0
10,3,2024-04-15,0,16,4,1.0,0.0,0.0,0.5,0.0,1.0
10,3,2024-04-22,1,17,4,0.0,1.0,1.0,0.5,2.0,0.0
10,3,2024-04-29,0,18,4,1.0,0.0,0.0,0.5,0.0,1.0
10,3,2024-05-06,1,19,5,0.0,1.0,1.0,0.5,2.0,1.0
10,3,2024-05-13,1,20,5,1.0,0.0,0.0,0.5,2.0,0.0
10,3,2024-05-20,0,21,5,1.0,1.0,1.0,0.75,0.0,1.0
10,3,2024-05-27,1,22,5,0.0,1.0,0.0,0.5,2.0,0.0
10,3,2024-06-03,0,23,6,1.0,0.0,1.0,0.75,0.0,1.0
10,3,2024-06-10,1,24,6,0.0,1.0,1.0,0.5,2.0,1.0
10,3,2024-06-17,1,25,6,1.0,0.0,0.0,0.5,2.0,0.0
10,3,2024-06-24,0,26,6,1.0,1.0,1.0,0.75,0.0,0.0
10,3,2024-07-01,0,27,7,0.0,1.0,0.0,0.5,0.0,0.0
10,3,2024-07-08,0,28,7,0.0,0.0,1.0,0.5,0.0,0.0
10,3,2024-07-15,0,29,7,0.0,0.0,1.0,0.25,0.0,1.0
10,3,2024-07-22,1,30,7,0.0,0.0,0.0,0.0,1.0,0.0
10,3,2024-07-29,0,31,7,1.0,0.0,0.0,0.25,0.0,1.0
10,3,2024-08-05,1,32,8,0.0,1.0,0.0,0.25,4.0,2.0
10,3,2024-08-12,2,33,8,1.0,0.0,0.0,0.5,4.0,0.0
10,3,2024-08-19,0,34,8,2.0,1.0,1.0,1.0,0.0,1.0
10,3,2024-08-26,1,35,8,0.0,2.0,0.0,0.75,1.3333333333333333,0.0
10,3,2024-09-02,0,36,9,1.0,0.0,1.0,1.0,0.0,0.0
10,3,2024-09-09,0,37,9,0.0,1.0,2.0,0.75,0.0,0.0
10,3,2024-09-16,0,38,9,0.0,0.0,0.0,0.25,0.0,1.0
10,3,2024-09-23,1,39,9,0.0,0.0,1.0,0.25,4.0,1.0
10,3,2024-09-30,1,40,9,1.0,0.0,0.0,0.25,4.0,0.0
10,3,2024-10-07,0,41,10,1.0,1.0,0.0,0.5,0.0,0.0
10,3,2024-10-14,0,42,10,0.0,1.0,0.0,0.5,0.0,1.0
10,3,2024-10-21,1,43,10,0.0,0.0,1.0,0.5,2.0,0.0
10,3,2024-10-28,0,44,10,1.0,0.0,1.0,0.5,0.0,2.0
10,3,2024-11-04,2,45,11,0.0,1.0,0.0,0.25,8.0,1.0
10,3,2024-11-11,1,46,11,2.0,0.0,0.0,0.75,1.3333333333333333,0.0
10,3,2024-11-18,0,47,11,1.0,2.0,1.0,1.0,0.0,0.0
10,3,2024-11-25,0,48,11,0.0,1.0,0.0,0.75,0.0,2.0
10,3,2024-12-02,2,49,12,0.0,0.0,2.0,0.75,2.6666666666666665,1.0
10,3,2024-12-09,1,50,12,2.0,0.0,1.0,0.75,1.3333333333333333,1.0
10,3,2024-12-16,1,51,12,1.0,2.0,0.0,0.75,1.3333333333333333,0.0
10,3,2024-12-23,0,52,12,1.0,1.0,0.0,1.0,0.0,1.0
10,3,2024-12-30,1,1,12,0.0,1.0,2.0,1.0,1.0,1.0
10,3,2025-01-06,1,2,1,1.0,0.0,1.0,0.75,1.3333333333333333,0.0
10,3,2025-01-13,0,3,1,1.0,1.0,1.0,0.75,0.0,1.0
10,3,2025-01-20,1,4,1,0.0,1.0,0.0,0.5,2.0,2.0
10,3,2025-01-27,2,5,1,1.0,0.0,1.0,0.75,2.6666666666666665,1.0
10,3,2025-02-03,1,6,2,2.0,1.0,1.0,1.0,1.0,0.0
10,3,2025-02-10,0,7,2,1.0,2.0,0.0,1.0,0.0,0.0
10,3,2025-02-17,0,8,2,0.0,1.0,1.0,1.0,0.0,0.0
10,3,2025-02-24,0,9,2,0.0,0.0,2.0,0.75,0.0,1.0
10,3,2025-03-03,1,10,3,0.0,0.0,1.0,0.25,4.0,1.0
10,3,2025-03-10,1,11,3,1.0,0.0,0.0,0.25,4.0,0.0
10,3,2025-03-17,0,12,3,1.0,1.0,0.0,0.5,0.0,0.0
10,3,2025-03-24,0,13,3,0.0,1.0,0.0,0.5,0.0,1.0
10,3,2025-03-31,1,14,3,0.0,0.0,1.0,0.5,2.0,0.0
10,3,2025-04-07,0,15,4,1.0,0.0,1.0,0.5,0.0,0.0
10,3,2025-04-14,0,16,4,0.0,1.0,0.0,0.25,0.0,0.0
10,3,2025-04-21,0,17,4,0.0,0.0,0.0,0.25,0.0,2.0
10,3,2025-04-28,2,18,4,0.0,0.0,1.0,0.25,8.0,0.0
10,3,2025-05-05,0,19,5,2.0,0.0,0.0,0.5,0.0,0.0
10,3,2025-05-12,0,20,5,0.0,2.0,0.0,0.5,0.0,0.0
10,3,2025-05-19,0,21,5,0.0,0.0,0.0,0.5,0.0,0.0
10,3,2025-05-26,0,22,5,0.0,0.0,2.0,0.5,0.0,0.0
10,3,2025-06-02,0,23,6,0.0,0.0,0.0,0.0,1.0,0.0
10,3,2025-06-09,0,24,6,0.0,0.0,0.0,0.0,1.0,0.0
10,3,2025-06-16,0,25,6,0.0,0.0,0.0,0.0,1.0,0.0
10,3,2025-06-23,0,26,6,0.0,0.0,0.0,0.0,1.0,1.0
10,3,2025-06-30,1,27,6,0.0,0.0,0.0,0.0,1.0,0.0
10,3,2025-07-07,0,28,7,1.0,0.0,0.0,0.25,0.0,0.0
10,3,2025-07-14,0,29,7,0.0,1.0,0.0,0.25,0.0,0.0
10,3,2025-07-21,0,30,7,0.0,0.0,0.0,0.25,0.0,0.0
10,3,2025-07-28,0,31,7,0.0,0.0,1.0,0.25,0.0,1.0
10,3,2025-08-04,1,32,8,0.0,0.0,0.0,0.0,1.0,0.0
10,3,2025-08-11,0,33,8,1.0,0.0,0.0,0.25,0.0,1.0
10,3,2025-08-18,1,34,8,0.0,1.0,0.0,0.25,4.0,0.0
10,3,2025-08-25,0,35,8,1.0,0.0,0.0,0.5,0.0,0.0
10,3,2025-09-01,0,36,9,0.0,1.0,1.0,0.5,0.0,0.0
10,3,2025-09-08,0,37,9,0.0,0.0,0.0,0.25,0.0,0.0
10,3,2025-09-15,0,38,9,0.0,0.0,1.0,0.25,0.0,0.0
10,3,2025-09-22,0,39,9,0.0,0.0,0.0,0.0,1.0,1.0
10,3,2025-09-29,1,40,9,0.0,0.0,0.0,0.0,1.0,0.0
10,3,2025-10-06,0,41,10,1.0,0.0,0.0,0.25,0.0,1.0
10,3,2025-10-13,1,42,10,0.0,1.0,0.0,0.25,4.0,0.0
10,3,2025-10-20,0,43,10,1.0,0.0,0.0,0.5,0.0,0.0
10,3,2025-10-27,0,44,10,0.0,1.0,1.0,0.5,0.0,0.0
10,3,2025-11-03,0,45,11,0.0,0.0,0.0,0.25,0.0,0.0
10,3,2025-11-10,0,46,11,0.0,0.0,1.0,0.25,0.0,0.0
10,3,2025-11-17,0,47,11,0.0,0.0,0.0,0.0,1.0,0.0
10,3,2025-11-24,0,48,11,0.0,0.0,0.0,0.0,1.0,1.0
10,3,2025-12-01,1,49,12,0.0,0.0,0.0,0.0,1.0,0.0
10,3,2025-12-08,0,50,12,1.0,0.0,0.0,0.25,0.0,1.0
10,3,2025-12-15,1,51,12,0.0,1.0,0.0,0.25,4.0,1.0
10,3,2025-12-22,1,52,12,1.0,0.0,0.0,0.5,2.0,0.0
10,3,2025-12-29,0,1,12,1.0,1.0,1.0,0.75,0.0,0.0
10,3,2026-01-05,0,2,1,0.0,1.0,0.0,0.5,0.0,0.0
10,3,2026-01-12,0,3,1,0.0,0.0,1.0,0.5,0.0,1.0
10,3,2026-01-19,1,4,1,0.0,0.0,1.0,0.25,4.0,1.0
10,3,2026-01-26,1,5,1,1.0,0.0,0.0,0.25,4.0,1.0
10,3,2026-02-02,1,6,2,1.0,1.0,0.0,0.5,2.0,0.0
10,3,2026-02-09,0,7,2,1.0,1.0,0.0,0.75,0.0,0.0
10,3,2026-02-16,0,8,2,0.0,1.0,1.0,0.75,0.0,0.0
10,3,2026-02-23,0,9,2,0.0,0.0,1.0,0.5,0.0,0.0
10,3,2026-03-02,0,10,3,0.0,0.0,1.0,0.25,0.0,1.0
10,3,2026-03-09,1,11,3,0.0,0.0,0.0,0.0,1.0,0.0
10,3,2026-03-16,0,12,3,1.0,0.0,0.0,0.25,0.0,0.0
10,3,2026-03-23,0,13,3,0.0,1.0,0.0,0.25,0.0,0.0
10,3,2026-03-30,0,14,3,0.0,0.0,0.0,0.25,0.0,0.0
10,3,2026-04-06,0,15,4,0.0,0.0,1.0,0.25,0.0,0.0
10,3,2026-04-13,0,16,4,0.0,0.0,0.0,0.0,1.0,2.0
10,3,2026-04-20,2,17,4,0.0,0.0,0.0,0.0,1.0,0.0
10,3,2026-04-27,0,18,4,2.0,0.0,0.0,0.5,0.0,0.0
10,3,2026-05-04,0,19,5,0.0,2.0,0.0,0.5,0.0,0.0
10,3,2026-05-11,0,20,5,0.0,0.0,0.0,0.5,0.0,1.0
10,3,2026-05-18,1,21,5,0.0,0.0,2.0,0.5,2.0,1.0
10,3,2026-05-25,1,22,5,1.0,0.0,0.0,0.25,4.0,0.0
10,3,2026-06-01,0,23,6,1.0,1.0,0.0,0.5,0.0,0.0
10,3,2026-06-08,0,24,6,0.0,1.0,0.0,0.5,0.0,0.0
10,3,2026-06-15,0,25,6,0.0,0.0,1.0,0.5,0.0,0.0
10,3,2026-06-22,0,26,6,0.0,0.0,1.0,0.25,0.0,0.0
10,4,2024-01-29,0,5,1,1.0,0.0,2.0,0.75,0.0,1.0
10,4,2024-02-05,1,6,2,0.0,1.0,0.0,0.25,4.0,0.0
10,4,2024-02-12,0,7,2,1.0,0.0,0.0,0.5,0.0,0.0
10,4,2024-02-19,0,8,2,0.0,1.0,1.0,0.5,0.0,0.0
10,4,2024-02-26,0,9,2,0.0,0.0,0.0,0.25,0.0,0.0
10,4,2024-03-04,0,10,3,0.0,0.0,1.0,0.25,0.0,0.0
10,4,2024-03-11,0,11,3,0.0,0.0,0.0,0.0,1.0,0.0
10,4,2024-03-18,0,12,3,0.0,0.0,0.0,0.0,1.0,0.0
10,4,2024-03-25,0,13,3,0.0,0.0,0.0,0.0,1.0,1.0
10,4,2024-04-01,1,14,4,0.0,0.0,0.0,0.0,1.0,0.0
10,4,2024-04-08,0,15,4,1.0,0.0,0.0,0.25,0.0,0.0
10,4,2024-04-15,0,16,4,0.0,1.0,0.0,0.25,0.0,0.0
10,4,2024-04-22,0,17,4,0.0,0.0,0.0,0.25,0.0,0.0
10,4,2024-04-29,0,18,4,0.0,0.0,1.0,0.25,0.0,0.0
10,4,2024-05-06,0,19,5,0.0,0.0,0.0,0.0,1.0,1.0
10,4,2024-05-13,1,20,5,0.0,0.0,0.0,0.0,1.0,1.0
10,4,2024-05-20,1,21,5,1.0,0.0,0.0,0.25,4.0,2.0
10,4,2024-05-27,2,22,5,1.0,1.0,0.0,0.5,4.0,1.0
10,4,2024-06-03,1,23,6,2.0,1.0,0.0,1.0,1.0,0.0
10,4,2024-06-10,0,24,6,1.0,2.0,1.0,1.25,0.0,0.0
10,4,2024-06-17,0,25,6,0.0,1.0,1.0,1.0,0.0,1.0
10,4,2024-06-24,1,26,6,0.0,0.0,2.0,0.75,1.3333333333333333,0.0
10,4,2024-07-01,0,27,7,1.0,0.0,1.0,0.5,0.0,1.0
10,4,2024-07-08,1,28,7,0.0,1.0,0.0,0.25,4.0,0.0
10,4,2024-07-15,0,29,7,1.0,0.0,0.0,0.5,0.0,0.0
10,4,2024-07-22,0,30,7,0.0,1.0,1.0,0.5,0.0,0.0
10,4,2024-07-29,0,31,7,0.0,0.0,0.0,0.25,0.0,0.0
10,4,2024-08-05,0,32,8,0.0,0.0,1.0,0.25,0.0,0.0
10,4,2024-08-12,0,33,8,0.0,0.0,0.0,0.0,1.0,1.0
10,4,2024-08-19,1,34,8,0.0,0.0,0.0,0.0,1.0,0.0
10,4,2024-08-26,0,35,8,1.0,0.0,0.0,0.25,0.0,1.0
10,4,2024-09-02,1,36,9,0.0,1.0,0.0,0.25,4.0,0.0
10,4,2024-09-09,0,37,9,1.0,0.0,0.0,0.5,0.0,0.0
10,4,2024-09-16,0,38,9,0.0,1.0,1.0,0.5,0.0,0.0
10,4,2024-09-23,0,39,9,0.0,0.0,0.0,0.25,0.0,1.0
10,4,2024-09-30,1,40,9,0.0,0.0,1.0,0.25,4.0,1.0
10,4,2024-10-07,1,41,10,1.0,0.0,0.0,0.25,4.0,1.0
10,4,2024-10-14,1,42,10,1.0,1.0,0.0,0.5,2.0,0.0
10,4,2024-10-21,0,43,10,1.0,1.0,0.0,0.75,0.0,1.0
10,4,2024-10-28,1,44,10,0.0,1.0,1.0,0.75,1.3333333333333333,0.0
10,4,2024-11-04,0,45,11,1.0,0.0,1.0,0.75,0.0,1.0
10,4,2024-11-11,1,46,11,0.0,1.0,1.0,0.5,2.0,0.0
10,4,2024-11-18,0,47,11,1.0,0.0,0.0,0.5,0.0,1.0
10,4,2024-11-25,1,48,11,0.0,1.0,1.0,0.5,2.0,1.0
10,4,2024-12-02,1,49,12,1.0,0.0,0.0,0.5,2.0,1.0
10,4,2024-12-09,1,50,12,1.0,1.0,1.0,0.75,1.3333333333333333,1.0
10,4,2024-12-16,1,51,12,1.0,1.0,0.0,0.75,1.3333333333333333,0.0
10,4,2024-12-23,0,52,12,1.0,1.0,1.0,1.0,0.0,0.0
10,4,2024-12-30,0,1,12,0.0,1.0,1.0,0.75,0.0,0.0
10,4,2025-01-06,0,2,1,0.0,0.0,1.0,0.5,0.0,1.0
10,4,2025-01-13,1,3,1,0.0,0.0,1.0,0.25,4.0,0.0
10,4,2025-01-20,0,4,1,1.0,0.0,0.0,0.25,0.0,0.0
10,4,2025-01-27,0,5,1,0.0,1.0,0.0,0.25,0.0,1.0
10,4,2025-02-03,1,6,2,0.0,0.0,0.0,0.25,4.0,1.0
10,4,2025-02-10,1,7,2,1.0,0.0,1.0,0.5,2.0,0.0
10,4,2025-02-17,0,8,2,1.0,1.0,0.0,0.5,0.0,1.0
10,4,2025-02-24,1,9,2,0.0,1.0,0.0,0.5,2.0,0.0
10,4,2025-03-03,0,10,3,1.0,0.0,1.0,0.75,0.0,0.0
10,4,2025-03-10,0,11,3,0.0,1.0,1.0,0.5,0.0,0.0
10,4,2025-03-17,0,12,3,0.0,0.0,0.0,0.25,0.0,0.0
10,4,2025-03-24,0,13,3,0.0,0.0,1.0,0.25,0.0,1.0
10,4,2025-03-31,1,14,3,0.0,0.0,0.0,0.0,1.0,1.0
10,4,2025-04-07,1,15,4,1.0,0.0,0.0,0.25,4.0,2.0
10,4,2025-04-14,2,16,4,1.0,1.0,0.0,0.5,4.0,0.0
10,4,2025-04-21,0,17,4,2.0,1.0,0.0,1.0,0.0,0.0
10,4,2025-04-28,0,18,4,0.0,2.0,1.0,1.0,0.0,1.0
10,4,2025-05-05,1,19,5,0.0,0.0,1.0,0.75,1.3333333333333333,1.0
10,4,2025-05-12,1,20,5,1.0,0.0,2.0,0.75,1.3333333333333333,1.0
10,4,2025-05-19,1,21,5,1.0,1.0,0.0,0.5,2.0,1.0
10,4,2025-05-26,1,22,5,1.0,1.0,0.0,0.75,1.3333333333333333,0.0
10,4,2025-06-02,0,23,6,1.0,1.0,1.0,1.0,0.0,0.0
10,4,2025-06-09,0,24,6,0.0,1.0,1.0,0.75,0.0,1.0
10,4,2025-06-16,1,25,6,0.0,0.0,1.0,0.5,2.0,0.0
10,4,2025-06-23,0,26,6,1.0,0.0,1.0,0.5,0.0,0.0
10,4,2025-06-30,0,27,6,0.0,1.0,0.0,0.25,0.0,1.0
10,4,2025-07-07,1,28,7,0.0,0.0,0.0,0.25,4.0,0.0
10,4,2025-07-14,0,29,7,1.0,0.0,1.0,0.5,0.0,0.0
10,4,2025-07-21,0,30,7,0.0,1.0,0.0,0.25,0.0,0.0
10,4,2025-07-28,0,31,7,0.0,0.0,0.0,0.25,0.0,1.0
10,4,2025-08-04,1,32,8,0.0,0.0,1.0,0.25,4.0,0.0
10,4,2025-08-11,0,33,8,1.0,0.0,0.0,0.25,0.0,1.0
10,4,2025-08-18,1,34,8,0.0,1.0,0.0,0.25,4.0,0.0
10,4,2025-08-25,0,35,8,1.0,0.0,0.0,0.5,0.0,3.0
10,4,2025-09-01,3,36,9,0.0,1.0,1.0,0.5,6.0,1.0
10,4,2025-09-08,1,37,9,3.0,0.0,0.0,1.0,1.0,0.0
10,4,2025-09-15,0,38,9,1.0,3.0,1.0,1.25,0.0,0.0
10,4,2025-09-22,0,39,9,0.0,1.0,0.0,1.0,0.0,0.0
10,4,2025-09-29,0,40,9,0.0,0.0,3.0,1.0,0.0,0.0
10,4,2025-10-06,0,41,10,0.0,0.0,1.0,0.25,0.0,0.0
10,4,2025-10-13,0,42,10,0.0,0.0,0.0,0.0,1.0,1.0
10,4,2025-10-20,1,43,10,0.0,0.0,0.0,0.0,1.0,0.0
10,4,2025-10-27,0,44,10,1.0,0.0,0.0,0.25,0.0,0.0
10,4,2025-11-03,0,45,11,0.0,1.0,0.0,0.25,0.0,2.0
10,4,2025-11-10,2,46,11,0.0,0.0,0.0,0.25,8.0,1.0
10,4,2025-11-17,1,47,11,2.0,0.0,1.0,0.75,1.3333333333333333,0.0
10,4,2025-11-24,0,48,11,1.0,2.0,0.0,0.75,0.0,1.0
10,4,2025-12-01,1,49,12,0.0,1.0,0.0,0.75,1.3333333333333333,0.0
10,4,2025-12-08,0,50,12,1.0,0.0,2.0,1.0,0.0,1.0
10,4,2025-12-15,1,51,12,0.0,1.0,1.0,0.5,2.0,0.0
10,4,2025-12-22,0,52,12,1.0,0.0,0.0,0.5,0.0,0.0
10,4,2025-12-29,0,1,12,0.0,1.0,1.0,0.5,0.0,0.0
10,4,2026-01-05,0,2,1,0.0,0.0,0.0,0.25,0.0,1.0
10,4,2026-01-12,1,3,1,0.0,0.0,1.0,0.25,4.0,1.0
10,4,2026-01-19,1,4,1,1.0,0.0,0.0,0.25,4.0,0.0
10,4,2026-01-26,0,5,1,1.0,1.0,0.0,0.5,0.0,0.0
10,4,2026-02-02,0,6,2,0.0,1.0,0.0,0.5,0.0,0.0
10,4,2026-02-09,0,7,2,0.0,0.0,1.0,0.5,0.0,0.0
10,4,2026-02-16,0,8,2,0.0,0.0,1.0,0.25,0.0,0.0
10,4,2026-02-23,0,9,2,0.0,0.0,0.0,0.0,1.0,0.0
10,4,2026-03-02,0,10,3,0.0,0.0,0.0,0.0,1.0,1.0
10,4,2026-03-09,1,11,3,0.0,0.0,0.0,0.0,1.0,0.0
10,4,2026-03-16,0,12,3,1.0,0.0,0.0,0.25,0.0,1.0
10,4,2026-03-23,1,13,3,0.0,1.0,0.0,0.25,4.0,0.0
10,4,2026-03-30,0,14,3,1.0,0.0,0.0,0.5,0.0,0.0
10,4,2026-04-06,0,15,4,0.0,1.0,1.0,0.5,0.0,0.0
10,4,2026-04-13,0,16,4,0.0,0.0,0.0,0.25,0.0,0.0
10,4,2026-04-20,0,17,4,0.0,0.0,1.0,0.25,0.0,1.0
10,4,2026-04-27,1,18,4,0.0,0.0,0.0,0.0,1.0,0.0
10,4,2026-05-04,0,19,5,1.0,0.0,0.0,0.25,0.0,0.0
10,4,2026-05-11,0,20,5,0.0,1.0,0.0,0.25,0.0,1.0
10,4,2026-05-18,1,21,5,0.0,0.0,0.0,0.25,4.0,0.0
10,4,2026-05-25,0,22,5,1.0,0.0,1.0,0.5,0.0,2.0
10,4,2026-06-01,2,23,6,0.0,1.0,0.0,0.25,8.0,0.0
10,4,2026-06-08,0,24,6,2.0,0.0,0.0,0.75,0.0,0.0
10,4,2026-06-15,0,25,6,0.0,2.0,1.0,0.75,0.0,0.0
10,4,2026-06-22,0,26,6,0.0,0.0,0.0,0.5,0.0,0.0
10,5,2024-01-29,0,5,1,0.0,0.0,1.0,0.5,0.0,0.0
10,5,2024-02-05,0,6,2,0.0,0.0,1.0,0.25,0.0,0.0
10,5,2024-02-12,0,7,2,0.0,0.0,0.0,0.0,1.0,0.0
10,5,2024-02-19,0,8,2,0.0,0.0,0.0,0.0,1.0,0.0
10,5,2024-02-26,0,9,2,0.0,0.0,0.0,0.0,1.0,0.0
10,5,2024-03-04,0,10,3,0.0,0.0,0.0,0.0,1.0,0.0
10,5,2024-03-11,0,11,3,0.0,0.0,0.0,0.0,1.0,0.0
10,5,2024-03-18,0,12,3,0.0,0.0,0.0,0.0,1.0,0.0
10,5,2024-03-25,0,13,3,0.0,0.0,0.0,0.0,1.0,0.0
10,5,2024-04-01,0,14,4,0.0,0.0,0.0,0.0,1.0,0.0
10,5,2024-04-08,0,15,4,0.0,0.0,0.0,0.0,1.0,0.0
10,5,2024-04-15,0,16,4,0.0,0.0,0.0,0.0,1.0,0.0
10,5,2024-04-22,0,17,4,0.0,0.0,0.0,0.0,1.0,0.0
10,5,2024-04-29,0,18,4,0.0,0.0,0.0,0.0,1.0,0.0
10,5,2024-05-06,0,19,5,0.0,0.0,0.0,0.0,1.0,0.0
10,5,2024-05-13,0,20,5,0.0,0.0,0.0,0.0,1.0,1.0
10,5,2024-05-20,1,21,5,0.0,0.0,0.0,0.0,1.0,0.0
10,5,2024-05-27,0,22,5,1.0,0.0,0.0,0.25,0.0,0.0
10,5,2024-06-03,0,23,6,0.0,1.0,0.0,0.25,0.0,2.0
10,5,2024-06-10,2,24,6,0.0,0.0,0.0,0.25,8.0,3.0
10,5,2024-06-17,3,25,6,2.0,0.0,1.0,0.75,4.0,0.0
10,5,2024-06-24,0,26,6,3.0,2.0,0.0,1.25,0.0,0.0
10,5,2024-07-01,0,27,7,0.0,3.0,0.0,1.25,0.0,0.0
10,5,2024-07-08,0,28,7,0.0,0.0,2.0,1.25,0.0,0.0
10,5,2024-07-15,0,29,7,0.0,0.0,3.0,0.75,0.0,1.0
10,5,2024-07-22,1,30,7,0.0,0.0,0.0,0.0,1.0,0.0
10,5,2024-07-29,0,31,7,1.0,0.0,0.0,0.25,0.0,4.0
10,5,2024-08-05,4,32,8,0.0,1.0,0.0,0.25,16.0,3.0
10,5,2024-08-12,3,33,8,4.0,0.0,0.0,1.25,2.4,1.0
10,5,2024-08-19,1,34,8,3.0,4.0,1.0,2.0,0.5,1.0
10,5,2024-08-26,1,35,8,1.0,3.0,0.0,2.0,0.5,0.0
10,5,2024-09-02,0,36,9,1.0,1.0,4.0,2.25,0.0,0.0
10,5,2024-09-09,0,37,9,0.0,1.0,3.0,1.25,0.0,0.0
10,5,2024-09-16,0,38,9,0.0,0.0,1.0,0.5,0.0,0.0
10,5,2024-09-23,0,39,9,0.0,0.0,1.0,0.25,0.0,1.0
10,5,2024-09-30,1,40,9,0.0,0.0,0.0,0.0,1.0,0.0
10,5,2024-10-07,0,41,10,1.0,0.0,0.0,0.25,0.0,0.0
10,5,2024-10-14,0,42,10,0.0,1.0,0.0,0.25,0.0,0.0
10,5,2024-10-21,0,43,10,0.0,0.0,0.0,0.25,0.0,1.0
10,5,2024-10-28,1,44,10,0.0,0.0,1.0,0.25,4.0,0.0
10,5,2024-11-04,0,45,11,1.0,0.0,0.0,0.25,0.0,0.0
10,5,2024-11-11,0,46,11,0.0,1.0,0.0,0.25,0.0,0.0
10,5,2024-11-18,0,47,11,0.0,0.0,0.0,0.25,0.0,0.0
10,5,2024-11-25,0,48,11,0.0,0.0,1.0,0.25,0.0,0.0
10,5,2024-12-02,0,49,12,0.0,0.0,0.0,0.0,1.0,1.0
10,5,2024-12-09,1,50,12,0.0,0.0,0.0,0.0,1.0,0.0
10,5,2024-12-16,0,51,12,1.0,0.0,0.0,0.25,0.0,0.0
10,5,2024-12-23,0,52,12,0.0,1.0,0.0,0.25,0.0,0.0
10,5,2024-12-30,0,1,12,0.0,0.0,0.0,0.25,0.0,0.0
10,5,2025-01-06,0,2,1,0.0,0.0,1.0,0.25,0.0,1.0
10,5,2025-01-13,1,3,1,0.0,0.0,0.0,0.0,1.0,0.0
10,5,2025-01-20,0,4,1,1.0,0.0,0.0,0.25,0.0,0.0
10,5,2025-01-27,0,5,1,0.0,1.0,0.0,0.25,0.0,0.0
10,5,2025-02-03,0,6,2,0.0,0.0,0.0,0.25,0.0,0.0
10,5,2025-02-10,0,7,2,0.0,0.0,1.0,0.25,0.0,0.0
10,5,2025-02-17,0,8,2,0.0,0.0,0.0,0.0,1.0,1.0
10,5,2025-02-24,1,9,2,0.0,0.0,0.0,0.0,1.0,0.0
10,5,2025-03-03,0,10,3,1.0,0.0,0.0,0.25,0.0,1.0
10,5,2025-03-10,1,11,3,0.0,1.0,0.0,0.25,4.0,0.0
10,5,2025-03-17,0,12,3,1.0,0.0,0.0,0.5,0.0,0.0
10,5,2025-03-24,0,13,3,0.0,1.0,1.0,0.5,0.0,0.0
10,5,2025-03-31,0,14,3,0.0,0.0,0.0,0.25,0.0,0.0
10,5,2025-04-07,0,15,4,0.0,0.0,1.0,0.25,0.0,0.0
10,5,2025-04-14,0,16,4,0.0,0.0,0.0,0.0,1.0,0.0
10,5,2025-04-21,0,17,4,0.0,0.0,0.0,0.0,1.0,1.0
10,5,2025-04-28,1,18,4,0.0,0.0,0.0,0.0,1.0,1.0
10,5,2025-05-05,1,19,5,1.0,0.0,0.0,0.25,4.0,0.0
10,5,2025-05-12,0,20,5,1.0,1.0,0.0,0.5,0.0,0.0
10,5,2025-05-19,0,21,5,0.0,1.0,0.0,0.5,0.0,0.0
10,5,2025-05-26,0,22,5,0.0,0.0,1.0,0.5,0.0,0.0
10,5,2025-06-02,0,23,6,0.0,0.0,1.0,0.25,0.0,1.0
10,5,2025-06-09,1,24,6,0.0,0.0,0.0,0.0,1.0,0.0
10,5,2025-06-16,0,25,6,1.0,0.0,0.0,0.25,0.0,2.0
10,5,2025-06-23,2,26,6,0.0,1.0,0.0,0.25,8.0,1.0
10,5,2025-06-30,1,27,6,2.0,0.0,0.0,0.75,1.3333333333333333,0.0
10,5,2025-07-07,0,28,7,1.0,2.0,1.0,1.0,0.0,0.0
10,5,2025-07-14,0,29,7,0.0,1.0,0.0,0.75,0.0,0.0
10,5,2025-07-21,0,30,7,0.0,0.0,2.0,0.75,0.0,0.0
10,5,2025-07-28,0,31,7,0.0,0.0,1.0,0.25,0.0,1.0
10,5,2025-08-04,1,32,8,0.0,0.0,0.0,0.0,1.0,3.0
10,5,2025-08-11,3,33,8,1.0,0.0,0.0,0.25,12.0,0.0
10,5,2025-08-18,0,34,8,3.0,1.0,0.0,1.0,0.0,1.0
10,5,2025-08-25,1,35,8,0.0,3.0,0.0,1.0,1.0,0.0
10,5,2025-09-01,0,36,9,1.0,0.0,1.0,1.25,0.0,0.0
10,5,2025-09-08,0,37,9,0.0,1.0,3.0,1.0,0.0,0.0
10,5,2025-09-15,0,38,9,0.0,0.0,0.0,0.25,0.0,0.0
10,5,2025-09-22,0,39,9,0.0,0.0,1.0,0.25,0.0,0.0
10,5,2025-09-29,0,40,9,0.0,0.0,0.0,0.0,1.0,2.0
10,5,2025-10-06,2,41,10,0.0,0.0,0.0,0.0,1.0,1.0
10,5,2025-10-13,1,42,10,2.0,0.0,0.0,0.5,2.0,0.0
10,5,2025-10-20,0,43,10,1.0,2.0,0.0,0.75,0.0,2.0
10,5,2025-10-27,2,44,10,0.0,1.0,0.0,0.75,2.6666666666666665,1.0
10,5,2025-11-03,1,45,11,2.0,0.0,2.0,1.25,0.8,0.0
10,5,2025-11-10,0,46,11,1.0,2.0,1.0,1.0,0.0,0.0
10,5,2025-11-17,0,47,11,0.0,1.0,0.0,0.75,0.0,1.0
10,5,2025-11-24,1,48,11,0.0,0.0,2.0,0.75,1.3333333333333333,0.0
10,5,2025-12-01,0,49,12,1.0,0.0,1.0,0.5,0.0,0.0
10,5,2025-12-08,0,50,12,0.0,1.0,0.0,0.25,0.0,1.0
10,5,2025-12-15,1,51,12,0.0,0.0,0.0,0.25,4.0,1.0
10,5,2025-12-22,1,52,12,1.0,0.0,1.0,0.5,2.0,0.0
10,5,2025-12-29,0,1,12,1.0,1.0,0.0,0.5,0.0,0.0
10,5,2026-01-05,0,2,1,0.0,1.0,0.0,0.5,0.0,0.0
10,5,2026-01-12,0,3,1,0.0,0.0,1.0,0.5,0.0,0.0
10,5,2026-01-19,0,4,1,0.0,0.0,1.0,0.25,0.0,0.0
10,5,2026-01-26,0,5,1,0.0,0.0,0.0,0.0,1.0,1.0
10,5,2026-02-02,1,6,2,0.0,0.0,0.0,0.0,1.0,0.0
10,5,2026-02-09,0,7,2,1.0,0.0,0.0,0.25,0.0,0.0
10,5,2026-02-16,0,8,2,0.0,1.0,0.0,0.25,0.0,0.0
10,5,2026-02-23,0,9,2,0.0,0.0,0.0,0.25,0.0,0.0
10,5,2026-03-02,0,10,3,0.0,0.0,1.0,0.25,0.0,1.0
10,5,2026-03-09,1,11,3,0.0,0.0,0.0,0.0,1.0,0.0
10,5,2026-03-16,0,12,3,1.0,0.0,0.0,0.25,0.0,0.0
10,5,2026-03-23,0,13,3,0.0,1.0,0.0,0.25,0.0,0.0
10,5,2026-03-30,0,14,3,0.0,0.0,0.0,0.25,0.0,0.0
10,5,2026-04-06,0,15,4,0.0,0.0,1.0,0.25,0.0,0.0
10,5,2026-04-13,0,16,4,0.0,0.0,0.0,0.0,1.0,1.0
10,5,2026-04-20,1,17,4,0.0,0.0,0.0,0.0,1.0,0.0
10,5,2026-04-27,0,18,4,1.0,0.0,0.0,0.25,0.0,1.0
10,5,2026-05-04,1,19,5,0.0,1.0,0.0,0.25,4.0,0.0
10,5,2026-05-11,0,20,5,1.0,0.0,0.0,0.5,0.0,0.0
10,5,2026-05-18,0,21,5,0.0,1.0,1.0,0.5,0.0,0.0
10,5,2026-05-25,0,22,5,0.0,0.0,0.0,0.25,0.0,0.0
10,5,2026-06-01,0,23,6,0.0,0.0,1.0,0.25,0.0,1.0
10,5,2026-06-08,1,24,6,0.0,0.0,0.0,0.0,1.0,0.0
10,5,2026-06-15,0,25,6,1.0,0.0,0.0,0.25,0.0,0.0
10,5,2026-06-22,0,26,6,0.0,1.0,0.0,0.25,0.0,0.0
10,6,2024-01-29,0,5,1,0.0,0.0,0.0,0.0,1.0,3.0
10,6,2024-02-05,3,6,2,0.0,0.0,0.0,0.0,1.0,0.0
10,6,2024-02-12,0,7,2,3.0,0.0,0.0,0.75,0.0,1.0
10,6,2024-02-19,1,8,2,0.0,3.0,0.0,0.75,1.3333333333333333,2.0
10,6,2024-02-26,2,9,2,1.0,0.0,0.0,1.0,2.0,0.0
10,6,2024-03-04,0,10,3,2.0,1.0,3.0,1.5,0.0,0.0
10,6,2024-03-11,0,11,3,0.0,2.0,0.0,0.75,0.0,0.0
10,6,2024-03-18,0,12,3,0.0,0.0,1.0,0.75,0.0,0.0
10,6,2024-03-25,0,13,3,0.0,0.0,2.0,0.5,0.0,0.0
10,6,2024-04-01,0,14,4,0.0,0.0,0.0,0.0,1.0,1.0
10,6,2024-04-08,1,15,4,0.0,0.0,0.0,0.0,1.0,0.0
10,6,2024-04-15,0,16,4,1.0,0.0,0.0,0.25,0.0,0.0
10,6,2024-04-22,0,17,4,0.0,1.0,0.0,0.25,0.0,0.0
10,6,2024-04-29,0,18,4,0.0,0.0,0.0,0.25,0.0,0.0
10,6,2024-05-06,0,19,5,0.0,0.0,1.0,0.25,0.0,1.0
10,6,2024-05-13,1,20,5,0.0,0.0,0.0,0.0,1.0,0.0
10,6,2024-05-20,0,21,5,1.0,0.0,0.0,0.25,0.0,0.0
10,6,2024-05-27,0,22,5,0.0,1.0,0.0,0.25,0.0,1.0
10,6,2024-06-03,1,23,6,0.0,0.0,0.0,0.25,4.0,1.0
10,6,2024-06-10,1,24,6,1.0,0.0,1.0,0.5,2.0,0.0
10,6,2024-06-17,0,25,6,1.0,1.0,0.0,0.5,0.0,0.0
10,6,2024-06-24,0,26,6,0.0,1.0,0.0,0.5,0.0,1.0
10,6,2024-07-01,1,27,7,0.0,0.0,1.0,0.5,2.0,1.0
10,6,2024-07-08,1,28,7,1.0,0.0,1.0,0.5,2.0,1.0
10,6,2024-07-15,1,29,7,1.0,1.0,0.0,0.5,2.0,0.0
10,6,2024-07-22,0,30,7,1.0,1.0,0.0,0.75,0.0,1.0
10,6,2024-07-29,1,31,7,0.0,1.0,1.0,0.75,1.3333333333333333,0.0
10,6,2024-08-05,0,32,8,1.0,0.0,1.0,0.75,0.0,0.0
10,6,2024-08-12,0,33,8,0.0,1.0,1.0,0.5,0.0,1.0
10,6,2024-08-19,1,34,8,0.0,0.0,0.0,0.25,4.0,0.0
10,6,2024-08-26,0,35,8,1.0,0.0,1.0,0.5,0.0,1.0
10,6,2024-09-02,1,36,9,0.0,1.0,0.0,0.25,4.0,1.0
10,6,2024-09-09,1,37,9,1.0,0.0,0.0,0.5,2.0,1.0
10,6,2024-09-16,1,38,9,1.0,1.0,1.0,0.75,1.3333333333333333,1.0
10,6,2024-09-23,1,39,9,1.0,1.0,0.0,0.75,1.3333333333333333,1.0
10,6,2024-09-30,1,40,9,1.0,1.0,1.0,1.0,1.0,0.0
10,6,2024-10-07,0,41,10,1.0,1.0,1.0,1.0,0.0,1.0
10,6,2024-10-14,1,42,10,0.0,1.0,1.0,0.75,1.3333333333333333,1.0
10,6,2024-10-21,1,43,10,1.0,0.0,1.0,0.75,1.3333333333333333,0.0
10,6,2024-10-28,0,44,10,1.0,1.0,1.0,0.75,0.0,0.0
10,6,2024-11-04,0,45,11,0.0,1.0,0.0,0.5,0.0,0.0
10,6,2024-11-11,0,46,11,0.0,0.0,1.0,0.5,0.0,0.0
10,6,2024-11-18,0,47,11,0.0,0.0,1.0,0.25,0.0,1.0
10,6,2024-11-25,1,48,11,0.0,0.0,0.0,0.0,1.0,1.0
10,6,2024-12-02,1,49,12,1.0,0.0,0.0,0.25,4.0,0.0
10,6,2024-12-09,0,50,12,1.0,1.0,0.0,0.5,0.0,0.0
10,6,2024-12-16,0,51,12,0.0,1.0,0.0,0.5,0.0,0.0
10,6,2024-12-23,0,52,12,0.0,0.0,1.0,0.5,0.0,0.0
10,6,2024-12-30,0,1,12,0.0,0.0,1.0,0.25,0.0,0.0
10,6,2025-01-06,0,2,1,0.0,0.0,0.0,0.0,1.0,0.0
10,6,2025-01-13,0,3,1,0.0,0.0,0.0,0.0,1.0,1.0
10,6,2025-01-20,1,4,1,0.0,0.0,0.0,0.0,1.0,0.0
10,6,2025-01-27,0,5,1,1.0,0.0,0.0,0.25,0.0,1.0
10,6,2025-02-03,1,6,2,0.0,1.0,0.0,0.25,4.0,1.0
10,6,2025-02-10,1,7,2,1.0,0.0,0.0,0.5,2.0,1.0
10,6,2025-02-17,1,8,2,1.0,1.0,1.0,0.75,1.3333333333333333,1.0
10,6,2025-02-24,1,9,2,1.0,1.0,0.0,0.75,1.3333333333333333,0.0
10,6,2025-03-03,0,10,3,1.0,1.0,1.0,1.0,0.0,0.0
10,6,2025-03-10,0,11,3,0.0,1.0,1.0,0.75,0.0,0.0
10,6,2025-03-17,0,12,3,0.0,0.0,1.0,0.5,0.0,2.0
10,6,2025-03-24,2,13,3,0.0,0.0,1.0,0.25,8.0,2.0
10,6,2025-03-31,2,14,3,2.0,0.0,0.0,0.5,4.0,0.0
10,6,2025-04-07,0,15,4,2.0,2.0,0.0,1.0,0.0,0.0
10,6,2025-04-14,0,16,4,0.0,2.0,0.0,1.0,0.0,0.0
10,6,2025-04-21,0,17,4,0.0,0.0,2.0,1.0,0.0,0.0
10,6,2025-04-28,0,18,4,0.0,0.0,2.0,0.5,0.0,1.0
10,6,2025-05-05,1,19,5,0.0,0.0,0.0,0.0,1.0,1.0
10,6,2025-05-12,1,20,5,1.0,0.0,0.0,0.25,4.0,0.0
10,6,2025-05-19,0,21,5,1.0,1.0,0.0,0.5,0.0,0.0
10,6,2025-05-26,0,22,5,0.0,1.0,0.0,0.5,0.0,0.0
10,6,2025-06-02,0,23,6,0.0,0.0,1.0,0.5,0.0,0.0
10,6,2025-06-09,0,24,6,0.0,0.0,1.0,0.25,0.0,1.0
10,6,2025-06-16,1,25,6,0.0,0.0,0.0,0.0,1.0,0.0
10,6,2025-06-23,0,26,6,1.0,0.0,0.0,0.25,0.0,1.0
10,6,2025-06-30,1,27,6,0.0,1.0,0.0,0.25,4.0,0.0
10,6,2025-07-07,0,28,7,1.0,0.0,0.0,0.5,0.0,0.0
10,6,2025-07-14,0,29,7,0.0,1.0,1.0,0.5,0.0,0.0
10,6,2025-07-21,0,30,7,0.0,0.0,0.0,0.25,0.0,0.0
10,6,2025-07-28,0,31,7,0.0,0.0,1.0,0.25,0.0,1.0
10,6,2025-08-04,1,32,8,0.0,0.0,0.0,0.0,1.0,0.0
10,6,2025-08-11,0,33,8,1.0,0.0,0.0,0.25,0.0,0.0
10,6,2025-08-18,0,34,8,0.0,1.0,0.0,0.25,0.0,2.0
10,6,2025-08-25,2,35,8,0.0,0.0,0.0,0.25,8.0,1.0
10,6,2025-09-01,1,36,9,2.0,0.0,1.0,0.75,1.3333333333333333,0.0
10,6,2025-09-08,0,37,9,1.0,2.0,0.0,0.75,0.0,0.0
10,6,2025-09-15,0,38,9,0.0,1.0,0.0,0.75,0.0,1.0
10,6,2025-09-22,1,39,9,0.0,0.0,2.0,0.75,1.3333333333333333,0.0
10,6,2025-09-29,0,40,9,1.0,0.0,1.0,0.5,0.0,0.0
10,6,2025-10-06,0,41,10,0.0,1.0,0.0,0.25,0.0,0.0
10,6,2025-10-13,0,42,10,0.0,0.0,0.0,0.25,0.0,1.0
10,6,2025-10-20,1,43,10,0.0,0.0,1.0,0.25,4.0,0.0
10,6,2025-10-27,0,44,10,1.0,0.0,0.0,0.25,0.0,2.0
10,6,2025-11-03,2,45,11,0.0,1.0,0.0,0.25,8.0,0.0
10,6,2025-11-10,0,46,11,2.0,0.0,0.0,0.75,0.0,0.0
10,6,2025-11-17,0,47,11,0.0,2.0,1.0,0.75,0.0,0.0
10,6,2025-11-24,0,48,11,0.0,0.0,0.0,0.5,0.0,1.0
10,6,2025-12-01,1,49,12,0.0,0.0,2.0,0.5,2.0,0.0
10,6,2025-12-08,0,50,12,1.0,0.0,0.0,0.25,0.0,0.0
10,6,2025-12-15,0,51,12,0.0,1.0,0.0,0.25,0.0,2.0
10,6,2025-12-22,2,52,12,0.0,0.0,0.0,0.25,8.0,1.0
10,6,2025-12-29,1,1,12,2.0,0.0,1.0,0.75,1.3333333333333333,1.0
10,6,2026-01-05,1,2,1,1.0,2.0,0.0,0.75,1.3333333333333333,0.0
10,6,2026-01-12,0,3,1,1.0,1.0,0.0,1.0,0.0,0.0
10,6,2026-01-19,0,4,1,0.0,1.0,2.0,1.0,0.0,1.0
10,6,2026-01-26,1,5,1,0.0,0.0,1.0,0.5,2.0,1.0
10,6,2026-02-02,1,6,2,1.0,0.0,1.0,0.5,2.0,0.0
10,6,2026-02-09,0,7,2,1.0,1.0,0.0,0.5,0.0,2.0
10,6,2026-02-16,2,8,2,0.0,1.0,0.0,0.5,4.0,1.0
10,6,2026-02-23,1,9,2,2.0,0.0,1.0,1.0,1.0,0.0
10,6,2026-03-02,0,10,3,1.0,2.0,1.0,1.0,0.0,1.0
10,6,2026-03-09,1,11,3,0.0,1.0,0.0,0.75,1.3333333333333333,0.0
10,6,2026-03-16,0,12,3,1.0,0.0,2.0,1.0,0.0,0.0
10,6,2026-03-23,0,13,3,0.0,1.0,1.0,0.5,0.0,0.0
10,6,2026-03-30,0,14,3,0.0,0.0,0.0,0.25,0.0,0.0
10,6,2026-04-06,0,15,4,0.0,0.0,1.0,0.25,0.0,0.0
10,6,2026-04-13,0,16,4,0.0,0.0,0.0,0.0,1.0,0.0
10,6,2026-04-20,0,17,4,0.0,0.0,0.0,0.0,1.0,1.0
10,6,2026-04-27,1,18,4,0.0,0.0,0.0,0.0,1.0,0.0
10,6,2026-05-04,0,19,5,1.0,0.0,0.0,0.25,0.0,0.0
10,6,2026-05-11,0,20,5,0.0,1.0,0.0,0.25,0.0,0.0
10,6,2026-05-18,0,21,5,0.0,0.0,0.0,0.25,0.0,1.0
10,6,2026-05-25,1,22,5,0.0,0.0,1.0,0.25,4.0,0.0
10,6,2026-06-01,0,23,6,1.0,0.0,0.0,0.25,0.0,0.0
10,6,2026-06-08,0,24,6,0.0,1.0,0.0,0.25,0.0,0.0
10,6,2026-06-15,0,25,6,0.0,0.0,0.0,0.25,0.0,0.0
10,6,2026-06-22,0,26,6,0.0,0.0,1.0,0.25,0.0,0.0
10,7,2024-01-29,0,5,1,2.0,0.0,2.0,1.0,0.0,0.0
10,7,2024-02-05,0,6,2,0.0,2.0,0.0,0.5,0.0,0.0
10,7,2024-02-12,0,7,2,0.0,0.0,0.0,0.5,0.0,1.0
10,7,2024-02-19,1,8,2,0.0,0.0,2.0,0.5,2.0,0.0
10,7,2024-02-26,0,9,2,1.0,0.0,0.0,0.25,0.0,0.0
10,7,2024-03-04,0,10,3,0.0,1.0,0.0,0.25,0.0,0.0
10,7,2024-03-11,0,11,3,0.0,0.0,0.0,0.25,0.0,0.0
10,7,2024-03-18,0,12,3,0.0,0.0,1.0,0.25,0.0,1.0
10,7,2024-03-25,1,13,3,0.0,0.0,0.0,0.0,1.0,1.0
10,7,2024-04-01,1,14,4,1.0,0.0,0.0,0.25,4.0,0.0
10,7,2024-04-08,0,15,4,1.0,1.0,0.0,0.5,0.0,1.0
10,7,2024-04-15,1,16,4,0.0,1.0,0.0,0.5,2.0,0.0
10,7,2024-04-22,0,17,4,1.0,0.0,1.0,0.75,0.0,0.0
10,7,2024-04-29,0,18,4,0.0,1.0,1.0,0.5,0.0,0.0
10,7,2024-05-06,0,19,5,0.0,0.0,0.0,0.25,0.0,0.0
10,7,2024-05-13,0,20,5,0.0,0.0,1.0,0.25,0.0,0.0
10,7,2024-05-20,0,21,5,0.0,0.0,0.0,0.0,1.0,1.0
10,7,2024-05-27,1,22,5,0.0,0.0,0.0,0.0,1.0,2.0
10,7,2024-06-03,2,23,6,1.0,0.0,0.0,0.25,8.0,0.0
10,7,2024-06-10,0,24,6,2.0,1.0,0.0,0.75,0.0,0.0
10,7,2024-06-17,0,25,6,0.0,2.0,0.0,0.75,0.0,0.0
10,7,2024-06-24,0,26,6,0.0,0.0,1.0,0.75,0.0,0.0
10,7,2024-07-01,0,27,7,0.0,0.0,2.0,0.5,0.0,0.0
10,7,2024-07-08,0,28,7,0.0,0.0,0.0,0.0,1.0,0.0
10,7,2024-07-15,0,29,7,0.0,0.0,0.0,0.0,1.0,1.0
10,7,2024-07-22,1,30,7,0.0,0.0,0.0,0.0,1.0,0.0
10,7,2024-07-29,0,31,7,1.0,0.0,0.0,0.25,0.0,0.0
10,7,2024-08-05,0,32,8,0.0,1.0,0.0,0.25,0.0,0.0
10,7,2024-08-12,0,33,8,0.0,0.0,0.0,0.25,0.0,0.0
10,7,2024-08-19,0,34,8,0.0,0.0,1.0,0.25,0.0,0.0
10,7,2024-08-26,0,35,8,0.0,0.0,0.0,0.0,1.0,1.0
10,7,2024-09-02,1,36,9,0.0,0.0,0.0,0.0,1.0,1.0
10,7,2024-09-09,1,37,9,1.0,0.0,0.0,0.25,4.0,0.0
10,7,2024-09-16,0,38,9,1.0,1.0,0.0,0.5,0.0,0.0
10,7,2024-09-23,0,39,9,0.0,1.0,0.0,0.5,0.0,1.0
10,7,2024-09-30,1,40,9,0.0,0.0,1.0,0.5,2.0,1.0
10,7,2024-10-07,1,41,10,1.0,0.0,1.0,0.5,2.0,0.0
10,7,2024-10-14,0,42,10,1.0,1.0,0.0,0.5,0.0,1.0
10,7,2024-10-21,1,43,10,0.0,1.0,0.0,0.5,2.0,0.0
10,7,2024-10-28,0,44,10,1.0,0.0,1.0,0.75,0.0,1.0
10,7,2024-11-04,1,45,11,0.0,1.0,1.0,0.5,2.0,0.0
10,7,2024-11-11,0,46,11,1.0,0.0,0.0,0.5,0.0,0.0
10,7,2024-11-18,0,47,11,0.0,1.0,1.0,0.5,0.0,0.0
10,7,2024-11-25,0,48,11,0.0,0.0,0.0,0.25,0.0,1.0
10,7,2024-12-02,1,49,12,0.0,0.0,1.0,0.25,4.0,0.0
10,7,2024-12-09,0,50,12,1.0,0.0,0.0,0.25,0.0,1.0
10,7,2024-12-16,1,51,12,0.0,1.0,0.0,0.25,4.0,1.0
10,7,2024-12-23,1,52,12,1.0,0.0,0.0,0.5,2.0,1.0
10,7,2024-12-30,1,1,12,1.0,1.0,1.0,0.75,1.3333333333333333,2.0
10,7,2025-01-06,2,2,1,1.0,1.0,0.0,0.75,2.6666666666666665,0.0
10,7,2025-01-13,0,3,1,2.0,1.0,1.0,1.25,0.0,1.0
10,7,2025-01-20,1,4,1,0.0,2.0,1.0,1.0,1.0,0.0
10,7,2025-01-27,0,5,1,1.0,0.0,1.0,1.0,0.0,0.0
10,7,2025-02-03,0,6,2,0.0,1.0,2.0,0.75,0.0,0.0
10,7,2025-02-10,0,7,2,0.0,0.0,0.0,0.25,0.0,0.0
10,7,2025-02-17,0,8,2,0.0,0.0,1.0,0.25,0.0,2.0
10,7,2025-02-24,2,9,2,0.0,0.0,0.0,0.0,1.0,1.0
10,7,2025-03-03,1,10,3,2.0,0.0,0.0,0.5,2.0,0.0
10,7,2025-03-10,0,11,3,1.0,2.0,0.0,0.75,0.0,0.0
10,7,2025-03-17,0,12,3,0.0,1.0,0.0,0.75,0.0,0.0
10,7,2025-03-24,0,13,3,0.0,0.0,2.0,0.75,0.0,1.0
10,7,2025-03-31,1,14,3,0.0,0.0,1.0,0.25,4.0,1.0
10,7,2025-04-07,1,15,4,1.0,0.0,0.0,0.25,4.0,1.0
10,7,2025-04-14,1,16,4,1.0,1.0,0.0,0.5,2.0,0.0
10,7,2025-04-21,0,17,4,1.0,1.0,0.0,0.75,0.0,0.0
10,7,2025-04-28,0,18,4,0.0,1.0,1.0,0.75,0.0,0.0
10,7,2025-05-05,0,19,5,0.0,0.0,1.0,0.5,0.0,0.0
10,7,2025-05-12,0,20,5,0.0,0.0,1.0,0.25,0.0,0.0
10,7,2025-05-19,0,21,5,0.0,0.0,0.0,0.0,1.0,1.0
10,7,2025-05-26,1,22,5,0.0,0.0,0.0,0.0,1.0,0.0
10,7,2025-06-02,0,23,6,1.0,0.0,0.0,0.25,0.0,0.0
10,7,2025-06-09,0,24,6,0.0,1.0,0.0,0.25,0.0,0.0
10,7,2025-06-16,0,25,6,0.0,0.0,0.0,0.25,0.0,0.0
10,7,2025-06-23,0,26,6,0.0,0.0,1.0,0.25,0.0,1.0
10,7,2025-06-30,1,27,6,0.0,0.0,0.0,0.0,1.0,1.0
10,7,2025-07-07,1,28,7,1.0,0.0,0.0,0.25,4.0,0.0
10,7,2025-07-14,0,29,7,1.0,1.0,0.0,0.5,0.0,0.0
10,7,2025-07-21,0,30,7,0.0,1.0,0.0,0.5,0.0,0.0
10,7,2025-07-28,0,31,7,0.0,0.0,1.0,0.5,0.0,0.0
10,7,2025-08-04,0,32,8,0.0,0.0,1.0,0.25,0.0,0.0
10,7,2025-08-11,0,33,8,0.0,0.0,0.0,0.0,1.0,0.0
10,7,2025-08-18,0,34,8,0.0,0.0,0.0,0.0,1.0,1.0
10,7,2025-08-25,1,35,8,0.0,0.0,0.0,0.0,1.0,0.0
10,7,2025-09-01,0,36,9,1.0,0.0,0.0,0.25,0.0,0.0
10,7,2025-09-08,0,37,9,0.0,1.0,0.0,0.25,0.0,0.0
10,7,2025-09-15,0,38,9,0.0,0.0,0.0,0.25,0.0,0.0
10,7,2025-09-22,0,39,9,0.0,0.0,1.0,0.25,0.0,1.0
10,7,2025-09-29,1,40,9,0.0,0.0,0.0,0.0,1.0,0.0
10,7,2025-10-06,0,41,10,1.0,0.0,0.0,0.25,0.0,1.0
10,7,2025-10-13,1,42,10,0.0,1.0,0.0,0.25,4.0,1.0
10,7,2025-10-20,1,43,10,1.0,0.0,0.0,0.5,2.0,0.0
10,7,2025-10-27,0,44,10,1.0,1.0,1.0,0.75,0.0,0.0
10,7,2025-11-03,0,45,11,0.0,1.0,0.0,0.5,0.0,1.0
10,7,2025-11-10,1,46,11,0.0,0.0,1.0,0.5,2.0,0.0
10,7,2025-11-17,0,47,11,1.0,0.0,1.0,0.5,0.0,0.0
10,7,2025-11-24,0,48,11,0.0,1.0,0.0,0.25,0.0,0.0
10,7,2025-12-01,0,49,12,0.0,0.0,0.0,0.25,0.0,0.0
10,7,2025-12-08,0,50,12,0.0,0.0,1.0,0.25,0.0,1.0
10,7,2025-12-15,1,51,12,0.0,0.0,0.0,0.0,1.0,0.0
10,7,2025-12-22,0,52,12,1.0,0.0,0.0,0.25,0.0,0.0
10,7,2025-12-29,0,1,12,0.0,1.0,0.0,0.25,0.0,1.0
10,7,2026-01-05,1,2,1,0.0,0.0,0.0,0.25,4.0,0.0
10,7,2026-01-12,0,3,1,1.0,0.0,1.0,0.5,0.0,1.0
10,7,2026-01-19,1,4,1,0.0,1.0,0.0,0.25,4.0,1.0
10,7,2026-01-26,1,5,1,1.0,0.0,0.0,0.5,2.0,2.0
10,7,2026-02-02,2,6,2,1.0,1.0,1.0,0.75,2.6666666666666665,0.0
10,7,2026-02-09,0,7,2,2.0,1.0,0.0,1.0,0.0,0.0
10,7,2026-02-16,0,8,2,0.0,2.0,1.0,1.0,0.0,1.0
10,7,2026-02-23,1,9,2,0.0,0.0,1.0,0.75,1.3333333333333333,0.0
10,7,2026-03-02,0,10,3,1.0,0.0,2.0,0.75,0.0,1.0
10,7,2026-03-09,1,11,3,0.0,1.0,0.0,0.25,4.0,0.0
10,7,2026-03-16,0,12,3,1.0,0.0,0.0,0.5,0.0,1.0
10,7,2026-03-23,1,13,3,0.0,1.0,1.0,0.5,2.0,0.0
10,7,2026-03-30,0,14,3,1.0,0.0,0.0,0.5,0.0,0.0
10,7,2026-04-06,0,15,4,0.0,1.0,1.0,0.5,0.0,1.0
10,7,2026-04-13,1,16,4,0.0,0.0,0.0,0.25,4.0,0.0
10,7,2026-04-20,0,17,4,1.0,0.0,1.0,0.5,0.0,0.0
10,7,2026-04-27,0,18,4,0.0,1.0,0.0,0.25,0.0,0.0
10,7,2026-05-04,0,19,5,0.0,0.0,0.0,0.25,0.0,0.0
10,7,2026-05-11,0,20,5,0.0,0.0,1.0,0.25,0.0,1.0
10,7,2026-05-18,1,21,5,0.0,0.0,0.0,0.0,1.0,0.0
10,7,2026-05-25,0,22,5,1.0,0.0,0.0,0.25,0.0,0.0
10,7,2026-06-01,0,23,6,0.0,1.0,0.0,0.25,0.0,1.0
10,7,2026-06-08,1,24,6,0.0,0.0,0.0,0.25,4.0,0.0
10,7,2026-06-15,0,25,6,1.0,0.0,1.0,0.5,0.0,2.0
10,7,2026-06-22,2,26,6,0.0,1.0,0.0,0.25,8.0,0.0
10,8,2024-01-29,1,5,1,0.0,0.0,0.0,0.0,1.0,0.0
10,8,2024-02-05,0,6,2,1.0,0.0,0.0,0.25,0.0,1.0
10,8,2024-02-12,1,7,2,0.0,1.0,0.0,0.25,4.0,0.0
10,8,2024-02-19,0,8,2,1.0,0.0,0.0,0.5,0.0,0.0
10,8,2024-02-26,0,9,2,0.0,1.0,1.0,0.5,0.0,0.0
10,8,2024-03-04,0,10,3,0.0,0.0,0.0,0.25,0.0,2.0
10,8,2024-03-11,2,11,3,0.0,0.0,1.0,0.25,8.0,0.0
10,8,2024-03-18,0,12,3,2.0,0.0,0.0,0.5,0.0,1.0
10,8,2024-03-25,1,13,3,0.0,2.0,0.0,0.5,2.0,0.0
10,8,2024-04-01,0,14,4,1.0,0.0,0.0,0.75,0.0,1.0
10,8,2024-04-08,1,15,4,0.0,1.0,2.0,0.75,1.3333333333333333,0.0
10,8,2024-04-15,0,16,4,1.0,0.0,0.0,0.5,0.0,1.0
10,8,2024-04-22,1,17,4,0.0,1.0,1.0,0.5,2.0,1.0
10,8,2024-04-29,1,18,4,1.0,0.0,0.0,0.5,2.0,0.0
10,8,2024-05-06,0,19,5,1.0,1.0,1.0,0.75,0.0,0.0
10,8,2024-05-13,0,20,5,0.0,1.0,0.0,0.5,0.0,2.0
10,8,2024-05-20,2,21,5,0.0,0.0,1.0,0.5,4.0,0.0
10,8,2024-05-27,0,22,5,2.0,0.0,1.0,0.75,0.0,0.0
10,8,2024-06-03,0,23,6,0.0,2.0,0.0,0.5,0.0,0.0
10,8,2024-06-10,0,24,6,0.0,0.0,0.0,0.5,0.0,0.0
10,8,2024-06-17,0,25,6,0.0,0.0,2.0,0.5,0.0,0.0
10,8,2024-06-24,0,26,6,0.0,0.0,0.0,0.0,1.0,0.0
10,8,2024-07-01,0,27,7,0.0,0.0,0.0,0.0,1.0,1.0
10,8,2024-07-08,1,28,7,0.0,0.0,0.0,0.0,1.0,2.0
10,8,2024-07-15,2,29,7,1.0,0.0,0.0,0.25,8.0,0.0
10,8,2024-07-22,0,30,7,2.0,1.0,0.0,0.75,0.0,1.0
10,8,2024-07-29,1,31,7,0.0,2.0,0.0,0.75,1.3333333333333333,1.0
10,8,2024-08-05,1,32,8,1.0,0.0,1.0,1.0,1.0,1.0
10,8,2024-08-12,1,33,8,1.0,1.0,2.0,1.0,1.0,0.0
10,8,2024-08-19,0,34,8,1.0,1.0,0.0,0.75,0.0,1.0
10,8,2024-08-26,1,35,8,0.0,1.0,1.0,0.75,1.3333333333333333,0.0
10,8,2024-09-02,0,36,9,1.0,0.0,1.0,0.75,0.0,0.0
10,8,2024-09-09,0,37,9,0.0,1.0,1.0,0.5,0.0,2.0
10,8,2024-09-16,2,38,9,0.0,0.0,0.0,0.25,8.0,1.0
10,8,2024-09-23,1,39,9,2.0,0.0,1.0,0.75,1.3333333333333333,1.0
10,8,2024-09-30,1,40,9,1.0,2.0,0.0,0.75,1.3333333333333333,0.0
10,8,2024-10-07,0,41,10,1.0,1.0,0.0,1.0,0.0,0.0
10,8,2024-10-14,0,42,10,0.0,1.0,2.0,1.0,0.0,1.0
10,8,2024-10-21,1,43,10,0.0,0.0,1.0,0.5,2.0,0.0
10,8,2024-10-28,0,44,10,1.0,0.0,1.0,0.5,0.0,1.0
10,8,2024-11-04,1,45,11,0.0,1.0,0.0,0.25,4.0,1.0
10,8,2024-11-11,1,46,11,1.0,0.0,0.0,0.5,2.0,1.0
10,8,2024-11-18,1,47,11,1.0,1.0,1.0,0.75,1.3333333333333333,0.0
10,8,2024-11-25,0,48,11,1.0,1.0,0.0,0.75,0.0,1.0
10,8,2024-12-02,1,49,12,0.0,1.0,1.0,0.75,1.3333333333333333,0.0
10,8,2024-12-09,0,50,12,1.0,0.0,1.0,0.75,0.0,0.0
10,8,2024-12-16,0,51,12,0.0,1.0,1.0,0.5,0.0,0.0
10,8,2024-12-23,0,52,12,0.0,0.0,0.0,0.25,0.0,0.0
10,8,2024-12-30,0,1,12,0.0,0.0,1.0,0.25,0.0,0.0
10,8,2025-01-06,0,2,1,0.0,0.0,0.0,0.0,1.0,0.0
10,8,2025-01-13,0,3,1,0.0,0.0,0.0,0.0,1.0,0.0
10,8,2025-01-20,0,4,1,0.0,0.0,0.0,0.0,1.0,0.0
10,8,2025-01-27,0,5,1,0.0,0.0,0.0,0.0,1.0,2.0
10,8,2025-02-03,2,6,2,0.0,0.0,0.0,0.0,1.0,0.0
10,8,2025-02-10,0,7,2,2.0,0.0,0.0,0.5,0.0,0.0
10,8,2025-02-17,0,8,2,0.0,2.0,0.0,0.5,0.0,1.0
10,8,2025-02-24,1,9,2,0.0,0.0,0.0,0.5,2.0,0.0
10,8,2025-03-03,0,10,3,1.0,0.0,2.0,0.75,0.0,0.0
10,8,2025-03-10,0,11,3,0.0,1.0,0.0,0.25,0.0,0.0
10,8,2025-03-17,0,12,3,0.0,0.0,0.0,0.25,0.0,0.0
10,8,2025-03-24,0,13,3,0.0,0.0,1.0,0.25,0.0,0.0
10,8,2025-03-31,0,14,3,0.0,0.0,0.0,0.0,1.0,1.0
10,8,2025-04-07,1,15,4,0.0,0.0,0.0,0.0,1.0,0.0
10,8,2025-04-14,0,16,4,1.0,0.0,0.0,0.25,0.0,0.0
10,8,2025-04-21,0,17,4,0.0,1.0,0.0,0.25,0.0,0.0
10,8,2025-04-28,0,18,4,0.0,0.0,0.0,0.25,0.0,0.0
10,8,2025-05-05,0,19,5,0.0,0.0,1.0,0.25,0.0,0.0
10,8,2025-05-12,0,20,5,0.0,0.0,0.0,0.0,1.0,0.0
10,8,2025-05-19,0,21,5,0.0,0.0,0.0,0.0,1.0,0.0
10,8,2025-05-26,0,22,5,0.0,0.0,0.0,0.0,1.0,1.0
10,8,2025-06-02,1,23,6,0.0,0.0,0.0,0.0,1.0,0.0
10,8,2025-06-09,0,24,6,1.0,0.0,0.0,0.25,0.0,1.0
10,8,2025-06-16,1,25,6,0.0,1.0,0.0,0.25,4.0,1.0
10,8,2025-06-23,1,26,6,1.0,0.0,0.0,0.5,2.0,1.0
10,8,2025-06-30,1,27,6,1.0,1.0,1.0,0.75,1.3333333333333333,0.0
10,8,2025-07-07,0,28,7,1.0,1.0,0.0,0.75,0.0,1.0
10,8,2025-07-14,1,29,7,0.0,1.0,1.0,0.75,1.3333333333333333,1.0
10,8,2025-07-21,1,30,7,1.0,0.0,1.0,0.75,1.3333333333333333,0.0
10,8,2025-07-28,0,31,7,1.0,1.0,1.0,0.75,0.0,1.0
10,8,2025-08-04,1,32,8,0.0,1.0,0.0,0.5,2.0,2.0
10,8,2025-08-11,2,33,8,1.0,0.0,1.0,0.75,2.6666666666666665,0.0
10,8,2025-08-18,0,34,8,2.0,1.0,1.0,1.0,0.0,2.0
10,8,2025-08-25,2,35,8,0.0,2.0,0.0,0.75,2.6666666666666665,1.0
10,8,2025-09-01,1,36,9,2.0,0.0,1.0,1.25,0.8,0.0
10,8,2025-09-08,0,37,9,1.0,2.0,2.0,1.25,0.0,1.0
10,8,2025-09-15,1,38,9,0.0,1.0,0.0,0.75,1.3333333333333333,2.0
10,8,2025-09-22,2,39,9,1.0,0.0,2.0,1.0,2.0,0.0
10,8,2025-09-29,0,40,9,2.0,1.0,1.0,1.0,0.0,0.0
10,8,2025-10-06,0,41,10,0.0,2.0,0.0,0.75,0.0,0.0
10,8,2025-10-13,0,42,10,0.0,0.0,1.0,0.75,0.0,0.0
10,8,2025-10-20,0,43,10,0.0,0.0,2.0,0.5,0.0,0.0
10,8,2025-10-27,0,44,10,0.0,0.0,0.0,0.0,1.0,0.0
10,8,2025-11-03,0,45,11,0.0,0.0,0.0,0.0,1.0,0.0
10,8,2025-11-10,0,46,11,0.0,0.0,0.0,0.0,1.0,0.0
10,8,2025-11-17,0,47,11,0.0,0.0,0.0,0.0,1.0,1.0
10,8,2025-11-24,1,48,11,0.0,0.0,0.0,0.0,1.0,3.0
10,8,2025-12-01,3,49,12,1.0,0.0,0.0,0.25,12.0,0.0
10,8,2025-12-08,0,50,12,3.0,1.0,0.0,1.0,0.0,0.0
10,8,2025-12-15,0,51,12,0.0,3.0,0.0,1.0,0.0,0.0
10,8,2025-12-22,0,52,12,0.0,0.0,1.0,1.0,0.0,0.0
10,8,2025-12-29,0,1,12,0.0,0.0,3.0,0.75,0.0,1.0
10,8,2026-01-05,1,2,1,0.0,0.0,0.0,0.0,1.0,0.0
10,8,2026-01-12,0,3,1,1.0,0.0,0.0,0.25,0.0,0.0
10,8,2026-01-19,0,4,1,0.0,1.0,0.0,0.25,0.0,0.0
10,8,2026-01-26,0,5,1,0.0,0.0,0.0,0.25,0.0,1.0
10,8,2026-02-02,1,6,2,0.0,0.0,1.0,0.25,4.0,0.0
10,8,2026-02-09,0,7,2,1.0,0.0,0.0,0.25,0.0,0.0
10,8,2026-02-16,0,8,2,0.0,1.0,0.0,0.25,0.0,0.0
10,8,2026-02-23,0,9,2,0.0,0.0,0.0,0.25,0.0,3.0
10,8,2026-03-02,3,10,3,0.0,0.0,1.0,0.25,12.0,0.0
10,8,2026-03-09,0,11,3,3.0,0.0,0.0,0.75,0.0,0.0
10,8,2026-03-16,0,12,3,0.0,3.0,0.0,0.75,0.0,0.0
10,8,2026-03-23,0,13,3,0.0,0.0,0.0,0.75,0.0,0.0
10,8,2026-03-30,0,14,3,0.0,0.0,3.0,0.75,0.0,0.0
10,8,2026-04-06,0,15,4,0.0,0.0,0.0,0.0,1.0,1.0
10,8,2026-04-13,1,16,4,0.0,0.0,0.0,0.0,1.0,1.0
10,8,2026-04-20,1,17,4,1.0,0.0,0.0,0.25,4.0,1.0
10,8,2026-04-27,1,18,4,1.0,1.0,0.0,0.5,2.0,1.0
10,8,2026-05-04,1,19,5,1.0,1.0,0.0,0.75,1.3333333333333333,0.0
10,8,2026-05-11,0,20,5,1.0,1.0,1.0,1.0,0.0,0.0
10,8,2026-05-18,0,21,5,0.0,1.0,1.0,0.75,0.0,0.0
10,8,2026-05-25,0,22,5,0.0,0.0,1.0,0.5,0.0,0.0
10,8,2026-06-01,0,23,6,0.0,0.0,1.0,0.25,0.0,0.0
10,8,2026-06-08,0,24,6,0.0,0.0,0.0,0.0,1.0,1.0
10,8,2026-06-15,1,25,6,0.0,0.0,0.0,0.0,1.0,0.0
10,8,2026-06-22,0,26,6,1.0,0.0,0.0,0.25,0.0,0.0
10,9,2024-01-29,1,5,1,1.0,0.0,3.0,1.0,1.0,1.0
10,9,2024-02-05,1,6,2,1.0,1.0,0.0,0.5,2.0,0.0
10,9,2024-02-12,0,7,2,1.0,1.0,0.0,0.75,0.0,0.0
10,9,2024-02-19,0,8,2,0.0,1.0,1.0,0.75,0.0,0.0
10,9,2024-02-26,0,9,2,0.0,0.0,1.0,0.5,0.0,0.0
10,9,2024-03-04,0,10,3,0.0,0.0,1.0,0.25,0.0,1.0
10,9,2024-03-11,1,11,3,0.0,0.0,0.0,0.0,1.0,0.0
10,9,2024-03-18,0,12,3,1.0,0.0,0.0,0.25,0.0,0.0
10,9,2024-03-25,0,13,3,0.0,1.0,0.0,0.25,0.0,1.0
10,9,2024-04-01,1,14,4,0.0,0.0,0.0,0.25,4.0,0.0
10,9,2024-04-08,0,15,4,1.0,0.0,1.0,0.5,0.0,1.0
10,9,2024-04-15,1,16,4,0.0,1.0,0.0,0.25,4.0,0.0
10,9,2024-04-22,0,17,4,1.0,0.0,0.0,0.5,0.0,0.0
10,9,2024-04-29,0,18,4,0.0,1.0,1.0,0.5,0.0,0.0
10,9,2024-05-06,0,19,5,0.0,0.0,0.0,0.25,0.0,0.0
10,9,2024-05-13,0,20,5,0.0,0.0,1.0,0.25,0.0,1.0
10,9,2024-05-20,1,21,5,0.0,0.0,0.0,0.0,1.0,0.0
10,9,2024-05-27,0,22,5,1.0,0.0,0.0,0.25,0.0,0.0
10,9,2024-06-03,0,23,6,0.0,1.0,0.0,0.25,0.0,1.0
10,9,2024-06-10,1,24,6,0.0,0.0,0.0,0.25,4.0,0.0
10,9,2024-06-17,0,25,6,1.0,0.0,1.0,0.5,0.0,0.0
10,9,2024-06-24,0,26,6,0.0,1.0,0.0,0.25,0.0,0.0
10,9,2024-07-01,0,27,7,0.0,0.0,0.0,0.25,0.0,1.0
10,9,2024-07-08,1,28,7,0.0,0.0,1.0,0.25,4.0,0.0
10,9,2024-07-15,0,29,7,1.0,0.0,0.0,0.25,0.0,2.0
10,9,2024-07-22,2,30,7,0.0,1.0,0.0,0.25,8.0,0.0
10,9,2024-07-29,0,31,7,2.0,0.0,0.0,0.75,0.0,0.0
10,9,2024-08-05,0,32,8,0.0,2.0,1.0,0.75,0.0,0.0
10,9,2024-08-12,0,33,8,0.0,0.0,0.0,0.5,0.0,1.0
10,9,2024-08-19,1,34,8,0.0,0.0,2.0,0.5,2.0,0.0
10,9,2024-08-26,0,35,8,1.0,0.0,0.0,0.25,0.0,0.0
10,9,2024-09-02,0,36,9,0.0,1.0,0.0,0.25,0.0,0.0
10,9,2024-09-09,0,37,9,0.0,0.0,0.0,0.25,0.0,1.0
10,9,2024-09-16,1,38,9,0.0,0.0,1.0,0.25,4.0,0.0
10,9,2024-09-23,0,39,9,1.0,0.0,0.0,0.25,0.0,0.0
10,9,2024-09-30,0,40,9,0.0,1.0,0.0,0.25,0.0,0.0
10,9,2024-10-07,0,41,10,0.0,0.0,0.0,0.25,0.0,1.0
10,9,2024-10-14,1,42,10,0.0,0.0,1.0,0.25,4.0,0.0
10,9,2024-10-21,0,43,10,1.0,0.0,0.0,0.25,0.0,1.0
10,9,2024-10-28,1,44,10,0.0,1.0,0.0,0.25,4.0,0.0
10,9,2024-11-04,0,45,11,1.0,0.0,0.0,0.5,0.0,0.0
10,9,2024-11-11,0,46,11,0.0,1.0,1.0,0.5,0.0,2.0
10,9,2024-11-18,2,47,11,0.0,0.0,0.0,0.25,8.0,1.0
10,9,2024-11-25,1,48,11,2.0,0.0,1.0,0.75,1.3333333333333333,0.0
10,9,2024-12-02,0,49,12,1.0,2.0,0.0,0.75,0.0,0.0
10,9,2024-12-09,0,50,12,0.0,1.0,0.0,0.75,0.0,3.0
10,9,2024-12-16,3,51,12,0.0,0.0,2.0,0.75,4.0,1.0
10,9,2024-12-23,1,52,12,3.0,0.0,1.0,1.0,1.0,0.0
10,9,2024-12-30,0,1,12,1.0,3.0,0.0,1.0,0.0,0.0
10,9,2025-01-06,0,2,1,0.0,1.0,0.0,1.0,0.0,0.0
10,9,2025-01-13,0,3,1,0.0,0.0,3.0,1.0,0.0,1.0
10,9,2025-01-20,1,4,1,0.0,0.0,1.0,0.25,4.0,1.0
10,9,2025-01-27,1,5,1,1.0,0.0,0.0,0.25,4.0,0.0
10,9,2025-02-03,0,6,2,1.0,1.0,0.0,0.5,0.0,0.0
10,9,2025-02-10,0,7,2,0.0,1.0,0.0,0.5,0.0,0.0
10,9,2025-02-17,0,8,2,0.0,0.0,1.0,0.5,0.0,0.0
10,9,2025-02-24,0,9,2,0.0,0.0,1.0,0.25,0.0,0.0
10,9,2025-03-03,0,10,3,0.0,0.0,0.0,0.0,1.0,0.0
10,9,2025-03-10,0,11,3,0.0,0.0,0.0,0.0,1.0,1.0
10,9,2025-03-17,1,12,3,0.0,0.0,0.0,0.0,1.0,1.0
10,9,2025-03-24,1,13,3,1.0,0.0,0.0,0.25,4.0,0.0
10,9,2025-03-31,0,14,3,1.0,1.0,0.0,0.5,0.0,0.0
10,9,2025-04-07,0,15,4,0.0,1.0,0.0,0.5,0.0,0.0
10,9,2025-04-14,0,16,4,0.0,0.0,1.0,0.5,0.0,0.0
10,9,2025-04-21,0,17,4,0.0,0.0,1.0,0.25,0.0,0.0
10,9,2025-04-28,0,18,4,0.0,0.0,0.0,0.0,1.0,0.0
10,9,2025-05-05,0,19,5,0.0,0.0,0.0,0.0,1.0,0.0
10,9,2025-05-12,0,20,5,0.0,0.0,0.0,0.0,1.0,0.0
10,9,2025-05-19,0,21,5,0.0,0.0,0.0,0.0,1.0,0.0
10,9,2025-05-26,0,22,5,0.0,0.0,0.0,0.0,1.0,0.0
10,9,2025-06-02,0,23,6,0.0,0.0,0.0,0.0,1.0,3.0
10,9,2025-06-09,3,24,6,0.0,0.0,0.0,0.0,1.0,0.0
10,9,2025-06-16,0,25,6,3.0,0.0,0.0,0.75,0.0,0.0
10,9,2025-06-23,0,26,6,0.0,3.0,0.0,0.75,0.0,0.0
10,9,2025-06-30,0,27,6,0.0,0.0,0.0,0.75,0.0,1.0
10,9,2025-07-07,1,28,7,0.0,0.0,3.0,0.75,1.3333333333333333,0.0
10,9,2025-07-14,0,29,7,1.0,0.0,0.0,0.25,0.0,0.0
10,9,2025-07-21,0,30,7,0.0,1.0,0.0,0.25,0.0,0.0
10,9,2025-07-28,0,31,7,0.0,0.0,0.0,0.25,0.0,0.0
10,9,2025-08-04,0,32,8,0.0,0.0,1.0,0.25,0.0,1.0
10,9,2025-08-11,1,33,8,0.0,0.0,0.0,0.0,1.0,0.0
10,9,2025-08-18,0,34,8,1.0,0.0,0.0,0.25,0.0,0.0
10,9,2025-08-25,0,35,8,0.0,1.0,0.0,0.25,0.0,0.0
10,9,2025-09-01,0,36,9,0.0,0.0,0.0,0.25,0.0,1.0
10,9,2025-09-08,1,37,9,0.0,0.0,1.0,0.25,4.0,0.0
10,9,2025-09-15,0,38,9,1.0,0.0,0.0,0.25,0.0,2.0
10,9,2025-09-22,2,39,9,0.0,1.0,0.0,0.25,8.0,0.0
10,9,2025-09-29,0,40,9,2.0,0.0,0.0,0.75,0.0,1.0
10,9,2025-10-06,1,41,10,0.0,2.0,1.0,0.75,1.3333333333333333,0.0
10,9,2025-10-13,0,42,10,1.0,0.0,0.0,0.75,0.0,0.0
10,9,2025-10-20,0,43,10,0.0,1.0,2.0,0.75,0.0,0.0
10,9,2025-10-27,0,44,10,0.0,0.0,0.0,0.25,0.0,0.0
10,9,2025-11-03,0,45,11,0.0,0.0,1.0,0.25,0.0,0.0
10,9,2025-11-10,0,46,11,0.0,0.0,0.0,0.0,1.0,0.0
10,9,2025-11-17,0,47,11,0.0,0.0,0.0,0.0,1.0,0.0
10,9,2025-11-24,0,48,11,0.0,0.0,0.0,0.0,1.0,1.0
10,9,2025-12-01,1,49,12,0.0,0.0,0.0,0.0,1.0,2.0
10,9,2025-12-08,2,50,12,1.0,0.0,0.0,0.25,8.0,1.0
10,9,2025-12-15,1,51,12,2.0,1.0,0.0,0.75,1.3333333333333333,0.0
10,9,2025-12-22,0,52,12,1.0,2.0,0.0,1.0,0.0,0.0
10,9,2025-12-29,0,1,12,0.0,1.0,1.0,1.0,0.0,0.0
10,9,2026-01-05,0,2,1,0.0,0.0,2.0,0.75,0.0,0.0
10,9,2026-01-12,0,3,1,0.0,0.0,1.0,0.25,0.0,0.0
10,9,2026-01-19,0,4,1,0.0,0.0,0.0,0.0,1.0,1.0
10,9,2026-01-26,1,5,1,0.0,0.0,0.0,0.0,1.0,1.0
10,9,2026-02-02,1,6,2,1.0,0.0,0.0,0.25,4.0,0.0
10,9,2026-02-09,0,7,2,1.0,1.0,0.0,0.5,0.0,0.0
10,9,2026-02-16,0,8,2,0.0,1.0,0.0,0.5,0.0,1.0
10,9,2026-02-23,1,9,2,0.0,0.0,1.0,0.5,2.0,1.0
10,9,2026-03-02,1,10,3,1.0,0.0,1.0,0.5,2.0,0.0
10,9,2026-03-09,0,11,3,1.0,1.0,0.0,0.5,0.0,0.0
10,9,2026-03-16,0,12,3,0.0,1.0,0.0,0.5,0.0,1.0
10,9,2026-03-23,1,13,3,0.0,0.0,1.0,0.5,2.0,1.0
10,9,2026-03-30,1,14,3,1.0,0.0,1.0,0.5,2.0,0.0
10,9,2026-04-06,0,15,4,1.0,1.0,0.0,0.5,0.0,0.0
10,9,2026-04-13,0,16,4,0.0,1.0,0.0,0.5,0.0,0.0
10,9,2026-04-20,0,17,4,0.0,0.0,1.0,0.5,0.0,0.0
10,9,2026-04-27,0,18,4,0.0,0.0,1.0,0.25,0.0,0.0
10,9,2026-05-04,0,19,5,0.0,0.0,0.0,0.0,1.0,0.0
10,9,2026-05-11,0,20,5,0.0,0.0,0.0,0.0,1.0,0.0
10,9,2026-05-18,0,21,5,0.0,0.0,0.0,0.0,1.0,1.0
10,9,2026-05-25,1,22,5,0.0,0.0,0.0,0.0,1.0,0.0
10,9,2026-06-01,0,23,6,1.0,0.0,0.0,0.25,0.0,1.0
10,9,2026-06-08,1,24,6,0.0,1.0,0.0,0.25,4.0,2.0
10,9,2026-06-15,2,25,6,1.0,0.0,0.0,0.5,4.0,0.0
10,9,2026-06-22,0,26,6,2.0,1.0,1.0,1.0,0.0,0.0
10,10,2024-01-29,0,5,1,0.0,0.0,1.0,0.25,0.0,0.0
10,10,2024-02-05,0,6,2,0.0,0.0,0.0,0.0,1.0,0.0
10,10,2024-02-12,0,7,2,0.0,0.0,0.0,0.0,1.0,2.0
10,10,2024-02-19,2,8,2,0.0,0.0,0.0,0.0,1.0,0.0
10,10,2024-02-26,0,9,2,2.0,0.0,0.0,0.5,0.0,0.0
10,10,2024-03-04,0,10,3,0.0,2.0,0.0,0.5,0.0,0.0
10,10,2024-03-11,0,11,3,0.0,0.0,0.0,0.5,0.0,0.0
10,10,2024-03-18,0,12,3,0.0,0.0,2.0,0.5,0.0,1.0
10,10,2024-03-25,1,13,3,0.0,0.0,0.0,0.0,1.0,0.0
10,10,2024-04-01,0,14,4,1.0,0.0,0.0,0.25,0.0,0.0
10,10,2024-04-08,0,15,4,0.0,1.0,0.0,0.25,0.0,0.0
10,10,2024-04-15,0,16,4,0.0,0.0,0.0,0.25,0.0,0.0
10,10,2024-04-22,0,17,4,0.0,0.0,1.0,0.25,0.0,0.0
10,10,2024-04-29,0,18,4,0.0,0.0,0.0,0.0,1.0,0.0
10,10,2024-05-06,0,19,5,0.0,0.0,0.0,0.0,1.0,1.0
10,10,2024-05-13,1,20,5,0.0,0.0,0.0,0.0,1.0,0.0
10,10,2024-05-20,0,21,5,1.0,0.0,0.0,0.25,0.0,0.0
10,10,2024-05-27,0,22,5,0.0,1.0,0.0,0.25,0.0,0.0
10,10,2024-06-03,0,23,6,0.0,0.0,0.0,0.25,0.0,0.0
10,10,2024-06-10,0,24,6,0.0,0.0,1.0,0.25,0.0,0.0
10,10,2024-06-17,0,25,6,0.0,0.0,0.0,0.0,1.0,0.0
10,10,2024-06-24,0,26,6,0.0,0.0,0.0,0.0,1.0,0.0
10,10,2024-07-01,0,27,7,0.0,0.0,0.0,0.0,1.0,0.0
10,10,2024-07-08,0,28,7,0.0,0.0,0.0,0.0,1.0,0.0
10,10,2024-07-15,0,29,7,0.0,0.0,0.0,0.0,1.0,2.0
10,10,2024-07-22,2,30,7,0.0,0.0,0.0,0.0,1.0,1.0
10,10,2024-07-29,1,31,7,2.0,0.0,0.0,0.5,2.0,0.0
10,10,2024-08-05,0,32,8,1.0,2.0,0.0,0.75,0.0,0.0
10,10,2024-08-12,0,33,8,0.0,1.0,0.0,0.75,0.0,1.0
10,10,2024-08-19,1,34,8,0.0,0.0,2.0,0.75,1.3333333333333333,0.0
10,10,2024-08-26,0,35,8,1.0,0.0,1.0,0.5,0.0,0.0
10,10,2024-09-02,0,36,9,0.0,1.0,0.0,0.25,0.0,0.0
10,10,2024-09-09,0,37,9,0.0,0.0,0.0,0.25,0.0,1.0
10,10,2024-09-16,1,38,9,0.0,0.0,1.0,0.25,4.0,0.0
10,10,2024-09-23,0,39,9,1.0,0.0,0.0,0.25,0.0,0.0
10,10,2024-09-30,0,40,9,0.0,1.0,0.0,0.25,0.0,0.0
10,10,2024-10-07,0,41,10,0.0,0.0,0.0,0.25,0.0,1.0
10,10,2024-10-14,1,42,10,0.0,0.0,1.0,0.25,4.0,1.0
10,10,2024-10-21,1,43,10,1.0,0.0,0.0,0.25,4.0,1.0
10,10,2024-10-28,1,44,10,1.0,1.0,0.0,0.5,2.0,0.0
10,10,2024-11-04,0,45,11,1.0,1.0,0.0,0.75,0.0,1.0
10,10,2024-11-11,1,46,11,0.0,1.0,1.0,0.75,1.3333333333333333,0.0
10,10,2024-11-18,0,47,11,1.0,0.0,1.0,0.75,0.0,0.0
10,10,2024-11-25,0,48,11,0.0,1.0,1.0,0.5,0.0,0.0
10,10,2024-12-02,0,49,12,0.0,0.0,0.0,0.25,0.0,0.0
10,10,2024-12-09,0,50,12,0.0,0.0,1.0,0.25,0.0,0.0
10,10,2024-12-16,0,51,12,0.0,0.0,0.0,0.0,1.0,0.0
10,10,2024-12-23,0,52,12,0.0,0.0,0.0,0.0,1.0,0.0
10,10,2024-12-30,0,1,12,0.0,0.0,0.0,0.0,1.0,0.0
10,10,2025-01-06,0,2,1,0.0,0.0,0.0,0.0,1.0,1.0
10,10,2025-01-13,1,3,1,0.0,0.0,0.0,0.0,1.0,1.0
10,10,2025-01-20,1,4,1,1.0,0.0,0.0,0.25,4.0,1.0
10,10,2025-01-27,1,5,1,1.0,1.0,0.0,0.5,2.0,0.0
10,10,2025-02-03,0,6,2,1.0,1.0,0.0,0.75,0.0,1.0
10,10,2025-02-10,1,7,2,0.0,1.0,1.0,0.75,1.3333333333333333,0.0
10,10,2025-02-17,0,8,2,1.0,0.0,1.0,0.75,0.0,0.0
10,10,2025-02-24,0,9,2,0.0,1.0,1.0,0.5,0.0,0.0
10,10,2025-03-03,0,10,3,0.0,0.0,0.0,0.25,0.0,0.0
10,10,2025-03-10,0,11,3,0.0,0.0,1.0,0.25,0.0,0.0
10,10,2025-03-17,0,12,3,0.0,0.0,0.0,0.0,1.0,1.0
10,10,2025-03-24,1,13,3,0.0,0.0,0.0,0.0,1.0,0.0
10,10,2025-03-31,0,14,3,1.0,0.0,0.0,0.25,0.0,0.0
10,10,2025-04-07,0,15,4,0.0,1.0,0.0,0.25,0.0,0.0
10,10,2025-04-14,0,16,4,0.0,0.0,0.0,0.25,0.0,1.0
10,10,2025-04-21,1,17,4,0.0,0.0,1.0,0.25,4.0,2.0
10,10,2025-04-28,2,18,4,1.0,0.0,0.0,0.25,8.0,0.0
10,10,2025-05-05,0,19,5,2.0,1.0,0.0,0.75,0.0,0.0
10,10,2025-05-12,0,20,5,0.0,2.0,0.0,0.75,0.0,0.0
10,10,2025-05-19,0,21,5,0.0,0.0,1.0,0.75,0.0,1.0
10,10,2025-05-26,1,22,5,0.0,0.0,2.0,0.5,2.0,1.0
10,10,2025-06-02,1,23,6,1.0,0.0,0.0,0.25,4.0,0.0
10,10,2025-06-09,0,24,6,1.0,1.0,0.0,0.5,0.0,1.0
10,10,2025-06-16,1,25,6,0.0,1.0,0.0,0.5,2.0,0.0
10,10,2025-06-23,0,26,6,1.0,0.0,1.0,0.75,0.0,0.0
10,10,2025-06-30,0,27,6,0.0,1.0,1.0,0.5,0.0,0.0
10,10,2025-07-07,0,28,7,0.0,0.0,0.0,0.25,0.0,0.0
10,10,2025-07-14,0,29,7,0.0,0.0,1.0,0.25,0.0,0.0
10,10,2025-07-21,0,30,7,0.0,0.0,0.0,0.0,1.0,0.0
10,10,2025-07-28,0,31,7,0.0,0.0,0.0,0.0,1.0,0.0
10,10,2025-08-04,0,32,8,0.0,0.0,0.0,0.0,1.0,1.0
10,10,2025-08-11,1,33,8,0.0,0.0,0.0,0.0,1.0,0.0
10,10,2025-08-18,0,34,8,1.0,0.0,0.0,0.25,0.0,0.0
10,10,2025-08-25,0,35,8,0.0,1.0,0.0,0.25,0.0,0.0
10,10,2025-09-01,0,36,9,0.0,0.0,0.0,0.25,0.0,0.0
10,10,2025-09-08,0,37,9,0.0,0.0,1.0,0.25,0.0,0.0
10,10,2025-09-15,0,38,9,0.0,0.0,0.0,0.0,1.0,0.0
10,10,2025-09-22,0,39,9,0.0,0.0,0.0,0.0,1.0,0.0
10,10,2025-09-29,0,40,9,0.0,0.0,0.0,0.0,1.0,0.0
10,10,2025-10-06,0,41,10,0.0,0.0,0.0,0.0,1.0,0.0
10,10,2025-10-13,0,42,10,0.0,0.0,0.0,0.0,1.0,1.0
10,10,2025-10-20,1,43,10,0.0,0.0,0.0,0.0,1.0,0.0
10,10,2025-10-27,0,44,10,1.0,0.0,0.0,0.25,0.0,0.0
10,10,2025-11-03,0,45,11,0.0,1.0,0.0,0.25,0.0,0.0
10,10,2025-11-10,0,46,11,0.0,0.0,0.0,0.25,0.0,0.0
10,10,2025-11-17,0,47,11,0.0,0.0,1.0,0.25,0.0,1.0
10,10,2025-11-24,1,48,11,0.0,0.0,0.0,0.0,1.0,1.0
10,10,2025-12-01,1,49,12,1.0,0.0,0.0,0.25,4.0,1.0
10,10,2025-12-08,1,50,12,1.0,1.0,0.0,0.5,2.0,0.0
10,10,2025-12-15,0,51,12,1.0,1.0,0.0,0.75,0.0,1.0
10,10,2025-12-22,1,52,12,0.0,1.0,1.0,0.75,1.3333333333333333,2.0
10,10,2025-12-29,2,1,12,1.0,0.0,1.0,0.75,2.6666666666666665,2.0
10,10,2026-01-05,2,2,1,2.0,1.0,1.0,1.0,2.0,1.0
10,10,2026-01-12,1,3,1,2.0,2.0,0.0,1.25,0.8,1.0
10,10,2026-01-19,1,4,1,1.0,2.0,1.0,1.5,0.6666666666666666,0.0
10,10,2026-01-26,0,5,1,1.0,1.0,2.0,1.5,0.0,0.0
10,10,2026-02-02,0,6,2,0.0,1.0,2.0,1.0,0.0,0.0
10,10,2026-02-09,0,7,2,0.0,0.0,1.0,0.5,0.0,0.0
10,10,2026-02-16,0,8,2,0.0,0.0,1.0,0.25,0.0,0.0
10,10,2026-02-23,0,9,2,0.0,0.0,0.0,0.0,1.0,0.0
10,10,2026-03-02,0,10,3,0.0,0.0,0.0,0.0,1.0,1.0
10,10,2026-03-09,1,11,3,0.0,0.0,0.0,0.0,1.0,0.0
10,10,2026-03-16,0,12,3,1.0,0.0,0.0,0.25,0.0,0.0
10,10,2026-03-23,0,13,3,0.0,1.0,0.0,0.25,0.0,1.0
10,10,2026-03-30,1,14,3,0.0,0.0,0.0,0.25,4.0,0.0
10,10,2026-04-06,0,15,4,1.0,0.0,1.0,0.5,0.0,0.0
10,10,2026-04-13,0,16,4,0.0,1.0,0.0,0.25,0.0,2.0
10,10,2026-04-20,2,17,4,0.0,0.0,0.0,0.25,8.0,1.0
10,10,2026-04-27,1,18,4,2.0,0.0,1.0,0.75,1.3333333333333333,0.0
10,10,2026-05-04,0,19,5,1.0,2.0,0.0,0.75,0.0,1.0
10,10,2026-05-11,1,20,5,0.0,1.0,0.0,0.75,1.3333333333333333,0.0
10,10,2026-05-18,0,21,5,1.0,0.0,2.0,1.0,0.0,0.0
10,10,2026-05-25,0,22,5,0.0,1.0,1.0,0.5,0.0,0.0
10,10,2026-06-01,0,23,6,0.0,0.0,0.0,0.25,0.0,0.0
10,10,2026-06-08,0,24,6,0.0,0.0,1.0,0.25,0.0,0.0
10,10,2026-06-15,0,25,6,0.0,0.0,0.0,0.0,1.0,0.0
10,10,2026-06-22,0,26,6,0.0,0.0,0.0,0.0,1.0,0.0
10,11,2024-01-29,0,5,1,0.0,1.0,1.0,0.5,0.0,0.0
10,11,2024-02-05,0,6,2,0.0,0.0,0.0,0.25,0.0,0.0
10,11,2024-02-12,0,7,2,0.0,0.0,1.0,0.25,0.0,0.0
10,11,2024-02-19,0,8,2,0.0,0.0,0.0,0.0,1.0,0.0
10,11,2024-02-26,0,9,2,0.0,0.0,0.0,0.0,1.0,0.0
10,11,2024-03-04,0,10,3,0.0,0.0,0.0,0.0,1.0,1.0
10,11,2024-03-11,1,11,3,0.0,0.0,0.0,0.0,1.0,1.0
10,11,2024-03-18,1,12,3,1.0,0.0,0.0,0.25,4.0,3.0
10,11,2024-03-25,3,13,3,1.0,1.0,0.0,0.5,6.0,0.0
10,11,2024-04-01,0,14,4,3.0,1.0,0.0,1.25,0.0,0.0
10,11,2024-04-08,0,15,4,0.0,3.0,1.0,1.25,0.0,0.0
10,11,2024-04-15,0,16,4,0.0,0.0,1.0,1.0,0.0,1.0
10,11,2024-04-22,1,17,4,0.0,0.0,3.0,0.75,1.3333333333333333,0.0
10,11,2024-04-29,0,18,4,1.0,0.0,0.0,0.25,0.0,0.0
10,11,2024-05-06,0,19,5,0.0,1.0,0.0,0.25,0.0,0.0
10,11,2024-05-13,0,20,5,0.0,0.0,0.0,0.25,0.0,1.0
10,11,2024-05-20,1,21,5,0.0,0.0,1.0,0.25,4.0,0.0
10,11,2024-05-27,0,22,5,1.0,0.0,0.0,0.25,0.0,0.0
10,11,2024-06-03,0,23,6,0.0,1.0,0.0,0.25,0.0,1.0
10,11,2024-06-10,1,24,6,0.0,0.0,0.0,0.25,4.0,0.0
10,11,2024-06-17,0,25,6,1.0,0.0,1.0,0.5,0.0,1.0
10,11,2024-06-24,1,26,6,0.0,1.0,0.0,0.25,4.0,0.0
10,11,2024-07-01,0,27,7,1.0,0.0,0.0,0.5,0.0,0.0
10,11,2024-07-08,0,28,7,0.0,1.0,1.0,0.5,0.0,1.0
10,11,2024-07-15,1,29,7,0.0,0.0,0.0,0.25,4.0,0.0
10,11,2024-07-22,0,30,7,1.0,0.0,1.0,0.5,0.0,1.0
10,11,2024-07-29,1,31,7,0.0,1.0,0.0,0.25,4.0,1.0
10,11,2024-08-05,1,32,8,1.0,0.0,0.0,0.5,2.0,0.0
10,11,2024-08-12,0,33,8,1.0,1.0,1.0,0.75,0.0,0.0
10,11,2024-08-19,0,34,8,0.0,1.0,0.0,0.5,0.0,0.0
10,11,2024-08-26,0,35,8,0.0,0.0,1.0,0.5,0.0,0.0
10,11,2024-09-02,0,36,9,0.0,0.0,1.0,0.25,0.0,1.0
10,11,2024-09-09,1,37,9,0.0,0.0,0.0,0.0,1.0,0.0
10,11,2024-09-16,0,38,9,1.0,0.0,0.0,0.25,0.0,0.0
10,11,2024-09-23,0,39,9,0.0,1.0,0.0,0.25,0.0,0.0
10,11,2024-09-30,0,40,9,0.0,0.0,0.0,0.25,0.0,1.0
10,11,2024-10-07,1,41,10,0.0,0.0,1.0,0.25,4.0,0.0
10,11,2024-10-14,0,42,10,1.0,0.0,0.0,0.25,0.0,0.0
10,11,2024-10-21,0,43,10,0.0,1.0,0.0,0.25,0.0,0.0
10,11,2024-10-28,0,44,10,0.0,0.0,0.0,0.25,0.0,1.0
10,11,2024-11-04,1,45,11,0.0,0.0,1.0,0.25,4.0,0.0
10,11,2024-11-11,0,46,11,1.0,0.0,0.0,0.25,0.0,0.0
10,11,2024-11-18,0,47,11,0.0,1.0,0.0,0.25,0.0,0.0
10,11,2024-11-25,0,48,11,0.0,0.0,0.0,0.25,0.0,1.0
10,11,2024-12-02,1,49,12,0.0,0.0,1.0,0.25,4.0,0.0
10,11,2024-12-09,0,50,12,1.0,0.0,0.0,0.25,0.0,0.0
10,11,2024-12-16,0,51,12,0.0,1.0,0.0,0.25,0.0,0.0
10,11,2024-12-23,0,52,12,0.0,0.0,0.0,0.25,0.0,1.0
10,11,2024-12-30,1,1,12,0.0,0.0,1.0,0.25,4.0,0.0
10,11,2025-01-06,0,2,1,1.0,0.0,0.0,0.25,0.0,0.0
10,11,2025-01-13,0,3,1,0.0,1.0,0.0,0.25,0.0,0.0
10,11,2025-01-20,0,4,1,0.0,0.0,0.0,0.25,0.0,0.0
10,11,2025-01-27,0,5,1,0.0,0.0,1.0,0.25,0.0,1.0
10,11,2025-02-03,1,6,2,0.0,0.0,0.0,0.0,1.0,1.0
10,11,2025-02-10,1,7,2,1.0,0.0,0.0,0.25,4.0,0.0
10,11,2025-02-17,0,8,2,1.0,1.0,0.0,0.5,0.0,1.0
10,11,2025-02-24,1,9,2,0.0,1.0,0.0,0.5,2.0,0.0
10,11,2025-03-03,0,10,3,1.0,0.0,1.0,0.75,0.0,0.0
10,11,2025-03-10,0,11,3,0.0,1.0,1.0,0.5,0.0,0.0
10,11,2025-03-17,0,12,3,0.0,0.0,0.0,0.25,0.0,0.0
10,11,2025-03-24,0,13,3,0.0,0.0,1.0,0.25,0.0,0.0
10,11,2025-03-31,0,14,3,0.0,0.0,0.0,0.0,1.0,1.0
10,11,2025-04-07,1,15,4,0.0,0.0,0.0,0.0,1.0,0.0
10,11,2025-04-14,0,16,4,1.0,0.0,0.0,0.25,0.0,2.0
10,11,2025-04-21,2,17,4,0.0,1.0,0.0,0.25,8.0,0.0
10,11,2025-04-28,0,18,4,2.0,0.0,0.0,0.75,0.0,1.0
10,11,2025-05-05,1,19,5,0.0,2.0,1.0,0.75,1.3333333333333333,1.0
10,11,2025-05-12,1,20,5,1.0,0.0,0.0,0.75,1.3333333333333333,0.0
10,11,2025-05-19,0,21,5,1.0,1.0,2.0,1.0,0.0,0.0
10,11,2025-05-26,0,22,5,0.0,1.0,0.0,0.5,0.0,0.0
10,11,2025-06-02,0,23,6,0.0,0.0,1.0,0.5,0.0,1.0
10,11,2025-06-09,1,24,6,0.0,0.0,1.0,0.25,4.0,1.0
10,11,2025-06-16,1,25,6,1.0,0.0,0.0,0.25,4.0,0.0
10,11,2025-06-23,0,26,6,1.0,1.0,0.0,0.5,0.0,1.0
10,11,2025-06-30,1,27,6,0.0,1.0,0.0,0.5,2.0,0.0
10,11,2025-07-07,0,28,7,1.0,0.0,1.0,0.75,0.0,1.0
10,11,2025-07-14,1,29,7,0.0,1.0,1.0,0.5,2.0,0.0
10,11,2025-07-21,0,30,7,1.0,0.0,0.0,0.5,0.0,0.0
10,11,2025-07-28,0,31,7,0.0,1.0,1.0,0.5,0.0,0.0
10,11,2025-08-04,0,32,8,0.0,0.0,0.0,0.25,0.0,0.0
10,11,2025-08-11,0,33,8,0.0,0.0,1.0,0.25,0.0,0.0
10,11,2025-08-18,0,34,8,0.0,0.0,0.0,0.0,1.0,0.0
10,11,2025-08-25,0,35,8,0.0,0.0,0.0,0.0,1.0,1.0
10,11,2025-09-01,1,36,9,0.0,0.0,0.0,0.0,1.0,0.0
10,11,2025-09-08,0,37,9,1.0,0.0,0.0,0.25,0.0,0.0
10,11,2025-09-15,0,38,9,0.0,1.0,0.0,0.25,0.0,2.0
10,11,2025-09-22,2,39,9,0.0,0.0,0.0,0.25,8.0,1.0
10,11,2025-09-29,1,40,9,2.0,0.0,1.0,0.75,1.3333333333333333,0.0
10,11,2025-10-06,0,41,10,1.0,2.0,0.0,0.75,0.0,0.0
10,11,2025-10-13,0,42,10,0.0,1.0,0.0,0.75,0.0,1.0
10,11,2025-10-20,1,43,10,0.0,0.0,2.0,0.75,1.3333333333333333,0.0
10,11,2025-10-27,0,44,10,1.0,0.0,1.0,0.5,0.0,0.0
10,11,2025-11-03,0,45,11,0.0,1.0,0.0,0.25,0.0,1.0
10,11,2025-11-10,1,46,11,0.0,0.0,0.0,0.25,4.0,0.0
10,11,2025-11-17,0,47,11,1.0,0.0,1.0,0.5,0.0,1.0
10,11,2025-11-24,1,48,11,0.0,1.0,0.0,0.25,4.0,1.0
10,11,2025-12-01,1,49,12,1.0,0.0,0.0,0.5,2.0,0.0
10,11,2025-12-08,0,50,12,1.0,1.0,1.0,0.75,0.0,0.0
10,11,2025-12-15,0,51,12,0.0,1.0,0.0,0.5,0.0,0.0
10,11,2025-12-22,0,52,12,0.0,0.0,1.0,0.5,0.0,0.0
10,11,2025-12-29,0,1,12,0.0,0.0,1.0,0.25,0.0,0.0
10,11,2026-01-05,0,2,1,0.0,0.0,0.0,0.0,1.0,0.0
10,11,2026-01-12,0,3,1,0.0,0.0,0.0,0.0,1.0,0.0
10,11,2026-01-19,0,4,1,0.0,0.0,0.0,0.0,1.0,0.0
10,11,2026-01-26,0,5,1,0.0,0.0,0.0,0.0,1.0,2.0
10,11,2026-02-02,2,6,2,0.0,0.0,0.0,0.0,1.0,3.0
10,11,2026-02-09,3,7,2,2.0,0.0,0.0,0.5,6.0,1.0
10,11,2026-02-16,1,8,2,3.0,2.0,0.0,1.25,0.8,0.0
10,11,2026-02-23,0,9,2,1.0,3.0,0.0,1.5,0.0,0.0
10,11,2026-03-02,0,10,3,0.0,1.0,2.0,1.5,0.0,0.0
10,11,2026-03-09,0,11,3,0.0,0.0,3.0,1.0,0.0,0.0
10,11,2026-03-16,0,12,3,0.0,0.0,1.0,0.25,0.0,0.0
10,11,2026-03-23,0,13,3,0.0,0.0,0.0,0.0,1.0,0.0
10,11,2026-03-30,0,14,3,0.0,0.0,0.0,0.0,1.0,0.0
10,11,2026-04-06,0,15,4,0.0,0.0,0.0,0.0,1.0,1.0
10,11,2026-04-13,1,16,4,0.0,0.0,0.0,0.0,1.0,0.0
10,11,2026-04-20,0,17,4,1.0,0.0,0.0,0.25,0.0,0.0
10,11,2026-04-27,0,18,4,0.0,1.0,0.0,0.25,0.0,2.0
10,11,2026-05-04,2,19,5,0.0,0.0,0.0,0.25,8.0,1.0
10,11,2026-05-11,1,20,5,2.0,0.0,1.0,0.75,1.3333333333333333,0.0
10,11,2026-05-18,0,21,5,1.0,2.0,0.0,0.75,0.0,0.0
10,11,2026-05-25,0,22,5,0.0,1.0,0.0,0.75,0.0,0.0
10,11,2026-06-01,0,23,6,0.0,0.0,2.0,0.75,0.0,0.0
10,11,2026-06-08,0,24,6,0.0,0.0,1.0,0.25,0.0,0.0
10,11,2026-06-15,0,25,6,0.0,0.0,0.0,0.0,1.0,1.0
10,11,2026-06-22,1,26,6,0.0,0.0,0.0,0.0,1.0,0.0
10,12,2024-01-29,1,5,1,1.0,0.0,0.0,0.25,4.0,1.0
10,12,2024-02-05,1,6,2,1.0,1.0,0.0,0.5,2.0,0.0
10,12,2024-02-12,0,7,2,1.0,1.0,0.0,0.75,0.0,1.0
10,12,2024-02-19,1,8,2,0.0,1.0,1.0,0.75,1.3333333333333333,0.0
10,12,2024-02-26,0,9,2,1.0,0.0,1.0,0.75,0.0,0.0
10,12,2024-03-04,0,10,3,0.0,1.0,1.0,0.5,0.0,1.0
10,12,2024-03-11,1,11,3,0.0,0.0,0.0,0.25,4.0,1.0
10,12,2024-03-18,1,12,3,1.0,0.0,1.0,0.5,2.0,1.0
10,12,2024-03-25,1,13,3,1.0,1.0,0.0,0.5,2.0,1.0
10,12,2024-04-01,1,14,4,1.0,1.0,0.0,0.75,1.3333333333333333,1.0
10,12,2024-04-08,1,15,4,1.0,1.0,1.0,1.0,1.0,0.0
10,12,2024-04-15,0,16,4,1.0,1.0,1.0,1.0,0.0,0.0
10,12,2024-04-22,0,17,4,0.0,1.0,1.0,0.75,0.0,2.0
10,12,2024-04-29,2,18,4,0.0,0.0,1.0,0.5,4.0,0.0
10,12,2024-05-06,0,19,5,2.0,0.0,1.0,0.75,0.0,1.0
10,12,2024-05-13,1,20,5,0.0,2.0,0.0,0.5,2.0,1.0
10,12,2024-05-20,1,21,5,1.0,0.0,0.0,0.75,1.3333333333333333,0.0
10,12,2024-05-27,0,22,5,1.0,1.0,2.0,1.0,0.0,1.0
10,12,2024-06-03,1,23,6,0.0,1.0,0.0,0.5,2.0,0.0
10,12,2024-06-10,0,24,6,1.0,0.0,1.0,0.75,0.0,0.0
10,12,2024-06-17,0,25,6,0.0,1.0,1.0,0.5,0.0,2.0
10,12,2024-06-24,2,26,6,0.0,0.0,0.0,0.25,8.0,1.0
10,12,2024-07-01,1,27,7,2.0,0.0,1.0,0.75,1.3333333333333333,0.0
10,12,2024-07-08,0,28,7,1.0,2.0,0.0,0.75,0.0,0.0
10,12,2024-07-15,0,29,7,0.0,1.0,0.0,0.75,0.0,1.0
10,12,2024-07-22,1,30,7,0.0,0.0,2.0,0.75,1.3333333333333333,0.0
10,12,2024-07-29,0,31,7,1.0,0.0,1.0,0.5,0.0,0.0
10,12,2024-08-05,0,32,8,0.0,1.0,0.0,0.25,0.0,0.0
10,12,2024-08-12,0,33,8,0.0,0.0,0.0,0.25,0.0,0.0
10,12,2024-08-19,0,34,8,0.0,0.0,1.0,0.25,0.0,0.0
10,12,2024-08-26,0,35,8,0.0,0.0,0.0,0.0,1.0,0.0
10,12,2024-09-02,0,36,9,0.0,0.0,0.0,0.0,1.0,0.0
10,12,2024-09-09,0,37,9,0.0,0.0,0.0,0.0,1.0,1.0
10,12,2024-09-16,1,38,9,0.0,0.0,0.0,0.0,1.0,1.0
10,12,2024-09-23,1,39,9,1.0,0.0,0.0,0.25,4.0,0.0
10,12,2024-09-30,0,40,9,1.0,1.0,0.0,0.5,0.0,0.0
10,12,2024-10-07,0,41,10,0.0,1.0,0.0,0.5,0.0,0.0
10,12,2024-10-14,0,42,10,0.0,0.0,1.0,0.5,0.0,1.0
10,12,2024-10-21,1,43,10,0.0,0.0,1.0,0.25,4.0,3.0
10,12,2024-10-28,3,44,10,1.0,0.0,0.0,0.25,12.0,0.0
10,12,2024-11-04,0,45,11,3.0,1.0,0.0,1.0,0.0,0.0
10,12,2024-11-11,0,46,11,0.0,3.0,0.0,1.0,0.0,0.0
10,12,2024-11-18,0,47,11,0.0,0.0,1.0,1.0,0.0,1.0
10,12,2024-11-25,1,48,11,0.0,0.0,3.0,0.75,1.3333333333333333,0.0
10,12,2024-12-02,0,49,12,1.0,0.0,0.0,0.25,0.0,0.0
10,12,2024-12-09,0,50,12,0.0,1.0,0.0,0.25,0.0,0.0
10,12,2024-12-16,0,51,12,0.0,0.0,0.0,0.25,0.0,1.0
10,12,2024-12-23,1,52,12,0.0,0.0,1.0,0.25,4.0,0.0
10,12,2024-12-30,0,1,12,1.0,0.0,0.0,0.25,0.0,1.0
10,12,2025-01-06,1,2,1,0.0,1.0,0.0,0.25,4.0,0.0
10,12,2025-01-13,0,3,1,1.0,0.0,0.0,0.5,0.0,0.0
10,12,2025-01-20,0,4,1,0.0,1.0,1.0,0.5,0.0,0.0
10,12,2025-01-27,0,5,1,0.0,0.0,0.0,0.25,0.0,0.0
10,12,2025-02-03,0,6,2,0.0,0.0,1.0,0.25,0.0,1.0
10,12,2025-02-10,1,7,2,0.0,0.0,0.0,0.0,1.0,0.0
10,12,2025-02-17,0,8,2,1.0,0.0,0.0,0.25,0.0,0.0
10,12,2025-02-24,0,9,2,0.0,1.0,0.0,0.25,0.0,0.0
10,12,2025-03-03,0,10,3,0.0,0.0,0.0,0.25,0.0,0.0
10,12,2025-03-10,0,11,3,0.0,0.0,1.0,0.25,0.0,0.0
10,12,2025-03-17,0,12,3,0.0,0.0,0.0,0.0,1.0,1.0
10,12,2025-03-24,1,13,3,0.0,0.0,0.0,0.0,1.0,0.0
10,12,2025-03-31,0,14,3,1.0,0.0,0.0,0.25,0.0,0.0
10,12,2025-04-07,0,15,4,0.0,1.0,0.0,0.25,0.0,2.0
10,12,2025-04-14,2,16,4,0.0,0.0,0.0,0.25,8.0,0.0
10,12,2025-04-21,0,17,4,2.0,0.0,1.0,0.75,0.0,0.0
10,12,2025-04-28,0,18,4,0.0,2.0,0.0,0.5,0.0,0.0
10,12,2025-05-05,0,19,5,0.0,0.0,0.0,0.5,0.0,0.0
10,12,2025-05-12,0,20,5,0.0,0.0,2.0,0.5,0.0,0.0
10,12,2025-05-19,0,21,5,0.0,0.0,0.0,0.0,1.0,0.0
10,12,2025-05-26,0,22,5,0.0,0.0,0.0,0.0,1.0,0.0
10,12,2025-06-02,0,23,6,0.0,0.0,0.0,0.0,1.0,0.0
10,12,2025-06-09,0,24,6,0.0,0.0,0.0,0.0,1.0,1.0
10,12,2025-06-16,1,25,6,0.0,0.0,0.0,0.0,1.0,0.0
10,12,2025-06-23,0,26,6,1.0,0.0,0.0,0.25,0.0,1.0
10,12,2025-06-30,1,27,6,0.0,1.0,0.0,0.25,4.0,1.0
10,12,2025-07-07,1,28,7,1.0,0.0,0.0,0.5,2.0,0.0
10,12,2025-07-14,0,29,7,1.0,1.0,1.0,0.75,0.0,0.0
10,12,2025-07-21,0,30,7,0.0,1.0,0.0,0.5,0.0,1.0
10,12,2025-07-28,1,31,7,0.0,0.0,1.0,0.5,2.0,1.0
10,12,2025-08-04,1,32,8,1.0,0.0,1.0,0.5,2.0,2.0
10,12,2025-08-11,2,33,8,1.0,1.0,0.0,0.5,4.0,2.0
10,12,2025-08-18,2,34,8,2.0,1.0,0.0,1.0,2.0,1.0
10,12,2025-08-25,1,35,8,2.0,2.0,1.0,1.5,0.6666666666666666,0.0
10,12,2025-09-01,0,36,9,1.0,2.0,1.0,1.5,0.0,1.0
10,12,2025-09-08,1,37,9,0.0,1.0,2.0,1.25,0.8,0.0
10,12,2025-09-15,0,38,9,1.0,0.0,2.0,1.0,0.0,0.0
10,12,2025-09-22,0,39,9,0.0,1.0,1.0,0.5,0.0,0.0
10,12,2025-09-29,0,40,9,0.0,0.0,0.0,0.25,0.0,1.0
10,12,2025-10-06,1,41,10,0.0,0.0,1.0,0.25,4.0,1.0
10,12,2025-10-13,1,42,10,1.0,0.0,0.0,0.25,4.0,0.0
10,12,2025-10-20,0,43,10,1.0,1.0,0.0,0.5,0.0,1.0
10,12,2025-10-27,1,44,10,0.0,1.0,0.0,0.5,2.0,1.0
10,12,2025-11-03,1,45,11,1.0,0.0,1.0,0.75,1.3333333333333333,0.0
10,12,2025-11-10,0,46,11,1.0,1.0,1.0,0.75,0.0,1.0
10,12,2025-11-17,1,47,11,0.0,1.0,0.0,0.5,2.0,0.0
10,12,2025-11-24,0,48,11,1.0,0.0,1.0,0.75,0.0,1.0
10,12,2025-12-01,1,49,12,0.0,1.0,1.0,0.5,2.0,0.0
10,12,2025-12-08,0,50,12,1.0,0.0,0.0,0.5,0.0,1.0
10,12,2025-12-15,1,51,12,0.0,1.0,1.0,0.5,2.0,0.0
10,12,2025-12-22,0,52,12,1.0,0.0,0.0,0.5,0.0,0.0
10,12,2025-12-29,0,1,12,0.0,1.0,1.0,0.5,0.0,0.0
10,12,2026-01-05,0,2,1,0.0,0.0,0.0,0.25,0.0,0.0
10,12,2026-01-12,0,3,1,0.0,0.0,1.0,0.25,0.0,0.0
10,12,2026-01-19,0,4,1,0.0,0.0,0.0,0.0,1.0,0.0
10,12,2026-01-26,0,5,1,0.0,0.0,0.0,0.0,1.0,0.0
10,12,2026-02-02,0,6,2,0.0,0.0,0.0,0.0,1.0,0.0
10,12,2026-02-09,0,7,2,0.0,0.0,0.0,0.0,1.0,0.0
10,12,2026-02-16,0,8,2,0.0,0.0,0.0,0.0,1.0,1.0
10,12,2026-02-23,1,9,2,0.0,0.0,0.0,0.0,1.0,1.0
10,12,2026-03-02,1,10,3,1.0,0.0,0.0,0.25,4.0,1.0
10,12,2026-03-09,1,11,3,1.0,1.0,0.0,0.5,2.0,0.0
10,12,2026-03-16,0,12,3,1.0,1.0,0.0,0.75,0.0,1.0
10,12,2026-03-23,1,13,3,0.0,1.0,1.0,0.75,1.3333333333333333,0.0
10,12,2026-03-30,0,14,3,1.0,0.0,1.0,0.75,0.0,0.0
10,12,2026-04-06,0,15,4,0.0,1.0,1.0,0.5,0.0,0.0
10,12,2026-04-13,0,16,4,0.0,0.0,0.0,0.25,0.0,1.0
10,12,2026-04-20,1,17,4,0.0,0.0,1.0,0.25,4.0,0.0
10,12,2026-04-27,0,18,4,1.0,0.0,0.0,0.25,0.0,0.0
10,12,2026-05-04,0,19,5,0.0,1.0,0.0,0.25,0.0,0.0
10,12,2026-05-11,0,20,5,0.0,0.0,0.0,0.25,0.0,0.0
10,12,2026-05-18,0,21,5,0.0,0.0,1.0,0.25,0.0,1.0
10,12,2026-05-25,1,22,5,0.0,0.0,0.0,0.0,1.0,1.0
10,12,2026-06-01,1,23,6,1.0,0.0,0.0,0.25,4.0,0.0
10,12,2026-06-08,0,24,6,1.0,1.0,0.0,0.5,0.0,0.0
10,12,2026-06-15,0,25,6,0.0,1.0,0.0,0.5,0.0,0.0
10,12,2026-06-22,0,26,6,0.0,0.0,1.0,0.5,0.0,1.0
10,13,2024-01-29,0,5,1,0.0,1.0,0.0,0.75,0.0,0.0
10,13,2024-02-05,0,6,2,0.0,0.0,2.0,0.75,0.0,0.0
10,13,2024-02-12,0,7,2,0.0,0.0,1.0,0.25,0.0,0.0
10,13,2024-02-19,0,8,2,0.0,0.0,0.0,0.0,1.0,0.0
10,13,2024-02-26,0,9,2,0.0,0.0,0.0,0.0,1.0,1.0
10,13,2024-03-04,1,10,3,0.0,0.0,0.0,0.0,1.0,1.0
10,13,2024-03-11,1,11,3,1.0,0.0,0.0,0.25,4.0,1.0
10,13,2024-03-18,1,12,3,1.0,1.0,0.0,0.5,2.0,0.0
10,13,2024-03-25,0,13,3,1.0,1.0,0.0,0.75,0.0,1.0
10,13,2024-04-01,1,14,4,0.0,1.0,1.0,0.75,1.3333333333333333,0.0
10,13,2024-04-08,0,15,4,1.0,0.0,1.0,0.75,0.0,0.0
10,13,2024-04-15,0,16,4,0.0,1.0,1.0,0.5,0.0,0.0
10,13,2024-04-22,0,17,4,0.0,0.0,0.0,0.25,0.0,0.0
10,13,2024-04-29,0,18,4,0.0,0.0,1.0,0.25,0.0,1.0
10,13,2024-05-06,1,19,5,0.0,0.0,0.0,0.0,1.0,0.0
10,13,2024-05-13,0,20,5,1.0,0.0,0.0,0.25,0.0,0.0
10,13,2024-05-20,0,21,5,0.0,1.0,0.0,0.25,0.0,0.0
10,13,2024-05-27,0,22,5,0.0,0.0,0.0,0.25,0.0,0.0
10,13,2024-06-03,0,23,6,0.0,0.0,1.0,0.25,0.0,0.0
10,13,2024-06-10,0,24,6,0.0,0.0,0.0,0.0,1.0,1.0
10,13,2024-06-17,1,25,6,0.0,0.0,0.0,0.0,1.0,0.0
10,13,2024-06-24,0,26,6,1.0,0.0,0.0,0.25,0.0,1.0
10,13,2024-07-01,1,27,7,0.0,1.0,0.0,0.25,4.0,1.0
10,13,2024-07-08,1,28,7,1.0,0.0,0.0,0.5,2.0,0.0
10,13,2024-07-15,0,29,7,1.0,1.0,1.0,0.75,0.0,0.0
10,13,2024-07-22,0,30,7,0.0,1.0,0.0,0.5,0.0,2.0
10,13,2024-07-29,2,31,7,0.0,0.0,1.0,0.5,4.0,2.0
10,13,2024-08-05,2,32,8,2.0,0.0,1.0,0.75,2.6666666666666665,0.0
10,13,2024-08-12,0,33,8,2.0,2.0,0.0,1.0,0.0,1.0
10,13,2024-08-19,1,34,8,0.0,2.0,0.0,1.0,1.0,0.0
10,13,2024-08-26,0,35,8,1.0,0.0,2.0,1.25,0.0,1.0
10,13,2024-09-02,1,36,9,0.0,1.0,2.0,0.75,1.3333333333333333,0.0
10,13,2024-09-09,0,37,9,1.0,0.0,0.0,0.5,0.0,0.0
10,13,2024-09-16,0,38,9,0.0,1.0,1.0,0.5,0.0,0.0
10,13,2024-09-23,0,39,9,0.0,0.0,0.0,0.25,0.0,0.0
10,13,2024-09-30,0,40,9,0.0,0.0,1.0,0.25,0.0,1.0
10,13,2024-10-07,1,41,10,0.0,0.0,0.0,0.0,1.0,1.0
10,13,2024-10-14,1,42,10,1.0,0.0,0.0,0.25,4.0,0.0
10,13,2024-10-21,0,43,10,1.0,1.0,0.0,0.5,0.0,0.0
10,13,2024-10-28,0,44,10,0.0,1.0,0.0,0.5,0.0,0.0
10,13,2024-11-04,0,45,11,0.0,0.0,1.0,0.5,0.0,2.0
10,13,2024-11-11,2,46,11,0.0,0.0,1.0,0.25,8.0,0.0
10,13,2024-11-18,0,47,11,2.0,0.0,0.0,0.5,0.0,0.0
10,13,2024-11-25,0,48,11,0.0,2.0,0.0,0.5,0.0,1.0
10,13,2024-12-02,1,49,12,0.0,0.0,0.0,0.5,2.0,0.0
10,13,2024-12-09,0,50,12,1.0,0.0,2.0,0.75,0.0,0.0
10,13,2024-12-16,0,51,12,0.0,1.0,0.0,0.25,0.0,0.0
10,13,2024-12-23,0,52,12,0.0,0.0,0.0,0.25,0.0,0.0
10,13,2024-12-30,0,1,12,0.0,0.0,1.0,0.25,0.0,0.0
10,13,2025-01-06,0,2,1,0.0,0.0,0.0,0.0,1.0,0.0
10,13,2025-01-13,0,3,1,0.0,0.0,0.0,0.0,1.0,0.0
10,13,2025-01-20,0,4,1,0.0,0.0,0.0,0.0,1.0,0.0
10,13,2025-01-27,0,5,1,0.0,0.0,0.0,0.0,1.0,0.0
10,13,2025-02-03,0,6,2,0.0,0.0,0.0,0.0,1.0,0.0
10,13,2025-02-10,0,7,2,0.0,0.0,0.0,0.0,1.0,0.0
10,13,2025-02-17,0,8,2,0.0,0.0,0.0,0.0,1.0,0.0
10,13,2025-02-24,0,9,2,0.0,0.0,0.0,0.0,1.0,1.0
10,13,2025-03-03,1,10,3,0.0,0.0,0.0,0.0,1.0,0.0
10,13,2025-03-10,0,11,3,1.0,0.0,0.0,0.25,0.0,0.0
10,13,2025-03-17,0,12,3,0.0,1.0,0.0,0.25,0.0,0.0
10,13,2025-03-24,0,13,3,0.0,0.0,0.0,0.25,0.0,1.0
10,13,2025-03-31,1,14,3,0.0,0.0,1.0,0.25,4.0,0.0
10,13,2025-04-07,0,15,4,1.0,0.0,0.0,0.25,0.0,0.0
10,13,2025-04-14,0,16,4,0.0,1.0,0.0,0.25,0.0,1.0
10,13,2025-04-21,1,17,4,0.0,0.0,0.0,0.25,4.0,0.0
10,13,2025-04-28,0,18,4,1.0,0.0,1.0,0.5,0.0,1.0
10,13,2025-05-05,1,19,5,0.0,1.0,0.0,0.25,4.0,0.0
10,13,2025-05-12,0,20,5,1.0,0.0,0.0,0.5,0.0,0.0
10,13,2025-05-19,0,21,5,0.0,1.0,1.0,0.5,0.0,1.0
10,13,2025-05-26,1,22,5,0.0,0.0,0.0,0.25,4.0,1.0
10,13,2025-06-02,1,23,6,1.0,0.0,1.0,0.5,2.0,2.0
10,13,2025-06-09,2,24,6,1.0,1.0,0.0,0.5,4.0,1.0
10,13,2025-06-16,1,25,6,2.0,1.0,0.0,1.0,1.0,2.0
10,13,2025-06-23,2,26,6,1.0,2.0,1.0,1.25,1.6,1.0
10,13,2025-06-30,1,27,6,2.0,1.0,1.0,1.5,0.6666666666666666,0.0
10,13,2025-07-07,0,28,7,1.0,2.0,2.0,1.5,0.0,3.0
10,13,2025-07-14,3,29,7,0.0,1.0,1.0,1.0,3.0,0.0
10,13,2025-07-21,0,30,7,3.0,0.0,2.0,1.5,0.0,0.0
10,13,2025-07-28,0,31,7,0.0,3.0,1.0,1.0,0.0,1.0
10,13,2025-08-04,1,32,8,0.0,0.0,0.0,0.75,1.3333333333333333,1.0
10,13,2025-08-11,1,33,8,1.0,0.0,3.0,1.0,1.0,1.0
10,13,2025-08-18,1,34,8,1.0,1.0,0.0,0.5,2.0,1.0
10,13,2025-08-25,1,35,8,1.0,1.0,0.0,0.75,1.3333333333333333,1.0
10,13,2025-09-01,1,36,9,1.0,1.0,1.0,1.0,1.0,1.0
10,13,2025-09-08,1,37,9,1.0,1.0,1.0,1.0,1.0,0.0
10,13,2025-09-15,0,38,9,1.0,1.0,1.0,1.0,0.0,0.0
10,13,2025-09-22,0,39,9,0.0,1.0,1.0,0.75,0.0,0.0
10,13,2025-09-29,0,40,9,0.0,0.0,1.0,0.5,0.0,1.0
10,13,2025-10-06,1,41,10,0.0,0.0,1.0,0.25,4.0,0.0
10,13,2025-10-13,0,42,10,1.0,0.0,0.0,0.25,0.0,1.0
10,13,2025-10-20,1,43,10,0.0,1.0,0.0,0.25,4.0,0.0
10,13,2025-10-27,0,44,10,1.0,0.0,0.0,0.5,0.0,0.0
10,13,2025-11-03,0,45,11,0.0,1.0,1.0,0.5,0.0,0.0
10,13,2025-11-10,0,46,11,0.0,0.0,0.0,0.25,0.0,0.0
10,13,2025-11-17,0,47,11,0.0,0.0,1.0,0.25,0.0,0.0
10,13,2025-11-24,0,48,11,0.0,0.0,0.0,0.0,1.0,1.0
10,13,2025-12-01,1,49,12,0.0,0.0,0.0,0.0,1.0,0.0
10,13,2025-12-08,0,50,12,1.0,0.0,0.0,0.25,0.0,0.0
10,13,2025-12-15,0,51,12,0.0,1.0,0.0,0.25,0.0,0.0
10,13,2025-12-22,0,52,12,0.0,0.0,0.0,0.25,0.0,0.0
10,13,2025-12-29,0,1,12,0.0,0.0,1.0,0.25,0.0,0.0
10,13,2026-01-05,0,2,1,0.0,0.0,0.0,0.0,1.0,0.0
10,13,2026-01-12,0,3,1,0.0,0.0,0.0,0.0,1.0,1.0
10,13,2026-01-19,1,4,1,0.0,0.0,0.0,0.0,1.0,0.0
10,13,2026-01-26,0,5,1,1.0,0.0,0.0,0.25,0.0,1.0
10,13,2026-02-02,1,6,2,0.0,1.0,0.0,0.25,4.0,0.0
10,13,2026-02-09,0,7,2,1.0,0.0,0.0,0.5,0.0,0.0
10,13,2026-02-16,0,8,2,0.0,1.0,1.0,0.5,0.0,0.0
10,13,2026-02-23,0,9,2,0.0,0.0,0.0,0.25,0.0,0.0
10,13,2026-03-02,0,10,3,0.0,0.0,1.0,0.25,0.0,0.0
10,13,2026-03-09,0,11,3,0.0,0.0,0.0,0.0,1.0,0.0
10,13,2026-03-16,0,12,3,0.0,0.0,0.0,0.0,1.0,0.0
10,13,2026-03-23,0,13,3,0.0,0.0,0.0,0.0,1.0,0.0
10,13,2026-03-30,0,14,3,0.0,0.0,0.0,0.0,1.0,1.0
10,13,2026-04-06,1,15,4,0.0,0.0,0.0,0.0,1.0,1.0
10,13,2026-04-13,1,16,4,1.0,0.0,0.0,0.25,4.0,0.0
10,13,2026-04-20,0,17,4,1.0,1.0,0.0,0.5,0.0,0.0
10,13,2026-04-27,0,18,4,0.0,1.0,0.0,0.5,0.0,0.0
10,13,2026-05-04,0,19,5,0.0,0.0,1.0,0.5,0.0,0.0
10,13,2026-05-11,0,20,5,0.0,0.0,1.0,0.25,0.0,0.0
10,13,2026-05-18,0,21,5,0.0,0.0,0.0,0.0,1.0,2.0
10,13,2026-05-25,2,22,5,0.0,0.0,0.0,0.0,1.0,0.0
10,13,2026-06-01,0,23,6,2.0,0.0,0.0,0.5,0.0,0.0
10,13,2026-06-08,0,24,6,0.0,2.0,0.0,0.5,0.0,2.0
10,13,2026-06-15,2,25,6,0.0,0.0,0.0,0.5,4.0,0.0
10,13,2026-06-22,0,26,6,2.0,0.0,2.0,1.0,0.0,0.0
10,14,2024-01-29,0,5,1,0.0,0.0,0.0,0.0,1.0,0.0
10,14,2024-02-05,0,6,2,0.0,0.0,0.0,0.0,1.0,1.0
10,14,2024-02-12,1,7,2,0.0,0.0,0.0,0.0,1.0,0.0
10,14,2024-02-19,0,8,2,1.0,0.0,0.0,0.25,0.0,0.0
10,14,2024-02-26,0,9,2,0.0,1.0,0.0,0.25,0.0,0.0
10,14,2024-03-04,0,10,3,0.0,0.0,0.0,0.25,0.0,0.0
10,14,2024-03-11,0,11,3,0.0,0.0,1.0,0.25,0.0,0.0
10,14,2024-03-18,0,12,3,0.0,0.0,0.0,0.0,1.0,0.0
10,14,2024-03-25,0,13,3,0.0,0.0,0.0,0.0,1.0,0.0
10,14,2024-04-01,0,14,4,0.0,0.0,0.0,0.0,1.0,1.0
10,14,2024-04-08,1,15,4,0.0,0.0,0.0,0.0,1.0,0.0
10,14,2024-04-15,0,16,4,1.0,0.0,0.0,0.25,0.0,0.0
10,14,2024-04-22,0,17,4,0.0,1.0,0.0,0.25,0.0,1.0
10,14,2024-04-29,1,18,4,0.0,0.0,0.0,0.25,4.0,0.0
10,14,2024-05-06,0,19,5,1.0,0.0,1.0,0.5,0.0,0.0
10,14,2024-05-13,0,20,5,0.0,1.0,0.0,0.25,0.0,0.0
10,14,2024-05-20,0,21,5,0.0,0.0,0.0,0.25,0.0,0.0
10,14,2024-05-27,0,22,5,0.0,0.0,1.0,0.25,0.0,0.0
10,14,2024-06-03,0,23,6,0.0,0.0,0.0,0.0,1.0,0.0
10,14,2024-06-10,0,24,6,0.0,0.0,0.0,0.0,1.0,0.0
10,14,2024-06-17,0,25,6,0.0,0.0,0.0,0.0,1.0,0.0
10,14,2024-06-24,0,26,6,0.0,0.0,0.0,0.0,1.0,0.0
10,14,2024-07-01,0,27,7,0.0,0.0,0.0,0.0,1.0,0.0
10,14,2024-07-08,0,28,7,0.0,0.0,0.0,0.0,1.0,0.0
10,14,2024-07-15,0,29,7,0.0,0.0,0.0,0.0,1.0,1.0
10,14,2024-07-22,1,30,7,0.0,0.0,0.0,0.0,1.0,0.0
10,14,2024-07-29,0,31,7,1.0,0.0,0.0,0.25,0.0,0.0
10,14,2024-08-05,0,32,8,0.0,1.0,0.0,0.25,0.0,1.0
10,14,2024-08-12,1,33,8,0.0,0.0,0.0,0.25,4.0,0.0
10,14,2024-08-19,0,34,8,1.0,0.0,1.0,0.5,0.0,1.0
10,14,2024-08-26,1,35,8,0.0,1.0,0.0,0.25,4.0,0.0
10,14,2024-09-02,0,36,9,1.0,0.0,0.0,0.5,0.0,0.0
10,14,2024-09-09,0,37,9,0.0,1.0,1.0,0.5,0.0,0.0
10,14,2024-09-16,0,38,9,0.0,0.0,0.0,0.25,0.0,0.0
10,14,2024-09-23,0,39,9,0.0,0.0,1.0,0.25,0.0,2.0
10,14,2024-09-30,2,40,9,0.0,0.0,0.0,0.0,1.0,0.0
10,14,2024-10-07,0,41,10,2.0,0.0,0.0,0.5,0.0,0.0
10,14,2024-10-14,0,42,10,0.0,2.0,0.0,0.5,0.0,0.0
10,14,2024-10-21,0,43,10,0.0,0.0,0.0,0.5,0.0,2.0
10,14,2024-10-28,2,44,10,0.0,0.0,2.0,0.5,4.0,1.0
10,14,2024-11-04,1,45,11,2.0,0.0,0.0,0.5,2.0,0.0
10,14,2024-11-11,0,46,11,1.0,2.0,0.0,0.75,0.0,0.0
10,14,2024-11-18,0,47,11,0.0,1.0,0.0,0.75,0.0,0.0
10,14,2024-11-25,0,48,11,0.0,0.0,2.0,0.75,0.0,0.0
10,14,2024-12-02,0,49,12,0.0,0.0,1.0,0.25,0.0,0.0
10,14,2024-12-09,0,50,12,0.0,0.0,0.0,0.0,1.0,0.0
10,14,2024-12-16,0,51,12,0.0,0.0,0.0,0.0,1.0,1.0
10,14,2024-12-23,1,52,12,0.0,0.0,0.0,0.0,1.0,0.0
10,14,2024-12-30,0,1,12,1.0,0.0,0.0,0.25,0.0,0.0
10,14,2025-01-06,0,2,1,0.0,1.0,0.0,0.25,0.0,2.0
10,14,2025-01-13,2,3,1,0.0,0.0,0.0,0.25,8.0,0.0
10,14,2025-01-20,0,4,1,2.0,0.0,1.0,0.75,0.0,1.0
10,14,2025-01-27,1,5,1,0.0,2.0,0.0,0.5,2.0,0.0
10,14,2025-02-03,0,6,2,1.0,0.0,0.0,0.75,0.0,0.0
10,14,2025-02-10,0,7,2,0.0,1.0,2.0,0.75,0.0,1.0
10,14,2025-02-17,1,8,2,0.0,0.0,0.0,0.25,4.0,1.0
10,14,2025-02-24,1,9,2,1.0,0.0,1.0,0.5,2.0,0.0
10,14,2025-03-03,0,10,3,1.0,1.0,0.0,0.5,0.0,0.0
10,14,2025-03-10,0,11,3,0.0,1.0,0.0,0.5,0.0,0.0
10,14,2025-03-17,0,12,3,0.0,0.0,1.0,0.5,0.0,0.0
10,14,2025-03-24,0,13,3,0.0,0.0,1.0,0.25,0.0,1.0
10,14,2025-03-31,1,14,3,0.0,0.0,0.0,0.0,1.0,0.0
10,14,2025-04-07,0,15,4,1.0,0.0,0.0,0.25,0.0,0.0
10,14,2025-04-14,0,16,4,0.0,1.0,0.0,0.25,0.0,0.0
10,14,2025-04-21,0,17,4,0.0,0.0,0.0,0.25,0.0,0.0
10,14,2025-04-28,0,18,4,0.0,0.0,1.0,0.25,0.0,0.0
10,14,2025-05-05,0,19,5,0.0,0.0,0.0,0.0,1.0,1.0
10,14,2025-05-12,1,20,5,0.0,0.0,0.0,0.0,1.0,0.0
10,14,2025-05-19,0,21,5,1.0,0.0,0.0,0.25,0.0,0.0
10,14,2025-05-26,0,22,5,0.0,1.0,0.0,0.25,0.0,0.0
10,14,2025-06-02,0,23,6,0.0,0.0,0.0,0.25,0.0,1.0
10,14,2025-06-09,1,24,6,0.0,0.0,1.0,0.25,4.0,0.0
10,14,2025-06-16,0,25,6,1.0,0.0,0.0,0.25,0.0,0.0
10,14,2025-06-23,0,26,6,0.0,1.0,0.0,0.25,0.0,1.0
10,14,2025-06-30,1,27,6,0.0,0.0,0.0,0.25,4.0,3.0
10,14,2025-07-07,3,28,7,1.0,0.0,1.0,0.5,6.0,0.0
10,14,2025-07-14,0,29,7,3.0,1.0,0.0,1.0,0.0,1.0
10,14,2025-07-21,1,30,7,0.0,3.0,0.0,1.0,1.0,0.0
10,14,2025-07-28,0,31,7,1.0,0.0,1.0,1.25,0.0,0.0
10,14,2025-08-04,0,32,8,0.0,1.0,3.0,1.0,0.0,0.0
10,14,2025-08-11,0,33,8,0.0,0.0,0.0,0.25,0.0,1.0
10,14,2025-08-18,1,34,8,0.0,0.0,1.0,0.25,4.0,0.0
10,14,2025-08-25,0,35,8,1.0,0.0,0.0,0.25,0.0,0.0
10,14,2025-09-01,0,36,9,0.0,1.0,0.0,0.25,0.0,0.0
10,14,2025-09-08,0,37,9,0.0,0.0,0.0,0.25,0.0,0.0
10,14,2025-09-15,0,38,9,0.0,0.0,1.0,0.25,0.0,0.0
10,14,2025-09-22,0,39,9,0.0,0.0,0.0,0.0,1.0,0.0
10,14,2025-09-29,0,40,9,0.0,0.0,0.0,0.0,1.0,0.0
10,14,2025-10-06,0,41,10,0.0,0.0,0.0,0.0,1.0,0.0
10,14,2025-10-13,0,42,10,0.0,0.0,0.0,0.0,1.0,1.0
10,14,2025-10-20,1,43,10,0.0,0.0,0.0,0.0,1.0,0.0
10,14,2025-10-27,0,44,10,1.0,0.0,0.0,0.25,0.0,0.0
10,14,2025-11-03,0,45,11,0.0,1.0,0.0,0.25,0.0,0.0
10,14,2025-11-10,0,46,11,0.0,0.0,0.0,0.25,0.0,0.0
10,14,2025-11-17,0,47,11,0.0,0.0,1.0,0.25,0.0,0.0
10,14,2025-11-24,0,48,11,0.0,0.0,0.0,0.0,1.0,2.0
10,14,2025-12-01,2,49,12,0.0,0.0,0.0,0.0,1.0,0.0
10,14,2025-12-08,0,50,12,2.0,0.0,0.0,0.5,0.0,1.0
10,14,2025-12-15,1,51,12,0.0,2.0,0.0,0.5,2.0,3.0
10,14,2025-12-22,3,52,12,1.0,0.0,0.0,0.75,4.0,0.0
10,14,2025-12-29,0,1,12,3.0,1.0,2.0,1.5,0.0,0.0
10,14,2026-01-05,0,2,1,0.0,3.0,0.0,1.0,0.0,0.0
10,14,2026-01-12,0,3,1,0.0,0.0,1.0,1.0,0.0,0.0
10,14,2026-01-19,0,4,1,0.0,0.0,3.0,0.75,0.0,0.0
10,14,2026-01-26,0,5,1,0.0,0.0,0.0,0.0,1.0,1.0
10,14,2026-02-02,1,6,2,0.0,0.0,0.0,0.0,1.0,0.0
10,14,2026-02-09,0,7,2,1.0,0.0,0.0,0.25,0.0,0.0
10,14,2026-02-16,0,8,2,0.0,1.0,0.0,0.25,0.0,0.0
10,14,2026-02-23,0,9,2,0.0,0.0,0.0,0.25,0.0,0.0
10,14,2026-03-02,0,10,3,0.0,0.0,1.0,0.25,0.0,0.0
10,14,2026-03-09,0,11,3,0.0,0.0,0.0,0.0,1.0,1.0
10,14,2026-03-16,1,12,3,0.0,0.0,0.0,0.0,1.0,0.0
10,14,2026-03-23,0,13,3,1.0,0.0,0.0,0.25,0.0,0.0
10,14,2026-03-30,0,14,3,0.0,1.0,0.0,0.25,0.0,1.0
10,14,2026-04-06,1,15,4,0.0,0.0,0.0,0.25,4.0,0.0
10,14,2026-04-13,0,16,4,1.0,0.0,1.0,0.5,0.0,0.0
10,14,2026-04-20,0,17,4,0.0,1.0,0.0,0.25,0.0,0.0
10,14,2026-04-27,0,18,4,0.0,0.0,0.0,0.25,0.0,1.0
10,14,2026-05-04,1,19,5,0.0,0.0,1.0,0.25,4.0,0.0
10,14,2026-05-11,0,20,5,1.0,0.0,0.0,0.25,0.0,0.0
10,14,2026-05-18,0,21,5,0.0,1.0,0.0,0.25,0.0,0.0
10,14,2026-05-25,0,22,5,0.0,0.0,0.0,0.25,0.0,1.0
10,14,2026-06-01,1,23,6,0.0,0.0,1.0,0.25,4.0,0.0
10,14,2026-06-08,0,24,6,1.0,0.0,0.0,0.25,0.0,1.0
10,14,2026-06-15,1,25,6,0.0,1.0,0.0,0.25,4.0,0.0
10,14,2026-06-22,0,26,6,1.0,0.0,0.0,0.5,0.0,0.0
